SAT_A,TYPE_A,SAT_B,TYPE_B,MISS_DIST_KM,Pc,RISK,TCA_UTC,TCA_STEP
31698.0,PAYLOAD,36605.0,PAYLOAD,0.1965,0.99145714,CRITICAL,2026-03-06T20:14:40Z,78
63986.0,UNKNOWN,66699.0,PAYLOAD,0.2684,0.98412218,CRITICAL,2026-03-06T18:56:40Z,0
48685.0,PAYLOAD,60032.0,PAYLOAD,0.4196,0.96163278,CRITICAL,2026-03-07T14:53:40Z,1197
63934.0,PAYLOAD,63951.0,PAYLOAD,0.4245,0.96073877,CRITICAL,2026-03-07T03:57:40Z,541
62898.0,PAYLOAD,67167.0,PAYLOAD,0.5017,0.94559883,CRITICAL,2026-03-07T17:32:40Z,1356
57715.0,PAYLOAD,59171.0,PAYLOAD,0.5299,0.93949723,CRITICAL,2026-03-07T01:35:40Z,399
59663.0,PAYLOAD,66595.0,PAYLOAD,0.5654,0.93142182,CRITICAL,2026-03-07T07:48:40Z,772
59333.0,PAYLOAD,66331.0,PAYLOAD,0.5662,0.93123677,CRITICAL,2026-03-07T09:20:40Z,864
2232.0,DEBRIS,45995.0,DEBRIS,0.5692,0.93054018,CRITICAL,2026-03-06T22:46:40Z,230
8827.0,DEBRIS,33676.0,DEBRIS,0.6689,0.90535433,CRITICAL,2026-03-07T16:03:40Z,1267
56813.0,PAYLOAD,56818.0,PAYLOAD,0.6852,0.90092824,CRITICAL,2026-03-07T11:06:40Z,970
3118.0,PAYLOAD,67862.0,PAYLOAD,0.6857,0.90077799,CRITICAL,2026-03-07T08:33:40Z,817
58968.0,PAYLOAD,65471.0,PAYLOAD,0.749,0.88278299,CRITICAL,2026-03-07T12:32:40Z,1056
30977.0,DEBRIS,41063.0,DEBRIS,0.7526,0.88172063,CRITICAL,2026-03-07T07:20:40Z,744
5004.0,ROCKET BODY,9659.0,ROCKET BODY,0.7822,0.87288618,CRITICAL,2026-03-07T00:40:40Z,344
59241.0,PAYLOAD,63282.0,PAYLOAD,0.8029,0.86654079,CRITICAL,2026-03-06T22:39:40Z,223
59683.0,PAYLOAD,66512.0,PAYLOAD,0.8161,0.86241205,CRITICAL,2026-03-07T06:16:40Z,680
63953.0,PAYLOAD,66430.0,PAYLOAD,0.8317,0.85752814,CRITICAL,2026-03-07T05:56:40Z,660
64037.0,PAYLOAD,64047.0,PAYLOAD,0.8593,0.84866963,CRITICAL,2026-03-07T09:23:40Z,867
33892.0,DEBRIS,47032.0,DEBRIS,0.8879,0.83927925,CRITICAL,2026-03-07T03:00:40Z,484
59632.0,PAYLOAD,63022.0,PAYLOAD,0.9167,0.82965339,CRITICAL,2026-03-07T05:21:40Z,625
58570.0,UNKNOWN,60521.0,UNKNOWN,0.9231,0.82748325,CRITICAL,2026-03-07T07:38:40Z,762
1380.0,DEBRIS,6497.0,DEBRIS,0.9302,0.82506562,CRITICAL,2026-03-07T04:45:40Z,589
17153.0,DEBRIS,31389.0,DEBRIS,0.9419,0.82107272,CRITICAL,2026-03-07T07:12:40Z,736
59667.0,PAYLOAD,63790.0,PAYLOAD,0.9677,0.81213524,CRITICAL,2026-03-07T09:45:40Z,889
56459.0,PAYLOAD,56466.0,PAYLOAD,0.9703,0.8112035,CRITICAL,2026-03-07T17:06:40Z,1330
66751.0,PAYLOAD,66778.0,PAYLOAD,0.9791,0.80812109,CRITICAL,2026-03-07T15:28:40Z,1232
59255.0,PAYLOAD,66171.0,PAYLOAD,1.0227,0.79261306,HIGH,2026-03-07T06:03:40Z,667
58551.0,PAYLOAD,61954.0,PAYLOAD,1.0437,0.78500638,HIGH,2026-03-06T20:49:40Z,113
51879.0,PAYLOAD,54766.0,PAYLOAD,1.0571,0.78011109,HIGH,2026-03-06T19:39:40Z,43
59940.0,PAYLOAD,64248.0,PAYLOAD,1.0642,0.77748868,HIGH,2026-03-07T17:05:40Z,1329
23986.0,DEBRIS,58165.0,PAYLOAD,1.0906,0.76775093,HIGH,2026-03-07T02:53:40Z,477
60740.0,PAYLOAD,65476.0,PAYLOAD,1.0914,0.76742746,HIGH,2026-03-07T16:18:40Z,1282
61627.0,PAYLOAD,67473.0,PAYLOAD,1.1327,0.75192124,HIGH,2026-03-07T03:16:40Z,500
62114.0,PAYLOAD,64386.0,PAYLOAD,1.1382,0.74983654,HIGH,2026-03-07T15:50:40Z,1254
29100.0,DEBRIS,34481.0,DEBRIS,1.1493,0.74561578,HIGH,2026-03-07T08:23:40Z,807
67171.0,PAYLOAD,67324.0,PAYLOAD,1.2171,0.7195105,HIGH,2026-03-07T14:20:40Z,1164
58869.0,PAYLOAD,63471.0,PAYLOAD,1.2189,0.7188049,HIGH,2026-03-07T13:06:40Z,1090
54685.0,UNKNOWN,63117.0,PAYLOAD,1.2253,0.71631738,HIGH,2026-03-07T16:33:40Z,1297
58167.0,PAYLOAD,64777.0,PAYLOAD,1.2368,0.71182197,HIGH,2026-03-07T18:56:40Z,1440
59393.0,PAYLOAD,65734.0,PAYLOAD,1.2501,0.70659195,HIGH,2026-03-07T13:43:40Z,1127
12792.0,ROCKET BODY,39659.0,DEBRIS,1.2524,0.70571498,HIGH,2026-03-07T09:07:40Z,851
47399.0,PAYLOAD,64108.0,PAYLOAD,1.2534,0.70529682,HIGH,2026-03-07T14:52:40Z,1196
59613.0,PAYLOAD,66601.0,PAYLOAD,1.3105,0.68272563,HIGH,2026-03-07T15:01:40Z,1205
67092.0,PAYLOAD,67097.0,PAYLOAD,1.3247,0.677088,HIGH,2026-03-07T05:03:40Z,607
59167.0,PAYLOAD,62424.0,PAYLOAD,1.335,0.67296857,HIGH,2026-03-07T03:07:40Z,491
61961.0,PAYLOAD,62141.0,PAYLOAD,1.3401,0.67094378,HIGH,2026-03-07T18:53:40Z,1437
55196.0,DEBRIS,55207.0,DEBRIS,1.3525,0.66597472,HIGH,2026-03-06T23:52:40Z,296
59605.0,PAYLOAD,63795.0,PAYLOAD,1.3658,0.66064617,HIGH,2026-03-06T21:58:40Z,182
57935.0,PAYLOAD,66889.0,PAYLOAD,1.3785,0.65553904,HIGH,2026-03-07T06:43:40Z,707
36864.0,DEBRIS,48719.0,DEBRIS,1.3822,0.65407892,HIGH,2026-03-07T16:15:40Z,1279
39639.0,DEBRIS,39676.0,DEBRIS,1.3961,0.64845794,HIGH,2026-03-07T16:08:40Z,1272
66130.0,PAYLOAD,66149.0,PAYLOAD,1.3965,0.64831689,HIGH,2026-03-07T05:13:40Z,617
60147.0,PAYLOAD,62806.0,PAYLOAD,1.4142,0.64118237,HIGH,2026-03-07T13:51:40Z,1135
58894.0,PAYLOAD,65699.0,PAYLOAD,1.4308,0.63448247,HIGH,2026-03-07T10:45:40Z,949
62215.0,PAYLOAD,67183.0,PAYLOAD,1.4513,0.62620885,HIGH,2026-03-07T10:00:40Z,904
46059.0,PAYLOAD,64667.0,PAYLOAD,1.4571,0.6238732,HIGH,2026-03-07T07:30:40Z,754
57533.0,PAYLOAD,57644.0,PAYLOAD,1.4631,0.62143443,HIGH,2026-03-07T05:04:40Z,608
58135.0,PAYLOAD,58194.0,PAYLOAD,1.4644,0.62090772,HIGH,2026-03-07T03:35:40Z,519
55593.0,PAYLOAD,57714.0,PAYLOAD,1.4684,0.61929615,HIGH,2026-03-07T11:06:40Z,970
48365.0,PAYLOAD,48684.0,PAYLOAD,1.4791,0.61498684,HIGH,2026-03-07T11:11:40Z,975
62686.0,PAYLOAD,66714.0,PAYLOAD,1.4946,0.60872428,HIGH,2026-03-06T19:55:40Z,59
59565.0,PAYLOAD,63202.0,PAYLOAD,1.4973,0.60763639,HIGH,2026-03-07T09:54:40Z,898
65565.0,PAYLOAD,65573.0,PAYLOAD,1.5118,0.60176315,HIGH,2026-03-07T15:18:40Z,1222
36688.0,DEBRIS,270209.0,UNKNOWN,1.5201,0.59842113,HIGH,2026-03-07T11:41:40Z,1005
28990.0,DEBRIS,30107.0,DEBRIS,1.5266,0.59576803,HIGH,2026-03-07T01:25:40Z,389
20912.0,DEBRIS,40137.0,PAYLOAD,1.5307,0.59412315,HIGH,2026-03-07T07:52:40Z,776
59203.0,PAYLOAD,66197.0,PAYLOAD,1.5334,0.5930098,HIGH,2026-03-07T04:32:40Z,576
65760.0,PAYLOAD,66172.0,PAYLOAD,1.5473,0.58742779,HIGH,2026-03-07T08:27:40Z,811
52150.0,PAYLOAD,64851.0,PAYLOAD,1.5751,0.57616996,HIGH,2026-03-07T12:07:40Z,1031
65038.0,PAYLOAD,66255.0,PAYLOAD,1.5791,0.57459068,HIGH,2026-03-07T12:20:40Z,1044
345.0,PAYLOAD,8869.0,DEBRIS,1.6051,0.56411908,HIGH,2026-03-07T06:33:40Z,697
4879.0,DEBRIS,10739.0,DEBRIS,1.6155,0.55993751,HIGH,2026-03-07T03:02:40Z,486
66541.0,PAYLOAD,66603.0,PAYLOAD,1.624,0.55649509,HIGH,2026-03-06T20:23:40Z,87
59342.0,PAYLOAD,64077.0,PAYLOAD,1.6361,0.55166495,HIGH,2026-03-07T12:34:40Z,1058
59748.0,PAYLOAD,62843.0,PAYLOAD,1.6437,0.54860741,HIGH,2026-03-07T13:37:40Z,1121
30640.0,DEBRIS,60989.0,PAYLOAD,1.6503,0.54595356,HIGH,2026-03-07T14:41:40Z,1185
64613.0,PAYLOAD,65748.0,PAYLOAD,1.6533,0.54474418,HIGH,2026-03-07T12:34:40Z,1058
33982.0,DEBRIS,34015.0,DEBRIS,1.6541,0.54441573,HIGH,2026-03-06T19:05:40Z,9
58796.0,PAYLOAD,61981.0,PAYLOAD,1.6543,0.54437225,HIGH,2026-03-07T12:01:40Z,1025
21985.0,DEBRIS,64658.0,DEBRIS,1.655,0.54406926,HIGH,2026-03-06T19:25:40Z,29
58445.0,PAYLOAD,59686.0,PAYLOAD,1.6633,0.54076342,HIGH,2026-03-07T16:17:40Z,1281
67290.0,UNKNOWN,67295.0,UNKNOWN,1.6737,0.53659083,HIGH,2026-03-06T20:35:40Z,99
2581.0,DEBRIS,36528.0,DEBRIS,1.6892,0.53042826,HIGH,2026-03-07T12:55:40Z,1079
37537.0,DEBRIS,61355.0,DEBRIS,1.6899,0.53012611,HIGH,2026-03-07T17:19:40Z,1343
5150.0,DEBRIS,12653.0,DEBRIS,1.6957,0.52782439,HIGH,2026-03-07T03:49:40Z,533
59529.0,PAYLOAD,66430.0,PAYLOAD,1.6995,0.52632645,HIGH,2026-03-07T01:28:40Z,392
59526.0,PAYLOAD,66535.0,PAYLOAD,1.7007,0.52583864,HIGH,2026-03-07T08:19:40Z,803
48564.0,PAYLOAD,66389.0,PAYLOAD,1.7199,0.51821833,HIGH,2026-03-07T15:43:40Z,1247
5170.0,DEBRIS,6254.0,PAYLOAD,1.7269,0.51544156,HIGH,2026-03-07T11:47:40Z,1011
61722.0,PAYLOAD,67138.0,PAYLOAD,1.7328,0.51310137,HIGH,2026-03-07T02:15:40Z,439
48553.0,PAYLOAD,66387.0,PAYLOAD,1.7487,0.5068408,HIGH,2026-03-07T00:45:40Z,349
5925.0,ROCKET BODY,9006.0,PAYLOAD,1.751,0.50592866,HIGH,2026-03-06T19:26:40Z,30
5286.0,DEBRIS,8460.0,DEBRIS,1.7677,0.49936093,HIGH,2026-03-07T12:37:40Z,1061
58079.0,PAYLOAD,63957.0,PAYLOAD,1.7741,0.49688067,HIGH,2026-03-07T00:22:40Z,326
860.0,DEBRIS,34261.0,DEBRIS,1.7754,0.49637794,HIGH,2026-03-07T16:58:40Z,1322
52271.0,PAYLOAD,52658.0,PAYLOAD,1.778,0.49535701,HIGH,2026-03-07T18:54:40Z,1438
4799.0,PAYLOAD,10992.0,ROCKET BODY,1.781,0.49416843,HIGH,2026-03-07T10:20:40Z,924
60458.0,PAYLOAD,60471.0,PAYLOAD,1.7883,0.49133356,HIGH,2026-03-07T01:20:40Z,384
59353.0,PAYLOAD,66444.0,PAYLOAD,1.7899,0.49068752,HIGH,2026-03-07T10:31:40Z,935
11573.0,PAYLOAD,34176.0,DEBRIS,1.8029,0.48562732,HIGH,2026-03-07T06:53:40Z,717
55631.0,PAYLOAD,58651.0,PAYLOAD,1.8103,0.48272923,HIGH,2026-03-07T04:19:40Z,563
5465.0,DEBRIS,8631.0,DEBRIS,1.8267,0.47640242,HIGH,2026-03-07T07:43:40Z,767
56703.0,PAYLOAD,66767.0,PAYLOAD,1.8377,0.47214216,HIGH,2026-03-07T11:43:40Z,1007
50180.0,PAYLOAD,54861.0,PAYLOAD,1.8638,0.46211887,HIGH,2026-03-07T13:32:40Z,1116
62212.0,PAYLOAD,67360.0,PAYLOAD,1.8649,0.46170007,HIGH,2026-03-07T09:08:40Z,852
58619.0,PAYLOAD,62491.0,PAYLOAD,1.8677,0.46061447,HIGH,2026-03-07T08:47:40Z,831
60738.0,PAYLOAD,65468.0,PAYLOAD,1.8818,0.45522784,HIGH,2026-03-07T12:32:40Z,1056
57543.0,DEBRIS,57726.0,DEBRIS,1.8839,0.45443695,HIGH,2026-03-06T20:26:40Z,90
57183.0,UNKNOWN,58848.0,PAYLOAD,1.8849,0.45406028,HIGH,2026-03-07T16:59:40Z,1323
62386.0,PAYLOAD,63771.0,PAYLOAD,1.902,0.44759199,HIGH,2026-03-07T13:58:40Z,1142
57970.0,PAYLOAD,59858.0,PAYLOAD,1.9062,0.44600368,HIGH,2026-03-06T20:00:40Z,64
58843.0,PAYLOAD,64257.0,PAYLOAD,1.9286,0.43756357,HIGH,2026-03-07T16:10:40Z,1274
39191.0,PAYLOAD,44113.0,PAYLOAD,1.9453,0.43129022,HIGH,2026-03-06T22:26:40Z,210
58800.0,PAYLOAD,59866.0,PAYLOAD,1.9585,0.42639791,HIGH,2026-03-07T10:52:40Z,956
57738.0,PAYLOAD,88227.0,UNKNOWN,1.9686,0.42267205,HIGH,2026-03-06T19:44:40Z,48
58842.0,PAYLOAD,62314.0,PAYLOAD,1.9688,0.42257323,HIGH,2026-03-07T17:42:40Z,1366
59841.0,PAYLOAD,63972.0,PAYLOAD,1.9748,0.42037641,HIGH,2026-03-07T14:57:40Z,1201
59038.0,PAYLOAD,67041.0,PAYLOAD,1.9837,0.41709713,HIGH,2026-03-07T13:55:40Z,1139
55361.0,PAYLOAD,55368.0,PAYLOAD,1.9869,0.41590685,HIGH,2026-03-07T06:34:40Z,698
42833.0,UNKNOWN,51788.0,PAYLOAD,1.9911,0.41438694,HIGH,2026-03-07T16:07:40Z,1271
59076.0,PAYLOAD,67322.0,PAYLOAD,2.0219,0.40313,HIGH,2026-03-07T18:20:40Z,1404
59553.0,PAYLOAD,64020.0,PAYLOAD,2.0265,0.40149432,HIGH,2026-03-07T09:53:40Z,897
60437.0,PAYLOAD,62235.0,PAYLOAD,2.0397,0.39670272,HIGH,2026-03-07T12:06:40Z,1030
20870.0,DEBRIS,54970.0,DEBRIS,2.0439,0.39520924,HIGH,2026-03-07T17:51:40Z,1375
42215.0,DEBRIS,43408.0,DEBRIS,2.0467,0.39421702,HIGH,2026-03-06T22:50:40Z,234
16616.0,DEBRIS,20974.0,DEBRIS,2.0482,0.39366478,HIGH,2026-03-06T22:23:40Z,207
809.0,ROCKET BODY,35154.0,DEBRIS,2.0596,0.389579,HIGH,2026-03-07T05:11:40Z,615
58489.0,PAYLOAD,63802.0,PAYLOAD,2.0621,0.38870634,HIGH,2026-03-07T12:03:40Z,1027
59639.0,PAYLOAD,63773.0,PAYLOAD,2.0655,0.38747585,HIGH,2026-03-06T20:31:40Z,95
58532.0,PAYLOAD,64228.0,PAYLOAD,2.0703,0.38579353,HIGH,2026-03-07T12:09:40Z,1033
58827.0,PAYLOAD,63433.0,PAYLOAD,2.0867,0.37999645,HIGH,2026-03-07T13:13:40Z,1097
55048.0,PAYLOAD,66256.0,PAYLOAD,2.0989,0.37570785,HIGH,2026-03-07T04:36:40Z,580
63070.0,PAYLOAD,67456.0,PAYLOAD,2.1018,0.37466672,HIGH,2026-03-06T22:53:40Z,237
57864.0,PAYLOAD,58231.0,PAYLOAD,2.1021,0.37456395,HIGH,2026-03-07T08:18:40Z,802
63438.0,PAYLOAD,65204.0,PAYLOAD,2.1052,0.37347744,HIGH,2026-03-06T21:25:40Z,149
54321.0,DEBRIS,61320.0,DEBRIS,2.1077,0.37262396,HIGH,2026-03-07T06:39:40Z,703
30542.0,DEBRIS,82642.0,UNKNOWN,2.1087,0.37228434,HIGH,2026-03-07T17:21:40Z,1345
21164.0,DEBRIS,39835.0,DEBRIS,2.124,0.36694423,HIGH,2026-03-07T14:45:40Z,1189
59232.0,PAYLOAD,64010.0,PAYLOAD,2.1249,0.36663475,HIGH,2026-03-07T08:58:40Z,842
45415.0,PAYLOAD,66154.0,PAYLOAD,2.1396,0.36156745,HIGH,2026-03-07T17:27:40Z,1351
57633.0,PAYLOAD,59184.0,PAYLOAD,2.1399,0.36147774,HIGH,2026-03-07T10:30:40Z,934
61674.0,PAYLOAD,64737.0,PAYLOAD,2.1413,0.36099687,HIGH,2026-03-07T02:16:40Z,440
29750.0,DEBRIS,40265.0,DEBRIS,2.1414,0.36096077,HIGH,2026-03-07T01:27:40Z,391
40396.0,DEBRIS,54447.0,DEBRIS,2.1509,0.35770256,HIGH,2026-03-06T19:27:40Z,31
29043.0,DEBRIS,52990.0,PAYLOAD,2.1509,0.35768684,HIGH,2026-03-07T17:13:40Z,1337
59632.0,PAYLOAD,66859.0,PAYLOAD,2.1516,0.35746416,HIGH,2026-03-07T14:00:40Z,1144
59656.0,PAYLOAD,66604.0,PAYLOAD,2.1549,0.35631306,HIGH,2026-03-07T04:12:40Z,556
65975.0,PAYLOAD,65985.0,PAYLOAD,2.1551,0.35624663,HIGH,2026-03-07T16:37:40Z,1301
63992.0,UNKNOWN,66749.0,PAYLOAD,2.1586,0.35507912,HIGH,2026-03-07T10:19:40Z,923
43711.0,PAYLOAD,63503.0,PAYLOAD,2.1588,0.35500318,HIGH,2026-03-07T18:13:40Z,1397
12690.0,DEBRIS,270235.0,UNKNOWN,2.1598,0.35464247,HIGH,2026-03-07T13:33:40Z,1117
59923.0,PAYLOAD,63679.0,PAYLOAD,2.1598,0.35463892,HIGH,2026-03-07T18:16:40Z,1400
62661.0,PAYLOAD,63863.0,PAYLOAD,2.176,0.34916979,HIGH,2026-03-07T09:01:40Z,845
58422.0,PAYLOAD,58439.0,PAYLOAD,2.1789,0.34819629,HIGH,2026-03-07T16:41:40Z,1305
3473.0,PAYLOAD,4130.0,PAYLOAD,2.1791,0.34810778,HIGH,2026-03-07T17:59:40Z,1383
62382.0,PAYLOAD,65837.0,PAYLOAD,2.1805,0.34766112,HIGH,2026-03-06T19:39:40Z,43
59169.0,PAYLOAD,62110.0,PAYLOAD,2.1861,0.34575109,HIGH,2026-03-07T11:51:40Z,1015
64791.0,PAYLOAD,64814.0,PAYLOAD,2.1943,0.34302099,HIGH,2026-03-07T18:56:40Z,1440
1209.0,DEBRIS,2552.0,DEBRIS,2.1947,0.3428674,HIGH,2026-03-07T02:17:40Z,441
54576.0,DEBRIS,55208.0,DEBRIS,2.2035,0.33993239,HIGH,2026-03-07T02:30:40Z,454
48737.0,DEBRIS,53658.0,PAYLOAD,2.2043,0.33968829,HIGH,2026-03-07T13:49:40Z,1133
48449.0,PAYLOAD,65351.0,PAYLOAD,2.2097,0.33789627,HIGH,2026-03-07T17:16:40Z,1340
66862.0,PAYLOAD,67445.0,PAYLOAD,2.2107,0.33756211,HIGH,2026-03-07T09:26:40Z,870
62378.0,PAYLOAD,63421.0,PAYLOAD,2.2288,0.33158014,HIGH,2026-03-07T12:48:40Z,1072
32312.0,DEBRIS,41087.0,DEBRIS,2.2401,0.32788835,HIGH,2026-03-06T19:14:40Z,18
65500.0,PAYLOAD,65870.0,PAYLOAD,2.2429,0.32694679,HIGH,2026-03-07T15:39:40Z,1243
62206.0,PAYLOAD,66870.0,PAYLOAD,2.2557,0.32281349,HIGH,2026-03-07T05:58:40Z,662
48603.0,PAYLOAD,57087.0,PAYLOAD,2.2568,0.32243875,HIGH,2026-03-07T14:57:40Z,1201
31886.0,DEBRIS,39260.0,PAYLOAD,2.2599,0.32145731,HIGH,2026-03-07T16:19:40Z,1283
35256.0,DEBRIS,39629.0,DEBRIS,2.2746,0.31673603,HIGH,2026-03-07T13:48:40Z,1132
42398.0,DEBRIS,56245.0,DEBRIS,2.2876,0.31258063,HIGH,2026-03-07T05:03:40Z,607
16368.0,PAYLOAD,23093.0,ROCKET BODY,2.2918,0.31122525,HIGH,2026-03-07T04:06:40Z,550
59680.0,UNKNOWN,63684.0,PAYLOAD,2.2981,0.30924804,HIGH,2026-03-07T02:56:40Z,480
48438.0,PAYLOAD,65372.0,PAYLOAD,2.3047,0.30717702,HIGH,2026-03-07T17:19:40Z,1343
58232.0,PAYLOAD,62755.0,PAYLOAD,2.3089,0.30584007,HIGH,2026-03-07T11:32:40Z,996
60446.0,PAYLOAD,65849.0,PAYLOAD,2.3155,0.30376479,HIGH,2026-03-07T03:33:40Z,517
65386.0,PAYLOAD,66993.0,UNKNOWN,2.324,0.30111809,HIGH,2026-03-07T10:59:40Z,963
48439.0,PAYLOAD,62027.0,PAYLOAD,2.333,0.29832353,HIGH,2026-03-07T18:50:40Z,1434
56697.0,PAYLOAD,63284.0,PAYLOAD,2.3357,0.29749948,HIGH,2026-03-07T08:33:40Z,817
61722.0,PAYLOAD,64175.0,PAYLOAD,2.3392,0.2964089,HIGH,2026-03-07T11:42:40Z,1006
47797.0,PAYLOAD,47862.0,PAYLOAD,2.354,0.29189055,HIGH,2026-03-07T15:47:40Z,1251
32111.0,DEBRIS,38028.0,DEBRIS,2.3546,0.29171117,HIGH,2026-03-07T11:34:40Z,998
59633.0,PAYLOAD,64095.0,PAYLOAD,2.3579,0.29070369,HIGH,2026-03-06T21:24:40Z,148
61890.0,PAYLOAD,64484.0,PAYLOAD,2.3595,0.29021974,HIGH,2026-03-07T10:43:40Z,947
66732.0,PAYLOAD,66759.0,UNKNOWN,2.3603,0.28996754,HIGH,2026-03-07T00:17:40Z,321
5048.0,DEBRIS,6378.0,PAYLOAD,2.3637,0.2889401,HIGH,2026-03-06T20:38:40Z,102
58234.0,PAYLOAD,66440.0,PAYLOAD,2.366,0.28823735,HIGH,2026-03-07T07:15:40Z,739
49104.0,PAYLOAD,49190.0,PAYLOAD,2.3667,0.28801536,HIGH,2026-03-07T01:49:40Z,413
1835.0,DEBRIS,54079.0,PAYLOAD,2.3716,0.28653161,HIGH,2026-03-07T17:27:40Z,1351
59688.0,PAYLOAD,63789.0,PAYLOAD,2.3781,0.28456568,HIGH,2026-03-07T11:29:40Z,993
11358.0,PAYLOAD,47572.0,PAYLOAD,2.38,0.28401047,HIGH,2026-03-07T17:20:40Z,1344
38761.0,PAYLOAD,64078.0,PAYLOAD,2.3913,0.28063779,HIGH,2026-03-06T19:16:40Z,20
15399.0,ROCKET BODY,16209.0,DEBRIS,2.3958,0.27928924,HIGH,2026-03-07T18:40:40Z,1424
55557.0,DEBRIS,58430.0,DEBRIS,2.3965,0.27906403,HIGH,2026-03-07T15:18:40Z,1222
58788.0,PAYLOAD,64388.0,PAYLOAD,2.398,0.27862291,HIGH,2026-03-07T08:00:40Z,784
7005.0,PAYLOAD,35244.0,DEBRIS,2.3988,0.27840248,HIGH,2026-03-07T15:38:40Z,1242
5902.0,DEBRIS,11722.0,PAYLOAD,2.4031,0.27710463,HIGH,2026-03-06T19:31:40Z,35
58139.0,PAYLOAD,64755.0,PAYLOAD,2.4044,0.27673607,HIGH,2026-03-07T07:44:40Z,768
55533.0,DEBRIS,56630.0,DEBRIS,2.4052,0.27649127,HIGH,2026-03-07T01:32:40Z,396
57702.0,PAYLOAD,59247.0,PAYLOAD,2.4147,0.27368589,HIGH,2026-03-06T19:27:40Z,31
56836.0,PAYLOAD,63323.0,PAYLOAD,2.4161,0.2732974,HIGH,2026-03-07T17:19:40Z,1343
59093.0,PAYLOAD,67333.0,PAYLOAD,2.4164,0.27320019,HIGH,2026-03-07T15:33:40Z,1237
59413.0,PAYLOAD,67035.0,PAYLOAD,2.4178,0.27279472,HIGH,2026-03-07T17:37:40Z,1361
47894.0,PAYLOAD,63439.0,PAYLOAD,2.425,0.27067648,HIGH,2026-03-07T18:09:40Z,1393
21529.0,DEBRIS,61131.0,DEBRIS,2.4273,0.27000684,HIGH,2026-03-07T13:02:40Z,1086
59042.0,PAYLOAD,67031.0,PAYLOAD,2.4383,0.26682321,HIGH,2026-03-07T09:06:40Z,850
4699.0,DEBRIS,54853.0,PAYLOAD,2.44,0.26633008,HIGH,2026-03-07T15:16:40Z,1220
47400.0,PAYLOAD,51956.0,PAYLOAD,2.4412,0.26599641,HIGH,2026-03-07T03:43:40Z,527
64539.0,PAYLOAD,64546.0,PAYLOAD,2.4431,0.26543332,HIGH,2026-03-07T16:09:40Z,1273
54122.0,PAYLOAD,54131.0,PAYLOAD,2.457,0.2614572,HIGH,2026-03-07T01:28:40Z,392
57910.0,PAYLOAD,59081.0,PAYLOAD,2.4704,0.25765342,HIGH,2026-03-07T16:09:40Z,1273
58179.0,PAYLOAD,62150.0,PAYLOAD,2.4707,0.25756788,HIGH,2026-03-07T09:50:40Z,894
3532.0,PAYLOAD,6008.0,DEBRIS,2.4805,0.25478868,HIGH,2026-03-07T12:32:40Z,1056
62199.0,PAYLOAD,63119.0,PAYLOAD,2.4807,0.25474924,HIGH,2026-03-07T09:08:40Z,852
48357.0,PAYLOAD,63213.0,UNKNOWN,2.4846,0.25364258,HIGH,2026-03-07T01:43:40Z,407
65978.0,PAYLOAD,65994.0,PAYLOAD,2.4855,0.25337683,HIGH,2026-03-07T17:22:40Z,1346
34014.0,DEBRIS,35350.0,DEBRIS,2.4907,0.25194951,HIGH,2026-03-07T08:27:40Z,811
57876.0,PAYLOAD,59866.0,PAYLOAD,2.4948,0.25080683,HIGH,2026-03-07T15:47:40Z,1251
58078.0,PAYLOAD,59195.0,PAYLOAD,2.4958,0.25052675,HIGH,2026-03-07T13:49:40Z,1133
62962.0,PAYLOAD,64755.0,PAYLOAD,2.4958,0.25052595,HIGH,2026-03-07T18:07:40Z,1391
14506.0,PAYLOAD,36162.0,DEBRIS,2.4961,0.25043131,HIGH,2026-03-06T22:30:40Z,214
57647.0,PAYLOAD,59178.0,PAYLOAD,2.5246,0.24260597,HIGH,2026-03-07T16:09:40Z,1273
62768.0,PAYLOAD,63381.0,PAYLOAD,2.528,0.24168431,HIGH,2026-03-07T14:22:40Z,1166
14147.0,PAYLOAD,61768.0,UNKNOWN,2.5302,0.24108595,HIGH,2026-03-07T14:02:40Z,1146
59581.0,PAYLOAD,67445.0,PAYLOAD,2.5404,0.23832303,HIGH,2026-03-07T17:21:40Z,1345
66484.0,PAYLOAD,67171.0,PAYLOAD,2.5417,0.23798297,HIGH,2026-03-07T00:57:40Z,361
53619.0,PAYLOAD,57346.0,PAYLOAD,2.5458,0.23686422,HIGH,2026-03-07T01:19:40Z,383
8536.0,DEBRIS,65070.0,PAYLOAD,2.5461,0.23679363,HIGH,2026-03-06T19:49:40Z,53
62621.0,PAYLOAD,66077.0,PAYLOAD,2.548,0.23628156,HIGH,2026-03-07T16:55:40Z,1319
5645.0,DEBRIS,35344.0,DEBRIS,2.549,0.23601667,HIGH,2026-03-07T05:33:40Z,637
57823.0,PAYLOAD,67465.0,PAYLOAD,2.5587,0.23341983,HIGH,2026-03-07T13:36:40Z,1120
49489.0,DEBRIS,52301.0,PAYLOAD,2.5635,0.2321693,HIGH,2026-03-07T11:49:40Z,1013
56034.0,PAYLOAD,88812.0,TBA,2.5758,0.22891017,HIGH,2026-03-07T03:29:40Z,513
57791.0,PAYLOAD,64077.0,PAYLOAD,2.5786,0.22819581,HIGH,2026-03-06T19:19:40Z,23
61593.0,PAYLOAD,63378.0,PAYLOAD,2.5888,0.22553737,HIGH,2026-03-07T02:38:40Z,462
62897.0,PAYLOAD,67191.0,PAYLOAD,2.5888,0.22553605,HIGH,2026-03-07T01:09:40Z,373
50172.0,PAYLOAD,51738.0,PAYLOAD,2.5961,0.22362868,HIGH,2026-03-07T01:35:40Z,399
58606.0,PAYLOAD,59324.0,PAYLOAD,2.6009,0.22240066,HIGH,2026-03-07T08:16:40Z,800
27806.0,DEBRIS,61175.0,DEBRIS,2.6021,0.22208426,HIGH,2026-03-07T06:46:40Z,710
54228.0,ROCKET BODY,66477.0,PAYLOAD,2.6069,0.22086615,HIGH,2026-03-07T12:30:40Z,1054
4764.0,DEBRIS,32191.0,DEBRIS,2.6159,0.21855835,HIGH,2026-03-07T04:07:40Z,551
59619.0,PAYLOAD,66593.0,PAYLOAD,2.6165,0.21842291,HIGH,2026-03-07T02:13:40Z,437
59855.0,PAYLOAD,61914.0,PAYLOAD,2.6189,0.21781035,HIGH,2026-03-07T00:03:40Z,307
54187.0,PAYLOAD,54206.0,PAYLOAD,2.6222,0.21698432,HIGH,2026-03-07T06:36:40Z,700
30270.0,DEBRIS,31054.0,DEBRIS,2.6223,0.21694265,HIGH,2026-03-07T12:26:40Z,1050
45370.0,PAYLOAD,61970.0,PAYLOAD,2.6244,0.21642265,HIGH,2026-03-07T17:36:40Z,1360
59655.0,PAYLOAD,62130.0,PAYLOAD,2.6271,0.21573377,HIGH,2026-03-07T01:31:40Z,395
5192.0,DEBRIS,56837.0,PAYLOAD,2.6328,0.21430132,HIGH,2026-03-07T09:53:40Z,897
7921.0,DEBRIS,36249.0,DEBRIS,2.6328,0.21429734,HIGH,2026-03-07T08:26:40Z,810
47029.0,DEBRIS,60151.0,PAYLOAD,2.6344,0.21391388,HIGH,2026-03-07T15:45:40Z,1249
62680.0,PAYLOAD,64250.0,PAYLOAD,2.6347,0.21382444,HIGH,2026-03-07T11:39:40Z,1003
29770.0,DEBRIS,30905.0,DEBRIS,2.6366,0.21335458,HIGH,2026-03-07T17:06:40Z,1330
42117.0,DEBRIS,47007.0,DEBRIS,2.6382,0.21295128,HIGH,2026-03-06T20:21:40Z,85
29301.0,DEBRIS,270018.0,UNKNOWN,2.6475,0.21064027,HIGH,2026-03-07T10:39:40Z,943
56697.0,PAYLOAD,57878.0,PAYLOAD,2.6489,0.21029554,HIGH,2026-03-07T17:16:40Z,1340
58023.0,PAYLOAD,64546.0,PAYLOAD,2.6571,0.20825854,HIGH,2026-03-06T23:36:40Z,280
48686.0,PAYLOAD,59269.0,PAYLOAD,2.6589,0.20783221,HIGH,2026-03-07T10:15:40Z,919
59270.0,PAYLOAD,64674.0,PAYLOAD,2.6637,0.20665801,HIGH,2026-03-07T17:33:40Z,1357
4975.0,DEBRIS,55471.0,PAYLOAD,2.6662,0.20604456,HIGH,2026-03-07T04:42:40Z,586
34344.0,DEBRIS,55522.0,DEBRIS,2.6668,0.20588958,HIGH,2026-03-07T15:43:40Z,1247
52830.0,PAYLOAD,56133.0,PAYLOAD,2.6678,0.20563819,HIGH,2026-03-06T19:52:40Z,56
3185.0,DEBRIS,8367.0,ROCKET BODY,2.6803,0.20262597,HIGH,2026-03-07T10:39:40Z,943
55662.0,PAYLOAD,55675.0,PAYLOAD,2.6871,0.20097143,HIGH,2026-03-07T12:40:40Z,1064
66706.0,PAYLOAD,66773.0,UNKNOWN,2.6939,0.19934274,HIGH,2026-03-07T15:48:40Z,1252
59359.0,PAYLOAD,66423.0,PAYLOAD,2.6997,0.19795859,HIGH,2026-03-07T12:57:40Z,1081
64566.0,PAYLOAD,64590.0,UNKNOWN,2.7014,0.19755574,HIGH,2026-03-07T06:18:40Z,682
58208.0,PAYLOAD,65337.0,PAYLOAD,2.7039,0.19696665,HIGH,2026-03-07T10:36:40Z,940
58743.0,PAYLOAD,63800.0,PAYLOAD,2.7048,0.19675299,HIGH,2026-03-06T20:15:40Z,79
58175.0,PAYLOAD,59237.0,PAYLOAD,2.7138,0.19464528,HIGH,2026-03-06T19:35:40Z,39
35239.0,DEBRIS,59343.0,PAYLOAD,2.7155,0.19424309,HIGH,2026-03-07T09:35:40Z,879
59942.0,PAYLOAD,66572.0,PAYLOAD,2.7197,0.19325765,HIGH,2026-03-07T13:30:40Z,1114
57992.0,PAYLOAD,58619.0,PAYLOAD,2.7278,0.19137143,HIGH,2026-03-07T02:47:40Z,471
10674.0,PAYLOAD,62325.0,PAYLOAD,2.731,0.19064015,HIGH,2026-03-07T04:11:40Z,555
31883.0,DEBRIS,48724.0,DEBRIS,2.7355,0.18958079,HIGH,2026-03-07T11:53:40Z,1017
4634.0,DEBRIS,40797.0,DEBRIS,2.7364,0.18937755,HIGH,2026-03-06T21:57:40Z,181
36338.0,DEBRIS,39231.0,DEBRIS,2.7472,0.18690037,HIGH,2026-03-07T01:47:40Z,411
60562.0,PAYLOAD,66461.0,PAYLOAD,2.7564,0.18481677,HIGH,2026-03-06T21:59:40Z,183
57812.0,PAYLOAD,66450.0,PAYLOAD,2.7712,0.18148337,HIGH,2026-03-06T21:24:40Z,148
44930.0,PAYLOAD,62525.0,PAYLOAD,2.777,0.18020056,HIGH,2026-03-07T10:51:40Z,955
57499.0,PAYLOAD,58736.0,PAYLOAD,2.7771,0.18016277,HIGH,2026-03-07T16:59:40Z,1323
40080.0,PAYLOAD,43234.0,PAYLOAD,2.783,0.1788741,HIGH,2026-03-06T22:13:40Z,197
22803.0,ROCKET BODY,65815.0,UNKNOWN,2.7892,0.17748488,HIGH,2026-03-07T00:55:40Z,359
31584.0,DEBRIS,56115.0,PAYLOAD,2.7927,0.17673381,HIGH,2026-03-06T22:40:40Z,224
58481.0,PAYLOAD,66852.0,PAYLOAD,2.799,0.17535229,HIGH,2026-03-07T07:12:40Z,736
58490.0,PAYLOAD,58639.0,PAYLOAD,2.8047,0.17410971,HIGH,2026-03-07T00:51:40Z,355
13736.0,PAYLOAD,37613.0,DEBRIS,2.8097,0.17303558,HIGH,2026-03-07T13:44:40Z,1128
67417.0,PAYLOAD,67424.0,PAYLOAD,2.8211,0.17057184,HIGH,2026-03-07T02:48:40Z,472
60265.0,PAYLOAD,60286.0,PAYLOAD,2.8226,0.17024414,HIGH,2026-03-07T03:02:40Z,486
4919.0,DEBRIS,47044.0,DEBRIS,2.8251,0.16971799,HIGH,2026-03-07T08:38:40Z,822
55232.0,DEBRIS,60712.0,DEBRIS,2.836,0.16741445,HIGH,2026-03-07T11:04:40Z,968
30707.0,DEBRIS,42235.0,DEBRIS,2.8371,0.16717584,HIGH,2026-03-07T03:32:40Z,516
59568.0,PAYLOAD,67044.0,PAYLOAD,2.8452,0.16546665,HIGH,2026-03-07T18:35:40Z,1419
30058.0,DEBRIS,34589.0,DEBRIS,2.8468,0.16513692,HIGH,2026-03-07T14:36:40Z,1180
48692.0,PAYLOAD,62378.0,PAYLOAD,2.8493,0.16461227,HIGH,2026-03-07T14:27:40Z,1171
58485.0,PAYLOAD,63857.0,PAYLOAD,2.8502,0.1644419,HIGH,2026-03-07T10:46:40Z,950
56129.0,PAYLOAD,57058.0,PAYLOAD,2.8528,0.16389256,HIGH,2026-03-07T02:28:40Z,452
43462.0,ROCKET BODY,55370.0,PAYLOAD,2.8545,0.16354924,HIGH,2026-03-07T06:05:40Z,669
45602.0,PAYLOAD,52847.0,PAYLOAD,2.8587,0.16266102,HIGH,2026-03-07T03:12:40Z,496
57498.0,PAYLOAD,58640.0,PAYLOAD,2.8674,0.16087614,HIGH,2026-03-07T00:15:40Z,319
65746.0,PAYLOAD,67416.0,PAYLOAD,2.8686,0.16063586,HIGH,2026-03-07T11:01:40Z,965
8957.0,DEBRIS,43063.0,PAYLOAD,2.8707,0.16019509,HIGH,2026-03-07T03:48:40Z,532
58495.0,PAYLOAD,63839.0,PAYLOAD,2.8727,0.15980058,HIGH,2026-03-06T19:10:40Z,14
38477.0,DEBRIS,61569.0,PAYLOAD,2.8736,0.15960158,HIGH,2026-03-06T22:23:40Z,207
38726.0,DEBRIS,65516.0,PAYLOAD,2.8752,0.15928447,HIGH,2026-03-07T18:39:40Z,1423
35255.0,DEBRIS,54349.0,DEBRIS,2.8803,0.15824629,HIGH,2026-03-07T16:40:40Z,1304
58187.0,PAYLOAD,59232.0,PAYLOAD,2.8807,0.15816008,HIGH,2026-03-07T13:58:40Z,1142
59074.0,PAYLOAD,67311.0,PAYLOAD,2.8814,0.15802213,HIGH,2026-03-07T12:44:40Z,1068
67322.0,PAYLOAD,67351.0,PAYLOAD,2.884,0.15749643,HIGH,2026-03-07T08:46:40Z,830
25158.0,PAYLOAD,30247.0,DEBRIS,2.8893,0.15643785,HIGH,2026-03-07T10:20:40Z,924
58537.0,PAYLOAD,65204.0,PAYLOAD,2.8988,0.15454327,HIGH,2026-03-07T07:29:40Z,753
39671.0,DEBRIS,39676.0,DEBRIS,2.8998,0.1543357,HIGH,2026-03-07T09:26:40Z,870
59024.0,PAYLOAD,66511.0,PAYLOAD,2.907,0.15291442,HIGH,2026-03-07T06:34:40Z,698
58915.0,PAYLOAD,65149.0,PAYLOAD,2.913,0.15172978,HIGH,2026-03-07T17:56:40Z,1380
57993.0,PAYLOAD,63795.0,PAYLOAD,2.9218,0.1500017,HIGH,2026-03-07T01:09:40Z,373
58188.0,PAYLOAD,59325.0,PAYLOAD,2.9349,0.14747061,HIGH,2026-03-07T04:20:40Z,564
12792.0,ROCKET BODY,39662.0,DEBRIS,2.9368,0.14710573,HIGH,2026-03-07T09:08:40Z,852
58530.0,PAYLOAD,58807.0,PAYLOAD,2.9487,0.14483042,HIGH,2026-03-07T13:33:40Z,1117
59335.0,PAYLOAD,64080.0,PAYLOAD,2.9488,0.14481386,HIGH,2026-03-06T23:56:40Z,300
47722.0,PAYLOAD,61715.0,PAYLOAD,2.9518,0.14424299,HIGH,2026-03-07T16:33:40Z,1297
58403.0,PAYLOAD,59669.0,PAYLOAD,2.9535,0.14392115,HIGH,2026-03-06T23:56:40Z,300
58176.0,PAYLOAD,63000.0,PAYLOAD,2.954,0.14383439,HIGH,2026-03-07T07:31:40Z,755
54763.0,PAYLOAD,88813.0,TBA,2.9545,0.1437286,HIGH,2026-03-07T15:10:40Z,1214
55107.0,PAYLOAD,64565.0,PAYLOAD,2.9553,0.14359159,HIGH,2026-03-06T23:44:40Z,288
45314.0,DEBRIS,45484.0,DEBRIS,2.9575,0.14316235,HIGH,2026-03-07T18:56:40Z,1440
59407.0,PAYLOAD,66858.0,PAYLOAD,2.9594,0.14280822,HIGH,2026-03-07T13:09:40Z,1093
2602.0,ROCKET BODY,4496.0,ROCKET BODY,2.9606,0.14257712,HIGH,2026-03-06T21:50:40Z,174
1971.0,DEBRIS,67882.0,PAYLOAD,2.9685,0.14110167,HIGH,2026-03-07T05:26:40Z,630
159.0,DEBRIS,38432.0,DEBRIS,2.974,0.14008017,HIGH,2026-03-07T12:25:40Z,1049
62682.0,PAYLOAD,66988.0,PAYLOAD,2.98,0.13898211,HIGH,2026-03-07T08:31:40Z,815
59040.0,PAYLOAD,67056.0,PAYLOAD,2.9892,0.13729524,HIGH,2026-03-07T06:31:40Z,695
48106.0,PAYLOAD,60577.0,PAYLOAD,2.9925,0.1366933,HIGH,2026-03-07T13:33:40Z,1117
48356.0,PAYLOAD,66937.0,PAYLOAD,2.9955,0.13614413,HIGH,2026-03-07T15:02:40Z,1206
58678.0,PAYLOAD,64253.0,PAYLOAD,3.013,0.13300984,HIGH,2026-03-07T02:41:40Z,465
58413.0,PAYLOAD,59663.0,PAYLOAD,3.0193,0.13188991,HIGH,2026-03-07T02:17:40Z,441
43081.0,PAYLOAD,56902.0,PAYLOAD,3.0201,0.13175101,HIGH,2026-03-07T17:31:40Z,1355
44949.0,PAYLOAD,62078.0,ROCKET BODY,3.0217,0.1314599,HIGH,2026-03-07T12:09:40Z,1033
37887.0,DEBRIS,56236.0,DEBRIS,3.0235,0.131146,HIGH,2026-03-06T21:36:40Z,160
58411.0,PAYLOAD,66538.0,PAYLOAD,3.0243,0.13099612,HIGH,2026-03-07T07:54:40Z,778
55392.0,PAYLOAD,67080.0,PAYLOAD,3.0263,0.13064404,HIGH,2026-03-07T07:36:40Z,760
58194.0,PAYLOAD,58236.0,PAYLOAD,3.028,0.13034829,HIGH,2026-03-07T18:48:40Z,1432
4332.0,ROCKET BODY,23815.0,ROCKET BODY,3.0343,0.12925553,HIGH,2026-03-06T23:17:40Z,261
57873.0,PAYLOAD,67445.0,PAYLOAD,3.0345,0.12921111,HIGH,2026-03-06T23:06:40Z,250
7646.0,PAYLOAD,61560.0,PAYLOAD,3.0375,0.12869974,HIGH,2026-03-07T04:15:40Z,559
40400.0,DEBRIS,61312.0,DEBRIS,3.0423,0.12786734,HIGH,2026-03-07T14:22:40Z,1166
5832.0,DEBRIS,11582.0,DEBRIS,3.0447,0.12744666,HIGH,2026-03-07T15:08:40Z,1212
57815.0,PAYLOAD,60427.0,PAYLOAD,3.0472,0.12700972,HIGH,2026-03-07T01:01:40Z,365
9279.0,DEBRIS,67196.0,PAYLOAD,3.0533,0.1259699,HIGH,2026-03-07T07:24:40Z,748
383.0,DEBRIS,2517.0,PAYLOAD,3.0549,0.12569986,HIGH,2026-03-07T11:55:40Z,1019
58407.0,PAYLOAD,58423.0,PAYLOAD,3.0578,0.12520883,HIGH,2026-03-07T16:25:40Z,1289
58778.0,PAYLOAD,66019.0,PAYLOAD,3.0587,0.12505671,HIGH,2026-03-07T13:52:40Z,1136
30921.0,DEBRIS,42557.0,DEBRIS,3.0597,0.12488123,HIGH,2026-03-07T05:51:40Z,655
54614.0,DEBRIS,62703.0,PAYLOAD,3.0629,0.12433119,HIGH,2026-03-07T16:40:40Z,1304
33648.0,DEBRIS,35167.0,DEBRIS,3.0731,0.12262614,HIGH,2026-03-07T08:35:40Z,819
57528.0,PAYLOAD,66960.0,PAYLOAD,3.0754,0.12223092,HIGH,2026-03-07T08:44:40Z,828
30647.0,DEBRIS,39160.0,PAYLOAD,3.0776,0.12187055,HIGH,2026-03-07T13:44:40Z,1128
58189.0,PAYLOAD,64011.0,PAYLOAD,3.079,0.12163109,HIGH,2026-03-07T06:35:40Z,699
15055.0,PAYLOAD,45284.0,DEBRIS,3.0792,0.12160245,HIGH,2026-03-06T19:59:40Z,63
61864.0,PAYLOAD,63023.0,PAYLOAD,3.0796,0.12154098,HIGH,2026-03-07T07:45:40Z,769
35931.0,PAYLOAD,54283.0,DEBRIS,3.0853,0.12058714,HIGH,2026-03-07T10:26:40Z,930
48436.0,PAYLOAD,59265.0,PAYLOAD,3.0884,0.1200859,HIGH,2026-03-06T21:10:40Z,134
40695.0,DEBRIS,65262.0,UNKNOWN,3.0904,0.11975048,HIGH,2026-03-07T02:19:40Z,443
33655.0,DEBRIS,54179.0,PAYLOAD,3.0908,0.11968828,HIGH,2026-03-07T00:34:40Z,338
57139.0,PAYLOAD,65063.0,PAYLOAD,3.0965,0.11875343,HIGH,2026-03-07T14:04:40Z,1148
58195.0,PAYLOAD,59643.0,PAYLOAD,3.0976,0.11857328,HIGH,2026-03-07T04:23:40Z,567
65440.0,PAYLOAD,88805.0,TBA,3.1078,0.11692098,HIGH,2026-03-07T11:00:40Z,964
66965.0,PAYLOAD,67036.0,PAYLOAD,3.1091,0.11671154,HIGH,2026-03-07T15:18:40Z,1222
58386.0,PAYLOAD,66890.0,PAYLOAD,3.1179,0.11529082,HIGH,2026-03-07T13:51:40Z,1135
22366.0,DEBRIS,47303.0,PAYLOAD,3.1182,0.11524476,HIGH,2026-03-07T03:57:40Z,541
3902.0,DEBRIS,57127.0,PAYLOAD,3.1182,0.11523655,HIGH,2026-03-07T10:48:40Z,952
2564.0,DEBRIS,11358.0,PAYLOAD,3.1208,0.11482975,HIGH,2026-03-07T11:48:40Z,1012
8046.0,DEBRIS,67939.0,PAYLOAD,3.126,0.11400431,HIGH,2026-03-07T07:08:40Z,732
41261.0,DEBRIS,54617.0,DEBRIS,3.1263,0.11395195,HIGH,2026-03-06T20:56:40Z,120
60880.0,DEBRIS,61126.0,DEBRIS,3.1373,0.11221941,HIGH,2026-03-07T17:33:40Z,1357
47752.0,PAYLOAD,57668.0,PAYLOAD,3.1376,0.11218341,HIGH,2026-03-06T19:24:40Z,28
57652.0,PAYLOAD,59178.0,PAYLOAD,3.141,0.11164743,HIGH,2026-03-07T15:22:40Z,1226
58519.0,PAYLOAD,59577.0,PAYLOAD,3.1428,0.11136365,HIGH,2026-03-06T21:57:40Z,181
58177.0,PAYLOAD,66494.0,PAYLOAD,3.1533,0.10974473,HIGH,2026-03-07T03:07:40Z,491
58217.0,PAYLOAD,66277.0,PAYLOAD,3.1556,0.10938144,HIGH,2026-03-07T10:09:40Z,913
56707.0,PAYLOAD,57786.0,PAYLOAD,3.1559,0.10933724,HIGH,2026-03-07T03:30:40Z,514
20899.0,DEBRIS,55883.0,DEBRIS,3.1579,0.10903623,HIGH,2026-03-07T04:44:40Z,588
67104.0,PAYLOAD,67114.0,PAYLOAD,3.1579,0.10902954,HIGH,2026-03-07T15:59:40Z,1263
58482.0,PAYLOAD,59193.0,PAYLOAD,3.1668,0.10767821,HIGH,2026-03-07T03:09:40Z,493
53465.0,PAYLOAD,82448.0,UNKNOWN,3.1669,0.1076673,HIGH,2026-03-06T21:51:40Z,175
54789.0,PAYLOAD,57342.0,PAYLOAD,3.1673,0.10761126,HIGH,2026-03-06T20:41:40Z,105
28388.0,DEBRIS,32233.0,DEBRIS,3.1684,0.10743277,HIGH,2026-03-06T19:38:40Z,42
44886.0,UNKNOWN,60551.0,PAYLOAD,3.1735,0.10667066,HIGH,2026-03-07T00:19:40Z,323
58012.0,PAYLOAD,66866.0,PAYLOAD,3.1739,0.10660266,HIGH,2026-03-06T21:15:40Z,139
13580.0,DEBRIS,38477.0,DEBRIS,3.1763,0.10624326,HIGH,2026-03-07T09:35:40Z,879
49397.0,PAYLOAD,66704.0,PAYLOAD,3.1766,0.10620941,HIGH,2026-03-07T14:48:40Z,1192
59389.0,PAYLOAD,66085.0,PAYLOAD,3.1778,0.10602493,HIGH,2026-03-07T18:05:40Z,1389
62230.0,PAYLOAD,64241.0,PAYLOAD,3.18,0.10569918,HIGH,2026-03-07T15:44:40Z,1248
43802.0,PAYLOAD,67580.0,PAYLOAD,3.1815,0.10547571,HIGH,2026-03-07T03:23:40Z,507
7989.0,DEBRIS,9533.0,ROCKET BODY,3.1845,0.10502647,HIGH,2026-03-07T00:09:40Z,313
58394.0,PAYLOAD,66891.0,PAYLOAD,3.1901,0.10419021,HIGH,2026-03-07T02:01:40Z,425
39227.0,PAYLOAD,53055.0,PAYLOAD,3.1931,0.10375238,HIGH,2026-03-07T11:47:40Z,1011
13719.0,ROCKET BODY,30868.0,DEBRIS,3.1953,0.10343017,HIGH,2026-03-07T06:11:40Z,675
61781.0,UNKNOWN,61787.0,UNKNOWN,3.1967,0.10322498,HIGH,2026-03-06T19:04:40Z,8
62957.0,PAYLOAD,65410.0,PAYLOAD,3.1969,0.10318997,HIGH,2026-03-07T08:19:40Z,803
47630.0,PAYLOAD,48287.0,PAYLOAD,3.1991,0.10286512,HIGH,2026-03-07T18:49:40Z,1433
6961.0,DEBRIS,10031.0,ROCKET BODY,3.2019,0.1024647,HIGH,2026-03-06T22:34:40Z,218
19210.0,PAYLOAD,59215.0,PAYLOAD,3.202,0.10244953,HIGH,2026-03-06T21:45:40Z,169
16067.0,DEBRIS,31225.0,DEBRIS,3.2079,0.10159585,HIGH,2026-03-07T07:38:40Z,762
58736.0,PAYLOAD,66436.0,PAYLOAD,3.2108,0.10116884,HIGH,2026-03-07T13:39:40Z,1123
61519.0,PAYLOAD,66356.0,PAYLOAD,3.211,0.10114726,HIGH,2026-03-07T13:10:40Z,1094
65410.0,PAYLOAD,66288.0,PAYLOAD,3.2127,0.10089666,HIGH,2026-03-06T22:05:40Z,189
40698.0,ROCKET BODY,67273.0,UNKNOWN,3.2131,0.10084047,HIGH,2026-03-07T14:26:40Z,1170
58480.0,PAYLOAD,59853.0,PAYLOAD,3.2137,0.10075313,HIGH,2026-03-07T02:22:40Z,446
61634.0,PAYLOAD,61969.0,PAYLOAD,3.2144,0.10065052,HIGH,2026-03-07T14:54:40Z,1198
19210.0,PAYLOAD,65881.0,PAYLOAD,3.2179,0.10015222,HIGH,2026-03-07T16:30:40Z,1294
57701.0,PAYLOAD,66801.0,PAYLOAD,3.2251,0.09912853,HIGH,2026-03-06T19:45:40Z,49
48135.0,PAYLOAD,65372.0,PAYLOAD,3.2283,0.09867483,HIGH,2026-03-07T09:29:40Z,873
45877.0,ROCKET BODY,53831.0,PAYLOAD,3.2294,0.0985068,HIGH,2026-03-06T22:25:40Z,209
48130.0,PAYLOAD,65470.0,PAYLOAD,3.2346,0.0977868,HIGH,2026-03-07T18:56:40Z,1440
59467.0,PAYLOAD,61242.0,UNKNOWN,3.2365,0.09750838,HIGH,2026-03-07T08:02:40Z,786
48597.0,PAYLOAD,63493.0,PAYLOAD,3.2372,0.09740946,HIGH,2026-03-07T13:03:40Z,1087
60659.0,DEBRIS,81425.0,UNKNOWN,3.2397,0.09706119,HIGH,2026-03-07T04:06:40Z,550
31935.0,DEBRIS,42231.0,DEBRIS,3.2469,0.09605657,HIGH,2026-03-07T05:45:40Z,649
29815.0,DEBRIS,65227.0,PAYLOAD,3.248,0.09591043,HIGH,2026-03-07T07:43:40Z,767
58862.0,PAYLOAD,64251.0,PAYLOAD,3.2486,0.0958224,HIGH,2026-03-07T12:30:40Z,1054
29208.0,DEBRIS,31040.0,DEBRIS,3.2522,0.09533576,HIGH,2026-03-06T20:37:40Z,101
10569.0,DEBRIS,89274.0,UNKNOWN,3.2545,0.09501385,HIGH,2026-03-07T09:26:40Z,870
59931.0,PAYLOAD,66571.0,PAYLOAD,3.2555,0.09487074,HIGH,2026-03-07T10:31:40Z,935
13154.0,ROCKET BODY,56692.0,PAYLOAD,3.2608,0.09415049,HIGH,2026-03-07T16:39:40Z,1303
2761.0,PAYLOAD,10027.0,DEBRIS,3.2642,0.09368482,HIGH,2026-03-07T17:43:40Z,1367
58869.0,PAYLOAD,66430.0,PAYLOAD,3.2673,0.09327034,HIGH,2026-03-07T09:12:40Z,856
48597.0,PAYLOAD,63496.0,PAYLOAD,3.2723,0.09258963,HIGH,2026-03-07T02:04:40Z,428
63984.0,UNKNOWN,63992.0,UNKNOWN,3.2732,0.09247047,HIGH,2026-03-07T18:17:40Z,1401
32790.0,PAYLOAD,64939.0,PAYLOAD,3.2831,0.09115239,HIGH,2026-03-07T03:10:40Z,494
733.0,ROCKET BODY,30649.0,DEBRIS,3.2846,0.09094395,HIGH,2026-03-07T18:12:40Z,1396
58409.0,PAYLOAD,66479.0,PAYLOAD,3.2883,0.09045692,HIGH,2026-03-07T11:57:40Z,1021
914.0,PAYLOAD,4835.0,DEBRIS,3.2924,0.08991617,HIGH,2026-03-07T10:59:40Z,963
48481.0,PAYLOAD,66239.0,PAYLOAD,3.2971,0.08930552,HIGH,2026-03-06T20:23:40Z,87
33819.0,DEBRIS,41397.0,DEBRIS,3.2987,0.08908603,HIGH,2026-03-07T05:53:40Z,657
58488.0,PAYLOAD,59173.0,PAYLOAD,3.2997,0.08895934,HIGH,2026-03-07T12:03:40Z,1027
59304.0,PAYLOAD,63426.0,PAYLOAD,3.3004,0.08886399,HIGH,2026-03-07T10:38:40Z,942
47353.0,PAYLOAD,64175.0,PAYLOAD,3.306,0.08814517,HIGH,2026-03-07T08:25:40Z,809
51895.0,PAYLOAD,54103.0,PAYLOAD,3.3072,0.0879905,HIGH,2026-03-07T11:52:40Z,1016
61867.0,PAYLOAD,67416.0,PAYLOAD,3.3094,0.08770444,HIGH,2026-03-07T00:40:40Z,344
3942.0,DEBRIS,6540.0,DEBRIS,3.3118,0.08739564,HIGH,2026-03-06T21:30:40Z,154
10952.0,PAYLOAD,63664.0,PAYLOAD,3.3239,0.08585041,HIGH,2026-03-07T00:52:40Z,356
57740.0,PAYLOAD,63594.0,PAYLOAD,3.3266,0.08550242,HIGH,2026-03-07T12:43:40Z,1067
58826.0,PAYLOAD,65033.0,PAYLOAD,3.3293,0.08516432,HIGH,2026-03-07T12:02:40Z,1026
27453.0,PAYLOAD,54700.0,PAYLOAD,3.3293,0.0851634,HIGH,2026-03-06T23:28:40Z,272
66457.0,PAYLOAD,67174.0,PAYLOAD,3.3359,0.0843304,HIGH,2026-03-07T13:53:40Z,1137
59402.0,PAYLOAD,66799.0,PAYLOAD,3.3388,0.08396972,HIGH,2026-03-07T17:12:40Z,1336
61869.0,UNKNOWN,62678.0,PAYLOAD,3.3399,0.08384083,HIGH,2026-03-07T03:30:40Z,514
66963.0,PAYLOAD,67318.0,PAYLOAD,3.3413,0.08366764,HIGH,2026-03-07T18:07:40Z,1391
41173.0,PAYLOAD,62959.0,PAYLOAD,3.3424,0.08352947,HIGH,2026-03-07T08:18:40Z,802
47382.0,PAYLOAD,67431.0,PAYLOAD,3.3482,0.0828088,HIGH,2026-03-07T00:53:40Z,357
7210.0,ROCKET BODY,30206.0,DEBRIS,3.3601,0.08135658,HIGH,2026-03-07T05:26:40Z,630
57064.0,PAYLOAD,64055.0,PAYLOAD,3.3626,0.08105041,HIGH,2026-03-07T00:01:40Z,305
59217.0,PAYLOAD,66181.0,PAYLOAD,3.3628,0.08102499,HIGH,2026-03-07T12:42:40Z,1066
58191.0,PAYLOAD,63000.0,PAYLOAD,3.3639,0.08089869,HIGH,2026-03-07T01:12:40Z,376
31545.0,DEBRIS,38279.0,DEBRIS,3.3653,0.08072894,HIGH,2026-03-06T23:53:40Z,297
30406.0,DEBRIS,270345.0,UNKNOWN,3.3661,0.08062955,HIGH,2026-03-07T03:29:40Z,513
15519.0,DEBRIS,41336.0,ROCKET BODY,3.3747,0.07960001,HIGH,2026-03-07T12:32:40Z,1056
45570.0,PAYLOAD,62502.0,PAYLOAD,3.3764,0.07939142,HIGH,2026-03-07T09:40:40Z,884
57976.0,PAYLOAD,63656.0,PAYLOAD,3.3823,0.07869189,HIGH,2026-03-06T20:04:40Z,68
59172.0,PAYLOAD,59546.0,PAYLOAD,3.3842,0.0784622,HIGH,2026-03-07T14:52:40Z,1196
56697.0,PAYLOAD,61959.0,PAYLOAD,3.3853,0.07833804,HIGH,2026-03-07T01:23:40Z,387
53775.0,PAYLOAD,57608.0,PAYLOAD,3.3881,0.07801153,HIGH,2026-03-07T00:15:40Z,319
17607.0,DEBRIS,41264.0,DEBRIS,3.3916,0.07759461,HIGH,2026-03-07T00:36:40Z,340
59085.0,PAYLOAD,67180.0,PAYLOAD,3.3918,0.07758009,HIGH,2026-03-07T03:19:40Z,503
2176.0,PAYLOAD,30182.0,DEBRIS,3.393,0.07743383,HIGH,2026-03-07T11:24:40Z,988
29327.0,DEBRIS,67631.0,PAYLOAD,3.3935,0.07737581,HIGH,2026-03-07T07:38:40Z,762
5222.0,DEBRIS,15472.0,PAYLOAD,3.3975,0.07690878,HIGH,2026-03-06T22:07:40Z,191
59855.0,PAYLOAD,63658.0,PAYLOAD,3.3978,0.07687827,HIGH,2026-03-07T08:50:40Z,834
55053.0,PAYLOAD,67349.0,PAYLOAD,3.3983,0.07682118,HIGH,2026-03-07T04:21:40Z,565
20433.0,ROCKET BODY,47046.0,DEBRIS,3.4019,0.0764058,HIGH,2026-03-07T16:48:40Z,1312
58197.0,PAYLOAD,59241.0,PAYLOAD,3.4022,0.07636413,HIGH,2026-03-07T00:50:40Z,354
53261.0,PAYLOAD,56388.0,PAYLOAD,3.4031,0.07626506,HIGH,2026-03-07T17:04:40Z,1328
13403.0,ROCKET BODY,66818.0,PAYLOAD,3.4043,0.07611865,HIGH,2026-03-06T22:49:40Z,233
56142.0,PAYLOAD,56375.0,PAYLOAD,3.4049,0.07605561,HIGH,2026-03-07T04:48:40Z,592
2228.0,DEBRIS,3024.0,PAYLOAD,3.4127,0.07515634,HIGH,2026-03-06T19:26:40Z,30
58528.0,PAYLOAD,58627.0,PAYLOAD,3.4152,0.07487563,HIGH,2026-03-06T20:40:40Z,104
46267.0,PAYLOAD,59761.0,PAYLOAD,3.4161,0.07477048,HIGH,2026-03-06T21:27:40Z,151
35519.0,DEBRIS,64948.0,PAYLOAD,3.4184,0.07451336,HIGH,2026-03-06T20:07:40Z,71
56014.0,PAYLOAD,57074.0,PAYLOAD,3.4315,0.07304822,HIGH,2026-03-07T05:39:40Z,643
41556.0,PAYLOAD,67291.0,UNKNOWN,3.433,0.07287462,HIGH,2026-03-06T19:55:40Z,59
66697.0,PAYLOAD,67273.0,UNKNOWN,3.4339,0.07277613,HIGH,2026-03-07T17:02:40Z,1326
59550.0,PAYLOAD,64021.0,PAYLOAD,3.4358,0.07256429,HIGH,2026-03-07T04:39:40Z,583
59542.0,PAYLOAD,62107.0,PAYLOAD,3.4382,0.07230314,HIGH,2026-03-07T09:15:40Z,859
57472.0,PAYLOAD,62752.0,PAYLOAD,3.4404,0.07206069,HIGH,2026-03-07T04:16:40Z,560
67613.0,PAYLOAD,67798.0,PAYLOAD,3.4418,0.07189919,HIGH,2026-03-07T05:13:40Z,617
63070.0,PAYLOAD,63958.0,PAYLOAD,3.4419,0.07189439,HIGH,2026-03-07T07:28:40Z,752
13783.0,DEBRIS,54923.0,DEBRIS,3.4485,0.07116748,HIGH,2026-03-06T22:46:40Z,230
55047.0,PAYLOAD,57173.0,UNKNOWN,3.4489,0.07112017,HIGH,2026-03-07T09:42:40Z,886
6170.0,DEBRIS,11313.0,PAYLOAD,3.4528,0.07070314,HIGH,2026-03-07T13:08:40Z,1092
55054.0,PAYLOAD,62893.0,PAYLOAD,3.4532,0.07066271,HIGH,2026-03-07T10:10:40Z,914
58188.0,PAYLOAD,63196.0,PAYLOAD,3.456,0.0703543,HIGH,2026-03-07T01:49:40Z,413
4532.0,DEBRIS,47752.0,PAYLOAD,3.4602,0.06990625,HIGH,2026-03-07T07:39:40Z,763
63298.0,UNKNOWN,66279.0,PAYLOAD,3.4625,0.06965615,HIGH,2026-03-06T19:23:40Z,27
36940.0,DEBRIS,50774.0,DEBRIS,3.4657,0.06930913,HIGH,2026-03-07T07:37:40Z,761
59198.0,PAYLOAD,63418.0,PAYLOAD,3.4658,0.06930191,HIGH,2026-03-07T08:39:40Z,823
12278.0,DEBRIS,36935.0,DEBRIS,3.4704,0.06881542,HIGH,2026-03-07T10:29:40Z,933
6055.0,DEBRIS,10948.0,ROCKET BODY,3.4754,0.06828397,HIGH,2026-03-07T03:01:40Z,485
59660.0,PAYLOAD,63788.0,PAYLOAD,3.4774,0.06807343,HIGH,2026-03-07T00:46:40Z,350
59683.0,PAYLOAD,67055.0,PAYLOAD,3.4781,0.06800305,HIGH,2026-03-07T16:33:40Z,1297
45650.0,DEBRIS,54971.0,DEBRIS,3.4811,0.06768673,HIGH,2026-03-06T22:06:40Z,190
57972.0,PAYLOAD,59318.0,PAYLOAD,3.4845,0.06732905,HIGH,2026-03-06T20:26:40Z,90
59273.0,PAYLOAD,65513.0,PAYLOAD,3.4853,0.06724982,HIGH,2026-03-07T13:17:40Z,1101
29356.0,DEBRIS,81812.0,UNKNOWN,3.4856,0.06721226,HIGH,2026-03-07T08:38:40Z,822
59731.0,PAYLOAD,67336.0,PAYLOAD,3.4863,0.06714567,HIGH,2026-03-07T12:31:40Z,1055
57176.0,UNKNOWN,62039.0,PAYLOAD,3.4896,0.06680054,HIGH,2026-03-07T03:37:40Z,521
22.0,PAYLOAD,57300.0,PAYLOAD,3.4982,0.06591637,HIGH,2026-03-07T01:58:40Z,422
12170.0,DEBRIS,41300.0,DEBRIS,3.4999,0.06573983,HIGH,2026-03-07T08:24:40Z,808
62651.0,PAYLOAD,62663.0,PAYLOAD,3.5001,0.06571413,HIGH,2026-03-07T12:13:40Z,1037
59085.0,PAYLOAD,62214.0,PAYLOAD,3.5103,0.06467986,HIGH,2026-03-07T11:06:40Z,970
62383.0,PAYLOAD,63681.0,PAYLOAD,3.5128,0.06443306,HIGH,2026-03-06T19:42:40Z,46
48121.0,PAYLOAD,66180.0,PAYLOAD,3.513,0.06440593,HIGH,2026-03-07T14:13:40Z,1157
53598.0,PAYLOAD,57406.0,PAYLOAD,3.5134,0.06437082,HIGH,2026-03-07T06:25:40Z,689
59401.0,PAYLOAD,66861.0,PAYLOAD,3.5155,0.06416133,HIGH,2026-03-07T08:31:40Z,815
62487.0,PAYLOAD,66577.0,PAYLOAD,3.5167,0.06403667,HIGH,2026-03-07T10:33:40Z,937
39767.0,PAYLOAD,40012.0,PAYLOAD,3.5172,0.06399271,HIGH,2026-03-06T22:23:40Z,207
58177.0,PAYLOAD,63413.0,PAYLOAD,3.5223,0.06348498,HIGH,2026-03-07T17:30:40Z,1354
4504.0,ROCKET BODY,11021.0,DEBRIS,3.5235,0.0633642,HIGH,2026-03-07T03:20:40Z,504
29948.0,DEBRIS,37914.0,DEBRIS,3.5251,0.06320709,HIGH,2026-03-07T10:00:40Z,904
54597.0,DEBRIS,56236.0,DEBRIS,3.5315,0.06257268,HIGH,2026-03-07T18:31:40Z,1415
8988.0,DEBRIS,64296.0,PAYLOAD,3.5348,0.06225075,HIGH,2026-03-07T09:17:40Z,861
61272.0,DEBRIS,64634.0,DEBRIS,3.5348,0.06224976,HIGH,2026-03-06T21:24:40Z,148
141.0,DEBRIS,31275.0,DEBRIS,3.5354,0.06218495,HIGH,2026-03-06T20:14:40Z,78
11416.0,PAYLOAD,28454.0,PAYLOAD,3.5376,0.06197978,HIGH,2026-03-07T03:57:40Z,541
59301.0,PAYLOAD,67411.0,PAYLOAD,3.5385,0.06188506,HIGH,2026-03-07T10:08:40Z,912
1191.0,PAYLOAD,7989.0,DEBRIS,3.5416,0.06158725,HIGH,2026-03-07T16:36:40Z,1300
58510.0,PAYLOAD,67300.0,PAYLOAD,3.542,0.06154637,HIGH,2026-03-07T09:01:40Z,845
63830.0,PAYLOAD,65493.0,PAYLOAD,3.5426,0.06148607,HIGH,2026-03-07T05:54:40Z,658
56319.0,PAYLOAD,56342.0,PAYLOAD,3.5437,0.06137976,HIGH,2026-03-07T14:41:40Z,1185
54761.0,PAYLOAD,65769.0,PAYLOAD,3.5437,0.06137966,HIGH,2026-03-07T18:27:40Z,1411
57476.0,PAYLOAD,66473.0,PAYLOAD,3.5486,0.06091014,HIGH,2026-03-06T19:26:40Z,30
63561.0,PAYLOAD,63979.0,PAYLOAD,3.5503,0.0607474,HIGH,2026-03-07T14:16:40Z,1160
19950.0,DEBRIS,270148.0,UNKNOWN,3.5506,0.06072278,HIGH,2026-03-07T13:26:40Z,1110
3945.0,ROCKET BODY,6316.0,ROCKET BODY,3.5533,0.06045613,HIGH,2026-03-07T11:24:40Z,988
12209.0,DEBRIS,44547.0,PAYLOAD,3.5565,0.06015468,HIGH,2026-03-07T09:27:40Z,871
8027.0,ROCKET BODY,20870.0,DEBRIS,3.5581,0.06000313,HIGH,2026-03-06T19:45:40Z,49
58091.0,PAYLOAD,63850.0,PAYLOAD,3.5609,0.05973761,HIGH,2026-03-07T03:44:40Z,528
48686.0,PAYLOAD,59889.0,PAYLOAD,3.5663,0.05922588,HIGH,2026-03-07T07:05:40Z,729
59688.0,PAYLOAD,67507.0,PAYLOAD,3.5678,0.05908581,HIGH,2026-03-07T14:27:40Z,1171
37409.0,DEBRIS,65054.0,ROCKET BODY,3.569,0.0589782,HIGH,2026-03-07T09:35:40Z,879
58372.0,PAYLOAD,64534.0,PAYLOAD,3.569,0.05897814,HIGH,2026-03-07T03:30:40Z,514
62209.0,PAYLOAD,67505.0,PAYLOAD,3.5713,0.05876468,HIGH,2026-03-07T16:43:40Z,1307
59555.0,PAYLOAD,61793.0,PAYLOAD,3.5732,0.05858364,HIGH,2026-03-07T06:18:40Z,682
61858.0,PAYLOAD,67419.0,PAYLOAD,3.5733,0.05857528,HIGH,2026-03-07T11:36:40Z,1000
48425.0,PAYLOAD,57112.0,PAYLOAD,3.5887,0.05716169,HIGH,2026-03-07T07:25:40Z,749
47630.0,PAYLOAD,60292.0,PAYLOAD,3.591,0.05695086,HIGH,2026-03-07T02:19:40Z,443
48309.0,PAYLOAD,48317.0,PAYLOAD,3.5916,0.05689654,HIGH,2026-03-07T09:07:40Z,851
57813.0,PAYLOAD,66531.0,PAYLOAD,3.5917,0.05688318,HIGH,2026-03-07T01:31:40Z,395
58249.0,PAYLOAD,58367.0,PAYLOAD,3.5937,0.05670156,HIGH,2026-03-07T06:43:40Z,707
48135.0,PAYLOAD,58103.0,PAYLOAD,3.6008,0.05606273,HIGH,2026-03-06T22:29:40Z,213
65409.0,PAYLOAD,66232.0,PAYLOAD,3.6016,0.05599116,HIGH,2026-03-06T19:48:40Z,52
31413.0,DEBRIS,34579.0,DEBRIS,3.6044,0.05574513,HIGH,2026-03-07T10:00:40Z,904
48669.0,PAYLOAD,64918.0,PAYLOAD,3.6064,0.05556659,HIGH,2026-03-06T20:46:40Z,110
58181.0,PAYLOAD,62997.0,PAYLOAD,3.6162,0.05469926,HIGH,2026-03-07T06:25:40Z,689
63971.0,PAYLOAD,66795.0,PAYLOAD,3.6171,0.05461308,HIGH,2026-03-07T15:43:40Z,1247
29177.0,DEBRIS,48993.0,PAYLOAD,3.623,0.05410253,HIGH,2026-03-07T04:13:40Z,557
60297.0,PAYLOAD,63452.0,PAYLOAD,3.6277,0.05369605,HIGH,2026-03-07T14:49:40Z,1193
1866.0,PAYLOAD,2319.0,DEBRIS,3.6287,0.05360589,HIGH,2026-03-07T01:23:40Z,387
38265.0,DEBRIS,54283.0,DEBRIS,3.6368,0.05290985,HIGH,2026-03-07T01:36:40Z,400
53263.0,PAYLOAD,56538.0,PAYLOAD,3.6379,0.05281642,HIGH,2026-03-06T23:29:40Z,273
58212.0,PAYLOAD,66465.0,PAYLOAD,3.6421,0.05245346,HIGH,2026-03-07T09:47:40Z,891
58739.0,PAYLOAD,67343.0,PAYLOAD,3.646,0.05212534,HIGH,2026-03-06T22:43:40Z,227
43678.0,PAYLOAD,55633.0,PAYLOAD,3.6508,0.05172663,HIGH,2026-03-06T21:32:40Z,156
18123.0,PAYLOAD,31368.0,DEBRIS,3.6629,0.05071518,HIGH,2026-03-07T13:00:40Z,1084
33866.0,DEBRIS,57792.0,PAYLOAD,3.6652,0.0505239,HIGH,2026-03-07T01:37:40Z,401
58358.0,PAYLOAD,62231.0,PAYLOAD,3.6661,0.05045133,HIGH,2026-03-07T04:30:40Z,574
58078.0,PAYLOAD,63842.0,PAYLOAD,3.6685,0.05025439,HIGH,2026-03-07T05:10:40Z,614
59310.0,PAYLOAD,62424.0,PAYLOAD,3.6704,0.05009687,HIGH,2026-03-06T19:36:40Z,40
31692.0,DEBRIS,60697.0,DEBRIS,3.6741,0.04980099,ELEVATED,2026-03-07T07:16:40Z,740
58524.0,PAYLOAD,63851.0,PAYLOAD,3.6751,0.04971474,ELEVATED,2026-03-06T19:48:40Z,52
58453.0,PAYLOAD,67036.0,PAYLOAD,3.6813,0.04921516,ELEVATED,2026-03-06T21:17:40Z,141
58054.0,PAYLOAD,59037.0,PAYLOAD,3.6819,0.04916758,ELEVATED,2026-03-07T02:23:40Z,447
45460.0,PAYLOAD,56504.0,PAYLOAD,3.6825,0.04911893,ELEVATED,2026-03-07T17:16:40Z,1340
59568.0,PAYLOAD,59583.0,PAYLOAD,3.6827,0.04909975,ELEVATED,2026-03-06T21:52:40Z,176
29855.0,DEBRIS,48719.0,DEBRIS,3.6844,0.04896555,ELEVATED,2026-03-07T05:49:40Z,653
23561.0,ROCKET BODY,37665.0,DEBRIS,3.6862,0.04882298,ELEVATED,2026-03-07T03:28:40Z,512
59933.0,PAYLOAD,62637.0,PAYLOAD,3.6874,0.04872679,ELEVATED,2026-03-06T22:40:40Z,224
40471.0,DEBRIS,54527.0,DEBRIS,3.6895,0.04855836,ELEVATED,2026-03-07T14:06:40Z,1150
63830.0,PAYLOAD,66632.0,PAYLOAD,3.6897,0.04854044,ELEVATED,2026-03-07T02:40:40Z,464
58067.0,PAYLOAD,63200.0,PAYLOAD,3.6897,0.04854007,ELEVATED,2026-03-07T16:44:40Z,1308
45128.0,DEBRIS,48179.0,DEBRIS,3.6908,0.0484517,ELEVATED,2026-03-07T04:15:40Z,559
58557.0,PAYLOAD,64889.0,UNKNOWN,3.692,0.04835833,ELEVATED,2026-03-07T08:59:40Z,843
58066.0,PAYLOAD,63686.0,PAYLOAD,3.6938,0.04821568,ELEVATED,2026-03-07T05:27:40Z,631
12673.0,DEBRIS,31739.0,DEBRIS,3.6951,0.04811653,ELEVATED,2026-03-07T08:13:40Z,797
17528.0,ROCKET BODY,33973.0,DEBRIS,3.6969,0.04797548,ELEVATED,2026-03-07T04:58:40Z,602
64208.0,PAYLOAD,64676.0,PAYLOAD,3.6977,0.04790763,ELEVATED,2026-03-07T12:25:40Z,1049
54053.0,PAYLOAD,54791.0,PAYLOAD,3.701,0.04764641,ELEVATED,2026-03-07T12:57:40Z,1081
43011.0,PAYLOAD,54384.0,DEBRIS,3.7019,0.04757972,ELEVATED,2026-03-06T21:01:40Z,125
5105.0,PAYLOAD,42547.0,DEBRIS,3.7021,0.04756662,ELEVATED,2026-03-07T07:04:40Z,728
59218.0,PAYLOAD,62383.0,PAYLOAD,3.7021,0.04756153,ELEVATED,2026-03-07T15:27:40Z,1231
31658.0,DEBRIS,61292.0,DEBRIS,3.7023,0.04754826,ELEVATED,2026-03-06T23:37:40Z,281
45570.0,PAYLOAD,59433.0,PAYLOAD,3.71,0.04694675,ELEVATED,2026-03-07T14:22:40Z,1166
54086.0,PAYLOAD,88805.0,TBA,3.7187,0.04627995,ELEVATED,2026-03-06T19:24:40Z,28
17177.0,PAYLOAD,27533.0,DEBRIS,3.728,0.04557165,ELEVATED,2026-03-06T23:09:40Z,253
63827.0,PAYLOAD,63858.0,PAYLOAD,3.729,0.04549677,ELEVATED,2026-03-06T21:50:40Z,174
13619.0,DEBRIS,61410.0,DEBRIS,3.7316,0.04530411,ELEVATED,2026-03-07T15:32:40Z,1236
55196.0,DEBRIS,67374.0,PAYLOAD,3.7366,0.04492844,ELEVATED,2026-03-07T14:31:40Z,1175
57866.0,PAYLOAD,57884.0,PAYLOAD,3.7396,0.04470455,ELEVATED,2026-03-07T15:17:40Z,1221
52492.0,PAYLOAD,56039.0,PAYLOAD,3.7406,0.044631,ELEVATED,2026-03-07T16:13:40Z,1277
65408.0,PAYLOAD,66287.0,PAYLOAD,3.7411,0.04459016,ELEVATED,2026-03-06T21:24:40Z,148
58752.0,ROCKET BODY,60214.0,ROCKET BODY,3.7477,0.04410781,ELEVATED,2026-03-07T04:33:40Z,577
2917.0,ROCKET BODY,8514.0,DEBRIS,3.7511,0.04385751,ELEVATED,2026-03-07T17:09:40Z,1333
57533.0,PAYLOAD,58001.0,PAYLOAD,3.7552,0.04355858,ELEVATED,2026-03-07T00:19:40Z,323
60146.0,PAYLOAD,62962.0,PAYLOAD,3.7563,0.04347997,ELEVATED,2026-03-07T17:27:40Z,1351
11199.0,DEBRIS,48116.0,PAYLOAD,3.7588,0.04329642,ELEVATED,2026-03-06T23:25:40Z,269
58610.0,PAYLOAD,64386.0,PAYLOAD,3.7599,0.04321679,ELEVATED,2026-03-07T18:16:40Z,1400
58000.0,PAYLOAD,63860.0,PAYLOAD,3.7605,0.04317616,ELEVATED,2026-03-06T20:14:40Z,78
58678.0,PAYLOAD,63777.0,PAYLOAD,3.7613,0.04311383,ELEVATED,2026-03-07T18:35:40Z,1419
65981.0,PAYLOAD,65987.0,PAYLOAD,3.7625,0.04302675,ELEVATED,2026-03-07T14:10:40Z,1154
58420.0,PAYLOAD,58477.0,PAYLOAD,3.7645,0.04288597,ELEVATED,2026-03-06T21:17:40Z,141
4872.0,PAYLOAD,11022.0,PAYLOAD,3.7649,0.04285612,ELEVATED,2026-03-06T20:30:40Z,94
63105.0,PAYLOAD,63194.0,PAYLOAD,3.77,0.04249092,ELEVATED,2026-03-07T04:23:40Z,567
51968.0,PAYLOAD,58225.0,PAYLOAD,3.7714,0.04239007,ELEVATED,2026-03-07T14:50:40Z,1194
61069.0,PAYLOAD,66094.0,PAYLOAD,3.7721,0.04234614,ELEVATED,2026-03-07T11:09:40Z,973
31495.0,DEBRIS,87235.0,UNKNOWN,3.7777,0.04194618,ELEVATED,2026-03-06T23:39:40Z,283
39189.0,PAYLOAD,40348.0,PAYLOAD,3.787,0.04129463,ELEVATED,2026-03-06T21:54:40Z,178
35898.0,DEBRIS,56399.0,PAYLOAD,3.788,0.04122796,ELEVATED,2026-03-07T15:12:40Z,1216
56556.0,PAYLOAD,56903.0,PAYLOAD,3.7928,0.04089263,ELEVATED,2026-03-07T10:28:40Z,932
57873.0,PAYLOAD,61918.0,PAYLOAD,3.7932,0.04086631,ELEVATED,2026-03-07T15:43:40Z,1247
43620.0,ROCKET BODY,270086.0,UNKNOWN,3.8014,0.04030862,ELEVATED,2026-03-06T21:25:40Z,149
53572.0,PAYLOAD,58755.0,PAYLOAD,3.8028,0.0402113,ELEVATED,2026-03-07T03:28:40Z,512
49052.0,PAYLOAD,52664.0,PAYLOAD,3.803,0.04019449,ELEVATED,2026-03-07T13:32:40Z,1116
6107.0,DEBRIS,63846.0,PAYLOAD,3.8039,0.04013922,ELEVATED,2026-03-07T05:27:40Z,631
48663.0,PAYLOAD,54397.0,DEBRIS,3.806,0.03999703,ELEVATED,2026-03-07T02:45:40Z,469
57671.0,PAYLOAD,66211.0,PAYLOAD,3.8081,0.03985407,ELEVATED,2026-03-07T02:11:40Z,435
4848.0,ROCKET BODY,6684.0,PAYLOAD,3.8112,0.03964267,ELEVATED,2026-03-06T23:22:40Z,266
57529.0,PAYLOAD,64019.0,PAYLOAD,3.8118,0.03960443,ELEVATED,2026-03-06T21:27:40Z,151
32093.0,DEBRIS,60763.0,DEBRIS,3.8131,0.03951865,ELEVATED,2026-03-07T18:40:40Z,1424
7213.0,PAYLOAD,42188.0,DEBRIS,3.8139,0.03945966,ELEVATED,2026-03-07T08:19:40Z,803
18592.0,DEBRIS,36734.0,DEBRIS,3.8158,0.03933322,ELEVATED,2026-03-06T20:13:40Z,77
66684.0,PAYLOAD,66700.0,PAYLOAD,3.8166,0.03927985,ELEVATED,2026-03-06T22:39:40Z,223
58409.0,PAYLOAD,63635.0,PAYLOAD,3.8171,0.03925111,ELEVATED,2026-03-07T05:01:40Z,605
5023.0,DEBRIS,52935.0,PAYLOAD,3.8205,0.03902448,ELEVATED,2026-03-06T23:19:40Z,263
19112.0,DEBRIS,57237.0,PAYLOAD,3.8205,0.03902363,ELEVATED,2026-03-06T19:43:40Z,47
44209.0,PAYLOAD,59805.0,UNKNOWN,3.8276,0.03855736,ELEVATED,2026-03-07T18:36:40Z,1420
55512.0,DEBRIS,55875.0,DEBRIS,3.8346,0.03809825,ELEVATED,2026-03-06T20:27:40Z,91
64608.0,PAYLOAD,65693.0,PAYLOAD,3.8354,0.03804665,ELEVATED,2026-03-06T19:40:40Z,44
45.0,PAYLOAD,65980.0,PAYLOAD,3.8382,0.03786245,ELEVATED,2026-03-07T03:15:40Z,499
35378.0,DEBRIS,64923.0,PAYLOAD,3.8474,0.03727652,ELEVATED,2026-03-07T08:31:40Z,815
60597.0,PAYLOAD,66250.0,PAYLOAD,3.8489,0.03718062,ELEVATED,2026-03-07T01:44:40Z,408
37594.0,DEBRIS,60690.0,DEBRIS,3.8492,0.03715915,ELEVATED,2026-03-07T02:07:40Z,431
58663.0,PAYLOAD,67349.0,PAYLOAD,3.8499,0.03711865,ELEVATED,2026-03-07T06:06:40Z,670
51770.0,PAYLOAD,57353.0,PAYLOAD,3.8503,0.03708967,ELEVATED,2026-03-07T04:12:40Z,556
58217.0,PAYLOAD,64761.0,PAYLOAD,3.8564,0.03670467,ELEVATED,2026-03-07T08:17:40Z,801
63593.0,PAYLOAD,66537.0,PAYLOAD,3.8601,0.03647418,ELEVATED,2026-03-07T06:14:40Z,678
45201.0,PAYLOAD,59696.0,PAYLOAD,3.8606,0.03644272,ELEVATED,2026-03-07T14:45:40Z,1189
60500.0,PAYLOAD,66088.0,PAYLOAD,3.8622,0.03634055,ELEVATED,2026-03-07T13:10:40Z,1094
57915.0,PAYLOAD,67312.0,PAYLOAD,3.8631,0.036283,ELEVATED,2026-03-07T09:15:40Z,859
62587.0,PAYLOAD,62885.0,PAYLOAD,3.8668,0.0360558,ELEVATED,2026-03-07T05:45:40Z,649
4586.0,DEBRIS,27677.0,DEBRIS,3.8704,0.03583,ELEVATED,2026-03-06T23:06:40Z,250
31561.0,DEBRIS,54971.0,DEBRIS,3.8718,0.03574473,ELEVATED,2026-03-07T05:37:40Z,641
58451.0,PAYLOAD,64384.0,PAYLOAD,3.8763,0.03547193,ELEVATED,2026-03-07T11:58:40Z,1022
59045.0,PAYLOAD,63803.0,PAYLOAD,3.8791,0.03529852,ELEVATED,2026-03-07T05:50:40Z,654
58109.0,PAYLOAD,58502.0,UNKNOWN,3.8794,0.03528374,ELEVATED,2026-03-07T01:00:40Z,364
3735.0,DEBRIS,65892.0,PAYLOAD,3.8798,0.0352548,ELEVATED,2026-03-06T23:57:40Z,301
57784.0,PAYLOAD,63968.0,PAYLOAD,3.8816,0.03514657,ELEVATED,2026-03-07T14:37:40Z,1181
62908.0,PAYLOAD,64132.0,PAYLOAD,3.8874,0.03479551,ELEVATED,2026-03-07T08:58:40Z,842
59158.0,PAYLOAD,67318.0,PAYLOAD,3.8911,0.03457335,ELEVATED,2026-03-07T17:31:40Z,1355
58894.0,PAYLOAD,60468.0,UNKNOWN,3.8914,0.03455614,ELEVATED,2026-03-07T07:55:40Z,779
29970.0,DEBRIS,38138.0,DEBRIS,3.895,0.03434632,ELEVATED,2026-03-07T06:08:40Z,672
47382.0,PAYLOAD,64280.0,PAYLOAD,3.8984,0.03413993,ELEVATED,2026-03-07T06:01:40Z,665
63894.0,PAYLOAD,67110.0,PAYLOAD,3.9037,0.03382924,ELEVATED,2026-03-07T03:53:40Z,537
3638.0,DEBRIS,53493.0,PAYLOAD,3.9045,0.03378545,ELEVATED,2026-03-07T16:49:40Z,1313
48639.0,PAYLOAD,66030.0,PAYLOAD,3.906,0.03369508,ELEVATED,2026-03-07T03:54:40Z,538
30852.0,DEBRIS,36216.0,DEBRIS,3.9067,0.03365389,ELEVATED,2026-03-07T01:17:40Z,381
57993.0,PAYLOAD,58053.0,PAYLOAD,3.9071,0.03363281,ELEVATED,2026-03-07T12:53:40Z,1077
59267.0,PAYLOAD,65499.0,PAYLOAD,3.912,0.03334834,ELEVATED,2026-03-07T07:16:40Z,740
56287.0,PAYLOAD,67466.0,PAYLOAD,3.9132,0.03327844,ELEVATED,2026-03-06T23:51:40Z,295
37725.0,DEBRIS,47978.0,PAYLOAD,3.9142,0.03321997,ELEVATED,2026-03-07T18:40:40Z,1424
57531.0,PAYLOAD,59571.0,PAYLOAD,3.9171,0.03305117,ELEVATED,2026-03-07T07:50:40Z,774
24051.0,DEBRIS,36139.0,DEBRIS,3.9181,0.03299224,ELEVATED,2026-03-07T11:45:40Z,1009
7133.0,DEBRIS,16451.0,PAYLOAD,3.9214,0.03280424,ELEVATED,2026-03-07T11:50:40Z,1014
58446.0,PAYLOAD,63638.0,PAYLOAD,3.9243,0.03264172,ELEVATED,2026-03-07T08:27:40Z,811
36434.0,DEBRIS,38801.0,DEBRIS,3.926,0.03254478,ELEVATED,2026-03-07T02:54:40Z,478
66772.0,PAYLOAD,67251.0,UNKNOWN,3.9289,0.03237982,ELEVATED,2026-03-07T06:42:40Z,706
392.0,DEBRIS,10064.0,PAYLOAD,3.9299,0.0323216,ELEVATED,2026-03-06T23:34:40Z,278
62112.0,PAYLOAD,66688.0,PAYLOAD,3.9333,0.03212857,ELEVATED,2026-03-07T05:36:40Z,640
57531.0,PAYLOAD,66437.0,PAYLOAD,3.9339,0.03209735,ELEVATED,2026-03-06T23:02:40Z,246
58594.0,PAYLOAD,63978.0,PAYLOAD,3.9394,0.03178912,ELEVATED,2026-03-07T07:54:40Z,778
43819.0,PAYLOAD,65250.0,PAYLOAD,3.9403,0.0317363,ELEVATED,2026-03-07T03:43:40Z,527
26930.0,PAYLOAD,36330.0,DEBRIS,3.944,0.03153499,ELEVATED,2026-03-07T14:45:40Z,1189
6404.0,DEBRIS,58530.0,PAYLOAD,3.9531,0.03103421,ELEVATED,2026-03-06T23:51:40Z,295
31354.0,DEBRIS,41716.0,DEBRIS,3.9536,0.0310077,ELEVATED,2026-03-07T11:43:40Z,1007
45201.0,PAYLOAD,59602.0,PAYLOAD,3.9607,0.03062014,ELEVATED,2026-03-07T16:24:40Z,1288
44819.0,PAYLOAD,48079.0,PAYLOAD,3.9608,0.03061673,ELEVATED,2026-03-07T13:50:40Z,1134
4042.0,PAYLOAD,4961.0,DEBRIS,3.962,0.03055122,ELEVATED,2026-03-07T16:46:40Z,1310
8959.0,DEBRIS,32162.0,DEBRIS,3.9659,0.03034369,ELEVATED,2026-03-06T21:06:40Z,130
58210.0,PAYLOAD,58217.0,PAYLOAD,3.9661,0.03033128,ELEVATED,2026-03-07T15:20:40Z,1224
61845.0,PAYLOAD,61925.0,PAYLOAD,3.9679,0.0302356,ELEVATED,2026-03-07T07:09:40Z,733
54996.0,DEBRIS,55222.0,DEBRIS,3.9722,0.03000897,ELEVATED,2026-03-07T06:06:40Z,670
17156.0,DEBRIS,53230.0,PAYLOAD,3.9743,0.02989468,ELEVATED,2026-03-06T19:45:40Z,49
57522.0,PAYLOAD,59488.0,PAYLOAD,3.9827,0.02945813,ELEVATED,2026-03-07T07:45:40Z,769
47771.0,PAYLOAD,64724.0,PAYLOAD,3.983,0.02943869,ELEVATED,2026-03-06T23:36:40Z,280
11487.0,PAYLOAD,68024.0,UNKNOWN,3.9865,0.02925701,ELEVATED,2026-03-06T23:29:40Z,273
34097.0,DEBRIS,87334.0,UNKNOWN,3.9905,0.02905346,ELEVATED,2026-03-06T20:48:40Z,112
11046.0,PAYLOAD,13162.0,PAYLOAD,3.9923,0.02895716,ELEVATED,2026-03-07T11:08:40Z,972
30895.0,DEBRIS,37069.0,DEBRIS,3.9962,0.0287593,ELEVATED,2026-03-07T14:41:40Z,1185
58185.0,PAYLOAD,59663.0,PAYLOAD,3.9991,0.02861323,ELEVATED,2026-03-07T11:53:40Z,1017
30036.0,DEBRIS,43642.0,PAYLOAD,4.0011,0.02851005,ELEVATED,2026-03-06T23:56:40Z,300
14547.0,ROCKET BODY,17616.0,DEBRIS,4.0018,0.02847633,ELEVATED,2026-03-06T20:39:40Z,103
5542.0,DEBRIS,7453.0,DEBRIS,4.0023,0.02845111,ELEVATED,2026-03-07T08:25:40Z,809
38621.0,DEBRIS,55891.0,DEBRIS,4.0034,0.02839546,ELEVATED,2026-03-07T14:59:40Z,1203
31944.0,DEBRIS,32067.0,DEBRIS,4.0044,0.02834525,ELEVATED,2026-03-06T22:01:40Z,185
52557.0,PAYLOAD,55583.0,PAYLOAD,4.0094,0.02809142,ELEVATED,2026-03-06T21:48:40Z,172
1506.0,PAYLOAD,23493.0,DEBRIS,4.0098,0.02807147,ELEVATED,2026-03-07T10:37:40Z,941
57704.0,PAYLOAD,59305.0,PAYLOAD,4.0111,0.02800799,ELEVATED,2026-03-06T22:02:40Z,186
38011.0,PAYLOAD,40118.0,PAYLOAD,4.0111,0.02800705,ELEVATED,2026-03-07T11:08:40Z,972
59607.0,PAYLOAD,66615.0,PAYLOAD,4.0157,0.02777565,ELEVATED,2026-03-07T10:13:40Z,917
5379.0,PAYLOAD,10556.0,DEBRIS,4.0175,0.02768967,ELEVATED,2026-03-06T19:16:40Z,20
37094.0,DEBRIS,37993.0,DEBRIS,4.0177,0.02767904,ELEVATED,2026-03-06T23:16:40Z,260
62902.0,PAYLOAD,66663.0,ROCKET BODY,4.0193,0.02759857,ELEVATED,2026-03-07T18:10:40Z,1394
10597.0,DEBRIS,67693.0,PAYLOAD,4.023,0.02741986,ELEVATED,2026-03-07T00:33:40Z,337
37270.0,DEBRIS,41006.0,DEBRIS,4.0268,0.02723002,ELEVATED,2026-03-07T06:47:40Z,711
58800.0,PAYLOAD,61963.0,PAYLOAD,4.0285,0.02715085,ELEVATED,2026-03-07T17:47:40Z,1371
37889.0,DEBRIS,65619.0,PAYLOAD,4.0301,0.02707266,ELEVATED,2026-03-07T08:33:40Z,817
60464.0,PAYLOAD,66457.0,PAYLOAD,4.0323,0.02696286,ELEVATED,2026-03-07T00:00:40Z,304
57702.0,PAYLOAD,66794.0,PAYLOAD,4.0331,0.02692768,ELEVATED,2026-03-06T21:46:40Z,170
24914.0,DEBRIS,25942.0,ROCKET BODY,4.0342,0.02687208,ELEVATED,2026-03-06T19:52:40Z,56
40409.0,DEBRIS,61485.0,DEBRIS,4.037,0.02673722,ELEVATED,2026-03-07T12:54:40Z,1078
43776.0,PAYLOAD,65654.0,PAYLOAD,4.0391,0.02663601,ELEVATED,2026-03-07T00:06:40Z,310
5660.0,DEBRIS,9624.0,DEBRIS,4.0415,0.02652576,ELEVATED,2026-03-06T19:13:40Z,17
21299.0,PAYLOAD,40770.0,DEBRIS,4.0443,0.02639034,ELEVATED,2026-03-07T13:56:40Z,1140
46064.0,PAYLOAD,66103.0,PAYLOAD,4.0486,0.02618611,ELEVATED,2026-03-07T18:46:40Z,1430
58181.0,PAYLOAD,59330.0,PAYLOAD,4.0495,0.02614269,ELEVATED,2026-03-07T17:20:40Z,1344
58527.0,PAYLOAD,63822.0,PAYLOAD,4.0535,0.02595592,ELEVATED,2026-03-07T17:18:40Z,1342
48356.0,PAYLOAD,66395.0,PAYLOAD,4.0592,0.02569177,ELEVATED,2026-03-07T03:01:40Z,485
62199.0,PAYLOAD,66518.0,PAYLOAD,4.0626,0.02553331,ELEVATED,2026-03-07T08:59:40Z,843
62527.0,PAYLOAD,67469.0,PAYLOAD,4.0642,0.0254622,ELEVATED,2026-03-07T09:15:40Z,859
58291.0,PAYLOAD,66529.0,PAYLOAD,4.0684,0.02526958,ELEVATED,2026-03-07T01:01:40Z,365
14880.0,DEBRIS,18938.0,PAYLOAD,4.0692,0.02523149,ELEVATED,2026-03-06T20:22:40Z,86
24007.0,DEBRIS,88805.0,TBA,4.0727,0.02507286,ELEVATED,2026-03-07T18:14:40Z,1398
57993.0,PAYLOAD,59899.0,PAYLOAD,4.0742,0.0250035,ELEVATED,2026-03-07T15:24:40Z,1228
46047.0,PAYLOAD,60368.0,PAYLOAD,4.0744,0.02499761,ELEVATED,2026-03-06T20:18:40Z,82
1739.0,ROCKET BODY,30846.0,DEBRIS,4.0778,0.02484305,ELEVATED,2026-03-07T15:01:40Z,1205
32342.0,DEBRIS,55199.0,DEBRIS,4.0801,0.02473814,ELEVATED,2026-03-07T17:34:40Z,1358
11189.0,DEBRIS,48464.0,PAYLOAD,4.0812,0.02468769,ELEVATED,2026-03-07T16:40:40Z,1304
58492.0,PAYLOAD,59174.0,PAYLOAD,4.0879,0.02439136,ELEVATED,2026-03-07T11:41:40Z,1005
42367.0,DEBRIS,54933.0,DEBRIS,4.0902,0.02428947,ELEVATED,2026-03-07T00:39:40Z,343
54943.0,DEBRIS,55542.0,DEBRIS,4.0942,0.02411215,ELEVATED,2026-03-07T13:36:40Z,1120
57977.0,PAYLOAD,63147.0,PAYLOAD,4.0976,0.02396246,ELEVATED,2026-03-07T05:19:40Z,623
44207.0,PAYLOAD,59805.0,UNKNOWN,4.0978,0.02395422,ELEVATED,2026-03-07T18:36:40Z,1420
52106.0,PAYLOAD,52579.0,PAYLOAD,4.0987,0.02391617,ELEVATED,2026-03-07T16:23:40Z,1287
53740.0,PAYLOAD,56533.0,PAYLOAD,4.1005,0.0238373,ELEVATED,2026-03-07T02:35:40Z,459
45098.0,PAYLOAD,53601.0,PAYLOAD,4.1014,0.02380101,ELEVATED,2026-03-07T08:01:40Z,785
54578.0,DEBRIS,58371.0,PAYLOAD,4.103,0.02372773,ELEVATED,2026-03-07T06:01:40Z,665
17648.0,DEBRIS,87998.0,UNKNOWN,4.1048,0.02365045,ELEVATED,2026-03-07T00:55:40Z,359
6469.0,DEBRIS,8887.0,DEBRIS,4.1063,0.02358625,ELEVATED,2026-03-07T10:49:40Z,953
6800.0,ROCKET BODY,9280.0,PAYLOAD,4.1066,0.02357263,ELEVATED,2026-03-06T19:43:40Z,47
47805.0,PAYLOAD,67222.0,PAYLOAD,4.1068,0.0235644,ELEVATED,2026-03-07T17:06:40Z,1330
59603.0,PAYLOAD,63460.0,PAYLOAD,4.1075,0.02353611,ELEVATED,2026-03-07T15:51:40Z,1255
42294.0,DEBRIS,66339.0,PAYLOAD,4.1076,0.02353293,ELEVATED,2026-03-07T16:08:40Z,1272
23279.0,ROCKET BODY,38273.0,DEBRIS,4.1079,0.02351702,ELEVATED,2026-03-07T01:29:40Z,393
57974.0,PAYLOAD,62126.0,PAYLOAD,4.1097,0.02344013,ELEVATED,2026-03-06T20:28:40Z,92
58000.0,PAYLOAD,63798.0,PAYLOAD,4.1098,0.02343772,ELEVATED,2026-03-06T23:20:40Z,264
40705.0,DEBRIS,60007.0,DEBRIS,4.1106,0.02340233,ELEVATED,2026-03-06T19:13:40Z,17
53825.0,PAYLOAD,88302.0,TBA,4.1132,0.02329313,ELEVATED,2026-03-07T15:10:40Z,1214
36450.0,DEBRIS,64051.0,UNKNOWN,4.1138,0.02326592,ELEVATED,2026-03-06T22:53:40Z,237
6419.0,DEBRIS,7453.0,DEBRIS,4.1178,0.02309843,ELEVATED,2026-03-07T09:45:40Z,889
30382.0,DEBRIS,42388.0,DEBRIS,4.1188,0.02305398,ELEVATED,2026-03-07T12:30:40Z,1054
9313.0,DEBRIS,18477.0,DEBRIS,4.1238,0.02284641,ELEVATED,2026-03-07T00:14:40Z,318
19594.0,DEBRIS,40491.0,DEBRIS,4.127,0.02270903,ELEVATED,2026-03-07T02:10:40Z,434
8293.0,PAYLOAD,31994.0,DEBRIS,4.1274,0.02269534,ELEVATED,2026-03-07T08:57:40Z,841
47804.0,PAYLOAD,62949.0,PAYLOAD,4.1291,0.02262384,ELEVATED,2026-03-07T10:10:40Z,914
4513.0,ROCKET BODY,56587.0,DEBRIS,4.1304,0.02256847,ELEVATED,2026-03-06T19:25:40Z,29
46047.0,PAYLOAD,59899.0,PAYLOAD,4.1309,0.02254982,ELEVATED,2026-03-07T11:45:40Z,1009
58441.0,PAYLOAD,62651.0,PAYLOAD,4.1314,0.02252932,ELEVATED,2026-03-06T19:30:40Z,34
57673.0,PAYLOAD,66220.0,PAYLOAD,4.1338,0.02242706,ELEVATED,2026-03-07T15:38:40Z,1242
30214.0,DEBRIS,64656.0,DEBRIS,4.1401,0.02217165,ELEVATED,2026-03-06T19:55:40Z,59
30872.0,DEBRIS,35645.0,DEBRIS,4.1445,0.02199341,ELEVATED,2026-03-07T13:35:40Z,1119
3996.0,DEBRIS,57939.0,PAYLOAD,4.1457,0.02194228,ELEVATED,2026-03-07T15:53:40Z,1257
30417.0,DEBRIS,39055.0,DEBRIS,4.1459,0.0219367,ELEVATED,2026-03-07T00:54:40Z,358
9482.0,ROCKET BODY,37443.0,DEBRIS,4.1489,0.02181389,ELEVATED,2026-03-07T09:20:40Z,864
3966.0,DEBRIS,58770.0,PAYLOAD,4.1502,0.02176105,ELEVATED,2026-03-07T08:47:40Z,831
58078.0,PAYLOAD,62133.0,PAYLOAD,4.1506,0.0217472,ELEVATED,2026-03-07T10:45:40Z,949
38506.0,DEBRIS,47068.0,DEBRIS,4.1538,0.02161878,ELEVATED,2026-03-07T08:25:40Z,809
62270.0,PAYLOAD,62910.0,PAYLOAD,4.1591,0.02140847,ELEVATED,2026-03-07T15:28:40Z,1232
59388.0,PAYLOAD,65362.0,PAYLOAD,4.1593,0.02139849,ELEVATED,2026-03-07T09:04:40Z,848
38510.0,DEBRIS,55900.0,DEBRIS,4.1633,0.02124289,ELEVATED,2026-03-07T09:41:40Z,885
42838.0,PAYLOAD,59652.0,PAYLOAD,4.1634,0.02123589,ELEVATED,2026-03-07T07:28:40Z,752
55918.0,PAYLOAD,59448.0,PAYLOAD,4.1645,0.02119322,ELEVATED,2026-03-07T07:21:40Z,745
58440.0,PAYLOAD,66611.0,PAYLOAD,4.1651,0.02117143,ELEVATED,2026-03-07T17:38:40Z,1362
32331.0,DEBRIS,63728.0,PAYLOAD,4.1659,0.02114139,ELEVATED,2026-03-07T00:08:40Z,312
59023.0,PAYLOAD,66576.0,PAYLOAD,4.1669,0.02109968,ELEVATED,2026-03-07T12:26:40Z,1050
43172.0,PAYLOAD,55479.0,PAYLOAD,4.1705,0.02095874,ELEVATED,2026-03-07T16:00:40Z,1264
58362.0,PAYLOAD,64330.0,PAYLOAD,4.1742,0.02081581,ELEVATED,2026-03-07T04:18:40Z,562
23407.0,DEBRIS,30153.0,DEBRIS,4.1743,0.02081437,ELEVATED,2026-03-07T18:40:40Z,1424
58663.0,PAYLOAD,59944.0,PAYLOAD,4.1745,0.02080719,ELEVATED,2026-03-06T23:55:40Z,299
8994.0,DEBRIS,59178.0,PAYLOAD,4.1768,0.02071673,ELEVATED,2026-03-07T11:13:40Z,977
653.0,DEBRIS,31804.0,DEBRIS,4.1894,0.02023582,ELEVATED,2026-03-07T15:43:40Z,1247
58414.0,PAYLOAD,63775.0,PAYLOAD,4.1927,0.02011409,ELEVATED,2026-03-07T09:58:40Z,902
57787.0,PAYLOAD,59189.0,PAYLOAD,4.1956,0.02000462,ELEVATED,2026-03-06T22:31:40Z,215
66853.0,PAYLOAD,67511.0,PAYLOAD,4.1962,0.01998244,ELEVATED,2026-03-06T23:07:40Z,251
48577.0,PAYLOAD,64498.0,PAYLOAD,4.1983,0.01990492,ELEVATED,2026-03-07T18:21:40Z,1405
57964.0,PAYLOAD,59701.0,PAYLOAD,4.2026,0.01974491,ELEVATED,2026-03-06T19:19:40Z,23
54964.0,DEBRIS,56664.0,DEBRIS,4.2033,0.01971755,ELEVATED,2026-03-07T01:56:40Z,420
48435.0,PAYLOAD,58048.0,PAYLOAD,4.2051,0.01965424,ELEVATED,2026-03-07T10:39:40Z,943
44538.0,PAYLOAD,59148.0,PAYLOAD,4.2083,0.01953482,ELEVATED,2026-03-07T10:42:40Z,946
1551.0,DEBRIS,6431.0,DEBRIS,4.2122,0.01939516,ELEVATED,2026-03-07T08:42:40Z,826
31009.0,DEBRIS,56678.0,DEBRIS,4.2167,0.01923134,ELEVATED,2026-03-07T05:12:40Z,616
49451.0,PAYLOAD,56544.0,PAYLOAD,4.2173,0.01920889,ELEVATED,2026-03-07T14:56:40Z,1200
30640.0,DEBRIS,30717.0,DEBRIS,4.2188,0.01915498,ELEVATED,2026-03-07T05:41:40Z,645
30599.0,DEBRIS,82405.0,TBA,4.2202,0.0191036,ELEVATED,2026-03-07T11:12:40Z,976
60426.0,PAYLOAD,65631.0,PAYLOAD,4.2223,0.01903097,ELEVATED,2026-03-07T15:23:40Z,1227
43775.0,UNKNOWN,54003.0,PAYLOAD,4.2248,0.01893998,ELEVATED,2026-03-07T08:12:40Z,796
61671.0,PAYLOAD,65419.0,PAYLOAD,4.2253,0.01892402,ELEVATED,2026-03-07T13:34:40Z,1118
14502.0,DEBRIS,32360.0,DEBRIS,4.2285,0.01880854,ELEVATED,2026-03-06T23:50:40Z,294
58031.0,PAYLOAD,58358.0,PAYLOAD,4.2303,0.01874518,ELEVATED,2026-03-07T10:21:40Z,925
25398.0,PAYLOAD,54522.0,DEBRIS,4.2319,0.0186913,ELEVATED,2026-03-07T17:33:40Z,1357
4819.0,DEBRIS,30044.0,DEBRIS,4.232,0.01868568,ELEVATED,2026-03-07T00:10:40Z,314
59136.0,PAYLOAD,66969.0,PAYLOAD,4.2345,0.01859804,ELEVATED,2026-03-06T20:12:40Z,76
1366.0,PAYLOAD,2170.0,DEBRIS,4.236,0.01854547,ELEVATED,2026-03-06T23:37:40Z,281
56451.0,PAYLOAD,56583.0,DEBRIS,4.2396,0.01842125,ELEVATED,2026-03-07T17:30:40Z,1354
61098.0,DEBRIS,64635.0,DEBRIS,4.2406,0.01838705,ELEVATED,2026-03-07T04:55:40Z,599
58740.0,PAYLOAD,62527.0,PAYLOAD,4.2418,0.01834503,ELEVATED,2026-03-06T22:17:40Z,201
58483.0,PAYLOAD,66431.0,PAYLOAD,4.2421,0.01833508,ELEVATED,2026-03-07T10:44:40Z,948
63079.0,PAYLOAD,67075.0,PAYLOAD,4.2525,0.01797855,ELEVATED,2026-03-07T01:34:40Z,398
62035.0,PAYLOAD,67112.0,PAYLOAD,4.2607,0.0177001,ELEVATED,2026-03-06T23:19:40Z,263
25986.0,PAYLOAD,36946.0,DEBRIS,4.2611,0.01768908,ELEVATED,2026-03-07T18:22:40Z,1406
66446.0,PAYLOAD,67493.0,PAYLOAD,4.2611,0.01768671,ELEVATED,2026-03-07T13:15:40Z,1099
47505.0,PAYLOAD,64282.0,PAYLOAD,4.263,0.01762572,ELEVATED,2026-03-07T00:00:40Z,304
52599.0,PAYLOAD,57349.0,PAYLOAD,4.27,0.01739028,ELEVATED,2026-03-07T03:23:40Z,507
55206.0,DEBRIS,66678.0,PAYLOAD,4.2716,0.01733815,ELEVATED,2026-03-06T19:10:40Z,14
48437.0,PAYLOAD,67296.0,UNKNOWN,4.2727,0.01730333,ELEVATED,2026-03-07T00:05:40Z,309
60715.0,DEBRIS,61363.0,DEBRIS,4.2763,0.01718606,ELEVATED,2026-03-07T05:23:40Z,627
57964.0,PAYLOAD,59930.0,PAYLOAD,4.2777,0.0171407,ELEVATED,2026-03-07T10:52:40Z,956
26.0,PAYLOAD,13998.0,DEBRIS,4.2784,0.01711526,ELEVATED,2026-03-07T09:53:40Z,897
17353.0,DEBRIS,32320.0,DEBRIS,4.2792,0.01709049,ELEVATED,2026-03-07T05:24:40Z,628
51946.0,UNKNOWN,57534.0,PAYLOAD,4.2796,0.01707887,ELEVATED,2026-03-07T10:59:40Z,963
59570.0,PAYLOAD,66970.0,PAYLOAD,4.2836,0.01694769,ELEVATED,2026-03-07T10:29:40Z,933
60127.0,PAYLOAD,63372.0,PAYLOAD,4.2881,0.01680208,ELEVATED,2026-03-07T01:08:40Z,372
8668.0,DEBRIS,34726.0,DEBRIS,4.2907,0.01671872,ELEVATED,2026-03-07T18:15:40Z,1399
57874.0,PAYLOAD,61929.0,PAYLOAD,4.2937,0.01662364,ELEVATED,2026-03-07T07:41:40Z,765
48695.0,PAYLOAD,60028.0,PAYLOAD,4.2956,0.01656321,ELEVATED,2026-03-07T13:00:40Z,1084
24920.0,PAYLOAD,37651.0,DEBRIS,4.2957,0.01656163,ELEVATED,2026-03-07T09:39:40Z,883
54283.0,DEBRIS,54298.0,DEBRIS,4.2972,0.0165142,ELEVATED,2026-03-07T00:43:40Z,347
51467.0,PAYLOAD,55586.0,PAYLOAD,4.2996,0.01643858,ELEVATED,2026-03-07T18:33:40Z,1417
35574.0,DEBRIS,82891.0,TBA,4.3016,0.0163774,ELEVATED,2026-03-07T02:12:40Z,436
58082.0,PAYLOAD,59196.0,PAYLOAD,4.3029,0.01633432,ELEVATED,2026-03-07T05:01:40Z,605
58489.0,PAYLOAD,66963.0,PAYLOAD,4.3107,0.01609308,ELEVATED,2026-03-07T10:26:40Z,930
1497.0,DEBRIS,64174.0,PAYLOAD,4.312,0.0160545,ELEVATED,2026-03-07T05:04:40Z,608
55051.0,PAYLOAD,67794.0,PAYLOAD,4.3132,0.01601549,ELEVATED,2026-03-07T10:57:40Z,961
57885.0,PAYLOAD,58250.0,PAYLOAD,4.3148,0.01596612,ELEVATED,2026-03-07T11:03:40Z,967
66969.0,PAYLOAD,67033.0,PAYLOAD,4.3167,0.01590972,ELEVATED,2026-03-06T21:31:40Z,155
62434.0,PAYLOAD,65694.0,PAYLOAD,4.3185,0.01585394,ELEVATED,2026-03-07T18:53:40Z,1437
63264.0,PAYLOAD,67006.0,PAYLOAD,4.3198,0.01581567,ELEVATED,2026-03-07T07:08:40Z,732
2177.0,DEBRIS,53397.0,PAYLOAD,4.325,0.01565737,ELEVATED,2026-03-07T02:22:40Z,446
47055.0,DEBRIS,54995.0,DEBRIS,4.331,0.01547762,ELEVATED,2026-03-07T14:22:40Z,1166
57467.0,PAYLOAD,63019.0,PAYLOAD,4.336,0.01533077,ELEVATED,2026-03-07T00:16:40Z,320
27690.0,DEBRIS,36248.0,DEBRIS,4.3372,0.01529538,ELEVATED,2026-03-07T15:42:40Z,1246
61638.0,PAYLOAD,63826.0,PAYLOAD,4.3432,0.01511763,ELEVATED,2026-03-07T14:18:40Z,1162
50993.0,PAYLOAD,63808.0,PAYLOAD,4.3438,0.01510169,ELEVATED,2026-03-07T10:11:40Z,915
29269.0,ROCKET BODY,52789.0,PAYLOAD,4.3459,0.01503811,ELEVATED,2026-03-06T21:19:40Z,143
61151.0,DEBRIS,65796.0,PAYLOAD,4.3491,0.01494644,ELEVATED,2026-03-06T19:23:40Z,27
9471.0,PAYLOAD,10074.0,DEBRIS,4.3498,0.01492752,ELEVATED,2026-03-07T12:09:40Z,1033
62767.0,PAYLOAD,63993.0,UNKNOWN,4.3504,0.0149089,ELEVATED,2026-03-07T00:34:40Z,338
873.0,DEBRIS,57728.0,PAYLOAD,4.3507,0.01490001,ELEVATED,2026-03-06T19:25:40Z,29
56700.0,PAYLOAD,59357.0,PAYLOAD,4.3525,0.01484799,ELEVATED,2026-03-06T22:52:40Z,236
61870.0,UNKNOWN,61887.0,PAYLOAD,4.3585,0.01467785,ELEVATED,2026-03-06T20:23:40Z,87
35932.0,PAYLOAD,60685.0,DEBRIS,4.3622,0.01457175,ELEVATED,2026-03-07T16:18:40Z,1282
31614.0,DEBRIS,58943.0,PAYLOAD,4.3641,0.01451766,ELEVATED,2026-03-07T16:44:40Z,1308
61916.0,PAYLOAD,66183.0,PAYLOAD,4.3665,0.01445196,ELEVATED,2026-03-07T09:58:40Z,902
61930.0,PAYLOAD,66500.0,PAYLOAD,4.3672,0.01443049,ELEVATED,2026-03-07T18:24:40Z,1408
8716.0,DEBRIS,50058.0,DEBRIS,4.3692,0.01437617,ELEVATED,2026-03-07T16:52:40Z,1316
58595.0,PAYLOAD,62304.0,PAYLOAD,4.3739,0.01424487,ELEVATED,2026-03-07T07:37:40Z,761
47650.0,PAYLOAD,66876.0,PAYLOAD,4.375,0.01421564,ELEVATED,2026-03-07T03:25:40Z,509
47797.0,PAYLOAD,58153.0,PAYLOAD,4.3756,0.01419821,ELEVATED,2026-03-07T03:59:40Z,543
56633.0,DEBRIS,87214.0,UNKNOWN,4.381,0.01404989,ELEVATED,2026-03-07T02:56:40Z,480
31934.0,DEBRIS,59729.0,ROCKET BODY,4.382,0.01402187,ELEVATED,2026-03-07T07:03:40Z,727
58933.0,PAYLOAD,64210.0,PAYLOAD,4.3849,0.01394311,ELEVATED,2026-03-07T03:35:40Z,519
57741.0,PAYLOAD,62730.0,UNKNOWN,4.386,0.01391375,ELEVATED,2026-03-07T17:26:40Z,1350
28369.0,PAYLOAD,66315.0,PAYLOAD,4.3896,0.01381508,ELEVATED,2026-03-07T16:00:40Z,1264
53201.0,PAYLOAD,88302.0,TBA,4.3904,0.01379443,ELEVATED,2026-03-06T20:30:40Z,94
52184.0,PAYLOAD,58018.0,PAYLOAD,4.3925,0.01373792,ELEVATED,2026-03-07T04:54:40Z,598
58602.0,PAYLOAD,66473.0,PAYLOAD,4.3957,0.01365374,ELEVATED,2026-03-07T11:11:40Z,975
49029.0,PAYLOAD,55459.0,PAYLOAD,4.396,0.01364571,ELEVATED,2026-03-06T19:22:40Z,26
45072.0,PAYLOAD,59379.0,PAYLOAD,4.4017,0.01349374,ELEVATED,2026-03-07T14:17:40Z,1161
30380.0,DEBRIS,46479.0,PAYLOAD,4.4046,0.01341687,ELEVATED,2026-03-07T17:43:40Z,1367
30735.0,DEBRIS,42121.0,DEBRIS,4.4076,0.01333864,ELEVATED,2026-03-07T16:13:40Z,1277
43573.0,PAYLOAD,56261.0,DEBRIS,4.4139,0.01317437,ELEVATED,2026-03-07T05:45:40Z,649
29522.0,PAYLOAD,37435.0,DEBRIS,4.4168,0.01310056,ELEVATED,2026-03-07T01:02:40Z,366
57477.0,PAYLOAD,66326.0,PAYLOAD,4.4177,0.01307625,ELEVATED,2026-03-07T07:04:40Z,728
51734.0,PAYLOAD,53789.0,PAYLOAD,4.4218,0.0129718,ELEVATED,2026-03-07T08:20:40Z,804
59618.0,PAYLOAD,66603.0,PAYLOAD,4.422,0.01296582,ELEVATED,2026-03-07T07:37:40Z,761
62664.0,PAYLOAD,66683.0,PAYLOAD,4.4237,0.01292338,ELEVATED,2026-03-07T14:22:40Z,1166
66853.0,PAYLOAD,66986.0,PAYLOAD,4.426,0.01286508,ELEVATED,2026-03-07T03:09:40Z,493
63422.0,PAYLOAD,67458.0,PAYLOAD,4.4281,0.01281111,ELEVATED,2026-03-07T05:26:40Z,630
39800.0,DEBRIS,41495.0,DEBRIS,4.4292,0.0127845,ELEVATED,2026-03-06T20:34:40Z,98
55867.0,DEBRIS,66758.0,PAYLOAD,4.43,0.01276501,ELEVATED,2026-03-07T11:59:40Z,1023
10663.0,DEBRIS,26645.0,DEBRIS,4.4308,0.01274344,ELEVATED,2026-03-07T00:11:40Z,315
6218.0,ROCKET BODY,41230.0,DEBRIS,4.4347,0.01264716,ELEVATED,2026-03-07T01:47:40Z,411
53837.0,PAYLOAD,56040.0,PAYLOAD,4.4414,0.01247995,ELEVATED,2026-03-06T19:40:40Z,44
4672.0,DEBRIS,8352.0,ROCKET BODY,4.4418,0.01247108,ELEVATED,2026-03-07T07:09:40Z,733
48370.0,PAYLOAD,65863.0,PAYLOAD,4.4435,0.01243022,ELEVATED,2026-03-07T07:17:40Z,741
6729.0,DEBRIS,6924.0,DEBRIS,4.4467,0.01235053,ELEVATED,2026-03-07T17:26:40Z,1350
58492.0,PAYLOAD,59619.0,PAYLOAD,4.451,0.01224609,ELEVATED,2026-03-06T19:10:40Z,14
37646.0,DEBRIS,43689.0,PAYLOAD,4.4511,0.01224504,ELEVATED,2026-03-07T12:10:40Z,1034
34924.0,DEBRIS,54930.0,DEBRIS,4.4545,0.01216054,ELEVATED,2026-03-07T18:30:40Z,1414
58373.0,PAYLOAD,65364.0,PAYLOAD,4.4567,0.01210994,ELEVATED,2026-03-07T07:45:40Z,769
58135.0,PAYLOAD,62127.0,PAYLOAD,4.4573,0.01209504,ELEVATED,2026-03-07T01:12:40Z,376
44390.0,PAYLOAD,59243.0,PAYLOAD,4.4578,0.01208368,ELEVATED,2026-03-07T02:31:40Z,455
60143.0,PAYLOAD,63217.0,UNKNOWN,4.4587,0.01206093,ELEVATED,2026-03-07T07:47:40Z,771
43028.0,PAYLOAD,55354.0,PAYLOAD,4.4595,0.01204183,ELEVATED,2026-03-07T02:45:40Z,469
3579.0,ROCKET BODY,9913.0,DEBRIS,4.4606,0.01201533,ELEVATED,2026-03-07T00:36:40Z,340
61359.0,DEBRIS,64636.0,DEBRIS,4.4608,0.0120116,ELEVATED,2026-03-07T04:37:40Z,581
3171.0,ROCKET BODY,6114.0,PAYLOAD,4.4636,0.0119455,ELEVATED,2026-03-07T07:51:40Z,775
43160.0,PAYLOAD,62764.0,PAYLOAD,4.4662,0.0118834,ELEVATED,2026-03-07T04:14:40Z,558
58452.0,PAYLOAD,63767.0,PAYLOAD,4.4683,0.01183257,ELEVATED,2026-03-06T21:37:40Z,161
38039.0,ROCKET BODY,58201.0,PAYLOAD,4.4691,0.01181539,ELEVATED,2026-03-06T21:39:40Z,163
12610.0,DEBRIS,46172.0,PAYLOAD,4.4698,0.01179845,ELEVATED,2026-03-07T05:35:40Z,639
57849.0,PAYLOAD,65632.0,PAYLOAD,4.4729,0.01172482,ELEVATED,2026-03-07T15:02:40Z,1206
61635.0,PAYLOAD,62678.0,PAYLOAD,4.473,0.01172232,ELEVATED,2026-03-06T19:57:40Z,61
61923.0,PAYLOAD,67321.0,PAYLOAD,4.475,0.01167734,ELEVATED,2026-03-07T16:38:40Z,1302
41302.0,DEBRIS,41511.0,DEBRIS,4.4757,0.01166072,ELEVATED,2026-03-07T09:56:40Z,900
11189.0,DEBRIS,65638.0,PAYLOAD,4.4764,0.01164563,ELEVATED,2026-03-06T21:21:40Z,145
35155.0,DEBRIS,46998.0,DEBRIS,4.4772,0.01162663,ELEVATED,2026-03-07T17:38:40Z,1362
40054.0,PAYLOAD,65295.0,PAYLOAD,4.4795,0.01157207,ELEVATED,2026-03-07T18:32:40Z,1416
58416.0,PAYLOAD,66610.0,PAYLOAD,4.4807,0.01154508,ELEVATED,2026-03-06T22:41:40Z,225
57789.0,PAYLOAD,63961.0,PAYLOAD,4.4807,0.01154507,ELEVATED,2026-03-07T02:23:40Z,447
58521.0,PAYLOAD,63426.0,PAYLOAD,4.4821,0.01151359,ELEVATED,2026-03-07T14:20:40Z,1164
57473.0,PAYLOAD,62838.0,PAYLOAD,4.4848,0.01145029,ELEVATED,2026-03-06T23:23:40Z,267
60922.0,PAYLOAD,63576.0,PAYLOAD,4.4878,0.01138264,ELEVATED,2026-03-07T07:50:40Z,774
41402.0,DEBRIS,54969.0,DEBRIS,4.4935,0.01125338,ELEVATED,2026-03-07T04:44:40Z,588
41173.0,PAYLOAD,61916.0,PAYLOAD,4.4969,0.01117803,ELEVATED,2026-03-07T10:05:40Z,909
56466.0,PAYLOAD,64296.0,PAYLOAD,4.4983,0.01114777,ELEVATED,2026-03-07T12:48:40Z,1072
61961.0,PAYLOAD,63853.0,PAYLOAD,4.5008,0.01109029,ELEVATED,2026-03-07T15:36:40Z,1240
49175.0,PAYLOAD,63927.0,PAYLOAD,4.504,0.01102079,ELEVATED,2026-03-07T16:27:40Z,1291
58517.0,PAYLOAD,63196.0,PAYLOAD,4.5117,0.01085113,ELEVATED,2026-03-07T02:32:40Z,456
2973.0,PAYLOAD,23403.0,ROCKET BODY,4.5132,0.01081924,ELEVATED,2026-03-07T04:58:40Z,602
57715.0,PAYLOAD,64338.0,PAYLOAD,4.5148,0.01078527,ELEVATED,2026-03-07T18:04:40Z,1388
42986.0,PAYLOAD,57235.0,PAYLOAD,4.5158,0.01076282,ELEVATED,2026-03-07T17:20:40Z,1344
62715.0,PAYLOAD,64872.0,PAYLOAD,4.5183,0.01070916,ELEVATED,2026-03-07T01:17:40Z,381
63641.0,PAYLOAD,66506.0,PAYLOAD,4.5187,0.01070009,ELEVATED,2026-03-07T11:34:40Z,998
59131.0,PAYLOAD,61954.0,PAYLOAD,4.52,0.01067311,ELEVATED,2026-03-07T12:29:40Z,1053
62560.0,PAYLOAD,270130.0,UNKNOWN,4.52,0.01067165,ELEVATED,2026-03-07T06:57:40Z,721
58178.0,PAYLOAD,62124.0,PAYLOAD,4.5206,0.01065976,ELEVATED,2026-03-07T08:57:40Z,841
39265.0,PAYLOAD,50161.0,PAYLOAD,4.5208,0.01065607,ELEVATED,2026-03-07T07:17:40Z,741
54490.0,DEBRIS,60473.0,PAYLOAD,4.5215,0.01064007,ELEVATED,2026-03-06T21:04:40Z,128
46479.0,PAYLOAD,65298.0,PAYLOAD,4.5228,0.01061347,ELEVATED,2026-03-06T23:48:40Z,292
49445.0,PAYLOAD,54531.0,DEBRIS,4.5242,0.0105835,ELEVATED,2026-03-06T19:14:40Z,18
2176.0,PAYLOAD,37045.0,DEBRIS,4.5253,0.0105592,ELEVATED,2026-03-07T16:04:40Z,1268
47385.0,PAYLOAD,53063.0,PAYLOAD,4.5254,0.01055651,ELEVATED,2026-03-07T05:31:40Z,635
1487.0,DEBRIS,61746.0,PAYLOAD,4.5267,0.01052987,ELEVATED,2026-03-06T19:13:40Z,17
58527.0,PAYLOAD,67510.0,PAYLOAD,4.5291,0.01047912,ELEVATED,2026-03-07T00:24:40Z,328
60272.0,PAYLOAD,65686.0,PAYLOAD,4.5297,0.01046596,ELEVATED,2026-03-06T21:47:40Z,171
64935.0,PAYLOAD,67000.0,UNKNOWN,4.5325,0.01040687,ELEVATED,2026-03-07T12:30:40Z,1054
64150.0,PAYLOAD,66994.0,PAYLOAD,4.5353,0.01034935,ELEVATED,2026-03-07T11:00:40Z,964
57850.0,PAYLOAD,65639.0,PAYLOAD,4.5365,0.01032491,ELEVATED,2026-03-07T06:11:40Z,675
58480.0,PAYLOAD,63409.0,PAYLOAD,4.5365,0.01032442,ELEVATED,2026-03-07T18:26:40Z,1410
7529.0,PAYLOAD,8607.0,PAYLOAD,4.5367,0.01032064,ELEVATED,2026-03-07T09:39:40Z,883
48435.0,PAYLOAD,62150.0,PAYLOAD,4.5391,0.0102692,ELEVATED,2026-03-06T21:47:40Z,171
19112.0,DEBRIS,40781.0,DEBRIS,4.5393,0.01026485,ELEVATED,2026-03-06T19:48:40Z,52
58373.0,PAYLOAD,66511.0,PAYLOAD,4.5428,0.01019303,ELEVATED,2026-03-07T08:57:40Z,841
6886.0,ROCKET BODY,8355.0,DEBRIS,4.5497,0.01005273,ELEVATED,2026-03-07T06:51:40Z,715
57585.0,UNKNOWN,59587.0,PAYLOAD,4.5544,0.00995762,ELEVATED,2026-03-06T22:45:40Z,229
26474.0,ROCKET BODY,48861.0,PAYLOAD,4.5556,0.00993369,ELEVATED,2026-03-07T13:00:40Z,1084
58787.0,PAYLOAD,67678.0,UNKNOWN,4.5558,0.0099292,ELEVATED,2026-03-07T17:02:40Z,1326
66981.0,PAYLOAD,67034.0,PAYLOAD,4.5559,0.00992778,ELEVATED,2026-03-07T08:06:40Z,790
57913.0,PAYLOAD,58356.0,PAYLOAD,4.5582,0.00988146,ELEVATED,2026-03-06T22:21:40Z,205
12516.0,DEBRIS,49143.0,PAYLOAD,4.5583,0.00987923,ELEVATED,2026-03-07T07:35:40Z,759
62775.0,PAYLOAD,63659.0,PAYLOAD,4.5601,0.00984382,ELEVATED,2026-03-07T00:37:40Z,341
36879.0,DEBRIS,37927.0,DEBRIS,4.5611,0.00982393,ELEVATED,2026-03-07T11:19:40Z,983
59722.0,PAYLOAD,62783.0,PAYLOAD,4.5628,0.00978883,ELEVATED,2026-03-07T05:06:40Z,610
58489.0,PAYLOAD,63843.0,PAYLOAD,4.5657,0.00973271,ELEVATED,2026-03-07T08:10:40Z,794
62135.0,PAYLOAD,62645.0,PAYLOAD,4.5664,0.00971733,ELEVATED,2026-03-06T22:30:40Z,214
63851.0,PAYLOAD,67035.0,PAYLOAD,4.5665,0.00971642,ELEVATED,2026-03-07T09:02:40Z,846
24213.0,DEBRIS,31954.0,DEBRIS,4.5724,0.00960022,ELEVATED,2026-03-07T01:52:40Z,416
30567.0,DEBRIS,30984.0,DEBRIS,4.5748,0.0095541,ELEVATED,2026-03-06T19:51:40Z,55
59247.0,PAYLOAD,66495.0,PAYLOAD,4.5761,0.00952895,ELEVATED,2026-03-07T05:23:40Z,627
51981.0,PAYLOAD,56389.0,PAYLOAD,4.5768,0.00951512,ELEVATED,2026-03-06T19:08:40Z,12
63024.0,PAYLOAD,67327.0,PAYLOAD,4.577,0.00951078,ELEVATED,2026-03-07T18:01:40Z,1385
32200.0,DEBRIS,81254.0,UNKNOWN,4.577,0.00951073,ELEVATED,2026-03-07T08:55:40Z,839
59174.0,PAYLOAD,60289.0,PAYLOAD,4.5808,0.00943767,ELEVATED,2026-03-07T11:54:40Z,1018
11870.0,ROCKET BODY,54550.0,DEBRIS,4.5854,0.00935036,ELEVATED,2026-03-07T04:52:40Z,596
37484.0,DEBRIS,47100.0,DEBRIS,4.5896,0.00926976,ELEVATED,2026-03-07T03:21:40Z,505
58405.0,PAYLOAD,62126.0,PAYLOAD,4.5923,0.00921957,ELEVATED,2026-03-07T13:55:40Z,1139
59885.0,PAYLOAD,63791.0,PAYLOAD,4.6012,0.00905291,ELEVATED,2026-03-07T04:40:40Z,584
48411.0,PAYLOAD,53085.0,PAYLOAD,4.6027,0.00902429,ELEVATED,2026-03-07T02:21:40Z,445
48657.0,PAYLOAD,61068.0,PAYLOAD,4.603,0.00901943,ELEVATED,2026-03-07T01:50:40Z,414
6269.0,PAYLOAD,21299.0,PAYLOAD,4.6043,0.00899619,ELEVATED,2026-03-07T17:17:40Z,1341
48678.0,PAYLOAD,64676.0,PAYLOAD,4.6049,0.0089845,ELEVATED,2026-03-07T14:52:40Z,1196
64078.0,PAYLOAD,65428.0,PAYLOAD,4.6071,0.00894477,ELEVATED,2026-03-07T15:50:40Z,1254
61739.0,UNKNOWN,63887.0,PAYLOAD,4.6119,0.0088564,ELEVATED,2026-03-06T20:56:40Z,120
60427.0,PAYLOAD,62871.0,PAYLOAD,4.6151,0.00879824,ELEVATED,2026-03-07T17:10:40Z,1334
61547.0,PAYLOAD,66008.0,PAYLOAD,4.6161,0.00878137,ELEVATED,2026-03-07T17:38:40Z,1362
60947.0,PAYLOAD,64884.0,UNKNOWN,4.6174,0.00875656,ELEVATED,2026-03-07T00:49:40Z,353
57782.0,PAYLOAD,58808.0,PAYLOAD,4.6201,0.00870872,ELEVATED,2026-03-07T12:06:40Z,1030
2382.0,DEBRIS,36988.0,DEBRIS,4.6217,0.00868062,ELEVATED,2026-03-07T05:11:40Z,615
33887.0,DEBRIS,55213.0,DEBRIS,4.6257,0.00861006,ELEVATED,2026-03-06T22:12:40Z,196
46905.0,PAYLOAD,54869.0,PAYLOAD,4.6263,0.00859858,ELEVATED,2026-03-07T01:52:40Z,416
48132.0,PAYLOAD,58028.0,PAYLOAD,4.6277,0.00857326,ELEVATED,2026-03-07T11:44:40Z,1008
59247.0,PAYLOAD,63648.0,PAYLOAD,4.6298,0.00853769,ELEVATED,2026-03-07T01:30:40Z,394
1111.0,DEBRIS,2175.0,ROCKET BODY,4.6388,0.00838066,ELEVATED,2026-03-07T05:25:40Z,629
11339.0,DEBRIS,63756.0,PAYLOAD,4.6428,0.00831201,ELEVATED,2026-03-07T05:46:40Z,650
57883.0,PAYLOAD,62502.0,PAYLOAD,4.6458,0.00825928,ELEVATED,2026-03-06T23:11:40Z,255
48435.0,PAYLOAD,65937.0,PAYLOAD,4.6469,0.00824082,ELEVATED,2026-03-06T20:32:40Z,96
2948.0,ROCKET BODY,3512.0,ROCKET BODY,4.6476,0.00822899,ELEVATED,2026-03-07T05:20:40Z,624
3412.0,DEBRIS,66195.0,PAYLOAD,4.6484,0.0082163,ELEVATED,2026-03-06T20:14:40Z,78
57175.0,UNKNOWN,66446.0,PAYLOAD,4.6497,0.00819456,ELEVATED,2026-03-07T12:09:40Z,1033
3512.0,ROCKET BODY,8706.0,DEBRIS,4.6504,0.0081819,ELEVATED,2026-03-07T11:45:40Z,1009
5932.0,DEBRIS,58435.0,PAYLOAD,4.651,0.00817133,ELEVATED,2026-03-07T02:54:40Z,478
59940.0,PAYLOAD,62477.0,PAYLOAD,4.653,0.00813769,ELEVATED,2026-03-07T10:08:40Z,912
43771.0,UNKNOWN,60377.0,PAYLOAD,4.6543,0.00811591,ELEVATED,2026-03-07T12:53:40Z,1077
57476.0,PAYLOAD,67036.0,PAYLOAD,4.6582,0.00805069,ELEVATED,2026-03-07T02:40:40Z,464
321.0,DEBRIS,520.0,ROCKET BODY,4.6591,0.00803661,ELEVATED,2026-03-07T04:19:40Z,563
5583.0,DEBRIS,6519.0,DEBRIS,4.6616,0.00799513,ELEVATED,2026-03-07T11:28:40Z,992
58619.0,PAYLOAD,61964.0,PAYLOAD,4.6645,0.00794638,ELEVATED,2026-03-07T10:48:40Z,952
52746.0,PAYLOAD,57854.0,PAYLOAD,4.6682,0.00788584,ELEVATED,2026-03-07T17:28:40Z,1352
57785.0,PAYLOAD,66457.0,PAYLOAD,4.6708,0.00784287,ELEVATED,2026-03-07T07:24:40Z,748
45581.0,PAYLOAD,61893.0,PAYLOAD,4.6761,0.00775755,ELEVATED,2026-03-07T16:42:40Z,1306
47288.0,PAYLOAD,55165.0,PAYLOAD,4.6767,0.00774747,ELEVATED,2026-03-07T08:35:40Z,819
37437.0,DEBRIS,38272.0,DEBRIS,4.6777,0.00773098,ELEVATED,2026-03-06T19:26:40Z,30
58719.0,PAYLOAD,61522.0,PAYLOAD,4.6814,0.00767238,ELEVATED,2026-03-07T14:30:40Z,1174
36660.0,DEBRIS,54339.0,DEBRIS,4.6825,0.00765479,ELEVATED,2026-03-06T20:46:40Z,110
12290.0,DEBRIS,21686.0,DEBRIS,4.6828,0.00764986,ELEVATED,2026-03-07T00:04:40Z,308
59576.0,PAYLOAD,67042.0,PAYLOAD,4.6835,0.00763972,ELEVATED,2026-03-07T15:24:40Z,1228
8649.0,DEBRIS,62885.0,PAYLOAD,4.6867,0.00758826,ELEVATED,2026-03-07T07:44:40Z,768
58212.0,PAYLOAD,66090.0,PAYLOAD,4.6886,0.00755837,ELEVATED,2026-03-07T18:06:40Z,1390
62123.0,PAYLOAD,62648.0,PAYLOAD,4.689,0.00755151,ELEVATED,2026-03-06T23:44:40Z,288
54519.0,DEBRIS,60901.0,DEBRIS,4.6967,0.00743227,ELEVATED,2026-03-07T11:22:40Z,986
61104.0,DEBRIS,63393.0,DEBRIS,4.6969,0.00742927,ELEVATED,2026-03-07T11:21:40Z,985
47822.0,PAYLOAD,62027.0,PAYLOAD,4.6981,0.00741067,ELEVATED,2026-03-07T18:10:40Z,1394
59517.0,PAYLOAD,63917.0,PAYLOAD,4.704,0.00731967,ELEVATED,2026-03-07T17:06:40Z,1330
48481.0,PAYLOAD,66623.0,PAYLOAD,4.705,0.00730341,ELEVATED,2026-03-07T12:38:40Z,1062
40688.0,DEBRIS,56163.0,PAYLOAD,4.7077,0.00726342,ELEVATED,2026-03-07T17:00:40Z,1324
30432.0,DEBRIS,87591.0,TBA,4.7082,0.00725519,ELEVATED,2026-03-07T04:36:40Z,580
9293.0,DEBRIS,41141.0,DEBRIS,4.7091,0.00724221,ELEVATED,2026-03-07T17:11:40Z,1335
64775.0,PAYLOAD,65430.0,PAYLOAD,4.713,0.00718305,ELEVATED,2026-03-07T04:28:40Z,572
64758.0,PAYLOAD,65219.0,PAYLOAD,4.7134,0.00717701,ELEVATED,2026-03-07T15:37:40Z,1241
21418.0,PAYLOAD,50772.0,DEBRIS,4.7157,0.00714155,ELEVATED,2026-03-07T13:14:40Z,1098
16867.0,DEBRIS,54767.0,PAYLOAD,4.7178,0.00711039,ELEVATED,2026-03-07T16:51:40Z,1315
57782.0,PAYLOAD,67472.0,PAYLOAD,4.7179,0.00710908,ELEVATED,2026-03-07T05:53:40Z,657
6165.0,DEBRIS,51466.0,PAYLOAD,4.7186,0.00709887,ELEVATED,2026-03-06T23:00:40Z,244
58002.0,PAYLOAD,59456.0,PAYLOAD,4.7205,0.00707013,ELEVATED,2026-03-06T19:41:40Z,45
46274.0,PAYLOAD,53503.0,PAYLOAD,4.7214,0.00705704,ELEVATED,2026-03-07T13:00:40Z,1084
1738.0,PAYLOAD,54624.0,DEBRIS,4.7225,0.00704131,ELEVATED,2026-03-07T10:32:40Z,936
66718.0,PAYLOAD,66737.0,PAYLOAD,4.7245,0.00701197,ELEVATED,2026-03-07T13:11:40Z,1095
5822.0,ROCKET BODY,6949.0,DEBRIS,4.7338,0.00687635,ELEVATED,2026-03-06T22:27:40Z,211
57943.0,PAYLOAD,64105.0,PAYLOAD,4.7341,0.00687115,ELEVATED,2026-03-07T16:11:40Z,1275
23345.0,DEBRIS,36497.0,DEBRIS,4.7348,0.0068615,ELEVATED,2026-03-07T09:05:40Z,849
5159.0,DEBRIS,53055.0,PAYLOAD,4.737,0.00682931,ELEVATED,2026-03-07T12:30:40Z,1054
22430.0,DEBRIS,57832.0,PAYLOAD,4.7378,0.00681849,ELEVATED,2026-03-06T20:13:40Z,77
14914.0,DEBRIS,42676.0,DEBRIS,4.7394,0.00679539,ELEVATED,2026-03-07T03:40:40Z,524
64050.0,UNKNOWN,66722.0,PAYLOAD,4.7417,0.00676209,ELEVATED,2026-03-07T16:28:40Z,1292
31954.0,DEBRIS,54303.0,DEBRIS,4.7429,0.00674585,ELEVATED,2026-03-06T22:22:40Z,206
4017.0,DEBRIS,22489.0,PAYLOAD,4.7469,0.00668829,ELEVATED,2026-03-07T06:45:40Z,709
57640.0,PAYLOAD,62667.0,PAYLOAD,4.7492,0.00665598,ELEVATED,2026-03-06T21:55:40Z,179
42828.0,PAYLOAD,43266.0,DEBRIS,4.7518,0.00662025,ELEVATED,2026-03-07T00:51:40Z,355
59390.0,PAYLOAD,65376.0,PAYLOAD,4.7542,0.00658581,ELEVATED,2026-03-07T15:05:40Z,1209
46497.0,PAYLOAD,56407.0,PAYLOAD,4.7557,0.00656545,ELEVATED,2026-03-07T03:25:40Z,509
50181.0,PAYLOAD,57353.0,PAYLOAD,4.7564,0.00655509,ELEVATED,2026-03-07T17:10:40Z,1334
4868.0,DEBRIS,29947.0,DEBRIS,4.7604,0.00650005,ELEVATED,2026-03-07T02:44:40Z,468
3389.0,ROCKET BODY,5246.0,PAYLOAD,4.7615,0.00648491,ELEVATED,2026-03-07T01:42:40Z,406
58358.0,PAYLOAD,66485.0,PAYLOAD,4.762,0.00647905,ELEVATED,2026-03-06T23:14:40Z,258
58530.0,PAYLOAD,58628.0,PAYLOAD,4.7643,0.00644682,ELEVATED,2026-03-07T18:53:40Z,1437
57498.0,PAYLOAD,62476.0,PAYLOAD,4.7645,0.00644374,ELEVATED,2026-03-07T15:52:40Z,1256
488.0,DEBRIS,9922.0,DEBRIS,4.7694,0.00637838,ELEVATED,2026-03-06T22:50:40Z,234
59586.0,PAYLOAD,67325.0,PAYLOAD,4.7711,0.00635532,ELEVATED,2026-03-07T05:49:40Z,653
37849.0,PAYLOAD,37919.0,DEBRIS,4.7744,0.00631108,ELEVATED,2026-03-07T07:52:40Z,776
30751.0,DEBRIS,60967.0,DEBRIS,4.7755,0.00629608,ELEVATED,2026-03-07T16:27:40Z,1291
61523.0,PAYLOAD,65923.0,PAYLOAD,4.7771,0.00627432,ELEVATED,2026-03-07T08:08:40Z,792
686.0,DEBRIS,67985.0,PAYLOAD,4.779,0.00624972,ELEVATED,2026-03-07T18:05:40Z,1389
57530.0,PAYLOAD,63654.0,PAYLOAD,4.7808,0.00622554,ELEVATED,2026-03-07T11:23:40Z,987
59407.0,PAYLOAD,66447.0,PAYLOAD,4.7815,0.00621655,ELEVATED,2026-03-07T17:42:40Z,1366
37914.0,DEBRIS,53877.0,PAYLOAD,4.7826,0.00620118,ELEVATED,2026-03-07T02:36:40Z,460
20433.0,ROCKET BODY,55838.0,ROCKET BODY,4.7868,0.00614636,ELEVATED,2026-03-07T03:23:40Z,507
13464.0,DEBRIS,55883.0,DEBRIS,4.7873,0.00614048,ELEVATED,2026-03-06T21:54:40Z,178
57844.0,PAYLOAD,62783.0,PAYLOAD,4.7882,0.00612811,ELEVATED,2026-03-07T14:04:40Z,1148
57823.0,PAYLOAD,66495.0,PAYLOAD,4.7891,0.00611594,ELEVATED,2026-03-07T14:46:40Z,1190
59725.0,PAYLOAD,62871.0,PAYLOAD,4.79,0.00610466,ELEVATED,2026-03-07T18:37:40Z,1421
57965.0,PAYLOAD,59552.0,PAYLOAD,4.7914,0.00608722,ELEVATED,2026-03-07T06:01:40Z,665
63306.0,ROCKET BODY,85023.0,UNKNOWN,4.793,0.00606634,ELEVATED,2026-03-06T19:25:40Z,29
20861.0,DEBRIS,67070.0,PAYLOAD,4.7933,0.00606257,ELEVATED,2026-03-07T15:35:40Z,1239
58593.0,PAYLOAD,62751.0,PAYLOAD,4.7933,0.00606195,ELEVATED,2026-03-07T15:24:40Z,1228
63373.0,PAYLOAD,63639.0,PAYLOAD,4.7946,0.00604541,ELEVATED,2026-03-07T18:10:40Z,1394
49131.0,PAYLOAD,67306.0,PAYLOAD,4.7957,0.00603122,ELEVATED,2026-03-07T08:06:40Z,790
11631.0,DEBRIS,270241.0,UNKNOWN,4.7986,0.00599367,ELEVATED,2026-03-07T09:03:40Z,847
5531.0,DEBRIS,81947.0,UNKNOWN,4.8004,0.00597134,ELEVATED,2026-03-07T01:59:40Z,423
26366.0,PAYLOAD,59458.0,PAYLOAD,4.8017,0.00595468,ELEVATED,2026-03-07T07:18:40Z,742
37036.0,DEBRIS,55557.0,DEBRIS,4.8044,0.00592006,ELEVATED,2026-03-07T02:36:40Z,460
7616.0,ROCKET BODY,55868.0,DEBRIS,4.8089,0.00586325,ELEVATED,2026-03-07T01:59:40Z,423
61793.0,PAYLOAD,63958.0,PAYLOAD,4.8106,0.00584255,ELEVATED,2026-03-07T05:57:40Z,661
60767.0,DEBRIS,60968.0,DEBRIS,4.8115,0.00583162,ELEVATED,2026-03-07T04:51:40Z,595
50837.0,PAYLOAD,56141.0,PAYLOAD,4.8127,0.00581645,ELEVATED,2026-03-07T06:10:40Z,674
60100.0,PAYLOAD,64681.0,PAYLOAD,4.813,0.00581291,ELEVATED,2026-03-07T06:54:40Z,718
1592.0,DEBRIS,16073.0,DEBRIS,4.813,0.00581259,ELEVATED,2026-03-07T07:26:40Z,750
47630.0,PAYLOAD,59898.0,PAYLOAD,4.8133,0.0058083,ELEVATED,2026-03-07T16:35:40Z,1299
60427.0,PAYLOAD,65338.0,PAYLOAD,4.8156,0.00578065,ELEVATED,2026-03-07T18:51:40Z,1435
30999.0,DEBRIS,38271.0,DEBRIS,4.8176,0.00575507,ELEVATED,2026-03-07T05:37:40Z,641
63022.0,PAYLOAD,63584.0,PAYLOAD,4.8184,0.00574495,ELEVATED,2026-03-07T11:18:40Z,982
60692.0,DEBRIS,60897.0,DEBRIS,4.8209,0.00571456,ELEVATED,2026-03-07T02:08:40Z,432
39490.0,PAYLOAD,55571.0,PAYLOAD,4.8237,0.00568058,ELEVATED,2026-03-07T05:53:40Z,657
61635.0,PAYLOAD,62926.0,PAYLOAD,4.8268,0.00564359,ELEVATED,2026-03-07T17:36:40Z,1360
48658.0,PAYLOAD,66095.0,PAYLOAD,4.8276,0.00563321,ELEVATED,2026-03-07T03:16:40Z,500
58609.0,PAYLOAD,58788.0,PAYLOAD,4.8277,0.00563213,ELEVATED,2026-03-07T16:37:40Z,1301
24297.0,PAYLOAD,41824.0,DEBRIS,4.8278,0.00563126,ELEVATED,2026-03-06T19:13:40Z,17
863.0,ROCKET BODY,2543.0,DEBRIS,4.8311,0.00559097,ELEVATED,2026-03-07T01:20:40Z,384
22826.0,PAYLOAD,30214.0,DEBRIS,4.833,0.00556898,ELEVATED,2026-03-07T09:23:40Z,867
62623.0,PAYLOAD,64889.0,UNKNOWN,4.8359,0.00553345,ELEVATED,2026-03-07T06:03:40Z,667
17645.0,DEBRIS,43191.0,DEBRIS,4.8361,0.00553093,ELEVATED,2026-03-07T14:41:40Z,1185
5087.0,ROCKET BODY,6189.0,ROCKET BODY,4.8368,0.00552325,ELEVATED,2026-03-07T02:51:40Z,475
51726.0,PAYLOAD,54169.0,PAYLOAD,4.8407,0.00547719,ELEVATED,2026-03-07T18:42:40Z,1426
47378.0,PAYLOAD,66017.0,PAYLOAD,4.8415,0.00546713,ELEVATED,2026-03-07T01:12:40Z,376
868.0,DEBRIS,49393.0,PAYLOAD,4.8416,0.00546621,ELEVATED,2026-03-07T05:07:40Z,611
51138.0,PAYLOAD,66993.0,UNKNOWN,4.8432,0.00544783,ELEVATED,2026-03-07T10:38:40Z,942
4396.0,DEBRIS,30958.0,DEBRIS,4.8432,0.00544721,ELEVATED,2026-03-07T15:50:40Z,1254
58735.0,PAYLOAD,65412.0,PAYLOAD,4.8462,0.00541308,ELEVATED,2026-03-07T08:28:40Z,812
60356.0,PAYLOAD,65739.0,PAYLOAD,4.8463,0.00541135,ELEVATED,2026-03-07T14:09:40Z,1153
57867.0,PAYLOAD,66337.0,PAYLOAD,4.848,0.00539189,ELEVATED,2026-03-07T17:50:40Z,1374
59927.0,PAYLOAD,67429.0,PAYLOAD,4.8484,0.00538677,ELEVATED,2026-03-07T12:37:40Z,1061
27919.0,DEBRIS,60336.0,PAYLOAD,4.8493,0.00537655,ELEVATED,2026-03-07T16:29:40Z,1293
66774.0,PAYLOAD,67267.0,UNKNOWN,4.8504,0.00536349,ELEVATED,2026-03-06T21:25:40Z,149
57531.0,PAYLOAD,64021.0,PAYLOAD,4.8535,0.00532839,ELEVATED,2026-03-07T14:53:40Z,1197
60857.0,DEBRIS,61403.0,DEBRIS,4.8561,0.00529831,ELEVATED,2026-03-07T08:40:40Z,824
451.0,PAYLOAD,5177.0,PAYLOAD,4.8576,0.00528113,ELEVATED,2026-03-07T16:48:40Z,1312
58363.0,PAYLOAD,61643.0,PAYLOAD,4.8576,0.0052809,ELEVATED,2026-03-07T02:02:40Z,426
58406.0,PAYLOAD,59496.0,PAYLOAD,4.8584,0.00527172,ELEVATED,2026-03-07T14:29:40Z,1173
30013.0,DEBRIS,30112.0,DEBRIS,4.8625,0.00522584,ELEVATED,2026-03-07T10:15:40Z,919
14240.0,PAYLOAD,43479.0,PAYLOAD,4.8642,0.00520611,ELEVATED,2026-03-07T11:16:40Z,980
12209.0,DEBRIS,37665.0,DEBRIS,4.8651,0.00519676,ELEVATED,2026-03-07T07:41:40Z,765
59136.0,PAYLOAD,65844.0,PAYLOAD,4.8651,0.005196,ELEVATED,2026-03-07T15:59:40Z,1263
62015.0,PAYLOAD,62830.0,PAYLOAD,4.8658,0.00518801,ELEVATED,2026-03-07T05:58:40Z,662
16681.0,PAYLOAD,31342.0,DEBRIS,4.8669,0.00517561,ELEVATED,2026-03-07T02:11:40Z,435
30764.0,DEBRIS,61702.0,PAYLOAD,4.8721,0.00511762,ELEVATED,2026-03-07T00:35:40Z,339
92.0,DEBRIS,11066.0,ROCKET BODY,4.8765,0.00506952,ELEVATED,2026-03-06T21:45:40Z,169
9399.0,ROCKET BODY,11016.0,ROCKET BODY,4.877,0.00506433,ELEVATED,2026-03-06T21:09:40Z,133
5904.0,ROCKET BODY,55234.0,DEBRIS,4.8784,0.0050487,ELEVATED,2026-03-07T12:41:40Z,1065
57534.0,PAYLOAD,66812.0,PAYLOAD,4.8801,0.00502984,ELEVATED,2026-03-07T15:38:40Z,1242
49447.0,PAYLOAD,53135.0,PAYLOAD,4.8824,0.0050052,ELEVATED,2026-03-07T07:35:40Z,759
35167.0,DEBRIS,89261.0,UNKNOWN,4.8825,0.00500405,ELEVATED,2026-03-06T20:36:40Z,100
30282.0,DEBRIS,54306.0,DEBRIS,4.8848,0.00497942,ELEVATED,2026-03-07T03:09:40Z,493
10704.0,ROCKET BODY,12165.0,DEBRIS,4.8865,0.00496037,ELEVATED,2026-03-07T03:14:40Z,498
3971.0,PAYLOAD,10598.0,DEBRIS,4.8871,0.00495407,ELEVATED,2026-03-07T04:23:40Z,567
58437.0,PAYLOAD,59613.0,PAYLOAD,4.8892,0.00493185,ELEVATED,2026-03-07T04:47:40Z,591
6788.0,ROCKET BODY,65816.0,ROCKET BODY,4.8893,0.00493085,ELEVATED,2026-03-07T05:33:40Z,637
4447.0,ROCKET BODY,6914.0,ROCKET BODY,4.8924,0.00489767,ELEVATED,2026-03-07T04:09:40Z,553
12255.0,DEBRIS,26520.0,DEBRIS,4.8931,0.00488988,ELEVATED,2026-03-07T14:15:40Z,1159
63794.0,PAYLOAD,67045.0,PAYLOAD,4.8941,0.00487954,ELEVATED,2026-03-07T06:33:40Z,697
52728.0,DEBRIS,57036.0,UNKNOWN,4.8943,0.00487709,ELEVATED,2026-03-07T10:55:40Z,959
22370.0,DEBRIS,42272.0,DEBRIS,4.8948,0.00487165,ELEVATED,2026-03-06T22:57:40Z,241
59922.0,PAYLOAD,66576.0,PAYLOAD,4.8973,0.00484528,ELEVATED,2026-03-07T05:17:40Z,621
1879.0,DEBRIS,48310.0,PAYLOAD,4.8987,0.00483112,ELEVATED,2026-03-07T07:45:40Z,769
10558.0,DEBRIS,10774.0,ROCKET BODY,4.8994,0.00482368,ELEVATED,2026-03-07T14:14:40Z,1158
27124.0,DEBRIS,56790.0,PAYLOAD,4.9002,0.00481503,ELEVATED,2026-03-07T00:58:40Z,362
63228.0,UNKNOWN,63242.0,PAYLOAD,4.9008,0.00480898,ELEVATED,2026-03-07T05:48:40Z,652
10598.0,DEBRIS,67929.0,PAYLOAD,4.9011,0.00480572,ELEVATED,2026-03-06T21:22:40Z,146
61869.0,UNKNOWN,62136.0,PAYLOAD,4.9033,0.00478249,ELEVATED,2026-03-07T11:43:40Z,1007
47797.0,PAYLOAD,59875.0,PAYLOAD,4.9057,0.00475812,ELEVATED,2026-03-06T20:41:40Z,105
57647.0,PAYLOAD,57652.0,PAYLOAD,4.907,0.00474428,ELEVATED,2026-03-07T15:37:40Z,1241
61006.0,PAYLOAD,64457.0,PAYLOAD,4.9075,0.00473956,ELEVATED,2026-03-07T07:07:40Z,731
51968.0,PAYLOAD,58095.0,PAYLOAD,4.9079,0.00473501,ELEVATED,2026-03-07T06:59:40Z,723
56840.0,PAYLOAD,58949.0,PAYLOAD,4.9084,0.00472972,ELEVATED,2026-03-06T18:57:40Z,1
38426.0,DEBRIS,38449.0,DEBRIS,4.9096,0.00471787,ELEVATED,2026-03-06T23:24:40Z,268
54333.0,DEBRIS,57780.0,PAYLOAD,4.9108,0.00470525,ELEVATED,2026-03-07T06:24:40Z,688
61066.0,PAYLOAD,64726.0,PAYLOAD,4.9132,0.00468004,ELEVATED,2026-03-07T01:29:40Z,393
58152.0,PAYLOAD,65686.0,PAYLOAD,4.9142,0.00466991,ELEVATED,2026-03-07T08:27:40Z,811
45668.0,PAYLOAD,53002.0,PAYLOAD,4.9146,0.00466652,ELEVATED,2026-03-07T08:22:40Z,806
45772.0,PAYLOAD,58094.0,PAYLOAD,4.9156,0.00465654,ELEVATED,2026-03-07T15:43:40Z,1247
57975.0,PAYLOAD,66475.0,PAYLOAD,4.917,0.00464167,ELEVATED,2026-03-06T20:49:40Z,113
48688.0,PAYLOAD,57943.0,PAYLOAD,4.9175,0.0046371,ELEVATED,2026-03-07T06:50:40Z,714
936.0,DEBRIS,6407.0,DEBRIS,4.9213,0.00459855,ELEVATED,2026-03-07T09:03:40Z,847
59667.0,PAYLOAD,62118.0,PAYLOAD,4.9243,0.00456812,ELEVATED,2026-03-06T22:55:40Z,239
58486.0,PAYLOAD,61969.0,PAYLOAD,4.9285,0.00452656,ELEVATED,2026-03-06T23:49:40Z,293
43810.0,UNKNOWN,52853.0,PAYLOAD,4.9286,0.00452564,ELEVATED,2026-03-07T02:57:40Z,481
54228.0,ROCKET BODY,65422.0,PAYLOAD,4.932,0.00449188,ELEVATED,2026-03-07T14:34:40Z,1178
59023.0,PAYLOAD,67432.0,PAYLOAD,4.9322,0.00449009,ELEVATED,2026-03-07T13:46:40Z,1130
54806.0,PAYLOAD,59447.0,PAYLOAD,4.9329,0.00448356,ELEVATED,2026-03-06T22:03:40Z,187
58190.0,PAYLOAD,63818.0,PAYLOAD,4.9393,0.00442049,ELEVATED,2026-03-06T22:59:40Z,243
38000.0,DEBRIS,48815.0,DEBRIS,4.9422,0.0043929,ELEVATED,2026-03-07T02:12:40Z,436
58717.0,PAYLOAD,65410.0,PAYLOAD,4.9431,0.00438367,ELEVATED,2026-03-07T17:43:40Z,1367
48574.0,PAYLOAD,58405.0,PAYLOAD,4.9455,0.00436041,ELEVATED,2026-03-07T17:42:40Z,1366
59901.0,PAYLOAD,61674.0,PAYLOAD,4.9472,0.00434445,ELEVATED,2026-03-07T08:33:40Z,817
51738.0,PAYLOAD,63153.0,PAYLOAD,4.95,0.00431794,ELEVATED,2026-03-07T10:46:40Z,950
62583.0,PAYLOAD,65978.0,PAYLOAD,4.9516,0.00430269,ELEVATED,2026-03-07T01:28:40Z,392
41150.0,DEBRIS,55190.0,DEBRIS,4.9518,0.00430103,ELEVATED,2026-03-06T23:53:40Z,297
61630.0,PAYLOAD,62477.0,PAYLOAD,4.9526,0.00429302,ELEVATED,2026-03-07T14:24:40Z,1168
20436.0,PAYLOAD,32412.0,DEBRIS,4.9529,0.00429008,ELEVATED,2026-03-06T23:24:40Z,268
9027.0,DEBRIS,58280.0,PAYLOAD,4.9532,0.00428794,ELEVATED,2026-03-07T04:50:40Z,594
48554.0,PAYLOAD,64213.0,PAYLOAD,4.9558,0.00426261,ELEVATED,2026-03-07T14:28:40Z,1172
58291.0,PAYLOAD,59925.0,PAYLOAD,4.9585,0.00423762,ELEVATED,2026-03-07T09:05:40Z,849
24921.0,ROCKET BODY,60668.0,DEBRIS,4.9591,0.00423193,ELEVATED,2026-03-07T03:56:40Z,540
57044.0,UNKNOWN,65885.0,PAYLOAD,4.9609,0.00421513,ELEVATED,2026-03-07T16:49:40Z,1313
66700.0,PAYLOAD,66713.0,PAYLOAD,4.9627,0.00419908,ELEVATED,2026-03-07T04:12:40Z,556
12598.0,PAYLOAD,64072.0,PAYLOAD,4.9631,0.00419483,ELEVATED,2026-03-07T06:22:40Z,686
59037.0,PAYLOAD,66567.0,PAYLOAD,4.9641,0.00418587,ELEVATED,2026-03-07T16:26:40Z,1290
51785.0,PAYLOAD,88811.0,TBA,4.9666,0.00416269,ELEVATED,2026-03-07T00:23:40Z,327
5167.0,DEBRIS,10064.0,PAYLOAD,4.9684,0.00414627,ELEVATED,2026-03-07T05:57:40Z,661
59653.0,PAYLOAD,62753.0,PAYLOAD,4.9685,0.00414522,ELEVATED,2026-03-07T18:36:40Z,1420
47375.0,PAYLOAD,56146.0,PAYLOAD,4.9691,0.00413962,ELEVATED,2026-03-07T06:53:40Z,717
39629.0,DEBRIS,42362.0,DEBRIS,4.9707,0.00412477,ELEVATED,2026-03-07T02:57:40Z,481
59225.0,ROCKET BODY,64778.0,PAYLOAD,4.9709,0.00412308,ELEVATED,2026-03-06T20:55:40Z,119
65193.0,PAYLOAD,66995.0,UNKNOWN,4.9712,0.00412062,ELEVATED,2026-03-07T07:42:40Z,766
58676.0,PAYLOAD,59314.0,PAYLOAD,4.9732,0.00410239,ELEVATED,2026-03-07T01:00:40Z,364
58059.0,PAYLOAD,59475.0,PAYLOAD,4.9737,0.00409795,ELEVATED,2026-03-07T13:03:40Z,1087
18295.0,DEBRIS,32096.0,DEBRIS,4.9739,0.00409604,ELEVATED,2026-03-07T05:51:40Z,655
47997.0,PAYLOAD,60479.0,PAYLOAD,4.9772,0.00406661,ELEVATED,2026-03-07T13:33:40Z,1117
1204.0,DEBRIS,5821.0,PAYLOAD,4.9775,0.00406393,ELEVATED,2026-03-07T08:17:40Z,801
34031.0,DEBRIS,43501.0,DEBRIS,4.9825,0.00401922,ELEVATED,2026-03-07T10:03:40Z,907
59577.0,PAYLOAD,66973.0,PAYLOAD,4.9842,0.00400419,ELEVATED,2026-03-07T14:17:40Z,1161
57650.0,PAYLOAD,59197.0,PAYLOAD,4.9843,0.00400272,ELEVATED,2026-03-07T13:09:40Z,1093
59328.0,PAYLOAD,66815.0,PAYLOAD,4.9884,0.00396648,ELEVATED,2026-03-07T07:39:40Z,763
47767.0,PAYLOAD,57669.0,PAYLOAD,4.9887,0.00396444,ELEVATED,2026-03-07T09:50:40Z,894
57710.0,PAYLOAD,67114.0,PAYLOAD,4.9888,0.0039628,ELEVATED,2026-03-07T09:07:40Z,851
5248.0,PAYLOAD,58565.0,PAYLOAD,4.9892,0.00396008,ELEVATED,2026-03-07T05:53:40Z,657
58647.0,PAYLOAD,66543.0,PAYLOAD,4.9907,0.00394621,ELEVATED,2026-03-07T07:34:40Z,758
58411.0,PAYLOAD,62211.0,PAYLOAD,4.9913,0.00394132,ELEVATED,2026-03-07T00:02:40Z,306
11313.0,PAYLOAD,36249.0,DEBRIS,4.9926,0.0039298,ELEVATED,2026-03-07T03:49:40Z,533
25417.0,PAYLOAD,34760.0,DEBRIS,4.9956,0.00390354,ELEVATED,2026-03-07T00:42:40Z,346
60097.0,PAYLOAD,64121.0,PAYLOAD,4.9971,0.00389105,ELEVATED,2026-03-07T11:41:40Z,1005
2176.0,PAYLOAD,16376.0,DEBRIS,4.9975,0.00388743,ELEVATED,2026-03-07T16:44:40Z,1308
48375.0,PAYLOAD,60941.0,PAYLOAD,4.998,0.00388298,ELEVATED,2026-03-07T00:10:40Z,314
13358.0,DEBRIS,28991.0,DEBRIS,4.9982,0.00388157,ELEVATED,2026-03-06T20:21:40Z,85
18592.0,DEBRIS,36420.0,DEBRIS,4.9985,0.00387919,ELEVATED,2026-03-07T06:55:40Z,719
411.0,DEBRIS,58200.0,ROCKET BODY,4.9999,0.00386652,ELEVATED,2026-03-06T19:15:40Z,19
58056.0,PAYLOAD,59516.0,PAYLOAD,5.0013,0.00385494,ELEVATED,2026-03-07T07:53:40Z,777
22342.0,DEBRIS,31047.0,DEBRIS,5.0028,0.00384232,ELEVATED,2026-03-07T09:51:40Z,895
45048.0,PAYLOAD,49469.0,PAYLOAD,5.0046,0.00382699,ELEVATED,2026-03-07T01:53:40Z,417
60734.0,PAYLOAD,67050.0,PAYLOAD,5.0046,0.00382616,ELEVATED,2026-03-07T12:24:40Z,1048
58450.0,PAYLOAD,65925.0,PAYLOAD,5.0052,0.00382157,ELEVATED,2026-03-07T09:16:40Z,860
29100.0,DEBRIS,54293.0,DEBRIS,5.0061,0.00381384,ELEVATED,2026-03-07T08:31:40Z,815
61935.0,PAYLOAD,66343.0,PAYLOAD,5.0074,0.00380262,ELEVATED,2026-03-07T10:26:40Z,930
61895.0,UNKNOWN,66528.0,PAYLOAD,5.0087,0.00379225,ELEVATED,2026-03-06T20:12:40Z,76
59962.0,PAYLOAD,65848.0,PAYLOAD,5.0089,0.00379042,ELEVATED,2026-03-07T00:28:40Z,332
53172.0,PAYLOAD,56383.0,PAYLOAD,5.0101,0.00378042,ELEVATED,2026-03-07T02:00:40Z,424
31188.0,DEBRIS,34037.0,DEBRIS,5.0112,0.00377077,ELEVATED,2026-03-07T06:13:40Z,677
26338.0,DEBRIS,41512.0,DEBRIS,5.0117,0.00376697,ELEVATED,2026-03-07T00:46:40Z,350
66931.0,PAYLOAD,67049.0,PAYLOAD,5.0123,0.00376187,ELEVATED,2026-03-07T10:24:40Z,928
45581.0,PAYLOAD,60051.0,PAYLOAD,5.0126,0.00375894,ELEVATED,2026-03-07T00:10:40Z,314
8968.0,DEBRIS,22739.0,PAYLOAD,5.0149,0.00374008,ELEVATED,2026-03-07T08:48:40Z,832
27153.0,DEBRIS,56209.0,PAYLOAD,5.0166,0.00372608,ELEVATED,2026-03-07T05:40:40Z,644
38175.0,DEBRIS,54953.0,DEBRIS,5.019,0.0037062,ELEVATED,2026-03-07T01:05:40Z,369
15737.0,DEBRIS,37993.0,DEBRIS,5.0203,0.00369475,ELEVATED,2026-03-07T05:49:40Z,653
44753.0,PAYLOAD,67684.0,UNKNOWN,5.0209,0.00369003,ELEVATED,2026-03-07T04:22:40Z,566
59187.0,PAYLOAD,63415.0,PAYLOAD,5.021,0.00368959,ELEVATED,2026-03-06T19:38:40Z,42
57871.0,PAYLOAD,61923.0,PAYLOAD,5.0251,0.00365592,ELEVATED,2026-03-07T00:06:40Z,310
44324.0,PAYLOAD,44712.0,DEBRIS,5.027,0.00364027,ELEVATED,2026-03-06T20:39:40Z,103
59036.0,PAYLOAD,66179.0,PAYLOAD,5.0273,0.00363791,ELEVATED,2026-03-07T14:25:40Z,1169
52636.0,PAYLOAD,53925.0,PAYLOAD,5.0294,0.00362042,ELEVATED,2026-03-07T16:52:40Z,1316
3445.0,DEBRIS,55597.0,PAYLOAD,5.0296,0.00361889,ELEVATED,2026-03-07T08:26:40Z,810
51746.0,PAYLOAD,64089.0,UNKNOWN,5.0297,0.00361815,ELEVATED,2026-03-07T00:01:40Z,305
58828.0,PAYLOAD,64387.0,PAYLOAD,5.0305,0.00361168,ELEVATED,2026-03-07T17:22:40Z,1346
43812.0,PAYLOAD,61498.0,DEBRIS,5.0318,0.00360147,ELEVATED,2026-03-07T08:48:40Z,832
354.0,DEBRIS,22362.0,DEBRIS,5.0329,0.00359241,ELEVATED,2026-03-07T05:06:40Z,610
57217.0,UNKNOWN,62211.0,PAYLOAD,5.0331,0.00359098,ELEVATED,2026-03-07T06:35:40Z,699
54244.0,PAYLOAD,56174.0,PAYLOAD,5.0336,0.00358693,ELEVATED,2026-03-07T14:35:40Z,1179
11283.0,PAYLOAD,11359.0,ROCKET BODY,5.0344,0.00358044,ELEVATED,2026-03-07T06:04:40Z,668
22341.0,DEBRIS,42104.0,DEBRIS,5.0376,0.00355489,ELEVATED,2026-03-07T06:29:40Z,693
34477.0,DEBRIS,36508.0,PAYLOAD,5.0377,0.00355435,ELEVATED,2026-03-07T06:41:40Z,705
41150.0,DEBRIS,65776.0,PAYLOAD,5.0432,0.00351055,ELEVATED,2026-03-06T23:21:40Z,265
35152.0,DEBRIS,54530.0,DEBRIS,5.0464,0.00348559,ELEVATED,2026-03-06T23:17:40Z,261
58404.0,PAYLOAD,59702.0,PAYLOAD,5.0468,0.00348275,ELEVATED,2026-03-07T10:52:40Z,956
47828.0,PAYLOAD,65692.0,PAYLOAD,5.0494,0.00346193,ELEVATED,2026-03-07T04:24:40Z,568
31097.0,DEBRIS,42680.0,DEBRIS,5.0545,0.00342291,ELEVATED,2026-03-06T22:26:40Z,210
3967.0,DEBRIS,59587.0,PAYLOAD,5.0548,0.00342073,ELEVATED,2026-03-06T19:21:40Z,25
12168.0,DEBRIS,54273.0,DEBRIS,5.0571,0.00340261,ELEVATED,2026-03-07T06:20:40Z,684
58316.0,PAYLOAD,58329.0,PAYLOAD,5.0573,0.0034016,ELEVATED,2026-03-07T11:18:40Z,982
66705.0,PAYLOAD,67273.0,UNKNOWN,5.0578,0.00339722,ELEVATED,2026-03-07T13:52:40Z,1136
47384.0,PAYLOAD,57135.0,PAYLOAD,5.0612,0.00337189,ELEVATED,2026-03-07T05:33:40Z,637
37535.0,DEBRIS,49023.0,ROCKET BODY,5.0631,0.00335692,ELEVATED,2026-03-07T07:30:40Z,754
28654.0,PAYLOAD,37917.0,DEBRIS,5.0668,0.00332961,ELEVATED,2026-03-07T08:45:40Z,829
38114.0,DEBRIS,39321.0,DEBRIS,5.0719,0.00329151,ELEVATED,2026-03-07T01:04:40Z,368
62659.0,PAYLOAD,66307.0,UNKNOWN,5.0742,0.00327446,ELEVATED,2026-03-07T04:37:40Z,581
21345.0,DEBRIS,21437.0,DEBRIS,5.0745,0.00327191,ELEVATED,2026-03-06T20:43:40Z,107
58224.0,PAYLOAD,64336.0,PAYLOAD,5.0761,0.00326027,ELEVATED,2026-03-07T03:48:40Z,532
16952.0,PAYLOAD,23434.0,DEBRIS,5.0783,0.00324434,ELEVATED,2026-03-07T10:59:40Z,963
39322.0,DEBRIS,53191.0,PAYLOAD,5.0793,0.00323655,ELEVATED,2026-03-06T19:51:40Z,55
31903.0,DEBRIS,33502.0,DEBRIS,5.0808,0.00322608,ELEVATED,2026-03-07T15:36:40Z,1240
56411.0,PAYLOAD,88804.0,TBA,5.0819,0.00321765,ELEVATED,2026-03-07T02:43:40Z,467
58484.0,PAYLOAD,59152.0,PAYLOAD,5.082,0.00321705,ELEVATED,2026-03-07T08:55:40Z,839
53068.0,PAYLOAD,57070.0,PAYLOAD,5.0831,0.00320892,ELEVATED,2026-03-07T15:31:40Z,1235
56894.0,PAYLOAD,57093.0,PAYLOAD,5.0837,0.00320467,ELEVATED,2026-03-07T08:27:40Z,811
59549.0,PAYLOAD,63997.0,PAYLOAD,5.0847,0.0031975,ELEVATED,2026-03-07T14:40:40Z,1184
66714.0,PAYLOAD,66758.0,PAYLOAD,5.0847,0.00319742,ELEVATED,2026-03-07T17:34:40Z,1358
48487.0,PAYLOAD,60352.0,PAYLOAD,5.0851,0.00319465,ELEVATED,2026-03-07T08:28:40Z,812
59192.0,PAYLOAD,63405.0,PAYLOAD,5.0878,0.00317552,ELEVATED,2026-03-07T18:14:40Z,1398
41335.0,PAYLOAD,61389.0,DEBRIS,5.0881,0.0031732,ELEVATED,2026-03-07T07:58:40Z,782
58681.0,PAYLOAD,66499.0,PAYLOAD,5.0887,0.003169,ELEVATED,2026-03-07T14:39:40Z,1183
58130.0,PAYLOAD,58490.0,PAYLOAD,5.0888,0.00316785,ELEVATED,2026-03-07T14:18:40Z,1162
34874.0,DEBRIS,43572.0,PAYLOAD,5.0892,0.0031651,ELEVATED,2026-03-06T22:30:40Z,214
48364.0,PAYLOAD,63660.0,PAYLOAD,5.0905,0.00315571,ELEVATED,2026-03-07T13:06:40Z,1090
62415.0,PAYLOAD,62879.0,PAYLOAD,5.0912,0.00315122,ELEVATED,2026-03-07T03:08:40Z,492
4375.0,PAYLOAD,10115.0,PAYLOAD,5.0938,0.00313205,ELEVATED,2026-03-06T23:29:40Z,273
62621.0,PAYLOAD,64931.0,PAYLOAD,5.095,0.00312385,ELEVATED,2026-03-07T18:52:40Z,1436
46064.0,PAYLOAD,63819.0,PAYLOAD,5.097,0.0031099,ELEVATED,2026-03-07T12:39:40Z,1063
58676.0,PAYLOAD,61853.0,PAYLOAD,5.0991,0.00309532,ELEVATED,2026-03-07T05:44:40Z,648
6710.0,ROCKET BODY,7587.0,PAYLOAD,5.1014,0.00307901,ELEVATED,2026-03-06T23:14:40Z,258
36331.0,DEBRIS,37931.0,PAYLOAD,5.1016,0.00307787,ELEVATED,2026-03-07T01:31:40Z,395
21527.0,PAYLOAD,56619.0,DEBRIS,5.102,0.00307444,ELEVATED,2026-03-07T11:01:40Z,965
48138.0,PAYLOAD,48291.0,PAYLOAD,5.1032,0.00306628,ELEVATED,2026-03-06T21:27:40Z,151
44621.0,DEBRIS,63947.0,PAYLOAD,5.1076,0.00303583,ELEVATED,2026-03-07T05:44:40Z,648
22453.0,DEBRIS,63602.0,PAYLOAD,5.1092,0.00302474,ELEVATED,2026-03-07T06:51:40Z,715
26187.0,DEBRIS,41163.0,DEBRIS,5.1114,0.00301004,ELEVATED,2026-03-07T09:17:40Z,861
6201.0,DEBRIS,64127.0,PAYLOAD,5.1117,0.00300791,ELEVATED,2026-03-07T05:30:40Z,634
58739.0,PAYLOAD,59340.0,PAYLOAD,5.1122,0.00300469,ELEVATED,2026-03-07T09:40:40Z,884
62206.0,PAYLOAD,66223.0,PAYLOAD,5.1126,0.00300131,ELEVATED,2026-03-07T14:29:40Z,1173
15147.0,PAYLOAD,66049.0,PAYLOAD,5.1128,0.00300009,ELEVATED,2026-03-07T07:32:40Z,756
47894.0,PAYLOAD,65499.0,PAYLOAD,5.1147,0.00298756,ELEVATED,2026-03-07T16:01:40Z,1265
31508.0,DEBRIS,64577.0,PAYLOAD,5.1171,0.00297081,ELEVATED,2026-03-07T15:28:40Z,1232
58736.0,PAYLOAD,63473.0,PAYLOAD,5.119,0.00295809,ELEVATED,2026-03-07T17:33:40Z,1357
58128.0,PAYLOAD,59191.0,PAYLOAD,5.1205,0.00294789,ELEVATED,2026-03-07T13:43:40Z,1127
58362.0,PAYLOAD,63023.0,PAYLOAD,5.1207,0.00294717,ELEVATED,2026-03-06T23:19:40Z,263
59798.0,PAYLOAD,62688.0,PAYLOAD,5.1253,0.00291599,ELEVATED,2026-03-06T22:43:40Z,227
38487.0,DEBRIS,61259.0,PAYLOAD,5.127,0.00290498,ELEVATED,2026-03-07T10:08:40Z,912
58051.0,PAYLOAD,59414.0,PAYLOAD,5.1273,0.00290279,ELEVATED,2026-03-07T10:36:40Z,940
54065.0,PAYLOAD,66300.0,PAYLOAD,5.1277,0.00290024,ELEVATED,2026-03-07T10:23:40Z,927
48284.0,PAYLOAD,66559.0,PAYLOAD,5.1279,0.00289903,ELEVATED,2026-03-07T13:14:40Z,1098
58736.0,PAYLOAD,61848.0,PAYLOAD,5.1314,0.00287611,ELEVATED,2026-03-06T20:18:40Z,82
61897.0,UNKNOWN,66773.0,UNKNOWN,5.1331,0.00286485,ELEVATED,2026-03-07T06:19:40Z,683
48691.0,PAYLOAD,61662.0,PAYLOAD,5.1339,0.00285971,ELEVATED,2026-03-07T06:23:40Z,687
48399.0,PAYLOAD,66148.0,PAYLOAD,5.1372,0.00283801,ELEVATED,2026-03-07T01:42:40Z,406
6201.0,DEBRIS,66205.0,ROCKET BODY,5.1374,0.00283681,ELEVATED,2026-03-07T17:22:40Z,1346
58215.0,PAYLOAD,62740.0,PAYLOAD,5.1387,0.00282809,ELEVATED,2026-03-07T11:45:40Z,1009
58189.0,PAYLOAD,59569.0,PAYLOAD,5.1415,0.00281038,ELEVATED,2026-03-07T04:15:40Z,559
67816.0,PAYLOAD,67925.0,PAYLOAD,5.1421,0.00280622,ELEVATED,2026-03-07T06:18:40Z,682
45201.0,PAYLOAD,65823.0,PAYLOAD,5.1432,0.0027994,ELEVATED,2026-03-06T23:01:40Z,245
58361.0,PAYLOAD,66488.0,PAYLOAD,5.1444,0.00279183,ELEVATED,2026-03-06T21:05:40Z,129
59923.0,PAYLOAD,66580.0,PAYLOAD,5.1448,0.00278932,ELEVATED,2026-03-07T11:55:40Z,1019
1121.0,DEBRIS,4694.0,ROCKET BODY,5.1451,0.00278701,ELEVATED,2026-03-07T08:25:40Z,809
58502.0,UNKNOWN,61779.0,PAYLOAD,5.1472,0.00277397,ELEVATED,2026-03-07T14:16:40Z,1160
54764.0,PAYLOAD,56898.0,PAYLOAD,5.1491,0.00276213,ELEVATED,2026-03-07T00:28:40Z,332
54750.0,PAYLOAD,61715.0,PAYLOAD,5.1501,0.00275546,ELEVATED,2026-03-07T06:37:40Z,701
65405.0,PAYLOAD,66358.0,PAYLOAD,5.1512,0.00274844,ELEVATED,2026-03-07T16:09:40Z,1273
12230.0,DEBRIS,53720.0,PAYLOAD,5.1517,0.00274543,ELEVATED,2026-03-07T12:10:40Z,1034
56701.0,PAYLOAD,66423.0,PAYLOAD,5.153,0.00273743,ELEVATED,2026-03-07T03:33:40Z,517
21471.0,DEBRIS,48210.0,PAYLOAD,5.1538,0.00273209,ELEVATED,2026-03-07T03:01:40Z,485
28315.0,DEBRIS,31687.0,DEBRIS,5.1571,0.0027118,ELEVATED,2026-03-07T02:04:40Z,428
60276.0,PAYLOAD,61787.0,UNKNOWN,5.1578,0.00270715,ELEVATED,2026-03-07T00:43:40Z,347
62860.0,PAYLOAD,63708.0,PAYLOAD,5.159,0.00270028,ELEVATED,2026-03-07T09:05:40Z,849
59548.0,PAYLOAD,64221.0,PAYLOAD,5.1603,0.00269206,ELEVATED,2026-03-06T21:52:40Z,176
1162.0,DEBRIS,3882.0,DEBRIS,5.1612,0.00268646,ELEVATED,2026-03-07T12:22:40Z,1046
3445.0,DEBRIS,63943.0,PAYLOAD,5.1614,0.00268527,ELEVATED,2026-03-07T18:24:40Z,1408
39641.0,DEBRIS,39675.0,DEBRIS,5.1634,0.0026731,ELEVATED,2026-03-07T15:38:40Z,1242
53151.0,PAYLOAD,56533.0,PAYLOAD,5.1639,0.00266994,ELEVATED,2026-03-07T02:34:40Z,458
2233.0,DEBRIS,8466.0,DEBRIS,5.1642,0.00266814,ELEVATED,2026-03-07T04:10:40Z,554
58965.0,PAYLOAD,65088.0,PAYLOAD,5.1665,0.00265406,ELEVATED,2026-03-07T18:14:40Z,1398
59034.0,PAYLOAD,61708.0,PAYLOAD,5.1687,0.00264069,ELEVATED,2026-03-06T21:39:40Z,163
31979.0,DEBRIS,49942.0,DEBRIS,5.1699,0.00263303,ELEVATED,2026-03-07T16:30:40Z,1294
29914.0,DEBRIS,42556.0,DEBRIS,5.1709,0.00262702,ELEVATED,2026-03-06T23:21:40Z,265
59887.0,PAYLOAD,66602.0,PAYLOAD,5.1732,0.00261339,ELEVATED,2026-03-07T08:43:40Z,827
57751.0,PAYLOAD,63902.0,PAYLOAD,5.1746,0.00260493,ELEVATED,2026-03-07T17:16:40Z,1340
63769.0,PAYLOAD,65491.0,UNKNOWN,5.1754,0.00259997,ELEVATED,2026-03-07T03:44:40Z,528
22208.0,ROCKET BODY,25568.0,PAYLOAD,5.1769,0.00259111,ELEVATED,2026-03-07T16:14:40Z,1278
57636.0,PAYLOAD,62603.0,PAYLOAD,5.1803,0.00257105,ELEVATED,2026-03-06T21:48:40Z,172
47071.0,DEBRIS,60385.0,PAYLOAD,5.1825,0.00255804,ELEVATED,2026-03-07T15:58:40Z,1262
58457.0,PAYLOAD,67051.0,PAYLOAD,5.1832,0.0025537,ELEVATED,2026-03-07T14:38:40Z,1182
59762.0,PAYLOAD,64317.0,PAYLOAD,5.187,0.00253172,ELEVATED,2026-03-06T21:00:40Z,124
58395.0,PAYLOAD,61626.0,PAYLOAD,5.1882,0.00252466,ELEVATED,2026-03-07T08:49:40Z,833
58467.0,PAYLOAD,89161.0,UNKNOWN,5.1899,0.00251502,ELEVATED,2026-03-06T18:59:40Z,3
61531.0,PAYLOAD,66363.0,PAYLOAD,5.19,0.00251427,ELEVATED,2026-03-07T04:51:40Z,595
48408.0,PAYLOAD,67114.0,PAYLOAD,5.1903,0.0025126,ELEVATED,2026-03-06T22:33:40Z,217
100.0,PAYLOAD,21640.0,ROCKET BODY,5.1903,0.00251219,ELEVATED,2026-03-07T16:08:40Z,1272
58402.0,PAYLOAD,58488.0,PAYLOAD,5.1908,0.00250941,ELEVATED,2026-03-07T05:41:40Z,645
46495.0,PAYLOAD,57632.0,PAYLOAD,5.1915,0.00250556,ELEVATED,2026-03-07T11:22:40Z,986
58245.0,PAYLOAD,66757.0,PAYLOAD,5.1927,0.00249879,ELEVATED,2026-03-07T10:21:40Z,925
59844.0,PAYLOAD,62489.0,PAYLOAD,5.196,0.00247962,ELEVATED,2026-03-07T11:35:40Z,999
33630.0,DEBRIS,41285.0,DEBRIS,5.197,0.00247388,ELEVATED,2026-03-07T09:01:40Z,845
29815.0,DEBRIS,39632.0,DEBRIS,5.1979,0.00246894,ELEVATED,2026-03-07T03:33:40Z,517
64599.0,PAYLOAD,64909.0,PAYLOAD,5.2045,0.00243119,ELEVATED,2026-03-07T18:03:40Z,1387
24948.0,PAYLOAD,25637.0,ROCKET BODY,5.2123,0.00238764,ELEVATED,2026-03-07T12:48:40Z,1072
59748.0,PAYLOAD,63474.0,PAYLOAD,5.2134,0.00238205,ELEVATED,2026-03-07T05:17:40Z,621
55048.0,PAYLOAD,58601.0,PAYLOAD,5.2149,0.00237374,ELEVATED,2026-03-07T09:11:40Z,855
59247.0,PAYLOAD,66578.0,PAYLOAD,5.215,0.00237283,ELEVATED,2026-03-07T10:52:40Z,956
47895.0,PAYLOAD,66937.0,PAYLOAD,5.2155,0.00237022,ELEVATED,2026-03-07T03:09:40Z,493
59651.0,PAYLOAD,64020.0,PAYLOAD,5.216,0.00236729,ELEVATED,2026-03-07T18:02:40Z,1386
59576.0,PAYLOAD,66972.0,PAYLOAD,5.2177,0.00235796,ELEVATED,2026-03-07T09:53:40Z,897
10847.0,ROCKET BODY,11024.0,DEBRIS,5.2191,0.0023508,ELEVATED,2026-03-06T22:02:40Z,186
57964.0,PAYLOAD,58189.0,PAYLOAD,5.221,0.00234043,ELEVATED,2026-03-07T14:22:40Z,1166
1852.0,DEBRIS,53903.0,PAYLOAD,5.222,0.00233483,ELEVATED,2026-03-07T16:54:40Z,1318
48666.0,PAYLOAD,65525.0,PAYLOAD,5.2253,0.00231678,ELEVATED,2026-03-07T08:25:40Z,809
43784.0,PAYLOAD,44723.0,PAYLOAD,5.2274,0.00230572,ELEVATED,2026-03-07T04:05:40Z,549
45278.0,DEBRIS,63169.0,PAYLOAD,5.2298,0.00229302,ELEVATED,2026-03-06T20:06:40Z,70
41884.0,PAYLOAD,53445.0,UNKNOWN,5.2298,0.00229288,ELEVATED,2026-03-06T20:45:40Z,109
60036.0,PAYLOAD,66614.0,PAYLOAD,5.2307,0.00228802,ELEVATED,2026-03-06T20:48:40Z,112
43677.0,PAYLOAD,56400.0,PAYLOAD,5.2323,0.0022798,ELEVATED,2026-03-07T01:13:40Z,377
17912.0,ROCKET BODY,56651.0,DEBRIS,5.233,0.00227604,ELEVATED,2026-03-06T23:47:40Z,291
36012.0,DEBRIS,270207.0,UNKNOWN,5.2354,0.00226293,ELEVATED,2026-03-07T01:38:40Z,402
12169.0,DEBRIS,30510.0,DEBRIS,5.2365,0.00225739,ELEVATED,2026-03-07T08:51:40Z,835
48331.0,PAYLOAD,58703.0,PAYLOAD,5.2369,0.00225545,ELEVATED,2026-03-07T02:08:40Z,432
23278.0,PAYLOAD,53323.0,PAYLOAD,5.2412,0.00223258,ELEVATED,2026-03-07T05:22:40Z,626
58226.0,PAYLOAD,63831.0,PAYLOAD,5.2421,0.00222791,ELEVATED,2026-03-06T20:37:40Z,101
21341.0,DEBRIS,39805.0,DEBRIS,5.2438,0.00221948,ELEVATED,2026-03-06T21:17:40Z,141
58452.0,PAYLOAD,62600.0,PAYLOAD,5.245,0.00221306,ELEVATED,2026-03-06T22:57:40Z,241
53194.0,PAYLOAD,53586.0,PAYLOAD,5.2452,0.00221219,ELEVATED,2026-03-07T02:08:40Z,432
58597.0,PAYLOAD,59238.0,PAYLOAD,5.2465,0.00220544,ELEVATED,2026-03-06T22:15:40Z,199
37052.0,DEBRIS,60886.0,DEBRIS,5.2465,0.00220527,ELEVATED,2026-03-06T19:29:40Z,33
25454.0,DEBRIS,37405.0,DEBRIS,5.2466,0.00220502,ELEVATED,2026-03-07T10:33:40Z,937
59075.0,PAYLOAD,61923.0,PAYLOAD,5.2478,0.00219874,ELEVATED,2026-03-07T11:07:40Z,971
26200.0,DEBRIS,63748.0,PAYLOAD,5.2479,0.00219812,ELEVATED,2026-03-07T02:36:40Z,460
6701.0,DEBRIS,9410.0,DEBRIS,5.2482,0.00219674,ELEVATED,2026-03-06T21:25:40Z,149
30382.0,DEBRIS,54609.0,DEBRIS,5.249,0.00219243,ELEVATED,2026-03-07T05:51:40Z,655
57872.0,PAYLOAD,63910.0,PAYLOAD,5.2503,0.00218621,ELEVATED,2026-03-07T03:38:40Z,522
8294.0,ROCKET BODY,30089.0,DEBRIS,5.2547,0.00216368,ELEVATED,2026-03-07T00:24:40Z,328
20890.0,DEBRIS,30693.0,DEBRIS,5.258,0.00214723,ELEVATED,2026-03-07T13:58:40Z,1142
57176.0,UNKNOWN,64780.0,PAYLOAD,5.2583,0.00214569,ELEVATED,2026-03-07T06:41:40Z,705
53691.0,PAYLOAD,56926.0,PAYLOAD,5.2635,0.00211977,ELEVATED,2026-03-06T22:42:40Z,226
45603.0,PAYLOAD,52094.0,PAYLOAD,5.2645,0.00211484,ELEVATED,2026-03-06T22:06:40Z,190
58480.0,PAYLOAD,58513.0,PAYLOAD,5.2687,0.0020941,ELEVATED,2026-03-07T12:09:40Z,1033
49456.0,PAYLOAD,55604.0,PAYLOAD,5.2689,0.00209276,ELEVATED,2026-03-07T02:47:40Z,471
51969.0,PAYLOAD,59579.0,PAYLOAD,5.2701,0.00208703,ELEVATED,2026-03-07T08:38:40Z,822
60334.0,PAYLOAD,62124.0,PAYLOAD,5.2707,0.00208403,ELEVATED,2026-03-06T19:33:40Z,37
45696.0,PAYLOAD,63499.0,PAYLOAD,5.2737,0.00206948,ELEVATED,2026-03-07T14:36:40Z,1180
55544.0,DEBRIS,87214.0,UNKNOWN,5.2752,0.00206247,ELEVATED,2026-03-07T06:19:40Z,683
27848.0,PAYLOAD,55544.0,DEBRIS,5.2757,0.00206009,ELEVATED,2026-03-07T12:27:40Z,1051
56846.0,UNKNOWN,67256.0,UNKNOWN,5.2762,0.00205723,ELEVATED,2026-03-07T08:08:40Z,792
59367.0,PAYLOAD,66434.0,PAYLOAD,5.277,0.00205346,ELEVATED,2026-03-06T19:42:40Z,46
47767.0,PAYLOAD,60434.0,PAYLOAD,5.2779,0.00204932,ELEVATED,2026-03-07T14:33:40Z,1177
57937.0,PAYLOAD,67521.0,PAYLOAD,5.2784,0.00204682,ELEVATED,2026-03-06T20:40:40Z,104
61966.0,PAYLOAD,62629.0,PAYLOAD,5.2794,0.00204192,ELEVATED,2026-03-07T11:40:40Z,1004
40022.0,PAYLOAD,54776.0,PAYLOAD,5.281,0.00203428,ELEVATED,2026-03-07T15:58:40Z,1262
58788.0,PAYLOAD,63282.0,PAYLOAD,5.2811,0.00203393,ELEVATED,2026-03-07T12:49:40Z,1073
57701.0,PAYLOAD,58230.0,PAYLOAD,5.285,0.00201557,ELEVATED,2026-03-07T14:57:40Z,1201
24197.0,DEBRIS,42829.0,PAYLOAD,5.2852,0.00201458,ELEVATED,2026-03-07T17:40:40Z,1364
35135.0,DEBRIS,61493.0,DEBRIS,5.2853,0.0020138,ELEVATED,2026-03-07T14:58:40Z,1202
33932.0,DEBRIS,270329.0,UNKNOWN,5.2854,0.00201343,ELEVATED,2026-03-07T15:14:40Z,1218
59537.0,PAYLOAD,64018.0,PAYLOAD,5.2857,0.00201218,ELEVATED,2026-03-07T05:52:40Z,656
270241.0,UNKNOWN,270320.0,UNKNOWN,5.2862,0.00200986,ELEVATED,2026-03-07T18:21:40Z,1405
12111.0,PAYLOAD,57547.0,DEBRIS,5.2871,0.00200544,ELEVATED,2026-03-07T01:41:40Z,405
40109.0,PAYLOAD,89177.0,UNKNOWN,5.2872,0.00200516,ELEVATED,2026-03-06T19:25:40Z,29
31507.0,DEBRIS,61816.0,DEBRIS,5.2873,0.00200469,ELEVATED,2026-03-06T22:17:40Z,201
48401.0,PAYLOAD,62437.0,PAYLOAD,5.2882,0.00200012,ELEVATED,2026-03-06T21:14:40Z,138
28894.0,PAYLOAD,36497.0,DEBRIS,5.289,0.0019964,ELEVATED,2026-03-07T16:02:40Z,1266
41538.0,DEBRIS,55521.0,DEBRIS,5.2899,0.00199214,ELEVATED,2026-03-06T19:11:40Z,15
58094.0,PAYLOAD,59889.0,PAYLOAD,5.2903,0.00199051,ELEVATED,2026-03-07T03:53:40Z,537
62022.0,PAYLOAD,66973.0,PAYLOAD,5.2911,0.00198668,ELEVATED,2026-03-07T14:32:40Z,1176
5347.0,DEBRIS,42499.0,DEBRIS,5.2951,0.00196806,ELEVATED,2026-03-07T05:32:40Z,636
46058.0,PAYLOAD,63594.0,PAYLOAD,5.2984,0.00195291,ELEVATED,2026-03-07T10:23:40Z,927
61972.0,PAYLOAD,63279.0,PAYLOAD,5.299,0.0019499,ELEVATED,2026-03-07T10:24:40Z,928
44744.0,PAYLOAD,67294.0,UNKNOWN,5.3,0.00194547,ELEVATED,2026-03-07T00:08:40Z,312
37275.0,DEBRIS,61347.0,DEBRIS,5.3002,0.0019444,ELEVATED,2026-03-07T12:17:40Z,1041
3826.0,PAYLOAD,6115.0,ROCKET BODY,5.3011,0.00194059,ELEVATED,2026-03-07T14:39:40Z,1183
57828.0,PAYLOAD,62126.0,PAYLOAD,5.3016,0.00193802,ELEVATED,2026-03-07T02:28:40Z,452
681.0,PAYLOAD,6092.0,DEBRIS,5.3033,0.00193031,ELEVATED,2026-03-06T23:52:40Z,296
58250.0,PAYLOAD,62501.0,PAYLOAD,5.304,0.00192733,ELEVATED,2026-03-07T02:25:40Z,449
55936.0,PAYLOAD,61805.0,DEBRIS,5.3042,0.0019265,ELEVATED,2026-03-07T12:32:40Z,1056
47838.0,PAYLOAD,64603.0,PAYLOAD,5.3109,0.00189607,ELEVATED,2026-03-07T02:47:40Z,471
55368.0,PAYLOAD,57109.0,PAYLOAD,5.3118,0.00189227,ELEVATED,2026-03-07T17:22:40Z,1346
67393.0,PAYLOAD,88356.0,TBA,5.3126,0.0018885,ELEVATED,2026-03-07T16:11:40Z,1275
65080.0,PAYLOAD,66857.0,PAYLOAD,5.3129,0.00188717,ELEVATED,2026-03-07T07:51:40Z,775
62202.0,PAYLOAD,62784.0,PAYLOAD,5.315,0.00187782,ELEVATED,2026-03-06T19:55:40Z,59
58445.0,PAYLOAD,63219.0,UNKNOWN,5.3176,0.00186648,ELEVATED,2026-03-06T21:27:40Z,151
3442.0,DEBRIS,37705.0,DEBRIS,5.3186,0.00186211,ELEVATED,2026-03-07T07:45:40Z,769
48353.0,PAYLOAD,59576.0,PAYLOAD,5.3188,0.00186095,ELEVATED,2026-03-06T23:03:40Z,247
48692.0,PAYLOAD,66006.0,PAYLOAD,5.3189,0.00186087,ELEVATED,2026-03-07T15:56:40Z,1260
58646.0,PAYLOAD,67032.0,PAYLOAD,5.3211,0.00185117,ELEVATED,2026-03-07T03:42:40Z,526
43778.0,PAYLOAD,49316.0,UNKNOWN,5.3212,0.00185062,ELEVATED,2026-03-07T17:11:40Z,1335
53283.0,PAYLOAD,53702.0,PAYLOAD,5.3219,0.00184762,ELEVATED,2026-03-07T14:27:40Z,1171
59617.0,PAYLOAD,64003.0,PAYLOAD,5.3243,0.00183701,ELEVATED,2026-03-07T06:00:40Z,664
10193.0,DEBRIS,25510.0,ROCKET BODY,5.3253,0.00183288,ELEVATED,2026-03-06T22:18:40Z,202
56631.0,DEBRIS,65594.0,PAYLOAD,5.3262,0.00182894,ELEVATED,2026-03-07T01:42:40Z,406
34410.0,DEBRIS,58177.0,PAYLOAD,5.3262,0.00182869,ELEVATED,2026-03-07T15:12:40Z,1216
42989.0,PAYLOAD,60745.0,UNKNOWN,5.3265,0.00182759,ELEVATED,2026-03-07T13:53:40Z,1137
30442.0,DEBRIS,54496.0,DEBRIS,5.3265,0.00182745,ELEVATED,2026-03-07T07:25:40Z,749
56026.0,PAYLOAD,64949.0,PAYLOAD,5.3288,0.00181775,ELEVATED,2026-03-07T10:21:40Z,925
67824.0,PAYLOAD,67832.0,PAYLOAD,5.3295,0.0018147,ELEVATED,2026-03-06T23:49:40Z,293
52787.0,PAYLOAD,64827.0,PAYLOAD,5.3297,0.00181371,ELEVATED,2026-03-07T09:26:40Z,870
49432.0,PAYLOAD,49745.0,PAYLOAD,5.3315,0.00180609,ELEVATED,2026-03-07T10:13:40Z,917
59184.0,PAYLOAD,64021.0,PAYLOAD,5.3323,0.0018024,ELEVATED,2026-03-07T00:08:40Z,312
55464.0,PAYLOAD,65540.0,PAYLOAD,5.333,0.00179951,ELEVATED,2026-03-07T05:03:40Z,607
35025.0,DEBRIS,60082.0,PAYLOAD,5.3342,0.00179437,ELEVATED,2026-03-07T08:37:40Z,821
60362.0,PAYLOAD,61864.0,PAYLOAD,5.3364,0.00178516,ELEVATED,2026-03-07T12:21:40Z,1045
60385.0,PAYLOAD,61278.0,DEBRIS,5.3365,0.00178468,ELEVATED,2026-03-07T12:45:40Z,1069
63262.0,PAYLOAD,64350.0,PAYLOAD,5.3388,0.0017752,ELEVATED,2026-03-06T19:48:40Z,52
43763.0,PAYLOAD,53832.0,PAYLOAD,5.3396,0.00177146,ELEVATED,2026-03-07T10:09:40Z,913
23404.0,PAYLOAD,41295.0,DEBRIS,5.3426,0.00175905,ELEVATED,2026-03-07T02:53:40Z,477
57979.0,PAYLOAD,59552.0,PAYLOAD,5.3426,0.00175901,ELEVATED,2026-03-07T13:06:40Z,1090
45415.0,PAYLOAD,59409.0,PAYLOAD,5.346,0.0017448,ELEVATED,2026-03-06T20:13:40Z,77
30523.0,DEBRIS,37670.0,DEBRIS,5.3471,0.00174018,ELEVATED,2026-03-07T07:18:40Z,742
30234.0,DEBRIS,41538.0,DEBRIS,5.3477,0.00173768,ELEVATED,2026-03-07T14:39:40Z,1183
9995.0,DEBRIS,29895.0,DEBRIS,5.3482,0.0017359,ELEVATED,2026-03-06T23:39:40Z,283
59845.0,PAYLOAD,65627.0,PAYLOAD,5.3483,0.0017356,ELEVATED,2026-03-07T16:25:40Z,1289
53686.0,PAYLOAD,87228.0,UNKNOWN,5.3538,0.00171271,ELEVATED,2026-03-07T07:24:40Z,748
49027.0,PAYLOAD,53631.0,PAYLOAD,5.3576,0.00169724,ELEVATED,2026-03-07T04:34:40Z,578
59400.0,PAYLOAD,66530.0,PAYLOAD,5.3579,0.00169605,ELEVATED,2026-03-07T18:25:40Z,1409
48356.0,PAYLOAD,58362.0,PAYLOAD,5.3605,0.0016857,ELEVATED,2026-03-07T01:24:40Z,388
4380.0,PAYLOAD,12005.0,DEBRIS,5.361,0.00168371,ELEVATED,2026-03-07T12:29:40Z,1053
36686.0,DEBRIS,52155.0,UNKNOWN,5.3618,0.00168068,ELEVATED,2026-03-07T16:12:40Z,1276
32137.0,DEBRIS,34077.0,DEBRIS,5.3619,0.00168033,ELEVATED,2026-03-07T01:33:40Z,397
13563.0,DEBRIS,28308.0,DEBRIS,5.3624,0.00167793,ELEVATED,2026-03-07T01:34:40Z,398
58624.0,PAYLOAD,62674.0,UNKNOWN,5.3625,0.00167786,ELEVATED,2026-03-07T08:43:40Z,827
19261.0,DEBRIS,26658.0,DEBRIS,5.3628,0.00167636,ELEVATED,2026-03-07T03:33:40Z,517
62144.0,PAYLOAD,63470.0,PAYLOAD,5.3629,0.0016763,ELEVATED,2026-03-07T07:03:40Z,727
48696.0,PAYLOAD,61673.0,PAYLOAD,5.3657,0.00166478,ELEVATED,2026-03-07T14:43:40Z,1187
59931.0,PAYLOAD,63149.0,PAYLOAD,5.3659,0.00166415,ELEVATED,2026-03-07T02:43:40Z,467
31331.0,DEBRIS,59998.0,DEBRIS,5.3664,0.0016623,ELEVATED,2026-03-07T16:26:40Z,1290
54610.0,DEBRIS,54626.0,DEBRIS,5.3665,0.00166169,ELEVATED,2026-03-07T06:43:40Z,707
30107.0,DEBRIS,47975.0,DEBRIS,5.3676,0.00165729,ELEVATED,2026-03-06T22:42:40Z,226
52992.0,PAYLOAD,53586.0,PAYLOAD,5.3711,0.00164352,ELEVATED,2026-03-07T13:58:40Z,1142
65471.0,PAYLOAD,65690.0,PAYLOAD,5.3715,0.00164224,ELEVATED,2026-03-07T13:26:40Z,1110
59028.0,PAYLOAD,59699.0,PAYLOAD,5.3742,0.00163148,ELEVATED,2026-03-07T16:06:40Z,1270
46063.0,PAYLOAD,65098.0,PAYLOAD,5.3772,0.00161982,ELEVATED,2026-03-07T03:41:40Z,525
62505.0,PAYLOAD,67425.0,PAYLOAD,5.3821,0.00160094,ELEVATED,2026-03-07T16:34:40Z,1298
58052.0,PAYLOAD,62383.0,PAYLOAD,5.3832,0.00159685,ELEVATED,2026-03-07T12:10:40Z,1034
50849.0,PAYLOAD,56375.0,PAYLOAD,5.388,0.00157861,ELEVATED,2026-03-07T12:09:40Z,1033
27124.0,DEBRIS,64029.0,PAYLOAD,5.3917,0.00156483,ELEVATED,2026-03-07T12:18:40Z,1042
63238.0,UNKNOWN,63376.0,PAYLOAD,5.392,0.00156358,ELEVATED,2026-03-07T10:59:40Z,963
57495.0,PAYLOAD,63659.0,PAYLOAD,5.3931,0.00155953,ELEVATED,2026-03-07T09:16:40Z,860
47650.0,PAYLOAD,58455.0,PAYLOAD,5.3942,0.00155532,ELEVATED,2026-03-07T00:07:40Z,311
178.0,DEBRIS,32220.0,DEBRIS,5.3948,0.00155311,ELEVATED,2026-03-07T18:46:40Z,1430
31743.0,DEBRIS,42334.0,DEBRIS,5.3948,0.00155289,ELEVATED,2026-03-06T23:23:40Z,267
56319.0,PAYLOAD,65601.0,PAYLOAD,5.395,0.00155243,ELEVATED,2026-03-06T21:54:40Z,178
47069.0,DEBRIS,56283.0,DEBRIS,5.3977,0.00154226,ELEVATED,2026-03-07T01:37:40Z,401
30371.0,DEBRIS,43213.0,DEBRIS,5.399,0.00153764,ELEVATED,2026-03-07T06:34:40Z,698
58512.0,PAYLOAD,59165.0,PAYLOAD,5.3998,0.00153458,ELEVATED,2026-03-07T13:24:40Z,1108
57476.0,PAYLOAD,62624.0,PAYLOAD,5.4027,0.00152393,ELEVATED,2026-03-06T18:57:40Z,1
63821.0,PAYLOAD,65368.0,PAYLOAD,5.4065,0.00150994,ELEVATED,2026-03-07T12:43:40Z,1067
555.0,ROCKET BODY,718.0,PAYLOAD,5.4066,0.00150963,ELEVATED,2026-03-07T14:08:40Z,1152
47797.0,PAYLOAD,57847.0,PAYLOAD,5.4075,0.00150641,ELEVATED,2026-03-07T01:43:40Z,407
59095.0,PAYLOAD,67315.0,PAYLOAD,5.4076,0.00150609,ELEVATED,2026-03-06T22:33:40Z,217
59835.0,PAYLOAD,60600.0,PAYLOAD,5.409,0.00150115,ELEVATED,2026-03-07T06:42:40Z,706
58458.0,PAYLOAD,59476.0,PAYLOAD,5.4093,0.00150001,ELEVATED,2026-03-07T17:58:40Z,1382
36482.0,DEBRIS,54953.0,DEBRIS,5.4093,0.00149991,ELEVATED,2026-03-06T20:26:40Z,90
57998.0,PAYLOAD,64269.0,PAYLOAD,5.4113,0.0014928,ELEVATED,2026-03-07T12:14:40Z,1038
48303.0,PAYLOAD,65835.0,PAYLOAD,5.4126,0.00148804,ELEVATED,2026-03-07T15:36:40Z,1240
58210.0,PAYLOAD,62755.0,PAYLOAD,5.414,0.00148298,ELEVATED,2026-03-07T12:55:40Z,1079
3110.0,DEBRIS,60726.0,PAYLOAD,5.4141,0.00148263,ELEVATED,2026-03-07T16:24:40Z,1288
65324.0,PAYLOAD,66320.0,PAYLOAD,5.4149,0.00148003,ELEVATED,2026-03-07T14:55:40Z,1199
60333.0,PAYLOAD,62846.0,PAYLOAD,5.4149,0.00147995,ELEVATED,2026-03-07T08:18:40Z,802
45235.0,PAYLOAD,64893.0,UNKNOWN,5.417,0.00147239,ELEVATED,2026-03-06T22:39:40Z,223
48286.0,PAYLOAD,66510.0,PAYLOAD,5.4182,0.00146809,ELEVATED,2026-03-07T07:33:40Z,757
58175.0,PAYLOAD,59324.0,PAYLOAD,5.4191,0.00146491,ELEVATED,2026-03-07T02:44:40Z,468
56456.0,PAYLOAD,67193.0,PAYLOAD,5.4211,0.00145783,ELEVATED,2026-03-07T13:29:40Z,1113
38039.0,ROCKET BODY,58199.0,PAYLOAD,5.4217,0.00145586,ELEVATED,2026-03-06T21:39:40Z,163
59866.0,PAYLOAD,66443.0,PAYLOAD,5.423,0.0014513,ELEVATED,2026-03-07T06:21:40Z,685
57974.0,PAYLOAD,59236.0,PAYLOAD,5.4235,0.00144943,ELEVATED,2026-03-07T15:09:40Z,1213
58742.0,PAYLOAD,67424.0,PAYLOAD,5.4241,0.00144759,ELEVATED,2026-03-07T16:46:40Z,1310
60201.0,PAYLOAD,63476.0,PAYLOAD,5.4303,0.0014261,ELEVATED,2026-03-06T19:44:40Z,48
30035.0,DEBRIS,60982.0,DEBRIS,5.4313,0.00142241,ELEVATED,2026-03-06T20:50:40Z,114
8622.0,DEBRIS,9937.0,PAYLOAD,5.4315,0.00142197,ELEVATED,2026-03-06T19:29:40Z,33
1918.0,DEBRIS,66279.0,PAYLOAD,5.432,0.00142,ELEVATED,2026-03-07T03:21:40Z,505
22739.0,PAYLOAD,36337.0,DEBRIS,5.4339,0.00141349,ELEVATED,2026-03-07T01:02:40Z,366
56944.0,PAYLOAD,58112.0,PAYLOAD,5.4361,0.00140596,ELEVATED,2026-03-07T07:14:40Z,738
31016.0,DEBRIS,61128.0,DEBRIS,5.4362,0.00140569,ELEVATED,2026-03-07T10:22:40Z,926
8758.0,PAYLOAD,9910.0,DEBRIS,5.4369,0.00140337,ELEVATED,2026-03-07T16:44:40Z,1308
47827.0,PAYLOAD,50189.0,PAYLOAD,5.4373,0.00140194,ELEVATED,2026-03-07T12:09:40Z,1033
51993.0,PAYLOAD,53016.0,PAYLOAD,5.4374,0.00140157,ELEVATED,2026-03-07T11:01:40Z,965
30661.0,DEBRIS,270336.0,UNKNOWN,5.4377,0.00140081,ELEVATED,2026-03-07T07:55:40Z,779
59790.0,PAYLOAD,65427.0,PAYLOAD,5.4418,0.00138683,ELEVATED,2026-03-07T09:21:40Z,865
59350.0,PAYLOAD,64612.0,PAYLOAD,5.4446,0.00137762,ELEVATED,2026-03-07T15:00:40Z,1204
38450.0,DEBRIS,270045.0,UNKNOWN,5.4453,0.00137525,ELEVATED,2026-03-07T00:41:40Z,345
58942.0,PAYLOAD,66126.0,PAYLOAD,5.4453,0.00137524,ELEVATED,2026-03-07T02:01:40Z,425
52320.0,PAYLOAD,59224.0,PAYLOAD,5.4485,0.00136464,ELEVATED,2026-03-07T08:27:40Z,811
681.0,PAYLOAD,846.0,PAYLOAD,5.4494,0.00136164,ELEVATED,2026-03-07T18:42:40Z,1426
57913.0,PAYLOAD,59543.0,PAYLOAD,5.4494,0.00136159,ELEVATED,2026-03-06T19:59:40Z,63
59490.0,PAYLOAD,62843.0,PAYLOAD,5.4506,0.00135748,ELEVATED,2026-03-07T07:47:40Z,771
5071.0,DEBRIS,48685.0,PAYLOAD,5.4514,0.001355,ELEVATED,2026-03-07T04:12:40Z,556
4002.0,DEBRIS,5454.0,DEBRIS,5.452,0.00135319,ELEVATED,2026-03-07T11:45:40Z,1009
8560.0,DEBRIS,48816.0,DEBRIS,5.4524,0.00135185,ELEVATED,2026-03-06T20:10:40Z,74
59651.0,PAYLOAD,60155.0,PAYLOAD,5.4535,0.00134829,ELEVATED,2026-03-07T09:17:40Z,861
63407.0,PAYLOAD,63435.0,PAYLOAD,5.4535,0.00134822,ELEVATED,2026-03-07T10:58:40Z,962
42147.0,DEBRIS,64876.0,PAYLOAD,5.4541,0.00134632,ELEVATED,2026-03-07T02:10:40Z,434
57878.0,PAYLOAD,66441.0,PAYLOAD,5.4545,0.00134496,ELEVATED,2026-03-07T06:17:40Z,681
32096.0,DEBRIS,61494.0,DEBRIS,5.4545,0.00134476,ELEVATED,2026-03-07T02:05:40Z,429
59888.0,PAYLOAD,66403.0,PAYLOAD,5.4586,0.00133151,ELEVATED,2026-03-06T23:45:40Z,289
63119.0,PAYLOAD,64456.0,PAYLOAD,5.4598,0.00132755,ELEVATED,2026-03-07T02:21:40Z,445
57870.0,PAYLOAD,63412.0,PAYLOAD,5.4606,0.00132527,ELEVATED,2026-03-06T22:53:40Z,237
58437.0,PAYLOAD,63462.0,PAYLOAD,5.4614,0.00132267,ELEVATED,2026-03-07T07:39:40Z,763
66695.0,PAYLOAD,67257.0,UNKNOWN,5.4626,0.00131864,ELEVATED,2026-03-07T01:49:40Z,413
27643.0,PAYLOAD,38005.0,DEBRIS,5.4629,0.00131786,ELEVATED,2026-03-07T09:21:40Z,865
42350.0,DEBRIS,52718.0,UNKNOWN,5.4647,0.00131202,ELEVATED,2026-03-07T06:06:40Z,670
58593.0,PAYLOAD,63831.0,PAYLOAD,5.465,0.00131091,ELEVATED,2026-03-07T13:51:40Z,1135
47804.0,PAYLOAD,58440.0,PAYLOAD,5.4711,0.0012918,ELEVATED,2026-03-07T07:38:40Z,762
59270.0,PAYLOAD,65511.0,PAYLOAD,5.4725,0.00128737,ELEVATED,2026-03-07T02:52:40Z,476
59486.0,PAYLOAD,59773.0,PAYLOAD,5.4739,0.00128288,ELEVATED,2026-03-07T10:23:40Z,927
10703.0,PAYLOAD,31844.0,DEBRIS,5.4743,0.00128185,ELEVATED,2026-03-07T09:50:40Z,894
66270.0,PAYLOAD,66321.0,PAYLOAD,5.4746,0.00128074,ELEVATED,2026-03-07T01:15:40Z,379
38495.0,DEBRIS,49212.0,PAYLOAD,5.4759,0.00127671,ELEVATED,2026-03-07T09:53:40Z,897
43799.0,PAYLOAD,58025.0,PAYLOAD,5.478,0.00127018,ELEVATED,2026-03-07T09:27:40Z,871
55111.0,PAYLOAD,58933.0,PAYLOAD,5.4791,0.00126693,ELEVATED,2026-03-06T20:55:40Z,119
15737.0,DEBRIS,31974.0,DEBRIS,5.4797,0.00126508,ELEVATED,2026-03-07T09:56:40Z,900
41167.0,PAYLOAD,57186.0,UNKNOWN,5.4801,0.00126365,ELEVATED,2026-03-07T08:17:40Z,801
58101.0,PAYLOAD,65407.0,PAYLOAD,5.4825,0.00125647,ELEVATED,2026-03-07T14:09:40Z,1153
4456.0,ROCKET BODY,9623.0,ROCKET BODY,5.4828,0.00125556,ELEVATED,2026-03-07T11:32:40Z,996
45570.0,PAYLOAD,58723.0,PAYLOAD,5.4866,0.00124398,ELEVATED,2026-03-07T18:53:40Z,1437
58732.0,PAYLOAD,63321.0,PAYLOAD,5.4866,0.00124383,ELEVATED,2026-03-07T14:08:40Z,1152
55589.0,PAYLOAD,57262.0,PAYLOAD,5.4911,0.00123038,ELEVATED,2026-03-07T15:55:40Z,1259
595.0,PAYLOAD,7238.0,DEBRIS,5.4911,0.00123027,ELEVATED,2026-03-07T13:42:40Z,1126
65344.0,PAYLOAD,66599.0,PAYLOAD,5.4928,0.00122528,ELEVATED,2026-03-07T12:13:40Z,1037
54601.0,DEBRIS,62685.0,PAYLOAD,5.4932,0.00122392,ELEVATED,2026-03-07T12:18:40Z,1042
37518.0,DEBRIS,61622.0,PAYLOAD,5.4933,0.00122366,ELEVATED,2026-03-06T20:57:40Z,121
58183.0,PAYLOAD,63969.0,PAYLOAD,5.4947,0.00121944,ELEVATED,2026-03-07T14:21:40Z,1165
40136.0,PAYLOAD,40581.0,DEBRIS,5.4954,0.00121737,ELEVATED,2026-03-07T10:14:40Z,918
60313.0,PAYLOAD,62059.0,PAYLOAD,5.4955,0.0012171,ELEVATED,2026-03-07T11:50:40Z,1014
9295.0,DEBRIS,20466.0,ROCKET BODY,5.4966,0.00121386,ELEVATED,2026-03-07T01:57:40Z,421
62871.0,PAYLOAD,64077.0,PAYLOAD,5.4983,0.00120879,ELEVATED,2026-03-06T20:02:40Z,66
1198.0,DEBRIS,8354.0,ROCKET BODY,5.4998,0.00120445,ELEVATED,2026-03-07T10:37:40Z,941
6061.0,ROCKET BODY,41828.0,DEBRIS,5.5,0.00120375,ELEVATED,2026-03-07T11:10:40Z,974
58078.0,PAYLOAD,63796.0,PAYLOAD,5.5002,0.00120329,ELEVATED,2026-03-07T12:11:40Z,1035
31340.0,DEBRIS,38166.0,DEBRIS,5.5004,0.00120275,ELEVATED,2026-03-07T08:21:40Z,805
63426.0,PAYLOAD,65922.0,PAYLOAD,5.5012,0.00120026,ELEVATED,2026-03-07T12:01:40Z,1025
52849.0,PAYLOAD,56533.0,PAYLOAD,5.5041,0.00119192,ELEVATED,2026-03-07T16:27:40Z,1291
54342.0,DEBRIS,56683.0,DEBRIS,5.5083,0.00117976,ELEVATED,2026-03-07T00:06:40Z,310
63957.0,PAYLOAD,67494.0,PAYLOAD,5.5104,0.00117364,ELEVATED,2026-03-07T13:22:40Z,1106
57941.0,PAYLOAD,63790.0,PAYLOAD,5.5143,0.00116237,ELEVATED,2026-03-06T20:27:40Z,91
8941.0,DEBRIS,67259.0,UNKNOWN,5.5147,0.00116141,ELEVATED,2026-03-07T17:27:40Z,1351
62672.0,UNKNOWN,64901.0,PAYLOAD,5.5152,0.00115983,ELEVATED,2026-03-06T23:34:40Z,278
51972.0,PAYLOAD,64851.0,PAYLOAD,5.5161,0.0011573,ELEVATED,2026-03-07T14:40:40Z,1184
58453.0,PAYLOAD,59603.0,PAYLOAD,5.5169,0.00115514,ELEVATED,2026-03-07T18:29:40Z,1413
5436.0,DEBRIS,10980.0,ROCKET BODY,5.5172,0.00115417,ELEVATED,2026-03-07T04:51:40Z,595
27848.0,PAYLOAD,54532.0,DEBRIS,5.5174,0.00115378,ELEVATED,2026-03-07T09:51:40Z,895
63955.0,PAYLOAD,67122.0,PAYLOAD,5.5186,0.00115038,ELEVATED,2026-03-07T03:55:40Z,539
4117.0,ROCKET BODY,10790.0,DEBRIS,5.5187,0.0011501,ELEVATED,2026-03-06T19:30:40Z,34
61622.0,PAYLOAD,66346.0,PAYLOAD,5.5198,0.00114687,ELEVATED,2026-03-07T02:23:40Z,447
60077.0,PAYLOAD,65499.0,PAYLOAD,5.5212,0.00114292,ELEVATED,2026-03-07T09:53:40Z,897
57776.0,PAYLOAD,59943.0,PAYLOAD,5.5213,0.00114263,ELEVATED,2026-03-07T18:05:40Z,1389
59171.0,PAYLOAD,59581.0,PAYLOAD,5.5221,0.00114031,ELEVATED,2026-03-07T06:53:40Z,717
2047.0,DEBRIS,53846.0,PAYLOAD,5.5235,0.0011364,ELEVATED,2026-03-07T04:10:40Z,554
54340.0,DEBRIS,65949.0,PAYLOAD,5.5244,0.00113407,ELEVATED,2026-03-07T15:03:40Z,1207
59473.0,PAYLOAD,64140.0,PAYLOAD,5.5253,0.00113164,ELEVATED,2026-03-07T09:54:40Z,898
49156.0,PAYLOAD,61789.0,UNKNOWN,5.5255,0.00113084,ELEVATED,2026-03-07T11:27:40Z,991
51965.0,PAYLOAD,64857.0,PAYLOAD,5.5267,0.00112767,ELEVATED,2026-03-07T01:19:40Z,383
51469.0,PAYLOAD,53606.0,PAYLOAD,5.5277,0.00112495,ELEVATED,2026-03-06T22:16:40Z,200
63283.0,PAYLOAD,67408.0,PAYLOAD,5.5299,0.00111872,ELEVATED,2026-03-07T01:27:40Z,391
3225.0,ROCKET BODY,33716.0,DEBRIS,5.5301,0.0011183,ELEVATED,2026-03-07T00:16:40Z,320
5071.0,DEBRIS,52477.0,PAYLOAD,5.5306,0.00111688,ELEVATED,2026-03-06T19:30:40Z,34
4316.0,ROCKET BODY,4477.0,PAYLOAD,5.5307,0.00111651,ELEVATED,2026-03-07T06:22:40Z,686
63413.0,PAYLOAD,66101.0,PAYLOAD,5.5319,0.00111338,ELEVATED,2026-03-07T06:45:40Z,709
28991.0,DEBRIS,38143.0,DEBRIS,5.5337,0.00110843,ELEVATED,2026-03-07T15:21:40Z,1225
59375.0,PAYLOAD,62047.0,PAYLOAD,5.542,0.00108594,ELEVATED,2026-03-07T00:20:40Z,324
57640.0,PAYLOAD,59835.0,PAYLOAD,5.5423,0.00108504,ELEVATED,2026-03-07T00:05:40Z,309
41269.0,DEBRIS,41398.0,DEBRIS,5.5442,0.00108016,ELEVATED,2026-03-07T07:56:40Z,780
53395.0,PAYLOAD,57615.0,PAYLOAD,5.5447,0.00107877,ELEVATED,2026-03-07T03:06:40Z,490
65906.0,PAYLOAD,66585.0,PAYLOAD,5.5454,0.00107703,ELEVATED,2026-03-06T23:23:40Z,267
50192.0,PAYLOAD,66301.0,PAYLOAD,5.5455,0.00107653,ELEVATED,2026-03-07T08:05:40Z,789
59623.0,PAYLOAD,63787.0,PAYLOAD,5.5468,0.00107321,ELEVATED,2026-03-07T17:10:40Z,1334
20858.0,DEBRIS,31674.0,DEBRIS,5.5476,0.00107122,ELEVATED,2026-03-06T20:13:40Z,77
61614.0,PAYLOAD,63931.0,PAYLOAD,5.5485,0.00106871,ELEVATED,2026-03-07T16:35:40Z,1299
41291.0,DEBRIS,48718.0,DEBRIS,5.5489,0.00106772,ELEVATED,2026-03-07T14:26:40Z,1170
29760.0,DEBRIS,31903.0,DEBRIS,5.5522,0.00105902,ELEVATED,2026-03-07T15:41:40Z,1245
30462.0,DEBRIS,60981.0,DEBRIS,5.5531,0.00105677,ELEVATED,2026-03-07T05:58:40Z,662
60822.0,DEBRIS,61354.0,DEBRIS,5.5533,0.001056,ELEVATED,2026-03-07T00:02:40Z,306
15772.0,ROCKET BODY,54299.0,DEBRIS,5.5537,0.00105497,ELEVATED,2026-03-07T01:40:40Z,404
61958.0,PAYLOAD,66815.0,PAYLOAD,5.5546,0.00105285,ELEVATED,2026-03-07T01:57:40Z,421
3668.0,ROCKET BODY,9523.0,DEBRIS,5.5565,0.00104794,ELEVATED,2026-03-07T17:02:40Z,1326
11046.0,PAYLOAD,42080.0,DEBRIS,5.5567,0.00104733,ELEVATED,2026-03-07T13:01:40Z,1085
2637.0,DEBRIS,62225.0,PAYLOAD,5.5588,0.00104195,ELEVATED,2026-03-06T22:32:40Z,216
58442.0,PAYLOAD,63576.0,PAYLOAD,5.5618,0.00103409,ELEVATED,2026-03-07T18:09:40Z,1393
58411.0,PAYLOAD,63994.0,PAYLOAD,5.5626,0.00103219,ELEVATED,2026-03-07T14:21:40Z,1165
7272.0,PAYLOAD,21293.0,DEBRIS,5.5628,0.00103151,ELEVATED,2026-03-07T08:56:40Z,840
45794.0,PAYLOAD,61966.0,PAYLOAD,5.563,0.00103106,ELEVATED,2026-03-07T15:51:40Z,1255
59513.0,PAYLOAD,59902.0,PAYLOAD,5.5633,0.0010303,ELEVATED,2026-03-07T08:40:40Z,824
66671.0,UNKNOWN,66710.0,PAYLOAD,5.5642,0.00102809,ELEVATED,2026-03-07T17:59:40Z,1383
26617.0,PAYLOAD,39422.0,PAYLOAD,5.5649,0.00102632,ELEVATED,2026-03-07T16:18:40Z,1282
62574.0,PAYLOAD,66537.0,PAYLOAD,5.5662,0.00102288,ELEVATED,2026-03-06T19:12:40Z,16
27818.0,PAYLOAD,81947.0,UNKNOWN,5.5664,0.00102241,ELEVATED,2026-03-07T14:48:40Z,1192
31401.0,DEBRIS,54555.0,DEBRIS,5.5694,0.00101502,ELEVATED,2026-03-06T19:24:40Z,28
36100.0,DEBRIS,55557.0,DEBRIS,5.5702,0.00101296,ELEVATED,2026-03-07T18:42:40Z,1426
67607.0,PAYLOAD,67658.0,PAYLOAD,5.5702,0.00101281,ELEVATED,2026-03-06T22:25:40Z,209
48487.0,PAYLOAD,62071.0,PAYLOAD,5.5708,0.00101144,ELEVATED,2026-03-07T03:09:40Z,493
56297.0,PAYLOAD,62740.0,PAYLOAD,5.5774,0.00099502,NOMINAL,2026-03-06T20:05:40Z,69
48691.0,PAYLOAD,66374.0,PAYLOAD,5.5776,0.00099464,NOMINAL,2026-03-07T09:48:40Z,892
2351.0,PAYLOAD,4496.0,ROCKET BODY,5.5778,0.00099411,NOMINAL,2026-03-07T18:33:40Z,1417
19649.0,PAYLOAD,36337.0,DEBRIS,5.5785,0.00099225,NOMINAL,2026-03-07T09:30:40Z,874
47655.0,PAYLOAD,63681.0,PAYLOAD,5.5808,0.00098671,NOMINAL,2026-03-07T18:16:40Z,1400
57883.0,PAYLOAD,63960.0,PAYLOAD,5.5808,0.00098663,NOMINAL,2026-03-07T17:02:40Z,1326
62434.0,PAYLOAD,65421.0,PAYLOAD,5.5808,0.00098657,NOMINAL,2026-03-06T23:07:40Z,251
51803.0,PAYLOAD,61192.0,PAYLOAD,5.581,0.00098615,NOMINAL,2026-03-06T22:49:40Z,233
53226.0,PAYLOAD,58462.0,PAYLOAD,5.581,0.00098605,NOMINAL,2026-03-07T15:20:40Z,1224
58355.0,PAYLOAD,64769.0,PAYLOAD,5.5848,0.00097702,NOMINAL,2026-03-07T07:13:40Z,737
64608.0,PAYLOAD,65695.0,PAYLOAD,5.5851,0.00097617,NOMINAL,2026-03-07T16:50:40Z,1314
57973.0,PAYLOAD,66474.0,PAYLOAD,5.5854,0.00097554,NOMINAL,2026-03-07T05:26:40Z,630
60504.0,PAYLOAD,66084.0,PAYLOAD,5.5865,0.00097287,NOMINAL,2026-03-07T03:47:40Z,531
53779.0,PAYLOAD,67220.0,PAYLOAD,5.5866,0.00097258,NOMINAL,2026-03-07T02:39:40Z,463
31964.0,DEBRIS,32425.0,DEBRIS,5.5875,0.00097037,NOMINAL,2026-03-07T13:25:40Z,1109
7560.0,DEBRIS,64654.0,DEBRIS,5.5883,0.00096857,NOMINAL,2026-03-07T15:34:40Z,1238
28650.0,PAYLOAD,52581.0,PAYLOAD,5.5886,0.00096768,NOMINAL,2026-03-06T22:45:40Z,229
58009.0,PAYLOAD,58494.0,PAYLOAD,5.5887,0.00096746,NOMINAL,2026-03-07T09:06:40Z,850
51975.0,PAYLOAD,58984.0,PAYLOAD,5.5894,0.00096575,NOMINAL,2026-03-07T17:10:40Z,1334
8655.0,DEBRIS,67876.0,PAYLOAD,5.5899,0.00096464,NOMINAL,2026-03-07T17:34:40Z,1358
19038.0,PAYLOAD,41343.0,DEBRIS,5.592,0.00095972,NOMINAL,2026-03-06T19:11:40Z,15
58845.0,PAYLOAD,65083.0,PAYLOAD,5.5991,0.00094286,NOMINAL,2026-03-07T10:29:40Z,933
55540.0,DEBRIS,60655.0,DEBRIS,5.6012,0.00093779,NOMINAL,2026-03-07T01:05:40Z,369
62525.0,PAYLOAD,63072.0,PAYLOAD,5.6016,0.00093688,NOMINAL,2026-03-07T18:22:40Z,1406
57998.0,PAYLOAD,58494.0,PAYLOAD,5.6017,0.0009368,NOMINAL,2026-03-06T18:59:40Z,3
12753.0,DEBRIS,13917.0,ROCKET BODY,5.6038,0.00093195,NOMINAL,2026-03-07T01:32:40Z,396
60151.0,PAYLOAD,62025.0,PAYLOAD,5.6057,0.00092739,NOMINAL,2026-03-07T12:17:40Z,1041
47356.0,PAYLOAD,57444.0,PAYLOAD,5.6065,0.00092557,NOMINAL,2026-03-07T02:06:40Z,430
57761.0,PAYLOAD,65579.0,PAYLOAD,5.6066,0.00092533,NOMINAL,2026-03-07T09:13:40Z,857
58783.0,PAYLOAD,66432.0,PAYLOAD,5.6083,0.00092149,NOMINAL,2026-03-07T17:06:40Z,1330
29933.0,DEBRIS,36339.0,DEBRIS,5.6091,0.00091972,NOMINAL,2026-03-07T14:14:40Z,1158
58414.0,PAYLOAD,63847.0,PAYLOAD,5.6104,0.00091666,NOMINAL,2026-03-07T02:56:40Z,480
4714.0,ROCKET BODY,8863.0,ROCKET BODY,5.6108,0.00091577,NOMINAL,2026-03-07T08:25:40Z,809
66168.0,PAYLOAD,67135.0,PAYLOAD,5.6119,0.00091323,NOMINAL,2026-03-07T04:39:40Z,583
64078.0,PAYLOAD,66258.0,PAYLOAD,5.6134,0.00090987,NOMINAL,2026-03-07T01:52:40Z,416
58676.0,PAYLOAD,66328.0,PAYLOAD,5.6139,0.00090872,NOMINAL,2026-03-07T08:50:40Z,834
20999.0,DEBRIS,65093.0,PAYLOAD,5.6154,0.00090533,NOMINAL,2026-03-07T13:09:40Z,1093
572.0,ROCKET BODY,1402.0,DEBRIS,5.619,0.00089711,NOMINAL,2026-03-07T05:14:40Z,618
48357.0,PAYLOAD,59495.0,PAYLOAD,5.6192,0.00089679,NOMINAL,2026-03-07T04:30:40Z,574
51968.0,PAYLOAD,62055.0,PAYLOAD,5.6196,0.00089586,NOMINAL,2026-03-07T09:44:40Z,888
30858.0,DEBRIS,45511.0,DEBRIS,5.6199,0.00089523,NOMINAL,2026-03-07T05:54:40Z,658
57823.0,PAYLOAD,67349.0,PAYLOAD,5.6212,0.00089231,NOMINAL,2026-03-06T20:23:40Z,87
66669.0,UNKNOWN,67266.0,UNKNOWN,5.6237,0.0008866,NOMINAL,2026-03-07T18:04:40Z,1388
62116.0,PAYLOAD,67054.0,PAYLOAD,5.6238,0.00088654,NOMINAL,2026-03-07T13:07:40Z,1091
59412.0,PAYLOAD,66813.0,PAYLOAD,5.6248,0.00088422,NOMINAL,2026-03-07T12:24:40Z,1048
53405.0,PAYLOAD,56141.0,PAYLOAD,5.6254,0.00088305,NOMINAL,2026-03-07T17:31:40Z,1355
60584.0,PAYLOAD,67189.0,PAYLOAD,5.6256,0.00088249,NOMINAL,2026-03-06T22:55:40Z,239
64781.0,PAYLOAD,65410.0,PAYLOAD,5.6261,0.0008815,NOMINAL,2026-03-07T13:02:40Z,1086
41705.0,DEBRIS,49008.0,PAYLOAD,5.6293,0.00087434,NOMINAL,2026-03-07T00:58:40Z,362
58054.0,PAYLOAD,66304.0,UNKNOWN,5.63,0.00087287,NOMINAL,2026-03-07T03:47:40Z,531
65408.0,PAYLOAD,65922.0,PAYLOAD,5.6314,0.00086978,NOMINAL,2026-03-07T09:54:40Z,898
48364.0,PAYLOAD,62959.0,PAYLOAD,5.6324,0.00086763,NOMINAL,2026-03-07T16:39:40Z,1303
36196.0,DEBRIS,39094.0,DEBRIS,5.6336,0.00086494,NOMINAL,2026-03-07T00:23:40Z,327
48639.0,PAYLOAD,59564.0,PAYLOAD,5.6345,0.00086302,NOMINAL,2026-03-07T10:45:40Z,949
61545.0,PAYLOAD,66032.0,PAYLOAD,5.635,0.00086205,NOMINAL,2026-03-07T01:15:40Z,379
24286.0,ROCKET BODY,54944.0,DEBRIS,5.6358,0.00086029,NOMINAL,2026-03-07T00:28:40Z,332
24151.0,DEBRIS,40261.0,PAYLOAD,5.6375,0.00085669,NOMINAL,2026-03-06T19:31:40Z,35
61635.0,PAYLOAD,66344.0,PAYLOAD,5.6376,0.00085633,NOMINAL,2026-03-07T05:58:40Z,662
4532.0,DEBRIS,66227.0,PAYLOAD,5.6388,0.00085372,NOMINAL,2026-03-07T17:12:40Z,1336
59329.0,PAYLOAD,63457.0,PAYLOAD,5.6392,0.00085286,NOMINAL,2026-03-06T21:10:40Z,134
63556.0,PAYLOAD,64240.0,PAYLOAD,5.6449,0.00084085,NOMINAL,2026-03-07T13:46:40Z,1130
57864.0,PAYLOAD,62743.0,PAYLOAD,5.6465,0.00083752,NOMINAL,2026-03-07T08:04:40Z,788
59682.0,PAYLOAD,66497.0,PAYLOAD,5.6473,0.00083584,NOMINAL,2026-03-07T00:15:40Z,319
6337.0,DEBRIS,11319.0,DEBRIS,5.6484,0.00083344,NOMINAL,2026-03-06T21:26:40Z,150
2264.0,DEBRIS,68009.0,PAYLOAD,5.6489,0.00083246,NOMINAL,2026-03-06T23:57:40Z,301
58165.0,PAYLOAD,63905.0,PAYLOAD,5.6493,0.00083161,NOMINAL,2026-03-06T22:14:40Z,198
63708.0,PAYLOAD,65635.0,PAYLOAD,5.6523,0.00082542,NOMINAL,2026-03-07T14:03:40Z,1147
44390.0,PAYLOAD,59349.0,PAYLOAD,5.6532,0.00082356,NOMINAL,2026-03-07T18:24:40Z,1408
56746.0,UNKNOWN,61756.0,UNKNOWN,5.6541,0.0008217,NOMINAL,2026-03-07T05:09:40Z,613
32791.0,PAYLOAD,57787.0,PAYLOAD,5.6553,0.00081913,NOMINAL,2026-03-07T11:04:40Z,968
51844.0,UNKNOWN,62991.0,PAYLOAD,5.6554,0.00081905,NOMINAL,2026-03-07T06:11:40Z,675
18414.0,DEBRIS,35018.0,DEBRIS,5.6556,0.00081853,NOMINAL,2026-03-07T05:04:40Z,608
29807.0,DEBRIS,36343.0,DEBRIS,5.6575,0.00081459,NOMINAL,2026-03-07T14:37:40Z,1181
39091.0,PAYLOAD,60653.0,DEBRIS,5.6585,0.0008127,NOMINAL,2026-03-07T18:48:40Z,1432
56030.0,PAYLOAD,57895.0,PAYLOAD,5.6589,0.00081172,NOMINAL,2026-03-07T12:20:40Z,1044
62674.0,UNKNOWN,62680.0,PAYLOAD,5.6599,0.00080982,NOMINAL,2026-03-06T22:43:40Z,227
21078.0,DEBRIS,60123.0,PAYLOAD,5.6621,0.00080536,NOMINAL,2026-03-06T20:13:40Z,77
57997.0,PAYLOAD,58089.0,PAYLOAD,5.6624,0.00080477,NOMINAL,2026-03-06T23:14:40Z,258
59583.0,PAYLOAD,60156.0,PAYLOAD,5.6644,0.00080058,NOMINAL,2026-03-07T14:35:40Z,1179
57884.0,PAYLOAD,59334.0,PAYLOAD,5.6646,0.0008003,NOMINAL,2026-03-07T11:42:40Z,1006
30942.0,DEBRIS,31185.0,DEBRIS,5.6647,0.00080004,NOMINAL,2026-03-06T22:23:40Z,207
10745.0,ROCKET BODY,65991.0,PAYLOAD,5.6657,0.00079812,NOMINAL,2026-03-07T10:37:40Z,941
23259.0,DEBRIS,31217.0,DEBRIS,5.6661,0.00079723,NOMINAL,2026-03-07T09:51:40Z,895
65550.0,PAYLOAD,67369.0,UNKNOWN,5.6677,0.00079408,NOMINAL,2026-03-07T12:04:40Z,1028
58358.0,PAYLOAD,65684.0,PAYLOAD,5.668,0.00079346,NOMINAL,2026-03-07T08:55:40Z,839
31234.0,DEBRIS,32141.0,DEBRIS,5.6713,0.00078676,NOMINAL,2026-03-07T08:54:40Z,838
2813.0,PAYLOAD,3135.0,DEBRIS,5.6724,0.0007847,NOMINAL,2026-03-07T17:12:40Z,1336
48104.0,PAYLOAD,59738.0,PAYLOAD,5.6729,0.00078373,NOMINAL,2026-03-07T03:34:40Z,518
10650.0,DEBRIS,26601.0,DEBRIS,5.6731,0.00078334,NOMINAL,2026-03-07T10:18:40Z,922
38364.0,DEBRIS,38447.0,DEBRIS,5.6744,0.00078077,NOMINAL,2026-03-07T05:08:40Z,612
58881.0,PAYLOAD,61592.0,PAYLOAD,5.6791,0.00077151,NOMINAL,2026-03-07T11:53:40Z,1017
6460.0,DEBRIS,7927.0,DEBRIS,5.6802,0.00076942,NOMINAL,2026-03-07T06:52:40Z,716
52342.0,PAYLOAD,52672.0,PAYLOAD,5.6813,0.00076715,NOMINAL,2026-03-07T18:03:40Z,1387
60336.0,PAYLOAD,60463.0,PAYLOAD,5.6815,0.00076682,NOMINAL,2026-03-07T15:19:40Z,1223
729.0,PAYLOAD,18505.0,DEBRIS,5.6823,0.00076527,NOMINAL,2026-03-07T10:51:40Z,955
48289.0,PAYLOAD,66347.0,PAYLOAD,5.6826,0.00076479,NOMINAL,2026-03-07T16:08:40Z,1272
45088.0,PAYLOAD,62039.0,PAYLOAD,5.6832,0.00076364,NOMINAL,2026-03-07T14:08:40Z,1152
60156.0,PAYLOAD,62950.0,PAYLOAD,5.6833,0.00076329,NOMINAL,2026-03-07T15:53:40Z,1257
4078.0,PAYLOAD,9524.0,DEBRIS,5.6835,0.00076308,NOMINAL,2026-03-07T12:47:40Z,1071
47752.0,PAYLOAD,59747.0,PAYLOAD,5.6847,0.00076074,NOMINAL,2026-03-07T03:50:40Z,534
1343.0,DEBRIS,10337.0,DEBRIS,5.6852,0.00075976,NOMINAL,2026-03-07T02:13:40Z,437
39205.0,DEBRIS,67379.0,PAYLOAD,5.6853,0.0007596,NOMINAL,2026-03-06T20:48:40Z,112
47437.0,UNKNOWN,59770.0,PAYLOAD,5.686,0.00075812,NOMINAL,2026-03-07T04:28:40Z,572
5496.0,DEBRIS,8737.0,PAYLOAD,5.6884,0.00075364,NOMINAL,2026-03-07T11:16:40Z,980
64254.0,PAYLOAD,66392.0,PAYLOAD,5.6885,0.00075342,NOMINAL,2026-03-07T02:32:40Z,456
62103.0,PAYLOAD,66390.0,PAYLOAD,5.6889,0.00075256,NOMINAL,2026-03-07T04:07:40Z,551
31311.0,DEBRIS,44600.0,DEBRIS,5.6899,0.00075073,NOMINAL,2026-03-07T16:46:40Z,1310
55047.0,PAYLOAD,66512.0,PAYLOAD,5.6907,0.00074928,NOMINAL,2026-03-07T10:57:40Z,961
37136.0,DEBRIS,270043.0,UNKNOWN,5.6908,0.00074906,NOMINAL,2026-03-07T16:24:40Z,1288
2198.0,DEBRIS,5298.0,ROCKET BODY,5.6913,0.00074806,NOMINAL,2026-03-07T01:57:40Z,421
64079.0,PAYLOAD,66189.0,PAYLOAD,5.6922,0.00074632,NOMINAL,2026-03-06T19:03:40Z,7
59928.0,PAYLOAD,66581.0,PAYLOAD,5.6936,0.0007438,NOMINAL,2026-03-07T18:06:40Z,1390
59773.0,PAYLOAD,64540.0,PAYLOAD,5.6958,0.00073957,NOMINAL,2026-03-06T22:18:40Z,202
53247.0,PAYLOAD,55591.0,PAYLOAD,5.6961,0.00073904,NOMINAL,2026-03-06T23:13:40Z,257
1403.0,DEBRIS,62519.0,PAYLOAD,5.6965,0.00073828,NOMINAL,2026-03-07T10:05:40Z,909
2194.0,PAYLOAD,8644.0,DEBRIS,5.6968,0.00073769,NOMINAL,2026-03-07T13:31:40Z,1115
1939.0,PAYLOAD,3855.0,PAYLOAD,5.6974,0.0007366,NOMINAL,2026-03-07T04:24:40Z,568
39090.0,PAYLOAD,60844.0,DEBRIS,5.6984,0.00073476,NOMINAL,2026-03-06T19:20:40Z,24
5524.0,DEBRIS,26498.0,DEBRIS,5.6996,0.00073254,NOMINAL,2026-03-07T08:45:40Z,829
6659.0,PAYLOAD,82139.0,UNKNOWN,5.7014,0.00072926,NOMINAL,2026-03-07T03:42:40Z,526
58948.0,PAYLOAD,67512.0,PAYLOAD,5.7055,0.0007216,NOMINAL,2026-03-07T14:52:40Z,1196
59002.0,PAYLOAD,62531.0,PAYLOAD,5.7067,0.00071943,NOMINAL,2026-03-07T03:51:40Z,535
5501.0,DEBRIS,58417.0,PAYLOAD,5.7084,0.00071637,NOMINAL,2026-03-07T16:33:40Z,1297
36173.0,DEBRIS,48625.0,DEBRIS,5.7095,0.00071432,NOMINAL,2026-03-07T13:04:40Z,1088
58003.0,PAYLOAD,59632.0,PAYLOAD,5.711,0.00071171,NOMINAL,2026-03-07T03:12:40Z,496
61678.0,PAYLOAD,64138.0,PAYLOAD,5.712,0.00070984,NOMINAL,2026-03-07T15:43:40Z,1247
3071.0,PAYLOAD,45569.0,PAYLOAD,5.7121,0.00070965,NOMINAL,2026-03-06T21:00:40Z,124
860.0,DEBRIS,65477.0,PAYLOAD,5.7122,0.00070955,NOMINAL,2026-03-07T01:20:40Z,384
48702.0,DEBRIS,82875.0,UNKNOWN,5.7124,0.00070916,NOMINAL,2026-03-07T09:40:40Z,884
61891.0,PAYLOAD,64257.0,PAYLOAD,5.7147,0.00070497,NOMINAL,2026-03-07T13:42:40Z,1126
45406.0,PAYLOAD,47772.0,PAYLOAD,5.7148,0.00070484,NOMINAL,2026-03-07T10:28:40Z,932
66371.0,PAYLOAD,67322.0,PAYLOAD,5.7167,0.00070138,NOMINAL,2026-03-07T05:40:40Z,644
63738.0,PAYLOAD,65137.0,PAYLOAD,5.7167,0.00070136,NOMINAL,2026-03-07T12:33:40Z,1057
58589.0,PAYLOAD,67120.0,PAYLOAD,5.7178,0.00069951,NOMINAL,2026-03-07T13:18:40Z,1102
30235.0,DEBRIS,54422.0,DEBRIS,5.7184,0.00069846,NOMINAL,2026-03-06T21:32:40Z,156
56448.0,PAYLOAD,64024.0,PAYLOAD,5.7193,0.00069687,NOMINAL,2026-03-07T07:55:40Z,779
61853.0,PAYLOAD,66472.0,PAYLOAD,5.7209,0.000694,NOMINAL,2026-03-07T01:55:40Z,419
54695.0,UNKNOWN,65372.0,PAYLOAD,5.7218,0.00069235,NOMINAL,2026-03-06T20:00:40Z,64
55186.0,DEBRIS,61155.0,DEBRIS,5.7233,0.00068977,NOMINAL,2026-03-07T14:30:40Z,1174
59458.0,PAYLOAD,63582.0,PAYLOAD,5.7244,0.00068793,NOMINAL,2026-03-07T09:23:40Z,867
57618.0,PAYLOAD,66054.0,UNKNOWN,5.7257,0.00068554,NOMINAL,2026-03-07T04:45:40Z,589
14801.0,DEBRIS,40605.0,DEBRIS,5.7264,0.00068427,NOMINAL,2026-03-07T09:50:40Z,894
39646.0,DEBRIS,39666.0,DEBRIS,5.7275,0.00068238,NOMINAL,2026-03-07T06:07:40Z,671
12216.0,DEBRIS,17457.0,DEBRIS,5.7292,0.00067951,NOMINAL,2026-03-07T14:45:40Z,1189
59433.0,PAYLOAD,59456.0,PAYLOAD,5.7305,0.00067726,NOMINAL,2026-03-07T14:17:40Z,1161
13649.0,ROCKET BODY,25940.0,PAYLOAD,5.7327,0.00067351,NOMINAL,2026-03-07T17:32:40Z,1356
57968.0,PAYLOAD,63816.0,PAYLOAD,5.7329,0.00067313,NOMINAL,2026-03-06T19:52:40Z,56
47824.0,PAYLOAD,53202.0,PAYLOAD,5.7343,0.00067071,NOMINAL,2026-03-06T22:45:40Z,229
16496.0,ROCKET BODY,41784.0,PAYLOAD,5.7349,0.00066976,NOMINAL,2026-03-06T20:16:40Z,80
61679.0,PAYLOAD,64008.0,PAYLOAD,5.7359,0.00066802,NOMINAL,2026-03-07T01:33:40Z,397
59330.0,PAYLOAD,67052.0,PAYLOAD,5.7361,0.00066762,NOMINAL,2026-03-07T15:32:40Z,1236
13500.0,DEBRIS,35025.0,DEBRIS,5.7379,0.00066465,NOMINAL,2026-03-07T14:30:40Z,1174
288.0,ROCKET BODY,10283.0,ROCKET BODY,5.7384,0.00066371,NOMINAL,2026-03-07T02:51:40Z,475
58528.0,PAYLOAD,62392.0,PAYLOAD,5.7395,0.00066196,NOMINAL,2026-03-06T23:50:40Z,294
48353.0,PAYLOAD,59164.0,PAYLOAD,5.7404,0.00066041,NOMINAL,2026-03-06T21:29:40Z,153
59662.0,PAYLOAD,64479.0,PAYLOAD,5.7404,0.0006604,NOMINAL,2026-03-07T17:30:40Z,1354
12710.0,DEBRIS,28521.0,PAYLOAD,5.7407,0.00065984,NOMINAL,2026-03-07T03:28:40Z,512
47390.0,PAYLOAD,64157.0,PAYLOAD,5.7408,0.00065962,NOMINAL,2026-03-07T01:41:40Z,405
9040.0,DEBRIS,30978.0,DEBRIS,5.7414,0.00065871,NOMINAL,2026-03-06T20:50:40Z,114
57467.0,PAYLOAD,67429.0,PAYLOAD,5.7418,0.000658,NOMINAL,2026-03-06T20:56:40Z,120
63480.0,PAYLOAD,65362.0,PAYLOAD,5.7444,0.00065374,NOMINAL,2026-03-07T14:36:40Z,1180
55575.0,PAYLOAD,56014.0,PAYLOAD,5.7483,0.00064715,NOMINAL,2026-03-07T09:28:40Z,872
2246.0,DEBRIS,6279.0,ROCKET BODY,5.7499,0.0006445,NOMINAL,2026-03-07T13:26:40Z,1110
18689.0,DEBRIS,20740.0,PAYLOAD,5.75,0.0006444,NOMINAL,2026-03-07T17:01:40Z,1325
59397.0,PAYLOAD,66074.0,PAYLOAD,5.7502,0.00064399,NOMINAL,2026-03-07T18:49:40Z,1433
6201.0,DEBRIS,44772.0,PAYLOAD,5.7506,0.00064344,NOMINAL,2026-03-07T09:41:40Z,885
8682.0,DEBRIS,55543.0,DEBRIS,5.751,0.0006427,NOMINAL,2026-03-07T00:35:40Z,339
5856.0,DEBRIS,66935.0,PAYLOAD,5.7517,0.00064156,NOMINAL,2026-03-07T02:53:40Z,477
39853.0,DEBRIS,59423.0,PAYLOAD,5.7524,0.00064052,NOMINAL,2026-03-07T18:07:40Z,1391
31249.0,DEBRIS,58364.0,PAYLOAD,5.7525,0.0006403,NOMINAL,2026-03-07T11:41:40Z,1005
48133.0,PAYLOAD,58451.0,PAYLOAD,5.7531,0.00063925,NOMINAL,2026-03-07T15:49:40Z,1253
63152.0,PAYLOAD,65734.0,PAYLOAD,5.7533,0.00063894,NOMINAL,2026-03-06T23:53:40Z,297
53038.0,PAYLOAD,67148.0,PAYLOAD,5.7536,0.00063843,NOMINAL,2026-03-07T15:11:40Z,1215
60037.0,PAYLOAD,65921.0,PAYLOAD,5.7538,0.00063823,NOMINAL,2026-03-07T13:40:40Z,1124
17585.0,PAYLOAD,21733.0,PAYLOAD,5.7538,0.00063821,NOMINAL,2026-03-06T21:22:40Z,146
58271.0,PAYLOAD,61746.0,PAYLOAD,5.7547,0.00063663,NOMINAL,2026-03-07T00:20:40Z,324
54553.0,DEBRIS,56588.0,DEBRIS,5.7549,0.00063643,NOMINAL,2026-03-07T15:26:40Z,1230
58043.0,PAYLOAD,62771.0,PAYLOAD,5.7552,0.00063592,NOMINAL,2026-03-07T15:38:40Z,1242
44629.0,ROCKET BODY,88813.0,TBA,5.7554,0.00063562,NOMINAL,2026-03-07T08:11:40Z,795
48553.0,PAYLOAD,62050.0,PAYLOAD,5.7563,0.00063404,NOMINAL,2026-03-07T18:08:40Z,1392
48304.0,PAYLOAD,65801.0,PAYLOAD,5.7564,0.0006339,NOMINAL,2026-03-07T06:19:40Z,683
57515.0,PAYLOAD,57527.0,PAYLOAD,5.7566,0.00063368,NOMINAL,2026-03-07T12:59:40Z,1083
48329.0,PAYLOAD,53318.0,PAYLOAD,5.7591,0.00062954,NOMINAL,2026-03-07T06:35:40Z,699
59787.0,PAYLOAD,66360.0,PAYLOAD,5.7592,0.00062947,NOMINAL,2026-03-06T22:43:40Z,227
63983.0,UNKNOWN,67586.0,DEBRIS,5.76,0.00062807,NOMINAL,2026-03-07T10:40:40Z,944
57998.0,PAYLOAD,63320.0,PAYLOAD,5.7629,0.00062338,NOMINAL,2026-03-07T02:45:40Z,469
57088.0,PAYLOAD,58090.0,PAYLOAD,5.7638,0.000622,NOMINAL,2026-03-06T22:38:40Z,222
64770.0,PAYLOAD,65217.0,PAYLOAD,5.7685,0.00061461,NOMINAL,2026-03-07T18:42:40Z,1426
59576.0,PAYLOAD,66427.0,PAYLOAD,5.7691,0.00061356,NOMINAL,2026-03-07T13:37:40Z,1121
812.0,PAYLOAD,37389.0,PAYLOAD,5.7729,0.00060771,NOMINAL,2026-03-06T20:07:40Z,71
63649.0,PAYLOAD,66488.0,PAYLOAD,5.7732,0.00060724,NOMINAL,2026-03-07T04:57:40Z,601
31197.0,DEBRIS,58430.0,DEBRIS,5.7764,0.00060228,NOMINAL,2026-03-07T02:13:40Z,437
9860.0,PAYLOAD,53323.0,PAYLOAD,5.7769,0.00060143,NOMINAL,2026-03-07T17:00:40Z,1324
58224.0,PAYLOAD,64383.0,PAYLOAD,5.7785,0.00059907,NOMINAL,2026-03-07T07:50:40Z,774
1384.0,DEBRIS,67301.0,ROCKET BODY,5.7796,0.00059733,NOMINAL,2026-03-06T20:15:40Z,79
60686.0,DEBRIS,61100.0,DEBRIS,5.7802,0.00059637,NOMINAL,2026-03-07T08:15:40Z,799
29444.0,DEBRIS,45038.0,DEBRIS,5.7805,0.00059593,NOMINAL,2026-03-07T18:10:40Z,1394
45459.0,DEBRIS,54919.0,DEBRIS,5.7812,0.00059481,NOMINAL,2026-03-07T13:27:40Z,1111
46506.0,PAYLOAD,64464.0,PAYLOAD,5.7843,0.0005902,NOMINAL,2026-03-07T04:42:40Z,586
49003.0,UNKNOWN,65064.0,PAYLOAD,5.7845,0.00058979,NOMINAL,2026-03-07T05:14:40Z,618
13565.0,DEBRIS,35090.0,DEBRIS,5.7852,0.00058872,NOMINAL,2026-03-07T07:40:40Z,764
48356.0,PAYLOAD,64927.0,PAYLOAD,5.7884,0.00058403,NOMINAL,2026-03-07T08:45:40Z,829
64079.0,PAYLOAD,66541.0,PAYLOAD,5.789,0.00058312,NOMINAL,2026-03-06T21:33:40Z,157
60648.0,DEBRIS,61482.0,DEBRIS,5.789,0.000583,NOMINAL,2026-03-07T18:54:40Z,1438
57196.0,UNKNOWN,66475.0,PAYLOAD,5.7897,0.00058204,NOMINAL,2026-03-07T05:00:40Z,604
12458.0,PAYLOAD,270284.0,UNKNOWN,5.7908,0.00058036,NOMINAL,2026-03-07T01:04:40Z,368
48364.0,PAYLOAD,58409.0,PAYLOAD,5.7911,0.00057984,NOMINAL,2026-03-06T21:05:40Z,129
5778.0,DEBRIS,67210.0,PAYLOAD,5.7917,0.00057905,NOMINAL,2026-03-06T20:41:40Z,105
31963.0,DEBRIS,46758.0,PAYLOAD,5.7923,0.00057808,NOMINAL,2026-03-07T01:53:40Z,417
3113.0,PAYLOAD,10530.0,ROCKET BODY,5.7925,0.00057781,NOMINAL,2026-03-07T16:21:40Z,1285
48606.0,PAYLOAD,58130.0,PAYLOAD,5.7926,0.00057774,NOMINAL,2026-03-06T19:53:40Z,57
9318.0,DEBRIS,59239.0,PAYLOAD,5.794,0.00057554,NOMINAL,2026-03-07T02:24:40Z,448
22415.0,DEBRIS,65570.0,PAYLOAD,5.8006,0.00056596,NOMINAL,2026-03-06T22:45:40Z,229
64392.0,PAYLOAD,65933.0,PAYLOAD,5.8017,0.00056436,NOMINAL,2026-03-07T00:01:40Z,305
63400.0,PAYLOAD,64182.0,PAYLOAD,5.8018,0.00056411,NOMINAL,2026-03-07T04:28:40Z,572
48375.0,PAYLOAD,59037.0,PAYLOAD,5.8037,0.00056142,NOMINAL,2026-03-07T09:27:40Z,871
5700.0,DEBRIS,270173.0,UNKNOWN,5.8041,0.00056085,NOMINAL,2026-03-07T12:21:40Z,1045
45840.0,DEBRIS,62926.0,PAYLOAD,5.8046,0.00056014,NOMINAL,2026-03-07T16:58:40Z,1322
48124.0,PAYLOAD,62202.0,PAYLOAD,5.8073,0.00055621,NOMINAL,2026-03-07T08:16:40Z,800
59805.0,UNKNOWN,66754.0,PAYLOAD,5.8093,0.00055327,NOMINAL,2026-03-07T03:32:40Z,516
48075.0,PAYLOAD,55811.0,PAYLOAD,5.8112,0.00055068,NOMINAL,2026-03-07T02:17:40Z,441
2890.0,PAYLOAD,4067.0,DEBRIS,5.8126,0.00054867,NOMINAL,2026-03-07T08:33:40Z,817
2104.0,PAYLOAD,8841.0,DEBRIS,5.8128,0.00054834,NOMINAL,2026-03-06T22:02:40Z,186
7135.0,DEBRIS,270091.0,UNKNOWN,5.8142,0.00054643,NOMINAL,2026-03-07T13:28:40Z,1112
17648.0,DEBRIS,29033.0,DEBRIS,5.8148,0.00054547,NOMINAL,2026-03-07T16:48:40Z,1312
60370.0,PAYLOAD,66463.0,PAYLOAD,5.8208,0.00053719,NOMINAL,2026-03-07T00:53:40Z,357
58008.0,PAYLOAD,65872.0,PAYLOAD,5.822,0.00053552,NOMINAL,2026-03-07T04:10:40Z,554
11324.0,PAYLOAD,46714.0,PAYLOAD,5.8258,0.00053021,NOMINAL,2026-03-07T14:58:40Z,1202
51795.0,PAYLOAD,53827.0,PAYLOAD,5.8263,0.00052952,NOMINAL,2026-03-07T16:13:40Z,1277
60453.0,PAYLOAD,66308.0,PAYLOAD,5.8272,0.00052836,NOMINAL,2026-03-06T20:42:40Z,106
59695.0,PAYLOAD,62422.0,PAYLOAD,5.8277,0.00052759,NOMINAL,2026-03-07T17:35:40Z,1359
5799.0,DEBRIS,8926.0,DEBRIS,5.8277,0.00052758,NOMINAL,2026-03-07T02:51:40Z,475
54290.0,DEBRIS,64648.0,DEBRIS,5.828,0.00052715,NOMINAL,2026-03-06T22:16:40Z,200
3232.0,ROCKET BODY,10554.0,PAYLOAD,5.8289,0.00052598,NOMINAL,2026-03-07T02:29:40Z,453
34139.0,DEBRIS,38180.0,DEBRIS,5.8296,0.00052497,NOMINAL,2026-03-07T04:49:40Z,593
9409.0,DEBRIS,67961.0,PAYLOAD,5.8309,0.00052326,NOMINAL,2026-03-06T23:52:40Z,296
26366.0,PAYLOAD,58623.0,PAYLOAD,5.8322,0.00052145,NOMINAL,2026-03-07T13:37:40Z,1121
2556.0,DEBRIS,35423.0,DEBRIS,5.833,0.00052049,NOMINAL,2026-03-06T22:03:40Z,187
7152.0,DEBRIS,17851.0,PAYLOAD,5.8347,0.00051815,NOMINAL,2026-03-07T03:06:40Z,490
62645.0,PAYLOAD,66532.0,PAYLOAD,5.8349,0.00051783,NOMINAL,2026-03-07T10:57:40Z,961
50831.0,PAYLOAD,54004.0,PAYLOAD,5.8368,0.00051533,NOMINAL,2026-03-07T13:28:40Z,1112
481.0,PAYLOAD,2759.0,PAYLOAD,5.8372,0.00051473,NOMINAL,2026-03-07T05:04:40Z,608
35962.0,DEBRIS,57069.0,PAYLOAD,5.838,0.00051374,NOMINAL,2026-03-07T14:04:40Z,1148
58879.0,PAYLOAD,66538.0,PAYLOAD,5.8381,0.00051364,NOMINAL,2026-03-07T04:21:40Z,565
53601.0,PAYLOAD,55474.0,PAYLOAD,5.8407,0.00051014,NOMINAL,2026-03-06T21:03:40Z,127
46519.0,DEBRIS,64010.0,PAYLOAD,5.8412,0.0005095,NOMINAL,2026-03-07T18:00:40Z,1384
59377.0,PAYLOAD,67343.0,PAYLOAD,5.8417,0.00050884,NOMINAL,2026-03-07T01:11:40Z,375
59442.0,PAYLOAD,60371.0,PAYLOAD,5.8444,0.00050522,NOMINAL,2026-03-07T11:37:40Z,1001
39306.0,DEBRIS,65867.0,PAYLOAD,5.8446,0.00050496,NOMINAL,2026-03-06T20:51:40Z,115
52789.0,PAYLOAD,53652.0,PAYLOAD,5.8462,0.00050288,NOMINAL,2026-03-07T11:19:40Z,983
65340.0,PAYLOAD,67360.0,PAYLOAD,5.8478,0.00050085,NOMINAL,2026-03-07T09:57:40Z,901
49413.0,PAYLOAD,67614.0,PAYLOAD,5.849,0.00049926,NOMINAL,2026-03-06T22:50:40Z,234
45074.0,PAYLOAD,63217.0,UNKNOWN,5.8496,0.00049848,NOMINAL,2026-03-07T07:14:40Z,738
58889.0,PAYLOAD,59038.0,PAYLOAD,5.8501,0.00049783,NOMINAL,2026-03-07T17:46:40Z,1370
63895.0,PAYLOAD,64463.0,PAYLOAD,5.8514,0.00049614,NOMINAL,2026-03-07T04:12:40Z,556
20775.0,ROCKET BODY,67307.0,PAYLOAD,5.8535,0.00049342,NOMINAL,2026-03-07T14:51:40Z,1195
58008.0,PAYLOAD,66160.0,PAYLOAD,5.8539,0.00049295,NOMINAL,2026-03-07T07:02:40Z,726
58119.0,PAYLOAD,67113.0,PAYLOAD,5.8539,0.0004929,NOMINAL,2026-03-07T09:18:40Z,862
33599.0,DEBRIS,57203.0,UNKNOWN,5.8586,0.000487,NOMINAL,2026-03-07T02:23:40Z,447
45071.0,PAYLOAD,59095.0,PAYLOAD,5.8598,0.00048539,NOMINAL,2026-03-07T09:29:40Z,873
59388.0,PAYLOAD,62604.0,PAYLOAD,5.8645,0.00047946,NOMINAL,2026-03-06T20:02:40Z,66
47650.0,PAYLOAD,60288.0,PAYLOAD,5.8649,0.00047907,NOMINAL,2026-03-07T18:28:40Z,1412
2252.0,DEBRIS,14061.0,DEBRIS,5.8654,0.00047837,NOMINAL,2026-03-07T07:54:40Z,778
37179.0,PAYLOAD,66681.0,UNKNOWN,5.8663,0.00047722,NOMINAL,2026-03-07T09:13:40Z,857
18232.0,DEBRIS,54943.0,DEBRIS,5.8667,0.00047675,NOMINAL,2026-03-06T23:45:40Z,289
62060.0,PAYLOAD,67720.0,DEBRIS,5.8669,0.00047655,NOMINAL,2026-03-07T14:10:40Z,1154
65749.0,PAYLOAD,67174.0,PAYLOAD,5.8719,0.00047031,NOMINAL,2026-03-07T02:48:40Z,472
1866.0,PAYLOAD,6806.0,ROCKET BODY,5.8723,0.00046983,NOMINAL,2026-03-07T00:52:40Z,356
2141.0,DEBRIS,42969.0,PAYLOAD,5.8725,0.00046961,NOMINAL,2026-03-07T13:53:40Z,1137
5797.0,DEBRIS,38769.0,PAYLOAD,5.8728,0.00046919,NOMINAL,2026-03-07T02:17:40Z,441
53738.0,PAYLOAD,54097.0,PAYLOAD,5.8739,0.00046792,NOMINAL,2026-03-07T12:04:40Z,1028
59124.0,PAYLOAD,65086.0,PAYLOAD,5.874,0.00046778,NOMINAL,2026-03-07T12:31:40Z,1055
35375.0,DEBRIS,64157.0,PAYLOAD,5.8749,0.00046671,NOMINAL,2026-03-06T19:31:40Z,35
58484.0,PAYLOAD,59031.0,PAYLOAD,5.8756,0.00046585,NOMINAL,2026-03-07T01:01:40Z,365
30016.0,DEBRIS,67371.0,PAYLOAD,5.8764,0.00046489,NOMINAL,2026-03-06T21:37:40Z,161
58700.0,PAYLOAD,61860.0,PAYLOAD,5.8771,0.00046394,NOMINAL,2026-03-07T13:22:40Z,1106
237.0,DEBRIS,68015.0,UNKNOWN,5.8781,0.00046275,NOMINAL,2026-03-07T18:15:40Z,1399
8659.0,ROCKET BODY,10963.0,DEBRIS,5.8796,0.00046097,NOMINAL,2026-03-06T23:47:40Z,291
4299.0,PAYLOAD,8866.0,ROCKET BODY,5.8798,0.00046075,NOMINAL,2026-03-07T04:13:40Z,557
62220.0,PAYLOAD,64067.0,PAYLOAD,5.8817,0.00045851,NOMINAL,2026-03-07T06:25:40Z,689
7221.0,DEBRIS,8198.0,DEBRIS,5.8825,0.00045755,NOMINAL,2026-03-06T19:57:40Z,61
58452.0,PAYLOAD,64674.0,PAYLOAD,5.8825,0.00045745,NOMINAL,2026-03-06T23:17:40Z,261
2565.0,PAYLOAD,10736.0,ROCKET BODY,5.8838,0.00045589,NOMINAL,2026-03-06T23:43:40Z,287
27453.0,PAYLOAD,30662.0,DEBRIS,5.8847,0.00045483,NOMINAL,2026-03-07T12:23:40Z,1047
29810.0,DEBRIS,40242.0,DEBRIS,5.8864,0.00045284,NOMINAL,2026-03-07T18:45:40Z,1429
57709.0,PAYLOAD,59186.0,PAYLOAD,5.889,0.00044982,NOMINAL,2026-03-07T11:11:40Z,975
24907.0,PAYLOAD,270210.0,UNKNOWN,5.8891,0.00044964,NOMINAL,2026-03-07T05:45:40Z,649
57310.0,PAYLOAD,66703.0,PAYLOAD,5.8892,0.00044961,NOMINAL,2026-03-07T10:30:40Z,934
59045.0,PAYLOAD,60259.0,PAYLOAD,5.8902,0.00044838,NOMINAL,2026-03-07T01:00:40Z,364
48445.0,PAYLOAD,59329.0,PAYLOAD,5.8909,0.00044755,NOMINAL,2026-03-07T11:30:40Z,994
45570.0,PAYLOAD,66082.0,PAYLOAD,5.8919,0.00044633,NOMINAL,2026-03-07T16:35:40Z,1299
57879.0,PAYLOAD,66959.0,PAYLOAD,5.8922,0.00044598,NOMINAL,2026-03-07T16:06:40Z,1270
56695.0,PAYLOAD,66996.0,UNKNOWN,5.8927,0.00044544,NOMINAL,2026-03-07T00:13:40Z,317
52620.0,PAYLOAD,55586.0,PAYLOAD,5.8929,0.00044516,NOMINAL,2026-03-06T23:30:40Z,274
20437.0,PAYLOAD,64636.0,DEBRIS,5.8942,0.00044373,NOMINAL,2026-03-07T03:14:40Z,498
63125.0,PAYLOAD,64529.0,PAYLOAD,5.8951,0.00044262,NOMINAL,2026-03-07T06:55:40Z,719
1907.0,DEBRIS,67878.0,PAYLOAD,5.8952,0.00044258,NOMINAL,2026-03-07T01:11:40Z,375
28369.0,PAYLOAD,54029.0,PAYLOAD,5.8953,0.00044241,NOMINAL,2026-03-07T13:22:40Z,1106
59791.0,PAYLOAD,61242.0,UNKNOWN,5.8954,0.00044236,NOMINAL,2026-03-07T17:14:40Z,1338
60335.0,PAYLOAD,66602.0,PAYLOAD,5.8988,0.00043844,NOMINAL,2026-03-07T17:05:40Z,1329
48641.0,PAYLOAD,57943.0,PAYLOAD,5.902,0.00043467,NOMINAL,2026-03-07T13:11:40Z,1095
60947.0,PAYLOAD,64883.0,UNKNOWN,5.9022,0.00043447,NOMINAL,2026-03-07T07:07:40Z,731
62502.0,PAYLOAD,66970.0,PAYLOAD,5.903,0.0004336,NOMINAL,2026-03-06T20:13:40Z,77
6632.0,DEBRIS,11414.0,ROCKET BODY,5.905,0.0004313,NOMINAL,2026-03-07T14:57:40Z,1201
58458.0,PAYLOAD,59698.0,PAYLOAD,5.9067,0.0004294,NOMINAL,2026-03-07T07:48:40Z,772
59894.0,PAYLOAD,63850.0,PAYLOAD,5.9073,0.0004287,NOMINAL,2026-03-07T18:43:40Z,1427
48691.0,PAYLOAD,58998.0,PAYLOAD,5.9085,0.00042738,NOMINAL,2026-03-06T20:57:40Z,121
4224.0,ROCKET BODY,8863.0,ROCKET BODY,5.9099,0.00042584,NOMINAL,2026-03-07T00:37:40Z,341
47838.0,PAYLOAD,57652.0,PAYLOAD,5.9125,0.00042295,NOMINAL,2026-03-07T18:48:40Z,1432
46047.0,PAYLOAD,64494.0,PAYLOAD,5.9132,0.00042214,NOMINAL,2026-03-07T03:42:40Z,526
64618.0,PAYLOAD,67313.0,PAYLOAD,5.9133,0.00042206,NOMINAL,2026-03-07T18:10:40Z,1394
58188.0,PAYLOAD,63828.0,PAYLOAD,5.9143,0.00042093,NOMINAL,2026-03-07T00:23:40Z,327
56555.0,PAYLOAD,57346.0,PAYLOAD,5.9151,0.00042008,NOMINAL,2026-03-07T02:43:40Z,467
62041.0,PAYLOAD,62641.0,PAYLOAD,5.9151,0.00041999,NOMINAL,2026-03-06T19:56:40Z,60
64018.0,PAYLOAD,67482.0,UNKNOWN,5.9163,0.00041868,NOMINAL,2026-03-07T02:05:40Z,429
1893.0,DEBRIS,67878.0,PAYLOAD,5.9167,0.00041825,NOMINAL,2026-03-06T21:31:40Z,155
58714.0,PAYLOAD,66849.0,PAYLOAD,5.9177,0.00041714,NOMINAL,2026-03-06T22:07:40Z,191
16496.0,ROCKET BODY,60786.0,DEBRIS,5.918,0.00041681,NOMINAL,2026-03-07T09:58:40Z,902
43803.0,PAYLOAD,59375.0,PAYLOAD,5.9208,0.00041378,NOMINAL,2026-03-07T06:12:40Z,676
53722.0,PAYLOAD,60579.0,PAYLOAD,5.9209,0.00041365,NOMINAL,2026-03-07T15:26:40Z,1230
26645.0,DEBRIS,32342.0,DEBRIS,5.9219,0.00041257,NOMINAL,2026-03-07T03:36:40Z,520
59672.0,PAYLOAD,62136.0,PAYLOAD,5.9223,0.00041217,NOMINAL,2026-03-07T15:08:40Z,1212
59531.0,PAYLOAD,63816.0,PAYLOAD,5.9243,0.00040995,NOMINAL,2026-03-07T17:47:40Z,1371
58439.0,PAYLOAD,58450.0,PAYLOAD,5.9244,0.00040988,NOMINAL,2026-03-06T18:56:40Z,0
2321.0,DEBRIS,61670.0,PAYLOAD,5.9246,0.0004096,NOMINAL,2026-03-07T12:23:40Z,1047
58001.0,PAYLOAD,63785.0,PAYLOAD,5.9251,0.00040913,NOMINAL,2026-03-07T15:09:40Z,1213
62223.0,PAYLOAD,63009.0,PAYLOAD,5.9257,0.00040844,NOMINAL,2026-03-07T01:27:40Z,391
61205.0,PAYLOAD,62227.0,PAYLOAD,5.9258,0.0004084,NOMINAL,2026-03-06T18:58:40Z,2
56103.0,PAYLOAD,65662.0,PAYLOAD,5.9272,0.0004069,NOMINAL,2026-03-07T15:07:40Z,1211
46060.0,PAYLOAD,66023.0,PAYLOAD,5.9274,0.00040666,NOMINAL,2026-03-07T05:25:40Z,629
57973.0,PAYLOAD,67187.0,PAYLOAD,5.9294,0.00040453,NOMINAL,2026-03-07T01:32:40Z,396
54596.0,DEBRIS,56606.0,DEBRIS,5.9326,0.00040111,NOMINAL,2026-03-07T18:22:40Z,1406
40412.0,DEBRIS,42323.0,DEBRIS,5.9356,0.00039797,NOMINAL,2026-03-07T10:45:40Z,949
12797.0,DEBRIS,57425.0,UNKNOWN,5.9372,0.00039623,NOMINAL,2026-03-07T03:37:40Z,521
37666.0,DEBRIS,61109.0,DEBRIS,5.9378,0.00039561,NOMINAL,2026-03-07T02:34:40Z,458
40560.0,DEBRIS,40601.0,DEBRIS,5.9412,0.00039211,NOMINAL,2026-03-07T06:11:40Z,675
59526.0,PAYLOAD,67112.0,PAYLOAD,5.9414,0.00039188,NOMINAL,2026-03-06T23:27:40Z,271
59573.0,PAYLOAD,67518.0,PAYLOAD,5.9415,0.00039178,NOMINAL,2026-03-07T12:12:40Z,1036
57775.0,PAYLOAD,57970.0,PAYLOAD,5.9421,0.00039119,NOMINAL,2026-03-06T20:39:40Z,103
47747.0,PAYLOAD,58353.0,PAYLOAD,5.9427,0.00039059,NOMINAL,2026-03-07T10:51:40Z,955
30845.0,DEBRIS,54503.0,DEBRIS,5.9441,0.00038907,NOMINAL,2026-03-07T00:44:40Z,348
56916.0,PAYLOAD,57089.0,PAYLOAD,5.947,0.00038614,NOMINAL,2026-03-07T08:32:40Z,816
48093.0,PAYLOAD,64086.0,PAYLOAD,5.9474,0.00038569,NOMINAL,2026-03-07T14:45:40Z,1189
60546.0,PAYLOAD,64703.0,PAYLOAD,5.9476,0.00038555,NOMINAL,2026-03-07T05:56:40Z,660
58949.0,PAYLOAD,59358.0,PAYLOAD,5.9483,0.00038483,NOMINAL,2026-03-07T18:32:40Z,1416
59669.0,PAYLOAD,66602.0,PAYLOAD,5.9491,0.00038401,NOMINAL,2026-03-07T16:25:40Z,1289
5778.0,DEBRIS,64306.0,PAYLOAD,5.9492,0.00038394,NOMINAL,2026-03-07T05:43:40Z,647
57310.0,PAYLOAD,67473.0,PAYLOAD,5.9498,0.00038326,NOMINAL,2026-03-06T20:17:40Z,81
58215.0,PAYLOAD,58221.0,PAYLOAD,5.9565,0.00037653,NOMINAL,2026-03-07T16:31:40Z,1295
57715.0,PAYLOAD,66015.0,PAYLOAD,5.9574,0.00037568,NOMINAL,2026-03-07T12:44:40Z,1068
31545.0,DEBRIS,34882.0,DEBRIS,5.9596,0.00037349,NOMINAL,2026-03-07T00:17:40Z,321
60784.0,DEBRIS,61099.0,DEBRIS,5.9598,0.00037331,NOMINAL,2026-03-06T22:21:40Z,205
35764.0,DEBRIS,39208.0,PAYLOAD,5.96,0.00037311,NOMINAL,2026-03-07T05:54:40Z,658
29765.0,DEBRIS,31049.0,DEBRIS,5.96,0.00037307,NOMINAL,2026-03-07T13:03:40Z,1087
58194.0,PAYLOAD,59643.0,PAYLOAD,5.9602,0.00037286,NOMINAL,2026-03-07T05:10:40Z,614
58120.0,PAYLOAD,65369.0,PAYLOAD,5.9607,0.00037237,NOMINAL,2026-03-07T18:24:40Z,1408
58452.0,PAYLOAD,59401.0,PAYLOAD,5.9625,0.00037065,NOMINAL,2026-03-07T08:37:40Z,821
54413.0,DEBRIS,64364.0,PAYLOAD,5.9625,0.00037059,NOMINAL,2026-03-07T05:10:40Z,614
58036.0,PAYLOAD,59500.0,PAYLOAD,5.9645,0.00036864,NOMINAL,2026-03-07T00:26:40Z,330
67355.0,PAYLOAD,67404.0,PAYLOAD,5.9661,0.00036713,NOMINAL,2026-03-07T16:07:40Z,1271
6181.0,DEBRIS,11171.0,ROCKET BODY,5.9673,0.00036591,NOMINAL,2026-03-07T18:35:40Z,1419
58094.0,PAYLOAD,67042.0,PAYLOAD,5.9681,0.00036516,NOMINAL,2026-03-06T21:28:40Z,152
26036.0,DEBRIS,31297.0,DEBRIS,5.9681,0.00036513,NOMINAL,2026-03-06T23:50:40Z,294
16073.0,DEBRIS,59945.0,PAYLOAD,5.9684,0.00036491,NOMINAL,2026-03-07T09:51:40Z,895
62147.0,PAYLOAD,63829.0,PAYLOAD,5.9692,0.00036409,NOMINAL,2026-03-06T22:30:40Z,214
58321.0,PAYLOAD,62663.0,PAYLOAD,5.9693,0.00036396,NOMINAL,2026-03-07T16:08:40Z,1272
29963.0,DEBRIS,54532.0,DEBRIS,5.9709,0.00036242,NOMINAL,2026-03-07T06:44:40Z,708
4975.0,DEBRIS,65255.0,PAYLOAD,5.9711,0.00036231,NOMINAL,2026-03-07T17:14:40Z,1338
2710.0,PAYLOAD,8930.0,DEBRIS,5.9721,0.00036134,NOMINAL,2026-03-07T06:52:40Z,716
53835.0,PAYLOAD,56388.0,PAYLOAD,5.9723,0.00036109,NOMINAL,2026-03-07T05:00:40Z,604
25406.0,PAYLOAD,42348.0,DEBRIS,5.9724,0.00036104,NOMINAL,2026-03-07T01:24:40Z,388
48648.0,PAYLOAD,58625.0,PAYLOAD,5.9724,0.00036098,NOMINAL,2026-03-07T01:39:40Z,403
59194.0,PAYLOAD,64009.0,PAYLOAD,5.9725,0.00036096,NOMINAL,2026-03-07T17:20:40Z,1344
47650.0,PAYLOAD,65906.0,PAYLOAD,5.9727,0.00036073,NOMINAL,2026-03-07T18:25:40Z,1409
58182.0,PAYLOAD,59885.0,PAYLOAD,5.9767,0.00035692,NOMINAL,2026-03-07T03:15:40Z,499
58797.0,PAYLOAD,66623.0,PAYLOAD,5.9791,0.00035462,NOMINAL,2026-03-07T16:38:40Z,1302
62067.0,PAYLOAD,67714.0,PAYLOAD,5.9799,0.00035393,NOMINAL,2026-03-07T02:15:40Z,439
48648.0,PAYLOAD,61679.0,PAYLOAD,5.9808,0.00035301,NOMINAL,2026-03-07T16:39:40Z,1303
58046.0,PAYLOAD,63217.0,UNKNOWN,5.9822,0.0003517,NOMINAL,2026-03-06T21:49:40Z,173
60359.0,PAYLOAD,61903.0,UNKNOWN,5.9843,0.00034978,NOMINAL,2026-03-07T18:27:40Z,1411
47382.0,PAYLOAD,48278.0,PAYLOAD,5.9856,0.00034856,NOMINAL,2026-03-06T22:02:40Z,186
5271.0,DEBRIS,60062.0,PAYLOAD,5.9861,0.00034808,NOMINAL,2026-03-07T06:26:40Z,690
30062.0,DEBRIS,40216.0,DEBRIS,5.9872,0.00034708,NOMINAL,2026-03-07T10:35:40Z,939
59680.0,UNKNOWN,60562.0,PAYLOAD,5.9874,0.00034693,NOMINAL,2026-03-06T19:18:40Z,22
62134.0,PAYLOAD,67042.0,PAYLOAD,5.9893,0.00034516,NOMINAL,2026-03-07T06:12:40Z,676
63417.0,PAYLOAD,64671.0,PAYLOAD,5.9903,0.00034421,NOMINAL,2026-03-07T01:46:40Z,410
54940.0,DEBRIS,57620.0,PAYLOAD,5.9936,0.00034123,NOMINAL,2026-03-07T04:57:40Z,601
3772.0,PAYLOAD,5612.0,ROCKET BODY,5.9941,0.00034078,NOMINAL,2026-03-07T08:17:40Z,801
3335.0,PAYLOAD,17191.0,PAYLOAD,5.997,0.00033819,NOMINAL,2026-03-07T14:53:40Z,1197
63421.0,PAYLOAD,67466.0,PAYLOAD,5.9983,0.00033695,NOMINAL,2026-03-07T13:02:40Z,1086
46064.0,PAYLOAD,59680.0,UNKNOWN,5.9984,0.00033691,NOMINAL,2026-03-07T15:22:40Z,1226
2551.0,DEBRIS,56357.0,PAYLOAD,5.9989,0.00033646,NOMINAL,2026-03-06T20:59:40Z,123
57579.0,DEBRIS,57795.0,PAYLOAD,5.9993,0.00033605,NOMINAL,2026-03-07T00:08:40Z,312
31619.0,DEBRIS,64898.0,PAYLOAD,6.0008,0.00033477,NOMINAL,2026-03-07T09:28:40Z,872
59770.0,PAYLOAD,64270.0,PAYLOAD,6.0011,0.00033448,NOMINAL,2026-03-07T15:39:40Z,1243
60135.0,PAYLOAD,66572.0,PAYLOAD,6.0013,0.00033428,NOMINAL,2026-03-07T12:01:40Z,1025
2320.0,DEBRIS,62819.0,PAYLOAD,6.0023,0.00033344,NOMINAL,2026-03-07T07:56:40Z,780
56158.0,UNKNOWN,82205.0,UNKNOWN,6.0026,0.00033319,NOMINAL,2026-03-07T10:09:40Z,913
40716.0,PAYLOAD,60811.0,DEBRIS,6.0047,0.0003313,NOMINAL,2026-03-07T06:33:40Z,697
58240.0,PAYLOAD,67459.0,PAYLOAD,6.0074,0.00032892,NOMINAL,2026-03-07T07:55:40Z,779
54484.0,DEBRIS,55190.0,DEBRIS,6.0098,0.00032682,NOMINAL,2026-03-06T22:19:40Z,203
57513.0,PAYLOAD,63145.0,PAYLOAD,6.0104,0.00032631,NOMINAL,2026-03-07T00:31:40Z,335
64902.0,PAYLOAD,66719.0,PAYLOAD,6.0107,0.00032603,NOMINAL,2026-03-06T23:32:40Z,276
52939.0,PAYLOAD,63896.0,PAYLOAD,6.0113,0.00032547,NOMINAL,2026-03-07T15:08:40Z,1212
31565.0,DEBRIS,33791.0,DEBRIS,6.013,0.00032404,NOMINAL,2026-03-07T11:31:40Z,995
66677.0,UNKNOWN,66750.0,UNKNOWN,6.015,0.0003223,NOMINAL,2026-03-07T01:36:40Z,400
8951.0,DEBRIS,35174.0,DEBRIS,6.0159,0.00032149,NOMINAL,2026-03-07T06:14:40Z,678
11689.0,DEBRIS,61509.0,PAYLOAD,6.0173,0.0003203,NOMINAL,2026-03-07T00:40:40Z,344
19058.0,DEBRIS,20051.0,DEBRIS,6.0183,0.00031944,NOMINAL,2026-03-07T07:24:40Z,748
59894.0,PAYLOAD,62129.0,PAYLOAD,6.0184,0.00031938,NOMINAL,2026-03-07T14:53:40Z,1197
4525.0,ROCKET BODY,6631.0,DEBRIS,6.0187,0.0003191,NOMINAL,2026-03-07T11:57:40Z,1021
64923.0,PAYLOAD,66855.0,PAYLOAD,6.0188,0.00031904,NOMINAL,2026-03-07T18:51:40Z,1435
62671.0,PAYLOAD,64053.0,UNKNOWN,6.02,0.00031802,NOMINAL,2026-03-06T23:32:40Z,276
45570.0,PAYLOAD,59015.0,PAYLOAD,6.0201,0.00031796,NOMINAL,2026-03-06T19:04:40Z,8
62969.0,PAYLOAD,66814.0,PAYLOAD,6.0205,0.00031762,NOMINAL,2026-03-06T21:03:40Z,127
108.0,PAYLOAD,6886.0,ROCKET BODY,6.0206,0.00031746,NOMINAL,2026-03-06T20:53:40Z,117
59358.0,PAYLOAD,66349.0,PAYLOAD,6.0209,0.0003172,NOMINAL,2026-03-07T15:27:40Z,1231
2890.0,PAYLOAD,5169.0,DEBRIS,6.0214,0.00031682,NOMINAL,2026-03-07T13:08:40Z,1092
57873.0,PAYLOAD,67186.0,PAYLOAD,6.0217,0.00031657,NOMINAL,2026-03-07T09:29:40Z,873
58519.0,PAYLOAD,64333.0,PAYLOAD,6.0236,0.00031495,NOMINAL,2026-03-07T14:38:40Z,1182
28606.0,DEBRIS,39109.0,DEBRIS,6.0267,0.00031232,NOMINAL,2026-03-06T23:15:40Z,259
58856.0,PAYLOAD,67315.0,PAYLOAD,6.0271,0.00031202,NOMINAL,2026-03-07T14:08:40Z,1152
19396.0,DEBRIS,31934.0,DEBRIS,6.0277,0.00031148,NOMINAL,2026-03-07T16:55:40Z,1319
40014.0,PAYLOAD,63236.0,PAYLOAD,6.0288,0.0003106,NOMINAL,2026-03-07T10:22:40Z,926
52599.0,PAYLOAD,63153.0,PAYLOAD,6.0291,0.00031039,NOMINAL,2026-03-07T13:43:40Z,1127
55112.0,PAYLOAD,66794.0,PAYLOAD,6.0291,0.00031036,NOMINAL,2026-03-07T17:09:40Z,1333
59079.0,PAYLOAD,66899.0,PAYLOAD,6.0294,0.00031011,NOMINAL,2026-03-07T18:47:40Z,1431
12172.0,DEBRIS,54557.0,DEBRIS,6.0295,0.00031006,NOMINAL,2026-03-07T05:41:40Z,645
57995.0,PAYLOAD,66591.0,PAYLOAD,6.0304,0.00030932,NOMINAL,2026-03-07T01:09:40Z,373
49143.0,PAYLOAD,63092.0,PAYLOAD,6.0308,0.00030896,NOMINAL,2026-03-07T15:00:40Z,1204
58948.0,PAYLOAD,66501.0,PAYLOAD,6.0309,0.00030888,NOMINAL,2026-03-07T17:53:40Z,1377
48459.0,PAYLOAD,63971.0,PAYLOAD,6.0318,0.00030809,NOMINAL,2026-03-07T06:51:40Z,715
42408.0,DEBRIS,54451.0,DEBRIS,6.0327,0.00030739,NOMINAL,2026-03-07T07:35:40Z,759
59934.0,PAYLOAD,65700.0,PAYLOAD,6.0328,0.00030731,NOMINAL,2026-03-07T11:30:40Z,994
53774.0,PAYLOAD,55588.0,PAYLOAD,6.0331,0.00030707,NOMINAL,2026-03-06T19:21:40Z,25
50404.0,DEBRIS,53654.0,PAYLOAD,6.0336,0.0003066,NOMINAL,2026-03-07T13:30:40Z,1114
31952.0,DEBRIS,35297.0,DEBRIS,6.0347,0.0003057,NOMINAL,2026-03-07T07:34:40Z,758
11412.0,DEBRIS,62128.0,PAYLOAD,6.0349,0.00030557,NOMINAL,2026-03-07T18:09:40Z,1393
58057.0,PAYLOAD,59353.0,PAYLOAD,6.0353,0.00030524,NOMINAL,2026-03-06T22:11:40Z,195
8542.0,DEBRIS,29040.0,DEBRIS,6.0367,0.0003041,NOMINAL,2026-03-07T15:00:40Z,1204
54617.0,DEBRIS,54918.0,DEBRIS,6.0367,0.00030409,NOMINAL,2026-03-07T18:05:40Z,1389
58224.0,PAYLOAD,67112.0,PAYLOAD,6.0367,0.00030409,NOMINAL,2026-03-07T08:36:40Z,820
27687.0,DEBRIS,39878.0,DEBRIS,6.0368,0.00030398,NOMINAL,2026-03-07T16:02:40Z,1266
58749.0,PAYLOAD,58869.0,PAYLOAD,6.0392,0.00030205,NOMINAL,2026-03-07T02:03:40Z,427
39225.0,DEBRIS,54951.0,DEBRIS,6.0399,0.00030151,NOMINAL,2026-03-07T14:49:40Z,1193
53085.0,PAYLOAD,58207.0,PAYLOAD,6.0421,0.00029973,NOMINAL,2026-03-07T12:15:40Z,1039
8193.0,DEBRIS,22559.0,DEBRIS,6.0424,0.00029948,NOMINAL,2026-03-07T17:01:40Z,1325
36861.0,DEBRIS,58432.0,DEBRIS,6.0437,0.00029845,NOMINAL,2026-03-07T11:11:40Z,975
64095.0,PAYLOAD,66517.0,PAYLOAD,6.0464,0.00029625,NOMINAL,2026-03-07T14:11:40Z,1155
52201.0,ROCKET BODY,64896.0,PAYLOAD,6.0468,0.00029592,NOMINAL,2026-03-07T15:29:40Z,1233
31540.0,DEBRIS,63873.0,PAYLOAD,6.047,0.00029582,NOMINAL,2026-03-07T13:08:40Z,1092
61895.0,UNKNOWN,64911.0,PAYLOAD,6.0475,0.00029543,NOMINAL,2026-03-07T15:21:40Z,1225
58183.0,PAYLOAD,63654.0,PAYLOAD,6.0475,0.00029542,NOMINAL,2026-03-07T02:15:40Z,439
42840.0,PAYLOAD,64385.0,PAYLOAD,6.0486,0.00029454,NOMINAL,2026-03-07T03:33:40Z,517
62964.0,PAYLOAD,65680.0,PAYLOAD,6.0498,0.00029361,NOMINAL,2026-03-07T17:04:40Z,1328
65825.0,PAYLOAD,67313.0,PAYLOAD,6.0501,0.00029337,NOMINAL,2026-03-06T20:39:40Z,103
3162.0,DEBRIS,5934.0,ROCKET BODY,6.0526,0.00029137,NOMINAL,2026-03-07T11:40:40Z,1004
37725.0,DEBRIS,63260.0,UNKNOWN,6.0531,0.00029099,NOMINAL,2026-03-07T03:12:40Z,496
37057.0,DEBRIS,40673.0,DEBRIS,6.0535,0.00029064,NOMINAL,2026-03-07T12:52:40Z,1076
48136.0,PAYLOAD,63282.0,PAYLOAD,6.0538,0.00029045,NOMINAL,2026-03-07T08:09:40Z,793
42436.0,DEBRIS,49928.0,DEBRIS,6.054,0.00029026,NOMINAL,2026-03-07T14:44:40Z,1188
47436.0,UNKNOWN,57918.0,PAYLOAD,6.0546,0.00028984,NOMINAL,2026-03-07T15:50:40Z,1254
34665.0,DEBRIS,55620.0,PAYLOAD,6.0574,0.00028765,NOMINAL,2026-03-07T15:55:40Z,1259
5414.0,DEBRIS,63155.0,DEBRIS,6.0577,0.00028739,NOMINAL,2026-03-07T05:42:40Z,646
61710.0,PAYLOAD,66283.0,PAYLOAD,6.0579,0.00028728,NOMINAL,2026-03-07T00:01:40Z,305
59871.0,PAYLOAD,61925.0,PAYLOAD,6.0585,0.00028677,NOMINAL,2026-03-07T12:43:40Z,1067
16616.0,DEBRIS,33948.0,DEBRIS,6.0599,0.00028569,NOMINAL,2026-03-07T05:06:40Z,610
51808.0,PAYLOAD,53846.0,PAYLOAD,6.0603,0.00028543,NOMINAL,2026-03-07T18:48:40Z,1432
32357.0,DEBRIS,39643.0,DEBRIS,6.0603,0.00028543,NOMINAL,2026-03-07T07:30:40Z,754
58196.0,PAYLOAD,58676.0,PAYLOAD,6.0613,0.00028463,NOMINAL,2026-03-06T20:56:40Z,120
25338.0,PAYLOAD,60820.0,DEBRIS,6.0615,0.00028451,NOMINAL,2026-03-07T14:49:40Z,1193
58546.0,PAYLOAD,65211.0,PAYLOAD,6.0618,0.00028423,NOMINAL,2026-03-07T08:54:40Z,838
27598.0,PAYLOAD,41270.0,DEBRIS,6.0628,0.00028351,NOMINAL,2026-03-06T19:53:40Z,57
5442.0,ROCKET BODY,36192.0,DEBRIS,6.0633,0.00028312,NOMINAL,2026-03-07T04:57:40Z,601
54208.0,PAYLOAD,61192.0,PAYLOAD,6.0642,0.00028245,NOMINAL,2026-03-07T15:23:40Z,1227
57746.0,PAYLOAD,58798.0,PAYLOAD,6.0653,0.0002816,NOMINAL,2026-03-06T22:37:40Z,221
48458.0,PAYLOAD,66183.0,PAYLOAD,6.0663,0.00028086,NOMINAL,2026-03-07T07:23:40Z,747
57867.0,PAYLOAD,66192.0,PAYLOAD,6.067,0.00028027,NOMINAL,2026-03-07T06:59:40Z,723
20301.0,DEBRIS,54292.0,DEBRIS,6.0686,0.00027908,NOMINAL,2026-03-07T12:01:40Z,1025
53135.0,PAYLOAD,57738.0,PAYLOAD,6.0688,0.00027891,NOMINAL,2026-03-07T11:06:40Z,970
30074.0,DEBRIS,41829.0,DEBRIS,6.069,0.00027879,NOMINAL,2026-03-06T20:56:40Z,120
40441.0,DEBRIS,54280.0,DEBRIS,6.0708,0.00027746,NOMINAL,2026-03-07T11:10:40Z,974
45581.0,PAYLOAD,48375.0,PAYLOAD,6.0717,0.00027676,NOMINAL,2026-03-06T23:15:40Z,259
60295.0,PAYLOAD,61953.0,PAYLOAD,6.0718,0.00027669,NOMINAL,2026-03-07T01:16:40Z,380
3209.0,PAYLOAD,39853.0,DEBRIS,6.072,0.00027658,NOMINAL,2026-03-07T12:30:40Z,1054
58600.0,PAYLOAD,59876.0,PAYLOAD,6.0722,0.00027637,NOMINAL,2026-03-07T15:19:40Z,1223
5838.0,ROCKET BODY,6888.0,DEBRIS,6.0722,0.00027637,NOMINAL,2026-03-07T05:05:40Z,609
56115.0,PAYLOAD,56832.0,PAYLOAD,6.0726,0.00027609,NOMINAL,2026-03-06T23:05:40Z,249
20437.0,PAYLOAD,61369.0,DEBRIS,6.0746,0.00027464,NOMINAL,2026-03-07T05:01:40Z,605
1096.0,PAYLOAD,1202.0,DEBRIS,6.0747,0.00027451,NOMINAL,2026-03-07T09:17:40Z,861
3857.0,ROCKET BODY,5624.0,ROCKET BODY,6.0776,0.00027242,NOMINAL,2026-03-06T20:27:40Z,91
58669.0,PAYLOAD,66491.0,PAYLOAD,6.0777,0.00027234,NOMINAL,2026-03-07T04:50:40Z,594
58562.0,PAYLOAD,66698.0,PAYLOAD,6.0785,0.0002717,NOMINAL,2026-03-07T13:41:40Z,1125
65360.0,PAYLOAD,67120.0,PAYLOAD,6.08,0.00027063,NOMINAL,2026-03-07T05:00:40Z,604
29190.0,DEBRIS,85061.0,UNKNOWN,6.0823,0.00026895,NOMINAL,2026-03-07T09:55:40Z,899
35996.0,DEBRIS,61752.0,UNKNOWN,6.0839,0.00026778,NOMINAL,2026-03-07T08:59:40Z,843
60196.0,PAYLOAD,64930.0,PAYLOAD,6.0845,0.00026736,NOMINAL,2026-03-07T05:40:40Z,644
58230.0,PAYLOAD,59922.0,PAYLOAD,6.0846,0.00026728,NOMINAL,2026-03-07T16:10:40Z,1274
52037.0,DEBRIS,65792.0,PAYLOAD,6.0847,0.00026719,NOMINAL,2026-03-07T17:51:40Z,1375
44609.0,DEBRIS,58090.0,PAYLOAD,6.0867,0.0002658,NOMINAL,2026-03-07T01:22:40Z,386
58437.0,PAYLOAD,66601.0,PAYLOAD,6.0868,0.00026569,NOMINAL,2026-03-07T05:36:40Z,640
48432.0,PAYLOAD,64855.0,PAYLOAD,6.0873,0.00026537,NOMINAL,2026-03-07T06:49:40Z,713
47770.0,PAYLOAD,65329.0,PAYLOAD,6.0883,0.00026466,NOMINAL,2026-03-07T03:17:40Z,501
39450.0,DEBRIS,58418.0,PAYLOAD,6.0884,0.00026457,NOMINAL,2026-03-07T04:26:40Z,570
62014.0,PAYLOAD,62888.0,PAYLOAD,6.0886,0.00026444,NOMINAL,2026-03-07T14:07:40Z,1151
7228.0,ROCKET BODY,31406.0,DEBRIS,6.0892,0.00026396,NOMINAL,2026-03-07T03:30:40Z,514
3853.0,DEBRIS,67735.0,PAYLOAD,6.0904,0.00026315,NOMINAL,2026-03-06T19:10:40Z,14
24324.0,PAYLOAD,61689.0,PAYLOAD,6.0933,0.00026108,NOMINAL,2026-03-07T14:57:40Z,1201
59929.0,PAYLOAD,62641.0,PAYLOAD,6.0941,0.00026051,NOMINAL,2026-03-07T08:45:40Z,829
61387.0,DEBRIS,61828.0,DEBRIS,6.0947,0.00026006,NOMINAL,2026-03-06T19:54:40Z,58
43808.0,PAYLOAD,60372.0,PAYLOAD,6.0955,0.00025954,NOMINAL,2026-03-07T09:41:40Z,885
60036.0,PAYLOAD,67351.0,PAYLOAD,6.0964,0.0002589,NOMINAL,2026-03-07T05:09:40Z,613
28555.0,DEBRIS,57147.0,PAYLOAD,6.0994,0.00025678,NOMINAL,2026-03-07T09:42:40Z,886
58601.0,PAYLOAD,64170.0,PAYLOAD,6.0997,0.0002566,NOMINAL,2026-03-07T05:50:40Z,654
47911.0,PAYLOAD,67496.0,PAYLOAD,6.1001,0.0002563,NOMINAL,2026-03-07T06:44:40Z,708
60375.0,PAYLOAD,62193.0,PAYLOAD,6.1008,0.00025583,NOMINAL,2026-03-07T04:57:40Z,601
13764.0,PAYLOAD,17952.0,DEBRIS,6.1011,0.00025557,NOMINAL,2026-03-07T11:16:40Z,980
58686.0,PAYLOAD,60024.0,PAYLOAD,6.103,0.00025429,NOMINAL,2026-03-07T14:10:40Z,1154
65870.0,PAYLOAD,67419.0,PAYLOAD,6.1032,0.00025418,NOMINAL,2026-03-07T00:39:40Z,343
57109.0,PAYLOAD,65522.0,PAYLOAD,6.1061,0.00025216,NOMINAL,2026-03-07T05:10:40Z,614
57972.0,PAYLOAD,59460.0,PAYLOAD,6.1064,0.00025199,NOMINAL,2026-03-07T04:34:40Z,578
59586.0,PAYLOAD,66068.0,PAYLOAD,6.107,0.00025157,NOMINAL,2026-03-06T23:27:40Z,271
9989.0,DEBRIS,18969.0,DEBRIS,6.1095,0.00024982,NOMINAL,2026-03-06T20:33:40Z,97
12610.0,DEBRIS,45190.0,PAYLOAD,6.1122,0.000248,NOMINAL,2026-03-07T14:52:40Z,1196
8036.0,PAYLOAD,9413.0,DEBRIS,6.1161,0.00024544,NOMINAL,2026-03-07T14:51:40Z,1195
64001.0,PAYLOAD,66130.0,PAYLOAD,6.1163,0.0002453,NOMINAL,2026-03-07T11:19:40Z,983
56840.0,PAYLOAD,58783.0,PAYLOAD,6.1169,0.00024487,NOMINAL,2026-03-07T10:51:40Z,955
48112.0,PAYLOAD,64893.0,UNKNOWN,6.1181,0.00024411,NOMINAL,2026-03-07T00:54:40Z,358
10349.0,DEBRIS,58304.0,PAYLOAD,6.1194,0.0002432,NOMINAL,2026-03-07T04:49:40Z,593
56318.0,PAYLOAD,57449.0,PAYLOAD,6.1205,0.00024251,NOMINAL,2026-03-07T13:11:40Z,1095
41727.0,PAYLOAD,45509.0,DEBRIS,6.1207,0.00024234,NOMINAL,2026-03-07T02:47:40Z,471
30750.0,DEBRIS,54943.0,DEBRIS,6.1211,0.00024211,NOMINAL,2026-03-07T15:16:40Z,1220
63424.0,PAYLOAD,65369.0,PAYLOAD,6.1212,0.00024204,NOMINAL,2026-03-07T16:50:40Z,1314
4653.0,DEBRIS,31887.0,DEBRIS,6.1225,0.0002412,NOMINAL,2026-03-07T10:31:40Z,935
53547.0,PAYLOAD,56037.0,PAYLOAD,6.1226,0.0002411,NOMINAL,2026-03-07T05:14:40Z,618
1124.0,DEBRIS,68041.0,UNKNOWN,6.128,0.0002376,NOMINAL,2026-03-07T04:33:40Z,577
44450.0,PAYLOAD,56558.0,PAYLOAD,6.1325,0.00023469,NOMINAL,2026-03-07T05:16:40Z,620
30242.0,DEBRIS,30361.0,DEBRIS,6.1325,0.00023469,NOMINAL,2026-03-07T03:37:40Z,521
53346.0,UNKNOWN,66056.0,UNKNOWN,6.1337,0.00023393,NOMINAL,2026-03-07T06:17:40Z,681
48272.0,PAYLOAD,65278.0,PAYLOAD,6.1339,0.00023383,NOMINAL,2026-03-06T22:09:40Z,193
17159.0,PAYLOAD,25209.0,DEBRIS,6.136,0.00023248,NOMINAL,2026-03-07T07:18:40Z,742
17241.0,PAYLOAD,46993.0,DEBRIS,6.1389,0.00023066,NOMINAL,2026-03-07T06:22:40Z,686
9406.0,ROCKET BODY,11359.0,ROCKET BODY,6.1401,0.00022988,NOMINAL,2026-03-07T18:08:40Z,1392
52718.0,UNKNOWN,54567.0,DEBRIS,6.1412,0.00022919,NOMINAL,2026-03-07T13:58:40Z,1142
5903.0,PAYLOAD,14454.0,DEBRIS,6.1425,0.0002284,NOMINAL,2026-03-07T03:52:40Z,536
45072.0,PAYLOAD,58933.0,PAYLOAD,6.143,0.00022809,NOMINAL,2026-03-07T12:00:40Z,1024
3402.0,DEBRIS,67104.0,PAYLOAD,6.1436,0.00022766,NOMINAL,2026-03-07T16:02:40Z,1266
61066.0,PAYLOAD,63853.0,PAYLOAD,6.1443,0.00022725,NOMINAL,2026-03-07T07:23:40Z,747
2848.0,PAYLOAD,5849.0,DEBRIS,6.1445,0.00022716,NOMINAL,2026-03-07T00:41:40Z,345
62453.0,PAYLOAD,67499.0,PAYLOAD,6.1475,0.00022526,NOMINAL,2026-03-06T22:32:40Z,216
57467.0,PAYLOAD,63590.0,PAYLOAD,6.1478,0.00022511,NOMINAL,2026-03-06T19:31:40Z,35
14460.0,DEBRIS,33768.0,DEBRIS,6.1481,0.00022494,NOMINAL,2026-03-07T17:05:40Z,1329
63413.0,PAYLOAD,67445.0,PAYLOAD,6.1486,0.00022463,NOMINAL,2026-03-06T20:26:40Z,90
48596.0,PAYLOAD,59490.0,PAYLOAD,6.1503,0.00022354,NOMINAL,2026-03-06T21:41:40Z,165
43082.0,PAYLOAD,55998.0,PAYLOAD,6.1506,0.00022339,NOMINAL,2026-03-06T22:49:40Z,233
18152.0,PAYLOAD,45405.0,PAYLOAD,6.1522,0.0002224,NOMINAL,2026-03-07T02:54:40Z,478
2162.0,DEBRIS,53834.0,PAYLOAD,6.153,0.00022191,NOMINAL,2026-03-07T01:32:40Z,396
61088.0,DEBRIS,61827.0,DEBRIS,6.1557,0.00022032,NOMINAL,2026-03-07T14:14:40Z,1158
5565.0,ROCKET BODY,8450.0,PAYLOAD,6.1563,0.00021994,NOMINAL,2026-03-07T13:10:40Z,1094
59644.0,PAYLOAD,62142.0,PAYLOAD,6.1574,0.00021927,NOMINAL,2026-03-07T05:22:40Z,626
37963.0,DEBRIS,62945.0,DEBRIS,6.1592,0.00021821,NOMINAL,2026-03-07T17:52:40Z,1376
8575.0,DEBRIS,58823.0,UNKNOWN,6.1599,0.00021776,NOMINAL,2026-03-07T00:32:40Z,336
59545.0,PAYLOAD,60349.0,PAYLOAD,6.16,0.00021771,NOMINAL,2026-03-07T14:31:40Z,1175
58385.0,PAYLOAD,66983.0,PAYLOAD,6.16,0.0002177,NOMINAL,2026-03-07T02:42:40Z,466
59680.0,UNKNOWN,67482.0,UNKNOWN,6.1612,0.000217,NOMINAL,2026-03-07T18:43:40Z,1427
59247.0,PAYLOAD,64260.0,PAYLOAD,6.1619,0.00021657,NOMINAL,2026-03-07T13:37:40Z,1121
58517.0,PAYLOAD,64079.0,PAYLOAD,6.1621,0.00021646,NOMINAL,2026-03-07T11:22:40Z,986
9904.0,ROCKET BODY,14358.0,DEBRIS,6.1633,0.00021577,NOMINAL,2026-03-06T20:24:40Z,88
48683.0,PAYLOAD,63916.0,PAYLOAD,6.1637,0.00021552,NOMINAL,2026-03-07T09:18:40Z,862
61637.0,PAYLOAD,66345.0,PAYLOAD,6.1684,0.00021276,NOMINAL,2026-03-06T22:12:40Z,196
48557.0,PAYLOAD,51962.0,PAYLOAD,6.1684,0.00021273,NOMINAL,2026-03-07T00:06:40Z,310
58936.0,PAYLOAD,62194.0,PAYLOAD,6.1687,0.00021255,NOMINAL,2026-03-07T12:11:40Z,1035
798.0,ROCKET BODY,1226.0,DEBRIS,6.1691,0.00021235,NOMINAL,2026-03-07T11:20:40Z,984
57607.0,PAYLOAD,63855.0,PAYLOAD,6.1692,0.00021231,NOMINAL,2026-03-07T04:37:40Z,581
44777.0,PAYLOAD,60516.0,PAYLOAD,6.17,0.00021184,NOMINAL,2026-03-06T20:48:40Z,112
66150.0,PAYLOAD,66577.0,PAYLOAD,6.1701,0.00021176,NOMINAL,2026-03-06T21:23:40Z,147
8344.0,ROCKET BODY,65052.0,ROCKET BODY,6.1706,0.00021145,NOMINAL,2026-03-06T23:01:40Z,245
66095.0,PAYLOAD,67357.0,PAYLOAD,6.1723,0.00021049,NOMINAL,2026-03-07T04:17:40Z,561
30208.0,DEBRIS,54318.0,DEBRIS,6.1723,0.00021047,NOMINAL,2026-03-07T12:33:40Z,1057
63729.0,PAYLOAD,65555.0,PAYLOAD,6.1732,0.00020995,NOMINAL,2026-03-06T21:32:40Z,156
59105.0,PAYLOAD,63883.0,PAYLOAD,6.1749,0.00020901,NOMINAL,2026-03-07T12:58:40Z,1082
61065.0,PAYLOAD,63374.0,PAYLOAD,6.1763,0.00020817,NOMINAL,2026-03-07T17:30:40Z,1354
61352.0,DEBRIS,61361.0,DEBRIS,6.1769,0.00020786,NOMINAL,2026-03-07T09:01:40Z,845
47771.0,PAYLOAD,59923.0,PAYLOAD,6.1772,0.00020768,NOMINAL,2026-03-06T19:11:40Z,15
58077.0,PAYLOAD,61920.0,PAYLOAD,6.1777,0.00020741,NOMINAL,2026-03-06T20:33:40Z,97
60356.0,PAYLOAD,66140.0,PAYLOAD,6.1777,0.0002074,NOMINAL,2026-03-07T06:25:40Z,689
59071.0,UNKNOWN,64899.0,PAYLOAD,6.1781,0.00020714,NOMINAL,2026-03-07T06:58:40Z,722
59310.0,PAYLOAD,67113.0,PAYLOAD,6.1786,0.00020688,NOMINAL,2026-03-07T18:05:40Z,1389
34859.0,DEBRIS,59205.0,PAYLOAD,6.1789,0.00020672,NOMINAL,2026-03-07T14:09:40Z,1153
45570.0,PAYLOAD,58670.0,PAYLOAD,6.1793,0.00020649,NOMINAL,2026-03-06T21:40:40Z,164
31839.0,DEBRIS,67293.0,UNKNOWN,6.1816,0.00020518,NOMINAL,2026-03-06T23:44:40Z,288
57641.0,PAYLOAD,62670.0,PAYLOAD,6.1834,0.00020417,NOMINAL,2026-03-07T10:52:40Z,956
57528.0,PAYLOAD,63996.0,PAYLOAD,6.1839,0.0002039,NOMINAL,2026-03-07T18:54:40Z,1438
58874.0,PAYLOAD,66535.0,PAYLOAD,6.1841,0.00020378,NOMINAL,2026-03-07T15:16:40Z,1220
48583.0,PAYLOAD,56132.0,PAYLOAD,6.185,0.00020325,NOMINAL,2026-03-07T11:15:40Z,979
26731.0,DEBRIS,33516.0,DEBRIS,6.1852,0.00020315,NOMINAL,2026-03-07T05:55:40Z,659
8656.0,DEBRIS,24711.0,PAYLOAD,6.1856,0.00020294,NOMINAL,2026-03-07T11:36:40Z,1000
856.0,ROCKET BODY,3641.0,DEBRIS,6.1864,0.00020249,NOMINAL,2026-03-07T04:54:40Z,598
56456.0,PAYLOAD,66663.0,ROCKET BODY,6.187,0.00020214,NOMINAL,2026-03-06T18:56:40Z,0
16012.0,ROCKET BODY,21015.0,ROCKET BODY,6.188,0.00020163,NOMINAL,2026-03-06T20:36:40Z,100
128.0,DEBRIS,12183.0,DEBRIS,6.1897,0.00020065,NOMINAL,2026-03-07T09:21:40Z,865
58773.0,PAYLOAD,66088.0,PAYLOAD,6.1902,0.00020039,NOMINAL,2026-03-07T13:14:40Z,1098
59637.0,PAYLOAD,66576.0,PAYLOAD,6.1925,0.00019913,NOMINAL,2026-03-07T15:02:40Z,1206
62895.0,PAYLOAD,63239.0,UNKNOWN,6.1932,0.00019875,NOMINAL,2026-03-07T12:54:40Z,1078
57786.0,PAYLOAD,61965.0,PAYLOAD,6.1936,0.00019853,NOMINAL,2026-03-07T18:15:40Z,1399
58945.0,PAYLOAD,65867.0,PAYLOAD,6.1937,0.00019846,NOMINAL,2026-03-07T13:24:40Z,1108
54601.0,DEBRIS,58118.0,PAYLOAD,6.1947,0.00019792,NOMINAL,2026-03-07T16:45:40Z,1309
58530.0,PAYLOAD,63403.0,PAYLOAD,6.1951,0.00019771,NOMINAL,2026-03-07T06:23:40Z,687
18986.0,ROCKET BODY,54452.0,DEBRIS,6.1965,0.00019695,NOMINAL,2026-03-07T04:37:40Z,581
58838.0,PAYLOAD,58869.0,PAYLOAD,6.1982,0.00019601,NOMINAL,2026-03-07T02:53:40Z,477
60428.0,PAYLOAD,62476.0,PAYLOAD,6.1994,0.0001954,NOMINAL,2026-03-07T10:50:40Z,954
15335.0,ROCKET BODY,28307.0,DEBRIS,6.2001,0.000195,NOMINAL,2026-03-07T16:24:40Z,1288
48269.0,PAYLOAD,62162.0,PAYLOAD,6.2008,0.00019463,NOMINAL,2026-03-07T01:18:40Z,382
40529.0,DEBRIS,64939.0,PAYLOAD,6.2008,0.00019462,NOMINAL,2026-03-07T07:50:40Z,774
30181.0,DEBRIS,31300.0,DEBRIS,6.2009,0.00019458,NOMINAL,2026-03-07T15:34:40Z,1238
61513.0,PAYLOAD,66361.0,PAYLOAD,6.201,0.00019452,NOMINAL,2026-03-07T16:56:40Z,1320
53690.0,PAYLOAD,57129.0,PAYLOAD,6.2023,0.00019381,NOMINAL,2026-03-07T05:06:40Z,610
60737.0,PAYLOAD,61859.0,PAYLOAD,6.2034,0.00019323,NOMINAL,2026-03-07T06:59:40Z,723
27489.0,DEBRIS,62482.0,PAYLOAD,6.204,0.00019294,NOMINAL,2026-03-07T09:25:40Z,869
58771.0,PAYLOAD,66972.0,PAYLOAD,6.2042,0.00019282,NOMINAL,2026-03-06T19:57:40Z,61
59449.0,PAYLOAD,64796.0,PAYLOAD,6.2068,0.00019142,NOMINAL,2026-03-07T17:20:40Z,1344
57915.0,PAYLOAD,59089.0,PAYLOAD,6.2075,0.00019105,NOMINAL,2026-03-06T19:55:40Z,59
31113.0,PAYLOAD,66421.0,ROCKET BODY,6.2079,0.00019086,NOMINAL,2026-03-07T02:24:40Z,448
60597.0,PAYLOAD,66381.0,PAYLOAD,6.2093,0.00019014,NOMINAL,2026-03-07T08:41:40Z,825
37928.0,DEBRIS,48706.0,DEBRIS,6.2106,0.00018942,NOMINAL,2026-03-07T08:12:40Z,796
61854.0,PAYLOAD,62810.0,PAYLOAD,6.2109,0.00018926,NOMINAL,2026-03-07T05:07:40Z,611
58165.0,PAYLOAD,66532.0,PAYLOAD,6.2115,0.00018897,NOMINAL,2026-03-06T22:31:40Z,215
60442.0,PAYLOAD,65629.0,PAYLOAD,6.212,0.00018873,NOMINAL,2026-03-06T19:20:40Z,24
39467.0,PAYLOAD,65833.0,PAYLOAD,6.2121,0.00018866,NOMINAL,2026-03-07T17:10:40Z,1334
28312.0,DEBRIS,56239.0,DEBRIS,6.2125,0.00018847,NOMINAL,2026-03-07T03:34:40Z,518
1248.0,DEBRIS,2391.0,PAYLOAD,6.2143,0.0001875,NOMINAL,2026-03-07T06:00:40Z,664
59175.0,PAYLOAD,62923.0,PAYLOAD,6.2171,0.00018609,NOMINAL,2026-03-07T07:05:40Z,729
62491.0,PAYLOAD,66232.0,PAYLOAD,6.2177,0.00018576,NOMINAL,2026-03-07T18:40:40Z,1424
51721.0,PAYLOAD,88813.0,TBA,6.2178,0.00018573,NOMINAL,2026-03-07T13:44:40Z,1128
35933.0,PAYLOAD,61424.0,DEBRIS,6.2184,0.00018537,NOMINAL,2026-03-06T19:34:40Z,38
48150.0,PAYLOAD,53054.0,PAYLOAD,6.2197,0.00018474,NOMINAL,2026-03-07T18:52:40Z,1436
64020.0,PAYLOAD,65085.0,PAYLOAD,6.2211,0.00018401,NOMINAL,2026-03-07T02:46:40Z,470
58831.0,PAYLOAD,62312.0,PAYLOAD,6.2219,0.00018359,NOMINAL,2026-03-07T16:11:40Z,1275
62392.0,PAYLOAD,67356.0,PAYLOAD,6.2223,0.00018341,NOMINAL,2026-03-07T11:06:40Z,970
57014.0,UNKNOWN,59336.0,PAYLOAD,6.2243,0.00018238,NOMINAL,2026-03-07T07:20:40Z,744
64883.0,UNKNOWN,64889.0,UNKNOWN,6.2261,0.00018149,NOMINAL,2026-03-06T23:01:40Z,245
26645.0,DEBRIS,82959.0,UNKNOWN,6.2262,0.00018142,NOMINAL,2026-03-06T20:54:40Z,118
30231.0,DEBRIS,62583.0,PAYLOAD,6.2295,0.00017979,NOMINAL,2026-03-07T00:29:40Z,333
3302.0,DEBRIS,5882.0,DEBRIS,6.2302,0.00017946,NOMINAL,2026-03-07T05:51:40Z,655
77.0,PAYLOAD,10927.0,DEBRIS,6.2303,0.00017938,NOMINAL,2026-03-07T06:59:40Z,723
48571.0,PAYLOAD,57999.0,PAYLOAD,6.2312,0.00017894,NOMINAL,2026-03-06T23:37:40Z,281
10630.0,DEBRIS,64876.0,PAYLOAD,6.2318,0.00017865,NOMINAL,2026-03-07T07:00:40Z,724
5635.0,DEBRIS,39326.0,DEBRIS,6.2354,0.00017687,NOMINAL,2026-03-06T19:15:40Z,19
48353.0,PAYLOAD,63660.0,PAYLOAD,6.2378,0.00017572,NOMINAL,2026-03-07T08:30:40Z,814
48454.0,PAYLOAD,65408.0,PAYLOAD,6.2384,0.0001754,NOMINAL,2026-03-07T06:47:40Z,711
58647.0,PAYLOAD,62490.0,PAYLOAD,6.2394,0.00017493,NOMINAL,2026-03-07T02:53:40Z,477
59623.0,PAYLOAD,63370.0,PAYLOAD,6.2395,0.00017487,NOMINAL,2026-03-07T00:28:40Z,332
48401.0,PAYLOAD,57462.0,PAYLOAD,6.2399,0.00017471,NOMINAL,2026-03-07T06:10:40Z,674
6248.0,PAYLOAD,8899.0,ROCKET BODY,6.2417,0.00017381,NOMINAL,2026-03-06T23:04:40Z,248
40772.0,DEBRIS,42081.0,DEBRIS,6.2429,0.00017322,NOMINAL,2026-03-07T18:35:40Z,1419
58648.0,PAYLOAD,62422.0,PAYLOAD,6.2429,0.00017322,NOMINAL,2026-03-06T23:25:40Z,269
33499.0,PAYLOAD,62575.0,DEBRIS,6.2433,0.00017306,NOMINAL,2026-03-07T12:25:40Z,1049
41424.0,DEBRIS,82189.0,UNKNOWN,6.2436,0.00017292,NOMINAL,2026-03-07T09:26:40Z,870
6408.0,DEBRIS,58715.0,PAYLOAD,6.2446,0.00017244,NOMINAL,2026-03-06T23:21:40Z,265
44836.0,PAYLOAD,67292.0,UNKNOWN,6.2466,0.00017149,NOMINAL,2026-03-07T15:00:40Z,1204
64627.0,UNKNOWN,64886.0,UNKNOWN,6.249,0.00017034,NOMINAL,2026-03-07T06:02:40Z,666
62316.0,PAYLOAD,63495.0,PAYLOAD,6.2491,0.00017027,NOMINAL,2026-03-07T15:52:40Z,1256
48136.0,PAYLOAD,59650.0,PAYLOAD,6.2511,0.00016936,NOMINAL,2026-03-06T23:59:40Z,303
57784.0,PAYLOAD,59326.0,PAYLOAD,6.2515,0.00016913,NOMINAL,2026-03-06T22:10:40Z,194
65645.0,PAYLOAD,67179.0,PAYLOAD,6.2519,0.00016897,NOMINAL,2026-03-07T09:09:40Z,853
19003.0,DEBRIS,55635.0,PAYLOAD,6.2521,0.00016885,NOMINAL,2026-03-07T06:03:40Z,667
4931.0,DEBRIS,53638.0,PAYLOAD,6.2532,0.00016835,NOMINAL,2026-03-07T07:23:40Z,747
58358.0,PAYLOAD,58370.0,PAYLOAD,6.2534,0.00016825,NOMINAL,2026-03-06T20:55:40Z,119
32304.0,DEBRIS,33773.0,DEBRIS,6.254,0.00016796,NOMINAL,2026-03-06T20:24:40Z,88
27806.0,DEBRIS,30385.0,DEBRIS,6.2551,0.00016745,NOMINAL,2026-03-07T06:37:40Z,701
30067.0,DEBRIS,31716.0,DEBRIS,6.2553,0.00016737,NOMINAL,2026-03-07T16:54:40Z,1318
18766.0,DEBRIS,270121.0,UNKNOWN,6.2601,0.00016518,NOMINAL,2026-03-06T22:03:40Z,187
34011.0,DEBRIS,43369.0,DEBRIS,6.2601,0.00016513,NOMINAL,2026-03-07T14:07:40Z,1151
57884.0,PAYLOAD,64540.0,PAYLOAD,6.2603,0.00016507,NOMINAL,2026-03-07T05:32:40Z,636
59248.0,PAYLOAD,64084.0,PAYLOAD,6.2613,0.00016461,NOMINAL,2026-03-06T23:48:40Z,292
12733.0,DEBRIS,58818.0,ROCKET BODY,6.262,0.00016427,NOMINAL,2026-03-07T08:15:40Z,799
3402.0,DEBRIS,67114.0,PAYLOAD,6.2624,0.00016408,NOMINAL,2026-03-07T16:02:40Z,1266
62171.0,PAYLOAD,87245.0,UNKNOWN,6.2635,0.00016362,NOMINAL,2026-03-07T14:35:40Z,1179
60480.0,PAYLOAD,60528.0,PAYLOAD,6.2638,0.00016348,NOMINAL,2026-03-07T03:44:40Z,528
57179.0,UNKNOWN,88230.0,UNKNOWN,6.2648,0.000163,NOMINAL,2026-03-07T02:19:40Z,443
35128.0,DEBRIS,57693.0,PAYLOAD,6.2651,0.00016286,NOMINAL,2026-03-07T07:13:40Z,737
64185.0,PAYLOAD,67120.0,PAYLOAD,6.2655,0.0001627,NOMINAL,2026-03-06T20:44:40Z,108
1451.0,ROCKET BODY,67744.0,PAYLOAD,6.2674,0.00016185,NOMINAL,2026-03-07T14:00:40Z,1144
62102.0,PAYLOAD,64282.0,PAYLOAD,6.2688,0.00016122,NOMINAL,2026-03-06T20:45:40Z,109
61230.0,UNKNOWN,66567.0,PAYLOAD,6.269,0.00016111,NOMINAL,2026-03-06T22:30:40Z,214
30299.0,DEBRIS,60767.0,DEBRIS,6.2695,0.00016091,NOMINAL,2026-03-06T23:00:40Z,244
30064.0,DEBRIS,37637.0,DEBRIS,6.2737,0.00015902,NOMINAL,2026-03-06T20:20:40Z,84
58126.0,PAYLOAD,58388.0,PAYLOAD,6.2769,0.00015762,NOMINAL,2026-03-07T10:23:40Z,927
63434.0,PAYLOAD,66510.0,PAYLOAD,6.2771,0.00015753,NOMINAL,2026-03-07T14:01:40Z,1145
62612.0,PAYLOAD,62637.0,PAYLOAD,6.2784,0.00015694,NOMINAL,2026-03-07T05:25:40Z,629
9712.0,DEBRIS,39766.0,PAYLOAD,6.2788,0.00015675,NOMINAL,2026-03-06T19:46:40Z,50
62659.0,PAYLOAD,64246.0,PAYLOAD,6.279,0.00015666,NOMINAL,2026-03-07T14:07:40Z,1151
56454.0,PAYLOAD,67204.0,PAYLOAD,6.2791,0.00015665,NOMINAL,2026-03-07T13:17:40Z,1101
58186.0,PAYLOAD,61967.0,PAYLOAD,6.2791,0.00015662,NOMINAL,2026-03-07T08:35:40Z,819
2806.0,PAYLOAD,11460.0,DEBRIS,6.2799,0.0001563,NOMINAL,2026-03-07T18:39:40Z,1423
58722.0,PAYLOAD,66563.0,PAYLOAD,6.2819,0.00015543,NOMINAL,2026-03-07T09:27:40Z,871
58225.0,PAYLOAD,66150.0,PAYLOAD,6.2827,0.00015509,NOMINAL,2026-03-07T00:24:40Z,328
20974.0,DEBRIS,38271.0,DEBRIS,6.2829,0.00015496,NOMINAL,2026-03-06T20:39:40Z,103
48577.0,PAYLOAD,62379.0,PAYLOAD,6.2835,0.00015474,NOMINAL,2026-03-06T20:59:40Z,123
62863.0,PAYLOAD,67362.0,PAYLOAD,6.2836,0.0001547,NOMINAL,2026-03-07T01:00:40Z,364
834.0,ROCKET BODY,4847.0,PAYLOAD,6.2843,0.00015436,NOMINAL,2026-03-07T05:35:40Z,639
27470.0,PAYLOAD,45149.0,PAYLOAD,6.2862,0.00015357,NOMINAL,2026-03-07T11:07:40Z,971
57715.0,PAYLOAD,58030.0,PAYLOAD,6.287,0.00015321,NOMINAL,2026-03-07T17:18:40Z,1342
5720.0,DEBRIS,82686.0,TBA,6.2883,0.00015265,NOMINAL,2026-03-07T02:41:40Z,465
28650.0,PAYLOAD,49442.0,PAYLOAD,6.2896,0.00015209,NOMINAL,2026-03-07T17:49:40Z,1373
58195.0,PAYLOAD,59366.0,PAYLOAD,6.2897,0.00015207,NOMINAL,2026-03-06T19:11:40Z,15
30004.0,DEBRIS,37433.0,DEBRIS,6.2915,0.0001513,NOMINAL,2026-03-07T04:14:40Z,558
57203.0,UNKNOWN,58099.0,PAYLOAD,6.2922,0.00015102,NOMINAL,2026-03-06T20:24:40Z,88
32474.0,DEBRIS,56744.0,UNKNOWN,6.2935,0.00015047,NOMINAL,2026-03-07T10:16:40Z,920
773.0,DEBRIS,9524.0,DEBRIS,6.2939,0.00015028,NOMINAL,2026-03-06T20:06:40Z,70
12737.0,DEBRIS,59976.0,DEBRIS,6.2941,0.00015021,NOMINAL,2026-03-07T00:48:40Z,352
56529.0,PAYLOAD,57418.0,PAYLOAD,6.2946,0.00015001,NOMINAL,2026-03-07T18:21:40Z,1405
31363.0,DEBRIS,39586.0,DEBRIS,6.2999,0.00014779,NOMINAL,2026-03-07T12:39:40Z,1063
35135.0,DEBRIS,60650.0,DEBRIS,6.3004,0.00014756,NOMINAL,2026-03-07T12:27:40Z,1051
43218.0,ROCKET BODY,61981.0,PAYLOAD,6.3005,0.00014756,NOMINAL,2026-03-07T07:53:40Z,777
4341.0,ROCKET BODY,7233.0,DEBRIS,6.3022,0.00014683,NOMINAL,2026-03-07T06:19:40Z,683
9908.0,PAYLOAD,85422.0,TBA,6.3023,0.0001468,NOMINAL,2026-03-07T10:36:40Z,940
64207.0,PAYLOAD,67040.0,PAYLOAD,6.3023,0.00014679,NOMINAL,2026-03-07T10:40:40Z,944
19365.0,DEBRIS,54459.0,DEBRIS,6.3026,0.00014669,NOMINAL,2026-03-06T21:49:40Z,173
22236.0,PAYLOAD,56463.0,PAYLOAD,6.305,0.00014571,NOMINAL,2026-03-07T00:09:40Z,313
57851.0,PAYLOAD,59857.0,PAYLOAD,6.3069,0.00014491,NOMINAL,2026-03-07T18:01:40Z,1385
58445.0,PAYLOAD,59617.0,PAYLOAD,6.3085,0.00014429,NOMINAL,2026-03-06T23:48:40Z,292
67735.0,PAYLOAD,67744.0,PAYLOAD,6.3093,0.00014394,NOMINAL,2026-03-06T20:30:40Z,94
48278.0,PAYLOAD,66125.0,PAYLOAD,6.3098,0.00014375,NOMINAL,2026-03-07T10:36:40Z,940
58486.0,PAYLOAD,66816.0,PAYLOAD,6.3099,0.00014369,NOMINAL,2026-03-07T16:58:40Z,1322
45061.0,PAYLOAD,65897.0,PAYLOAD,6.3104,0.00014351,NOMINAL,2026-03-07T10:16:40Z,920
59581.0,PAYLOAD,66980.0,PAYLOAD,6.3108,0.00014335,NOMINAL,2026-03-07T07:31:40Z,755
31305.0,ROCKET BODY,59750.0,PAYLOAD,6.3109,0.00014332,NOMINAL,2026-03-07T18:00:40Z,1384
31327.0,DEBRIS,59571.0,PAYLOAD,6.3119,0.0001429,NOMINAL,2026-03-07T12:27:40Z,1051
38375.0,DEBRIS,270184.0,UNKNOWN,6.3125,0.00014266,NOMINAL,2026-03-07T11:21:40Z,985
40914.0,DEBRIS,47937.0,UNKNOWN,6.3137,0.00014219,NOMINAL,2026-03-06T19:12:40Z,16
9494.0,PAYLOAD,28523.0,PAYLOAD,6.3146,0.00014183,NOMINAL,2026-03-07T07:33:40Z,757
58187.0,PAYLOAD,63815.0,PAYLOAD,6.3154,0.00014152,NOMINAL,2026-03-07T16:22:40Z,1286
28593.0,DEBRIS,31209.0,DEBRIS,6.3168,0.00014094,NOMINAL,2026-03-06T19:20:40Z,24
3424.0,DEBRIS,43641.0,PAYLOAD,6.3172,0.0001408,NOMINAL,2026-03-07T17:44:40Z,1368
53671.0,PAYLOAD,63950.0,PAYLOAD,6.3178,0.00014054,NOMINAL,2026-03-07T01:14:40Z,378
47632.0,PAYLOAD,67348.0,PAYLOAD,6.3187,0.00014021,NOMINAL,2026-03-07T09:38:40Z,882
48326.0,PAYLOAD,48574.0,PAYLOAD,6.3191,0.00014005,NOMINAL,2026-03-06T20:29:40Z,93
44752.0,PAYLOAD,45412.0,PAYLOAD,6.3194,0.00013993,NOMINAL,2026-03-06T20:06:40Z,70
59417.0,PAYLOAD,62215.0,PAYLOAD,6.3194,0.00013992,NOMINAL,2026-03-07T15:42:40Z,1246
60394.0,PAYLOAD,64998.0,DEBRIS,6.322,0.00013892,NOMINAL,2026-03-06T23:55:40Z,299
62527.0,PAYLOAD,65334.0,PAYLOAD,6.3223,0.00013879,NOMINAL,2026-03-07T12:34:40Z,1058
775.0,ROCKET BODY,3085.0,DEBRIS,6.3227,0.00013862,NOMINAL,2026-03-07T12:41:40Z,1065
1547.0,DEBRIS,2538.0,DEBRIS,6.3234,0.00013836,NOMINAL,2026-03-07T11:44:40Z,1008
2941.0,ROCKET BODY,5235.0,ROCKET BODY,6.3249,0.00013778,NOMINAL,2026-03-07T07:29:40Z,753
40914.0,DEBRIS,64282.0,PAYLOAD,6.3251,0.00013772,NOMINAL,2026-03-06T19:29:40Z,33
58183.0,PAYLOAD,64332.0,PAYLOAD,6.3263,0.00013725,NOMINAL,2026-03-07T15:50:40Z,1254
61202.0,PAYLOAD,62689.0,PAYLOAD,6.3293,0.00013609,NOMINAL,2026-03-07T04:55:40Z,599
57678.0,PAYLOAD,62573.0,PAYLOAD,6.3304,0.00013567,NOMINAL,2026-03-06T20:13:40Z,77
59574.0,PAYLOAD,63032.0,PAYLOAD,6.331,0.00013545,NOMINAL,2026-03-06T19:39:40Z,43
30949.0,DEBRIS,45507.0,DEBRIS,6.3311,0.00013539,NOMINAL,2026-03-07T01:54:40Z,418
58682.0,PAYLOAD,66497.0,PAYLOAD,6.3325,0.00013485,NOMINAL,2026-03-07T05:00:40Z,604
66960.0,PAYLOAD,67307.0,PAYLOAD,6.3327,0.00013481,NOMINAL,2026-03-07T05:32:40Z,636
4953.0,PAYLOAD,36167.0,DEBRIS,6.3338,0.00013439,NOMINAL,2026-03-07T17:06:40Z,1330
57712.0,PAYLOAD,63816.0,PAYLOAD,6.3338,0.00013437,NOMINAL,2026-03-07T05:38:40Z,642
11374.0,DEBRIS,36584.0,DEBRIS,6.334,0.00013431,NOMINAL,2026-03-06T23:55:40Z,299
63647.0,PAYLOAD,65692.0,PAYLOAD,6.335,0.00013392,NOMINAL,2026-03-06T22:26:40Z,210
58779.0,PAYLOAD,63210.0,PAYLOAD,6.335,0.00013391,NOMINAL,2026-03-07T11:55:40Z,1019
58037.0,PAYLOAD,63215.0,UNKNOWN,6.3352,0.00013386,NOMINAL,2026-03-07T06:30:40Z,694
8954.0,DEBRIS,40477.0,DEBRIS,6.3393,0.00013231,NOMINAL,2026-03-06T19:24:40Z,28
57910.0,PAYLOAD,59318.0,PAYLOAD,6.3413,0.00013158,NOMINAL,2026-03-06T22:44:40Z,228
3140.0,PAYLOAD,4560.0,ROCKET BODY,6.3416,0.00013146,NOMINAL,2026-03-06T23:17:40Z,261
56923.0,PAYLOAD,65524.0,PAYLOAD,6.3419,0.00013134,NOMINAL,2026-03-06T21:20:40Z,144
31139.0,DEBRIS,61331.0,DEBRIS,6.3428,0.00013101,NOMINAL,2026-03-06T23:54:40Z,298
59002.0,PAYLOAD,59178.0,PAYLOAD,6.3441,0.00013053,NOMINAL,2026-03-07T10:03:40Z,907
31087.0,DEBRIS,61265.0,DEBRIS,6.3442,0.00013048,NOMINAL,2026-03-07T16:36:40Z,1300
56866.0,UNKNOWN,67256.0,UNKNOWN,6.3443,0.00013047,NOMINAL,2026-03-07T12:05:40Z,1029
51948.0,UNKNOWN,66350.0,PAYLOAD,6.3443,0.00013046,NOMINAL,2026-03-06T22:25:40Z,209
32959.0,ROCKET BODY,61339.0,DEBRIS,6.3447,0.00013032,NOMINAL,2026-03-07T05:06:40Z,610
60532.0,PAYLOAD,62700.0,PAYLOAD,6.3474,0.00012931,NOMINAL,2026-03-06T20:17:40Z,81
42355.0,DEBRIS,54515.0,DEBRIS,6.3483,0.00012899,NOMINAL,2026-03-07T18:28:40Z,1412
260.0,DEBRIS,61158.0,DEBRIS,6.3489,0.00012876,NOMINAL,2026-03-06T19:10:40Z,14
59574.0,PAYLOAD,66481.0,PAYLOAD,6.3493,0.00012864,NOMINAL,2026-03-07T12:11:40Z,1035
59734.0,PAYLOAD,60435.0,PAYLOAD,6.3524,0.0001275,NOMINAL,2026-03-07T11:22:40Z,986
6218.0,ROCKET BODY,31126.0,PAYLOAD,6.3537,0.00012703,NOMINAL,2026-03-07T12:40:40Z,1064
58976.0,PAYLOAD,67500.0,PAYLOAD,6.3548,0.00012665,NOMINAL,2026-03-07T12:49:40Z,1073
51103.0,ROCKET BODY,61580.0,PAYLOAD,6.3562,0.00012615,NOMINAL,2026-03-06T19:03:40Z,7
40014.0,PAYLOAD,53919.0,PAYLOAD,6.3564,0.00012609,NOMINAL,2026-03-07T18:50:40Z,1434
260.0,DEBRIS,61269.0,DEBRIS,6.3569,0.00012591,NOMINAL,2026-03-07T01:14:40Z,378
58921.0,PAYLOAD,64187.0,PAYLOAD,6.3569,0.00012589,NOMINAL,2026-03-07T00:24:40Z,328
46063.0,PAYLOAD,48668.0,PAYLOAD,6.3574,0.00012571,NOMINAL,2026-03-07T05:22:40Z,626
57476.0,PAYLOAD,59503.0,PAYLOAD,6.3581,0.00012546,NOMINAL,2026-03-07T07:17:40Z,741
63464.0,PAYLOAD,64460.0,PAYLOAD,6.3587,0.00012526,NOMINAL,2026-03-07T15:23:40Z,1227
6673.0,DEBRIS,10607.0,PAYLOAD,6.3588,0.00012523,NOMINAL,2026-03-06T19:26:40Z,30
58120.0,PAYLOAD,63424.0,PAYLOAD,6.3588,0.00012522,NOMINAL,2026-03-07T16:03:40Z,1267
78.0,DEBRIS,67967.0,PAYLOAD,6.3589,0.00012519,NOMINAL,2026-03-07T13:16:40Z,1100
57433.0,PAYLOAD,60259.0,PAYLOAD,6.3594,0.000125,NOMINAL,2026-03-07T11:57:40Z,1021
37635.0,DEBRIS,54422.0,DEBRIS,6.361,0.00012444,NOMINAL,2026-03-07T16:59:40Z,1323
3984.0,PAYLOAD,42756.0,PAYLOAD,6.3613,0.00012435,NOMINAL,2026-03-07T12:19:40Z,1043
59219.0,PAYLOAD,62130.0,PAYLOAD,6.3617,0.00012421,NOMINAL,2026-03-07T04:41:40Z,585
63471.0,PAYLOAD,64781.0,PAYLOAD,6.3624,0.00012396,NOMINAL,2026-03-06T22:20:40Z,204
60136.0,PAYLOAD,66867.0,PAYLOAD,6.3691,0.00012162,NOMINAL,2026-03-07T11:13:40Z,977
57476.0,PAYLOAD,58353.0,PAYLOAD,6.37,0.00012133,NOMINAL,2026-03-07T00:45:40Z,349
38771.0,PAYLOAD,60683.0,DEBRIS,6.3703,0.00012123,NOMINAL,2026-03-07T15:53:40Z,1257
58045.0,PAYLOAD,59350.0,PAYLOAD,6.3703,0.00012122,NOMINAL,2026-03-06T20:14:40Z,78
55333.0,PAYLOAD,65436.0,PAYLOAD,6.3704,0.00012119,NOMINAL,2026-03-07T04:15:40Z,559
17815.0,DEBRIS,60880.0,DEBRIS,6.3708,0.00012105,NOMINAL,2026-03-07T03:57:40Z,541
4783.0,PAYLOAD,42146.0,DEBRIS,6.3718,0.00012072,NOMINAL,2026-03-07T14:33:40Z,1177
1497.0,DEBRIS,64260.0,PAYLOAD,6.3726,0.00012041,NOMINAL,2026-03-07T17:20:40Z,1344
51746.0,PAYLOAD,53552.0,PAYLOAD,6.3728,0.00012037,NOMINAL,2026-03-07T15:42:40Z,1246
62319.0,PAYLOAD,63813.0,PAYLOAD,6.3732,0.00012023,NOMINAL,2026-03-07T16:05:40Z,1269
58797.0,PAYLOAD,59722.0,PAYLOAD,6.3744,0.00011983,NOMINAL,2026-03-06T21:48:40Z,172
58414.0,PAYLOAD,64386.0,PAYLOAD,6.3762,0.00011922,NOMINAL,2026-03-07T02:21:40Z,445
62847.0,PAYLOAD,66030.0,PAYLOAD,6.3771,0.00011891,NOMINAL,2026-03-07T06:01:40Z,665
60412.0,PAYLOAD,61857.0,PAYLOAD,6.3775,0.00011877,NOMINAL,2026-03-07T16:04:40Z,1268
58604.0,PAYLOAD,63198.0,PAYLOAD,6.378,0.0001186,NOMINAL,2026-03-07T15:15:40Z,1219
39416.0,PAYLOAD,64719.0,PAYLOAD,6.3791,0.00011823,NOMINAL,2026-03-07T06:54:40Z,718
65738.0,PAYLOAD,66171.0,PAYLOAD,6.38,0.00011792,NOMINAL,2026-03-07T00:14:40Z,318
59032.0,PAYLOAD,63684.0,PAYLOAD,6.3802,0.00011785,NOMINAL,2026-03-07T18:36:40Z,1420
53216.0,PAYLOAD,66666.0,PAYLOAD,6.3811,0.00011756,NOMINAL,2026-03-06T19:06:40Z,10
10050.0,DEBRIS,60050.0,PAYLOAD,6.3816,0.00011738,NOMINAL,2026-03-07T04:17:40Z,561
62035.0,PAYLOAD,66059.0,PAYLOAD,6.3822,0.00011718,NOMINAL,2026-03-07T11:22:40Z,986
58155.0,PAYLOAD,59340.0,PAYLOAD,6.3823,0.00011716,NOMINAL,2026-03-07T02:25:40Z,449
49052.0,PAYLOAD,51462.0,PAYLOAD,6.3837,0.00011669,NOMINAL,2026-03-07T16:26:40Z,1290
59248.0,PAYLOAD,65859.0,PAYLOAD,6.3856,0.00011608,NOMINAL,2026-03-07T15:41:40Z,1245
58846.0,PAYLOAD,61960.0,PAYLOAD,6.3869,0.00011563,NOMINAL,2026-03-07T07:35:40Z,759
46808.0,PAYLOAD,55385.0,PAYLOAD,6.3872,0.00011555,NOMINAL,2026-03-06T20:11:40Z,75
62493.0,PAYLOAD,65515.0,PAYLOAD,6.3872,0.00011554,NOMINAL,2026-03-07T07:12:40Z,736
48686.0,PAYLOAD,63367.0,PAYLOAD,6.3873,0.0001155,NOMINAL,2026-03-07T12:25:40Z,1049
33765.0,DEBRIS,59773.0,PAYLOAD,6.3875,0.00011546,NOMINAL,2026-03-07T13:25:40Z,1109
59457.0,PAYLOAD,60598.0,PAYLOAD,6.3878,0.00011534,NOMINAL,2026-03-07T05:56:40Z,660
59664.0,PAYLOAD,62828.0,PAYLOAD,6.3879,0.00011531,NOMINAL,2026-03-07T00:55:40Z,359
62275.0,PAYLOAD,62589.0,PAYLOAD,6.3881,0.00011525,NOMINAL,2026-03-07T12:08:40Z,1032
29947.0,DEBRIS,30836.0,DEBRIS,6.3884,0.00011515,NOMINAL,2026-03-07T15:36:40Z,1240
2314.0,DEBRIS,4373.0,PAYLOAD,6.3904,0.00011449,NOMINAL,2026-03-07T05:08:40Z,612
58827.0,PAYLOAD,59679.0,UNKNOWN,6.3911,0.00011429,NOMINAL,2026-03-06T22:29:40Z,213
36196.0,DEBRIS,36878.0,DEBRIS,6.3914,0.00011419,NOMINAL,2026-03-06T22:16:40Z,200
42756.0,PAYLOAD,61949.0,PAYLOAD,6.3923,0.00011389,NOMINAL,2026-03-07T01:45:40Z,409
48080.0,ROCKET BODY,53859.0,PAYLOAD,6.3932,0.00011358,NOMINAL,2026-03-07T14:45:40Z,1189
48375.0,PAYLOAD,66887.0,PAYLOAD,6.3938,0.00011339,NOMINAL,2026-03-06T19:15:40Z,19
5904.0,ROCKET BODY,41537.0,DEBRIS,6.3944,0.00011321,NOMINAL,2026-03-07T00:17:40Z,321
3653.0,DEBRIS,5708.0,ROCKET BODY,6.3955,0.00011286,NOMINAL,2026-03-07T04:42:40Z,586
62898.0,PAYLOAD,64770.0,PAYLOAD,6.3984,0.00011193,NOMINAL,2026-03-07T06:28:40Z,692
43431.0,DEBRIS,52587.0,PAYLOAD,6.3987,0.00011183,NOMINAL,2026-03-06T23:39:40Z,283
2376.0,PAYLOAD,10804.0,DEBRIS,6.3995,0.00011159,NOMINAL,2026-03-07T08:12:40Z,796
40276.0,ROCKET BODY,45280.0,DEBRIS,6.4001,0.0001114,NOMINAL,2026-03-07T01:35:40Z,399
58168.0,PAYLOAD,66440.0,PAYLOAD,6.4003,0.00011133,NOMINAL,2026-03-07T17:24:40Z,1348
57791.0,PAYLOAD,59081.0,PAYLOAD,6.4006,0.00011122,NOMINAL,2026-03-07T01:01:40Z,365
63040.0,PAYLOAD,65693.0,PAYLOAD,6.4013,0.000111,NOMINAL,2026-03-07T12:00:40Z,1024
58749.0,PAYLOAD,67465.0,PAYLOAD,6.4015,0.00011094,NOMINAL,2026-03-07T01:12:40Z,376
5159.0,DEBRIS,39227.0,PAYLOAD,6.4022,0.00011071,NOMINAL,2026-03-07T04:31:40Z,575
62015.0,PAYLOAD,62554.0,PAYLOAD,6.4026,0.00011059,NOMINAL,2026-03-07T18:33:40Z,1417
58627.0,PAYLOAD,63387.0,PAYLOAD,6.4039,0.00011018,NOMINAL,2026-03-07T07:43:40Z,767
58095.0,PAYLOAD,65222.0,PAYLOAD,6.4081,0.00010887,NOMINAL,2026-03-07T01:36:40Z,400
60319.0,PAYLOAD,60418.0,PAYLOAD,6.4097,0.0001084,NOMINAL,2026-03-07T04:15:40Z,559
51758.0,PAYLOAD,51957.0,PAYLOAD,6.4116,0.00010778,NOMINAL,2026-03-07T10:56:40Z,960
56510.0,PAYLOAD,64149.0,PAYLOAD,6.4119,0.00010771,NOMINAL,2026-03-07T15:36:40Z,1240
62116.0,PAYLOAD,66131.0,PAYLOAD,6.4121,0.00010763,NOMINAL,2026-03-07T02:10:40Z,434
46164.0,PAYLOAD,67873.0,PAYLOAD,6.4143,0.00010698,NOMINAL,2026-03-07T17:01:40Z,1325
59664.0,PAYLOAD,60287.0,PAYLOAD,6.4145,0.00010691,NOMINAL,2026-03-07T02:23:40Z,447
34344.0,DEBRIS,41344.0,DEBRIS,6.4149,0.00010678,NOMINAL,2026-03-07T00:40:40Z,344
54841.0,PAYLOAD,57184.0,UNKNOWN,6.4161,0.00010644,NOMINAL,2026-03-07T15:02:40Z,1206
9571.0,DEBRIS,27749.0,DEBRIS,6.4163,0.00010635,NOMINAL,2026-03-07T08:59:40Z,843
60104.0,PAYLOAD,66609.0,PAYLOAD,6.4175,0.00010599,NOMINAL,2026-03-07T06:32:40Z,696
32311.0,DEBRIS,47042.0,DEBRIS,6.4175,0.00010599,NOMINAL,2026-03-07T07:04:40Z,728
62480.0,PAYLOAD,66489.0,PAYLOAD,6.4184,0.00010572,NOMINAL,2026-03-07T01:21:40Z,385
3315.0,ROCKET BODY,40407.0,DEBRIS,6.4186,0.00010565,NOMINAL,2026-03-07T11:38:40Z,1002
57707.0,PAYLOAD,58031.0,PAYLOAD,6.4199,0.00010528,NOMINAL,2026-03-06T23:11:40Z,255
57527.0,PAYLOAD,62510.0,PAYLOAD,6.4242,0.00010399,NOMINAL,2026-03-07T11:16:40Z,980
59437.0,PAYLOAD,64251.0,PAYLOAD,6.4244,0.00010393,NOMINAL,2026-03-07T14:15:40Z,1159
58423.0,PAYLOAD,62845.0,PAYLOAD,6.4249,0.00010378,NOMINAL,2026-03-07T07:06:40Z,730
57789.0,PAYLOAD,62128.0,PAYLOAD,6.425,0.00010377,NOMINAL,2026-03-07T09:22:40Z,866
61120.0,DEBRIS,87256.0,UNKNOWN,6.4256,0.00010357,NOMINAL,2026-03-07T04:02:40Z,546
58353.0,PAYLOAD,62026.0,PAYLOAD,6.4279,0.0001029,NOMINAL,2026-03-07T10:43:40Z,947
38842.0,DEBRIS,59263.0,PAYLOAD,6.4281,0.00010283,NOMINAL,2026-03-07T04:48:40Z,592
61630.0,PAYLOAD,66210.0,PAYLOAD,6.4284,0.00010275,NOMINAL,2026-03-07T15:32:40Z,1236
39106.0,DEBRIS,40513.0,DEBRIS,6.4302,0.00010223,NOMINAL,2026-03-07T18:04:40Z,1388
61523.0,PAYLOAD,65430.0,PAYLOAD,6.4308,0.00010205,NOMINAL,2026-03-07T00:24:40Z,328
43189.0,PAYLOAD,61908.0,UNKNOWN,6.431,0.000102,NOMINAL,2026-03-07T06:01:40Z,665
62100.0,PAYLOAD,65926.0,PAYLOAD,6.4311,0.00010196,NOMINAL,2026-03-07T14:26:40Z,1170
59318.0,PAYLOAD,66083.0,PAYLOAD,6.4314,0.00010187,NOMINAL,2026-03-06T20:03:40Z,67
58749.0,PAYLOAD,63711.0,PAYLOAD,6.4322,0.00010164,NOMINAL,2026-03-07T14:08:40Z,1152
39090.0,PAYLOAD,54023.0,PAYLOAD,6.4322,0.00010164,NOMINAL,2026-03-07T09:02:40Z,846
3702.0,DEBRIS,45430.0,PAYLOAD,6.4334,0.00010129,NOMINAL,2026-03-07T04:11:40Z,555
59878.0,PAYLOAD,66229.0,PAYLOAD,6.4335,0.00010127,NOMINAL,2026-03-07T03:31:40Z,515
22827.0,PAYLOAD,31948.0,DEBRIS,6.4342,0.00010107,NOMINAL,2026-03-07T13:35:40Z,1119
44703.0,PAYLOAD,88231.0,UNKNOWN,6.4343,0.00010102,NOMINAL,2026-03-07T00:56:40Z,360
63774.0,PAYLOAD,66101.0,PAYLOAD,6.4361,0.00010051,NOMINAL,2026-03-07T09:26:40Z,870
59844.0,PAYLOAD,64386.0,PAYLOAD,6.439,9.968e-05,NOMINAL,2026-03-07T06:41:40Z,705
59862.0,PAYLOAD,63368.0,PAYLOAD,6.4391,9.965e-05,NOMINAL,2026-03-07T15:04:40Z,1208
59219.0,PAYLOAD,66450.0,PAYLOAD,6.4407,9.919e-05,NOMINAL,2026-03-07T09:49:40Z,893
58041.0,PAYLOAD,58228.0,PAYLOAD,6.4441,9.825e-05,NOMINAL,2026-03-07T10:02:40Z,906
41468.0,ROCKET BODY,62953.0,PAYLOAD,6.4441,9.823e-05,NOMINAL,2026-03-06T18:56:40Z,0
45137.0,PAYLOAD,61602.0,PAYLOAD,6.4457,9.779e-05,NOMINAL,2026-03-07T09:26:40Z,870
63655.0,PAYLOAD,67482.0,UNKNOWN,6.4462,9.764e-05,NOMINAL,2026-03-06T21:23:40Z,147
20473.0,PAYLOAD,37749.0,PAYLOAD,6.4485,9.701e-05,NOMINAL,2026-03-07T06:22:40Z,686
59623.0,PAYLOAD,64917.0,PAYLOAD,6.4486,9.698e-05,NOMINAL,2026-03-07T16:20:40Z,1284
31185.0,DEBRIS,41058.0,DEBRIS,6.4488,9.692e-05,NOMINAL,2026-03-06T21:32:40Z,156
57876.0,PAYLOAD,66443.0,PAYLOAD,6.4489,9.691e-05,NOMINAL,2026-03-07T13:27:40Z,1111
46497.0,PAYLOAD,49028.0,PAYLOAD,6.4494,9.677e-05,NOMINAL,2026-03-07T01:49:40Z,413
59934.0,PAYLOAD,64015.0,PAYLOAD,6.4497,9.669e-05,NOMINAL,2026-03-07T10:09:40Z,913
59868.0,PAYLOAD,63018.0,PAYLOAD,6.4508,9.637e-05,NOMINAL,2026-03-07T00:20:40Z,324
63401.0,PAYLOAD,66016.0,PAYLOAD,6.4529,9.58e-05,NOMINAL,2026-03-07T13:00:40Z,1084
1296.0,DEBRIS,5049.0,DEBRIS,6.456,9.496e-05,NOMINAL,2026-03-06T22:47:40Z,231
27136.0,DEBRIS,32125.0,DEBRIS,6.456,9.495e-05,NOMINAL,2026-03-07T10:13:40Z,917
22493.0,DEBRIS,34026.0,DEBRIS,6.4585,9.427e-05,NOMINAL,2026-03-07T09:14:40Z,858
58846.0,PAYLOAD,67494.0,PAYLOAD,6.459,9.413e-05,NOMINAL,2026-03-07T06:24:40Z,688
54325.0,DEBRIS,56648.0,DEBRIS,6.4597,9.394e-05,NOMINAL,2026-03-07T08:16:40Z,800
16882.0,ROCKET BODY,60420.0,ROCKET BODY,6.4613,9.352e-05,NOMINAL,2026-03-07T00:40:40Z,344
66074.0,PAYLOAD,67411.0,PAYLOAD,6.4619,9.336e-05,NOMINAL,2026-03-07T17:43:40Z,1367
58614.0,PAYLOAD,66669.0,UNKNOWN,6.4619,9.334e-05,NOMINAL,2026-03-07T11:49:40Z,1013
57510.0,PAYLOAD,63320.0,PAYLOAD,6.463,9.307e-05,NOMINAL,2026-03-07T01:53:40Z,417
52834.0,PAYLOAD,59099.0,PAYLOAD,6.4642,9.274e-05,NOMINAL,2026-03-06T19:19:40Z,23
50173.0,PAYLOAD,53629.0,PAYLOAD,6.4663,9.219e-05,NOMINAL,2026-03-07T11:33:40Z,997
59610.0,PAYLOAD,66395.0,PAYLOAD,6.4664,9.216e-05,NOMINAL,2026-03-07T05:30:40Z,634
8885.0,DEBRIS,67852.0,PAYLOAD,6.4672,9.195e-05,NOMINAL,2026-03-07T03:22:40Z,506
61879.0,PAYLOAD,64370.0,PAYLOAD,6.4674,9.188e-05,NOMINAL,2026-03-06T21:57:40Z,181
42194.0,DEBRIS,52717.0,UNKNOWN,6.4686,9.158e-05,NOMINAL,2026-03-06T22:00:40Z,184
36858.0,DEBRIS,38293.0,DEBRIS,6.4686,9.158e-05,NOMINAL,2026-03-07T04:09:40Z,553
59467.0,PAYLOAD,64097.0,PAYLOAD,6.4696,9.131e-05,NOMINAL,2026-03-06T19:56:40Z,60
25860.0,PAYLOAD,30721.0,DEBRIS,6.4701,9.118e-05,NOMINAL,2026-03-06T23:07:40Z,251
56296.0,PAYLOAD,58222.0,PAYLOAD,6.4702,9.114e-05,NOMINAL,2026-03-06T20:12:40Z,76
30218.0,DEBRIS,38547.0,DEBRIS,6.4704,9.111e-05,NOMINAL,2026-03-07T16:13:40Z,1277
48693.0,PAYLOAD,62524.0,PAYLOAD,6.4711,9.092e-05,NOMINAL,2026-03-07T04:42:40Z,586
64253.0,PAYLOAD,64278.0,PAYLOAD,6.4725,9.056e-05,NOMINAL,2026-03-07T07:28:40Z,752
10741.0,DEBRIS,11816.0,PAYLOAD,6.4727,9.05e-05,NOMINAL,2026-03-07T02:08:40Z,432
57460.0,PAYLOAD,63649.0,PAYLOAD,6.4728,9.047e-05,NOMINAL,2026-03-07T09:38:40Z,882
59465.0,PAYLOAD,64179.0,PAYLOAD,6.4749,8.993e-05,NOMINAL,2026-03-07T12:44:40Z,1068
66238.0,PAYLOAD,66526.0,PAYLOAD,6.4752,8.986e-05,NOMINAL,2026-03-06T20:14:40Z,78
46053.0,PAYLOAD,63000.0,PAYLOAD,6.476,8.965e-05,NOMINAL,2026-03-07T17:50:40Z,1374
59526.0,PAYLOAD,64443.0,PAYLOAD,6.4764,8.955e-05,NOMINAL,2026-03-07T16:27:40Z,1291
45098.0,PAYLOAD,53641.0,PAYLOAD,6.4774,8.928e-05,NOMINAL,2026-03-06T20:03:40Z,67
1296.0,DEBRIS,2723.0,ROCKET BODY,6.4776,8.922e-05,NOMINAL,2026-03-07T03:12:40Z,496
3471.0,DEBRIS,10538.0,DEBRIS,6.4777,8.921e-05,NOMINAL,2026-03-07T01:15:40Z,379
58240.0,PAYLOAD,59860.0,PAYLOAD,6.4794,8.878e-05,NOMINAL,2026-03-06T20:16:40Z,80
62214.0,PAYLOAD,63812.0,PAYLOAD,6.4834,8.775e-05,NOMINAL,2026-03-07T11:40:40Z,1004
59007.0,PAYLOAD,62753.0,PAYLOAD,6.4846,8.744e-05,NOMINAL,2026-03-06T22:08:40Z,192
58842.0,PAYLOAD,67776.0,PAYLOAD,6.485,8.735e-05,NOMINAL,2026-03-07T01:18:40Z,382
60299.0,PAYLOAD,65034.0,PAYLOAD,6.4854,8.726e-05,NOMINAL,2026-03-07T02:22:40Z,446
28252.0,PAYLOAD,28378.0,PAYLOAD,6.4854,8.726e-05,NOMINAL,2026-03-07T13:46:40Z,1130
32312.0,DEBRIS,55187.0,DEBRIS,6.4858,8.715e-05,NOMINAL,2026-03-07T12:29:40Z,1053
122.0,DEBRIS,4089.0,DEBRIS,6.4862,8.706e-05,NOMINAL,2026-03-07T13:25:40Z,1109
9436.0,ROCKET BODY,10073.0,DEBRIS,6.4872,8.679e-05,NOMINAL,2026-03-06T19:34:40Z,38
60259.0,PAYLOAD,63442.0,PAYLOAD,6.4875,8.671e-05,NOMINAL,2026-03-07T16:11:40Z,1275
65647.0,PAYLOAD,67299.0,UNKNOWN,6.4893,8.627e-05,NOMINAL,2026-03-06T22:43:40Z,227
12668.0,DEBRIS,57830.0,PAYLOAD,6.4898,8.614e-05,NOMINAL,2026-03-07T13:52:40Z,1136
57278.0,DEBRIS,60557.0,PAYLOAD,6.4916,8.57e-05,NOMINAL,2026-03-07T07:31:40Z,755
19038.0,PAYLOAD,54514.0,DEBRIS,6.4925,8.547e-05,NOMINAL,2026-03-07T15:51:40Z,1255
59014.0,PAYLOAD,63780.0,PAYLOAD,6.494,8.511e-05,NOMINAL,2026-03-07T09:49:40Z,893
20327.0,DEBRIS,66428.0,PAYLOAD,6.4962,8.457e-05,NOMINAL,2026-03-07T05:01:40Z,605
56700.0,PAYLOAD,59835.0,PAYLOAD,6.4968,8.443e-05,NOMINAL,2026-03-07T17:44:40Z,1368
49408.0,PAYLOAD,57670.0,PAYLOAD,6.497,8.437e-05,NOMINAL,2026-03-07T01:48:40Z,412
57813.0,PAYLOAD,67429.0,PAYLOAD,6.4972,8.433e-05,NOMINAL,2026-03-07T16:22:40Z,1286
43328.0,DEBRIS,61387.0,DEBRIS,6.4993,8.381e-05,NOMINAL,2026-03-07T10:56:40Z,960
30243.0,DEBRIS,55864.0,DEBRIS,6.4997,8.372e-05,NOMINAL,2026-03-07T09:00:40Z,844
30155.0,DEBRIS,57757.0,PAYLOAD,6.5,8.366e-05,NOMINAL,2026-03-06T23:45:40Z,289
6020.0,ROCKET BODY,18276.0,DEBRIS,6.5012,8.337e-05,NOMINAL,2026-03-06T20:38:40Z,102
23814.0,PAYLOAD,30954.0,DEBRIS,6.503,8.291e-05,NOMINAL,2026-03-07T04:10:40Z,554
1115.0,DEBRIS,6883.0,DEBRIS,6.5042,8.264e-05,NOMINAL,2026-03-07T03:05:40Z,489
6468.0,DEBRIS,59782.0,PAYLOAD,6.5049,8.246e-05,NOMINAL,2026-03-06T21:22:40Z,146
58791.0,PAYLOAD,62780.0,PAYLOAD,6.506,8.22e-05,NOMINAL,2026-03-07T18:17:40Z,1401
58078.0,PAYLOAD,61967.0,PAYLOAD,6.5077,8.182e-05,NOMINAL,2026-03-07T00:37:40Z,341
58009.0,PAYLOAD,64921.0,PAYLOAD,6.508,8.173e-05,NOMINAL,2026-03-07T01:57:40Z,421
58080.0,PAYLOAD,61637.0,PAYLOAD,6.5086,8.16e-05,NOMINAL,2026-03-07T14:27:40Z,1171
57715.0,PAYLOAD,67310.0,PAYLOAD,6.5092,8.146e-05,NOMINAL,2026-03-07T09:08:40Z,852
52290.0,PAYLOAD,64653.0,DEBRIS,6.5101,8.125e-05,NOMINAL,2026-03-07T11:57:40Z,1021
60792.0,DEBRIS,61112.0,DEBRIS,6.5105,8.115e-05,NOMINAL,2026-03-07T13:03:40Z,1087
58787.0,PAYLOAD,59385.0,PAYLOAD,6.5105,8.114e-05,NOMINAL,2026-03-07T14:35:40Z,1179
3303.0,DEBRIS,9553.0,DEBRIS,6.5122,8.075e-05,NOMINAL,2026-03-07T17:13:40Z,1337
59673.0,PAYLOAD,60024.0,PAYLOAD,6.5131,8.054e-05,NOMINAL,2026-03-07T02:49:40Z,473
23859.0,DEBRIS,29891.0,DEBRIS,6.5131,8.053e-05,NOMINAL,2026-03-07T08:21:40Z,805
57400.0,PAYLOAD,58634.0,PAYLOAD,6.5135,8.043e-05,NOMINAL,2026-03-07T18:14:40Z,1398
15505.0,PAYLOAD,18494.0,DEBRIS,6.5149,8.013e-05,NOMINAL,2026-03-07T15:11:40Z,1215
12160.0,PAYLOAD,37077.0,DEBRIS,6.5151,8.007e-05,NOMINAL,2026-03-07T08:06:40Z,790
59497.0,PAYLOAD,66608.0,PAYLOAD,6.5156,7.995e-05,NOMINAL,2026-03-07T13:49:40Z,1133
43264.0,ROCKET BODY,63839.0,PAYLOAD,6.5163,7.98e-05,NOMINAL,2026-03-06T20:42:40Z,106
57746.0,PAYLOAD,59774.0,UNKNOWN,6.5167,7.971e-05,NOMINAL,2026-03-07T16:21:40Z,1285
18214.0,PAYLOAD,64885.0,UNKNOWN,6.5177,7.947e-05,NOMINAL,2026-03-06T23:17:40Z,261
58626.0,PAYLOAD,66529.0,PAYLOAD,6.5177,7.947e-05,NOMINAL,2026-03-07T18:00:40Z,1384
65085.0,PAYLOAD,66476.0,PAYLOAD,6.5193,7.91e-05,NOMINAL,2026-03-07T05:53:40Z,657
60280.0,PAYLOAD,63324.0,PAYLOAD,6.5221,7.847e-05,NOMINAL,2026-03-07T07:42:40Z,766
10702.0,PAYLOAD,31827.0,DEBRIS,6.527,7.735e-05,NOMINAL,2026-03-07T02:23:40Z,447
34752.0,DEBRIS,36448.0,DEBRIS,6.5285,7.703e-05,NOMINAL,2026-03-07T14:46:40Z,1190
47379.0,PAYLOAD,66015.0,PAYLOAD,6.5295,7.679e-05,NOMINAL,2026-03-07T15:32:40Z,1236
16266.0,DEBRIS,20233.0,PAYLOAD,6.5301,7.667e-05,NOMINAL,2026-03-06T20:25:40Z,89
57951.0,PAYLOAD,59079.0,PAYLOAD,6.5302,7.664e-05,NOMINAL,2026-03-06T23:57:40Z,301
56802.0,PAYLOAD,59777.0,UNKNOWN,6.5312,7.642e-05,NOMINAL,2026-03-07T02:32:40Z,456
59639.0,PAYLOAD,65888.0,PAYLOAD,6.5337,7.587e-05,NOMINAL,2026-03-07T12:56:40Z,1080
58448.0,PAYLOAD,59188.0,PAYLOAD,6.5341,7.578e-05,NOMINAL,2026-03-07T07:50:40Z,774
62427.0,PAYLOAD,64104.0,PAYLOAD,6.5369,7.517e-05,NOMINAL,2026-03-07T12:59:40Z,1083
48428.0,PAYLOAD,67518.0,PAYLOAD,6.5374,7.506e-05,NOMINAL,2026-03-06T20:10:40Z,74
59363.0,PAYLOAD,67189.0,PAYLOAD,6.5388,7.476e-05,NOMINAL,2026-03-07T17:23:40Z,1347
46355.0,PAYLOAD,67112.0,PAYLOAD,6.5388,7.475e-05,NOMINAL,2026-03-07T06:40:40Z,704
57993.0,PAYLOAD,58005.0,PAYLOAD,6.5389,7.474e-05,NOMINAL,2026-03-07T00:07:40Z,311
58968.0,PAYLOAD,61242.0,UNKNOWN,6.5394,7.462e-05,NOMINAL,2026-03-07T01:47:40Z,411
59335.0,PAYLOAD,66801.0,PAYLOAD,6.5395,7.46e-05,NOMINAL,2026-03-07T17:03:40Z,1327
60290.0,PAYLOAD,61917.0,PAYLOAD,6.5399,7.451e-05,NOMINAL,2026-03-07T09:27:40Z,871
39606.0,DEBRIS,57165.0,DEBRIS,6.5409,7.43e-05,NOMINAL,2026-03-07T08:44:40Z,828
59546.0,PAYLOAD,63564.0,PAYLOAD,6.541,7.429e-05,NOMINAL,2026-03-07T17:45:40Z,1369
11412.0,DEBRIS,66253.0,PAYLOAD,6.5411,7.425e-05,NOMINAL,2026-03-06T22:57:40Z,241
44634.0,PAYLOAD,51640.0,PAYLOAD,6.5446,7.35e-05,NOMINAL,2026-03-07T00:32:40Z,336
8347.0,DEBRIS,11369.0,ROCKET BODY,6.5464,7.312e-05,NOMINAL,2026-03-07T06:17:40Z,681
4136.0,PAYLOAD,6645.0,PAYLOAD,6.5468,7.304e-05,NOMINAL,2026-03-06T23:13:40Z,257
1842.0,ROCKET BODY,6874.0,ROCKET BODY,6.5468,7.304e-05,NOMINAL,2026-03-07T12:46:40Z,1070
59891.0,PAYLOAD,63237.0,UNKNOWN,6.5476,7.286e-05,NOMINAL,2026-03-07T17:41:40Z,1365
347.0,ROCKET BODY,7347.0,PAYLOAD,6.5482,7.275e-05,NOMINAL,2026-03-06T19:34:40Z,38
4875.0,DEBRIS,47566.0,PAYLOAD,6.5484,7.269e-05,NOMINAL,2026-03-07T00:10:40Z,314
59602.0,PAYLOAD,64186.0,PAYLOAD,6.5508,7.218e-05,NOMINAL,2026-03-07T02:07:40Z,431
62432.0,PAYLOAD,64142.0,PAYLOAD,6.5519,7.197e-05,NOMINAL,2026-03-07T16:32:40Z,1296
26202.0,DEBRIS,41248.0,DEBRIS,6.552,7.193e-05,NOMINAL,2026-03-07T10:15:40Z,919
66233.0,PAYLOAD,66255.0,PAYLOAD,6.5576,7.077e-05,NOMINAL,2026-03-07T17:44:40Z,1368
36540.0,DEBRIS,54641.0,ROCKET BODY,6.5577,7.076e-05,NOMINAL,2026-03-07T06:50:40Z,714
59546.0,PAYLOAD,64103.0,PAYLOAD,6.5579,7.072e-05,NOMINAL,2026-03-07T11:35:40Z,999
59622.0,PAYLOAD,63862.0,PAYLOAD,6.5625,6.977e-05,NOMINAL,2026-03-07T06:32:40Z,696
57516.0,PAYLOAD,59545.0,PAYLOAD,6.5633,6.961e-05,NOMINAL,2026-03-07T13:40:40Z,1124
482.0,DEBRIS,3016.0,PAYLOAD,6.5639,6.949e-05,NOMINAL,2026-03-07T13:34:40Z,1118
57843.0,PAYLOAD,58723.0,PAYLOAD,6.5653,6.919e-05,NOMINAL,2026-03-07T16:07:40Z,1271
55206.0,DEBRIS,62669.0,PAYLOAD,6.5662,6.902e-05,NOMINAL,2026-03-06T23:49:40Z,293
1177.0,DEBRIS,58323.0,PAYLOAD,6.5675,6.876e-05,NOMINAL,2026-03-07T02:34:40Z,458
57871.0,PAYLOAD,66324.0,PAYLOAD,6.5678,6.871e-05,NOMINAL,2026-03-07T07:02:40Z,726
62141.0,PAYLOAD,62284.0,PAYLOAD,6.57,6.825e-05,NOMINAL,2026-03-07T15:02:40Z,1206
62033.0,PAYLOAD,62231.0,PAYLOAD,6.5713,6.8e-05,NOMINAL,2026-03-07T18:29:40Z,1413
48136.0,PAYLOAD,62100.0,PAYLOAD,6.5737,6.753e-05,NOMINAL,2026-03-06T19:36:40Z,40
59267.0,PAYLOAD,61915.0,PAYLOAD,6.5738,6.75e-05,NOMINAL,2026-03-07T15:10:40Z,1214
45517.0,DEBRIS,51701.0,DEBRIS,6.5749,6.729e-05,NOMINAL,2026-03-07T09:59:40Z,903
59410.0,PAYLOAD,66529.0,PAYLOAD,6.5753,6.721e-05,NOMINAL,2026-03-07T15:37:40Z,1241
39016.0,DEBRIS,42108.0,DEBRIS,6.5768,6.691e-05,NOMINAL,2026-03-07T12:46:40Z,1070
64594.0,PAYLOAD,66946.0,PAYLOAD,6.5776,6.675e-05,NOMINAL,2026-03-07T18:30:40Z,1414
58418.0,PAYLOAD,60321.0,PAYLOAD,6.578,6.668e-05,NOMINAL,2026-03-07T05:23:40Z,627
55215.0,DEBRIS,58987.0,PAYLOAD,6.578,6.668e-05,NOMINAL,2026-03-07T02:33:40Z,457
59506.0,PAYLOAD,61676.0,PAYLOAD,6.5784,6.661e-05,NOMINAL,2026-03-07T09:25:40Z,869
48658.0,PAYLOAD,64099.0,PAYLOAD,6.5787,6.655e-05,NOMINAL,2026-03-06T22:27:40Z,211
62435.0,PAYLOAD,63851.0,PAYLOAD,6.5787,6.654e-05,NOMINAL,2026-03-07T04:14:40Z,558
35330.0,DEBRIS,41183.0,PAYLOAD,6.5787,6.654e-05,NOMINAL,2026-03-07T16:54:40Z,1318
60239.0,ROCKET BODY,65939.0,UNKNOWN,6.5804,6.621e-05,NOMINAL,2026-03-07T12:42:40Z,1066
58721.0,PAYLOAD,63450.0,PAYLOAD,6.5812,6.605e-05,NOMINAL,2026-03-07T08:41:40Z,825
62284.0,PAYLOAD,64762.0,PAYLOAD,6.5824,6.583e-05,NOMINAL,2026-03-07T11:07:40Z,971
3554.0,DEBRIS,65191.0,PAYLOAD,6.5838,6.556e-05,NOMINAL,2026-03-06T23:04:40Z,248
58670.0,PAYLOAD,59014.0,PAYLOAD,6.5846,6.541e-05,NOMINAL,2026-03-07T16:31:40Z,1295
56841.0,PAYLOAD,58182.0,PAYLOAD,6.5855,6.524e-05,NOMINAL,2026-03-06T20:04:40Z,68
22327.0,DEBRIS,52463.0,PAYLOAD,6.5862,6.51e-05,NOMINAL,2026-03-07T08:23:40Z,807
58524.0,PAYLOAD,66524.0,PAYLOAD,6.5864,6.506e-05,NOMINAL,2026-03-07T18:12:40Z,1396
38842.0,DEBRIS,61751.0,UNKNOWN,6.5888,6.461e-05,NOMINAL,2026-03-07T03:39:40Z,523
37669.0,DEBRIS,41529.0,DEBRIS,6.5895,6.448e-05,NOMINAL,2026-03-07T02:39:40Z,463
62386.0,PAYLOAD,64676.0,PAYLOAD,6.5909,6.421e-05,NOMINAL,2026-03-07T11:31:40Z,995
65017.0,PAYLOAD,66433.0,PAYLOAD,6.5917,6.406e-05,NOMINAL,2026-03-06T21:58:40Z,182
58609.0,PAYLOAD,64388.0,PAYLOAD,6.5919,6.403e-05,NOMINAL,2026-03-07T15:51:40Z,1255
31429.0,DEBRIS,41302.0,DEBRIS,6.5947,6.349e-05,NOMINAL,2026-03-07T15:50:40Z,1254
63029.0,PAYLOAD,66540.0,PAYLOAD,6.5966,6.314e-05,NOMINAL,2026-03-07T05:33:40Z,637
64759.0,PAYLOAD,66796.0,PAYLOAD,6.5967,6.312e-05,NOMINAL,2026-03-07T15:10:40Z,1214
58077.0,PAYLOAD,67498.0,PAYLOAD,6.5971,6.305e-05,NOMINAL,2026-03-07T02:08:40Z,432
5129.0,DEBRIS,66916.0,PAYLOAD,6.5982,6.286e-05,NOMINAL,2026-03-07T10:02:40Z,906
58486.0,PAYLOAD,59086.0,PAYLOAD,6.5989,6.272e-05,NOMINAL,2026-03-07T11:58:40Z,1022
48072.0,PAYLOAD,49103.0,PAYLOAD,6.6019,6.218e-05,NOMINAL,2026-03-06T21:10:40Z,134
2968.0,ROCKET BODY,10743.0,DEBRIS,6.6026,6.205e-05,NOMINAL,2026-03-07T14:44:40Z,1188
42682.0,PAYLOAD,62891.0,PAYLOAD,6.6055,6.152e-05,NOMINAL,2026-03-07T15:21:40Z,1225
59694.0,PAYLOAD,65876.0,PAYLOAD,6.6091,6.088e-05,NOMINAL,2026-03-06T22:43:40Z,227
34476.0,DEBRIS,66414.0,PAYLOAD,6.6098,6.074e-05,NOMINAL,2026-03-06T20:02:40Z,66
60537.0,PAYLOAD,64028.0,PAYLOAD,6.6104,6.063e-05,NOMINAL,2026-03-06T20:57:40Z,121
55368.0,PAYLOAD,56321.0,PAYLOAD,6.6112,6.051e-05,NOMINAL,2026-03-07T14:19:40Z,1163
3344.0,PAYLOAD,4785.0,ROCKET BODY,6.612,6.035e-05,NOMINAL,2026-03-07T09:23:40Z,867
38385.0,DEBRIS,270183.0,UNKNOWN,6.6131,6.016e-05,NOMINAL,2026-03-07T16:24:40Z,1288
10432.0,DEBRIS,67053.0,PAYLOAD,6.6133,6.013e-05,NOMINAL,2026-03-07T01:33:40Z,397
57173.0,UNKNOWN,57885.0,PAYLOAD,6.6137,6.006e-05,NOMINAL,2026-03-06T21:22:40Z,146
33924.0,DEBRIS,35586.0,DEBRIS,6.6142,5.996e-05,NOMINAL,2026-03-06T19:52:40Z,56
49390.0,PAYLOAD,59673.0,PAYLOAD,6.6149,5.985e-05,NOMINAL,2026-03-06T22:28:40Z,212
48472.0,PAYLOAD,53554.0,PAYLOAD,6.6154,5.975e-05,NOMINAL,2026-03-07T12:47:40Z,1071
53598.0,PAYLOAD,55485.0,PAYLOAD,6.6154,5.975e-05,NOMINAL,2026-03-07T04:44:40Z,588
45696.0,PAYLOAD,59398.0,PAYLOAD,6.6155,5.975e-05,NOMINAL,2026-03-07T16:18:40Z,1282
20327.0,DEBRIS,56301.0,PAYLOAD,6.6186,5.92e-05,NOMINAL,2026-03-07T13:25:40Z,1109
59944.0,PAYLOAD,64928.0,PAYLOAD,6.6195,5.904e-05,NOMINAL,2026-03-07T14:08:40Z,1152
31507.0,DEBRIS,61145.0,DEBRIS,6.621,5.878e-05,NOMINAL,2026-03-07T01:12:40Z,376
1630.0,ROCKET BODY,7717.0,DEBRIS,6.6212,5.875e-05,NOMINAL,2026-03-07T02:06:40Z,430
26654.0,DEBRIS,37084.0,DEBRIS,6.6212,5.875e-05,NOMINAL,2026-03-07T04:12:40Z,556
33901.0,DEBRIS,62321.0,PAYLOAD,6.6221,5.86e-05,NOMINAL,2026-03-07T09:26:40Z,870
60540.0,PAYLOAD,66781.0,PAYLOAD,6.6222,5.857e-05,NOMINAL,2026-03-07T12:12:40Z,1036
59250.0,PAYLOAD,62857.0,PAYLOAD,6.6251,5.808e-05,NOMINAL,2026-03-06T22:11:40Z,195
60601.0,PAYLOAD,66506.0,PAYLOAD,6.6265,5.783e-05,NOMINAL,2026-03-07T05:16:40Z,620
46051.0,PAYLOAD,66591.0,PAYLOAD,6.6265,5.783e-05,NOMINAL,2026-03-07T05:05:40Z,609
47405.0,PAYLOAD,52566.0,PAYLOAD,6.6268,5.778e-05,NOMINAL,2026-03-07T02:23:40Z,447
55007.0,DEBRIS,66376.0,PAYLOAD,6.6269,5.776e-05,NOMINAL,2026-03-06T19:57:40Z,61
59874.0,PAYLOAD,65211.0,PAYLOAD,6.6272,5.772e-05,NOMINAL,2026-03-07T10:04:40Z,908
43805.0,UNKNOWN,46326.0,PAYLOAD,6.6282,5.755e-05,NOMINAL,2026-03-06T22:34:40Z,218
60706.0,DEBRIS,60763.0,DEBRIS,6.6306,5.714e-05,NOMINAL,2026-03-06T19:15:40Z,19
59878.0,PAYLOAD,67308.0,PAYLOAD,6.6307,5.713e-05,NOMINAL,2026-03-07T17:44:40Z,1368
55947.0,PAYLOAD,58340.0,PAYLOAD,6.6315,5.7e-05,NOMINAL,2026-03-07T05:22:40Z,626
51734.0,PAYLOAD,57136.0,PAYLOAD,6.6317,5.696e-05,NOMINAL,2026-03-07T13:49:40Z,1133
38407.0,DEBRIS,270317.0,UNKNOWN,6.6323,5.685e-05,NOMINAL,2026-03-07T00:53:40Z,357
66685.0,UNKNOWN,66739.0,PAYLOAD,6.6332,5.671e-05,NOMINAL,2026-03-07T06:51:40Z,715
50165.0,PAYLOAD,57608.0,PAYLOAD,6.6338,5.66e-05,NOMINAL,2026-03-07T07:21:40Z,745
42837.0,PAYLOAD,65467.0,PAYLOAD,6.6342,5.654e-05,NOMINAL,2026-03-07T13:24:40Z,1108
33795.0,DEBRIS,50822.0,PAYLOAD,6.6372,5.604e-05,NOMINAL,2026-03-07T03:28:40Z,512
60695.0,DEBRIS,60817.0,DEBRIS,6.6385,5.582e-05,NOMINAL,2026-03-07T02:11:40Z,435
61721.0,PAYLOAD,66292.0,PAYLOAD,6.6386,5.581e-05,NOMINAL,2026-03-07T05:21:40Z,625
33409.0,PAYLOAD,64653.0,DEBRIS,6.6389,5.576e-05,NOMINAL,2026-03-07T05:43:40Z,647
63870.0,PAYLOAD,63885.0,PAYLOAD,6.6391,5.572e-05,NOMINAL,2026-03-07T18:56:40Z,1440
1195.0,DEBRIS,1250.0,PAYLOAD,6.64,5.558e-05,NOMINAL,2026-03-07T12:27:40Z,1051
48132.0,PAYLOAD,48459.0,PAYLOAD,6.6404,5.552e-05,NOMINAL,2026-03-07T13:27:40Z,1111
61933.0,PAYLOAD,66249.0,PAYLOAD,6.6412,5.538e-05,NOMINAL,2026-03-07T15:58:40Z,1262
64678.0,PAYLOAD,66815.0,PAYLOAD,6.6428,5.512e-05,NOMINAL,2026-03-07T15:57:40Z,1261
42053.0,PAYLOAD,62886.0,PAYLOAD,6.6444,5.486e-05,NOMINAL,2026-03-07T15:57:40Z,1261
27123.0,DEBRIS,61469.0,DEBRIS,6.6454,5.47e-05,NOMINAL,2026-03-06T21:53:40Z,177
8454.0,DEBRIS,55592.0,PAYLOAD,6.6454,5.47e-05,NOMINAL,2026-03-07T17:27:40Z,1351
59751.0,PAYLOAD,63460.0,PAYLOAD,6.6456,5.467e-05,NOMINAL,2026-03-07T13:05:40Z,1089
12669.0,DEBRIS,41665.0,DEBRIS,6.6466,5.45e-05,NOMINAL,2026-03-07T06:00:40Z,664
58125.0,PAYLOAD,66589.0,PAYLOAD,6.6469,5.445e-05,NOMINAL,2026-03-07T11:20:40Z,984
58489.0,PAYLOAD,60341.0,PAYLOAD,6.649,5.413e-05,NOMINAL,2026-03-07T07:08:40Z,732
623.0,DEBRIS,10161.0,DEBRIS,6.6492,5.409e-05,NOMINAL,2026-03-06T23:52:40Z,296
48181.0,DEBRIS,55361.0,PAYLOAD,6.6496,5.402e-05,NOMINAL,2026-03-07T15:08:40Z,1212
57467.0,PAYLOAD,61923.0,PAYLOAD,6.652,5.365e-05,NOMINAL,2026-03-07T15:52:40Z,1256
65517.0,PAYLOAD,65638.0,PAYLOAD,6.6535,5.341e-05,NOMINAL,2026-03-07T16:33:40Z,1297
64541.0,PAYLOAD,67263.0,UNKNOWN,6.654,5.332e-05,NOMINAL,2026-03-07T12:33:40Z,1057
57781.0,PAYLOAD,59871.0,PAYLOAD,6.6542,5.33e-05,NOMINAL,2026-03-07T14:55:40Z,1199
10623.0,DEBRIS,29009.0,DEBRIS,6.6565,5.294e-05,NOMINAL,2026-03-07T09:38:40Z,882
17732.0,DEBRIS,23836.0,DEBRIS,6.6568,5.289e-05,NOMINAL,2026-03-07T05:07:40Z,611
53364.0,DEBRIS,63569.0,PAYLOAD,6.6579,5.272e-05,NOMINAL,2026-03-07T17:00:40Z,1324
35477.0,DEBRIS,60112.0,PAYLOAD,6.6622,5.205e-05,NOMINAL,2026-03-07T02:19:40Z,443
59304.0,PAYLOAD,60446.0,PAYLOAD,6.6639,5.18e-05,NOMINAL,2026-03-07T15:41:40Z,1245
2670.0,PAYLOAD,8112.0,DEBRIS,6.6646,5.169e-05,NOMINAL,2026-03-07T08:54:40Z,838
60589.0,PAYLOAD,63835.0,PAYLOAD,6.6653,5.158e-05,NOMINAL,2026-03-07T06:56:40Z,720
39491.0,PAYLOAD,50809.0,PAYLOAD,6.6664,5.14e-05,NOMINAL,2026-03-07T00:40:40Z,344
60264.0,PAYLOAD,63686.0,PAYLOAD,6.6681,5.115e-05,NOMINAL,2026-03-06T23:03:40Z,247
60343.0,PAYLOAD,65826.0,PAYLOAD,6.6683,5.111e-05,NOMINAL,2026-03-07T00:27:40Z,331
31550.0,DEBRIS,65786.0,PAYLOAD,6.6728,5.044e-05,NOMINAL,2026-03-07T11:14:40Z,978
459.0,DEBRIS,4416.0,PAYLOAD,6.6735,5.034e-05,NOMINAL,2026-03-07T17:07:40Z,1331
26835.0,DEBRIS,42227.0,DEBRIS,6.674,5.026e-05,NOMINAL,2026-03-07T14:27:40Z,1171
38540.0,DEBRIS,61114.0,DEBRIS,6.6773,4.977e-05,NOMINAL,2026-03-07T12:07:40Z,1031
58480.0,PAYLOAD,65218.0,PAYLOAD,6.6793,4.948e-05,NOMINAL,2026-03-07T14:33:40Z,1177
53575.0,PAYLOAD,61189.0,PAYLOAD,6.6793,4.947e-05,NOMINAL,2026-03-07T02:12:40Z,436
45638.0,DEBRIS,59178.0,PAYLOAD,6.6794,4.947e-05,NOMINAL,2026-03-07T09:49:40Z,893
45696.0,PAYLOAD,67430.0,PAYLOAD,6.68,4.938e-05,NOMINAL,2026-03-07T06:16:40Z,680
63420.0,PAYLOAD,64389.0,PAYLOAD,6.6801,4.935e-05,NOMINAL,2026-03-07T14:54:40Z,1198
62623.0,PAYLOAD,64875.0,PAYLOAD,6.6805,4.93e-05,NOMINAL,2026-03-06T23:43:40Z,287
12209.0,DEBRIS,37530.0,DEBRIS,6.6806,4.928e-05,NOMINAL,2026-03-07T14:32:40Z,1176
57505.0,PAYLOAD,61231.0,UNKNOWN,6.6815,4.915e-05,NOMINAL,2026-03-07T06:31:40Z,695
60344.0,PAYLOAD,67104.0,PAYLOAD,6.6816,4.914e-05,NOMINAL,2026-03-07T10:38:40Z,942
3929.0,DEBRIS,11152.0,DEBRIS,6.6819,4.91e-05,NOMINAL,2026-03-07T11:17:40Z,981
48377.0,PAYLOAD,66368.0,PAYLOAD,6.6823,4.904e-05,NOMINAL,2026-03-07T12:48:40Z,1072
18586.0,ROCKET BODY,43076.0,PAYLOAD,6.6826,4.899e-05,NOMINAL,2026-03-07T10:50:40Z,954
62758.0,PAYLOAD,67508.0,PAYLOAD,6.6852,4.862e-05,NOMINAL,2026-03-07T13:08:40Z,1092
39959.0,DEBRIS,42221.0,DEBRIS,6.6877,4.825e-05,NOMINAL,2026-03-07T00:13:40Z,317
47648.0,PAYLOAD,64254.0,PAYLOAD,6.6883,4.817e-05,NOMINAL,2026-03-07T01:14:40Z,378
30693.0,DEBRIS,54542.0,DEBRIS,6.6892,4.804e-05,NOMINAL,2026-03-07T07:09:40Z,733
62304.0,PAYLOAD,66491.0,PAYLOAD,6.6895,4.799e-05,NOMINAL,2026-03-07T12:56:40Z,1080
3639.0,DEBRIS,9398.0,PAYLOAD,6.6904,4.787e-05,NOMINAL,2026-03-07T15:29:40Z,1233
58774.0,PAYLOAD,63686.0,PAYLOAD,6.6912,4.776e-05,NOMINAL,2026-03-07T18:08:40Z,1392
52037.0,DEBRIS,57984.0,PAYLOAD,6.6928,4.754e-05,NOMINAL,2026-03-07T17:00:40Z,1324
47736.0,PAYLOAD,65058.0,PAYLOAD,6.6937,4.741e-05,NOMINAL,2026-03-07T04:59:40Z,603
48690.0,PAYLOAD,66578.0,PAYLOAD,6.6943,4.732e-05,NOMINAL,2026-03-07T03:36:40Z,520
58749.0,PAYLOAD,65326.0,PAYLOAD,6.6947,4.726e-05,NOMINAL,2026-03-07T10:01:40Z,905
48648.0,PAYLOAD,59657.0,PAYLOAD,6.6949,4.724e-05,NOMINAL,2026-03-06T19:22:40Z,26
88231.0,UNKNOWN,88238.0,UNKNOWN,6.695,4.722e-05,NOMINAL,2026-03-06T21:01:40Z,125
59000.0,PAYLOAD,59752.0,PAYLOAD,6.6964,4.703e-05,NOMINAL,2026-03-07T18:48:40Z,1432
55535.0,DEBRIS,81146.0,TBA,6.697,4.695e-05,NOMINAL,2026-03-07T12:30:40Z,1054
21186.0,DEBRIS,42087.0,DEBRIS,6.6978,4.683e-05,NOMINAL,2026-03-07T10:16:40Z,920
66736.0,PAYLOAD,67258.0,UNKNOWN,6.6978,4.682e-05,NOMINAL,2026-03-07T14:24:40Z,1168
58517.0,PAYLOAD,63426.0,PAYLOAD,6.6982,4.678e-05,NOMINAL,2026-03-07T04:55:40Z,599
59661.0,PAYLOAD,63793.0,PAYLOAD,6.699,4.666e-05,NOMINAL,2026-03-06T18:56:40Z,0
26474.0,ROCKET BODY,56024.0,PAYLOAD,6.6997,4.656e-05,NOMINAL,2026-03-07T03:25:40Z,509
45676.0,PAYLOAD,61624.0,PAYLOAD,6.6998,4.655e-05,NOMINAL,2026-03-07T07:56:40Z,780
57820.0,PAYLOAD,67427.0,PAYLOAD,6.6999,4.654e-05,NOMINAL,2026-03-07T06:56:40Z,720
58854.0,PAYLOAD,67305.0,PAYLOAD,6.7011,4.637e-05,NOMINAL,2026-03-07T17:56:40Z,1380
6155.0,ROCKET BODY,64505.0,PAYLOAD,6.7034,4.605e-05,NOMINAL,2026-03-06T19:17:40Z,21
59613.0,PAYLOAD,61256.0,PAYLOAD,6.7044,4.592e-05,NOMINAL,2026-03-06T20:27:40Z,91
61670.0,PAYLOAD,64021.0,PAYLOAD,6.7048,4.587e-05,NOMINAL,2026-03-07T18:08:40Z,1392
30750.0,DEBRIS,41089.0,DEBRIS,6.7049,4.585e-05,NOMINAL,2026-03-07T04:23:40Z,567
12174.0,DEBRIS,38295.0,DEBRIS,6.7056,4.575e-05,NOMINAL,2026-03-07T11:25:40Z,989
47802.0,PAYLOAD,65483.0,PAYLOAD,6.7063,4.565e-05,NOMINAL,2026-03-07T12:14:40Z,1038
58966.0,PAYLOAD,62052.0,PAYLOAD,6.7067,4.56e-05,NOMINAL,2026-03-07T16:20:40Z,1284
45225.0,PAYLOAD,59893.0,PAYLOAD,6.7072,4.554e-05,NOMINAL,2026-03-06T23:19:40Z,263
58270.0,PAYLOAD,62693.0,UNKNOWN,6.7088,4.532e-05,NOMINAL,2026-03-07T03:15:40Z,499
63211.0,UNKNOWN,64105.0,PAYLOAD,6.7092,4.527e-05,NOMINAL,2026-03-07T02:56:40Z,480
56624.0,DEBRIS,87335.0,UNKNOWN,6.7093,4.525e-05,NOMINAL,2026-03-07T11:53:40Z,1017
58970.0,PAYLOAD,65087.0,PAYLOAD,6.7096,4.521e-05,NOMINAL,2026-03-06T23:30:40Z,274
37643.0,DEBRIS,60693.0,DEBRIS,6.71,4.516e-05,NOMINAL,2026-03-06T19:57:40Z,61
57826.0,PAYLOAD,58481.0,PAYLOAD,6.7103,4.512e-05,NOMINAL,2026-03-07T18:43:40Z,1427
1918.0,DEBRIS,5344.0,DEBRIS,6.7112,4.499e-05,NOMINAL,2026-03-07T02:38:40Z,462
5864.0,DEBRIS,45607.0,PAYLOAD,6.7116,4.495e-05,NOMINAL,2026-03-06T22:06:40Z,190
14228.0,DEBRIS,27578.0,DEBRIS,6.712,4.489e-05,NOMINAL,2026-03-06T19:14:40Z,18
809.0,ROCKET BODY,28994.0,DEBRIS,6.7124,4.484e-05,NOMINAL,2026-03-07T00:43:40Z,347
12879.0,PAYLOAD,39497.0,PAYLOAD,6.7125,4.482e-05,NOMINAL,2026-03-07T02:21:40Z,445
64300.0,PAYLOAD,67200.0,PAYLOAD,6.7128,4.478e-05,NOMINAL,2026-03-07T07:48:40Z,772
51138.0,PAYLOAD,57261.0,PAYLOAD,6.7128,4.478e-05,NOMINAL,2026-03-06T19:12:40Z,16
21463.0,DEBRIS,39726.0,DEBRIS,6.7136,4.468e-05,NOMINAL,2026-03-07T07:11:40Z,735
41864.0,PAYLOAD,67620.0,PAYLOAD,6.7136,4.468e-05,NOMINAL,2026-03-07T09:48:40Z,892
58008.0,PAYLOAD,59548.0,PAYLOAD,6.7148,4.451e-05,NOMINAL,2026-03-07T05:03:40Z,607
29841.0,DEBRIS,66654.0,UNKNOWN,6.7154,4.444e-05,NOMINAL,2026-03-07T07:31:40Z,755
47739.0,PAYLOAD,59324.0,PAYLOAD,6.7159,4.437e-05,NOMINAL,2026-03-07T07:27:40Z,751
66757.0,PAYLOAD,66780.0,PAYLOAD,6.7167,4.426e-05,NOMINAL,2026-03-07T05:19:40Z,623
57708.0,PAYLOAD,63411.0,PAYLOAD,6.717,4.422e-05,NOMINAL,2026-03-07T16:20:40Z,1284
25993.0,DEBRIS,32438.0,DEBRIS,6.7173,4.418e-05,NOMINAL,2026-03-06T20:18:40Z,82
9552.0,PAYLOAD,51839.0,UNKNOWN,6.7178,4.412e-05,NOMINAL,2026-03-07T04:21:40Z,565
36861.0,DEBRIS,40611.0,DEBRIS,6.7179,4.41e-05,NOMINAL,2026-03-07T01:26:40Z,390
70.0,PAYLOAD,10701.0,DEBRIS,6.7184,4.404e-05,NOMINAL,2026-03-06T20:54:40Z,118
1279.0,DEBRIS,9528.0,DEBRIS,6.7203,4.379e-05,NOMINAL,2026-03-06T20:16:40Z,80
5696.0,DEBRIS,41000.0,DEBRIS,6.7212,4.368e-05,NOMINAL,2026-03-07T04:48:40Z,592
51643.0,PAYLOAD,54680.0,PAYLOAD,6.7234,4.339e-05,NOMINAL,2026-03-07T12:14:40Z,1038
58197.0,PAYLOAD,67422.0,PAYLOAD,6.7246,4.323e-05,NOMINAL,2026-03-06T20:17:40Z,81
58602.0,PAYLOAD,65480.0,PAYLOAD,6.7282,4.277e-05,NOMINAL,2026-03-07T04:51:40Z,595
49400.0,PAYLOAD,63219.0,UNKNOWN,6.73,4.254e-05,NOMINAL,2026-03-07T08:07:40Z,791
60936.0,PAYLOAD,63757.0,PAYLOAD,6.7326,4.22e-05,NOMINAL,2026-03-07T10:29:40Z,933
11289.0,ROCKET BODY,30765.0,DEBRIS,6.7341,4.202e-05,NOMINAL,2026-03-07T05:47:40Z,651
20441.0,PAYLOAD,40395.0,DEBRIS,6.7347,4.195e-05,NOMINAL,2026-03-07T11:07:40Z,971
65641.0,PAYLOAD,67050.0,PAYLOAD,6.7348,4.193e-05,NOMINAL,2026-03-06T23:57:40Z,301
59331.0,PAYLOAD,62050.0,PAYLOAD,6.7358,4.18e-05,NOMINAL,2026-03-07T03:21:40Z,505
62040.0,PAYLOAD,64748.0,PAYLOAD,6.7359,4.18e-05,NOMINAL,2026-03-07T00:30:40Z,334
58798.0,PAYLOAD,60358.0,PAYLOAD,6.739,4.14e-05,NOMINAL,2026-03-06T20:31:40Z,95
63986.0,UNKNOWN,66672.0,PAYLOAD,6.7391,4.14e-05,NOMINAL,2026-03-07T07:56:40Z,780
63087.0,PAYLOAD,67079.0,PAYLOAD,6.7397,4.133e-05,NOMINAL,2026-03-07T01:34:40Z,398
57782.0,PAYLOAD,66792.0,PAYLOAD,6.7398,4.132e-05,NOMINAL,2026-03-07T00:14:40Z,318
48650.0,PAYLOAD,62601.0,PAYLOAD,6.7399,4.13e-05,NOMINAL,2026-03-07T03:00:40Z,484
59676.0,PAYLOAD,66592.0,PAYLOAD,6.7411,4.115e-05,NOMINAL,2026-03-07T02:12:40Z,436
34118.0,DEBRIS,51465.0,PAYLOAD,6.742,4.104e-05,NOMINAL,2026-03-07T18:16:40Z,1400
58231.0,PAYLOAD,58237.0,PAYLOAD,6.742,4.104e-05,NOMINAL,2026-03-07T18:56:40Z,1440
61623.0,PAYLOAD,63830.0,PAYLOAD,6.7423,4.1e-05,NOMINAL,2026-03-06T23:28:40Z,272
44424.0,PAYLOAD,53424.0,PAYLOAD,6.7424,4.099e-05,NOMINAL,2026-03-07T04:17:40Z,561
27142.0,DEBRIS,54962.0,DEBRIS,6.7435,4.085e-05,NOMINAL,2026-03-07T01:03:40Z,367
28367.0,ROCKET BODY,31384.0,DEBRIS,6.7438,4.082e-05,NOMINAL,2026-03-07T11:29:40Z,993
58011.0,PAYLOAD,58675.0,PAYLOAD,6.7442,4.076e-05,NOMINAL,2026-03-07T09:00:40Z,844
59787.0,PAYLOAD,60270.0,PAYLOAD,6.7449,4.068e-05,NOMINAL,2026-03-07T11:04:40Z,968
60315.0,PAYLOAD,62199.0,PAYLOAD,6.7459,4.056e-05,NOMINAL,2026-03-07T06:33:40Z,697
62572.0,PAYLOAD,65883.0,PAYLOAD,6.7461,4.053e-05,NOMINAL,2026-03-07T05:37:40Z,641
62107.0,PAYLOAD,66170.0,PAYLOAD,6.7467,4.046e-05,NOMINAL,2026-03-07T04:47:40Z,591
29918.0,DEBRIS,31311.0,DEBRIS,6.7468,4.045e-05,NOMINAL,2026-03-07T04:50:40Z,594
66427.0,PAYLOAD,66495.0,PAYLOAD,6.748,4.03e-05,NOMINAL,2026-03-07T15:56:40Z,1260
58444.0,PAYLOAD,59609.0,PAYLOAD,6.7491,4.018e-05,NOMINAL,2026-03-07T12:31:40Z,1055
48356.0,PAYLOAD,58058.0,PAYLOAD,6.7492,4.017e-05,NOMINAL,2026-03-06T21:09:40Z,133
47016.0,DEBRIS,56635.0,DEBRIS,6.7495,4.013e-05,NOMINAL,2026-03-07T17:39:40Z,1363
31579.0,DEBRIS,87014.0,UNKNOWN,6.7499,4.008e-05,NOMINAL,2026-03-07T02:30:40Z,454
57528.0,PAYLOAD,63902.0,PAYLOAD,6.7505,4e-05,NOMINAL,2026-03-07T13:47:40Z,1131
59614.0,PAYLOAD,66815.0,PAYLOAD,6.7511,3.993e-05,NOMINAL,2026-03-07T09:45:40Z,889
35045.0,DEBRIS,60694.0,DEBRIS,6.7513,3.991e-05,NOMINAL,2026-03-07T02:31:40Z,455
461.0,DEBRIS,51871.0,PAYLOAD,6.7519,3.984e-05,NOMINAL,2026-03-06T21:33:40Z,157
180.0,PAYLOAD,54527.0,DEBRIS,6.752,3.982e-05,NOMINAL,2026-03-07T17:09:40Z,1333
45072.0,PAYLOAD,67299.0,UNKNOWN,6.752,3.982e-05,NOMINAL,2026-03-07T07:09:40Z,733
58633.0,PAYLOAD,64462.0,PAYLOAD,6.7525,3.977e-05,NOMINAL,2026-03-06T20:09:40Z,73
265.0,DEBRIS,29688.0,DEBRIS,6.7536,3.964e-05,NOMINAL,2026-03-07T12:09:40Z,1033
31840.0,DEBRIS,42524.0,DEBRIS,6.7537,3.962e-05,NOMINAL,2026-03-06T23:45:40Z,289
56631.0,DEBRIS,60555.0,PAYLOAD,6.7541,3.958e-05,NOMINAL,2026-03-06T21:59:40Z,183
62858.0,PAYLOAD,66816.0,PAYLOAD,6.7548,3.949e-05,NOMINAL,2026-03-07T15:18:40Z,1222
51748.0,PAYLOAD,53745.0,PAYLOAD,6.7556,3.94e-05,NOMINAL,2026-03-07T14:27:40Z,1171
31516.0,DEBRIS,40998.0,DEBRIS,6.7557,3.938e-05,NOMINAL,2026-03-07T08:30:40Z,814
36533.0,DEBRIS,60901.0,DEBRIS,6.7564,3.931e-05,NOMINAL,2026-03-06T21:40:40Z,164
56702.0,PAYLOAD,57088.0,PAYLOAD,6.7565,3.93e-05,NOMINAL,2026-03-07T11:01:40Z,965
33637.0,DEBRIS,36731.0,DEBRIS,6.7612,3.874e-05,NOMINAL,2026-03-07T01:18:40Z,382
40244.0,DEBRIS,63084.0,PAYLOAD,6.7617,3.868e-05,NOMINAL,2026-03-06T19:31:40Z,35
1744.0,DEBRIS,2995.0,PAYLOAD,6.7619,3.866e-05,NOMINAL,2026-03-07T05:30:40Z,634
48395.0,PAYLOAD,61932.0,PAYLOAD,6.762,3.865e-05,NOMINAL,2026-03-07T17:54:40Z,1378
5030.0,DEBRIS,52289.0,PAYLOAD,6.7626,3.858e-05,NOMINAL,2026-03-07T16:54:40Z,1318
9537.0,DEBRIS,11232.0,DEBRIS,6.7627,3.856e-05,NOMINAL,2026-03-06T22:52:40Z,236
57917.0,PAYLOAD,66530.0,PAYLOAD,6.7641,3.84e-05,NOMINAL,2026-03-07T14:18:40Z,1162
65864.0,PAYLOAD,66460.0,PAYLOAD,6.7653,3.827e-05,NOMINAL,2026-03-07T10:25:40Z,929
47382.0,PAYLOAD,66977.0,PAYLOAD,6.7657,3.822e-05,NOMINAL,2026-03-07T07:51:40Z,775
64606.0,PAYLOAD,67493.0,PAYLOAD,6.7678,3.798e-05,NOMINAL,2026-03-07T05:20:40Z,624
59941.0,PAYLOAD,63767.0,PAYLOAD,6.7683,3.792e-05,NOMINAL,2026-03-07T10:03:40Z,907
58009.0,PAYLOAD,62151.0,PAYLOAD,6.7689,3.786e-05,NOMINAL,2026-03-07T07:42:40Z,766
63972.0,PAYLOAD,66225.0,PAYLOAD,6.7689,3.786e-05,NOMINAL,2026-03-06T21:33:40Z,157
44724.0,PAYLOAD,67641.0,PAYLOAD,6.7692,3.781e-05,NOMINAL,2026-03-07T03:26:40Z,510
34376.0,DEBRIS,39627.0,DEBRIS,6.7695,3.779e-05,NOMINAL,2026-03-06T19:58:40Z,62
58793.0,PAYLOAD,59220.0,PAYLOAD,6.7698,3.775e-05,NOMINAL,2026-03-07T02:21:40Z,445
62212.0,PAYLOAD,67318.0,PAYLOAD,6.7702,3.771e-05,NOMINAL,2026-03-07T03:01:40Z,485
56795.0,PAYLOAD,67255.0,UNKNOWN,6.7706,3.766e-05,NOMINAL,2026-03-07T09:14:40Z,858
66233.0,PAYLOAD,67361.0,PAYLOAD,6.7747,3.72e-05,NOMINAL,2026-03-06T21:41:40Z,165
63577.0,PAYLOAD,65907.0,PAYLOAD,6.7752,3.714e-05,NOMINAL,2026-03-06T23:16:40Z,260
42992.0,PAYLOAD,47382.0,PAYLOAD,6.7757,3.708e-05,NOMINAL,2026-03-07T13:13:40Z,1097
59259.0,PAYLOAD,67783.0,PAYLOAD,6.7766,3.699e-05,NOMINAL,2026-03-07T07:01:40Z,725
57811.0,PAYLOAD,57856.0,PAYLOAD,6.7773,3.691e-05,NOMINAL,2026-03-07T08:22:40Z,806
62301.0,PAYLOAD,64386.0,PAYLOAD,6.7786,3.676e-05,NOMINAL,2026-03-07T14:45:40Z,1189
56360.0,PAYLOAD,65258.0,PAYLOAD,6.7798,3.663e-05,NOMINAL,2026-03-07T13:16:40Z,1100
62688.0,PAYLOAD,66283.0,PAYLOAD,6.7806,3.655e-05,NOMINAL,2026-03-07T04:12:40Z,556
58543.0,PAYLOAD,62573.0,PAYLOAD,6.782,3.639e-05,NOMINAL,2026-03-07T15:25:40Z,1229
4427.0,PAYLOAD,6070.0,DEBRIS,6.7834,3.623e-05,NOMINAL,2026-03-07T14:15:40Z,1159
4730.0,DEBRIS,60719.0,DEBRIS,6.7849,3.607e-05,NOMINAL,2026-03-07T16:58:40Z,1322
60412.0,PAYLOAD,62952.0,PAYLOAD,6.7853,3.603e-05,NOMINAL,2026-03-07T18:45:40Z,1429
59303.0,PAYLOAD,62150.0,PAYLOAD,6.7859,3.596e-05,NOMINAL,2026-03-07T11:33:40Z,997
60426.0,PAYLOAD,66978.0,PAYLOAD,6.7885,3.569e-05,NOMINAL,2026-03-07T05:25:40Z,629
18275.0,DEBRIS,63161.0,PAYLOAD,6.7888,3.565e-05,NOMINAL,2026-03-07T16:36:40Z,1300
59847.0,PAYLOAD,65466.0,PAYLOAD,6.79,3.552e-05,NOMINAL,2026-03-07T04:55:40Z,599
66707.0,PAYLOAD,66716.0,PAYLOAD,6.7904,3.548e-05,NOMINAL,2026-03-07T09:53:40Z,897
60201.0,PAYLOAD,63384.0,PAYLOAD,6.7907,3.545e-05,NOMINAL,2026-03-07T03:51:40Z,535
58276.0,PAYLOAD,59897.0,PAYLOAD,6.7927,3.523e-05,NOMINAL,2026-03-07T06:31:40Z,695
54571.0,DEBRIS,56662.0,DEBRIS,6.7927,3.523e-05,NOMINAL,2026-03-07T08:06:40Z,790
14463.0,DEBRIS,31451.0,DEBRIS,6.793,3.52e-05,NOMINAL,2026-03-07T15:03:40Z,1207
18616.0,DEBRIS,19302.0,DEBRIS,6.7931,3.519e-05,NOMINAL,2026-03-07T07:14:40Z,738
2852.0,PAYLOAD,3207.0,PAYLOAD,6.7935,3.515e-05,NOMINAL,2026-03-07T10:31:40Z,935
5312.0,DEBRIS,53636.0,PAYLOAD,6.7945,3.504e-05,NOMINAL,2026-03-07T09:51:40Z,895
11052.0,PAYLOAD,67754.0,DEBRIS,6.7958,3.491e-05,NOMINAL,2026-03-07T15:12:40Z,1216
57197.0,PAYLOAD,60468.0,UNKNOWN,6.7987,3.46e-05,NOMINAL,2026-03-07T07:29:40Z,753
19649.0,PAYLOAD,40442.0,DEBRIS,6.8003,3.444e-05,NOMINAL,2026-03-07T11:04:40Z,968
45071.0,PAYLOAD,59900.0,PAYLOAD,6.8017,3.429e-05,NOMINAL,2026-03-07T03:36:40Z,520
5778.0,DEBRIS,63078.0,PAYLOAD,6.8018,3.428e-05,NOMINAL,2026-03-07T17:09:40Z,1333
59014.0,PAYLOAD,65372.0,PAYLOAD,6.8022,3.423e-05,NOMINAL,2026-03-07T11:41:40Z,1005
58413.0,PAYLOAD,67184.0,PAYLOAD,6.8035,3.41e-05,NOMINAL,2026-03-07T14:41:40Z,1185
62282.0,PAYLOAD,63566.0,PAYLOAD,6.8037,3.408e-05,NOMINAL,2026-03-06T21:48:40Z,172
61863.0,PAYLOAD,66212.0,PAYLOAD,6.8044,3.401e-05,NOMINAL,2026-03-07T13:55:40Z,1139
36199.0,DEBRIS,40450.0,DEBRIS,6.8089,3.355e-05,NOMINAL,2026-03-07T12:17:40Z,1041
59574.0,PAYLOAD,66959.0,PAYLOAD,6.8096,3.348e-05,NOMINAL,2026-03-07T14:41:40Z,1185
26236.0,DEBRIS,30887.0,DEBRIS,6.8097,3.347e-05,NOMINAL,2026-03-07T04:37:40Z,581
59032.0,PAYLOAD,65625.0,PAYLOAD,6.8109,3.335e-05,NOMINAL,2026-03-07T15:22:40Z,1226
3297.0,PAYLOAD,5773.0,DEBRIS,6.8109,3.335e-05,NOMINAL,2026-03-07T10:33:40Z,937
35522.0,DEBRIS,56166.0,PAYLOAD,6.8115,3.329e-05,NOMINAL,2026-03-07T01:30:40Z,394
30093.0,DEBRIS,61415.0,DEBRIS,6.812,3.324e-05,NOMINAL,2026-03-07T13:24:40Z,1108
63561.0,PAYLOAD,66346.0,PAYLOAD,6.8128,3.316e-05,NOMINAL,2026-03-06T20:18:40Z,82
24971.0,PAYLOAD,33691.0,DEBRIS,6.8131,3.313e-05,NOMINAL,2026-03-07T03:20:40Z,504
59551.0,PAYLOAD,66164.0,PAYLOAD,6.8133,3.31e-05,NOMINAL,2026-03-07T12:07:40Z,1031
5838.0,ROCKET BODY,9504.0,ROCKET BODY,6.8138,3.305e-05,NOMINAL,2026-03-07T15:35:40Z,1239
10021.0,PAYLOAD,11017.0,DEBRIS,6.8146,3.297e-05,NOMINAL,2026-03-07T10:46:40Z,950
22802.0,PAYLOAD,29851.0,DEBRIS,6.8149,3.295e-05,NOMINAL,2026-03-07T11:49:40Z,1013
57180.0,UNKNOWN,59539.0,PAYLOAD,6.815,3.294e-05,NOMINAL,2026-03-07T14:53:40Z,1197
2843.0,ROCKET BODY,10218.0,ROCKET BODY,6.8157,3.286e-05,NOMINAL,2026-03-07T02:41:40Z,465
58137.0,PAYLOAD,61046.0,PAYLOAD,6.8163,3.281e-05,NOMINAL,2026-03-07T10:28:40Z,932
29185.0,DEBRIS,42554.0,DEBRIS,6.817,3.274e-05,NOMINAL,2026-03-07T14:03:40Z,1147
4867.0,DEBRIS,32312.0,DEBRIS,6.8175,3.268e-05,NOMINAL,2026-03-06T22:44:40Z,228
63773.0,PAYLOAD,66124.0,PAYLOAD,6.8181,3.263e-05,NOMINAL,2026-03-07T06:48:40Z,712
29922.0,DEBRIS,31739.0,DEBRIS,6.8184,3.26e-05,NOMINAL,2026-03-07T14:55:40Z,1199
59089.0,PAYLOAD,66237.0,PAYLOAD,6.8186,3.258e-05,NOMINAL,2026-03-07T18:43:40Z,1427
7579.0,ROCKET BODY,66450.0,PAYLOAD,6.8206,3.238e-05,NOMINAL,2026-03-07T12:46:40Z,1070
47405.0,PAYLOAD,63153.0,PAYLOAD,6.8213,3.231e-05,NOMINAL,2026-03-07T06:58:40Z,722
19250.0,DEBRIS,29996.0,DEBRIS,6.8215,3.23e-05,NOMINAL,2026-03-07T12:14:40Z,1038
58041.0,PAYLOAD,66884.0,PAYLOAD,6.8215,3.229e-05,NOMINAL,2026-03-07T13:39:40Z,1123
45773.0,PAYLOAD,66335.0,PAYLOAD,6.8221,3.224e-05,NOMINAL,2026-03-06T23:50:40Z,294
58464.0,PAYLOAD,66740.0,PAYLOAD,6.8224,3.221e-05,NOMINAL,2026-03-06T21:09:40Z,133
62289.0,PAYLOAD,63073.0,PAYLOAD,6.8232,3.213e-05,NOMINAL,2026-03-07T14:24:40Z,1168
59631.0,PAYLOAD,63652.0,PAYLOAD,6.8236,3.209e-05,NOMINAL,2026-03-07T15:41:40Z,1245
42088.0,DEBRIS,46487.0,PAYLOAD,6.826,3.186e-05,NOMINAL,2026-03-07T05:57:40Z,661
58252.0,PAYLOAD,64248.0,PAYLOAD,6.8266,3.18e-05,NOMINAL,2026-03-07T13:05:40Z,1089
63707.0,PAYLOAD,67449.0,PAYLOAD,6.8273,3.173e-05,NOMINAL,2026-03-06T23:18:40Z,262
59013.0,PAYLOAD,65355.0,PAYLOAD,6.8306,3.142e-05,NOMINAL,2026-03-07T07:08:40Z,732
30570.0,DEBRIS,61803.0,DEBRIS,6.8311,3.137e-05,NOMINAL,2026-03-07T06:32:40Z,696
350.0,DEBRIS,12705.0,DEBRIS,6.8312,3.136e-05,NOMINAL,2026-03-06T21:37:40Z,161
61527.0,PAYLOAD,62133.0,PAYLOAD,6.8317,3.131e-05,NOMINAL,2026-03-07T09:45:40Z,889
41199.0,DEBRIS,54443.0,DEBRIS,6.8325,3.123e-05,NOMINAL,2026-03-07T09:34:40Z,878
37061.0,DEBRIS,56624.0,DEBRIS,6.8328,3.12e-05,NOMINAL,2026-03-07T04:05:40Z,549
58451.0,PAYLOAD,59745.0,PAYLOAD,6.8333,3.116e-05,NOMINAL,2026-03-07T05:42:40Z,646
32364.0,DEBRIS,61319.0,DEBRIS,6.8334,3.115e-05,NOMINAL,2026-03-07T01:31:40Z,395
58358.0,PAYLOAD,65423.0,PAYLOAD,6.8335,3.114e-05,NOMINAL,2026-03-07T14:43:40Z,1187
59799.0,PAYLOAD,65466.0,PAYLOAD,6.8337,3.112e-05,NOMINAL,2026-03-07T10:52:40Z,956
59691.0,PAYLOAD,64268.0,PAYLOAD,6.8345,3.105e-05,NOMINAL,2026-03-07T08:40:40Z,824
60258.0,PAYLOAD,66607.0,PAYLOAD,6.8345,3.104e-05,NOMINAL,2026-03-07T01:30:40Z,394
2599.0,PAYLOAD,10163.0,DEBRIS,6.8353,3.097e-05,NOMINAL,2026-03-07T09:44:40Z,888
14950.0,DEBRIS,54318.0,DEBRIS,6.8358,3.092e-05,NOMINAL,2026-03-07T08:41:40Z,825
56744.0,UNKNOWN,57200.0,UNKNOWN,6.8364,3.086e-05,NOMINAL,2026-03-06T22:42:40Z,226
42131.0,DEBRIS,57113.0,PAYLOAD,6.8381,3.071e-05,NOMINAL,2026-03-07T16:36:40Z,1300
7965.0,DEBRIS,21437.0,DEBRIS,6.8385,3.067e-05,NOMINAL,2026-03-07T14:33:40Z,1177
59726.0,PAYLOAD,64613.0,PAYLOAD,6.8396,3.057e-05,NOMINAL,2026-03-06T20:27:40Z,91
58601.0,PAYLOAD,58804.0,PAYLOAD,6.8396,3.056e-05,NOMINAL,2026-03-07T06:42:40Z,706
1192.0,ROCKET BODY,9450.0,DEBRIS,6.8405,3.048e-05,NOMINAL,2026-03-07T07:49:40Z,773
36321.0,DEBRIS,60787.0,DEBRIS,6.8409,3.045e-05,NOMINAL,2026-03-07T07:32:40Z,756
57937.0,PAYLOAD,66583.0,PAYLOAD,6.8413,3.041e-05,NOMINAL,2026-03-07T13:55:40Z,1139
2186.0,PAYLOAD,3516.0,PAYLOAD,6.8413,3.041e-05,NOMINAL,2026-03-06T22:46:40Z,230
58601.0,PAYLOAD,59641.0,PAYLOAD,6.8417,3.037e-05,NOMINAL,2026-03-06T19:41:40Z,45
57885.0,PAYLOAD,59165.0,PAYLOAD,6.8425,3.03e-05,NOMINAL,2026-03-07T05:57:40Z,661
58450.0,PAYLOAD,66005.0,PAYLOAD,6.8436,3.02e-05,NOMINAL,2026-03-06T21:21:40Z,145
42838.0,PAYLOAD,60347.0,PAYLOAD,6.8436,3.019e-05,NOMINAL,2026-03-07T08:11:40Z,795
5786.0,DEBRIS,16383.0,DEBRIS,6.8471,2.987e-05,NOMINAL,2026-03-07T12:06:40Z,1030
58877.0,PAYLOAD,61925.0,PAYLOAD,6.8473,2.986e-05,NOMINAL,2026-03-07T11:55:40Z,1019
18538.0,DEBRIS,38401.0,DEBRIS,6.8481,2.979e-05,NOMINAL,2026-03-06T22:38:40Z,222
47843.0,PAYLOAD,66200.0,PAYLOAD,6.8492,2.969e-05,NOMINAL,2026-03-06T19:44:40Z,48
60142.0,PAYLOAD,60470.0,PAYLOAD,6.8502,2.959e-05,NOMINAL,2026-03-07T15:54:40Z,1258
44390.0,PAYLOAD,44725.0,PAYLOAD,6.8515,2.948e-05,NOMINAL,2026-03-06T23:19:40Z,263
60137.0,PAYLOAD,66356.0,PAYLOAD,6.853,2.934e-05,NOMINAL,2026-03-07T15:47:40Z,1251
40996.0,DEBRIS,65522.0,PAYLOAD,6.8531,2.934e-05,NOMINAL,2026-03-07T12:16:40Z,1040
58875.0,PAYLOAD,66070.0,PAYLOAD,6.854,2.926e-05,NOMINAL,2026-03-06T20:30:40Z,94
6734.0,DEBRIS,54905.0,DEBRIS,6.8551,2.916e-05,NOMINAL,2026-03-07T11:38:40Z,1002
5527.0,DEBRIS,12168.0,DEBRIS,6.8554,2.913e-05,NOMINAL,2026-03-07T11:09:40Z,973
59704.0,PAYLOAD,63849.0,PAYLOAD,6.8557,2.91e-05,NOMINAL,2026-03-07T06:43:40Z,707
17648.0,DEBRIS,40407.0,DEBRIS,6.8558,2.909e-05,NOMINAL,2026-03-07T12:43:40Z,1067
62129.0,PAYLOAD,64681.0,PAYLOAD,6.8558,2.909e-05,NOMINAL,2026-03-07T07:18:40Z,742
55337.0,PAYLOAD,66997.0,UNKNOWN,6.8567,2.902e-05,NOMINAL,2026-03-07T04:48:40Z,592
48662.0,PAYLOAD,53408.0,PAYLOAD,6.857,2.899e-05,NOMINAL,2026-03-07T00:18:40Z,322
43803.0,PAYLOAD,66107.0,PAYLOAD,6.8572,2.898e-05,NOMINAL,2026-03-07T08:49:40Z,833
64008.0,PAYLOAD,66870.0,PAYLOAD,6.8586,2.885e-05,NOMINAL,2026-03-07T07:41:40Z,765
40118.0,PAYLOAD,65779.0,PAYLOAD,6.8592,2.879e-05,NOMINAL,2026-03-07T09:23:40Z,867
122.0,DEBRIS,60545.0,PAYLOAD,6.8593,2.879e-05,NOMINAL,2026-03-06T23:55:40Z,299
2545.0,DEBRIS,60650.0,DEBRIS,6.8605,2.869e-05,NOMINAL,2026-03-07T07:02:40Z,726
36796.0,PAYLOAD,46083.0,PAYLOAD,6.8612,2.862e-05,NOMINAL,2026-03-07T10:31:40Z,935
44882.0,UNKNOWN,57139.0,PAYLOAD,6.8623,2.852e-05,NOMINAL,2026-03-07T03:46:40Z,530
65823.0,PAYLOAD,66793.0,PAYLOAD,6.8626,2.85e-05,NOMINAL,2026-03-07T11:48:40Z,1012
63985.0,UNKNOWN,66355.0,PAYLOAD,6.8633,2.844e-05,NOMINAL,2026-03-07T02:24:40Z,448
48849.0,ROCKET BODY,64798.0,PAYLOAD,6.8648,2.831e-05,NOMINAL,2026-03-06T21:37:40Z,161
65823.0,PAYLOAD,66863.0,PAYLOAD,6.8653,2.827e-05,NOMINAL,2026-03-07T17:43:40Z,1367
38282.0,DEBRIS,89492.0,UNKNOWN,6.8659,2.822e-05,NOMINAL,2026-03-07T17:03:40Z,1327
58189.0,PAYLOAD,61003.0,PAYLOAD,6.8662,2.819e-05,NOMINAL,2026-03-07T17:46:40Z,1370
49028.0,PAYLOAD,56144.0,PAYLOAD,6.8667,2.814e-05,NOMINAL,2026-03-07T18:01:40Z,1385
58789.0,PAYLOAD,62070.0,PAYLOAD,6.8668,2.814e-05,NOMINAL,2026-03-07T00:40:40Z,344
63415.0,PAYLOAD,65749.0,PAYLOAD,6.8668,2.814e-05,NOMINAL,2026-03-07T00:07:40Z,311
3806.0,DEBRIS,9646.0,DEBRIS,6.8668,2.813e-05,NOMINAL,2026-03-06T23:16:40Z,260
37569.0,DEBRIS,51860.0,PAYLOAD,6.8672,2.81e-05,NOMINAL,2026-03-07T02:39:40Z,463
56418.0,PAYLOAD,65187.0,PAYLOAD,6.8676,2.807e-05,NOMINAL,2026-03-07T03:49:40Z,533
30504.0,DEBRIS,60676.0,DEBRIS,6.8686,2.798e-05,NOMINAL,2026-03-07T16:57:40Z,1321
59549.0,PAYLOAD,60284.0,PAYLOAD,6.8692,2.793e-05,NOMINAL,2026-03-07T03:41:40Z,525
61713.0,PAYLOAD,66476.0,PAYLOAD,6.8703,2.784e-05,NOMINAL,2026-03-06T19:07:40Z,11
58624.0,PAYLOAD,61530.0,PAYLOAD,6.8708,2.78e-05,NOMINAL,2026-03-07T09:40:40Z,884
11962.0,PAYLOAD,40687.0,DEBRIS,6.8713,2.775e-05,NOMINAL,2026-03-07T09:48:40Z,892
4401.0,PAYLOAD,46338.0,PAYLOAD,6.8713,2.775e-05,NOMINAL,2026-03-07T15:27:40Z,1231
48639.0,PAYLOAD,64113.0,PAYLOAD,6.8715,2.774e-05,NOMINAL,2026-03-07T03:00:40Z,484
4249.0,DEBRIS,39878.0,DEBRIS,6.8719,2.77e-05,NOMINAL,2026-03-07T06:00:40Z,664
58886.0,PAYLOAD,64384.0,PAYLOAD,6.8727,2.764e-05,NOMINAL,2026-03-07T03:52:40Z,536
58109.0,PAYLOAD,63567.0,PAYLOAD,6.8727,2.764e-05,NOMINAL,2026-03-07T17:39:40Z,1363
59503.0,PAYLOAD,67500.0,PAYLOAD,6.8729,2.762e-05,NOMINAL,2026-03-07T09:36:40Z,880
57228.0,PAYLOAD,66302.0,PAYLOAD,6.8738,2.754e-05,NOMINAL,2026-03-07T10:39:40Z,943
35686.0,PAYLOAD,53080.0,PAYLOAD,6.8759,2.736e-05,NOMINAL,2026-03-07T01:14:40Z,378
35522.0,DEBRIS,35636.0,PAYLOAD,6.8761,2.735e-05,NOMINAL,2026-03-07T07:15:40Z,739
48696.0,PAYLOAD,64451.0,PAYLOAD,6.8762,2.734e-05,NOMINAL,2026-03-07T00:36:40Z,340
41302.0,DEBRIS,45511.0,DEBRIS,6.8762,2.734e-05,NOMINAL,2026-03-07T17:37:40Z,1361
22567.0,DEBRIS,41217.0,DEBRIS,6.8771,2.726e-05,NOMINAL,2026-03-06T21:13:40Z,137
57818.0,PAYLOAD,67350.0,PAYLOAD,6.8775,2.723e-05,NOMINAL,2026-03-07T18:12:40Z,1396
9619.0,DEBRIS,26093.0,PAYLOAD,6.8794,2.707e-05,NOMINAL,2026-03-07T04:01:40Z,545
66473.0,PAYLOAD,67427.0,PAYLOAD,6.88,2.702e-05,NOMINAL,2026-03-07T12:32:40Z,1056
57201.0,UNKNOWN,87690.0,UNKNOWN,6.8805,2.698e-05,NOMINAL,2026-03-07T00:16:40Z,320
58972.0,PAYLOAD,67362.0,PAYLOAD,6.8835,2.674e-05,NOMINAL,2026-03-07T09:03:40Z,847
67608.0,PAYLOAD,67804.0,PAYLOAD,6.8835,2.674e-05,NOMINAL,2026-03-07T16:04:40Z,1268
49747.0,PAYLOAD,52370.0,PAYLOAD,6.884,2.669e-05,NOMINAL,2026-03-07T10:25:40Z,929
57809.0,PAYLOAD,64768.0,PAYLOAD,6.884,2.669e-05,NOMINAL,2026-03-07T05:10:40Z,614
65894.0,PAYLOAD,67424.0,PAYLOAD,6.8852,2.66e-05,NOMINAL,2026-03-07T07:37:40Z,761
322.0,DEBRIS,39265.0,PAYLOAD,6.8854,2.658e-05,NOMINAL,2026-03-06T22:14:40Z,198
59012.0,PAYLOAD,63776.0,PAYLOAD,6.8859,2.654e-05,NOMINAL,2026-03-06T19:47:40Z,51
59457.0,PAYLOAD,63653.0,PAYLOAD,6.8865,2.649e-05,NOMINAL,2026-03-07T16:12:40Z,1276
39059.0,PAYLOAD,270189.0,UNKNOWN,6.8868,2.647e-05,NOMINAL,2026-03-07T01:36:40Z,400
62281.0,PAYLOAD,65023.0,PAYLOAD,6.8868,2.647e-05,NOMINAL,2026-03-07T00:35:40Z,339
49408.0,PAYLOAD,66218.0,PAYLOAD,6.8882,2.636e-05,NOMINAL,2026-03-07T04:12:40Z,556
4718.0,DEBRIS,47044.0,DEBRIS,6.8887,2.632e-05,NOMINAL,2026-03-06T19:48:40Z,52
58875.0,PAYLOAD,63913.0,PAYLOAD,6.8889,2.63e-05,NOMINAL,2026-03-07T09:26:40Z,870
3814.0,DEBRIS,82893.0,UNKNOWN,6.8921,2.604e-05,NOMINAL,2026-03-07T09:38:40Z,882
55061.0,PAYLOAD,62130.0,PAYLOAD,6.8922,2.603e-05,NOMINAL,2026-03-07T12:09:40Z,1033
48639.0,PAYLOAD,63800.0,PAYLOAD,6.8927,2.599e-05,NOMINAL,2026-03-06T19:09:40Z,13
62490.0,PAYLOAD,63376.0,PAYLOAD,6.8933,2.595e-05,NOMINAL,2026-03-06T20:39:40Z,103
47749.0,PAYLOAD,65734.0,PAYLOAD,6.8941,2.588e-05,NOMINAL,2026-03-07T15:10:40Z,1214
56482.0,PAYLOAD,63395.0,PAYLOAD,6.8947,2.584e-05,NOMINAL,2026-03-07T02:49:40Z,473
59673.0,PAYLOAD,66891.0,PAYLOAD,6.8951,2.58e-05,NOMINAL,2026-03-07T17:07:40Z,1331
59668.0,PAYLOAD,66500.0,PAYLOAD,6.8964,2.57e-05,NOMINAL,2026-03-07T11:32:40Z,996
3442.0,DEBRIS,58871.0,PAYLOAD,6.8968,2.567e-05,NOMINAL,2026-03-07T06:49:40Z,713
63022.0,PAYLOAD,66516.0,PAYLOAD,6.8976,2.561e-05,NOMINAL,2026-03-07T04:57:40Z,601
18592.0,DEBRIS,38022.0,DEBRIS,6.898,2.558e-05,NOMINAL,2026-03-07T15:52:40Z,1256
48485.0,PAYLOAD,63956.0,PAYLOAD,6.8989,2.55e-05,NOMINAL,2026-03-07T15:23:40Z,1227
14345.0,DEBRIS,30721.0,DEBRIS,6.8992,2.548e-05,NOMINAL,2026-03-07T16:52:40Z,1316
6065.0,DEBRIS,54869.0,PAYLOAD,6.9009,2.535e-05,NOMINAL,2026-03-07T06:43:40Z,707
10909.0,DEBRIS,25979.0,ROCKET BODY,6.901,2.534e-05,NOMINAL,2026-03-06T18:58:40Z,2
33410.0,ROCKET BODY,51953.0,UNKNOWN,6.9015,2.53e-05,NOMINAL,2026-03-07T14:37:40Z,1181
48298.0,PAYLOAD,58058.0,PAYLOAD,6.9017,2.529e-05,NOMINAL,2026-03-07T08:05:40Z,789
380.0,DEBRIS,2733.0,DEBRIS,6.903,2.519e-05,NOMINAL,2026-03-06T22:56:40Z,240
65404.0,PAYLOAD,66459.0,PAYLOAD,6.9037,2.514e-05,NOMINAL,2026-03-07T07:24:40Z,748
31990.0,DEBRIS,39972.0,DEBRIS,6.9037,2.513e-05,NOMINAL,2026-03-07T06:59:40Z,723
36146.0,DEBRIS,37792.0,PAYLOAD,6.9039,2.512e-05,NOMINAL,2026-03-06T21:35:40Z,159
7020.0,DEBRIS,40553.0,PAYLOAD,6.9055,2.5e-05,NOMINAL,2026-03-07T14:39:40Z,1183
61521.0,PAYLOAD,63070.0,PAYLOAD,6.906,2.495e-05,NOMINAL,2026-03-07T04:32:40Z,576
35244.0,DEBRIS,60007.0,DEBRIS,6.9067,2.491e-05,NOMINAL,2026-03-07T05:18:40Z,622
58952.0,PAYLOAD,63329.0,PAYLOAD,6.9068,2.49e-05,NOMINAL,2026-03-07T11:47:40Z,1011
63324.0,PAYLOAD,66116.0,PAYLOAD,6.9068,2.489e-05,NOMINAL,2026-03-07T05:59:40Z,663
63810.0,PAYLOAD,66130.0,PAYLOAD,6.9069,2.489e-05,NOMINAL,2026-03-06T21:37:40Z,161
57031.0,UNKNOWN,62674.0,UNKNOWN,6.9084,2.477e-05,NOMINAL,2026-03-07T11:17:40Z,981
43810.0,UNKNOWN,52605.0,PAYLOAD,6.9085,2.476e-05,NOMINAL,2026-03-06T20:25:40Z,89
38361.0,DEBRIS,38396.0,DEBRIS,6.9097,2.467e-05,NOMINAL,2026-03-07T10:18:40Z,922
46971.0,DEBRIS,50179.0,PAYLOAD,6.9098,2.467e-05,NOMINAL,2026-03-07T04:24:40Z,568
57994.0,PAYLOAD,66589.0,PAYLOAD,6.9101,2.464e-05,NOMINAL,2026-03-07T15:56:40Z,1260
59337.0,PAYLOAD,66259.0,PAYLOAD,6.9108,2.459e-05,NOMINAL,2026-03-06T23:07:40Z,251
58604.0,PAYLOAD,64473.0,PAYLOAD,6.9113,2.455e-05,NOMINAL,2026-03-07T12:14:40Z,1038
42838.0,PAYLOAD,65936.0,PAYLOAD,6.9129,2.443e-05,NOMINAL,2026-03-07T17:42:40Z,1366
30560.0,DEBRIS,85237.0,UNKNOWN,6.915,2.428e-05,NOMINAL,2026-03-07T13:35:40Z,1119
58947.0,PAYLOAD,59370.0,PAYLOAD,6.9163,2.418e-05,NOMINAL,2026-03-07T10:08:40Z,912
805.0,DEBRIS,37422.0,DEBRIS,6.917,2.412e-05,NOMINAL,2026-03-07T02:36:40Z,460
52264.0,PAYLOAD,63345.0,PAYLOAD,6.9172,2.411e-05,NOMINAL,2026-03-07T02:40:40Z,464
59892.0,PAYLOAD,62382.0,PAYLOAD,6.9177,2.408e-05,NOMINAL,2026-03-07T18:28:40Z,1412
871.0,ROCKET BODY,20864.0,DEBRIS,6.919,2.398e-05,NOMINAL,2026-03-06T21:03:40Z,127
57677.0,PAYLOAD,59936.0,PAYLOAD,6.9199,2.391e-05,NOMINAL,2026-03-07T08:07:40Z,791
63766.0,PAYLOAD,64118.0,PAYLOAD,6.9209,2.384e-05,NOMINAL,2026-03-07T01:33:40Z,397
17423.0,DEBRIS,31016.0,DEBRIS,6.9213,2.381e-05,NOMINAL,2026-03-06T23:15:40Z,259
57964.0,PAYLOAD,62846.0,PAYLOAD,6.9215,2.38e-05,NOMINAL,2026-03-06T20:57:40Z,121
32104.0,DEBRIS,64982.0,DEBRIS,6.9219,2.376e-05,NOMINAL,2026-03-07T05:00:40Z,604
20348.0,DEBRIS,32453.0,DEBRIS,6.9247,2.356e-05,NOMINAL,2026-03-06T21:31:40Z,155
59190.0,PAYLOAD,63995.0,PAYLOAD,6.9249,2.355e-05,NOMINAL,2026-03-07T03:33:40Z,517
30347.0,DEBRIS,55542.0,DEBRIS,6.9256,2.35e-05,NOMINAL,2026-03-06T23:56:40Z,300
13121.0,ROCKET BODY,58743.0,PAYLOAD,6.9263,2.345e-05,NOMINAL,2026-03-07T05:34:40Z,638
59012.0,PAYLOAD,62128.0,PAYLOAD,6.9271,2.339e-05,NOMINAL,2026-03-07T07:04:40Z,728
47771.0,PAYLOAD,59011.0,PAYLOAD,6.9308,2.312e-05,NOMINAL,2026-03-07T14:19:40Z,1163
41126.0,DEBRIS,55533.0,DEBRIS,6.9309,2.312e-05,NOMINAL,2026-03-07T16:49:40Z,1313
59264.0,PAYLOAD,67417.0,PAYLOAD,6.9317,2.306e-05,NOMINAL,2026-03-07T07:21:40Z,745
49400.0,PAYLOAD,63150.0,PAYLOAD,6.9321,2.303e-05,NOMINAL,2026-03-07T16:26:40Z,1290
3976.0,DEBRIS,63327.0,PAYLOAD,6.9326,2.299e-05,NOMINAL,2026-03-07T14:00:40Z,1144
59131.0,PAYLOAD,64115.0,PAYLOAD,6.9329,2.297e-05,NOMINAL,2026-03-07T04:33:40Z,577
60364.0,PAYLOAD,62488.0,PAYLOAD,6.933,2.297e-05,NOMINAL,2026-03-06T21:45:40Z,169
60287.0,PAYLOAD,66791.0,PAYLOAD,6.9336,2.293e-05,NOMINAL,2026-03-07T12:12:40Z,1036
44711.0,DEBRIS,57033.0,UNKNOWN,6.9336,2.292e-05,NOMINAL,2026-03-07T04:05:40Z,549
36206.0,DEBRIS,41226.0,DEBRIS,6.9344,2.287e-05,NOMINAL,2026-03-07T18:16:40Z,1400
59769.0,PAYLOAD,67038.0,PAYLOAD,6.9344,2.287e-05,NOMINAL,2026-03-06T22:43:40Z,227
58490.0,PAYLOAD,66615.0,PAYLOAD,6.9383,2.26e-05,NOMINAL,2026-03-07T07:54:40Z,778
2589.0,DEBRIS,6399.0,ROCKET BODY,6.9399,2.248e-05,NOMINAL,2026-03-07T11:14:40Z,978
39442.0,PAYLOAD,65328.0,PAYLOAD,6.9401,2.247e-05,NOMINAL,2026-03-07T18:04:40Z,1388
505.0,PAYLOAD,855.0,PAYLOAD,6.9405,2.244e-05,NOMINAL,2026-03-07T14:37:40Z,1181
58749.0,PAYLOAD,63900.0,PAYLOAD,6.9408,2.242e-05,NOMINAL,2026-03-06T23:35:40Z,279
56841.0,PAYLOAD,57680.0,PAYLOAD,6.9408,2.242e-05,NOMINAL,2026-03-07T18:10:40Z,1394
59637.0,PAYLOAD,65502.0,PAYLOAD,6.9419,2.235e-05,NOMINAL,2026-03-06T19:10:40Z,14
59194.0,PAYLOAD,65849.0,PAYLOAD,6.9431,2.227e-05,NOMINAL,2026-03-06T23:44:40Z,288
60052.0,PAYLOAD,65354.0,PAYLOAD,6.9433,2.225e-05,NOMINAL,2026-03-07T07:55:40Z,779
66246.0,PAYLOAD,66444.0,PAYLOAD,6.9443,2.218e-05,NOMINAL,2026-03-07T00:52:40Z,356
33502.0,DEBRIS,38783.0,DEBRIS,6.9445,2.217e-05,NOMINAL,2026-03-07T07:57:40Z,781
61700.0,PAYLOAD,66448.0,PAYLOAD,6.9448,2.215e-05,NOMINAL,2026-03-07T00:37:40Z,341
58894.0,PAYLOAD,67182.0,PAYLOAD,6.9459,2.207e-05,NOMINAL,2026-03-07T08:07:40Z,791
16614.0,PAYLOAD,40509.0,DEBRIS,6.9464,2.204e-05,NOMINAL,2026-03-06T21:22:40Z,146
62895.0,PAYLOAD,67337.0,PAYLOAD,6.9466,2.202e-05,NOMINAL,2026-03-07T03:47:40Z,531
3142.0,ROCKET BODY,10035.0,DEBRIS,6.9472,2.198e-05,NOMINAL,2026-03-06T22:41:40Z,225
12456.0,PAYLOAD,48706.0,DEBRIS,6.9484,2.19e-05,NOMINAL,2026-03-07T07:03:40Z,727
824.0,PAYLOAD,6211.0,DEBRIS,6.9498,2.181e-05,NOMINAL,2026-03-07T10:05:40Z,909
33603.0,DEBRIS,33825.0,DEBRIS,6.9506,2.175e-05,NOMINAL,2026-03-06T19:03:40Z,7
249.0,DEBRIS,7429.0,DEBRIS,6.9509,2.174e-05,NOMINAL,2026-03-06T21:10:40Z,134
51863.0,PAYLOAD,54064.0,PAYLOAD,6.9515,2.17e-05,NOMINAL,2026-03-07T09:36:40Z,880
6688.0,ROCKET BODY,60941.0,PAYLOAD,6.9515,2.169e-05,NOMINAL,2026-03-07T14:56:40Z,1200
57399.0,PAYLOAD,59087.0,PAYLOAD,6.9522,2.165e-05,NOMINAL,2026-03-07T13:26:40Z,1110
4555.0,DEBRIS,17768.0,DEBRIS,6.9529,2.16e-05,NOMINAL,2026-03-07T18:06:40Z,1390
36381.0,DEBRIS,65418.0,PAYLOAD,6.9531,2.158e-05,NOMINAL,2026-03-07T14:47:40Z,1191
58375.0,PAYLOAD,66581.0,PAYLOAD,6.9546,2.148e-05,NOMINAL,2026-03-07T03:01:40Z,485
47624.0,PAYLOAD,63012.0,PAYLOAD,6.9566,2.136e-05,NOMINAL,2026-03-07T00:59:40Z,363
288.0,ROCKET BODY,2718.0,ROCKET BODY,6.9568,2.134e-05,NOMINAL,2026-03-07T13:41:40Z,1125
970.0,DEBRIS,2710.0,PAYLOAD,6.9579,2.127e-05,NOMINAL,2026-03-07T09:21:40Z,865
56021.0,PAYLOAD,65393.0,PAYLOAD,6.9581,2.126e-05,NOMINAL,2026-03-07T07:40:40Z,764
29048.0,PAYLOAD,42335.0,DEBRIS,6.9588,2.121e-05,NOMINAL,2026-03-07T18:32:40Z,1416
56908.0,PAYLOAD,65070.0,PAYLOAD,6.9591,2.119e-05,NOMINAL,2026-03-07T01:59:40Z,423
60485.0,PAYLOAD,63438.0,PAYLOAD,6.9607,2.108e-05,NOMINAL,2026-03-07T00:53:40Z,357
8687.0,DEBRIS,47817.0,PAYLOAD,6.9617,2.102e-05,NOMINAL,2026-03-07T13:16:40Z,1100
6164.0,DEBRIS,63674.0,PAYLOAD,6.9627,2.096e-05,NOMINAL,2026-03-07T11:14:40Z,978
58860.0,PAYLOAD,66189.0,PAYLOAD,6.9629,2.094e-05,NOMINAL,2026-03-06T22:37:40Z,221
59800.0,PAYLOAD,62755.0,PAYLOAD,6.9632,2.092e-05,NOMINAL,2026-03-07T18:26:40Z,1410
58783.0,PAYLOAD,59569.0,PAYLOAD,6.9637,2.089e-05,NOMINAL,2026-03-06T21:08:40Z,132
10107.0,DEBRIS,57323.0,UNKNOWN,6.9637,2.089e-05,NOMINAL,2026-03-07T17:03:40Z,1327
47486.0,PAYLOAD,65507.0,PAYLOAD,6.9643,2.085e-05,NOMINAL,2026-03-07T07:41:40Z,765
60947.0,PAYLOAD,64895.0,UNKNOWN,6.9655,2.077e-05,NOMINAL,2026-03-07T03:58:40Z,542
33605.0,DEBRIS,54338.0,DEBRIS,6.9659,2.075e-05,NOMINAL,2026-03-07T03:40:40Z,524
181.0,PAYLOAD,7381.0,DEBRIS,6.9663,2.072e-05,NOMINAL,2026-03-07T03:18:40Z,502
62037.0,PAYLOAD,67416.0,PAYLOAD,6.9667,2.07e-05,NOMINAL,2026-03-07T10:56:40Z,960
53174.0,PAYLOAD,57070.0,PAYLOAD,6.9668,2.069e-05,NOMINAL,2026-03-07T08:16:40Z,800
35705.0,DEBRIS,270315.0,UNKNOWN,6.9669,2.068e-05,NOMINAL,2026-03-07T01:18:40Z,382
61632.0,PAYLOAD,63217.0,UNKNOWN,6.967,2.068e-05,NOMINAL,2026-03-06T21:45:40Z,169
58011.0,PAYLOAD,63068.0,PAYLOAD,6.9671,2.067e-05,NOMINAL,2026-03-07T04:24:40Z,568
35759.0,DEBRIS,55204.0,DEBRIS,6.968,2.061e-05,NOMINAL,2026-03-07T06:24:40Z,688
32371.0,DEBRIS,54005.0,PAYLOAD,6.9691,2.055e-05,NOMINAL,2026-03-07T05:44:40Z,648
36346.0,DEBRIS,54312.0,DEBRIS,6.9705,2.046e-05,NOMINAL,2026-03-07T13:42:40Z,1126
30792.0,DEBRIS,61349.0,DEBRIS,6.9708,2.044e-05,NOMINAL,2026-03-07T10:12:40Z,916
1828.0,DEBRIS,61251.0,PAYLOAD,6.9712,2.041e-05,NOMINAL,2026-03-07T09:48:40Z,892
64053.0,UNKNOWN,66772.0,PAYLOAD,6.9713,2.041e-05,NOMINAL,2026-03-07T03:29:40Z,513
37671.0,DEBRIS,40396.0,DEBRIS,6.9715,2.039e-05,NOMINAL,2026-03-07T03:02:40Z,486
4221.0,PAYLOAD,46117.0,PAYLOAD,6.9735,2.026e-05,NOMINAL,2026-03-07T15:08:40Z,1212
20234.0,PAYLOAD,20738.0,PAYLOAD,6.9749,2.018e-05,NOMINAL,2026-03-07T07:12:40Z,736
48594.0,PAYLOAD,65667.0,PAYLOAD,6.9754,2.015e-05,NOMINAL,2026-03-07T15:42:40Z,1246
59213.0,PAYLOAD,59476.0,PAYLOAD,6.9763,2.009e-05,NOMINAL,2026-03-07T00:06:40Z,310
48602.0,PAYLOAD,57964.0,PAYLOAD,6.9764,2.008e-05,NOMINAL,2026-03-06T20:59:40Z,123
47378.0,PAYLOAD,62899.0,PAYLOAD,6.9764,2.008e-05,NOMINAL,2026-03-07T11:54:40Z,1018
5250.0,DEBRIS,6714.0,ROCKET BODY,6.977,2.005e-05,NOMINAL,2026-03-07T10:58:40Z,962
59612.0,PAYLOAD,66106.0,PAYLOAD,6.9772,2.003e-05,NOMINAL,2026-03-07T12:11:40Z,1035
32371.0,DEBRIS,52158.0,PAYLOAD,6.9798,1.987e-05,NOMINAL,2026-03-07T09:28:40Z,872
48284.0,PAYLOAD,58865.0,PAYLOAD,6.981,1.98e-05,NOMINAL,2026-03-07T14:34:40Z,1178
58164.0,PAYLOAD,64018.0,PAYLOAD,6.9816,1.976e-05,NOMINAL,2026-03-07T07:12:40Z,736
7202.0,DEBRIS,22207.0,PAYLOAD,6.9824,1.972e-05,NOMINAL,2026-03-07T05:33:40Z,637
41026.0,PAYLOAD,63641.0,PAYLOAD,6.9827,1.97e-05,NOMINAL,2026-03-06T21:54:40Z,178
58942.0,PAYLOAD,66494.0,PAYLOAD,6.9829,1.969e-05,NOMINAL,2026-03-06T19:45:40Z,49
58057.0,PAYLOAD,66327.0,PAYLOAD,6.9831,1.967e-05,NOMINAL,2026-03-07T05:07:40Z,611
59256.0,PAYLOAD,63914.0,PAYLOAD,6.9838,1.963e-05,NOMINAL,2026-03-07T13:26:40Z,1110
31877.0,DEBRIS,59886.0,PAYLOAD,6.9842,1.96e-05,NOMINAL,2026-03-07T13:58:40Z,1142
65419.0,PAYLOAD,66232.0,PAYLOAD,6.9854,1.953e-05,NOMINAL,2026-03-07T14:36:40Z,1180
26128.0,DEBRIS,48117.0,PAYLOAD,6.9861,1.949e-05,NOMINAL,2026-03-07T14:00:40Z,1144
6371.0,DEBRIS,7429.0,DEBRIS,6.988,1.937e-05,NOMINAL,2026-03-07T16:26:40Z,1290
62162.0,PAYLOAD,63210.0,PAYLOAD,6.9888,1.933e-05,NOMINAL,2026-03-07T01:16:40Z,380
11356.0,PAYLOAD,63553.0,PAYLOAD,6.9897,1.927e-05,NOMINAL,2026-03-07T03:42:40Z,526
64338.0,PAYLOAD,64686.0,PAYLOAD,6.99,1.926e-05,NOMINAL,2026-03-07T13:53:40Z,1137
48099.0,PAYLOAD,66474.0,PAYLOAD,6.9902,1.924e-05,NOMINAL,2026-03-07T11:25:40Z,989
59236.0,PAYLOAD,62849.0,PAYLOAD,6.9915,1.917e-05,NOMINAL,2026-03-07T05:56:40Z,660
62527.0,PAYLOAD,62955.0,PAYLOAD,6.9915,1.916e-05,NOMINAL,2026-03-07T14:33:40Z,1177
4234.0,DEBRIS,9623.0,ROCKET BODY,6.9916,1.916e-05,NOMINAL,2026-03-07T07:34:40Z,758
411.0,DEBRIS,43030.0,PAYLOAD,6.9919,1.914e-05,NOMINAL,2026-03-07T01:18:40Z,382
16986.0,PAYLOAD,47739.0,PAYLOAD,6.9921,1.913e-05,NOMINAL,2026-03-07T08:05:40Z,789
57418.0,PAYLOAD,65273.0,PAYLOAD,6.9922,1.912e-05,NOMINAL,2026-03-07T08:42:40Z,826
5114.0,ROCKET BODY,7785.0,DEBRIS,6.994,1.901e-05,NOMINAL,2026-03-07T08:12:40Z,796
59337.0,PAYLOAD,62764.0,PAYLOAD,6.995,1.896e-05,NOMINAL,2026-03-07T05:30:40Z,634
4502.0,DEBRIS,5906.0,PAYLOAD,6.9957,1.892e-05,NOMINAL,2026-03-07T15:21:40Z,1225
47825.0,PAYLOAD,66524.0,PAYLOAD,6.9959,1.891e-05,NOMINAL,2026-03-07T14:41:40Z,1185
30371.0,DEBRIS,87204.0,UNKNOWN,6.9973,1.882e-05,NOMINAL,2026-03-06T23:29:40Z,273
63856.0,PAYLOAD,64191.0,PAYLOAD,7.0007,1.863e-05,NOMINAL,2026-03-07T07:47:40Z,771
64463.0,PAYLOAD,67309.0,PAYLOAD,7.0017,1.857e-05,NOMINAL,2026-03-06T19:57:40Z,61
2662.0,DEBRIS,4066.0,PAYLOAD,7.0025,1.852e-05,NOMINAL,2026-03-07T15:19:40Z,1223
29538.0,DEBRIS,52583.0,PAYLOAD,7.0033,1.847e-05,NOMINAL,2026-03-07T06:22:40Z,686
44312.0,UNKNOWN,60292.0,PAYLOAD,7.0036,1.846e-05,NOMINAL,2026-03-07T18:15:40Z,1399
57413.0,PAYLOAD,57815.0,PAYLOAD,7.0037,1.845e-05,NOMINAL,2026-03-07T00:02:40Z,306
56510.0,PAYLOAD,65811.0,PAYLOAD,7.0047,1.84e-05,NOMINAL,2026-03-07T17:55:40Z,1379
54328.0,DEBRIS,65530.0,PAYLOAD,7.0062,1.831e-05,NOMINAL,2026-03-07T16:34:40Z,1298
4844.0,DEBRIS,9580.0,DEBRIS,7.0062,1.831e-05,NOMINAL,2026-03-07T17:25:40Z,1349
60561.0,PAYLOAD,62677.0,PAYLOAD,7.0065,1.829e-05,NOMINAL,2026-03-06T21:11:40Z,135
53709.0,PAYLOAD,57389.0,PAYLOAD,7.0066,1.828e-05,NOMINAL,2026-03-07T15:58:40Z,1262
2211.0,ROCKET BODY,4151.0,ROCKET BODY,7.0068,1.828e-05,NOMINAL,2026-03-07T10:33:40Z,937
48304.0,PAYLOAD,57079.0,PAYLOAD,7.0078,1.822e-05,NOMINAL,2026-03-07T08:33:40Z,817
54637.0,DEBRIS,56664.0,DEBRIS,7.0078,1.822e-05,NOMINAL,2026-03-07T09:43:40Z,887
60470.0,PAYLOAD,60737.0,PAYLOAD,7.008,1.82e-05,NOMINAL,2026-03-07T06:15:40Z,679
61231.0,UNKNOWN,66721.0,PAYLOAD,7.0096,1.811e-05,NOMINAL,2026-03-07T01:59:40Z,423
41851.0,PAYLOAD,64152.0,PAYLOAD,7.0104,1.807e-05,NOMINAL,2026-03-06T20:19:40Z,83
44930.0,PAYLOAD,57872.0,PAYLOAD,7.0109,1.804e-05,NOMINAL,2026-03-07T10:09:40Z,913
60764.0,DEBRIS,60813.0,DEBRIS,7.0112,1.803e-05,NOMINAL,2026-03-07T04:52:40Z,596
65891.0,PAYLOAD,67347.0,PAYLOAD,7.0117,1.8e-05,NOMINAL,2026-03-06T21:06:40Z,130
64889.0,UNKNOWN,64895.0,UNKNOWN,7.0118,1.799e-05,NOMINAL,2026-03-06T19:04:40Z,8
23254.0,DEBRIS,43501.0,DEBRIS,7.012,1.798e-05,NOMINAL,2026-03-07T00:51:40Z,355
57915.0,PAYLOAD,66071.0,PAYLOAD,7.0126,1.795e-05,NOMINAL,2026-03-07T10:45:40Z,949
57732.0,PAYLOAD,67037.0,PAYLOAD,7.0141,1.786e-05,NOMINAL,2026-03-07T01:57:40Z,421
66332.0,PAYLOAD,66384.0,PAYLOAD,7.015,1.781e-05,NOMINAL,2026-03-07T08:28:40Z,812
59603.0,PAYLOAD,63364.0,PAYLOAD,7.0153,1.779e-05,NOMINAL,2026-03-07T01:43:40Z,407
1896.0,DEBRIS,58475.0,PAYLOAD,7.0165,1.773e-05,NOMINAL,2026-03-07T12:01:40Z,1025
31209.0,DEBRIS,41255.0,DEBRIS,7.0169,1.77e-05,NOMINAL,2026-03-07T15:14:40Z,1218
53197.0,PAYLOAD,56788.0,PAYLOAD,7.017,1.77e-05,NOMINAL,2026-03-06T22:42:40Z,226
59870.0,PAYLOAD,62773.0,PAYLOAD,7.0172,1.769e-05,NOMINAL,2026-03-07T12:27:40Z,1051
8193.0,DEBRIS,10813.0,DEBRIS,7.0172,1.769e-05,NOMINAL,2026-03-06T21:59:40Z,183
61928.0,PAYLOAD,65638.0,PAYLOAD,7.0173,1.769e-05,NOMINAL,2026-03-07T15:39:40Z,1243
56840.0,PAYLOAD,66478.0,PAYLOAD,7.0173,1.768e-05,NOMINAL,2026-03-07T02:58:40Z,482
49765.0,PAYLOAD,57748.0,PAYLOAD,7.0176,1.767e-05,NOMINAL,2026-03-07T09:03:40Z,847
3697.0,DEBRIS,61968.0,PAYLOAD,7.0196,1.756e-05,NOMINAL,2026-03-06T23:16:40Z,260
253.0,DEBRIS,67863.0,PAYLOAD,7.02,1.754e-05,NOMINAL,2026-03-07T09:32:40Z,876
62775.0,PAYLOAD,63821.0,PAYLOAD,7.0213,1.747e-05,NOMINAL,2026-03-07T06:27:40Z,691
57647.0,PAYLOAD,62736.0,PAYLOAD,7.0216,1.745e-05,NOMINAL,2026-03-06T23:46:40Z,290
47802.0,PAYLOAD,65698.0,PAYLOAD,7.0216,1.745e-05,NOMINAL,2026-03-07T17:51:40Z,1375
47752.0,PAYLOAD,61634.0,PAYLOAD,7.0217,1.744e-05,NOMINAL,2026-03-07T03:53:40Z,537
65622.0,PAYLOAD,67165.0,PAYLOAD,7.0222,1.742e-05,NOMINAL,2026-03-07T13:24:40Z,1108
54601.0,DEBRIS,66875.0,PAYLOAD,7.0237,1.734e-05,NOMINAL,2026-03-07T08:56:40Z,840
6946.0,DEBRIS,35763.0,DEBRIS,7.0246,1.729e-05,NOMINAL,2026-03-06T22:58:40Z,242
58525.0,PAYLOAD,67120.0,PAYLOAD,7.0263,1.719e-05,NOMINAL,2026-03-07T17:07:40Z,1331
58632.0,PAYLOAD,64441.0,PAYLOAD,7.0272,1.715e-05,NOMINAL,2026-03-06T22:30:40Z,214
35141.0,DEBRIS,42333.0,DEBRIS,7.0273,1.714e-05,NOMINAL,2026-03-07T08:43:40Z,827
26961.0,DEBRIS,27760.0,DEBRIS,7.0276,1.712e-05,NOMINAL,2026-03-07T08:06:40Z,790
63497.0,PAYLOAD,66233.0,PAYLOAD,7.029,1.705e-05,NOMINAL,2026-03-06T23:30:40Z,274
21515.0,DEBRIS,26829.0,DEBRIS,7.0297,1.702e-05,NOMINAL,2026-03-07T05:14:40Z,618
66010.0,PAYLOAD,66445.0,PAYLOAD,7.0299,1.701e-05,NOMINAL,2026-03-06T22:04:40Z,188
58353.0,PAYLOAD,58548.0,PAYLOAD,7.0307,1.696e-05,NOMINAL,2026-03-06T21:52:40Z,176
32184.0,DEBRIS,58710.0,PAYLOAD,7.0319,1.69e-05,NOMINAL,2026-03-07T09:51:40Z,895
58160.0,PAYLOAD,64766.0,PAYLOAD,7.033,1.684e-05,NOMINAL,2026-03-07T18:09:40Z,1393
4749.0,DEBRIS,18122.0,PAYLOAD,7.0332,1.683e-05,NOMINAL,2026-03-07T03:08:40Z,492
54597.0,DEBRIS,270096.0,UNKNOWN,7.0339,1.679e-05,NOMINAL,2026-03-06T23:16:40Z,260
59682.0,PAYLOAD,63841.0,PAYLOAD,7.0344,1.677e-05,NOMINAL,2026-03-07T12:10:40Z,1034
59136.0,PAYLOAD,62379.0,PAYLOAD,7.0347,1.675e-05,NOMINAL,2026-03-07T00:14:40Z,318
38532.0,DEBRIS,54575.0,DEBRIS,7.0348,1.674e-05,NOMINAL,2026-03-07T11:00:40Z,964
63214.0,UNKNOWN,64755.0,PAYLOAD,7.0354,1.671e-05,NOMINAL,2026-03-06T23:14:40Z,258
62758.0,PAYLOAD,64141.0,PAYLOAD,7.0365,1.666e-05,NOMINAL,2026-03-07T16:47:40Z,1311
59205.0,PAYLOAD,59491.0,PAYLOAD,7.0366,1.665e-05,NOMINAL,2026-03-07T16:36:40Z,1300
45406.0,PAYLOAD,67457.0,PAYLOAD,7.037,1.663e-05,NOMINAL,2026-03-07T15:59:40Z,1263
29538.0,DEBRIS,44593.0,DEBRIS,7.0378,1.659e-05,NOMINAL,2026-03-07T01:51:40Z,415
56226.0,PAYLOAD,61207.0,PAYLOAD,7.0381,1.657e-05,NOMINAL,2026-03-07T14:51:40Z,1195
65032.0,PAYLOAD,66447.0,PAYLOAD,7.0385,1.655e-05,NOMINAL,2026-03-07T00:48:40Z,352
27494.0,DEBRIS,49186.0,PAYLOAD,7.0389,1.653e-05,NOMINAL,2026-03-07T14:00:40Z,1144
66672.0,PAYLOAD,66699.0,PAYLOAD,7.0413,1.641e-05,NOMINAL,2026-03-07T07:56:40Z,780
45054.0,PAYLOAD,65893.0,PAYLOAD,7.0419,1.638e-05,NOMINAL,2026-03-07T09:29:40Z,873
59741.0,PAYLOAD,61931.0,PAYLOAD,7.0431,1.631e-05,NOMINAL,2026-03-07T14:16:40Z,1160
38309.0,DEBRIS,42320.0,DEBRIS,7.0432,1.631e-05,NOMINAL,2026-03-06T22:52:40Z,236
59234.0,PAYLOAD,65873.0,PAYLOAD,7.0439,1.627e-05,NOMINAL,2026-03-07T03:19:40Z,503
5827.0,DEBRIS,65445.0,PAYLOAD,7.045,1.622e-05,NOMINAL,2026-03-07T08:46:40Z,830
64172.0,PAYLOAD,67035.0,PAYLOAD,7.045,1.622e-05,NOMINAL,2026-03-07T18:24:40Z,1408
61593.0,PAYLOAD,63963.0,PAYLOAD,7.0458,1.618e-05,NOMINAL,2026-03-06T19:49:40Z,53
64206.0,PAYLOAD,66961.0,PAYLOAD,7.0459,1.617e-05,NOMINAL,2026-03-06T22:21:40Z,205
59633.0,PAYLOAD,67049.0,PAYLOAD,7.0461,1.616e-05,NOMINAL,2026-03-06T21:13:40Z,137
63712.0,PAYLOAD,66223.0,PAYLOAD,7.0484,1.605e-05,NOMINAL,2026-03-07T03:19:40Z,503
15032.0,ROCKET BODY,34433.0,DEBRIS,7.0484,1.605e-05,NOMINAL,2026-03-07T05:49:40Z,653
15000.0,PAYLOAD,42627.0,DEBRIS,7.0488,1.603e-05,NOMINAL,2026-03-07T05:51:40Z,655
55051.0,PAYLOAD,55111.0,PAYLOAD,7.0489,1.602e-05,NOMINAL,2026-03-07T18:38:40Z,1422
59327.0,PAYLOAD,64736.0,PAYLOAD,7.0506,1.594e-05,NOMINAL,2026-03-07T00:22:40Z,326
58660.0,PAYLOAD,66090.0,PAYLOAD,7.0511,1.591e-05,NOMINAL,2026-03-07T13:08:40Z,1092
60132.0,PAYLOAD,63586.0,PAYLOAD,7.0516,1.588e-05,NOMINAL,2026-03-07T03:33:40Z,517
30540.0,DEBRIS,36244.0,DEBRIS,7.052,1.587e-05,NOMINAL,2026-03-07T16:09:40Z,1273
57842.0,PAYLOAD,64333.0,PAYLOAD,7.0527,1.583e-05,NOMINAL,2026-03-07T04:00:40Z,544
5299.0,DEBRIS,66068.0,PAYLOAD,7.053,1.582e-05,NOMINAL,2026-03-07T07:53:40Z,777
58595.0,PAYLOAD,61979.0,PAYLOAD,7.0539,1.577e-05,NOMINAL,2026-03-07T06:17:40Z,681
48278.0,PAYLOAD,66159.0,PAYLOAD,7.0562,1.566e-05,NOMINAL,2026-03-07T10:38:40Z,942
45340.0,DEBRIS,49112.0,PAYLOAD,7.0575,1.56e-05,NOMINAL,2026-03-07T01:25:40Z,389
59637.0,PAYLOAD,62641.0,PAYLOAD,7.0587,1.554e-05,NOMINAL,2026-03-06T20:52:40Z,116
10076.0,DEBRIS,59425.0,PAYLOAD,7.0631,1.533e-05,NOMINAL,2026-03-07T09:04:40Z,848
35898.0,DEBRIS,50818.0,PAYLOAD,7.0633,1.532e-05,NOMINAL,2026-03-07T02:19:40Z,443
11189.0,DEBRIS,63219.0,UNKNOWN,7.0653,1.522e-05,NOMINAL,2026-03-06T23:03:40Z,247
63632.0,PAYLOAD,67616.0,ROCKET BODY,7.0672,1.513e-05,NOMINAL,2026-03-07T11:19:40Z,983
62068.0,PAYLOAD,64378.0,PAYLOAD,7.0678,1.51e-05,NOMINAL,2026-03-07T02:17:40Z,441
4539.0,ROCKET BODY,6499.0,ROCKET BODY,7.0688,1.505e-05,NOMINAL,2026-03-07T18:35:40Z,1419
53705.0,PAYLOAD,56550.0,PAYLOAD,7.0698,1.5e-05,NOMINAL,2026-03-07T07:11:40Z,735
60620.0,DEBRIS,61404.0,DEBRIS,7.0713,1.493e-05,NOMINAL,2026-03-07T11:57:40Z,1021
37789.0,PAYLOAD,42351.0,DEBRIS,7.0714,1.493e-05,NOMINAL,2026-03-07T04:00:40Z,544
62495.0,PAYLOAD,65875.0,PAYLOAD,7.0721,1.49e-05,NOMINAL,2026-03-06T23:17:40Z,261
58538.0,PAYLOAD,59470.0,PAYLOAD,7.0721,1.49e-05,NOMINAL,2026-03-07T04:19:40Z,563
5815.0,ROCKET BODY,8901.0,DEBRIS,7.0722,1.489e-05,NOMINAL,2026-03-07T14:37:40Z,1181
59607.0,PAYLOAD,61727.0,PAYLOAD,7.0724,1.489e-05,NOMINAL,2026-03-07T13:22:40Z,1106
30848.0,DEBRIS,36550.0,DEBRIS,7.0737,1.482e-05,NOMINAL,2026-03-07T17:45:40Z,1369
59573.0,PAYLOAD,66010.0,PAYLOAD,7.0738,1.482e-05,NOMINAL,2026-03-07T03:00:40Z,484
6892.0,DEBRIS,36090.0,DEBRIS,7.074,1.481e-05,NOMINAL,2026-03-07T14:23:40Z,1167
54886.0,DEBRIS,55839.0,PAYLOAD,7.0747,1.478e-05,NOMINAL,2026-03-07T03:31:40Z,515
48357.0,PAYLOAD,63636.0,PAYLOAD,7.0747,1.478e-05,NOMINAL,2026-03-07T03:23:40Z,507
63890.0,PAYLOAD,65860.0,PAYLOAD,7.0753,1.475e-05,NOMINAL,2026-03-06T22:04:40Z,188
59158.0,PAYLOAD,63046.0,PAYLOAD,7.0768,1.468e-05,NOMINAL,2026-03-07T18:05:40Z,1389
58977.0,PAYLOAD,59473.0,PAYLOAD,7.0779,1.463e-05,NOMINAL,2026-03-07T18:19:40Z,1403
60786.0,DEBRIS,65400.0,PAYLOAD,7.0783,1.461e-05,NOMINAL,2026-03-07T12:51:40Z,1075
2538.0,DEBRIS,62381.0,PAYLOAD,7.0785,1.46e-05,NOMINAL,2026-03-07T10:00:40Z,904
67592.0,PAYLOAD,67648.0,PAYLOAD,7.0794,1.456e-05,NOMINAL,2026-03-07T06:19:40Z,683
31431.0,DEBRIS,41054.0,DEBRIS,7.0797,1.455e-05,NOMINAL,2026-03-06T19:27:40Z,31
46051.0,PAYLOAD,59494.0,PAYLOAD,7.0821,1.444e-05,NOMINAL,2026-03-07T05:46:40Z,650
7075.0,DEBRIS,87520.0,TBA,7.0837,1.437e-05,NOMINAL,2026-03-07T07:04:40Z,728
3578.0,PAYLOAD,7114.0,DEBRIS,7.0841,1.434e-05,NOMINAL,2026-03-07T08:22:40Z,806
62209.0,PAYLOAD,63569.0,PAYLOAD,7.0854,1.429e-05,NOMINAL,2026-03-07T04:11:40Z,555
60802.0,DEBRIS,61122.0,DEBRIS,7.0856,1.428e-05,NOMINAL,2026-03-07T17:45:40Z,1369
6091.0,ROCKET BODY,49618.0,DEBRIS,7.0877,1.418e-05,NOMINAL,2026-03-07T11:35:40Z,999
58853.0,PAYLOAD,62968.0,PAYLOAD,7.0892,1.412e-05,NOMINAL,2026-03-07T01:18:40Z,382
45540.0,PAYLOAD,58747.0,PAYLOAD,7.0898,1.409e-05,NOMINAL,2026-03-07T01:06:40Z,370
58627.0,PAYLOAD,59000.0,PAYLOAD,7.0899,1.409e-05,NOMINAL,2026-03-07T11:15:40Z,979
54826.0,PAYLOAD,65539.0,PAYLOAD,7.0902,1.407e-05,NOMINAL,2026-03-06T22:56:40Z,240
29921.0,DEBRIS,54546.0,DEBRIS,7.0923,1.398e-05,NOMINAL,2026-03-07T16:04:40Z,1268
39858.0,DEBRIS,41899.0,PAYLOAD,7.0925,1.397e-05,NOMINAL,2026-03-07T10:04:40Z,908
61010.0,PAYLOAD,67177.0,PAYLOAD,7.0931,1.394e-05,NOMINAL,2026-03-07T17:08:40Z,1332
64192.0,PAYLOAD,66862.0,PAYLOAD,7.0931,1.394e-05,NOMINAL,2026-03-07T12:13:40Z,1037
15980.0,DEBRIS,32182.0,DEBRIS,7.0932,1.394e-05,NOMINAL,2026-03-07T12:49:40Z,1073
49734.0,PAYLOAD,56133.0,PAYLOAD,7.0935,1.393e-05,NOMINAL,2026-03-07T02:02:40Z,426
31171.0,DEBRIS,44697.0,DEBRIS,7.0948,1.387e-05,NOMINAL,2026-03-07T00:19:40Z,323
66849.0,PAYLOAD,66887.0,PAYLOAD,7.0972,1.376e-05,NOMINAL,2026-03-07T10:50:40Z,954
66482.0,PAYLOAD,66644.0,PAYLOAD,7.0977,1.375e-05,NOMINAL,2026-03-07T17:40:40Z,1364
53745.0,PAYLOAD,88811.0,TBA,7.0982,1.372e-05,NOMINAL,2026-03-07T05:29:40Z,633
4435.0,DEBRIS,52151.0,PAYLOAD,7.0989,1.369e-05,NOMINAL,2026-03-07T07:54:40Z,778
36695.0,DEBRIS,44616.0,DEBRIS,7.099,1.369e-05,NOMINAL,2026-03-07T14:49:40Z,1193
58855.0,PAYLOAD,63570.0,PAYLOAD,7.1005,1.362e-05,NOMINAL,2026-03-07T13:44:40Z,1128
27431.0,PAYLOAD,31464.0,DEBRIS,7.1005,1.362e-05,NOMINAL,2026-03-07T04:06:40Z,550
38727.0,DEBRIS,39879.0,DEBRIS,7.1007,1.362e-05,NOMINAL,2026-03-07T06:08:40Z,672
46453.0,DEBRIS,60757.0,DEBRIS,7.1016,1.358e-05,NOMINAL,2026-03-07T11:15:40Z,979
63812.0,PAYLOAD,64679.0,PAYLOAD,7.1017,1.357e-05,NOMINAL,2026-03-07T00:30:40Z,334
58980.0,PAYLOAD,61920.0,PAYLOAD,7.1019,1.356e-05,NOMINAL,2026-03-07T10:57:40Z,961
39085.0,ROCKET BODY,41520.0,DEBRIS,7.103,1.352e-05,NOMINAL,2026-03-06T20:37:40Z,101
14503.0,DEBRIS,21689.0,ROCKET BODY,7.1035,1.35e-05,NOMINAL,2026-03-07T04:17:40Z,561
58520.0,PAYLOAD,61069.0,PAYLOAD,7.1058,1.34e-05,NOMINAL,2026-03-06T20:27:40Z,91
59567.0,PAYLOAD,64740.0,PAYLOAD,7.1068,1.335e-05,NOMINAL,2026-03-07T08:25:40Z,809
23893.0,PAYLOAD,61546.0,PAYLOAD,7.1068,1.335e-05,NOMINAL,2026-03-07T10:06:40Z,910
62197.0,PAYLOAD,64481.0,PAYLOAD,7.107,1.335e-05,NOMINAL,2026-03-07T17:45:40Z,1369
29097.0,DEBRIS,57957.0,DEBRIS,7.1081,1.33e-05,NOMINAL,2026-03-07T15:48:40Z,1252
34497.0,DEBRIS,54361.0,PAYLOAD,7.1082,1.33e-05,NOMINAL,2026-03-07T07:47:40Z,771
52610.0,PAYLOAD,57741.0,PAYLOAD,7.1105,1.32e-05,NOMINAL,2026-03-07T15:22:40Z,1226
40024.0,PAYLOAD,62651.0,PAYLOAD,7.1106,1.319e-05,NOMINAL,2026-03-06T22:05:40Z,189
2873.0,PAYLOAD,31398.0,DEBRIS,7.1107,1.319e-05,NOMINAL,2026-03-07T18:55:40Z,1439
59191.0,PAYLOAD,61065.0,PAYLOAD,7.1109,1.318e-05,NOMINAL,2026-03-07T00:42:40Z,346
45603.0,PAYLOAD,50195.0,PAYLOAD,7.113,1.309e-05,NOMINAL,2026-03-06T21:25:40Z,149
57169.0,UNKNOWN,67300.0,PAYLOAD,7.113,1.309e-05,NOMINAL,2026-03-07T18:46:40Z,1430
59400.0,PAYLOAD,66796.0,PAYLOAD,7.1131,1.309e-05,NOMINAL,2026-03-07T14:03:40Z,1147
44349.0,PAYLOAD,49160.0,PAYLOAD,7.1133,1.308e-05,NOMINAL,2026-03-07T04:50:40Z,594
63577.0,PAYLOAD,64172.0,PAYLOAD,7.1137,1.307e-05,NOMINAL,2026-03-07T01:03:40Z,367
58713.0,PAYLOAD,59318.0,PAYLOAD,7.114,1.305e-05,NOMINAL,2026-03-07T10:42:40Z,946
63828.0,PAYLOAD,66287.0,PAYLOAD,7.1149,1.302e-05,NOMINAL,2026-03-07T02:38:40Z,462
30274.0,DEBRIS,36074.0,DEBRIS,7.115,1.301e-05,NOMINAL,2026-03-07T01:14:40Z,378
61055.0,PAYLOAD,62838.0,PAYLOAD,7.1152,1.3e-05,NOMINAL,2026-03-07T02:52:40Z,476
672.0,DEBRIS,22374.0,DEBRIS,7.1167,1.294e-05,NOMINAL,2026-03-07T18:51:40Z,1435
58377.0,PAYLOAD,64191.0,PAYLOAD,7.1177,1.29e-05,NOMINAL,2026-03-07T02:24:40Z,448
58452.0,PAYLOAD,59084.0,PAYLOAD,7.1185,1.287e-05,NOMINAL,2026-03-06T19:06:40Z,10
48136.0,PAYLOAD,64144.0,PAYLOAD,7.1188,1.286e-05,NOMINAL,2026-03-07T06:15:40Z,679
31437.0,DEBRIS,31695.0,DEBRIS,7.1193,1.284e-05,NOMINAL,2026-03-07T14:30:40Z,1174
62892.0,PAYLOAD,65220.0,PAYLOAD,7.1202,1.28e-05,NOMINAL,2026-03-06T20:10:40Z,74
60027.0,PAYLOAD,63765.0,PAYLOAD,7.1213,1.276e-05,NOMINAL,2026-03-07T18:14:40Z,1398
48434.0,PAYLOAD,63001.0,PAYLOAD,7.1233,1.268e-05,NOMINAL,2026-03-06T20:56:40Z,120
40115.0,PAYLOAD,52158.0,PAYLOAD,7.1234,1.267e-05,NOMINAL,2026-03-07T11:13:40Z,977
63462.0,PAYLOAD,64216.0,PAYLOAD,7.1241,1.264e-05,NOMINAL,2026-03-07T06:50:40Z,714
63022.0,PAYLOAD,65934.0,PAYLOAD,7.1242,1.264e-05,NOMINAL,2026-03-07T18:01:40Z,1385
45794.0,PAYLOAD,62748.0,PAYLOAD,7.1255,1.259e-05,NOMINAL,2026-03-07T06:27:40Z,691
48443.0,PAYLOAD,59320.0,PAYLOAD,7.1266,1.254e-05,NOMINAL,2026-03-07T03:26:40Z,510
58708.0,PAYLOAD,63319.0,PAYLOAD,7.1275,1.251e-05,NOMINAL,2026-03-07T01:18:40Z,382
58945.0,PAYLOAD,66585.0,PAYLOAD,7.128,1.249e-05,NOMINAL,2026-03-07T16:40:40Z,1304
59203.0,PAYLOAD,62157.0,PAYLOAD,7.1281,1.249e-05,NOMINAL,2026-03-07T03:03:40Z,487
60284.0,PAYLOAD,66172.0,PAYLOAD,7.1295,1.243e-05,NOMINAL,2026-03-06T23:09:40Z,253
49747.0,PAYLOAD,52107.0,PAYLOAD,7.1295,1.243e-05,NOMINAL,2026-03-07T09:28:40Z,872
35031.0,DEBRIS,50783.0,DEBRIS,7.1298,1.242e-05,NOMINAL,2026-03-07T16:18:40Z,1282
6766.0,DEBRIS,13565.0,DEBRIS,7.13,1.241e-05,NOMINAL,2026-03-07T14:32:40Z,1176
60296.0,PAYLOAD,66940.0,PAYLOAD,7.13,1.241e-05,NOMINAL,2026-03-07T08:40:40Z,824
29912.0,DEBRIS,33690.0,DEBRIS,7.1308,1.238e-05,NOMINAL,2026-03-06T19:28:40Z,32
235.0,DEBRIS,35987.0,DEBRIS,7.1314,1.235e-05,NOMINAL,2026-03-07T09:09:40Z,853
30996.0,DEBRIS,40477.0,DEBRIS,7.1328,1.23e-05,NOMINAL,2026-03-06T20:22:40Z,86
54256.0,DEBRIS,62651.0,PAYLOAD,7.1333,1.228e-05,NOMINAL,2026-03-07T04:02:40Z,546
42436.0,DEBRIS,270036.0,UNKNOWN,7.1348,1.222e-05,NOMINAL,2026-03-07T10:53:40Z,957
36859.0,DEBRIS,40693.0,DEBRIS,7.1349,1.222e-05,NOMINAL,2026-03-07T18:39:40Z,1423
9672.0,DEBRIS,66653.0,UNKNOWN,7.1351,1.221e-05,NOMINAL,2026-03-07T07:16:40Z,740
35271.0,DEBRIS,59712.0,PAYLOAD,7.1355,1.219e-05,NOMINAL,2026-03-07T12:46:40Z,1070
58973.0,PAYLOAD,66456.0,PAYLOAD,7.1358,1.218e-05,NOMINAL,2026-03-07T01:52:40Z,416
34995.0,DEBRIS,66683.0,PAYLOAD,7.1359,1.218e-05,NOMINAL,2026-03-06T23:24:40Z,268
6788.0,ROCKET BODY,56634.0,DEBRIS,7.136,1.217e-05,NOMINAL,2026-03-06T21:51:40Z,175
58206.0,PAYLOAD,60527.0,PAYLOAD,7.1368,1.214e-05,NOMINAL,2026-03-07T17:36:40Z,1360
54486.0,DEBRIS,60974.0,DEBRIS,7.1377,1.211e-05,NOMINAL,2026-03-06T18:56:40Z,0
43681.0,PAYLOAD,49770.0,PAYLOAD,7.1381,1.21e-05,NOMINAL,2026-03-06T23:19:40Z,263
59196.0,PAYLOAD,67495.0,PAYLOAD,7.1397,1.203e-05,NOMINAL,2026-03-07T03:12:40Z,496
48401.0,PAYLOAD,65412.0,PAYLOAD,7.1406,1.2e-05,NOMINAL,2026-03-06T19:31:40Z,35
1407.0,DEBRIS,2547.0,DEBRIS,7.1413,1.197e-05,NOMINAL,2026-03-07T00:55:40Z,359
62771.0,PAYLOAD,67175.0,PAYLOAD,7.1416,1.196e-05,NOMINAL,2026-03-07T12:03:40Z,1027
55076.0,PAYLOAD,67771.0,PAYLOAD,7.1429,1.191e-05,NOMINAL,2026-03-07T02:19:40Z,443
38823.0,DEBRIS,40710.0,DEBRIS,7.1432,1.19e-05,NOMINAL,2026-03-07T18:29:40Z,1413
59683.0,PAYLOAD,66971.0,PAYLOAD,7.1433,1.19e-05,NOMINAL,2026-03-07T11:49:40Z,1013
46496.0,PAYLOAD,65478.0,PAYLOAD,7.1441,1.187e-05,NOMINAL,2026-03-07T14:33:40Z,1177
42841.0,PAYLOAD,63279.0,PAYLOAD,7.1447,1.184e-05,NOMINAL,2026-03-07T02:15:40Z,439
53760.0,PAYLOAD,56480.0,PAYLOAD,7.1449,1.184e-05,NOMINAL,2026-03-07T06:17:40Z,681
17527.0,PAYLOAD,44783.0,PAYLOAD,7.1454,1.182e-05,NOMINAL,2026-03-07T04:43:40Z,587
6897.0,DEBRIS,46920.0,PAYLOAD,7.1469,1.176e-05,NOMINAL,2026-03-06T22:50:40Z,234
59046.0,PAYLOAD,66860.0,PAYLOAD,7.1471,1.175e-05,NOMINAL,2026-03-07T13:23:40Z,1107
59540.0,PAYLOAD,64014.0,PAYLOAD,7.1479,1.172e-05,NOMINAL,2026-03-07T15:54:40Z,1258
5422.0,DEBRIS,41180.0,PAYLOAD,7.1489,1.169e-05,NOMINAL,2026-03-07T14:02:40Z,1146
45726.0,PAYLOAD,56891.0,PAYLOAD,7.151,1.161e-05,NOMINAL,2026-03-07T08:13:40Z,797
32142.0,DEBRIS,60535.0,PAYLOAD,7.1515,1.159e-05,NOMINAL,2026-03-07T15:35:40Z,1239
30852.0,DEBRIS,56623.0,DEBRIS,7.152,1.157e-05,NOMINAL,2026-03-07T11:30:40Z,994
1277.0,DEBRIS,3470.0,ROCKET BODY,7.1524,1.156e-05,NOMINAL,2026-03-07T09:23:40Z,867
2242.0,DEBRIS,2313.0,DEBRIS,7.1528,1.154e-05,NOMINAL,2026-03-07T08:30:40Z,814
58489.0,PAYLOAD,58844.0,PAYLOAD,7.1535,1.152e-05,NOMINAL,2026-03-07T00:51:40Z,355
34482.0,DEBRIS,87883.0,UNKNOWN,7.1535,1.152e-05,NOMINAL,2026-03-07T08:46:40Z,830
131.0,DEBRIS,39943.0,DEBRIS,7.1535,1.152e-05,NOMINAL,2026-03-07T13:21:40Z,1105
2351.0,PAYLOAD,9398.0,PAYLOAD,7.1536,1.151e-05,NOMINAL,2026-03-06T18:59:40Z,3
59092.0,PAYLOAD,63434.0,PAYLOAD,7.155,1.146e-05,NOMINAL,2026-03-07T09:59:40Z,903
58384.0,PAYLOAD,59419.0,PAYLOAD,7.1555,1.144e-05,NOMINAL,2026-03-07T04:53:40Z,597
65333.0,PAYLOAD,67431.0,PAYLOAD,7.1555,1.144e-05,NOMINAL,2026-03-07T01:26:40Z,390
57972.0,PAYLOAD,63280.0,PAYLOAD,7.1557,1.144e-05,NOMINAL,2026-03-07T16:05:40Z,1269
31336.0,DEBRIS,56668.0,DEBRIS,7.1559,1.143e-05,NOMINAL,2026-03-07T00:03:40Z,307
168.0,PAYLOAD,688.0,ROCKET BODY,7.1561,1.142e-05,NOMINAL,2026-03-07T05:00:40Z,604
20879.0,DEBRIS,23180.0,ROCKET BODY,7.1568,1.14e-05,NOMINAL,2026-03-07T13:26:40Z,1110
63024.0,PAYLOAD,64596.0,PAYLOAD,7.1578,1.136e-05,NOMINAL,2026-03-07T06:36:40Z,700
57655.0,ROCKET BODY,66405.0,PAYLOAD,7.1582,1.135e-05,NOMINAL,2026-03-07T06:26:40Z,690
39852.0,DEBRIS,54353.0,DEBRIS,7.1583,1.134e-05,NOMINAL,2026-03-07T05:14:40Z,618
52453.0,PAYLOAD,56120.0,PAYLOAD,7.1587,1.133e-05,NOMINAL,2026-03-07T17:46:40Z,1370
58459.0,PAYLOAD,63856.0,PAYLOAD,7.1594,1.13e-05,NOMINAL,2026-03-06T23:18:40Z,262
60278.0,PAYLOAD,63786.0,PAYLOAD,7.1614,1.123e-05,NOMINAL,2026-03-07T10:44:40Z,948
5819.0,DEBRIS,52723.0,DEBRIS,7.1629,1.118e-05,NOMINAL,2026-03-07T18:47:40Z,1431
15784.0,DEBRIS,38212.0,DEBRIS,7.1639,1.114e-05,NOMINAL,2026-03-07T04:53:40Z,597
63438.0,PAYLOAD,67497.0,PAYLOAD,7.1646,1.112e-05,NOMINAL,2026-03-07T13:27:40Z,1111
59925.0,PAYLOAD,66876.0,PAYLOAD,7.1648,1.111e-05,NOMINAL,2026-03-07T18:15:40Z,1399
48687.0,PAYLOAD,60362.0,PAYLOAD,7.1649,1.111e-05,NOMINAL,2026-03-07T00:09:40Z,313
57636.0,PAYLOAD,60055.0,PAYLOAD,7.1657,1.108e-05,NOMINAL,2026-03-07T12:27:40Z,1051
58015.0,ROCKET BODY,59365.0,PAYLOAD,7.1667,1.104e-05,NOMINAL,2026-03-07T02:14:40Z,438
29906.0,DEBRIS,38722.0,DEBRIS,7.1668,1.104e-05,NOMINAL,2026-03-06T21:30:40Z,154
6482.0,DEBRIS,11281.0,PAYLOAD,7.1692,1.095e-05,NOMINAL,2026-03-07T01:50:40Z,414
5119.0,DEBRIS,8661.0,DEBRIS,7.1692,1.095e-05,NOMINAL,2026-03-07T04:01:40Z,545
57717.0,PAYLOAD,62148.0,PAYLOAD,7.1693,1.095e-05,NOMINAL,2026-03-07T08:07:40Z,791
1144.0,DEBRIS,2314.0,DEBRIS,7.1705,1.091e-05,NOMINAL,2026-03-07T00:16:40Z,320
11196.0,DEBRIS,66632.0,PAYLOAD,7.1714,1.088e-05,NOMINAL,2026-03-07T06:24:40Z,688
64495.0,PAYLOAD,65101.0,PAYLOAD,7.1727,1.083e-05,NOMINAL,2026-03-07T05:53:40Z,657
60485.0,PAYLOAD,65471.0,PAYLOAD,7.176,1.072e-05,NOMINAL,2026-03-07T02:16:40Z,440
57155.0,PAYLOAD,65249.0,PAYLOAD,7.1762,1.071e-05,NOMINAL,2026-03-06T22:42:40Z,226
59270.0,PAYLOAD,66329.0,PAYLOAD,7.1762,1.071e-05,NOMINAL,2026-03-07T15:25:40Z,1229
605.0,ROCKET BODY,9614.0,PAYLOAD,7.1763,1.071e-05,NOMINAL,2026-03-07T00:22:40Z,326
60993.0,PAYLOAD,64327.0,PAYLOAD,7.1765,1.07e-05,NOMINAL,2026-03-07T12:14:40Z,1038
41243.0,DEBRIS,62980.0,ROCKET BODY,7.1778,1.066e-05,NOMINAL,2026-03-06T22:45:40Z,229
65505.0,PAYLOAD,66806.0,PAYLOAD,7.1787,1.063e-05,NOMINAL,2026-03-07T03:48:40Z,532
59081.0,PAYLOAD,63561.0,PAYLOAD,7.1793,1.061e-05,NOMINAL,2026-03-07T00:23:40Z,327
5899.0,DEBRIS,29784.0,DEBRIS,7.1803,1.057e-05,NOMINAL,2026-03-07T09:36:40Z,880
22537.0,DEBRIS,50771.0,DEBRIS,7.1808,1.056e-05,NOMINAL,2026-03-06T21:38:40Z,162
55863.0,DEBRIS,67444.0,ROCKET BODY,7.1809,1.055e-05,NOMINAL,2026-03-07T11:53:40Z,1017
57978.0,PAYLOAD,60056.0,PAYLOAD,7.1821,1.051e-05,NOMINAL,2026-03-07T04:24:40Z,568
36225.0,DEBRIS,49072.0,PAYLOAD,7.1823,1.051e-05,NOMINAL,2026-03-06T20:27:40Z,91
59660.0,PAYLOAD,66016.0,PAYLOAD,7.1823,1.051e-05,NOMINAL,2026-03-06T19:18:40Z,22
38370.0,DEBRIS,38441.0,DEBRIS,7.1823,1.051e-05,NOMINAL,2026-03-07T18:03:40Z,1387
63561.0,PAYLOAD,66850.0,PAYLOAD,7.1831,1.048e-05,NOMINAL,2026-03-07T05:09:40Z,613
42841.0,PAYLOAD,63047.0,PAYLOAD,7.1835,1.047e-05,NOMINAL,2026-03-07T12:23:40Z,1047
63032.0,PAYLOAD,63438.0,PAYLOAD,7.1841,1.045e-05,NOMINAL,2026-03-07T14:50:40Z,1194
57023.0,UNKNOWN,57031.0,UNKNOWN,7.1863,1.038e-05,NOMINAL,2026-03-07T08:08:40Z,792
59004.0,PAYLOAD,63908.0,PAYLOAD,7.1866,1.036e-05,NOMINAL,2026-03-07T01:09:40Z,373
28319.0,DEBRIS,48542.0,DEBRIS,7.1866,1.036e-05,NOMINAL,2026-03-07T16:27:40Z,1291
53834.0,PAYLOAD,66302.0,PAYLOAD,7.1878,1.032e-05,NOMINAL,2026-03-07T03:51:40Z,535
40986.0,DEBRIS,66088.0,PAYLOAD,7.1889,1.029e-05,NOMINAL,2026-03-06T23:28:40Z,272
59693.0,PAYLOAD,65347.0,PAYLOAD,7.1894,1.027e-05,NOMINAL,2026-03-07T11:45:40Z,1009
58057.0,PAYLOAD,63860.0,PAYLOAD,7.1902,1.024e-05,NOMINAL,2026-03-07T15:47:40Z,1251
64384.0,PAYLOAD,65761.0,PAYLOAD,7.1911,1.022e-05,NOMINAL,2026-03-07T12:32:40Z,1056
56841.0,PAYLOAD,58063.0,PAYLOAD,7.1917,1.02e-05,NOMINAL,2026-03-07T14:42:40Z,1186
45072.0,PAYLOAD,66256.0,PAYLOAD,7.1926,1.017e-05,NOMINAL,2026-03-06T23:25:40Z,269
61848.0,PAYLOAD,65349.0,PAYLOAD,7.193,1.015e-05,NOMINAL,2026-03-07T07:24:40Z,748
52546.0,PAYLOAD,56377.0,PAYLOAD,7.1931,1.015e-05,NOMINAL,2026-03-07T08:33:40Z,817
59644.0,PAYLOAD,64383.0,PAYLOAD,7.1931,1.015e-05,NOMINAL,2026-03-07T11:40:40Z,1004
17429.0,DEBRIS,37696.0,DEBRIS,7.1941,1.012e-05,NOMINAL,2026-03-07T10:41:40Z,945
58446.0,PAYLOAD,59608.0,PAYLOAD,7.1945,1.011e-05,NOMINAL,2026-03-07T18:42:40Z,1426
39668.0,DEBRIS,89493.0,UNKNOWN,7.1948,1.01e-05,NOMINAL,2026-03-07T00:22:40Z,326
59390.0,PAYLOAD,67040.0,PAYLOAD,7.195,1.009e-05,NOMINAL,2026-03-07T06:53:40Z,717
56293.0,PAYLOAD,64774.0,PAYLOAD,7.1955,1.007e-05,NOMINAL,2026-03-07T13:58:40Z,1142
931.0,PAYLOAD,1675.0,DEBRIS,7.1956,1.007e-05,NOMINAL,2026-03-06T20:14:40Z,78
31696.0,DEBRIS,54327.0,DEBRIS,7.2011,9.89e-06,NOMINAL,2026-03-07T15:13:40Z,1217
59121.0,PAYLOAD,64774.0,PAYLOAD,7.2011,9.89e-06,NOMINAL,2026-03-07T11:54:40Z,1018
60103.0,PAYLOAD,66985.0,PAYLOAD,7.2015,9.88e-06,NOMINAL,2026-03-07T01:07:40Z,371
47937.0,UNKNOWN,62866.0,PAYLOAD,7.2027,9.84e-06,NOMINAL,2026-03-07T04:55:40Z,599
55110.0,PAYLOAD,67310.0,PAYLOAD,7.203,9.83e-06,NOMINAL,2026-03-07T10:47:40Z,951
48687.0,PAYLOAD,58675.0,PAYLOAD,7.2031,9.83e-06,NOMINAL,2026-03-07T09:08:40Z,852
63697.0,PAYLOAD,67789.0,PAYLOAD,7.2061,9.74e-06,NOMINAL,2026-03-07T07:23:40Z,747
45047.0,PAYLOAD,59874.0,PAYLOAD,7.2066,9.72e-06,NOMINAL,2026-03-07T05:59:40Z,663
30036.0,DEBRIS,56260.0,DEBRIS,7.2082,9.67e-06,NOMINAL,2026-03-07T00:53:40Z,357
66462.0,PAYLOAD,67112.0,PAYLOAD,7.2083,9.67e-06,NOMINAL,2026-03-07T07:14:40Z,738
63200.0,PAYLOAD,66108.0,PAYLOAD,7.2092,9.64e-06,NOMINAL,2026-03-06T23:25:40Z,269
42108.0,DEBRIS,61826.0,DEBRIS,7.2092,9.64e-06,NOMINAL,2026-03-07T00:32:40Z,336
53661.0,PAYLOAD,56791.0,PAYLOAD,7.2095,9.63e-06,NOMINAL,2026-03-07T14:45:40Z,1189
65424.0,PAYLOAD,67418.0,PAYLOAD,7.2109,9.59e-06,NOMINAL,2026-03-07T10:39:40Z,943
10536.0,PAYLOAD,35420.0,DEBRIS,7.2109,9.59e-06,NOMINAL,2026-03-06T22:58:40Z,242
2891.0,DEBRIS,50058.0,DEBRIS,7.2113,9.58e-06,NOMINAL,2026-03-07T18:36:40Z,1420
2045.0,DEBRIS,59964.0,PAYLOAD,7.2117,9.56e-06,NOMINAL,2026-03-07T05:20:40Z,624
2390.0,DEBRIS,65438.0,PAYLOAD,7.2135,9.51e-06,NOMINAL,2026-03-06T23:22:40Z,266
63848.0,PAYLOAD,67408.0,PAYLOAD,7.2144,9.48e-06,NOMINAL,2026-03-07T07:23:40Z,747
52322.0,PAYLOAD,59806.0,UNKNOWN,7.2151,9.46e-06,NOMINAL,2026-03-06T20:25:40Z,89
29927.0,DEBRIS,47055.0,DEBRIS,7.216,9.43e-06,NOMINAL,2026-03-07T11:29:40Z,993
13148.0,PAYLOAD,65226.0,UNKNOWN,7.2161,9.43e-06,NOMINAL,2026-03-07T00:14:40Z,318
29982.0,DEBRIS,54598.0,DEBRIS,7.2168,9.41e-06,NOMINAL,2026-03-06T23:54:40Z,298
58366.0,PAYLOAD,66511.0,PAYLOAD,7.2169,9.4e-06,NOMINAL,2026-03-07T09:45:40Z,889
13119.0,ROCKET BODY,67943.0,PAYLOAD,7.2171,9.4e-06,NOMINAL,2026-03-07T17:12:40Z,1336
61218.0,PAYLOAD,63843.0,PAYLOAD,7.2184,9.36e-06,NOMINAL,2026-03-06T23:22:40Z,266
56846.0,UNKNOWN,58592.0,PAYLOAD,7.2187,9.35e-06,NOMINAL,2026-03-07T06:49:40Z,713
29836.0,DEBRIS,36954.0,DEBRIS,7.2191,9.34e-06,NOMINAL,2026-03-07T03:17:40Z,501
62438.0,PAYLOAD,66500.0,PAYLOAD,7.2204,9.3e-06,NOMINAL,2026-03-06T19:53:40Z,57
66214.0,PAYLOAD,67340.0,PAYLOAD,7.221,9.28e-06,NOMINAL,2026-03-07T01:44:40Z,408
60128.0,PAYLOAD,63577.0,PAYLOAD,7.2218,9.26e-06,NOMINAL,2026-03-07T02:27:40Z,451
59651.0,PAYLOAD,67419.0,PAYLOAD,7.2225,9.24e-06,NOMINAL,2026-03-07T14:34:40Z,1178
66706.0,PAYLOAD,67587.0,DEBRIS,7.2245,9.18e-06,NOMINAL,2026-03-07T00:11:40Z,315
29040.0,DEBRIS,30390.0,DEBRIS,7.2246,9.18e-06,NOMINAL,2026-03-07T05:42:40Z,646
62778.0,PAYLOAD,67320.0,PAYLOAD,7.2276,9.09e-06,NOMINAL,2026-03-06T20:51:40Z,115
3326.0,PAYLOAD,6094.0,PAYLOAD,7.2293,9.04e-06,NOMINAL,2026-03-07T09:05:40Z,849
40011.0,PAYLOAD,67385.0,PAYLOAD,7.2301,9.01e-06,NOMINAL,2026-03-06T20:37:40Z,101
59330.0,PAYLOAD,66081.0,PAYLOAD,7.2304,9.01e-06,NOMINAL,2026-03-07T07:14:40Z,738
39231.0,DEBRIS,65822.0,ROCKET BODY,7.2307,9e-06,NOMINAL,2026-03-07T06:43:40Z,707
62033.0,PAYLOAD,66886.0,PAYLOAD,7.231,8.99e-06,NOMINAL,2026-03-07T02:59:40Z,483
22437.0,DEBRIS,30157.0,DEBRIS,7.2316,8.97e-06,NOMINAL,2026-03-06T20:31:40Z,95
1367.0,PAYLOAD,41599.0,PAYLOAD,7.2322,8.96e-06,NOMINAL,2026-03-07T11:09:40Z,973
58193.0,PAYLOAD,67110.0,PAYLOAD,7.2325,8.95e-06,NOMINAL,2026-03-07T03:50:40Z,534
298.0,ROCKET BODY,65207.0,PAYLOAD,7.237,8.82e-06,NOMINAL,2026-03-07T05:20:40Z,624
37114.0,DEBRIS,48365.0,PAYLOAD,7.2381,8.79e-06,NOMINAL,2026-03-07T18:50:40Z,1434
57952.0,PAYLOAD,66984.0,PAYLOAD,7.2387,8.77e-06,NOMINAL,2026-03-07T04:47:40Z,591
59673.0,PAYLOAD,63149.0,PAYLOAD,7.2398,8.74e-06,NOMINAL,2026-03-07T05:11:40Z,615
62529.0,PAYLOAD,62601.0,PAYLOAD,7.2415,8.69e-06,NOMINAL,2026-03-07T15:01:40Z,1205
53608.0,PAYLOAD,55159.0,PAYLOAD,7.2416,8.69e-06,NOMINAL,2026-03-07T17:41:40Z,1365
2310.0,DEBRIS,52310.0,PAYLOAD,7.2417,8.68e-06,NOMINAL,2026-03-07T13:44:40Z,1128
59892.0,PAYLOAD,63784.0,PAYLOAD,7.2421,8.68e-06,NOMINAL,2026-03-07T01:45:40Z,409
37567.0,DEBRIS,49178.0,PAYLOAD,7.2433,8.64e-06,NOMINAL,2026-03-07T11:17:40Z,981
52991.0,PAYLOAD,88215.0,UNKNOWN,7.2443,8.61e-06,NOMINAL,2026-03-07T03:50:40Z,534
10105.0,DEBRIS,67727.0,PAYLOAD,7.2443,8.61e-06,NOMINAL,2026-03-06T23:44:40Z,288
9459.0,DEBRIS,37412.0,DEBRIS,7.2455,8.58e-06,NOMINAL,2026-03-07T04:41:40Z,585
65038.0,PAYLOAD,65341.0,PAYLOAD,7.2457,8.57e-06,NOMINAL,2026-03-07T12:13:40Z,1037
57715.0,PAYLOAD,66980.0,PAYLOAD,7.2462,8.56e-06,NOMINAL,2026-03-07T13:59:40Z,1143
47834.0,PAYLOAD,66616.0,PAYLOAD,7.2464,8.56e-06,NOMINAL,2026-03-07T01:06:40Z,370
52352.0,PAYLOAD,52664.0,PAYLOAD,7.247,8.54e-06,NOMINAL,2026-03-07T05:57:40Z,661
62621.0,PAYLOAD,62656.0,UNKNOWN,7.2485,8.5e-06,NOMINAL,2026-03-07T02:39:40Z,463
59378.0,PAYLOAD,63495.0,PAYLOAD,7.2486,8.5e-06,NOMINAL,2026-03-07T16:46:40Z,1310
544.0,DEBRIS,15558.0,DEBRIS,7.2518,8.41e-06,NOMINAL,2026-03-07T05:03:40Z,607
48554.0,PAYLOAD,62146.0,PAYLOAD,7.2519,8.41e-06,NOMINAL,2026-03-07T05:20:40Z,624
56290.0,PAYLOAD,58226.0,PAYLOAD,7.2527,8.38e-06,NOMINAL,2026-03-07T09:14:40Z,858
62302.0,PAYLOAD,66610.0,PAYLOAD,7.2538,8.35e-06,NOMINAL,2026-03-07T05:59:40Z,663
60096.0,PAYLOAD,64684.0,PAYLOAD,7.2559,8.3e-06,NOMINAL,2026-03-07T14:58:40Z,1202
47746.0,PAYLOAD,59352.0,PAYLOAD,7.2574,8.26e-06,NOMINAL,2026-03-07T08:33:40Z,817
49437.0,PAYLOAD,53729.0,PAYLOAD,7.2577,8.25e-06,NOMINAL,2026-03-07T11:05:40Z,969
53984.0,PAYLOAD,56389.0,PAYLOAD,7.2588,8.22e-06,NOMINAL,2026-03-07T14:23:40Z,1167
38542.0,DEBRIS,40317.0,DEBRIS,7.2588,8.22e-06,NOMINAL,2026-03-07T13:07:40Z,1091
48386.0,PAYLOAD,64003.0,PAYLOAD,7.2591,8.21e-06,NOMINAL,2026-03-06T22:15:40Z,199
64030.0,PAYLOAD,85428.0,TBA,7.2592,8.21e-06,NOMINAL,2026-03-07T15:59:40Z,1263
30975.0,DEBRIS,36995.0,DEBRIS,7.2593,8.21e-06,NOMINAL,2026-03-07T03:25:40Z,509
12373.0,DEBRIS,29913.0,DEBRIS,7.2602,8.18e-06,NOMINAL,2026-03-06T23:01:40Z,245
61629.0,PAYLOAD,63637.0,PAYLOAD,7.2607,8.17e-06,NOMINAL,2026-03-07T10:48:40Z,952
57813.0,PAYLOAD,63858.0,PAYLOAD,7.2616,8.15e-06,NOMINAL,2026-03-07T05:50:40Z,654
27733.0,DEBRIS,47035.0,DEBRIS,7.2617,8.14e-06,NOMINAL,2026-03-07T04:28:40Z,572
2685.0,DEBRIS,60831.0,DEBRIS,7.2623,8.13e-06,NOMINAL,2026-03-07T08:39:40Z,823
62604.0,PAYLOAD,62958.0,PAYLOAD,7.2623,8.13e-06,NOMINAL,2026-03-06T21:30:40Z,154
36571.0,DEBRIS,52787.0,PAYLOAD,7.2636,8.09e-06,NOMINAL,2026-03-06T20:06:40Z,70
4838.0,DEBRIS,62307.0,PAYLOAD,7.2641,8.08e-06,NOMINAL,2026-03-07T18:55:40Z,1439
60291.0,PAYLOAD,63484.0,PAYLOAD,7.2646,8.07e-06,NOMINAL,2026-03-06T20:21:40Z,85
30021.0,DEBRIS,33691.0,DEBRIS,7.265,8.06e-06,NOMINAL,2026-03-07T05:52:40Z,656
6871.0,DEBRIS,8769.0,DEBRIS,7.2662,8.03e-06,NOMINAL,2026-03-07T10:28:40Z,932
58791.0,PAYLOAD,63518.0,PAYLOAD,7.2664,8.02e-06,NOMINAL,2026-03-07T02:22:40Z,446
44930.0,PAYLOAD,67316.0,PAYLOAD,7.2668,8.01e-06,NOMINAL,2026-03-07T03:03:40Z,487
59685.0,PAYLOAD,66944.0,PAYLOAD,7.2669,8.01e-06,NOMINAL,2026-03-06T19:19:40Z,23
59924.0,PAYLOAD,62857.0,PAYLOAD,7.268,7.98e-06,NOMINAL,2026-03-07T03:47:40Z,531
34006.0,DEBRIS,57902.0,PAYLOAD,7.2684,7.97e-06,NOMINAL,2026-03-07T04:54:40Z,598
3063.0,PAYLOAD,5370.0,DEBRIS,7.2695,7.94e-06,NOMINAL,2026-03-07T03:38:40Z,522
4145.0,DEBRIS,37457.0,DEBRIS,7.2708,7.91e-06,NOMINAL,2026-03-07T03:50:40Z,534
18435.0,DEBRIS,61272.0,DEBRIS,7.2714,7.89e-06,NOMINAL,2026-03-07T13:03:40Z,1087
31484.0,DEBRIS,41086.0,DEBRIS,7.272,7.88e-06,NOMINAL,2026-03-07T14:39:40Z,1183
61071.0,ROCKET BODY,63147.0,PAYLOAD,7.2731,7.85e-06,NOMINAL,2026-03-07T06:18:40Z,682
56709.0,PAYLOAD,58363.0,PAYLOAD,7.2733,7.84e-06,NOMINAL,2026-03-07T00:46:40Z,350
4808.0,DEBRIS,10542.0,ROCKET BODY,7.2738,7.83e-06,NOMINAL,2026-03-07T14:50:40Z,1194
58870.0,PAYLOAD,66371.0,PAYLOAD,7.2742,7.82e-06,NOMINAL,2026-03-07T04:05:40Z,549
59324.0,PAYLOAD,64911.0,PAYLOAD,7.2756,7.79e-06,NOMINAL,2026-03-06T19:16:40Z,20
61248.0,PAYLOAD,64236.0,PAYLOAD,7.2756,7.79e-06,NOMINAL,2026-03-06T20:16:40Z,80
49418.0,PAYLOAD,56386.0,PAYLOAD,7.2757,7.78e-06,NOMINAL,2026-03-07T15:04:40Z,1208
20846.0,DEBRIS,30281.0,DEBRIS,7.276,7.78e-06,NOMINAL,2026-03-06T23:06:40Z,250
58273.0,PAYLOAD,58340.0,PAYLOAD,7.281,7.65e-06,NOMINAL,2026-03-07T10:44:40Z,948
168.0,PAYLOAD,6874.0,ROCKET BODY,7.282,7.63e-06,NOMINAL,2026-03-07T02:16:40Z,440
43794.0,PAYLOAD,43809.0,PAYLOAD,7.2822,7.62e-06,NOMINAL,2026-03-06T23:13:40Z,257
48300.0,PAYLOAD,60352.0,PAYLOAD,7.2826,7.61e-06,NOMINAL,2026-03-06T23:01:40Z,245
65140.0,PAYLOAD,67150.0,PAYLOAD,7.2829,7.6e-06,NOMINAL,2026-03-07T03:05:40Z,489
37662.0,DEBRIS,55896.0,DEBRIS,7.2833,7.59e-06,NOMINAL,2026-03-07T06:06:40Z,670
66678.0,PAYLOAD,88212.0,UNKNOWN,7.2839,7.58e-06,NOMINAL,2026-03-07T02:20:40Z,444
47898.0,PAYLOAD,59367.0,PAYLOAD,7.2839,7.58e-06,NOMINAL,2026-03-07T06:23:40Z,687
58371.0,PAYLOAD,58787.0,PAYLOAD,7.2846,7.56e-06,NOMINAL,2026-03-07T18:01:40Z,1385
48399.0,PAYLOAD,66857.0,PAYLOAD,7.2852,7.55e-06,NOMINAL,2026-03-07T07:16:40Z,740
8726.0,DEBRIS,58923.0,UNKNOWN,7.2853,7.54e-06,NOMINAL,2026-03-07T13:39:40Z,1123
31677.0,DEBRIS,60850.0,DEBRIS,7.2856,7.54e-06,NOMINAL,2026-03-07T01:58:40Z,422
58443.0,PAYLOAD,66620.0,PAYLOAD,7.2879,7.48e-06,NOMINAL,2026-03-07T13:11:40Z,1095
60151.0,PAYLOAD,63969.0,PAYLOAD,7.2891,7.45e-06,NOMINAL,2026-03-06T19:50:40Z,54
30387.0,DEBRIS,31792.0,PAYLOAD,7.2899,7.43e-06,NOMINAL,2026-03-06T19:49:40Z,53
57525.0,PAYLOAD,66287.0,PAYLOAD,7.2913,7.4e-06,NOMINAL,2026-03-06T23:17:40Z,261
66059.0,PAYLOAD,67122.0,PAYLOAD,7.2916,7.39e-06,NOMINAL,2026-03-07T04:46:40Z,590
13111.0,ROCKET BODY,20528.0,ROCKET BODY,7.2916,7.39e-06,NOMINAL,2026-03-07T03:07:40Z,491
59334.0,PAYLOAD,63767.0,PAYLOAD,7.2918,7.39e-06,NOMINAL,2026-03-07T14:23:40Z,1167
45701.0,PAYLOAD,61417.0,DEBRIS,7.2922,7.38e-06,NOMINAL,2026-03-07T02:04:40Z,428
62165.0,PAYLOAD,63247.0,PAYLOAD,7.2929,7.36e-06,NOMINAL,2026-03-07T12:22:40Z,1046
36441.0,DEBRIS,44968.0,PAYLOAD,7.2934,7.35e-06,NOMINAL,2026-03-07T12:36:40Z,1060
27152.0,DEBRIS,61192.0,PAYLOAD,7.2944,7.33e-06,NOMINAL,2026-03-07T01:29:40Z,393
38785.0,DEBRIS,61428.0,DEBRIS,7.2968,7.27e-06,NOMINAL,2026-03-06T22:26:40Z,210
30009.0,DEBRIS,42193.0,DEBRIS,7.2971,7.26e-06,NOMINAL,2026-03-07T11:39:40Z,1003
396.0,PAYLOAD,4114.0,PAYLOAD,7.298,7.24e-06,NOMINAL,2026-03-07T03:00:40Z,484
30214.0,DEBRIS,58398.0,DEBRIS,7.2988,7.22e-06,NOMINAL,2026-03-07T09:35:40Z,879
9901.0,DEBRIS,59757.0,PAYLOAD,7.2991,7.22e-06,NOMINAL,2026-03-07T17:39:40Z,1363
14148.0,ROCKET BODY,63306.0,ROCKET BODY,7.2992,7.21e-06,NOMINAL,2026-03-07T13:50:40Z,1134
53171.0,PAYLOAD,58127.0,PAYLOAD,7.2994,7.21e-06,NOMINAL,2026-03-07T05:04:40Z,608
31132.0,PAYLOAD,61937.0,UNKNOWN,7.2995,7.21e-06,NOMINAL,2026-03-07T17:23:40Z,1347
57671.0,PAYLOAD,64079.0,PAYLOAD,7.2996,7.2e-06,NOMINAL,2026-03-07T17:30:40Z,1354
55361.0,PAYLOAD,64858.0,PAYLOAD,7.3002,7.19e-06,NOMINAL,2026-03-07T05:44:40Z,648
56697.0,PAYLOAD,66794.0,PAYLOAD,7.3014,7.16e-06,NOMINAL,2026-03-06T22:52:40Z,236
62970.0,PAYLOAD,62998.0,PAYLOAD,7.3017,7.16e-06,NOMINAL,2026-03-06T20:57:40Z,121
44941.0,PAYLOAD,58873.0,PAYLOAD,7.3026,7.13e-06,NOMINAL,2026-03-07T05:51:40Z,655
58638.0,PAYLOAD,62502.0,PAYLOAD,7.3049,7.08e-06,NOMINAL,2026-03-07T13:35:40Z,1119
59309.0,PAYLOAD,67308.0,PAYLOAD,7.3055,7.07e-06,NOMINAL,2026-03-07T09:47:40Z,891
59084.0,PAYLOAD,60319.0,PAYLOAD,7.3064,7.05e-06,NOMINAL,2026-03-07T17:51:40Z,1375
60588.0,PAYLOAD,67521.0,PAYLOAD,7.3075,7.02e-06,NOMINAL,2026-03-07T01:32:40Z,396
49207.0,PAYLOAD,54118.0,PAYLOAD,7.3076,7.02e-06,NOMINAL,2026-03-07T06:10:40Z,674
60295.0,PAYLOAD,63790.0,PAYLOAD,7.3081,7.01e-06,NOMINAL,2026-03-06T21:34:40Z,158
57512.0,PAYLOAD,58367.0,PAYLOAD,7.3088,6.99e-06,NOMINAL,2026-03-07T01:19:40Z,383
8688.0,PAYLOAD,46359.0,PAYLOAD,7.3091,6.98e-06,NOMINAL,2026-03-07T13:53:40Z,1137
56557.0,PAYLOAD,57141.0,PAYLOAD,7.3094,6.98e-06,NOMINAL,2026-03-07T13:11:40Z,1095
36147.0,DEBRIS,54269.0,DEBRIS,7.3102,6.96e-06,NOMINAL,2026-03-06T23:51:40Z,295
1115.0,DEBRIS,1421.0,PAYLOAD,7.3111,6.94e-06,NOMINAL,2026-03-06T20:15:40Z,79
62475.0,PAYLOAD,66259.0,PAYLOAD,7.3114,6.93e-06,NOMINAL,2026-03-07T16:44:40Z,1308
778.0,DEBRIS,8801.0,PAYLOAD,7.3123,6.91e-06,NOMINAL,2026-03-07T14:21:40Z,1165
522.0,DEBRIS,5655.0,DEBRIS,7.315,6.85e-06,NOMINAL,2026-03-07T06:38:40Z,702
4788.0,ROCKET BODY,11018.0,DEBRIS,7.3166,6.82e-06,NOMINAL,2026-03-07T12:31:40Z,1055
63323.0,PAYLOAD,63376.0,PAYLOAD,7.3184,6.78e-06,NOMINAL,2026-03-07T17:55:40Z,1379
57876.0,PAYLOAD,62504.0,PAYLOAD,7.3186,6.77e-06,NOMINAL,2026-03-07T17:24:40Z,1348
59340.0,PAYLOAD,66375.0,PAYLOAD,7.319,6.76e-06,NOMINAL,2026-03-07T16:37:40Z,1301
40527.0,DEBRIS,88173.0,TBA,7.3201,6.74e-06,NOMINAL,2026-03-07T13:58:40Z,1142
42925.0,ROCKET BODY,57116.0,PAYLOAD,7.3219,6.7e-06,NOMINAL,2026-03-07T11:17:40Z,981
58600.0,PAYLOAD,66966.0,PAYLOAD,7.3223,6.69e-06,NOMINAL,2026-03-06T19:59:40Z,63
64602.0,PAYLOAD,66432.0,PAYLOAD,7.3229,6.68e-06,NOMINAL,2026-03-07T12:20:40Z,1044
3942.0,DEBRIS,11089.0,DEBRIS,7.3231,6.67e-06,NOMINAL,2026-03-07T17:09:40Z,1333
59203.0,PAYLOAD,67415.0,PAYLOAD,7.3235,6.67e-06,NOMINAL,2026-03-06T23:52:40Z,296
39549.0,DEBRIS,60048.0,PAYLOAD,7.3241,6.65e-06,NOMINAL,2026-03-07T11:59:40Z,1023
30392.0,DEBRIS,31853.0,DEBRIS,7.3243,6.65e-06,NOMINAL,2026-03-07T03:24:40Z,508
17842.0,DEBRIS,35668.0,DEBRIS,7.3245,6.64e-06,NOMINAL,2026-03-07T02:25:40Z,449
231.0,DEBRIS,5640.0,DEBRIS,7.3245,6.64e-06,NOMINAL,2026-03-07T10:10:40Z,914
64478.0,PAYLOAD,66609.0,PAYLOAD,7.3254,6.62e-06,NOMINAL,2026-03-07T09:36:40Z,880
40797.0,DEBRIS,47841.0,PAYLOAD,7.3263,6.6e-06,NOMINAL,2026-03-07T07:07:40Z,731
62478.0,PAYLOAD,66505.0,PAYLOAD,7.3265,6.6e-06,NOMINAL,2026-03-07T06:57:40Z,721
106.0,DEBRIS,57390.0,PAYLOAD,7.3287,6.55e-06,NOMINAL,2026-03-07T13:38:40Z,1122
57191.0,UNKNOWN,66730.0,PAYLOAD,7.3289,6.55e-06,NOMINAL,2026-03-07T03:48:40Z,532
63979.0,PAYLOAD,65359.0,PAYLOAD,7.3291,6.55e-06,NOMINAL,2026-03-07T10:26:40Z,930
35236.0,DEBRIS,37422.0,DEBRIS,7.3319,6.49e-06,NOMINAL,2026-03-06T22:58:40Z,242
58525.0,PAYLOAD,62383.0,PAYLOAD,7.332,6.48e-06,NOMINAL,2026-03-07T02:03:40Z,427
39643.0,DEBRIS,61490.0,DEBRIS,7.3323,6.48e-06,NOMINAL,2026-03-07T02:31:40Z,455
54750.0,PAYLOAD,59750.0,PAYLOAD,7.3345,6.43e-06,NOMINAL,2026-03-07T12:37:40Z,1061
34816.0,DEBRIS,37387.0,PAYLOAD,7.3353,6.41e-06,NOMINAL,2026-03-06T21:52:40Z,176
54927.0,DEBRIS,55190.0,DEBRIS,7.3355,6.41e-06,NOMINAL,2026-03-06T23:57:40Z,301
60344.0,PAYLOAD,65936.0,PAYLOAD,7.3408,6.3e-06,NOMINAL,2026-03-07T12:56:40Z,1080
4485.0,ROCKET BODY,27817.0,ROCKET BODY,7.3418,6.28e-06,NOMINAL,2026-03-06T23:04:40Z,248
20978.0,PAYLOAD,81667.0,UNKNOWN,7.3429,6.26e-06,NOMINAL,2026-03-07T04:36:40Z,580
60757.0,DEBRIS,60837.0,DEBRIS,7.3434,6.25e-06,NOMINAL,2026-03-07T08:40:40Z,824
59261.0,PAYLOAD,63654.0,PAYLOAD,7.3435,6.24e-06,NOMINAL,2026-03-07T14:54:40Z,1198
35793.0,DEBRIS,65121.0,PAYLOAD,7.3447,6.22e-06,NOMINAL,2026-03-07T08:27:40Z,811
39629.0,DEBRIS,54023.0,PAYLOAD,7.3448,6.22e-06,NOMINAL,2026-03-07T07:06:40Z,730
60291.0,PAYLOAD,63436.0,PAYLOAD,7.3451,6.21e-06,NOMINAL,2026-03-07T14:02:40Z,1146
58482.0,PAYLOAD,58636.0,PAYLOAD,7.3451,6.21e-06,NOMINAL,2026-03-07T07:02:40Z,726
59252.0,PAYLOAD,62288.0,PAYLOAD,7.3459,6.2e-06,NOMINAL,2026-03-07T11:37:40Z,1001
4485.0,ROCKET BODY,27816.0,PAYLOAD,7.3462,6.19e-06,NOMINAL,2026-03-06T23:04:40Z,248
28895.0,PAYLOAD,52159.0,PAYLOAD,7.3476,6.16e-06,NOMINAL,2026-03-07T06:53:40Z,717
62703.0,PAYLOAD,62715.0,PAYLOAD,7.348,6.15e-06,NOMINAL,2026-03-06T19:39:40Z,43
57510.0,PAYLOAD,66856.0,PAYLOAD,7.3484,6.15e-06,NOMINAL,2026-03-07T12:02:40Z,1026
4323.0,DEBRIS,32217.0,DEBRIS,7.3487,6.14e-06,NOMINAL,2026-03-07T12:39:40Z,1063
44752.0,PAYLOAD,63506.0,PAYLOAD,7.3519,6.08e-06,NOMINAL,2026-03-06T21:41:40Z,165
58077.0,PAYLOAD,63787.0,PAYLOAD,7.3522,6.07e-06,NOMINAL,2026-03-06T21:37:40Z,161
59673.0,PAYLOAD,66612.0,PAYLOAD,7.3535,6.04e-06,NOMINAL,2026-03-06T20:37:40Z,101
58521.0,PAYLOAD,58864.0,PAYLOAD,7.3548,6.02e-06,NOMINAL,2026-03-07T13:50:40Z,1134
66021.0,PAYLOAD,67165.0,PAYLOAD,7.3569,5.98e-06,NOMINAL,2026-03-07T02:25:40Z,449
59011.0,PAYLOAD,66794.0,PAYLOAD,7.3571,5.97e-06,NOMINAL,2026-03-06T21:47:40Z,171
17642.0,DEBRIS,25413.0,PAYLOAD,7.3574,5.97e-06,NOMINAL,2026-03-07T14:38:40Z,1182
62566.0,PAYLOAD,63554.0,PAYLOAD,7.3592,5.93e-06,NOMINAL,2026-03-07T16:20:40Z,1284
43762.0,PAYLOAD,62936.0,DEBRIS,7.3617,5.88e-06,NOMINAL,2026-03-06T19:34:40Z,38
47806.0,PAYLOAD,62607.0,PAYLOAD,7.3619,5.88e-06,NOMINAL,2026-03-07T12:35:40Z,1059
59927.0,PAYLOAD,63484.0,PAYLOAD,7.3627,5.86e-06,NOMINAL,2026-03-07T16:35:40Z,1299
57399.0,PAYLOAD,65101.0,PAYLOAD,7.3639,5.84e-06,NOMINAL,2026-03-07T01:47:40Z,411
3526.0,PAYLOAD,6871.0,DEBRIS,7.3639,5.84e-06,NOMINAL,2026-03-07T02:03:40Z,427
58986.0,PAYLOAD,59522.0,PAYLOAD,7.3641,5.84e-06,NOMINAL,2026-03-07T04:10:40Z,554
58246.0,PAYLOAD,66677.0,UNKNOWN,7.3644,5.83e-06,NOMINAL,2026-03-07T16:06:40Z,1270
2144.0,ROCKET BODY,13649.0,ROCKET BODY,7.3653,5.81e-06,NOMINAL,2026-03-07T18:40:40Z,1424
58675.0,PAYLOAD,58713.0,PAYLOAD,7.3655,5.81e-06,NOMINAL,2026-03-07T02:14:40Z,438
44891.0,UNKNOWN,58121.0,PAYLOAD,7.3658,5.81e-06,NOMINAL,2026-03-07T17:17:40Z,1341
66274.0,PAYLOAD,67493.0,PAYLOAD,7.3661,5.8e-06,NOMINAL,2026-03-07T02:07:40Z,431
59413.0,PAYLOAD,63372.0,PAYLOAD,7.3665,5.79e-06,NOMINAL,2026-03-07T10:56:40Z,960
59384.0,PAYLOAD,66863.0,PAYLOAD,7.3671,5.78e-06,NOMINAL,2026-03-07T09:36:40Z,880
48651.0,PAYLOAD,63416.0,PAYLOAD,7.3715,5.7e-06,NOMINAL,2026-03-07T00:32:40Z,336
17815.0,DEBRIS,42415.0,DEBRIS,7.373,5.67e-06,NOMINAL,2026-03-07T08:18:40Z,802
5271.0,DEBRIS,16842.0,DEBRIS,7.3743,5.65e-06,NOMINAL,2026-03-07T15:12:40Z,1216
47739.0,PAYLOAD,58469.0,PAYLOAD,7.3744,5.65e-06,NOMINAL,2026-03-06T23:49:40Z,293
22339.0,DEBRIS,25615.0,PAYLOAD,7.3747,5.64e-06,NOMINAL,2026-03-06T20:11:40Z,75
62759.0,PAYLOAD,63906.0,PAYLOAD,7.3768,5.6e-06,NOMINAL,2026-03-07T17:47:40Z,1371
52737.0,PAYLOAD,66395.0,PAYLOAD,7.3771,5.59e-06,NOMINAL,2026-03-07T06:10:40Z,674
59610.0,PAYLOAD,66099.0,PAYLOAD,7.3774,5.59e-06,NOMINAL,2026-03-06T19:45:40Z,49
58179.0,PAYLOAD,58889.0,PAYLOAD,7.3777,5.58e-06,NOMINAL,2026-03-07T05:29:40Z,633
5193.0,DEBRIS,54585.0,DEBRIS,7.378,5.58e-06,NOMINAL,2026-03-07T03:01:40Z,485
4550.0,DEBRIS,56204.0,PAYLOAD,7.378,5.58e-06,NOMINAL,2026-03-07T01:32:40Z,396
62054.0,PAYLOAD,66254.0,PAYLOAD,7.3788,5.56e-06,NOMINAL,2026-03-07T09:38:40Z,882
58070.0,PAYLOAD,63649.0,PAYLOAD,7.379,5.56e-06,NOMINAL,2026-03-06T22:44:40Z,228
58033.0,PAYLOAD,61629.0,PAYLOAD,7.3801,5.54e-06,NOMINAL,2026-03-07T11:41:40Z,1005
54236.0,ROCKET BODY,56676.0,DEBRIS,7.3807,5.53e-06,NOMINAL,2026-03-06T20:04:40Z,68
68.0,PAYLOAD,1818.0,ROCKET BODY,7.3818,5.51e-06,NOMINAL,2026-03-07T02:47:40Z,471
36684.0,DEBRIS,55501.0,PAYLOAD,7.3829,5.49e-06,NOMINAL,2026-03-07T06:57:40Z,721
58806.0,PAYLOAD,61973.0,PAYLOAD,7.3844,5.46e-06,NOMINAL,2026-03-07T06:47:40Z,711
37118.0,DEBRIS,64825.0,PAYLOAD,7.3848,5.45e-06,NOMINAL,2026-03-07T03:42:40Z,526
54504.0,DEBRIS,54546.0,DEBRIS,7.3853,5.45e-06,NOMINAL,2026-03-07T06:31:40Z,695
57900.0,PAYLOAD,65399.0,PAYLOAD,7.3868,5.42e-06,NOMINAL,2026-03-07T04:30:40Z,574
34451.0,DEBRIS,37127.0,DEBRIS,7.3871,5.41e-06,NOMINAL,2026-03-07T15:13:40Z,1217
62754.0,PAYLOAD,64690.0,PAYLOAD,7.3876,5.41e-06,NOMINAL,2026-03-07T01:42:40Z,406
3855.0,PAYLOAD,5625.0,PAYLOAD,7.3876,5.41e-06,NOMINAL,2026-03-06T21:17:40Z,141
58595.0,PAYLOAD,60028.0,PAYLOAD,7.3891,5.38e-06,NOMINAL,2026-03-07T06:08:40Z,672
14453.0,ROCKET BODY,60659.0,DEBRIS,7.3892,5.38e-06,NOMINAL,2026-03-07T16:39:40Z,1303
60271.0,PAYLOAD,63073.0,PAYLOAD,7.3893,5.37e-06,NOMINAL,2026-03-07T12:35:40Z,1059
52464.0,PAYLOAD,63254.0,PAYLOAD,7.3912,5.34e-06,NOMINAL,2026-03-06T20:09:40Z,73
58176.0,PAYLOAD,59843.0,PAYLOAD,7.3916,5.33e-06,NOMINAL,2026-03-07T00:46:40Z,350
63774.0,PAYLOAD,64204.0,PAYLOAD,7.3916,5.33e-06,NOMINAL,2026-03-07T12:51:40Z,1075
60530.0,UNKNOWN,62714.0,PAYLOAD,7.3918,5.33e-06,NOMINAL,2026-03-07T16:54:40Z,1318
45580.0,PAYLOAD,63283.0,PAYLOAD,7.3919,5.33e-06,NOMINAL,2026-03-06T19:37:40Z,41
2830.0,DEBRIS,5651.0,DEBRIS,7.3921,5.33e-06,NOMINAL,2026-03-07T15:59:40Z,1263
58908.0,PAYLOAD,65972.0,ROCKET BODY,7.3921,5.33e-06,NOMINAL,2026-03-07T14:37:40Z,1181
4383.0,PAYLOAD,44907.0,PAYLOAD,7.3926,5.32e-06,NOMINAL,2026-03-07T06:56:40Z,720
63650.0,PAYLOAD,65886.0,PAYLOAD,7.394,5.29e-06,NOMINAL,2026-03-07T15:23:40Z,1227
43344.0,DEBRIS,60780.0,DEBRIS,7.3955,5.27e-06,NOMINAL,2026-03-06T20:09:40Z,73
8704.0,DEBRIS,45572.0,PAYLOAD,7.3955,5.27e-06,NOMINAL,2026-03-07T05:16:40Z,620
57610.0,PAYLOAD,57615.0,PAYLOAD,7.3956,5.26e-06,NOMINAL,2026-03-07T16:17:40Z,1281
31631.0,DEBRIS,38024.0,DEBRIS,7.3958,5.26e-06,NOMINAL,2026-03-07T16:36:40Z,1300
45356.0,DEBRIS,55170.0,PAYLOAD,7.3977,5.23e-06,NOMINAL,2026-03-07T16:38:40Z,1302
63475.0,PAYLOAD,64920.0,PAYLOAD,7.4,5.19e-06,NOMINAL,2026-03-07T03:20:40Z,504
3457.0,PAYLOAD,5441.0,PAYLOAD,7.4002,5.19e-06,NOMINAL,2026-03-07T05:41:40Z,645
38417.0,DEBRIS,270313.0,UNKNOWN,7.4002,5.19e-06,NOMINAL,2026-03-07T13:17:40Z,1101
2228.0,DEBRIS,4126.0,PAYLOAD,7.4003,5.18e-06,NOMINAL,2026-03-07T02:10:40Z,434
31934.0,DEBRIS,88212.0,UNKNOWN,7.4007,5.18e-06,NOMINAL,2026-03-06T19:55:40Z,59
61717.0,PAYLOAD,63202.0,PAYLOAD,7.4011,5.17e-06,NOMINAL,2026-03-07T09:51:40Z,895
58938.0,PAYLOAD,66136.0,PAYLOAD,7.4016,5.16e-06,NOMINAL,2026-03-07T13:13:40Z,1097
47278.0,PAYLOAD,270149.0,UNKNOWN,7.402,5.16e-06,NOMINAL,2026-03-06T20:04:40Z,68
10346.0,DEBRIS,42135.0,DEBRIS,7.4023,5.15e-06,NOMINAL,2026-03-07T11:31:40Z,995
61702.0,PAYLOAD,66178.0,PAYLOAD,7.4023,5.15e-06,NOMINAL,2026-03-07T17:12:40Z,1336
63657.0,PAYLOAD,65900.0,PAYLOAD,7.4026,5.15e-06,NOMINAL,2026-03-07T17:35:40Z,1359
54986.0,DEBRIS,65822.0,ROCKET BODY,7.4026,5.14e-06,NOMINAL,2026-03-06T20:10:40Z,74
59162.0,PAYLOAD,64493.0,PAYLOAD,7.4044,5.11e-06,NOMINAL,2026-03-07T06:38:40Z,702
44768.0,PAYLOAD,66211.0,PAYLOAD,7.4046,5.11e-06,NOMINAL,2026-03-07T01:25:40Z,389
52858.0,PAYLOAD,57351.0,PAYLOAD,7.4046,5.11e-06,NOMINAL,2026-03-06T21:10:40Z,134
58452.0,PAYLOAD,64219.0,PAYLOAD,7.4053,5.1e-06,NOMINAL,2026-03-06T21:55:40Z,179
30521.0,DEBRIS,62944.0,DEBRIS,7.4066,5.08e-06,NOMINAL,2026-03-07T04:38:40Z,582
58921.0,PAYLOAD,60150.0,PAYLOAD,7.4067,5.08e-06,NOMINAL,2026-03-07T17:32:40Z,1356
58463.0,PAYLOAD,65594.0,PAYLOAD,7.4068,5.07e-06,NOMINAL,2026-03-07T00:56:40Z,360
53399.0,PAYLOAD,56132.0,PAYLOAD,7.4072,5.07e-06,NOMINAL,2026-03-07T03:07:40Z,491
59544.0,PAYLOAD,64010.0,PAYLOAD,7.4077,5.06e-06,NOMINAL,2026-03-07T17:17:40Z,1341
57869.0,PAYLOAD,58249.0,PAYLOAD,7.4093,5.03e-06,NOMINAL,2026-03-07T13:43:40Z,1127
61066.0,PAYLOAD,63485.0,PAYLOAD,7.4093,5.03e-06,NOMINAL,2026-03-07T10:20:40Z,924
5986.0,DEBRIS,12751.0,DEBRIS,7.4115,5e-06,NOMINAL,2026-03-07T06:48:40Z,712
19.0,PAYLOAD,10163.0,DEBRIS,7.4121,4.99e-06,NOMINAL,2026-03-07T02:52:40Z,476
4653.0,DEBRIS,38207.0,DEBRIS,7.4123,4.98e-06,NOMINAL,2026-03-07T05:34:40Z,638
10700.0,ROCKET BODY,67754.0,DEBRIS,7.4131,4.97e-06,NOMINAL,2026-03-07T14:09:40Z,1153
2314.0,DEBRIS,46354.0,PAYLOAD,7.4133,4.97e-06,NOMINAL,2026-03-07T16:25:40Z,1289
53692.0,PAYLOAD,57618.0,PAYLOAD,7.4139,4.96e-06,NOMINAL,2026-03-07T13:28:40Z,1112
55894.0,DEBRIS,65940.0,UNKNOWN,7.4142,4.95e-06,NOMINAL,2026-03-07T12:39:40Z,1063
25980.0,PAYLOAD,39884.0,DEBRIS,7.4151,4.94e-06,NOMINAL,2026-03-07T03:02:40Z,486
957.0,PAYLOAD,3188.0,DEBRIS,7.4151,4.94e-06,NOMINAL,2026-03-07T09:45:40Z,889
3096.0,ROCKET BODY,5476.0,ROCKET BODY,7.4154,4.93e-06,NOMINAL,2026-03-07T17:30:40Z,1354
6387.0,DEBRIS,9602.0,DEBRIS,7.4157,4.93e-06,NOMINAL,2026-03-07T18:39:40Z,1423
8058.0,DEBRIS,64010.0,PAYLOAD,7.4164,4.92e-06,NOMINAL,2026-03-07T17:31:40Z,1355
41790.0,PAYLOAD,55190.0,DEBRIS,7.4178,4.89e-06,NOMINAL,2026-03-07T08:03:40Z,787
31886.0,DEBRIS,54905.0,DEBRIS,7.418,4.89e-06,NOMINAL,2026-03-07T05:18:40Z,622
1219.0,DEBRIS,16403.0,DEBRIS,7.4183,4.89e-06,NOMINAL,2026-03-07T01:17:40Z,381
62525.0,PAYLOAD,63711.0,PAYLOAD,7.4185,4.88e-06,NOMINAL,2026-03-07T09:25:40Z,869
60425.0,PAYLOAD,66321.0,PAYLOAD,7.4188,4.88e-06,NOMINAL,2026-03-07T03:57:40Z,541
62153.0,PAYLOAD,67126.0,PAYLOAD,7.4189,4.88e-06,NOMINAL,2026-03-07T09:23:40Z,867
66355.0,PAYLOAD,66500.0,PAYLOAD,7.4194,4.87e-06,NOMINAL,2026-03-07T15:11:40Z,1215
1307.0,PAYLOAD,5769.0,PAYLOAD,7.4194,4.87e-06,NOMINAL,2026-03-07T05:51:40Z,655
48391.0,PAYLOAD,59837.0,PAYLOAD,7.4197,4.86e-06,NOMINAL,2026-03-07T04:52:40Z,596
8868.0,DEBRIS,18606.0,DEBRIS,7.4201,4.86e-06,NOMINAL,2026-03-07T04:32:40Z,576
58063.0,PAYLOAD,63648.0,PAYLOAD,7.4223,4.82e-06,NOMINAL,2026-03-07T08:20:40Z,804
64465.0,PAYLOAD,67466.0,PAYLOAD,7.4228,4.81e-06,NOMINAL,2026-03-07T14:35:40Z,1179
63722.0,PAYLOAD,67450.0,PAYLOAD,7.4266,4.75e-06,NOMINAL,2026-03-07T10:59:40Z,963
59554.0,PAYLOAD,63647.0,PAYLOAD,7.4273,4.74e-06,NOMINAL,2026-03-07T17:04:40Z,1328
45061.0,PAYLOAD,64081.0,PAYLOAD,7.4289,4.72e-06,NOMINAL,2026-03-07T00:34:40Z,338
47072.0,DEBRIS,59097.0,PAYLOAD,7.4293,4.71e-06,NOMINAL,2026-03-07T18:13:40Z,1397
46064.0,PAYLOAD,59042.0,PAYLOAD,7.4297,4.71e-06,NOMINAL,2026-03-07T14:41:40Z,1185
34538.0,DEBRIS,41409.0,DEBRIS,7.4305,4.69e-06,NOMINAL,2026-03-07T11:58:40Z,1022
6275.0,PAYLOAD,38820.0,DEBRIS,7.4309,4.69e-06,NOMINAL,2026-03-06T21:59:40Z,183
7575.0,ROCKET BODY,30466.0,DEBRIS,7.4312,4.68e-06,NOMINAL,2026-03-07T12:37:40Z,1061
8362.0,DEBRIS,8759.0,ROCKET BODY,7.4319,4.67e-06,NOMINAL,2026-03-07T02:41:40Z,465
31483.0,DEBRIS,48830.0,DEBRIS,7.4328,4.66e-06,NOMINAL,2026-03-07T17:31:40Z,1355
54335.0,DEBRIS,56670.0,DEBRIS,7.4332,4.65e-06,NOMINAL,2026-03-07T12:17:40Z,1041
9549.0,DEBRIS,36531.0,DEBRIS,7.4339,4.64e-06,NOMINAL,2026-03-07T08:14:40Z,798
56748.0,UNKNOWN,58514.0,PAYLOAD,7.4343,4.63e-06,NOMINAL,2026-03-07T17:28:40Z,1352
62406.0,PAYLOAD,65261.0,UNKNOWN,7.4345,4.63e-06,NOMINAL,2026-03-07T13:47:40Z,1131
38842.0,DEBRIS,45189.0,PAYLOAD,7.4345,4.63e-06,NOMINAL,2026-03-07T02:05:40Z,429
59105.0,PAYLOAD,64299.0,PAYLOAD,7.4358,4.61e-06,NOMINAL,2026-03-07T18:49:40Z,1433
61892.0,PAYLOAD,66340.0,PAYLOAD,7.436,4.61e-06,NOMINAL,2026-03-07T15:47:40Z,1251
31218.0,DEBRIS,36557.0,DEBRIS,7.4367,4.6e-06,NOMINAL,2026-03-06T21:21:40Z,145
26961.0,DEBRIS,58024.0,PAYLOAD,7.4369,4.59e-06,NOMINAL,2026-03-07T05:05:40Z,609
48573.0,PAYLOAD,66386.0,PAYLOAD,7.4379,4.58e-06,NOMINAL,2026-03-06T23:14:40Z,258
60065.0,PAYLOAD,62273.0,PAYLOAD,7.438,4.58e-06,NOMINAL,2026-03-07T00:26:40Z,330
19047.0,DEBRIS,36155.0,DEBRIS,7.4384,4.57e-06,NOMINAL,2026-03-07T06:57:40Z,721
58933.0,PAYLOAD,67169.0,PAYLOAD,7.4385,4.57e-06,NOMINAL,2026-03-07T13:11:40Z,1095
63963.0,PAYLOAD,66173.0,PAYLOAD,7.4388,4.57e-06,NOMINAL,2026-03-07T16:13:40Z,1277
5464.0,DEBRIS,67897.0,PAYLOAD,7.4392,4.56e-06,NOMINAL,2026-03-07T09:34:40Z,878
36675.0,DEBRIS,37789.0,PAYLOAD,7.4394,4.56e-06,NOMINAL,2026-03-07T17:11:40Z,1335
8454.0,DEBRIS,26406.0,PAYLOAD,7.4408,4.54e-06,NOMINAL,2026-03-07T09:24:40Z,868
22376.0,DEBRIS,29790.0,DEBRIS,7.4416,4.52e-06,NOMINAL,2026-03-07T16:03:40Z,1267
59863.0,PAYLOAD,67458.0,PAYLOAD,7.4417,4.52e-06,NOMINAL,2026-03-07T17:30:40Z,1354
62438.0,PAYLOAD,66798.0,PAYLOAD,7.4424,4.51e-06,NOMINAL,2026-03-07T03:03:40Z,487
30168.0,DEBRIS,54901.0,DEBRIS,7.4427,4.51e-06,NOMINAL,2026-03-06T22:36:40Z,220
62642.0,PAYLOAD,63895.0,PAYLOAD,7.4427,4.51e-06,NOMINAL,2026-03-06T21:26:40Z,150
39864.0,DEBRIS,41374.0,DEBRIS,7.4427,4.51e-06,NOMINAL,2026-03-07T15:14:40Z,1218
59689.0,PAYLOAD,66218.0,PAYLOAD,7.4428,4.51e-06,NOMINAL,2026-03-07T08:32:40Z,816
33901.0,DEBRIS,65916.0,PAYLOAD,7.443,4.5e-06,NOMINAL,2026-03-07T14:10:40Z,1154
26703.0,ROCKET BODY,50851.0,PAYLOAD,7.4442,4.48e-06,NOMINAL,2026-03-07T17:00:40Z,1324
60144.0,PAYLOAD,62141.0,PAYLOAD,7.4451,4.47e-06,NOMINAL,2026-03-07T10:33:40Z,937
45581.0,PAYLOAD,66133.0,PAYLOAD,7.4453,4.47e-06,NOMINAL,2026-03-07T18:09:40Z,1393
47916.0,PAYLOAD,67323.0,PAYLOAD,7.4455,4.47e-06,NOMINAL,2026-03-07T00:30:40Z,334
58371.0,PAYLOAD,63839.0,PAYLOAD,7.4457,4.46e-06,NOMINAL,2026-03-07T13:52:40Z,1136
57885.0,PAYLOAD,66088.0,PAYLOAD,7.4457,4.46e-06,NOMINAL,2026-03-07T06:43:40Z,707
65082.0,PAYLOAD,67033.0,PAYLOAD,7.4476,4.43e-06,NOMINAL,2026-03-07T09:29:40Z,873
45677.0,PAYLOAD,58544.0,PAYLOAD,7.4481,4.43e-06,NOMINAL,2026-03-07T06:07:40Z,671
59313.0,PAYLOAD,63858.0,PAYLOAD,7.4496,4.41e-06,NOMINAL,2026-03-07T04:14:40Z,558
62282.0,PAYLOAD,66861.0,PAYLOAD,7.4496,4.41e-06,NOMINAL,2026-03-07T18:21:40Z,1405
58981.0,PAYLOAD,66469.0,PAYLOAD,7.4502,4.4e-06,NOMINAL,2026-03-07T08:32:40Z,816
42282.0,DEBRIS,61095.0,DEBRIS,7.4507,4.39e-06,NOMINAL,2026-03-07T18:33:40Z,1417
58444.0,PAYLOAD,62765.0,PAYLOAD,7.4516,4.38e-06,NOMINAL,2026-03-06T19:58:40Z,62
27653.0,DEBRIS,53485.0,PAYLOAD,7.4519,4.37e-06,NOMINAL,2026-03-07T04:20:40Z,564
57476.0,PAYLOAD,58860.0,PAYLOAD,7.4525,4.36e-06,NOMINAL,2026-03-07T12:37:40Z,1061
45971.0,DEBRIS,61769.0,UNKNOWN,7.4531,4.36e-06,NOMINAL,2026-03-07T10:43:40Z,947
57179.0,UNKNOWN,58025.0,PAYLOAD,7.4538,4.34e-06,NOMINAL,2026-03-07T03:54:40Z,538
60922.0,PAYLOAD,61980.0,PAYLOAD,7.4544,4.34e-06,NOMINAL,2026-03-07T10:38:40Z,942
54007.0,PAYLOAD,56377.0,PAYLOAD,7.455,4.33e-06,NOMINAL,2026-03-06T22:55:40Z,239
14425.0,PAYLOAD,60041.0,PAYLOAD,7.455,4.33e-06,NOMINAL,2026-03-07T10:56:40Z,960
62021.0,PAYLOAD,66279.0,PAYLOAD,7.4562,4.31e-06,NOMINAL,2026-03-07T18:27:40Z,1411
58489.0,PAYLOAD,61916.0,PAYLOAD,7.457,4.3e-06,NOMINAL,2026-03-07T14:09:40Z,1153
58231.0,PAYLOAD,62155.0,PAYLOAD,7.4572,4.3e-06,NOMINAL,2026-03-07T11:13:40Z,977
7684.0,PAYLOAD,18731.0,DEBRIS,7.4575,4.29e-06,NOMINAL,2026-03-07T13:26:40Z,1110
57715.0,PAYLOAD,58121.0,PAYLOAD,7.4579,4.29e-06,NOMINAL,2026-03-07T07:54:40Z,778
54856.0,PAYLOAD,54867.0,PAYLOAD,7.4586,4.28e-06,NOMINAL,2026-03-07T11:23:40Z,987
15399.0,ROCKET BODY,37713.0,DEBRIS,7.4595,4.26e-06,NOMINAL,2026-03-07T08:36:40Z,820
18271.0,DEBRIS,270262.0,UNKNOWN,7.4609,4.24e-06,NOMINAL,2026-03-06T22:58:40Z,242
62051.0,PAYLOAD,62810.0,PAYLOAD,7.461,4.24e-06,NOMINAL,2026-03-07T11:24:40Z,988
60200.0,PAYLOAD,66459.0,PAYLOAD,7.4623,4.22e-06,NOMINAL,2026-03-07T14:24:40Z,1168
343.0,PAYLOAD,8823.0,PAYLOAD,7.4638,4.2e-06,NOMINAL,2026-03-07T09:29:40Z,873
13783.0,DEBRIS,22812.0,DEBRIS,7.4663,4.17e-06,NOMINAL,2026-03-07T16:06:40Z,1270
58595.0,PAYLOAD,67122.0,PAYLOAD,7.4666,4.16e-06,NOMINAL,2026-03-07T18:48:40Z,1432
892.0,ROCKET BODY,6280.0,DEBRIS,7.4685,4.14e-06,NOMINAL,2026-03-07T12:50:40Z,1074
60066.0,PAYLOAD,64075.0,PAYLOAD,7.4689,4.13e-06,NOMINAL,2026-03-07T12:37:40Z,1061
56921.0,PAYLOAD,65594.0,PAYLOAD,7.4693,4.13e-06,NOMINAL,2026-03-07T09:28:40Z,872
57710.0,PAYLOAD,66809.0,PAYLOAD,7.4695,4.12e-06,NOMINAL,2026-03-07T09:02:40Z,846
21276.0,DEBRIS,28614.0,DEBRIS,7.47,4.12e-06,NOMINAL,2026-03-06T21:59:40Z,183
5710.0,DEBRIS,10667.0,ROCKET BODY,7.4706,4.11e-06,NOMINAL,2026-03-06T19:29:40Z,33
58226.0,PAYLOAD,63957.0,PAYLOAD,7.4706,4.11e-06,NOMINAL,2026-03-07T09:58:40Z,902
10418.0,DEBRIS,59703.0,PAYLOAD,7.4707,4.11e-06,NOMINAL,2026-03-06T23:32:40Z,276
52158.0,PAYLOAD,67381.0,PAYLOAD,7.4709,4.11e-06,NOMINAL,2026-03-07T09:37:40Z,881
27752.0,DEBRIS,29777.0,DEBRIS,7.4712,4.1e-06,NOMINAL,2026-03-07T04:37:40Z,581
51645.0,PAYLOAD,54943.0,DEBRIS,7.4712,4.1e-06,NOMINAL,2026-03-07T15:20:40Z,1224
40448.0,DEBRIS,41513.0,DEBRIS,7.4715,4.1e-06,NOMINAL,2026-03-07T11:30:40Z,994
59084.0,PAYLOAD,62424.0,PAYLOAD,7.4716,4.1e-06,NOMINAL,2026-03-07T15:22:40Z,1226
30887.0,DEBRIS,55060.0,PAYLOAD,7.4728,4.08e-06,NOMINAL,2026-03-07T03:46:40Z,530
9656.0,DEBRIS,43484.0,PAYLOAD,7.4729,4.08e-06,NOMINAL,2026-03-07T03:55:40Z,539
54497.0,DEBRIS,54616.0,DEBRIS,7.4737,4.07e-06,NOMINAL,2026-03-07T01:22:40Z,386
28312.0,DEBRIS,28480.0,ROCKET BODY,7.474,4.06e-06,NOMINAL,2026-03-07T06:09:40Z,673
58011.0,PAYLOAD,62033.0,PAYLOAD,7.4747,4.05e-06,NOMINAL,2026-03-07T03:08:40Z,492
6291.0,PAYLOAD,11359.0,ROCKET BODY,7.4752,4.05e-06,NOMINAL,2026-03-07T08:09:40Z,793
58827.0,PAYLOAD,59961.0,PAYLOAD,7.4765,4.03e-06,NOMINAL,2026-03-07T08:21:40Z,805
58721.0,PAYLOAD,63807.0,PAYLOAD,7.4769,4.02e-06,NOMINAL,2026-03-06T20:08:40Z,72
59032.0,PAYLOAD,61680.0,PAYLOAD,7.477,4.02e-06,NOMINAL,2026-03-07T07:40:40Z,764
57644.0,PAYLOAD,59733.0,PAYLOAD,7.4779,4.01e-06,NOMINAL,2026-03-07T00:30:40Z,334
66700.0,PAYLOAD,67256.0,UNKNOWN,7.4783,4.01e-06,NOMINAL,2026-03-06T20:18:40Z,82
11047.0,PAYLOAD,12980.0,PAYLOAD,7.4809,3.97e-06,NOMINAL,2026-03-07T03:27:40Z,511
40411.0,DEBRIS,42323.0,DEBRIS,7.4811,3.97e-06,NOMINAL,2026-03-06T22:09:40Z,193
34046.0,DEBRIS,42805.0,PAYLOAD,7.4812,3.97e-06,NOMINAL,2026-03-07T09:10:40Z,854
62232.0,PAYLOAD,65826.0,PAYLOAD,7.4817,3.96e-06,NOMINAL,2026-03-07T08:32:40Z,816
48658.0,PAYLOAD,63419.0,PAYLOAD,7.4821,3.96e-06,NOMINAL,2026-03-06T23:49:40Z,293
58541.0,PAYLOAD,63894.0,PAYLOAD,7.4827,3.95e-06,NOMINAL,2026-03-07T12:33:40Z,1057
23153.0,DEBRIS,40698.0,ROCKET BODY,7.4832,3.94e-06,NOMINAL,2026-03-06T21:49:40Z,173
38405.0,DEBRIS,270200.0,UNKNOWN,7.4834,3.94e-06,NOMINAL,2026-03-07T14:47:40Z,1191
58595.0,PAYLOAD,63955.0,PAYLOAD,7.4834,3.94e-06,NOMINAL,2026-03-07T13:20:40Z,1104
66746.0,UNKNOWN,67676.0,UNKNOWN,7.4838,3.93e-06,NOMINAL,2026-03-06T22:31:40Z,215
63438.0,PAYLOAD,66210.0,PAYLOAD,7.4864,3.9e-06,NOMINAL,2026-03-06T22:19:40Z,203
27655.0,DEBRIS,40975.0,PAYLOAD,7.4874,3.89e-06,NOMINAL,2026-03-07T02:08:40Z,432
30810.0,DEBRIS,35366.0,DEBRIS,7.4876,3.88e-06,NOMINAL,2026-03-07T03:02:40Z,486
58855.0,PAYLOAD,66583.0,PAYLOAD,7.4881,3.88e-06,NOMINAL,2026-03-07T16:55:40Z,1319
29782.0,DEBRIS,54451.0,DEBRIS,7.4882,3.88e-06,NOMINAL,2026-03-07T09:13:40Z,857
64729.0,PAYLOAD,67454.0,PAYLOAD,7.4899,3.85e-06,NOMINAL,2026-03-07T11:32:40Z,996
31088.0,DEBRIS,32414.0,DEBRIS,7.4905,3.85e-06,NOMINAL,2026-03-06T22:56:40Z,240
13612.0,ROCKET BODY,65731.0,UNKNOWN,7.4924,3.82e-06,NOMINAL,2026-03-06T23:00:40Z,244
59411.0,PAYLOAD,60034.0,PAYLOAD,7.493,3.81e-06,NOMINAL,2026-03-07T12:06:40Z,1030
58494.0,PAYLOAD,60351.0,PAYLOAD,7.4941,3.8e-06,NOMINAL,2026-03-07T14:22:40Z,1166
60302.0,PAYLOAD,62062.0,PAYLOAD,7.4942,3.8e-06,NOMINAL,2026-03-07T06:15:40Z,679
1335.0,DEBRIS,65186.0,PAYLOAD,7.4948,3.79e-06,NOMINAL,2026-03-07T15:27:40Z,1231
58529.0,PAYLOAD,62859.0,PAYLOAD,7.4962,3.77e-06,NOMINAL,2026-03-07T12:30:40Z,1054
61890.0,PAYLOAD,66134.0,PAYLOAD,7.4965,3.77e-06,NOMINAL,2026-03-07T09:49:40Z,893
57910.0,PAYLOAD,63583.0,PAYLOAD,7.497,3.76e-06,NOMINAL,2026-03-07T03:36:40Z,520
4453.0,DEBRIS,17615.0,DEBRIS,7.4986,3.74e-06,NOMINAL,2026-03-06T21:51:40Z,175
21291.0,DEBRIS,54567.0,DEBRIS,7.4989,3.74e-06,NOMINAL,2026-03-07T10:50:40Z,954
20090.0,DEBRIS,52362.0,PAYLOAD,7.499,3.74e-06,NOMINAL,2026-03-06T21:27:40Z,151
55210.0,DEBRIS,56674.0,DEBRIS,7.5008,3.72e-06,NOMINAL,2026-03-07T11:38:40Z,1002
21547.0,DEBRIS,56066.0,PAYLOAD,7.5015,3.71e-06,NOMINAL,2026-03-07T06:51:40Z,715
5115.0,DEBRIS,9514.0,DEBRIS,7.5026,3.69e-06,NOMINAL,2026-03-07T02:34:40Z,458
449.0,DEBRIS,5343.0,DEBRIS,7.5033,3.69e-06,NOMINAL,2026-03-07T17:06:40Z,1330
52266.0,PAYLOAD,53542.0,PAYLOAD,7.5057,3.66e-06,NOMINAL,2026-03-06T23:58:40Z,302
48582.0,PAYLOAD,53201.0,PAYLOAD,7.5066,3.64e-06,NOMINAL,2026-03-07T15:21:40Z,1225
48690.0,PAYLOAD,57789.0,PAYLOAD,7.5071,3.64e-06,NOMINAL,2026-03-07T11:55:40Z,1019
59199.0,PAYLOAD,63822.0,PAYLOAD,7.5074,3.64e-06,NOMINAL,2026-03-07T09:26:40Z,870
61863.0,PAYLOAD,63071.0,PAYLOAD,7.5074,3.64e-06,NOMINAL,2026-03-07T14:19:40Z,1163
60740.0,PAYLOAD,63486.0,PAYLOAD,7.5077,3.63e-06,NOMINAL,2026-03-07T05:03:40Z,607
28598.0,DEBRIS,53797.0,PAYLOAD,7.5087,3.62e-06,NOMINAL,2026-03-07T02:39:40Z,463
62035.0,PAYLOAD,66881.0,PAYLOAD,7.5089,3.62e-06,NOMINAL,2026-03-07T14:35:40Z,1179
59837.0,PAYLOAD,65840.0,PAYLOAD,7.5094,3.61e-06,NOMINAL,2026-03-06T20:34:40Z,98
63832.0,PAYLOAD,66793.0,PAYLOAD,7.5096,3.61e-06,NOMINAL,2026-03-07T16:32:40Z,1296
53046.0,PAYLOAD,57262.0,PAYLOAD,7.5096,3.61e-06,NOMINAL,2026-03-07T03:48:40Z,532
53402.0,PAYLOAD,61189.0,PAYLOAD,7.511,3.59e-06,NOMINAL,2026-03-07T01:16:40Z,380
59341.0,PAYLOAD,65906.0,PAYLOAD,7.5117,3.58e-06,NOMINAL,2026-03-06T22:24:40Z,208
39260.0,PAYLOAD,56255.0,DEBRIS,7.5123,3.58e-06,NOMINAL,2026-03-07T14:38:40Z,1182
31129.0,PAYLOAD,33698.0,DEBRIS,7.5134,3.56e-06,NOMINAL,2026-03-07T10:41:40Z,945
1167.0,DEBRIS,62476.0,PAYLOAD,7.5144,3.55e-06,NOMINAL,2026-03-07T05:26:40Z,630
58842.0,PAYLOAD,60469.0,PAYLOAD,7.5165,3.53e-06,NOMINAL,2026-03-07T14:40:40Z,1184
65897.0,PAYLOAD,67319.0,PAYLOAD,7.5166,3.53e-06,NOMINAL,2026-03-07T14:58:40Z,1202
58484.0,PAYLOAD,63322.0,PAYLOAD,7.5172,3.52e-06,NOMINAL,2026-03-07T13:35:40Z,1119
883.0,PAYLOAD,5004.0,ROCKET BODY,7.5173,3.52e-06,NOMINAL,2026-03-06T19:03:40Z,7
62232.0,PAYLOAD,66343.0,PAYLOAD,7.5173,3.52e-06,NOMINAL,2026-03-07T17:04:40Z,1328
1546.0,DEBRIS,49949.0,PAYLOAD,7.5181,3.51e-06,NOMINAL,2026-03-07T05:44:40Z,648
61615.0,PAYLOAD,64347.0,PAYLOAD,7.5189,3.5e-06,NOMINAL,2026-03-07T18:17:40Z,1401
48608.0,DEBRIS,53565.0,PAYLOAD,7.52,3.49e-06,NOMINAL,2026-03-07T04:52:40Z,596
1293.0,PAYLOAD,30673.0,DEBRIS,7.5205,3.48e-06,NOMINAL,2026-03-07T12:19:40Z,1043
52707.0,PAYLOAD,54861.0,PAYLOAD,7.5208,3.48e-06,NOMINAL,2026-03-07T05:10:40Z,614
56877.0,PAYLOAD,65397.0,PAYLOAD,7.5211,3.47e-06,NOMINAL,2026-03-07T14:43:40Z,1187
63320.0,PAYLOAD,66885.0,PAYLOAD,7.5213,3.47e-06,NOMINAL,2026-03-07T03:53:40Z,537
47656.0,PAYLOAD,59075.0,PAYLOAD,7.5224,3.46e-06,NOMINAL,2026-03-07T16:00:40Z,1264
57248.0,PAYLOAD,65670.0,PAYLOAD,7.5224,3.46e-06,NOMINAL,2026-03-07T15:44:40Z,1248
63088.0,PAYLOAD,66316.0,PAYLOAD,7.5252,3.43e-06,NOMINAL,2026-03-07T02:36:40Z,460
21470.0,DEBRIS,31256.0,DEBRIS,7.5254,3.42e-06,NOMINAL,2026-03-07T16:11:40Z,1275
57866.0,PAYLOAD,59773.0,PAYLOAD,7.5255,3.42e-06,NOMINAL,2026-03-07T09:28:40Z,872
46058.0,PAYLOAD,63794.0,PAYLOAD,7.5255,3.42e-06,NOMINAL,2026-03-07T18:23:40Z,1407
59525.0,PAYLOAD,61516.0,PAYLOAD,7.5264,3.41e-06,NOMINAL,2026-03-07T08:58:40Z,842
62674.0,UNKNOWN,67179.0,PAYLOAD,7.5268,3.41e-06,NOMINAL,2026-03-07T16:22:40Z,1286
61714.0,PAYLOAD,66345.0,PAYLOAD,7.5295,3.38e-06,NOMINAL,2026-03-07T09:06:40Z,850
17717.0,DEBRIS,48964.0,PAYLOAD,7.5299,3.37e-06,NOMINAL,2026-03-07T01:56:40Z,420
48361.0,PAYLOAD,66494.0,PAYLOAD,7.5301,3.37e-06,NOMINAL,2026-03-07T10:21:40Z,925
39490.0,PAYLOAD,67075.0,PAYLOAD,7.5315,3.35e-06,NOMINAL,2026-03-07T04:07:40Z,551
64053.0,UNKNOWN,64090.0,UNKNOWN,7.532,3.35e-06,NOMINAL,2026-03-07T15:21:40Z,1225
1522.0,DEBRIS,32104.0,DEBRIS,7.5328,3.34e-06,NOMINAL,2026-03-07T08:17:40Z,801
19422.0,DEBRIS,22207.0,PAYLOAD,7.533,3.34e-06,NOMINAL,2026-03-07T12:02:40Z,1026
63381.0,PAYLOAD,66155.0,PAYLOAD,7.5332,3.34e-06,NOMINAL,2026-03-07T18:26:40Z,1410
31748.0,DEBRIS,53817.0,ROCKET BODY,7.5334,3.33e-06,NOMINAL,2026-03-06T20:46:40Z,110
65314.0,ROCKET BODY,270090.0,UNKNOWN,7.5337,3.33e-06,NOMINAL,2026-03-06T22:13:40Z,197
51894.0,PAYLOAD,55588.0,PAYLOAD,7.5339,3.33e-06,NOMINAL,2026-03-07T13:59:40Z,1143
8630.0,DEBRIS,8656.0,DEBRIS,7.5342,3.32e-06,NOMINAL,2026-03-07T15:20:40Z,1224
58606.0,PAYLOAD,63975.0,PAYLOAD,7.5352,3.31e-06,NOMINAL,2026-03-07T16:05:40Z,1269
4921.0,DEBRIS,35997.0,DEBRIS,7.5355,3.31e-06,NOMINAL,2026-03-07T00:49:40Z,353
33711.0,DEBRIS,37682.0,DEBRIS,7.5374,3.29e-06,NOMINAL,2026-03-07T16:25:40Z,1289
31763.0,DEBRIS,41078.0,DEBRIS,7.5376,3.29e-06,NOMINAL,2026-03-07T01:13:40Z,377
58750.0,PAYLOAD,61849.0,PAYLOAD,7.5381,3.28e-06,NOMINAL,2026-03-07T18:22:40Z,1406
67392.0,PAYLOAD,67397.0,PAYLOAD,7.5387,3.27e-06,NOMINAL,2026-03-07T18:36:40Z,1420
58532.0,PAYLOAD,64445.0,PAYLOAD,7.5405,3.26e-06,NOMINAL,2026-03-07T13:47:40Z,1131
34011.0,DEBRIS,42805.0,PAYLOAD,7.5419,3.24e-06,NOMINAL,2026-03-07T14:38:40Z,1182
58767.0,PAYLOAD,63637.0,PAYLOAD,7.5435,3.22e-06,NOMINAL,2026-03-07T14:09:40Z,1153
16011.0,PAYLOAD,54989.0,DEBRIS,7.5437,3.22e-06,NOMINAL,2026-03-07T01:22:40Z,386
31910.0,DEBRIS,56590.0,DEBRIS,7.5441,3.22e-06,NOMINAL,2026-03-07T02:45:40Z,469
30379.0,DEBRIS,54486.0,DEBRIS,7.5447,3.21e-06,NOMINAL,2026-03-07T00:25:40Z,329
25552.0,DEBRIS,60828.0,DEBRIS,7.5451,3.21e-06,NOMINAL,2026-03-07T16:01:40Z,1265
56934.0,PAYLOAD,66172.0,PAYLOAD,7.5463,3.19e-06,NOMINAL,2026-03-07T02:24:40Z,448
57496.0,PAYLOAD,66175.0,UNKNOWN,7.5467,3.19e-06,NOMINAL,2026-03-07T08:45:40Z,829
6910.0,ROCKET BODY,35202.0,DEBRIS,7.5479,3.17e-06,NOMINAL,2026-03-07T04:55:40Z,599
65956.0,PAYLOAD,67234.0,UNKNOWN,7.5496,3.16e-06,NOMINAL,2026-03-07T16:54:40Z,1318
64607.0,PAYLOAD,66598.0,PAYLOAD,7.5498,3.15e-06,NOMINAL,2026-03-07T00:19:40Z,323
66404.0,PAYLOAD,66428.0,PAYLOAD,7.5498,3.15e-06,NOMINAL,2026-03-07T15:40:40Z,1244
61957.0,PAYLOAD,62120.0,PAYLOAD,7.5499,3.15e-06,NOMINAL,2026-03-07T07:02:40Z,726
2350.0,ROCKET BODY,56845.0,PAYLOAD,7.5502,3.15e-06,NOMINAL,2026-03-07T12:51:40Z,1075
58439.0,PAYLOAD,65946.0,UNKNOWN,7.5506,3.15e-06,NOMINAL,2026-03-07T08:05:40Z,789
30381.0,DEBRIS,37654.0,DEBRIS,7.5514,3.14e-06,NOMINAL,2026-03-06T20:37:40Z,101
58228.0,PAYLOAD,65692.0,PAYLOAD,7.5518,3.13e-06,NOMINAL,2026-03-07T02:40:40Z,464
45100.0,PAYLOAD,53800.0,PAYLOAD,7.5521,3.13e-06,NOMINAL,2026-03-07T07:42:40Z,766
59702.0,PAYLOAD,62214.0,PAYLOAD,7.5523,3.13e-06,NOMINAL,2026-03-07T15:17:40Z,1221
63765.0,PAYLOAD,67113.0,PAYLOAD,7.5554,3.1e-06,NOMINAL,2026-03-07T16:11:40Z,1275
59724.0,PAYLOAD,62381.0,PAYLOAD,7.5564,3.09e-06,NOMINAL,2026-03-07T18:16:40Z,1400
59419.0,PAYLOAD,63591.0,PAYLOAD,7.558,3.07e-06,NOMINAL,2026-03-07T03:58:40Z,542
54566.0,DEBRIS,56682.0,DEBRIS,7.558,3.07e-06,NOMINAL,2026-03-06T19:52:40Z,56
58214.0,PAYLOAD,61960.0,PAYLOAD,7.5583,3.07e-06,NOMINAL,2026-03-07T03:00:40Z,484
18822.0,PAYLOAD,61367.0,DEBRIS,7.5588,3.06e-06,NOMINAL,2026-03-06T19:31:40Z,35
34985.0,DEBRIS,61308.0,DEBRIS,7.559,3.06e-06,NOMINAL,2026-03-07T14:33:40Z,1177
30925.0,DEBRIS,41379.0,DEBRIS,7.5594,3.05e-06,NOMINAL,2026-03-07T12:01:40Z,1025
53083.0,PAYLOAD,56319.0,PAYLOAD,7.5598,3.05e-06,NOMINAL,2026-03-07T18:15:40Z,1399
42366.0,DEBRIS,66157.0,PAYLOAD,7.5607,3.04e-06,NOMINAL,2026-03-07T12:37:40Z,1061
62110.0,PAYLOAD,65346.0,PAYLOAD,7.5614,3.03e-06,NOMINAL,2026-03-07T02:11:40Z,435
59859.0,PAYLOAD,66481.0,PAYLOAD,7.5623,3.02e-06,NOMINAL,2026-03-07T00:16:40Z,320
8829.0,DEBRIS,35229.0,DEBRIS,7.5628,3.02e-06,NOMINAL,2026-03-07T10:22:40Z,926
37651.0,DEBRIS,39662.0,DEBRIS,7.5646,3e-06,NOMINAL,2026-03-07T16:21:40Z,1285
34859.0,DEBRIS,59539.0,PAYLOAD,7.565,3e-06,NOMINAL,2026-03-06T19:27:40Z,31
48131.0,PAYLOAD,50808.0,PAYLOAD,7.5651,3e-06,NOMINAL,2026-03-07T12:53:40Z,1077
46466.0,DEBRIS,49193.0,PAYLOAD,7.5651,3e-06,NOMINAL,2026-03-07T00:30:40Z,334
62605.0,PAYLOAD,62758.0,PAYLOAD,7.5659,2.99e-06,NOMINAL,2026-03-07T10:09:40Z,913
57524.0,PAYLOAD,67316.0,PAYLOAD,7.5664,2.98e-06,NOMINAL,2026-03-07T15:48:40Z,1252
40014.0,PAYLOAD,52632.0,PAYLOAD,7.5672,2.98e-06,NOMINAL,2026-03-07T18:41:40Z,1425
1739.0,ROCKET BODY,31455.0,DEBRIS,7.5678,2.97e-06,NOMINAL,2026-03-07T00:10:40Z,314
60562.0,PAYLOAD,64609.0,PAYLOAD,7.5686,2.96e-06,NOMINAL,2026-03-07T16:13:40Z,1277
59412.0,PAYLOAD,61667.0,PAYLOAD,7.5692,2.96e-06,NOMINAL,2026-03-07T09:07:40Z,851
36606.0,ROCKET BODY,49446.0,PAYLOAD,7.5696,2.95e-06,NOMINAL,2026-03-07T05:11:40Z,615
44629.0,ROCKET BODY,53690.0,PAYLOAD,7.5699,2.95e-06,NOMINAL,2026-03-07T08:07:40Z,791
9529.0,DEBRIS,10080.0,DEBRIS,7.5705,2.94e-06,NOMINAL,2026-03-07T05:46:40Z,650
48573.0,PAYLOAD,62526.0,PAYLOAD,7.5716,2.93e-06,NOMINAL,2026-03-07T07:07:40Z,731
59195.0,PAYLOAD,64002.0,PAYLOAD,7.5719,2.93e-06,NOMINAL,2026-03-07T08:58:40Z,842
59327.0,PAYLOAD,63803.0,PAYLOAD,7.5729,2.92e-06,NOMINAL,2026-03-07T11:38:40Z,1002
3815.0,DEBRIS,57443.0,PAYLOAD,7.5732,2.92e-06,NOMINAL,2026-03-07T03:14:40Z,498
48375.0,PAYLOAD,65104.0,PAYLOAD,7.5743,2.91e-06,NOMINAL,2026-03-07T13:17:40Z,1101
56698.0,PAYLOAD,62670.0,PAYLOAD,7.575,2.9e-06,NOMINAL,2026-03-07T17:38:40Z,1362
60093.0,PAYLOAD,62050.0,PAYLOAD,7.5752,2.9e-06,NOMINAL,2026-03-06T21:26:40Z,150
53650.0,PAYLOAD,64026.0,PAYLOAD,7.5757,2.89e-06,NOMINAL,2026-03-07T13:39:40Z,1123
58945.0,PAYLOAD,62842.0,PAYLOAD,7.5776,2.87e-06,NOMINAL,2026-03-06T18:56:40Z,0
57764.0,PAYLOAD,65583.0,PAYLOAD,7.5776,2.87e-06,NOMINAL,2026-03-07T02:09:40Z,433
54484.0,DEBRIS,54517.0,DEBRIS,7.578,2.87e-06,NOMINAL,2026-03-07T12:57:40Z,1081
32173.0,DEBRIS,60968.0,DEBRIS,7.5795,2.85e-06,NOMINAL,2026-03-07T02:17:40Z,441
55458.0,PAYLOAD,62406.0,PAYLOAD,7.5802,2.85e-06,NOMINAL,2026-03-07T17:47:40Z,1371
58795.0,PAYLOAD,61977.0,PAYLOAD,7.5807,2.84e-06,NOMINAL,2026-03-07T14:01:40Z,1145
46053.0,PAYLOAD,63446.0,PAYLOAD,7.583,2.82e-06,NOMINAL,2026-03-07T09:53:40Z,897
26703.0,ROCKET BODY,53985.0,PAYLOAD,7.5834,2.82e-06,NOMINAL,2026-03-07T17:02:40Z,1326
44207.0,PAYLOAD,59919.0,UNKNOWN,7.5837,2.82e-06,NOMINAL,2026-03-07T15:27:40Z,1231
27733.0,DEBRIS,41058.0,DEBRIS,7.5851,2.8e-06,NOMINAL,2026-03-07T11:59:40Z,1023
48391.0,PAYLOAD,63500.0,PAYLOAD,7.5851,2.8e-06,NOMINAL,2026-03-07T12:25:40Z,1049
30613.0,DEBRIS,48684.0,PAYLOAD,7.5858,2.8e-06,NOMINAL,2026-03-07T12:08:40Z,1032
39716.0,DEBRIS,59284.0,PAYLOAD,7.5861,2.79e-06,NOMINAL,2026-03-07T00:00:40Z,304
42141.0,DEBRIS,61430.0,DEBRIS,7.5863,2.79e-06,NOMINAL,2026-03-07T06:15:40Z,679
53658.0,PAYLOAD,55383.0,PAYLOAD,7.5864,2.79e-06,NOMINAL,2026-03-07T07:20:40Z,744
31232.0,DEBRIS,82820.0,UNKNOWN,7.5865,2.79e-06,NOMINAL,2026-03-06T20:01:40Z,65
34721.0,DEBRIS,40339.0,PAYLOAD,7.5867,2.79e-06,NOMINAL,2026-03-06T19:59:40Z,63
948.0,ROCKET BODY,6525.0,DEBRIS,7.5882,2.77e-06,NOMINAL,2026-03-07T04:15:40Z,559
62506.0,PAYLOAD,66362.0,PAYLOAD,7.5884,2.77e-06,NOMINAL,2026-03-07T11:13:40Z,977
2685.0,DEBRIS,54064.0,PAYLOAD,7.5887,2.77e-06,NOMINAL,2026-03-06T23:46:40Z,290
6074.0,DEBRIS,51139.0,PAYLOAD,7.5888,2.77e-06,NOMINAL,2026-03-07T03:31:40Z,515
64833.0,PAYLOAD,65124.0,PAYLOAD,7.5891,2.76e-06,NOMINAL,2026-03-07T11:55:40Z,1019
8827.0,DEBRIS,87841.0,TBA,7.5893,2.76e-06,NOMINAL,2026-03-06T21:40:40Z,164
65636.0,PAYLOAD,66865.0,PAYLOAD,7.5897,2.76e-06,NOMINAL,2026-03-07T03:39:40Z,523
47843.0,PAYLOAD,60329.0,PAYLOAD,7.5897,2.76e-06,NOMINAL,2026-03-07T15:43:40Z,1247
60106.0,PAYLOAD,66977.0,PAYLOAD,7.5905,2.75e-06,NOMINAL,2026-03-07T02:32:40Z,456
42831.0,PAYLOAD,55286.0,PAYLOAD,7.5907,2.75e-06,NOMINAL,2026-03-07T00:50:40Z,354
48284.0,PAYLOAD,59237.0,PAYLOAD,7.5908,2.75e-06,NOMINAL,2026-03-06T23:27:40Z,271
55003.0,DEBRIS,60539.0,PAYLOAD,7.5915,2.74e-06,NOMINAL,2026-03-07T02:15:40Z,439
58676.0,PAYLOAD,60321.0,PAYLOAD,7.592,2.74e-06,NOMINAL,2026-03-07T17:33:40Z,1357
2648.0,ROCKET BODY,9912.0,ROCKET BODY,7.5954,2.71e-06,NOMINAL,2026-03-07T15:36:40Z,1240
66695.0,PAYLOAD,67256.0,UNKNOWN,7.5958,2.7e-06,NOMINAL,2026-03-07T15:15:40Z,1219
30109.0,DEBRIS,54289.0,DEBRIS,7.5959,2.7e-06,NOMINAL,2026-03-07T12:01:40Z,1025
57829.0,PAYLOAD,63779.0,PAYLOAD,7.5964,2.7e-06,NOMINAL,2026-03-06T20:26:40Z,90
6030.0,DEBRIS,11596.0,DEBRIS,7.5967,2.69e-06,NOMINAL,2026-03-06T20:29:40Z,93
53425.0,PAYLOAD,54024.0,ROCKET BODY,7.5967,2.69e-06,NOMINAL,2026-03-06T19:39:40Z,43
15100.0,ROCKET BODY,65579.0,PAYLOAD,7.5971,2.69e-06,NOMINAL,2026-03-07T02:58:40Z,482
13364.0,DEBRIS,33792.0,DEBRIS,7.5981,2.68e-06,NOMINAL,2026-03-07T05:25:40Z,629
43619.0,PAYLOAD,62928.0,ROCKET BODY,7.5982,2.68e-06,NOMINAL,2026-03-06T20:43:40Z,107
59926.0,PAYLOAD,66573.0,PAYLOAD,7.5982,2.68e-06,NOMINAL,2026-03-07T08:42:40Z,826
48405.0,PAYLOAD,60506.0,PAYLOAD,7.6009,2.66e-06,NOMINAL,2026-03-07T07:30:40Z,754
5584.0,DEBRIS,67596.0,PAYLOAD,7.602,2.65e-06,NOMINAL,2026-03-07T01:30:40Z,394
29772.0,DEBRIS,45272.0,DEBRIS,7.6031,2.64e-06,NOMINAL,2026-03-07T11:38:40Z,1002
53072.0,PAYLOAD,55449.0,PAYLOAD,7.6038,2.63e-06,NOMINAL,2026-03-07T04:17:40Z,561
4405.0,PAYLOAD,6228.0,ROCKET BODY,7.604,2.63e-06,NOMINAL,2026-03-07T18:00:40Z,1384
57704.0,PAYLOAD,66798.0,PAYLOAD,7.6042,2.63e-06,NOMINAL,2026-03-07T08:49:40Z,833
63594.0,PAYLOAD,64615.0,PAYLOAD,7.6044,2.62e-06,NOMINAL,2026-03-07T09:06:40Z,850
57400.0,PAYLOAD,59487.0,PAYLOAD,7.6067,2.61e-06,NOMINAL,2026-03-07T15:55:40Z,1259
45538.0,PAYLOAD,63780.0,PAYLOAD,7.6075,2.6e-06,NOMINAL,2026-03-07T02:04:40Z,428
61006.0,PAYLOAD,63788.0,PAYLOAD,7.6093,2.58e-06,NOMINAL,2026-03-06T22:13:40Z,197
10051.0,DEBRIS,63763.0,PAYLOAD,7.6099,2.58e-06,NOMINAL,2026-03-07T03:48:40Z,532
56470.0,PAYLOAD,62699.0,PAYLOAD,7.6106,2.57e-06,NOMINAL,2026-03-07T14:43:40Z,1187
58072.0,PAYLOAD,64674.0,PAYLOAD,7.6106,2.57e-06,NOMINAL,2026-03-07T10:14:40Z,918
25861.0,ROCKET BODY,65968.0,PAYLOAD,7.611,2.57e-06,NOMINAL,2026-03-07T14:44:40Z,1188
58742.0,PAYLOAD,66434.0,PAYLOAD,7.6111,2.57e-06,NOMINAL,2026-03-06T19:38:40Z,42
54752.0,PAYLOAD,58626.0,PAYLOAD,7.6112,2.57e-06,NOMINAL,2026-03-07T11:50:40Z,1014
11166.0,ROCKET BODY,41275.0,DEBRIS,7.6116,2.56e-06,NOMINAL,2026-03-07T05:02:40Z,606
41163.0,DEBRIS,65139.0,PAYLOAD,7.6119,2.56e-06,NOMINAL,2026-03-07T06:20:40Z,684
47767.0,PAYLOAD,62958.0,PAYLOAD,7.6128,2.55e-06,NOMINAL,2026-03-07T07:31:40Z,755
49398.0,UNKNOWN,63897.0,PAYLOAD,7.6133,2.55e-06,NOMINAL,2026-03-07T02:53:40Z,477
57609.0,PAYLOAD,57615.0,PAYLOAD,7.6141,2.54e-06,NOMINAL,2026-03-07T09:49:40Z,893
58376.0,PAYLOAD,58596.0,PAYLOAD,7.6156,2.53e-06,NOMINAL,2026-03-07T12:57:40Z,1081
55807.0,PAYLOAD,56720.0,PAYLOAD,7.6166,2.52e-06,NOMINAL,2026-03-07T18:34:40Z,1418
548.0,DEBRIS,55284.0,PAYLOAD,7.6166,2.52e-06,NOMINAL,2026-03-07T12:17:40Z,1041
32052.0,PAYLOAD,37573.0,DEBRIS,7.6167,2.52e-06,NOMINAL,2026-03-07T00:47:40Z,351
45061.0,PAYLOAD,58686.0,PAYLOAD,7.6171,2.51e-06,NOMINAL,2026-03-07T08:55:40Z,839
47351.0,PAYLOAD,66848.0,PAYLOAD,7.6178,2.51e-06,NOMINAL,2026-03-07T01:37:40Z,401
39430.0,PAYLOAD,64799.0,PAYLOAD,7.6181,2.51e-06,NOMINAL,2026-03-07T14:09:40Z,1153
60330.0,PAYLOAD,61917.0,PAYLOAD,7.6193,2.5e-06,NOMINAL,2026-03-06T20:11:40Z,75
60083.0,PAYLOAD,61477.0,DEBRIS,7.6198,2.49e-06,NOMINAL,2026-03-07T18:45:40Z,1429
41167.0,PAYLOAD,57465.0,PAYLOAD,7.6214,2.48e-06,NOMINAL,2026-03-07T17:57:40Z,1381
14820.0,ROCKET BODY,67363.0,PAYLOAD,7.6223,2.47e-06,NOMINAL,2026-03-07T12:17:40Z,1041
59853.0,PAYLOAD,61905.0,UNKNOWN,7.6228,2.47e-06,NOMINAL,2026-03-07T17:35:40Z,1359
5561.0,DEBRIS,10773.0,PAYLOAD,7.6229,2.47e-06,NOMINAL,2026-03-07T12:18:40Z,1042
61705.0,PAYLOAD,63649.0,PAYLOAD,7.6238,2.46e-06,NOMINAL,2026-03-07T10:45:40Z,949
37930.0,PAYLOAD,56636.0,DEBRIS,7.6241,2.46e-06,NOMINAL,2026-03-06T22:55:40Z,239
48485.0,PAYLOAD,63400.0,PAYLOAD,7.6245,2.45e-06,NOMINAL,2026-03-07T12:17:40Z,1041
46564.0,PAYLOAD,63275.0,PAYLOAD,7.6251,2.45e-06,NOMINAL,2026-03-07T15:53:40Z,1257
3424.0,DEBRIS,37380.0,PAYLOAD,7.6252,2.45e-06,NOMINAL,2026-03-07T04:28:40Z,572
59265.0,PAYLOAD,59886.0,PAYLOAD,7.6252,2.45e-06,NOMINAL,2026-03-07T00:57:40Z,361
55623.0,PAYLOAD,65058.0,PAYLOAD,7.6256,2.44e-06,NOMINAL,2026-03-07T10:08:40Z,912
38383.0,DEBRIS,38411.0,DEBRIS,7.6257,2.44e-06,NOMINAL,2026-03-07T00:29:40Z,333
58098.0,PAYLOAD,66504.0,PAYLOAD,7.6267,2.43e-06,NOMINAL,2026-03-07T17:43:40Z,1367
47911.0,PAYLOAD,65887.0,PAYLOAD,7.6282,2.42e-06,NOMINAL,2026-03-07T17:42:40Z,1366
60021.0,PAYLOAD,65930.0,PAYLOAD,7.6286,2.42e-06,NOMINAL,2026-03-07T17:26:40Z,1350
63418.0,PAYLOAD,64490.0,PAYLOAD,7.6287,2.42e-06,NOMINAL,2026-03-07T17:50:40Z,1374
47630.0,PAYLOAD,59663.0,PAYLOAD,7.6298,2.41e-06,NOMINAL,2026-03-07T18:29:40Z,1413
5776.0,DEBRIS,67886.0,PAYLOAD,7.6305,2.4e-06,NOMINAL,2026-03-07T16:22:40Z,1286
66681.0,UNKNOWN,66731.0,PAYLOAD,7.6306,2.4e-06,NOMINAL,2026-03-07T16:22:40Z,1286
60416.0,PAYLOAD,66600.0,PAYLOAD,7.631,2.4e-06,NOMINAL,2026-03-07T01:56:40Z,420
58102.0,PAYLOAD,59249.0,PAYLOAD,7.6318,2.39e-06,NOMINAL,2026-03-07T15:22:40Z,1226
42145.0,DEBRIS,50202.0,PAYLOAD,7.6332,2.38e-06,NOMINAL,2026-03-07T06:11:40Z,675
6960.0,ROCKET BODY,10195.0,DEBRIS,7.6335,2.38e-06,NOMINAL,2026-03-07T09:13:40Z,857
58492.0,PAYLOAD,63910.0,PAYLOAD,7.6336,2.38e-06,NOMINAL,2026-03-06T22:33:40Z,217
57472.0,PAYLOAD,67183.0,PAYLOAD,7.6349,2.37e-06,NOMINAL,2026-03-07T16:23:40Z,1287
32336.0,DEBRIS,52898.0,PAYLOAD,7.6354,2.36e-06,NOMINAL,2026-03-07T10:07:40Z,911
63636.0,PAYLOAD,65894.0,PAYLOAD,7.6357,2.36e-06,NOMINAL,2026-03-07T02:03:40Z,427
8663.0,DEBRIS,52114.0,PAYLOAD,7.6359,2.36e-06,NOMINAL,2026-03-07T08:54:40Z,838
41087.0,DEBRIS,54918.0,DEBRIS,7.6363,2.36e-06,NOMINAL,2026-03-07T00:23:40Z,327
59083.0,PAYLOAD,65913.0,PAYLOAD,7.6367,2.35e-06,NOMINAL,2026-03-07T05:50:40Z,654
48127.0,PAYLOAD,58807.0,PAYLOAD,7.6377,2.34e-06,NOMINAL,2026-03-06T19:10:40Z,14
32193.0,DEBRIS,33733.0,DEBRIS,7.6392,2.33e-06,NOMINAL,2026-03-07T03:17:40Z,501
51964.0,PAYLOAD,59658.0,PAYLOAD,7.6393,2.33e-06,NOMINAL,2026-03-07T10:30:40Z,934
15706.0,DEBRIS,67522.0,PAYLOAD,7.6395,2.33e-06,NOMINAL,2026-03-07T02:48:40Z,472
9547.0,DEBRIS,41526.0,DEBRIS,7.6407,2.32e-06,NOMINAL,2026-03-07T15:04:40Z,1208
57885.0,PAYLOAD,66177.0,PAYLOAD,7.6414,2.32e-06,NOMINAL,2026-03-07T07:08:40Z,732
59429.0,PAYLOAD,65922.0,PAYLOAD,7.6435,2.3e-06,NOMINAL,2026-03-07T06:52:40Z,716
57463.0,PAYLOAD,60733.0,PAYLOAD,7.6445,2.29e-06,NOMINAL,2026-03-07T12:51:40Z,1075
60793.0,DEBRIS,270098.0,UNKNOWN,7.6447,2.29e-06,NOMINAL,2026-03-06T20:02:40Z,66
59469.0,PAYLOAD,66486.0,PAYLOAD,7.6456,2.28e-06,NOMINAL,2026-03-07T18:54:40Z,1438
32114.0,DEBRIS,63301.0,PAYLOAD,7.6476,2.27e-06,NOMINAL,2026-03-07T00:42:40Z,346
25940.0,PAYLOAD,33639.0,DEBRIS,7.6476,2.27e-06,NOMINAL,2026-03-07T16:57:40Z,1321
20308.0,DEBRIS,32182.0,DEBRIS,7.6481,2.26e-06,NOMINAL,2026-03-07T06:14:40Z,678
60425.0,PAYLOAD,63977.0,PAYLOAD,7.6482,2.26e-06,NOMINAL,2026-03-07T08:52:40Z,836
55622.0,PAYLOAD,64936.0,PAYLOAD,7.6487,2.26e-06,NOMINAL,2026-03-07T03:46:40Z,530
47802.0,PAYLOAD,66194.0,PAYLOAD,7.6493,2.25e-06,NOMINAL,2026-03-07T18:29:40Z,1413
57872.0,PAYLOAD,66564.0,PAYLOAD,7.6495,2.25e-06,NOMINAL,2026-03-07T15:42:40Z,1246
61738.0,UNKNOWN,64431.0,PAYLOAD,7.6496,2.25e-06,NOMINAL,2026-03-06T18:56:40Z,0
46055.0,PAYLOAD,66808.0,PAYLOAD,7.6499,2.25e-06,NOMINAL,2026-03-07T14:14:40Z,1158
48684.0,PAYLOAD,62663.0,PAYLOAD,7.65,2.25e-06,NOMINAL,2026-03-07T01:01:40Z,365
8560.0,DEBRIS,62331.0,PAYLOAD,7.65,2.25e-06,NOMINAL,2026-03-07T04:02:40Z,546
60054.0,PAYLOAD,65376.0,PAYLOAD,7.6502,2.25e-06,NOMINAL,2026-03-07T10:54:40Z,958
59742.0,PAYLOAD,61929.0,PAYLOAD,7.6509,2.24e-06,NOMINAL,2026-03-07T10:41:40Z,945
62415.0,PAYLOAD,67797.0,PAYLOAD,7.6511,2.24e-06,NOMINAL,2026-03-07T16:46:40Z,1310
48276.0,PAYLOAD,65177.0,PAYLOAD,7.6523,2.23e-06,NOMINAL,2026-03-07T03:12:40Z,496
54686.0,UNKNOWN,63464.0,PAYLOAD,7.6527,2.23e-06,NOMINAL,2026-03-07T09:40:40Z,884
60022.0,PAYLOAD,66339.0,PAYLOAD,7.6556,2.21e-06,NOMINAL,2026-03-07T04:06:40Z,550
7684.0,PAYLOAD,40753.0,DEBRIS,7.6572,2.19e-06,NOMINAL,2026-03-07T12:44:40Z,1068
59498.0,PAYLOAD,62760.0,PAYLOAD,7.6585,2.19e-06,NOMINAL,2026-03-07T13:56:40Z,1140
57817.0,PAYLOAD,66974.0,PAYLOAD,7.659,2.18e-06,NOMINAL,2026-03-07T13:51:40Z,1135
48597.0,PAYLOAD,63069.0,PAYLOAD,7.6594,2.18e-06,NOMINAL,2026-03-07T13:18:40Z,1102
8756.0,DEBRIS,28331.0,DEBRIS,7.66,2.17e-06,NOMINAL,2026-03-06T22:16:40Z,200
46079.0,PAYLOAD,56907.0,PAYLOAD,7.6601,2.17e-06,NOMINAL,2026-03-07T14:50:40Z,1194
64167.0,PAYLOAD,66993.0,UNKNOWN,7.6608,2.17e-06,NOMINAL,2026-03-07T05:33:40Z,637
56345.0,PAYLOAD,57256.0,PAYLOAD,7.6612,2.17e-06,NOMINAL,2026-03-07T06:33:40Z,697
32142.0,DEBRIS,66846.0,PAYLOAD,7.6612,2.17e-06,NOMINAL,2026-03-07T04:20:40Z,564
5557.0,PAYLOAD,31501.0,DEBRIS,7.6614,2.16e-06,NOMINAL,2026-03-07T15:54:40Z,1258
59315.0,PAYLOAD,59389.0,PAYLOAD,7.6617,2.16e-06,NOMINAL,2026-03-07T18:43:40Z,1427
57670.0,PAYLOAD,62284.0,PAYLOAD,7.6618,2.16e-06,NOMINAL,2026-03-07T16:07:40Z,1271
43891.0,UNKNOWN,65215.0,PAYLOAD,7.662,2.16e-06,NOMINAL,2026-03-07T15:53:40Z,1257
50467.0,ROCKET BODY,63300.0,PAYLOAD,7.6626,2.15e-06,NOMINAL,2026-03-07T02:03:40Z,427
6750.0,DEBRIS,8533.0,DEBRIS,7.6629,2.15e-06,NOMINAL,2026-03-07T17:50:40Z,1374
58001.0,PAYLOAD,66899.0,PAYLOAD,7.6648,2.14e-06,NOMINAL,2026-03-07T03:24:40Z,508
59035.0,PAYLOAD,66893.0,PAYLOAD,7.6649,2.14e-06,NOMINAL,2026-03-07T17:28:40Z,1352
62281.0,PAYLOAD,63298.0,UNKNOWN,7.6658,2.13e-06,NOMINAL,2026-03-07T13:21:40Z,1105
59783.0,PAYLOAD,62954.0,PAYLOAD,7.6671,2.12e-06,NOMINAL,2026-03-07T18:50:40Z,1434
58847.0,PAYLOAD,59348.0,PAYLOAD,7.6676,2.12e-06,NOMINAL,2026-03-07T04:07:40Z,551
58525.0,PAYLOAD,61872.0,UNKNOWN,7.6677,2.12e-06,NOMINAL,2026-03-06T22:39:40Z,223
31441.0,DEBRIS,55516.0,DEBRIS,7.6682,2.11e-06,NOMINAL,2026-03-07T18:19:40Z,1403
34761.0,DEBRIS,37530.0,DEBRIS,7.6683,2.11e-06,NOMINAL,2026-03-07T14:30:40Z,1174
21511.0,DEBRIS,67094.0,PAYLOAD,7.6695,2.1e-06,NOMINAL,2026-03-06T22:37:40Z,221
28637.0,ROCKET BODY,54504.0,DEBRIS,7.671,2.09e-06,NOMINAL,2026-03-07T15:54:40Z,1258
57847.0,PAYLOAD,60470.0,PAYLOAD,7.6715,2.09e-06,NOMINAL,2026-03-07T13:21:40Z,1105
63566.0,PAYLOAD,64750.0,PAYLOAD,7.6717,2.09e-06,NOMINAL,2026-03-07T07:58:40Z,782
13458.0,DEBRIS,13476.0,DEBRIS,7.6737,2.07e-06,NOMINAL,2026-03-07T18:22:40Z,1406
42840.0,PAYLOAD,59839.0,PAYLOAD,7.6744,2.07e-06,NOMINAL,2026-03-07T10:21:40Z,925
36734.0,DEBRIS,41657.0,DEBRIS,7.6757,2.06e-06,NOMINAL,2026-03-07T14:38:40Z,1182
61725.0,PAYLOAD,62849.0,PAYLOAD,7.6758,2.06e-06,NOMINAL,2026-03-07T17:31:40Z,1355
19429.0,DEBRIS,43766.0,PAYLOAD,7.6768,2.05e-06,NOMINAL,2026-03-06T21:38:40Z,162
64252.0,PAYLOAD,64472.0,PAYLOAD,7.6774,2.05e-06,NOMINAL,2026-03-07T17:18:40Z,1342
59855.0,PAYLOAD,63718.0,PAYLOAD,7.6776,2.05e-06,NOMINAL,2026-03-07T11:47:40Z,1011
57194.0,UNKNOWN,61982.0,PAYLOAD,7.6789,2.04e-06,NOMINAL,2026-03-07T14:57:40Z,1201
59960.0,PAYLOAD,66881.0,PAYLOAD,7.6801,2.03e-06,NOMINAL,2026-03-07T12:31:40Z,1055
43766.0,PAYLOAD,63375.0,PAYLOAD,7.6801,2.03e-06,NOMINAL,2026-03-07T08:43:40Z,827
63440.0,PAYLOAD,66605.0,PAYLOAD,7.6802,2.03e-06,NOMINAL,2026-03-06T22:15:40Z,199
59232.0,PAYLOAD,66864.0,PAYLOAD,7.6803,2.03e-06,NOMINAL,2026-03-07T13:38:40Z,1122
60347.0,PAYLOAD,62506.0,PAYLOAD,7.6805,2.03e-06,NOMINAL,2026-03-07T03:41:40Z,525
28055.0,DEBRIS,270166.0,UNKNOWN,7.6808,2.03e-06,NOMINAL,2026-03-06T22:35:40Z,219
44714.0,PAYLOAD,58100.0,PAYLOAD,7.681,2.02e-06,NOMINAL,2026-03-07T07:21:40Z,745
48392.0,PAYLOAD,63587.0,PAYLOAD,7.6817,2.02e-06,NOMINAL,2026-03-07T16:33:40Z,1297
27767.0,DEBRIS,67932.0,PAYLOAD,7.6822,2.02e-06,NOMINAL,2026-03-06T21:20:40Z,144
5181.0,ROCKET BODY,38658.0,DEBRIS,7.6824,2.01e-06,NOMINAL,2026-03-07T11:24:40Z,988
55753.0,PAYLOAD,63262.0,PAYLOAD,7.6835,2.01e-06,NOMINAL,2026-03-06T19:36:40Z,40
58932.0,PAYLOAD,66529.0,PAYLOAD,7.6839,2e-06,NOMINAL,2026-03-07T16:04:40Z,1268
66384.0,PAYLOAD,67521.0,PAYLOAD,7.6846,2e-06,NOMINAL,2026-03-07T09:01:40Z,845
9712.0,DEBRIS,37295.0,DEBRIS,7.6852,1.99e-06,NOMINAL,2026-03-07T18:50:40Z,1434
58152.0,PAYLOAD,59797.0,PAYLOAD,7.6853,1.99e-06,NOMINAL,2026-03-07T11:08:40Z,972
19038.0,PAYLOAD,54935.0,DEBRIS,7.6862,1.99e-06,NOMINAL,2026-03-07T07:07:40Z,731
17584.0,PAYLOAD,20735.0,PAYLOAD,7.6865,1.99e-06,NOMINAL,2026-03-07T01:06:40Z,370
62044.0,PAYLOAD,63497.0,PAYLOAD,7.6866,1.99e-06,NOMINAL,2026-03-07T15:17:40Z,1221
66172.0,PAYLOAD,67792.0,PAYLOAD,7.6873,1.98e-06,NOMINAL,2026-03-07T10:28:40Z,932
59554.0,PAYLOAD,65692.0,PAYLOAD,7.6877,1.98e-06,NOMINAL,2026-03-07T15:22:40Z,1226
36302.0,DEBRIS,39954.0,DEBRIS,7.6887,1.97e-06,NOMINAL,2026-03-07T06:35:40Z,699
58777.0,PAYLOAD,63567.0,PAYLOAD,7.6892,1.97e-06,NOMINAL,2026-03-07T06:37:40Z,701
63122.0,PAYLOAD,63723.0,PAYLOAD,7.6894,1.97e-06,NOMINAL,2026-03-07T04:38:40Z,582
62156.0,PAYLOAD,63515.0,PAYLOAD,7.6896,1.97e-06,NOMINAL,2026-03-07T09:39:40Z,883
58830.0,PAYLOAD,62378.0,PAYLOAD,7.6905,1.96e-06,NOMINAL,2026-03-07T14:34:40Z,1178
59082.0,PAYLOAD,67326.0,PAYLOAD,7.6911,1.95e-06,NOMINAL,2026-03-07T12:20:40Z,1044
64904.0,PAYLOAD,66492.0,PAYLOAD,7.6914,1.95e-06,NOMINAL,2026-03-06T21:35:40Z,159
48334.0,PAYLOAD,58519.0,PAYLOAD,7.6916,1.95e-06,NOMINAL,2026-03-07T18:50:40Z,1434
41409.0,DEBRIS,42111.0,DEBRIS,7.6919,1.95e-06,NOMINAL,2026-03-07T14:42:40Z,1186
60352.0,PAYLOAD,64495.0,PAYLOAD,7.6941,1.94e-06,NOMINAL,2026-03-07T00:43:40Z,347
35238.0,DEBRIS,57278.0,DEBRIS,7.6943,1.93e-06,NOMINAL,2026-03-07T17:34:40Z,1358
414.0,DEBRIS,12263.0,DEBRIS,7.6952,1.93e-06,NOMINAL,2026-03-07T14:54:40Z,1198
60372.0,PAYLOAD,62116.0,PAYLOAD,7.696,1.92e-06,NOMINAL,2026-03-07T10:31:40Z,935
1694.0,DEBRIS,2543.0,DEBRIS,7.6964,1.92e-06,NOMINAL,2026-03-07T11:19:40Z,983
64277.0,PAYLOAD,66808.0,PAYLOAD,7.6968,1.92e-06,NOMINAL,2026-03-06T22:35:40Z,219
57950.0,PAYLOAD,64333.0,PAYLOAD,7.6972,1.91e-06,NOMINAL,2026-03-07T03:32:40Z,516
3967.0,DEBRIS,67393.0,PAYLOAD,7.6974,1.91e-06,NOMINAL,2026-03-07T01:16:40Z,380
26168.0,DEBRIS,36302.0,DEBRIS,7.6983,1.91e-06,NOMINAL,2026-03-07T15:22:40Z,1226
59364.0,PAYLOAD,66224.0,PAYLOAD,7.6985,1.91e-06,NOMINAL,2026-03-06T22:16:40Z,200
63215.0,UNKNOWN,66865.0,PAYLOAD,7.6985,1.91e-06,NOMINAL,2026-03-07T05:25:40Z,629
4754.0,DEBRIS,39654.0,DEBRIS,7.6988,1.9e-06,NOMINAL,2026-03-07T16:04:40Z,1268
58804.0,PAYLOAD,65866.0,PAYLOAD,7.6989,1.9e-06,NOMINAL,2026-03-07T06:55:40Z,719
20763.0,ROCKET BODY,45511.0,DEBRIS,7.6993,1.9e-06,NOMINAL,2026-03-07T05:36:40Z,640
53194.0,PAYLOAD,55605.0,PAYLOAD,7.7001,1.9e-06,NOMINAL,2026-03-07T00:48:40Z,352
44768.0,PAYLOAD,62528.0,PAYLOAD,7.7006,1.89e-06,NOMINAL,2026-03-07T02:32:40Z,456
59131.0,PAYLOAD,66328.0,PAYLOAD,7.7008,1.89e-06,NOMINAL,2026-03-07T16:56:40Z,1320
853.0,PAYLOAD,2730.0,DEBRIS,7.7011,1.89e-06,NOMINAL,2026-03-07T06:13:40Z,677
4757.0,DEBRIS,28207.0,DEBRIS,7.7018,1.88e-06,NOMINAL,2026-03-06T23:10:40Z,254
29186.0,DEBRIS,270314.0,UNKNOWN,7.7023,1.88e-06,NOMINAL,2026-03-07T13:39:40Z,1123
62659.0,PAYLOAD,67456.0,PAYLOAD,7.7033,1.87e-06,NOMINAL,2026-03-07T09:16:40Z,860
58804.0,PAYLOAD,62306.0,PAYLOAD,7.7036,1.87e-06,NOMINAL,2026-03-06T20:25:40Z,89
57391.0,PAYLOAD,65510.0,PAYLOAD,7.7037,1.87e-06,NOMINAL,2026-03-07T09:46:40Z,890
56428.0,PAYLOAD,57737.0,PAYLOAD,7.7041,1.87e-06,NOMINAL,2026-03-07T06:24:40Z,688
58608.0,PAYLOAD,67497.0,PAYLOAD,7.7043,1.87e-06,NOMINAL,2026-03-07T05:41:40Z,645
54341.0,DEBRIS,54468.0,DEBRIS,7.7044,1.87e-06,NOMINAL,2026-03-06T20:40:40Z,104
42327.0,DEBRIS,43300.0,DEBRIS,7.705,1.86e-06,NOMINAL,2026-03-07T03:32:40Z,516
53233.0,PAYLOAD,55377.0,PAYLOAD,7.7057,1.86e-06,NOMINAL,2026-03-07T07:38:40Z,762
22829.0,PAYLOAD,42556.0,DEBRIS,7.7068,1.85e-06,NOMINAL,2026-03-07T00:12:40Z,316
63678.0,PAYLOAD,67512.0,PAYLOAD,7.7099,1.83e-06,NOMINAL,2026-03-07T13:59:40Z,1143
1720.0,DEBRIS,47733.0,PAYLOAD,7.7113,1.82e-06,NOMINAL,2026-03-07T16:33:40Z,1297
6173.0,PAYLOAD,42347.0,DEBRIS,7.7117,1.82e-06,NOMINAL,2026-03-07T01:51:40Z,415
10584.0,PAYLOAD,12115.0,ROCKET BODY,7.7118,1.82e-06,NOMINAL,2026-03-06T21:18:40Z,142
61226.0,ROCKET BODY,62167.0,PAYLOAD,7.712,1.82e-06,NOMINAL,2026-03-07T15:25:40Z,1229
53052.0,PAYLOAD,56879.0,PAYLOAD,7.7124,1.82e-06,NOMINAL,2026-03-07T00:53:40Z,357
57940.0,PAYLOAD,59941.0,PAYLOAD,7.7141,1.81e-06,NOMINAL,2026-03-06T19:49:40Z,53
47689.0,PAYLOAD,57529.0,PAYLOAD,7.7141,1.81e-06,NOMINAL,2026-03-07T09:11:40Z,855
31187.0,DEBRIS,53653.0,PAYLOAD,7.7142,1.81e-06,NOMINAL,2026-03-07T01:04:40Z,368
38510.0,DEBRIS,54404.0,DEBRIS,7.7144,1.8e-06,NOMINAL,2026-03-07T15:01:40Z,1205
58124.0,PAYLOAD,63988.0,UNKNOWN,7.7158,1.8e-06,NOMINAL,2026-03-07T06:20:40Z,684
59675.0,PAYLOAD,60104.0,PAYLOAD,7.7159,1.8e-06,NOMINAL,2026-03-07T09:47:40Z,891
4566.0,DEBRIS,9944.0,PAYLOAD,7.7161,1.79e-06,NOMINAL,2026-03-07T00:33:40Z,337
55844.0,PAYLOAD,67276.0,UNKNOWN,7.7175,1.79e-06,NOMINAL,2026-03-06T21:38:40Z,162
30161.0,DEBRIS,33656.0,DEBRIS,7.7176,1.79e-06,NOMINAL,2026-03-07T08:25:40Z,809
39321.0,DEBRIS,270100.0,UNKNOWN,7.7176,1.79e-06,NOMINAL,2026-03-06T23:37:40Z,281
59209.0,PAYLOAD,62143.0,PAYLOAD,7.718,1.78e-06,NOMINAL,2026-03-07T09:31:40Z,875
59424.0,PAYLOAD,62014.0,PAYLOAD,7.7186,1.78e-06,NOMINAL,2026-03-07T07:48:40Z,772
31714.0,DEBRIS,46484.0,DEBRIS,7.7188,1.78e-06,NOMINAL,2026-03-06T19:43:40Z,47
49215.0,PAYLOAD,49302.0,PAYLOAD,7.7191,1.78e-06,NOMINAL,2026-03-07T15:36:40Z,1240
59901.0,PAYLOAD,66970.0,PAYLOAD,7.7196,1.77e-06,NOMINAL,2026-03-07T05:58:40Z,662
40696.0,DEBRIS,270197.0,UNKNOWN,7.7201,1.77e-06,NOMINAL,2026-03-06T19:51:40Z,55
66185.0,PAYLOAD,66319.0,PAYLOAD,7.7202,1.77e-06,NOMINAL,2026-03-07T15:54:40Z,1258
8150.0,DEBRIS,8464.0,ROCKET BODY,7.7213,1.76e-06,NOMINAL,2026-03-07T01:11:40Z,375
56883.0,PAYLOAD,64164.0,PAYLOAD,7.7221,1.76e-06,NOMINAL,2026-03-07T01:51:40Z,415
54857.0,PAYLOAD,65796.0,PAYLOAD,7.7223,1.76e-06,NOMINAL,2026-03-07T04:21:40Z,565
61965.0,PAYLOAD,62215.0,PAYLOAD,7.7223,1.76e-06,NOMINAL,2026-03-07T13:41:40Z,1125
51974.0,PAYLOAD,64937.0,PAYLOAD,7.723,1.75e-06,NOMINAL,2026-03-07T07:26:40Z,750
6440.0,PAYLOAD,6507.0,DEBRIS,7.723,1.75e-06,NOMINAL,2026-03-07T17:34:40Z,1358
48558.0,PAYLOAD,63118.0,PAYLOAD,7.7232,1.75e-06,NOMINAL,2026-03-07T13:19:40Z,1103
63385.0,PAYLOAD,63780.0,PAYLOAD,7.7234,1.75e-06,NOMINAL,2026-03-07T02:36:40Z,460
66642.0,PAYLOAD,67511.0,PAYLOAD,7.7238,1.75e-06,NOMINAL,2026-03-07T15:10:40Z,1214
1531.0,DEBRIS,59954.0,PAYLOAD,7.7241,1.75e-06,NOMINAL,2026-03-07T13:14:40Z,1098
62652.0,PAYLOAD,66339.0,PAYLOAD,7.7242,1.75e-06,NOMINAL,2026-03-07T17:46:40Z,1370
11189.0,DEBRIS,58829.0,PAYLOAD,7.7243,1.74e-06,NOMINAL,2026-03-07T09:37:40Z,881
63252.0,PAYLOAD,64896.0,PAYLOAD,7.7243,1.74e-06,NOMINAL,2026-03-07T13:48:40Z,1132
66200.0,PAYLOAD,66523.0,PAYLOAD,7.7253,1.74e-06,NOMINAL,2026-03-07T09:11:40Z,855
9901.0,DEBRIS,63134.0,PAYLOAD,7.7253,1.74e-06,NOMINAL,2026-03-07T07:07:40Z,731
58448.0,PAYLOAD,65643.0,PAYLOAD,7.7254,1.74e-06,NOMINAL,2026-03-07T09:11:40Z,855
66380.0,PAYLOAD,67782.0,PAYLOAD,7.7259,1.74e-06,NOMINAL,2026-03-06T23:46:40Z,290
42946.0,PAYLOAD,56343.0,PAYLOAD,7.7267,1.73e-06,NOMINAL,2026-03-06T23:07:40Z,251
48101.0,PAYLOAD,61968.0,PAYLOAD,7.7276,1.73e-06,NOMINAL,2026-03-07T05:32:40Z,636
65794.0,PAYLOAD,88802.0,TBA,7.7277,1.72e-06,NOMINAL,2026-03-07T00:39:40Z,343
36225.0,DEBRIS,49071.0,PAYLOAD,7.7279,1.72e-06,NOMINAL,2026-03-06T20:27:40Z,91
57938.0,PAYLOAD,59581.0,PAYLOAD,7.7287,1.72e-06,NOMINAL,2026-03-06T20:57:40Z,121
66251.0,PAYLOAD,67508.0,PAYLOAD,7.7297,1.71e-06,NOMINAL,2026-03-07T11:53:40Z,1017
58869.0,PAYLOAD,65910.0,PAYLOAD,7.7297,1.71e-06,NOMINAL,2026-03-07T15:20:40Z,1224
2177.0,DEBRIS,53682.0,PAYLOAD,7.731,1.71e-06,NOMINAL,2026-03-07T03:52:40Z,536
53848.0,PAYLOAD,58297.0,PAYLOAD,7.7315,1.7e-06,NOMINAL,2026-03-07T14:13:40Z,1157
63913.0,PAYLOAD,66368.0,PAYLOAD,7.7315,1.7e-06,NOMINAL,2026-03-07T11:41:40Z,1005
36948.0,DEBRIS,42803.0,PAYLOAD,7.7324,1.7e-06,NOMINAL,2026-03-07T12:58:40Z,1082
38287.0,DEBRIS,45522.0,DEBRIS,7.7324,1.7e-06,NOMINAL,2026-03-07T14:23:40Z,1167
61717.0,PAYLOAD,66338.0,PAYLOAD,7.7328,1.69e-06,NOMINAL,2026-03-07T00:53:40Z,357
57166.0,PAYLOAD,61356.0,DEBRIS,7.7328,1.69e-06,NOMINAL,2026-03-06T20:16:40Z,80
60733.0,PAYLOAD,64730.0,PAYLOAD,7.7341,1.69e-06,NOMINAL,2026-03-07T08:39:40Z,823
58640.0,PAYLOAD,60290.0,PAYLOAD,7.7346,1.68e-06,NOMINAL,2026-03-07T02:07:40Z,431
12560.0,DEBRIS,33992.0,DEBRIS,7.7352,1.68e-06,NOMINAL,2026-03-06T21:57:40Z,181
32153.0,DEBRIS,41402.0,DEBRIS,7.7371,1.67e-06,NOMINAL,2026-03-07T00:04:40Z,308
59441.0,PAYLOAD,59459.0,PAYLOAD,7.7377,1.67e-06,NOMINAL,2026-03-06T23:15:40Z,259
43771.0,UNKNOWN,62962.0,PAYLOAD,7.7382,1.66e-06,NOMINAL,2026-03-07T11:48:40Z,1012
43146.0,PAYLOAD,66902.0,PAYLOAD,7.7383,1.66e-06,NOMINAL,2026-03-06T22:42:40Z,226
63330.0,UNKNOWN,66653.0,UNKNOWN,7.739,1.66e-06,NOMINAL,2026-03-07T13:58:40Z,1142
45581.0,PAYLOAD,64614.0,PAYLOAD,7.7399,1.65e-06,NOMINAL,2026-03-07T07:04:40Z,728
64388.0,PAYLOAD,65088.0,PAYLOAD,7.7404,1.65e-06,NOMINAL,2026-03-07T07:43:40Z,767
56908.0,PAYLOAD,56913.0,PAYLOAD,7.7408,1.65e-06,NOMINAL,2026-03-07T13:10:40Z,1094
64178.0,PAYLOAD,66613.0,PAYLOAD,7.7416,1.64e-06,NOMINAL,2026-03-06T23:29:40Z,273
58070.0,PAYLOAD,58494.0,PAYLOAD,7.7417,1.64e-06,NOMINAL,2026-03-07T16:53:40Z,1317
67252.0,UNKNOWN,67277.0,UNKNOWN,7.7425,1.64e-06,NOMINAL,2026-03-07T10:17:40Z,921
48294.0,PAYLOAD,67407.0,PAYLOAD,7.7425,1.64e-06,NOMINAL,2026-03-07T03:49:40Z,533
18152.0,PAYLOAD,63723.0,PAYLOAD,7.7425,1.64e-06,NOMINAL,2026-03-07T18:02:40Z,1386
55569.0,PAYLOAD,88801.0,TBA,7.7428,1.64e-06,NOMINAL,2026-03-07T17:48:40Z,1372
50993.0,PAYLOAD,60485.0,PAYLOAD,7.7438,1.63e-06,NOMINAL,2026-03-07T11:31:40Z,995
58737.0,PAYLOAD,65757.0,PAYLOAD,7.744,1.63e-06,NOMINAL,2026-03-07T18:34:40Z,1418
59616.0,PAYLOAD,66864.0,PAYLOAD,7.7444,1.63e-06,NOMINAL,2026-03-07T18:53:40Z,1437
54922.0,DEBRIS,60548.0,PAYLOAD,7.7454,1.62e-06,NOMINAL,2026-03-07T09:31:40Z,875
60091.0,PAYLOAD,67789.0,PAYLOAD,7.7461,1.62e-06,NOMINAL,2026-03-07T10:38:40Z,942
56846.0,UNKNOWN,67287.0,UNKNOWN,7.7464,1.62e-06,NOMINAL,2026-03-07T00:15:40Z,319
63843.0,PAYLOAD,66087.0,PAYLOAD,7.7465,1.62e-06,NOMINAL,2026-03-07T10:27:40Z,931
43181.0,PAYLOAD,56289.0,PAYLOAD,7.7492,1.6e-06,NOMINAL,2026-03-07T00:46:40Z,350
58747.0,PAYLOAD,67776.0,PAYLOAD,7.7499,1.6e-06,NOMINAL,2026-03-07T04:47:40Z,591
37622.0,DEBRIS,60674.0,DEBRIS,7.7507,1.59e-06,NOMINAL,2026-03-07T10:37:40Z,941
59671.0,PAYLOAD,65099.0,PAYLOAD,7.7508,1.59e-06,NOMINAL,2026-03-07T13:34:40Z,1118
61923.0,PAYLOAD,65898.0,PAYLOAD,7.7514,1.59e-06,NOMINAL,2026-03-07T04:07:40Z,551
58100.0,PAYLOAD,66542.0,PAYLOAD,7.7516,1.59e-06,NOMINAL,2026-03-07T00:30:40Z,334
6033.0,DEBRIS,10074.0,DEBRIS,7.7518,1.59e-06,NOMINAL,2026-03-07T11:25:40Z,989
48315.0,PAYLOAD,53532.0,PAYLOAD,7.7533,1.58e-06,NOMINAL,2026-03-07T05:39:40Z,643
48662.0,PAYLOAD,65252.0,PAYLOAD,7.7534,1.58e-06,NOMINAL,2026-03-07T06:13:40Z,677
65409.0,PAYLOAD,66195.0,PAYLOAD,7.7543,1.57e-06,NOMINAL,2026-03-07T18:32:40Z,1416
48115.0,PAYLOAD,67424.0,PAYLOAD,7.7561,1.56e-06,NOMINAL,2026-03-06T19:31:40Z,35
60277.0,PAYLOAD,63439.0,PAYLOAD,7.7565,1.56e-06,NOMINAL,2026-03-07T18:35:40Z,1419
59500.0,PAYLOAD,67463.0,PAYLOAD,7.7588,1.55e-06,NOMINAL,2026-03-07T07:05:40Z,729
35953.0,DEBRIS,60251.0,DEBRIS,7.761,1.54e-06,NOMINAL,2026-03-07T09:51:40Z,895
12792.0,ROCKET BODY,25078.0,PAYLOAD,7.7613,1.54e-06,NOMINAL,2026-03-07T16:47:40Z,1311
41849.0,PAYLOAD,58598.0,PAYLOAD,7.7614,1.54e-06,NOMINAL,2026-03-07T05:18:40Z,622
7718.0,PAYLOAD,31144.0,DEBRIS,7.7614,1.54e-06,NOMINAL,2026-03-07T10:32:40Z,936
58420.0,PAYLOAD,58718.0,PAYLOAD,7.7619,1.53e-06,NOMINAL,2026-03-06T19:19:40Z,23
57335.0,PAYLOAD,67148.0,PAYLOAD,7.762,1.53e-06,NOMINAL,2026-03-06T21:23:40Z,147
10432.0,DEBRIS,64776.0,PAYLOAD,7.7623,1.53e-06,NOMINAL,2026-03-07T16:08:40Z,1272
57869.0,PAYLOAD,58357.0,PAYLOAD,7.7629,1.53e-06,NOMINAL,2026-03-07T13:46:40Z,1130
54893.0,DEBRIS,56263.0,DEBRIS,7.7633,1.53e-06,NOMINAL,2026-03-07T10:59:40Z,963
62959.0,PAYLOAD,67448.0,PAYLOAD,7.7636,1.52e-06,NOMINAL,2026-03-07T10:49:40Z,953
29885.0,DEBRIS,35342.0,DEBRIS,7.7642,1.52e-06,NOMINAL,2026-03-07T04:34:40Z,578
3351.0,PAYLOAD,9813.0,ROCKET BODY,7.7642,1.52e-06,NOMINAL,2026-03-06T19:21:40Z,25
31520.0,DEBRIS,39202.0,PAYLOAD,7.7649,1.52e-06,NOMINAL,2026-03-07T00:29:40Z,333
57968.0,PAYLOAD,60360.0,PAYLOAD,7.7652,1.52e-06,NOMINAL,2026-03-07T07:16:40Z,740
60155.0,PAYLOAD,66571.0,PAYLOAD,7.7659,1.51e-06,NOMINAL,2026-03-07T09:49:40Z,893
57971.0,PAYLOAD,59542.0,PAYLOAD,7.7674,1.5e-06,NOMINAL,2026-03-06T20:10:40Z,74
64193.0,PAYLOAD,67428.0,PAYLOAD,7.7675,1.5e-06,NOMINAL,2026-03-07T12:19:40Z,1043
36016.0,DEBRIS,37660.0,DEBRIS,7.7675,1.5e-06,NOMINAL,2026-03-07T08:58:40Z,842
55667.0,PAYLOAD,64042.0,PAYLOAD,7.7678,1.5e-06,NOMINAL,2026-03-06T19:25:40Z,29
58377.0,PAYLOAD,63784.0,PAYLOAD,7.7697,1.49e-06,NOMINAL,2026-03-06T22:29:40Z,213
59515.0,PAYLOAD,66534.0,PAYLOAD,7.7703,1.49e-06,NOMINAL,2026-03-07T02:55:40Z,479
28292.0,DEBRIS,33758.0,DEBRIS,7.7704,1.49e-06,NOMINAL,2026-03-07T06:45:40Z,709
53408.0,PAYLOAD,57084.0,PAYLOAD,7.7705,1.49e-06,NOMINAL,2026-03-06T23:20:40Z,264
31074.0,DEBRIS,64996.0,DEBRIS,7.7707,1.49e-06,NOMINAL,2026-03-07T11:17:40Z,981
51965.0,PAYLOAD,53792.0,PAYLOAD,7.7707,1.49e-06,NOMINAL,2026-03-06T21:12:40Z,136
58403.0,PAYLOAD,63683.0,PAYLOAD,7.7714,1.48e-06,NOMINAL,2026-03-07T08:33:40Z,817
9838.0,DEBRIS,31889.0,DEBRIS,7.7717,1.48e-06,NOMINAL,2026-03-07T07:02:40Z,726
58218.0,PAYLOAD,66864.0,PAYLOAD,7.7726,1.48e-06,NOMINAL,2026-03-07T04:22:40Z,566
1107.0,DEBRIS,3080.0,ROCKET BODY,7.7726,1.48e-06,NOMINAL,2026-03-07T15:04:40Z,1208
63507.0,PAYLOAD,67779.0,PAYLOAD,7.7733,1.47e-06,NOMINAL,2026-03-07T03:44:40Z,528
48111.0,PAYLOAD,64385.0,PAYLOAD,7.7739,1.47e-06,NOMINAL,2026-03-07T18:41:40Z,1425
58244.0,PAYLOAD,59243.0,PAYLOAD,7.7749,1.47e-06,NOMINAL,2026-03-07T06:37:40Z,701
61639.0,PAYLOAD,63444.0,PAYLOAD,7.7751,1.46e-06,NOMINAL,2026-03-07T07:30:40Z,754
58374.0,PAYLOAD,66888.0,PAYLOAD,7.7753,1.46e-06,NOMINAL,2026-03-07T14:00:40Z,1144
30649.0,DEBRIS,36533.0,DEBRIS,7.7758,1.46e-06,NOMINAL,2026-03-07T18:14:40Z,1398
66446.0,PAYLOAD,66573.0,PAYLOAD,7.776,1.46e-06,NOMINAL,2026-03-07T07:49:40Z,773
498.0,DEBRIS,60992.0,PAYLOAD,7.7762,1.46e-06,NOMINAL,2026-03-06T21:41:40Z,165
48436.0,PAYLOAD,65910.0,PAYLOAD,7.7763,1.46e-06,NOMINAL,2026-03-07T16:45:40Z,1309
66352.0,PAYLOAD,67337.0,PAYLOAD,7.7765,1.46e-06,NOMINAL,2026-03-07T06:24:40Z,688
58865.0,PAYLOAD,63370.0,PAYLOAD,7.7768,1.46e-06,NOMINAL,2026-03-07T04:17:40Z,561
11091.0,DEBRIS,59954.0,PAYLOAD,7.777,1.46e-06,NOMINAL,2026-03-07T06:08:40Z,672
7003.0,PAYLOAD,67625.0,PAYLOAD,7.7772,1.45e-06,NOMINAL,2026-03-07T14:58:40Z,1202
58975.0,PAYLOAD,59751.0,PAYLOAD,7.7773,1.45e-06,NOMINAL,2026-03-07T17:03:40Z,1327
59647.0,PAYLOAD,60590.0,PAYLOAD,7.7787,1.45e-06,NOMINAL,2026-03-07T16:55:40Z,1319
33314.0,PAYLOAD,53215.0,PAYLOAD,7.7787,1.45e-06,NOMINAL,2026-03-07T09:12:40Z,856
42945.0,PAYLOAD,65455.0,PAYLOAD,7.7788,1.45e-06,NOMINAL,2026-03-06T23:49:40Z,293
22607.0,DEBRIS,42218.0,DEBRIS,7.7789,1.45e-06,NOMINAL,2026-03-07T08:09:40Z,793
53224.0,PAYLOAD,67228.0,PAYLOAD,7.7789,1.45e-06,NOMINAL,2026-03-07T11:24:40Z,988
52707.0,PAYLOAD,89172.0,UNKNOWN,7.7796,1.44e-06,NOMINAL,2026-03-07T08:10:40Z,794
32441.0,DEBRIS,64899.0,PAYLOAD,7.7797,1.44e-06,NOMINAL,2026-03-07T00:20:40Z,324
54822.0,PAYLOAD,54858.0,PAYLOAD,7.7821,1.43e-06,NOMINAL,2026-03-07T03:20:40Z,504
57644.0,PAYLOAD,60464.0,PAYLOAD,7.7825,1.43e-06,NOMINAL,2026-03-06T21:50:40Z,174
61982.0,PAYLOAD,63714.0,PAYLOAD,7.7833,1.42e-06,NOMINAL,2026-03-06T23:54:40Z,298
38842.0,DEBRIS,63049.0,PAYLOAD,7.7835,1.42e-06,NOMINAL,2026-03-07T03:15:40Z,499
9678.0,DEBRIS,29762.0,DEBRIS,7.7837,1.42e-06,NOMINAL,2026-03-07T16:20:40Z,1284
63793.0,PAYLOAD,67510.0,PAYLOAD,7.7849,1.42e-06,NOMINAL,2026-03-07T16:45:40Z,1309
55186.0,DEBRIS,55551.0,DEBRIS,7.785,1.42e-06,NOMINAL,2026-03-07T02:11:40Z,435
6341.0,ROCKET BODY,48392.0,PAYLOAD,7.7868,1.41e-06,NOMINAL,2026-03-07T09:42:40Z,886
60431.0,PAYLOAD,63067.0,PAYLOAD,7.7872,1.4e-06,NOMINAL,2026-03-07T04:00:40Z,544
20196.0,PAYLOAD,270088.0,UNKNOWN,7.7874,1.4e-06,NOMINAL,2026-03-07T18:49:40Z,1433
63634.0,PAYLOAD,64679.0,PAYLOAD,7.7876,1.4e-06,NOMINAL,2026-03-07T03:16:40Z,500
6879.0,DEBRIS,10327.0,ROCKET BODY,7.7879,1.4e-06,NOMINAL,2026-03-07T13:12:40Z,1096
58530.0,PAYLOAD,63569.0,PAYLOAD,7.7881,1.4e-06,NOMINAL,2026-03-07T16:19:40Z,1283
45406.0,PAYLOAD,59168.0,PAYLOAD,7.7883,1.4e-06,NOMINAL,2026-03-06T23:58:40Z,302
58406.0,PAYLOAD,63387.0,PAYLOAD,7.7895,1.39e-06,NOMINAL,2026-03-07T11:46:40Z,1010
62640.0,PAYLOAD,63587.0,PAYLOAD,7.7899,1.39e-06,NOMINAL,2026-03-06T21:30:40Z,154
60152.0,PAYLOAD,61623.0,PAYLOAD,7.79,1.39e-06,NOMINAL,2026-03-07T09:11:40Z,855
14480.0,DEBRIS,30847.0,DEBRIS,7.7905,1.39e-06,NOMINAL,2026-03-06T22:44:40Z,228
48289.0,PAYLOAD,67466.0,PAYLOAD,7.7906,1.39e-06,NOMINAL,2026-03-07T16:54:40Z,1318
66714.0,PAYLOAD,88233.0,UNKNOWN,7.7907,1.39e-06,NOMINAL,2026-03-07T08:34:40Z,818
59931.0,PAYLOAD,67411.0,PAYLOAD,7.7915,1.38e-06,NOMINAL,2026-03-06T19:25:40Z,29
58358.0,PAYLOAD,65901.0,PAYLOAD,7.7916,1.38e-06,NOMINAL,2026-03-06T20:46:40Z,110
59751.0,PAYLOAD,64744.0,PAYLOAD,7.7927,1.38e-06,NOMINAL,2026-03-07T16:24:40Z,1288
10882.0,DEBRIS,29183.0,DEBRIS,7.7929,1.38e-06,NOMINAL,2026-03-07T18:36:40Z,1420
62196.0,PAYLOAD,65748.0,PAYLOAD,7.7933,1.38e-06,NOMINAL,2026-03-07T17:05:40Z,1329
59544.0,PAYLOAD,63499.0,PAYLOAD,7.7944,1.37e-06,NOMINAL,2026-03-07T09:43:40Z,887
38174.0,DEBRIS,39103.0,DEBRIS,7.7948,1.37e-06,NOMINAL,2026-03-07T07:35:40Z,759
2020.0,DEBRIS,57437.0,PAYLOAD,7.7952,1.37e-06,NOMINAL,2026-03-07T01:35:40Z,399
61706.0,PAYLOAD,65824.0,PAYLOAD,7.7959,1.36e-06,NOMINAL,2026-03-07T15:44:40Z,1248
25412.0,DEBRIS,54418.0,DEBRIS,7.796,1.36e-06,NOMINAL,2026-03-07T03:05:40Z,489
1505.0,PAYLOAD,6887.0,DEBRIS,7.7965,1.36e-06,NOMINAL,2026-03-07T09:45:40Z,889
54880.0,PAYLOAD,57610.0,PAYLOAD,7.7971,1.36e-06,NOMINAL,2026-03-06T22:07:40Z,191
65832.0,PAYLOAD,67321.0,PAYLOAD,7.798,1.35e-06,NOMINAL,2026-03-06T22:51:40Z,235
48120.0,PAYLOAD,62125.0,PAYLOAD,7.7983,1.35e-06,NOMINAL,2026-03-07T16:48:40Z,1312
51798.0,PAYLOAD,82778.0,UNKNOWN,7.7983,1.35e-06,NOMINAL,2026-03-07T18:30:40Z,1414
47389.0,PAYLOAD,62683.0,PAYLOAD,7.7984,1.35e-06,NOMINAL,2026-03-07T17:57:40Z,1381
57811.0,PAYLOAD,59086.0,PAYLOAD,7.7996,1.35e-06,NOMINAL,2026-03-07T15:33:40Z,1237
54924.0,DEBRIS,60845.0,DEBRIS,7.7996,1.35e-06,NOMINAL,2026-03-07T12:36:40Z,1060
59505.0,PAYLOAD,67041.0,PAYLOAD,7.7999,1.34e-06,NOMINAL,2026-03-07T06:47:40Z,711
64688.0,PAYLOAD,67432.0,PAYLOAD,7.8001,1.34e-06,NOMINAL,2026-03-07T01:31:40Z,395
57463.0,PAYLOAD,67325.0,PAYLOAD,7.8007,1.34e-06,NOMINAL,2026-03-06T19:38:40Z,42
58251.0,PAYLOAD,63280.0,PAYLOAD,7.8008,1.34e-06,NOMINAL,2026-03-07T13:38:40Z,1122
58120.0,PAYLOAD,66501.0,PAYLOAD,7.8009,1.34e-06,NOMINAL,2026-03-07T10:19:40Z,923
48603.0,PAYLOAD,65444.0,PAYLOAD,7.8014,1.34e-06,NOMINAL,2026-03-06T20:16:40Z,80
58192.0,PAYLOAD,63831.0,PAYLOAD,7.8016,1.34e-06,NOMINAL,2026-03-07T16:10:40Z,1274
1841.0,PAYLOAD,63444.0,PAYLOAD,7.8032,1.33e-06,NOMINAL,2026-03-07T01:52:40Z,416
29996.0,DEBRIS,41537.0,DEBRIS,7.8035,1.33e-06,NOMINAL,2026-03-07T02:53:40Z,477
9858.0,ROCKET BODY,25976.0,DEBRIS,7.8038,1.33e-06,NOMINAL,2026-03-07T00:14:40Z,318
57880.0,PAYLOAD,66462.0,PAYLOAD,7.8039,1.33e-06,NOMINAL,2026-03-07T02:45:40Z,469
59155.0,PAYLOAD,65503.0,PAYLOAD,7.8045,1.32e-06,NOMINAL,2026-03-07T18:21:40Z,1405
2691.0,DEBRIS,53700.0,PAYLOAD,7.8058,1.32e-06,NOMINAL,2026-03-07T02:42:40Z,466
59675.0,PAYLOAD,66900.0,PAYLOAD,7.8069,1.31e-06,NOMINAL,2026-03-07T08:04:40Z,788
34022.0,DEBRIS,39668.0,DEBRIS,7.807,1.31e-06,NOMINAL,2026-03-07T10:58:40Z,962
58983.0,PAYLOAD,66423.0,PAYLOAD,7.807,1.31e-06,NOMINAL,2026-03-07T01:05:40Z,369
3846.0,PAYLOAD,7347.0,PAYLOAD,7.8079,1.31e-06,NOMINAL,2026-03-07T12:45:40Z,1069
60442.0,PAYLOAD,63237.0,UNKNOWN,7.808,1.31e-06,NOMINAL,2026-03-07T02:14:40Z,438
15335.0,ROCKET BODY,30603.0,DEBRIS,7.8082,1.31e-06,NOMINAL,2026-03-06T22:31:40Z,215
26930.0,PAYLOAD,28056.0,DEBRIS,7.8084,1.31e-06,NOMINAL,2026-03-07T09:32:40Z,876
6812.0,DEBRIS,66112.0,PAYLOAD,7.8091,1.3e-06,NOMINAL,2026-03-07T13:28:40Z,1112
17159.0,PAYLOAD,22487.0,PAYLOAD,7.8091,1.3e-06,NOMINAL,2026-03-07T15:09:40Z,1213
58088.0,PAYLOAD,67047.0,PAYLOAD,7.8093,1.3e-06,NOMINAL,2026-03-06T22:04:40Z,188
3919.0,DEBRIS,7879.0,DEBRIS,7.81,1.3e-06,NOMINAL,2026-03-06T22:59:40Z,243
58244.0,PAYLOAD,66565.0,PAYLOAD,7.8104,1.3e-06,NOMINAL,2026-03-07T14:04:40Z,1148
12409.0,PAYLOAD,36095.0,PAYLOAD,7.8107,1.29e-06,NOMINAL,2026-03-07T02:45:40Z,469
25940.0,PAYLOAD,33676.0,DEBRIS,7.8109,1.29e-06,NOMINAL,2026-03-07T00:16:40Z,320
31009.0,DEBRIS,56686.0,DEBRIS,7.811,1.29e-06,NOMINAL,2026-03-07T03:27:40Z,511
60269.0,PAYLOAD,63455.0,PAYLOAD,7.8117,1.29e-06,NOMINAL,2026-03-06T21:39:40Z,163
63715.0,PAYLOAD,66591.0,PAYLOAD,7.8124,1.29e-06,NOMINAL,2026-03-06T21:32:40Z,156
43084.0,ROCKET BODY,65332.0,PAYLOAD,7.8138,1.28e-06,NOMINAL,2026-03-07T04:27:40Z,571
31265.0,DEBRIS,63726.0,PAYLOAD,7.8139,1.28e-06,NOMINAL,2026-03-06T19:04:40Z,8
62158.0,PAYLOAD,63001.0,PAYLOAD,7.8139,1.28e-06,NOMINAL,2026-03-07T17:38:40Z,1362
52882.0,PAYLOAD,56130.0,PAYLOAD,7.8139,1.28e-06,NOMINAL,2026-03-07T01:10:40Z,374
54694.0,UNKNOWN,62370.0,DEBRIS,7.8147,1.28e-06,NOMINAL,2026-03-07T06:52:40Z,716
8920.0,DEBRIS,10944.0,PAYLOAD,7.8168,1.27e-06,NOMINAL,2026-03-07T13:14:40Z,1098
9687.0,DEBRIS,46032.0,PAYLOAD,7.8168,1.27e-06,NOMINAL,2026-03-06T22:22:40Z,206
53048.0,PAYLOAD,55475.0,PAYLOAD,7.8182,1.26e-06,NOMINAL,2026-03-07T04:25:40Z,569
47679.0,PAYLOAD,63108.0,PAYLOAD,7.8184,1.26e-06,NOMINAL,2026-03-06T21:07:40Z,131
31743.0,DEBRIS,40508.0,DEBRIS,7.8196,1.26e-06,NOMINAL,2026-03-06T20:32:40Z,96
65879.0,PAYLOAD,66615.0,PAYLOAD,7.8198,1.25e-06,NOMINAL,2026-03-07T11:36:40Z,1000
58062.0,PAYLOAD,66497.0,PAYLOAD,7.8199,1.25e-06,NOMINAL,2026-03-07T09:36:40Z,880
61864.0,PAYLOAD,66007.0,PAYLOAD,7.8202,1.25e-06,NOMINAL,2026-03-07T01:03:40Z,367
3333.0,ROCKET BODY,9447.0,DEBRIS,7.8212,1.25e-06,NOMINAL,2026-03-06T20:04:40Z,68
26733.0,DEBRIS,38441.0,DEBRIS,7.822,1.24e-06,NOMINAL,2026-03-07T06:00:40Z,664
58386.0,PAYLOAD,64020.0,PAYLOAD,7.8223,1.24e-06,NOMINAL,2026-03-07T02:28:40Z,452
58646.0,PAYLOAD,63403.0,PAYLOAD,7.8225,1.24e-06,NOMINAL,2026-03-07T08:12:40Z,796
64749.0,PAYLOAD,66542.0,PAYLOAD,7.8227,1.24e-06,NOMINAL,2026-03-07T05:15:40Z,619
57678.0,PAYLOAD,62078.0,ROCKET BODY,7.8229,1.24e-06,NOMINAL,2026-03-06T23:05:40Z,249
65919.0,PAYLOAD,67112.0,PAYLOAD,7.8231,1.24e-06,NOMINAL,2026-03-07T08:50:40Z,834
29302.0,DEBRIS,37214.0,PAYLOAD,7.8234,1.24e-06,NOMINAL,2026-03-07T02:05:40Z,429
5780.0,DEBRIS,58941.0,PAYLOAD,7.824,1.24e-06,NOMINAL,2026-03-07T06:40:40Z,704
57498.0,PAYLOAD,66490.0,PAYLOAD,7.8244,1.23e-06,NOMINAL,2026-03-06T21:47:40Z,171
3356.0,DEBRIS,54206.0,PAYLOAD,7.8245,1.23e-06,NOMINAL,2026-03-07T06:57:40Z,721
65250.0,PAYLOAD,88208.0,UNKNOWN,7.8255,1.23e-06,NOMINAL,2026-03-07T06:56:40Z,720
32110.0,DEBRIS,59280.0,PAYLOAD,7.8258,1.23e-06,NOMINAL,2026-03-07T18:00:40Z,1384
23408.0,DEBRIS,65049.0,PAYLOAD,7.826,1.23e-06,NOMINAL,2026-03-06T19:11:40Z,15
40978.0,ROCKET BODY,57102.0,PAYLOAD,7.8281,1.22e-06,NOMINAL,2026-03-07T15:41:40Z,1245
36049.0,DEBRIS,52897.0,PAYLOAD,7.8296,1.21e-06,NOMINAL,2026-03-07T05:31:40Z,635
59250.0,PAYLOAD,64268.0,PAYLOAD,7.8297,1.21e-06,NOMINAL,2026-03-06T20:27:40Z,91
55333.0,PAYLOAD,65800.0,PAYLOAD,7.8314,1.21e-06,NOMINAL,2026-03-07T17:04:40Z,1328
3275.0,ROCKET BODY,9640.0,DEBRIS,7.8318,1.2e-06,NOMINAL,2026-03-07T06:48:40Z,712
62842.0,PAYLOAD,64450.0,PAYLOAD,7.8328,1.2e-06,NOMINAL,2026-03-07T16:11:40Z,1275
56838.0,PAYLOAD,61511.0,PAYLOAD,7.8329,1.2e-06,NOMINAL,2026-03-07T06:38:40Z,702
62197.0,PAYLOAD,62651.0,PAYLOAD,7.8335,1.2e-06,NOMINAL,2026-03-07T10:52:40Z,956
41082.0,DEBRIS,270075.0,UNKNOWN,7.8342,1.19e-06,NOMINAL,2026-03-07T13:53:40Z,1137
3114.0,PAYLOAD,7918.0,PAYLOAD,7.8344,1.19e-06,NOMINAL,2026-03-07T17:45:40Z,1369
58597.0,PAYLOAD,63835.0,PAYLOAD,7.8354,1.19e-06,NOMINAL,2026-03-06T20:52:40Z,116
45504.0,DEBRIS,65571.0,PAYLOAD,7.8356,1.19e-06,NOMINAL,2026-03-07T16:36:40Z,1300
5780.0,DEBRIS,64616.0,PAYLOAD,7.8357,1.19e-06,NOMINAL,2026-03-07T12:07:40Z,1031
53206.0,PAYLOAD,57736.0,PAYLOAD,7.8361,1.19e-06,NOMINAL,2026-03-07T16:29:40Z,1293
13066.0,ROCKET BODY,45523.0,DEBRIS,7.8366,1.18e-06,NOMINAL,2026-03-07T16:25:40Z,1289
57708.0,PAYLOAD,59634.0,PAYLOAD,7.8375,1.18e-06,NOMINAL,2026-03-07T12:27:40Z,1051
47424.0,UNKNOWN,62777.0,PAYLOAD,7.8386,1.17e-06,NOMINAL,2026-03-07T06:01:40Z,665
62807.0,PAYLOAD,67120.0,PAYLOAD,7.8395,1.17e-06,NOMINAL,2026-03-07T00:13:40Z,317
65608.0,PAYLOAD,65939.0,UNKNOWN,7.8397,1.17e-06,NOMINAL,2026-03-07T16:33:40Z,1297
47226.0,PAYLOAD,54920.0,DEBRIS,7.8407,1.17e-06,NOMINAL,2026-03-07T08:00:40Z,784
60077.0,PAYLOAD,60461.0,PAYLOAD,7.841,1.17e-06,NOMINAL,2026-03-06T20:53:40Z,117
10569.0,DEBRIS,40317.0,DEBRIS,7.8412,1.16e-06,NOMINAL,2026-03-07T15:51:40Z,1255
13719.0,ROCKET BODY,56281.0,DEBRIS,7.8412,1.16e-06,NOMINAL,2026-03-06T22:40:40Z,224
60752.0,UNKNOWN,64544.0,PAYLOAD,7.8412,1.16e-06,NOMINAL,2026-03-06T21:40:40Z,164
30471.0,DEBRIS,31833.0,DEBRIS,7.8418,1.16e-06,NOMINAL,2026-03-07T18:52:40Z,1436
62665.0,PAYLOAD,66739.0,PAYLOAD,7.8419,1.16e-06,NOMINAL,2026-03-06T19:13:40Z,17
58405.0,PAYLOAD,66607.0,PAYLOAD,7.8419,1.16e-06,NOMINAL,2026-03-07T03:34:40Z,518
31714.0,DEBRIS,64720.0,PAYLOAD,7.8419,1.16e-06,NOMINAL,2026-03-07T16:21:40Z,1285
26432.0,DEBRIS,43265.0,DEBRIS,7.8422,1.16e-06,NOMINAL,2026-03-06T22:49:40Z,233
62069.0,PAYLOAD,64236.0,PAYLOAD,7.843,1.16e-06,NOMINAL,2026-03-06T23:22:40Z,266
33656.0,DEBRIS,41531.0,DEBRIS,7.8441,1.15e-06,NOMINAL,2026-03-07T14:35:40Z,1179
59090.0,PAYLOAD,65459.0,PAYLOAD,7.8444,1.15e-06,NOMINAL,2026-03-07T03:17:40Z,501
28208.0,DEBRIS,61406.0,DEBRIS,7.8463,1.14e-06,NOMINAL,2026-03-07T01:23:40Z,387
17478.0,DEBRIS,53877.0,PAYLOAD,7.8469,1.14e-06,NOMINAL,2026-03-07T08:14:40Z,798
60142.0,PAYLOAD,66458.0,PAYLOAD,7.8476,1.14e-06,NOMINAL,2026-03-06T21:20:40Z,144
48357.0,PAYLOAD,64441.0,PAYLOAD,7.8487,1.13e-06,NOMINAL,2026-03-06T21:00:40Z,124
19105.0,DEBRIS,41419.0,DEBRIS,7.8488,1.13e-06,NOMINAL,2026-03-07T08:19:40Z,803
21733.0,PAYLOAD,42609.0,DEBRIS,7.8489,1.13e-06,NOMINAL,2026-03-07T01:34:40Z,398
4327.0,PAYLOAD,37450.0,DEBRIS,7.8497,1.13e-06,NOMINAL,2026-03-06T21:04:40Z,128
55346.0,PAYLOAD,65972.0,ROCKET BODY,7.8498,1.13e-06,NOMINAL,2026-03-07T11:51:40Z,1015
57973.0,PAYLOAD,63210.0,PAYLOAD,7.8513,1.12e-06,NOMINAL,2026-03-06T22:41:40Z,225
35536.0,DEBRIS,54400.0,DEBRIS,7.8518,1.12e-06,NOMINAL,2026-03-06T23:00:40Z,244
56547.0,PAYLOAD,57342.0,PAYLOAD,7.8522,1.12e-06,NOMINAL,2026-03-07T05:10:40Z,614
31682.0,DEBRIS,49399.0,PAYLOAD,7.8525,1.12e-06,NOMINAL,2026-03-07T11:04:40Z,968
59027.0,PAYLOAD,63774.0,PAYLOAD,7.8531,1.12e-06,NOMINAL,2026-03-07T18:47:40Z,1431
64570.0,PAYLOAD,64710.0,PAYLOAD,7.8531,1.12e-06,NOMINAL,2026-03-06T23:45:40Z,289
55540.0,DEBRIS,60708.0,DEBRIS,7.8543,1.11e-06,NOMINAL,2026-03-06T23:25:40Z,269
61895.0,UNKNOWN,62742.0,PAYLOAD,7.8546,1.11e-06,NOMINAL,2026-03-07T01:44:40Z,408
42335.0,DEBRIS,64656.0,DEBRIS,7.8549,1.11e-06,NOMINAL,2026-03-07T08:31:40Z,815
60287.0,PAYLOAD,61978.0,PAYLOAD,7.8576,1.1e-06,NOMINAL,2026-03-06T23:46:40Z,290
47357.0,PAYLOAD,53551.0,PAYLOAD,7.858,1.1e-06,NOMINAL,2026-03-07T00:19:40Z,323
1085.0,PAYLOAD,8483.0,ROCKET BODY,7.8585,1.1e-06,NOMINAL,2026-03-07T11:12:40Z,976
59441.0,PAYLOAD,62570.0,PAYLOAD,7.8601,1.09e-06,NOMINAL,2026-03-07T00:49:40Z,353
13844.0,PAYLOAD,30197.0,DEBRIS,7.8607,1.09e-06,NOMINAL,2026-03-07T11:59:40Z,1023
42794.0,PAYLOAD,56317.0,PAYLOAD,7.8609,1.09e-06,NOMINAL,2026-03-07T09:22:40Z,866
59668.0,PAYLOAD,63459.0,PAYLOAD,7.8612,1.09e-06,NOMINAL,2026-03-07T16:28:40Z,1292
1951.0,DEBRIS,11971.0,DEBRIS,7.8615,1.08e-06,NOMINAL,2026-03-07T00:56:40Z,360
57909.0,PAYLOAD,64948.0,PAYLOAD,7.8616,1.08e-06,NOMINAL,2026-03-07T09:57:40Z,901
62926.0,PAYLOAD,64459.0,PAYLOAD,7.8616,1.08e-06,NOMINAL,2026-03-06T19:36:40Z,40
52656.0,PAYLOAD,56553.0,PAYLOAD,7.8624,1.08e-06,NOMINAL,2026-03-07T08:43:40Z,827
47638.0,PAYLOAD,66147.0,PAYLOAD,7.8633,1.08e-06,NOMINAL,2026-03-07T00:55:40Z,359
27678.0,DEBRIS,30331.0,DEBRIS,7.8641,1.08e-06,NOMINAL,2026-03-06T21:43:40Z,167
22080.0,PAYLOAD,61105.0,DEBRIS,7.8649,1.07e-06,NOMINAL,2026-03-06T22:03:40Z,187
59635.0,PAYLOAD,60937.0,PAYLOAD,7.866,1.07e-06,NOMINAL,2026-03-07T16:35:40Z,1299
60579.0,PAYLOAD,65237.0,PAYLOAD,7.8663,1.07e-06,NOMINAL,2026-03-07T04:56:40Z,600
63374.0,PAYLOAD,66589.0,PAYLOAD,7.8675,1.06e-06,NOMINAL,2026-03-07T04:23:40Z,567
48472.0,PAYLOAD,52336.0,PAYLOAD,7.868,1.06e-06,NOMINAL,2026-03-07T14:37:40Z,1181
57457.0,PAYLOAD,59583.0,PAYLOAD,7.8691,1.06e-06,NOMINAL,2026-03-07T17:41:40Z,1365
48286.0,PAYLOAD,66531.0,PAYLOAD,7.8692,1.06e-06,NOMINAL,2026-03-07T16:01:40Z,1265
8964.0,DEBRIS,87211.0,UNKNOWN,7.8698,1.05e-06,NOMINAL,2026-03-07T10:17:40Z,921
57248.0,PAYLOAD,65612.0,PAYLOAD,7.8702,1.05e-06,NOMINAL,2026-03-07T14:13:40Z,1157
34.0,PAYLOAD,518.0,ROCKET BODY,7.8705,1.05e-06,NOMINAL,2026-03-07T00:03:40Z,307
57426.0,UNKNOWN,66986.0,PAYLOAD,7.8714,1.05e-06,NOMINAL,2026-03-07T06:21:40Z,685
59931.0,PAYLOAD,66074.0,PAYLOAD,7.8717,1.05e-06,NOMINAL,2026-03-06T19:28:40Z,32
60345.0,PAYLOAD,66854.0,PAYLOAD,7.8719,1.05e-06,NOMINAL,2026-03-07T06:15:40Z,679
47358.0,PAYLOAD,54780.0,PAYLOAD,7.8747,1.04e-06,NOMINAL,2026-03-07T01:49:40Z,413
8994.0,DEBRIS,57506.0,PAYLOAD,7.877,1.03e-06,NOMINAL,2026-03-06T23:20:40Z,264
59795.0,PAYLOAD,65347.0,PAYLOAD,7.8771,1.03e-06,NOMINAL,2026-03-06T21:29:40Z,153
59484.0,PAYLOAD,63848.0,PAYLOAD,7.8772,1.03e-06,NOMINAL,2026-03-07T11:35:40Z,999
48286.0,PAYLOAD,58495.0,PAYLOAD,7.8772,1.03e-06,NOMINAL,2026-03-06T23:37:40Z,281
5150.0,DEBRIS,15516.0,PAYLOAD,7.8778,1.02e-06,NOMINAL,2026-03-07T01:02:40Z,366
411.0,DEBRIS,48151.0,PAYLOAD,7.8783,1.02e-06,NOMINAL,2026-03-07T17:20:40Z,1344
65630.0,PAYLOAD,67782.0,PAYLOAD,7.8784,1.02e-06,NOMINAL,2026-03-06T22:13:40Z,197
3221.0,ROCKET BODY,4488.0,ROCKET BODY,7.8787,1.02e-06,NOMINAL,2026-03-07T15:41:40Z,1245
62663.0,PAYLOAD,66173.0,PAYLOAD,7.8789,1.02e-06,NOMINAL,2026-03-07T00:15:40Z,319
43171.0,PAYLOAD,56525.0,PAYLOAD,7.8793,1.02e-06,NOMINAL,2026-03-07T17:24:40Z,1348
57815.0,PAYLOAD,58660.0,PAYLOAD,7.8795,1.02e-06,NOMINAL,2026-03-07T13:32:40Z,1116
60356.0,PAYLOAD,66468.0,PAYLOAD,7.8796,1.02e-06,NOMINAL,2026-03-06T20:38:40Z,102
9294.0,DEBRIS,41086.0,DEBRIS,7.8797,1.02e-06,NOMINAL,2026-03-07T13:19:40Z,1103
50201.0,PAYLOAD,67643.0,PAYLOAD,7.8806,1.01e-06,NOMINAL,2026-03-07T18:07:40Z,1391
48658.0,PAYLOAD,58076.0,PAYLOAD,7.8825,1.01e-06,NOMINAL,2026-03-06T21:39:40Z,163
58874.0,PAYLOAD,65035.0,PAYLOAD,7.8827,1.01e-06,NOMINAL,2026-03-07T18:21:40Z,1405
53288.0,PAYLOAD,57353.0,PAYLOAD,7.8827,1.01e-06,NOMINAL,2026-03-06T22:28:40Z,212
21891.0,ROCKET BODY,64296.0,PAYLOAD,7.8844,1e-06,NOMINAL,2026-03-07T13:20:40Z,1104
60941.0,PAYLOAD,65220.0,PAYLOAD,7.8851,1e-06,NOMINAL,2026-03-07T13:47:40Z,1131
1765.0,DEBRIS,67450.0,PAYLOAD,7.8857,1e-06,NOMINAL,2026-03-06T19:44:40Z,48
48564.0,PAYLOAD,59502.0,PAYLOAD,7.8857,1e-06,NOMINAL,2026-03-06T22:50:40Z,234
7755.0,DEBRIS,67908.0,PAYLOAD,7.8857,1e-06,NOMINAL,2026-03-07T13:55:40Z,1139
30057.0,DEBRIS,270347.0,UNKNOWN,7.8857,1e-06,NOMINAL,2026-03-07T02:33:40Z,457
48571.0,PAYLOAD,62855.0,PAYLOAD,7.887,9.9e-07,NOMINAL,2026-03-07T18:34:40Z,1418
61551.0,PAYLOAD,66018.0,PAYLOAD,7.8889,9.9e-07,NOMINAL,2026-03-07T07:54:40Z,778
57702.0,PAYLOAD,58093.0,PAYLOAD,7.8899,9.8e-07,NOMINAL,2026-03-07T18:07:40Z,1391
47648.0,PAYLOAD,60271.0,PAYLOAD,7.89,9.8e-07,NOMINAL,2026-03-07T01:26:40Z,390
3312.0,DEBRIS,5863.0,ROCKET BODY,7.8901,9.8e-07,NOMINAL,2026-03-07T15:25:40Z,1229
43765.0,PAYLOAD,48398.0,PAYLOAD,7.8908,9.8e-07,NOMINAL,2026-03-06T19:04:40Z,8
58634.0,PAYLOAD,62603.0,PAYLOAD,7.8909,9.8e-07,NOMINAL,2026-03-07T14:12:40Z,1156
46059.0,PAYLOAD,64264.0,PAYLOAD,7.8912,9.8e-07,NOMINAL,2026-03-07T18:28:40Z,1412
41399.0,DEBRIS,44697.0,DEBRIS,7.8925,9.7e-07,NOMINAL,2026-03-06T20:47:40Z,111
59267.0,PAYLOAD,63487.0,PAYLOAD,7.8941,9.7e-07,NOMINAL,2026-03-07T15:08:40Z,1212
42427.0,DEBRIS,47099.0,DEBRIS,7.8943,9.7e-07,NOMINAL,2026-03-07T03:03:40Z,487
58794.0,PAYLOAD,62970.0,PAYLOAD,7.8944,9.7e-07,NOMINAL,2026-03-07T14:13:40Z,1157
7057.0,DEBRIS,8394.0,DEBRIS,7.8945,9.7e-07,NOMINAL,2026-03-06T20:45:40Z,109
45663.0,PAYLOAD,58823.0,UNKNOWN,7.8948,9.7e-07,NOMINAL,2026-03-07T09:41:40Z,885
48657.0,PAYLOAD,63198.0,PAYLOAD,7.8957,9.6e-07,NOMINAL,2026-03-07T17:23:40Z,1347
65430.0,PAYLOAD,67359.0,PAYLOAD,7.8965,9.6e-07,NOMINAL,2026-03-06T22:37:40Z,221
50840.0,PAYLOAD,56531.0,PAYLOAD,7.897,9.6e-07,NOMINAL,2026-03-07T12:25:40Z,1049
65469.0,PAYLOAD,66466.0,PAYLOAD,7.8976,9.6e-07,NOMINAL,2026-03-07T16:15:40Z,1279
5197.0,DEBRIS,12200.0,DEBRIS,7.8977,9.6e-07,NOMINAL,2026-03-07T18:28:40Z,1412
34195.0,DEBRIS,37623.0,DEBRIS,7.8977,9.6e-07,NOMINAL,2026-03-07T18:38:40Z,1422
37719.0,DEBRIS,46804.0,DEBRIS,7.8985,9.5e-07,NOMINAL,2026-03-07T16:54:40Z,1318
57189.0,UNKNOWN,64743.0,PAYLOAD,7.9003,9.5e-07,NOMINAL,2026-03-07T09:42:40Z,886
48382.0,PAYLOAD,59236.0,PAYLOAD,7.9011,9.4e-07,NOMINAL,2026-03-07T18:21:40Z,1405
58069.0,PAYLOAD,67113.0,PAYLOAD,7.9019,9.4e-07,NOMINAL,2026-03-07T18:54:40Z,1438
44777.0,PAYLOAD,60491.0,PAYLOAD,7.9025,9.4e-07,NOMINAL,2026-03-07T09:18:40Z,862
8970.0,DEBRIS,37097.0,DEBRIS,7.9026,9.4e-07,NOMINAL,2026-03-07T06:01:40Z,665
29940.0,DEBRIS,34570.0,DEBRIS,7.903,9.4e-07,NOMINAL,2026-03-07T06:59:40Z,723
60095.0,PAYLOAD,60468.0,UNKNOWN,7.9034,9.4e-07,NOMINAL,2026-03-07T05:45:40Z,649
61626.0,PAYLOAD,61726.0,PAYLOAD,7.9039,9.4e-07,NOMINAL,2026-03-07T09:53:40Z,897
47787.0,PAYLOAD,57882.0,PAYLOAD,7.9047,9.3e-07,NOMINAL,2026-03-07T18:55:40Z,1439
62751.0,PAYLOAD,63831.0,PAYLOAD,7.9048,9.3e-07,NOMINAL,2026-03-07T01:17:40Z,381
58530.0,PAYLOAD,62115.0,PAYLOAD,7.9049,9.3e-07,NOMINAL,2026-03-07T13:30:40Z,1114
8961.0,DEBRIS,63702.0,PAYLOAD,7.9054,9.3e-07,NOMINAL,2026-03-07T13:42:40Z,1126
781.0,DEBRIS,56486.0,PAYLOAD,7.9061,9.3e-07,NOMINAL,2026-03-07T04:15:40Z,559
61690.0,PAYLOAD,62277.0,PAYLOAD,7.9082,9.2e-07,NOMINAL,2026-03-07T05:51:40Z,655
55487.0,PAYLOAD,57458.0,PAYLOAD,7.9084,9.2e-07,NOMINAL,2026-03-07T03:31:40Z,515
35081.0,DEBRIS,40914.0,DEBRIS,7.9094,9.2e-07,NOMINAL,2026-03-07T15:06:40Z,1210
62809.0,PAYLOAD,63406.0,PAYLOAD,7.9095,9.2e-07,NOMINAL,2026-03-07T15:39:40Z,1243
31779.0,DEBRIS,64975.0,DEBRIS,7.9101,9.1e-07,NOMINAL,2026-03-07T14:29:40Z,1173
59090.0,PAYLOAD,66521.0,PAYLOAD,7.9103,9.1e-07,NOMINAL,2026-03-07T06:59:40Z,723
31345.0,DEBRIS,38163.0,DEBRIS,7.9104,9.1e-07,NOMINAL,2026-03-06T23:29:40Z,273
47807.0,PAYLOAD,67356.0,PAYLOAD,7.9107,9.1e-07,NOMINAL,2026-03-07T04:25:40Z,569
5396.0,PAYLOAD,57033.0,UNKNOWN,7.9114,9.1e-07,NOMINAL,2026-03-06T22:04:40Z,188
1164.0,DEBRIS,67889.0,PAYLOAD,7.9115,9.1e-07,NOMINAL,2026-03-07T01:05:40Z,369
30764.0,DEBRIS,39432.0,PAYLOAD,7.9123,9.1e-07,NOMINAL,2026-03-07T17:34:40Z,1358
36281.0,DEBRIS,41705.0,DEBRIS,7.913,9.1e-07,NOMINAL,2026-03-07T13:45:40Z,1129
63984.0,UNKNOWN,66749.0,PAYLOAD,7.9133,9e-07,NOMINAL,2026-03-07T12:42:40Z,1066
2779.0,PAYLOAD,7326.0,ROCKET BODY,7.9135,9e-07,NOMINAL,2026-03-07T05:39:40Z,643
45072.0,PAYLOAD,60146.0,PAYLOAD,7.9136,9e-07,NOMINAL,2026-03-06T21:54:40Z,178
51975.0,PAYLOAD,63808.0,PAYLOAD,7.9136,9e-07,NOMINAL,2026-03-07T08:59:40Z,843
2697.0,PAYLOAD,4483.0,ROCKET BODY,7.9141,9e-07,NOMINAL,2026-03-07T01:33:40Z,397
58972.0,PAYLOAD,62147.0,PAYLOAD,7.9165,8.9e-07,NOMINAL,2026-03-07T15:12:40Z,1216
33433.0,PAYLOAD,270111.0,UNKNOWN,7.9187,8.9e-07,NOMINAL,2026-03-07T01:06:40Z,370
59579.0,PAYLOAD,67034.0,PAYLOAD,7.9189,8.9e-07,NOMINAL,2026-03-07T12:47:40Z,1071
30975.0,DEBRIS,32409.0,DEBRIS,7.9194,8.9e-07,NOMINAL,2026-03-07T07:35:40Z,759
31072.0,DEBRIS,40404.0,DEBRIS,7.9195,8.9e-07,NOMINAL,2026-03-07T03:16:40Z,500
62771.0,PAYLOAD,67521.0,PAYLOAD,7.9198,8.8e-07,NOMINAL,2026-03-07T05:44:40Z,648
57914.0,PAYLOAD,59266.0,PAYLOAD,7.92,8.8e-07,NOMINAL,2026-03-07T14:14:40Z,1158
62128.0,PAYLOAD,64263.0,PAYLOAD,7.9202,8.8e-07,NOMINAL,2026-03-07T00:56:40Z,360
14210.0,PAYLOAD,67906.0,PAYLOAD,7.9218,8.8e-07,NOMINAL,2026-03-07T05:51:40Z,655
58635.0,PAYLOAD,64617.0,PAYLOAD,7.9218,8.8e-07,NOMINAL,2026-03-06T21:24:40Z,148
8978.0,DEBRIS,33446.0,PAYLOAD,7.9227,8.8e-07,NOMINAL,2026-03-06T19:57:40Z,61
58510.0,PAYLOAD,59317.0,PAYLOAD,7.9227,8.8e-07,NOMINAL,2026-03-07T16:35:40Z,1299
4887.0,DEBRIS,56915.0,PAYLOAD,7.923,8.7e-07,NOMINAL,2026-03-07T18:05:40Z,1389
60275.0,PAYLOAD,66327.0,PAYLOAD,7.9233,8.7e-07,NOMINAL,2026-03-07T18:32:40Z,1416
2295.0,PAYLOAD,9939.0,ROCKET BODY,7.9233,8.7e-07,NOMINAL,2026-03-07T17:23:40Z,1347
63778.0,PAYLOAD,65330.0,PAYLOAD,7.9238,8.7e-07,NOMINAL,2026-03-07T17:43:40Z,1367
57865.0,PAYLOAD,66963.0,PAYLOAD,7.924,8.7e-07,NOMINAL,2026-03-07T04:42:40Z,586
54690.0,UNKNOWN,64010.0,PAYLOAD,7.9251,8.7e-07,NOMINAL,2026-03-07T15:35:40Z,1239
42289.0,DEBRIS,64721.0,PAYLOAD,7.9256,8.7e-07,NOMINAL,2026-03-07T09:26:40Z,870
2820.0,DEBRIS,5121.0,DEBRIS,7.9257,8.7e-07,NOMINAL,2026-03-07T16:09:40Z,1273
59035.0,PAYLOAD,66172.0,PAYLOAD,7.9259,8.7e-07,NOMINAL,2026-03-07T17:51:40Z,1375
42120.0,DEBRIS,56052.0,PAYLOAD,7.9271,8.6e-07,NOMINAL,2026-03-07T10:22:40Z,926
2561.0,DEBRIS,45395.0,PAYLOAD,7.9285,8.6e-07,NOMINAL,2026-03-07T08:53:40Z,837
53535.0,PAYLOAD,57603.0,PAYLOAD,7.9286,8.6e-07,NOMINAL,2026-03-07T17:38:40Z,1362
58422.0,PAYLOAD,60338.0,PAYLOAD,7.9299,8.5e-07,NOMINAL,2026-03-07T08:55:40Z,839
52744.0,PAYLOAD,60282.0,PAYLOAD,7.9305,8.5e-07,NOMINAL,2026-03-07T11:15:40Z,979
58226.0,PAYLOAD,60446.0,PAYLOAD,7.931,8.5e-07,NOMINAL,2026-03-06T18:57:40Z,1
8098.0,DEBRIS,54689.0,UNKNOWN,7.931,8.5e-07,NOMINAL,2026-03-06T19:31:40Z,35
60320.0,PAYLOAD,65097.0,PAYLOAD,7.9316,8.5e-07,NOMINAL,2026-03-07T13:41:40Z,1125
65680.0,PAYLOAD,66517.0,PAYLOAD,7.9326,8.5e-07,NOMINAL,2026-03-07T02:13:40Z,437
27651.0,PAYLOAD,56147.0,PAYLOAD,7.9327,8.4e-07,NOMINAL,2026-03-07T08:51:40Z,835
59362.0,PAYLOAD,64012.0,PAYLOAD,7.9336,8.4e-07,NOMINAL,2026-03-07T18:30:40Z,1414
10131.0,DEBRIS,65032.0,PAYLOAD,7.9337,8.4e-07,NOMINAL,2026-03-07T11:04:40Z,968
4912.0,DEBRIS,41377.0,DEBRIS,7.9341,8.4e-07,NOMINAL,2026-03-06T19:24:40Z,28
66164.0,PAYLOAD,67449.0,PAYLOAD,7.9349,8.4e-07,NOMINAL,2026-03-07T11:47:40Z,1011
6065.0,DEBRIS,54871.0,PAYLOAD,7.9355,8.4e-07,NOMINAL,2026-03-07T06:43:40Z,707
59008.0,PAYLOAD,64138.0,PAYLOAD,7.9364,8.3e-07,NOMINAL,2026-03-07T15:30:40Z,1234
62763.0,PAYLOAD,67310.0,PAYLOAD,7.9367,8.3e-07,NOMINAL,2026-03-07T01:16:40Z,380
5062.0,DEBRIS,8864.0,DEBRIS,7.9367,8.3e-07,NOMINAL,2026-03-06T19:08:40Z,12
45229.0,PAYLOAD,62683.0,PAYLOAD,7.9367,8.3e-07,NOMINAL,2026-03-07T06:57:40Z,721
57811.0,PAYLOAD,62040.0,PAYLOAD,7.9372,8.3e-07,NOMINAL,2026-03-06T19:04:40Z,8
62142.0,PAYLOAD,67112.0,PAYLOAD,7.9372,8.3e-07,NOMINAL,2026-03-07T10:07:40Z,911
20087.0,DEBRIS,28042.0,DEBRIS,7.9376,8.3e-07,NOMINAL,2026-03-07T11:13:40Z,977
65681.0,PAYLOAD,67503.0,PAYLOAD,7.9386,8.3e-07,NOMINAL,2026-03-07T15:26:40Z,1230
47762.0,PAYLOAD,67764.0,PAYLOAD,7.9392,8.3e-07,NOMINAL,2026-03-07T06:52:40Z,716
59699.0,PAYLOAD,65892.0,PAYLOAD,7.9401,8.2e-07,NOMINAL,2026-03-07T10:46:40Z,950
14458.0,DEBRIS,25966.0,ROCKET BODY,7.9411,8.2e-07,NOMINAL,2026-03-06T22:54:40Z,238
9961.0,DEBRIS,53393.0,PAYLOAD,7.9412,8.2e-07,NOMINAL,2026-03-07T01:55:40Z,419
58767.0,PAYLOAD,64249.0,PAYLOAD,7.942,8.2e-07,NOMINAL,2026-03-06T21:50:40Z,174
32305.0,DEBRIS,35706.0,DEBRIS,7.9421,8.2e-07,NOMINAL,2026-03-07T11:48:40Z,1012
58089.0,PAYLOAD,58550.0,PAYLOAD,7.9425,8.2e-07,NOMINAL,2026-03-07T06:27:40Z,691
35378.0,DEBRIS,65095.0,PAYLOAD,7.9428,8.2e-07,NOMINAL,2026-03-06T20:00:40Z,64
48129.0,PAYLOAD,67342.0,PAYLOAD,7.9435,8.1e-07,NOMINAL,2026-03-07T14:47:40Z,1191
285.0,PAYLOAD,5539.0,DEBRIS,7.9437,8.1e-07,NOMINAL,2026-03-06T20:37:40Z,101
57607.0,PAYLOAD,63653.0,PAYLOAD,7.9437,8.1e-07,NOMINAL,2026-03-06T22:13:40Z,197
48580.0,PAYLOAD,58661.0,PAYLOAD,7.9437,8.1e-07,NOMINAL,2026-03-07T12:48:40Z,1072
62231.0,PAYLOAD,66336.0,PAYLOAD,7.9438,8.1e-07,NOMINAL,2026-03-06T20:05:40Z,69
63504.0,PAYLOAD,63957.0,PAYLOAD,7.9442,8.1e-07,NOMINAL,2026-03-07T01:21:40Z,385
58129.0,PAYLOAD,88227.0,UNKNOWN,7.9444,8.1e-07,NOMINAL,2026-03-07T01:23:40Z,387
31683.0,DEBRIS,61221.0,PAYLOAD,7.9451,8.1e-07,NOMINAL,2026-03-07T03:21:40Z,505
48395.0,PAYLOAD,58466.0,PAYLOAD,7.9452,8.1e-07,NOMINAL,2026-03-07T17:26:40Z,1350
58415.0,PAYLOAD,66165.0,PAYLOAD,7.9455,8.1e-07,NOMINAL,2026-03-06T19:22:40Z,26
59000.0,PAYLOAD,64140.0,PAYLOAD,7.9455,8.1e-07,NOMINAL,2026-03-07T18:08:40Z,1392
58128.0,PAYLOAD,66220.0,PAYLOAD,7.9457,8.1e-07,NOMINAL,2026-03-07T01:22:40Z,386
53478.0,PAYLOAD,55572.0,PAYLOAD,7.946,8.1e-07,NOMINAL,2026-03-07T11:25:40Z,989
48330.0,PAYLOAD,61848.0,PAYLOAD,7.9463,8.1e-07,NOMINAL,2026-03-07T11:00:40Z,964
58209.0,PAYLOAD,59690.0,PAYLOAD,7.9465,8e-07,NOMINAL,2026-03-07T02:55:40Z,479
49214.0,PAYLOAD,55172.0,PAYLOAD,7.9469,8e-07,NOMINAL,2026-03-07T05:08:40Z,612
1472.0,PAYLOAD,9383.0,ROCKET BODY,7.947,8e-07,NOMINAL,2026-03-07T05:01:40Z,605
8574.0,DEBRIS,58885.0,PAYLOAD,7.9472,8e-07,NOMINAL,2026-03-07T01:36:40Z,400
59885.0,PAYLOAD,66796.0,PAYLOAD,7.9473,8e-07,NOMINAL,2026-03-07T05:32:40Z,636
57976.0,PAYLOAD,66477.0,PAYLOAD,7.9475,8e-07,NOMINAL,2026-03-07T13:13:40Z,1097
48148.0,PAYLOAD,63903.0,PAYLOAD,7.9483,8e-07,NOMINAL,2026-03-06T19:58:40Z,62
30817.0,DEBRIS,37659.0,DEBRIS,7.9493,8e-07,NOMINAL,2026-03-07T17:07:40Z,1331
61623.0,PAYLOAD,66632.0,PAYLOAD,7.9494,8e-07,NOMINAL,2026-03-07T04:16:40Z,560
48713.0,DEBRIS,57246.0,PAYLOAD,7.9501,7.9e-07,NOMINAL,2026-03-06T22:01:40Z,185
54397.0,DEBRIS,62209.0,PAYLOAD,7.9504,7.9e-07,NOMINAL,2026-03-07T02:25:40Z,449
57710.0,PAYLOAD,67448.0,PAYLOAD,7.9505,7.9e-07,NOMINAL,2026-03-07T01:20:40Z,384
64207.0,PAYLOAD,66437.0,PAYLOAD,7.951,7.9e-07,NOMINAL,2026-03-06T22:18:40Z,202
58370.0,PAYLOAD,67091.0,PAYLOAD,7.9515,7.9e-07,NOMINAL,2026-03-07T02:08:40Z,432
7364.0,ROCKET BODY,81241.0,TBA,7.952,7.9e-07,NOMINAL,2026-03-07T13:14:40Z,1098
60350.0,PAYLOAD,66972.0,PAYLOAD,7.9529,7.9e-07,NOMINAL,2026-03-07T17:46:40Z,1370
55861.0,PAYLOAD,270303.0,UNKNOWN,7.9531,7.9e-07,NOMINAL,2026-03-06T21:38:40Z,162
18467.0,DEBRIS,56249.0,DEBRIS,7.9532,7.9e-07,NOMINAL,2026-03-06T22:00:40Z,184
7856.0,DEBRIS,66754.0,PAYLOAD,7.9537,7.8e-07,NOMINAL,2026-03-07T13:47:40Z,1131
56057.0,PAYLOAD,56077.0,PAYLOAD,7.9542,7.8e-07,NOMINAL,2026-03-07T11:11:40Z,975
62925.0,PAYLOAD,66182.0,PAYLOAD,7.9543,7.8e-07,NOMINAL,2026-03-07T14:14:40Z,1158
65336.0,PAYLOAD,66613.0,PAYLOAD,7.9549,7.8e-07,NOMINAL,2026-03-07T09:14:40Z,858
61591.0,PAYLOAD,62425.0,PAYLOAD,7.955,7.8e-07,NOMINAL,2026-03-07T18:36:40Z,1420
62854.0,PAYLOAD,66589.0,PAYLOAD,7.9559,7.8e-07,NOMINAL,2026-03-07T04:13:40Z,557
36326.0,DEBRIS,41165.0,DEBRIS,7.956,7.8e-07,NOMINAL,2026-03-07T03:00:40Z,484
3483.0,DEBRIS,55983.0,PAYLOAD,7.9561,7.8e-07,NOMINAL,2026-03-07T12:53:40Z,1077
60826.0,DEBRIS,61103.0,DEBRIS,7.9566,7.8e-07,NOMINAL,2026-03-07T02:21:40Z,445
3015.0,ROCKET BODY,4537.0,ROCKET BODY,7.957,7.8e-07,NOMINAL,2026-03-07T16:11:40Z,1275
58466.0,PAYLOAD,67185.0,PAYLOAD,7.9574,7.7e-07,NOMINAL,2026-03-06T21:42:40Z,166
3228.0,PAYLOAD,3273.0,ROCKET BODY,7.9576,7.7e-07,NOMINAL,2026-03-07T04:35:40Z,579
306.0,DEBRIS,2890.0,PAYLOAD,7.9588,7.7e-07,NOMINAL,2026-03-07T03:21:40Z,505
59077.0,PAYLOAD,65871.0,PAYLOAD,7.9598,7.7e-07,NOMINAL,2026-03-07T09:07:40Z,851
57667.0,PAYLOAD,58790.0,PAYLOAD,7.9599,7.7e-07,NOMINAL,2026-03-07T12:38:40Z,1062
58794.0,PAYLOAD,63278.0,PAYLOAD,7.9609,7.7e-07,NOMINAL,2026-03-07T08:01:40Z,785
29228.0,PAYLOAD,57381.0,PAYLOAD,7.9626,7.6e-07,NOMINAL,2026-03-06T19:01:40Z,5
26032.0,PAYLOAD,34882.0,DEBRIS,7.9626,7.6e-07,NOMINAL,2026-03-07T11:14:40Z,978
49408.0,PAYLOAD,61922.0,PAYLOAD,7.9628,7.6e-07,NOMINAL,2026-03-06T21:16:40Z,140
52093.0,PAYLOAD,52463.0,PAYLOAD,7.9629,7.6e-07,NOMINAL,2026-03-07T12:03:40Z,1027
117.0,PAYLOAD,64977.0,DEBRIS,7.9636,7.6e-07,NOMINAL,2026-03-07T07:18:40Z,742
48671.0,PAYLOAD,65813.0,PAYLOAD,7.9641,7.6e-07,NOMINAL,2026-03-06T21:30:40Z,154
3976.0,DEBRIS,62112.0,PAYLOAD,7.9645,7.6e-07,NOMINAL,2026-03-07T01:48:40Z,412
61928.0,PAYLOAD,65869.0,PAYLOAD,7.9646,7.6e-07,NOMINAL,2026-03-06T22:16:40Z,200
56138.0,PAYLOAD,65281.0,PAYLOAD,7.9646,7.5e-07,NOMINAL,2026-03-07T04:40:40Z,584
58411.0,PAYLOAD,64098.0,PAYLOAD,7.9646,7.5e-07,NOMINAL,2026-03-07T08:14:40Z,798
59895.0,PAYLOAD,62873.0,PAYLOAD,7.966,7.5e-07,NOMINAL,2026-03-06T19:58:40Z,62
56960.0,PAYLOAD,66185.0,PAYLOAD,7.9662,7.5e-07,NOMINAL,2026-03-06T23:43:40Z,287
8705.0,DEBRIS,66192.0,PAYLOAD,7.9674,7.5e-07,NOMINAL,2026-03-06T23:24:40Z,268
62059.0,PAYLOAD,62593.0,PAYLOAD,7.9675,7.5e-07,NOMINAL,2026-03-07T07:17:40Z,741
63040.0,PAYLOAD,63856.0,PAYLOAD,7.9675,7.5e-07,NOMINAL,2026-03-07T04:27:40Z,571
48151.0,PAYLOAD,49727.0,PAYLOAD,7.9686,7.4e-07,NOMINAL,2026-03-07T12:37:40Z,1061
25655.0,DEBRIS,64004.0,PAYLOAD,7.9691,7.4e-07,NOMINAL,2026-03-07T08:57:40Z,841
60261.0,PAYLOAD,63907.0,PAYLOAD,7.9695,7.4e-07,NOMINAL,2026-03-07T14:04:40Z,1148
48691.0,PAYLOAD,57966.0,PAYLOAD,7.9696,7.4e-07,NOMINAL,2026-03-06T22:20:40Z,204
62379.0,PAYLOAD,66133.0,PAYLOAD,7.9708,7.4e-07,NOMINAL,2026-03-07T15:07:40Z,1211
58745.0,PAYLOAD,59886.0,PAYLOAD,7.9711,7.4e-07,NOMINAL,2026-03-07T04:14:40Z,558
57778.0,PAYLOAD,66005.0,PAYLOAD,7.9713,7.4e-07,NOMINAL,2026-03-07T18:02:40Z,1386
54205.0,PAYLOAD,54771.0,PAYLOAD,7.9731,7.3e-07,NOMINAL,2026-03-07T01:32:40Z,396
51975.0,PAYLOAD,58126.0,PAYLOAD,7.9742,7.3e-07,NOMINAL,2026-03-07T12:01:40Z,1025
61639.0,PAYLOAD,65370.0,PAYLOAD,7.9743,7.3e-07,NOMINAL,2026-03-07T08:42:40Z,826
58038.0,PAYLOAD,66610.0,PAYLOAD,7.9744,7.3e-07,NOMINAL,2026-03-07T04:02:40Z,546
59670.0,PAYLOAD,63799.0,PAYLOAD,7.9752,7.3e-07,NOMINAL,2026-03-06T20:45:40Z,109
60539.0,PAYLOAD,270086.0,UNKNOWN,7.9764,7.2e-07,NOMINAL,2026-03-06T22:09:40Z,193
59430.0,PAYLOAD,62498.0,PAYLOAD,7.9766,7.2e-07,NOMINAL,2026-03-07T01:06:40Z,370
62819.0,PAYLOAD,82561.0,UNKNOWN,7.9771,7.2e-07,NOMINAL,2026-03-07T02:57:40Z,481
64416.0,PAYLOAD,67080.0,PAYLOAD,7.9779,7.2e-07,NOMINAL,2026-03-06T20:25:40Z,89
59902.0,PAYLOAD,64282.0,PAYLOAD,7.978,7.2e-07,NOMINAL,2026-03-07T10:55:40Z,959
52760.0,PAYLOAD,62613.0,PAYLOAD,7.9784,7.2e-07,NOMINAL,2026-03-07T07:34:40Z,758
65699.0,PAYLOAD,67053.0,PAYLOAD,7.9793,7.2e-07,NOMINAL,2026-03-07T03:05:40Z,489
11778.0,DEBRIS,31053.0,DEBRIS,7.9795,7.2e-07,NOMINAL,2026-03-07T15:12:40Z,1216
57910.0,PAYLOAD,67320.0,PAYLOAD,7.9796,7.2e-07,NOMINAL,2026-03-07T16:10:40Z,1274
57712.0,PAYLOAD,59402.0,PAYLOAD,7.9814,7.1e-07,NOMINAL,2026-03-07T03:05:40Z,489
60043.0,PAYLOAD,63105.0,PAYLOAD,7.9818,7.1e-07,NOMINAL,2026-03-07T17:54:40Z,1378
59038.0,PAYLOAD,64218.0,PAYLOAD,7.9823,7.1e-07,NOMINAL,2026-03-07T12:56:40Z,1080
62480.0,PAYLOAD,62760.0,PAYLOAD,7.9834,7.1e-07,NOMINAL,2026-03-06T19:52:40Z,56
56542.0,PAYLOAD,65812.0,PAYLOAD,7.9842,7e-07,NOMINAL,2026-03-07T11:15:40Z,979
58167.0,PAYLOAD,62812.0,PAYLOAD,7.9846,7e-07,NOMINAL,2026-03-07T11:12:40Z,976
16909.0,PAYLOAD,40750.0,ROCKET BODY,7.985,7e-07,NOMINAL,2026-03-06T20:03:40Z,67
57670.0,PAYLOAD,67129.0,PAYLOAD,7.9852,7e-07,NOMINAL,2026-03-07T03:59:40Z,543
61588.0,PAYLOAD,65894.0,PAYLOAD,7.9854,7e-07,NOMINAL,2026-03-07T14:13:40Z,1157
41468.0,ROCKET BODY,66128.0,PAYLOAD,7.9862,7e-07,NOMINAL,2026-03-06T22:25:40Z,209
40288.0,DEBRIS,61125.0,DEBRIS,7.9864,7e-07,NOMINAL,2026-03-07T06:21:40Z,685
63990.0,UNKNOWN,64458.0,PAYLOAD,7.9871,7e-07,NOMINAL,2026-03-07T01:40:40Z,404
35245.0,DEBRIS,41830.0,DEBRIS,7.9874,7e-07,NOMINAL,2026-03-07T15:04:40Z,1208
25161.0,DEBRIS,61288.0,DEBRIS,7.9876,7e-07,NOMINAL,2026-03-07T08:28:40Z,812
45187.0,PAYLOAD,48367.0,PAYLOAD,7.9876,7e-07,NOMINAL,2026-03-07T14:22:40Z,1166
6464.0,DEBRIS,6692.0,DEBRIS,7.9885,6.9e-07,NOMINAL,2026-03-06T20:12:40Z,76
9022.0,PAYLOAD,41829.0,DEBRIS,7.9886,6.9e-07,NOMINAL,2026-03-07T17:36:40Z,1360
58676.0,PAYLOAD,67346.0,PAYLOAD,7.9895,6.9e-07,NOMINAL,2026-03-07T12:00:40Z,1024
4078.0,PAYLOAD,37986.0,DEBRIS,7.9896,6.9e-07,NOMINAL,2026-03-07T15:03:40Z,1207
757.0,PAYLOAD,8771.0,DEBRIS,7.99,6.9e-07,NOMINAL,2026-03-07T17:48:40Z,1372
59583.0,PAYLOAD,66951.0,PAYLOAD,7.9903,6.9e-07,NOMINAL,2026-03-07T09:18:40Z,862
48603.0,PAYLOAD,53406.0,PAYLOAD,7.9903,6.9e-07,NOMINAL,2026-03-07T15:56:40Z,1260
54004.0,PAYLOAD,56538.0,PAYLOAD,7.9911,6.9e-07,NOMINAL,2026-03-07T15:42:40Z,1246
20887.0,DEBRIS,30930.0,DEBRIS,7.9913,6.9e-07,NOMINAL,2026-03-07T17:16:40Z,1340
61003.0,PAYLOAD,62211.0,PAYLOAD,7.9925,6.8e-07,NOMINAL,2026-03-07T00:50:40Z,354
51754.0,PAYLOAD,53871.0,PAYLOAD,7.9928,6.8e-07,NOMINAL,2026-03-07T04:44:40Z,588
59025.0,PAYLOAD,60468.0,UNKNOWN,7.9938,6.8e-07,NOMINAL,2026-03-07T01:47:40Z,411
45062.0,PAYLOAD,67722.0,PAYLOAD,7.9946,6.8e-07,NOMINAL,2026-03-07T16:11:40Z,1275
1862.0,DEBRIS,58765.0,PAYLOAD,7.9953,6.8e-07,NOMINAL,2026-03-06T20:50:40Z,114
58869.0,PAYLOAD,63581.0,PAYLOAD,7.9959,6.8e-07,NOMINAL,2026-03-07T09:17:40Z,861
8802.0,ROCKET BODY,9929.0,DEBRIS,7.9966,6.7e-07,NOMINAL,2026-03-06T20:58:40Z,122
56709.0,PAYLOAD,65639.0,PAYLOAD,7.9968,6.7e-07,NOMINAL,2026-03-06T23:01:40Z,245
57031.0,UNKNOWN,63413.0,PAYLOAD,7.9983,6.7e-07,NOMINAL,2026-03-07T15:45:40Z,1249
43778.0,PAYLOAD,67296.0,UNKNOWN,7.9985,6.7e-07,NOMINAL,2026-03-07T07:00:40Z,724
59252.0,PAYLOAD,63808.0,PAYLOAD,7.9985,6.7e-07,NOMINAL,2026-03-07T16:16:40Z,1280
66165.0,PAYLOAD,66498.0,PAYLOAD,7.9997,6.7e-07,NOMINAL,2026-03-07T13:31:40Z,1115
25398.0,PAYLOAD,44387.0,PAYLOAD,8.0002,6.7e-07,NOMINAL,2026-03-07T01:16:40Z,380
57426.0,UNKNOWN,62652.0,PAYLOAD,8.0003,6.7e-07,NOMINAL,2026-03-07T03:24:40Z,508
63378.0,PAYLOAD,66815.0,PAYLOAD,8.0015,6.6e-07,NOMINAL,2026-03-07T03:33:40Z,517
45772.0,PAYLOAD,57787.0,PAYLOAD,8.0017,6.6e-07,NOMINAL,2026-03-07T15:17:40Z,1221
60771.0,DEBRIS,60897.0,DEBRIS,8.0025,6.6e-07,NOMINAL,2026-03-07T05:26:40Z,630
57090.0,PAYLOAD,64147.0,PAYLOAD,8.0035,6.6e-07,NOMINAL,2026-03-07T06:04:40Z,668
62476.0,PAYLOAD,66797.0,PAYLOAD,8.0045,6.6e-07,NOMINAL,2026-03-07T09:46:40Z,890
5159.0,DEBRIS,52579.0,PAYLOAD,8.0058,6.5e-07,NOMINAL,2026-03-07T04:06:40Z,550
31757.0,DEBRIS,54943.0,DEBRIS,8.006,6.5e-07,NOMINAL,2026-03-06T21:37:40Z,161
64928.0,PAYLOAD,67311.0,PAYLOAD,8.0061,6.5e-07,NOMINAL,2026-03-07T07:08:40Z,732
39986.0,DEBRIS,48819.0,DEBRIS,8.0069,6.5e-07,NOMINAL,2026-03-07T05:36:40Z,640
16881.0,PAYLOAD,58308.0,PAYLOAD,8.0075,6.5e-07,NOMINAL,2026-03-07T04:33:40Z,577
59540.0,PAYLOAD,63381.0,PAYLOAD,8.0076,6.5e-07,NOMINAL,2026-03-07T05:44:40Z,648
55601.0,PAYLOAD,65598.0,PAYLOAD,8.0077,6.5e-07,NOMINAL,2026-03-07T11:17:40Z,981
59637.0,PAYLOAD,65699.0,PAYLOAD,8.0077,6.5e-07,NOMINAL,2026-03-07T04:03:40Z,547
62285.0,PAYLOAD,65204.0,PAYLOAD,8.0082,6.5e-07,NOMINAL,2026-03-07T09:20:40Z,864
59656.0,PAYLOAD,64745.0,PAYLOAD,8.0091,6.4e-07,NOMINAL,2026-03-07T08:21:40Z,805
43335.0,DEBRIS,54474.0,DEBRIS,8.0113,6.4e-07,NOMINAL,2026-03-07T14:49:40Z,1193
12694.0,DEBRIS,29196.0,DEBRIS,8.0113,6.4e-07,NOMINAL,2026-03-07T11:44:40Z,1008
45201.0,PAYLOAD,64186.0,PAYLOAD,8.0127,6.4e-07,NOMINAL,2026-03-07T10:47:40Z,951
59651.0,PAYLOAD,63453.0,PAYLOAD,8.0128,6.4e-07,NOMINAL,2026-03-07T15:35:40Z,1239
58439.0,PAYLOAD,66605.0,PAYLOAD,8.0128,6.4e-07,NOMINAL,2026-03-07T04:24:40Z,568
60279.0,PAYLOAD,67037.0,PAYLOAD,8.0129,6.4e-07,NOMINAL,2026-03-07T03:06:40Z,490
64179.0,PAYLOAD,67057.0,PAYLOAD,8.0131,6.4e-07,NOMINAL,2026-03-07T08:49:40Z,833
58108.0,PAYLOAD,59121.0,PAYLOAD,8.0137,6.3e-07,NOMINAL,2026-03-07T06:45:40Z,709
63567.0,PAYLOAD,63984.0,UNKNOWN,8.0145,6.3e-07,NOMINAL,2026-03-06T22:48:40Z,232
37264.0,PAYLOAD,43228.0,PAYLOAD,8.0147,6.3e-07,NOMINAL,2026-03-07T16:58:40Z,1322
30683.0,DEBRIS,34642.0,DEBRIS,8.0148,6.3e-07,NOMINAL,2026-03-07T02:46:40Z,470
23347.0,DEBRIS,41824.0,DEBRIS,8.0149,6.3e-07,NOMINAL,2026-03-07T17:56:40Z,1380
34955.0,DEBRIS,43170.0,PAYLOAD,8.0153,6.3e-07,NOMINAL,2026-03-07T09:44:40Z,888
48428.0,PAYLOAD,62478.0,PAYLOAD,8.0162,6.3e-07,NOMINAL,2026-03-07T08:53:40Z,837
3957.0,PAYLOAD,9394.0,PAYLOAD,8.0165,6.3e-07,NOMINAL,2026-03-06T22:42:40Z,226
38359.0,ROCKET BODY,67221.0,PAYLOAD,8.0181,6.2e-07,NOMINAL,2026-03-06T20:52:40Z,116
48134.0,PAYLOAD,63835.0,PAYLOAD,8.019,6.2e-07,NOMINAL,2026-03-06T20:07:40Z,71
62765.0,PAYLOAD,67329.0,PAYLOAD,8.0192,6.2e-07,NOMINAL,2026-03-07T05:31:40Z,635
55690.0,PAYLOAD,58291.0,PAYLOAD,8.0207,6.2e-07,NOMINAL,2026-03-07T07:01:40Z,725
56583.0,DEBRIS,56804.0,PAYLOAD,8.0217,6.2e-07,NOMINAL,2026-03-07T11:15:40Z,979
55341.0,PAYLOAD,65602.0,PAYLOAD,8.0223,6.2e-07,NOMINAL,2026-03-07T15:24:40Z,1228
60509.0,PAYLOAD,60561.0,PAYLOAD,8.0229,6.1e-07,NOMINAL,2026-03-07T15:09:40Z,1213
119.0,DEBRIS,55002.0,DEBRIS,8.023,6.1e-07,NOMINAL,2026-03-07T05:23:40Z,627
62107.0,PAYLOAD,63723.0,PAYLOAD,8.0231,6.1e-07,NOMINAL,2026-03-07T10:21:40Z,925
36942.0,DEBRIS,64643.0,DEBRIS,8.0231,6.1e-07,NOMINAL,2026-03-06T20:46:40Z,110
4887.0,DEBRIS,53634.0,PAYLOAD,8.0235,6.1e-07,NOMINAL,2026-03-07T15:24:40Z,1228
47628.0,PAYLOAD,67046.0,PAYLOAD,8.0236,6.1e-07,NOMINAL,2026-03-06T20:50:40Z,114
2552.0,DEBRIS,67644.0,PAYLOAD,8.0236,6.1e-07,NOMINAL,2026-03-06T20:01:40Z,65
59690.0,PAYLOAD,61589.0,PAYLOAD,8.0238,6.1e-07,NOMINAL,2026-03-07T11:34:40Z,998
37690.0,DEBRIS,54445.0,DEBRIS,8.0254,6.1e-07,NOMINAL,2026-03-07T14:27:40Z,1171
20737.0,PAYLOAD,37189.0,PAYLOAD,8.0261,6.1e-07,NOMINAL,2026-03-07T10:08:40Z,912
53033.0,PAYLOAD,56039.0,PAYLOAD,8.0266,6.1e-07,NOMINAL,2026-03-07T10:47:40Z,951
29040.0,DEBRIS,61143.0,DEBRIS,8.0281,6e-07,NOMINAL,2026-03-07T05:27:40Z,631
42366.0,DEBRIS,66582.0,PAYLOAD,8.0283,6e-07,NOMINAL,2026-03-07T14:22:40Z,1166
49767.0,PAYLOAD,52333.0,PAYLOAD,8.0287,6e-07,NOMINAL,2026-03-07T05:11:40Z,615
58516.0,PAYLOAD,59641.0,PAYLOAD,8.0292,6e-07,NOMINAL,2026-03-06T23:30:40Z,274
6323.0,PAYLOAD,33975.0,DEBRIS,8.0292,6e-07,NOMINAL,2026-03-06T21:14:40Z,138
4219.0,PAYLOAD,9274.0,ROCKET BODY,8.0305,6e-07,NOMINAL,2026-03-07T06:58:40Z,722
37038.0,DEBRIS,41141.0,DEBRIS,8.0308,6e-07,NOMINAL,2026-03-07T03:10:40Z,494
59190.0,PAYLOAD,61529.0,PAYLOAD,8.0308,6e-07,NOMINAL,2026-03-07T14:42:40Z,1186
56878.0,PAYLOAD,65183.0,PAYLOAD,8.0308,6e-07,NOMINAL,2026-03-07T14:05:40Z,1149
4113.0,DEBRIS,45223.0,PAYLOAD,8.0313,6e-07,NOMINAL,2026-03-07T06:57:40Z,721
57810.0,PAYLOAD,67413.0,PAYLOAD,8.0314,6e-07,NOMINAL,2026-03-07T11:27:40Z,991
64544.0,PAYLOAD,67232.0,PAYLOAD,8.0318,5.9e-07,NOMINAL,2026-03-07T06:59:40Z,723
57775.0,PAYLOAD,60137.0,PAYLOAD,8.0324,5.9e-07,NOMINAL,2026-03-06T21:39:40Z,163
12722.0,DEBRIS,12803.0,PAYLOAD,8.0338,5.9e-07,NOMINAL,2026-03-06T19:10:40Z,14
59380.0,PAYLOAD,59609.0,PAYLOAD,8.0349,5.9e-07,NOMINAL,2026-03-06T23:42:40Z,286
6645.0,PAYLOAD,8467.0,PAYLOAD,8.0375,5.8e-07,NOMINAL,2026-03-07T16:12:40Z,1276
36531.0,DEBRIS,62411.0,PAYLOAD,8.0388,5.8e-07,NOMINAL,2026-03-06T22:33:40Z,217
57642.0,PAYLOAD,63856.0,PAYLOAD,8.0389,5.8e-07,NOMINAL,2026-03-07T00:10:40Z,314
31021.0,DEBRIS,60411.0,PAYLOAD,8.0391,5.8e-07,NOMINAL,2026-03-07T05:36:40Z,640
63863.0,PAYLOAD,66212.0,PAYLOAD,8.0392,5.8e-07,NOMINAL,2026-03-07T18:51:40Z,1435
48596.0,PAYLOAD,61513.0,PAYLOAD,8.0393,5.8e-07,NOMINAL,2026-03-07T07:23:40Z,747
41206.0,DEBRIS,61418.0,DEBRIS,8.0397,5.8e-07,NOMINAL,2026-03-07T15:37:40Z,1241
57193.0,UNKNOWN,60016.0,PAYLOAD,8.0398,5.8e-07,NOMINAL,2026-03-06T18:57:40Z,1
26128.0,DEBRIS,53639.0,PAYLOAD,8.04,5.8e-07,NOMINAL,2026-03-07T13:05:40Z,1089
36665.0,DEBRIS,41262.0,DEBRIS,8.04,5.8e-07,NOMINAL,2026-03-07T16:19:40Z,1283
21418.0,PAYLOAD,41144.0,DEBRIS,8.0402,5.8e-07,NOMINAL,2026-03-07T11:30:40Z,994
38452.0,DEBRIS,270317.0,UNKNOWN,8.0412,5.7e-07,NOMINAL,2026-03-07T02:45:40Z,469
53655.0,PAYLOAD,58526.0,PAYLOAD,8.0417,5.7e-07,NOMINAL,2026-03-07T18:48:40Z,1432
64829.0,PAYLOAD,65715.0,PAYLOAD,8.0421,5.7e-07,NOMINAL,2026-03-07T00:31:40Z,335
2723.0,ROCKET BODY,11258.0,ROCKET BODY,8.0422,5.7e-07,NOMINAL,2026-03-07T05:42:40Z,646
58598.0,PAYLOAD,65223.0,PAYLOAD,8.0446,5.7e-07,NOMINAL,2026-03-07T01:45:40Z,409
57189.0,UNKNOWN,58044.0,PAYLOAD,8.0451,5.7e-07,NOMINAL,2026-03-06T23:32:40Z,276
58453.0,PAYLOAD,65746.0,PAYLOAD,8.0451,5.7e-07,NOMINAL,2026-03-07T11:21:40Z,985
57204.0,UNKNOWN,65677.0,PAYLOAD,8.0451,5.7e-07,NOMINAL,2026-03-07T10:51:40Z,955
59613.0,PAYLOAD,65084.0,PAYLOAD,8.0457,5.7e-07,NOMINAL,2026-03-07T05:43:40Z,647
55277.0,PAYLOAD,67076.0,PAYLOAD,8.046,5.7e-07,NOMINAL,2026-03-06T19:47:40Z,51
47648.0,PAYLOAD,59553.0,PAYLOAD,8.0466,5.6e-07,NOMINAL,2026-03-07T03:38:40Z,522
38440.0,DEBRIS,270216.0,UNKNOWN,8.0488,5.6e-07,NOMINAL,2026-03-07T01:33:40Z,397
58927.0,UNKNOWN,62510.0,PAYLOAD,8.0494,5.6e-07,NOMINAL,2026-03-07T18:42:40Z,1426
31665.0,DEBRIS,31732.0,DEBRIS,8.0502,5.6e-07,NOMINAL,2026-03-07T02:16:40Z,440
62280.0,PAYLOAD,66368.0,PAYLOAD,8.0503,5.6e-07,NOMINAL,2026-03-07T05:23:40Z,627
58447.0,PAYLOAD,59194.0,PAYLOAD,8.0503,5.6e-07,NOMINAL,2026-03-06T21:01:40Z,125
54457.0,DEBRIS,61807.0,DEBRIS,8.0505,5.6e-07,NOMINAL,2026-03-07T03:01:40Z,485
66223.0,PAYLOAD,66365.0,PAYLOAD,8.0508,5.6e-07,NOMINAL,2026-03-07T11:12:40Z,976
59554.0,PAYLOAD,65736.0,PAYLOAD,8.0514,5.5e-07,NOMINAL,2026-03-06T19:41:40Z,45
54543.0,DEBRIS,61822.0,DEBRIS,8.0518,5.5e-07,NOMINAL,2026-03-07T05:52:40Z,656
10809.0,DEBRIS,64378.0,PAYLOAD,8.052,5.5e-07,NOMINAL,2026-03-07T09:12:40Z,856
2309.0,DEBRIS,8109.0,DEBRIS,8.0532,5.5e-07,NOMINAL,2026-03-06T20:52:40Z,116
54858.0,PAYLOAD,56404.0,PAYLOAD,8.0532,5.5e-07,NOMINAL,2026-03-06T20:15:40Z,79
59745.0,PAYLOAD,65352.0,PAYLOAD,8.054,5.5e-07,NOMINAL,2026-03-07T03:46:40Z,530
66255.0,PAYLOAD,66432.0,PAYLOAD,8.0543,5.5e-07,NOMINAL,2026-03-07T15:11:40Z,1215
34953.0,DEBRIS,61221.0,PAYLOAD,8.0547,5.5e-07,NOMINAL,2026-03-07T09:10:40Z,854
24893.0,DEBRIS,53424.0,PAYLOAD,8.0556,5.5e-07,NOMINAL,2026-03-06T23:02:40Z,246
57734.0,PAYLOAD,65456.0,PAYLOAD,8.0556,5.5e-07,NOMINAL,2026-03-07T12:20:40Z,1044
37440.0,DEBRIS,54215.0,ROCKET BODY,8.0558,5.5e-07,NOMINAL,2026-03-07T06:58:40Z,722
47355.0,PAYLOAD,270304.0,UNKNOWN,8.0558,5.5e-07,NOMINAL,2026-03-07T06:18:40Z,682
40412.0,DEBRIS,55871.0,DEBRIS,8.0562,5.4e-07,NOMINAL,2026-03-06T22:13:40Z,197
62725.0,UNKNOWN,66755.0,PAYLOAD,8.0562,5.4e-07,NOMINAL,2026-03-06T21:08:40Z,132
6653.0,ROCKET BODY,7746.0,ROCKET BODY,8.0564,5.4e-07,NOMINAL,2026-03-07T15:04:40Z,1208
64009.0,PAYLOAD,66926.0,PAYLOAD,8.0568,5.4e-07,NOMINAL,2026-03-06T21:07:40Z,131
65368.0,PAYLOAD,67348.0,PAYLOAD,8.0573,5.4e-07,NOMINAL,2026-03-07T07:05:40Z,729
30514.0,DEBRIS,39678.0,PAYLOAD,8.0577,5.4e-07,NOMINAL,2026-03-07T05:44:40Z,648
57965.0,PAYLOAD,67335.0,PAYLOAD,8.0578,5.4e-07,NOMINAL,2026-03-07T03:27:40Z,511
66706.0,PAYLOAD,67278.0,UNKNOWN,8.0589,5.4e-07,NOMINAL,2026-03-07T02:22:40Z,446
58803.0,PAYLOAD,61960.0,PAYLOAD,8.0609,5.4e-07,NOMINAL,2026-03-07T10:01:40Z,905
31362.0,DEBRIS,54923.0,DEBRIS,8.0612,5.4e-07,NOMINAL,2026-03-06T23:16:40Z,260
30706.0,DEBRIS,31260.0,DEBRIS,8.0615,5.3e-07,NOMINAL,2026-03-07T01:44:40Z,408
57530.0,PAYLOAD,67306.0,PAYLOAD,8.0615,5.3e-07,NOMINAL,2026-03-07T16:49:40Z,1313
62809.0,PAYLOAD,66115.0,PAYLOAD,8.0628,5.3e-07,NOMINAL,2026-03-07T17:49:40Z,1373
58541.0,PAYLOAD,62858.0,PAYLOAD,8.0628,5.3e-07,NOMINAL,2026-03-07T15:32:40Z,1236
54497.0,DEBRIS,54583.0,DEBRIS,8.063,5.3e-07,NOMINAL,2026-03-07T15:50:40Z,1254
59300.0,PAYLOAD,65412.0,PAYLOAD,8.0636,5.3e-07,NOMINAL,2026-03-06T19:44:40Z,48
46077.0,PAYLOAD,62847.0,PAYLOAD,8.0658,5.3e-07,NOMINAL,2026-03-07T11:03:40Z,967
28647.0,ROCKET BODY,57437.0,PAYLOAD,8.066,5.3e-07,NOMINAL,2026-03-07T17:14:40Z,1338
4532.0,DEBRIS,58170.0,PAYLOAD,8.0669,5.2e-07,NOMINAL,2026-03-07T15:35:40Z,1239
58191.0,PAYLOAD,58680.0,PAYLOAD,8.0674,5.2e-07,NOMINAL,2026-03-06T22:04:40Z,188
58183.0,PAYLOAD,67681.0,UNKNOWN,8.0674,5.2e-07,NOMINAL,2026-03-06T18:58:40Z,2
48148.0,PAYLOAD,62381.0,PAYLOAD,8.0677,5.2e-07,NOMINAL,2026-03-07T11:18:40Z,982
59684.0,PAYLOAD,61928.0,PAYLOAD,8.0688,5.2e-07,NOMINAL,2026-03-07T05:48:40Z,652
7023.0,DEBRIS,48821.0,DEBRIS,8.0691,5.2e-07,NOMINAL,2026-03-07T14:51:40Z,1195
5024.0,DEBRIS,31014.0,DEBRIS,8.0693,5.2e-07,NOMINAL,2026-03-06T20:28:40Z,92
41204.0,DEBRIS,45526.0,DEBRIS,8.0698,5.2e-07,NOMINAL,2026-03-06T23:34:40Z,278
62102.0,PAYLOAD,62866.0,PAYLOAD,8.0702,5.2e-07,NOMINAL,2026-03-07T07:46:40Z,770
58105.0,PAYLOAD,63999.0,PAYLOAD,8.0703,5.2e-07,NOMINAL,2026-03-07T05:02:40Z,606
58181.0,PAYLOAD,67417.0,PAYLOAD,8.0704,5.2e-07,NOMINAL,2026-03-07T04:05:40Z,549
66731.0,PAYLOAD,66760.0,UNKNOWN,8.0709,5.2e-07,NOMINAL,2026-03-07T04:25:40Z,569
59438.0,PAYLOAD,61630.0,PAYLOAD,8.071,5.2e-07,NOMINAL,2026-03-07T04:41:40Z,585
58353.0,PAYLOAD,60444.0,PAYLOAD,8.0729,5.1e-07,NOMINAL,2026-03-07T08:04:40Z,788
57995.0,PAYLOAD,59236.0,PAYLOAD,8.073,5.1e-07,NOMINAL,2026-03-07T18:27:40Z,1411
32184.0,DEBRIS,35641.0,PAYLOAD,8.0741,5.1e-07,NOMINAL,2026-03-07T00:02:40Z,306
36497.0,DEBRIS,56728.0,PAYLOAD,8.0749,5.1e-07,NOMINAL,2026-03-07T12:57:40Z,1081
9488.0,DEBRIS,67621.0,PAYLOAD,8.0752,5.1e-07,NOMINAL,2026-03-07T00:38:40Z,342
38538.0,DEBRIS,52346.0,PAYLOAD,8.077,5.1e-07,NOMINAL,2026-03-07T17:02:40Z,1326
61975.0,PAYLOAD,62312.0,PAYLOAD,8.0774,5.1e-07,NOMINAL,2026-03-07T04:58:40Z,602
51971.0,PAYLOAD,63122.0,PAYLOAD,8.0781,5e-07,NOMINAL,2026-03-07T07:51:40Z,775
8380.0,DEBRIS,64772.0,PAYLOAD,8.0786,5e-07,NOMINAL,2026-03-07T16:42:40Z,1306
57534.0,PAYLOAD,67126.0,PAYLOAD,8.0788,5e-07,NOMINAL,2026-03-07T14:10:40Z,1154
29813.0,DEBRIS,30066.0,DEBRIS,8.0799,5e-07,NOMINAL,2026-03-07T14:47:40Z,1191
60417.0,PAYLOAD,65754.0,PAYLOAD,8.0808,5e-07,NOMINAL,2026-03-07T13:02:40Z,1086
59837.0,PAYLOAD,62505.0,PAYLOAD,8.0813,5e-07,NOMINAL,2026-03-06T23:22:40Z,266
42834.0,UNKNOWN,54013.0,PAYLOAD,8.082,5e-07,NOMINAL,2026-03-07T02:39:40Z,463
66692.0,PAYLOAD,67268.0,UNKNOWN,8.0822,5e-07,NOMINAL,2026-03-06T21:42:40Z,166
56019.0,PAYLOAD,67151.0,PAYLOAD,8.0824,5e-07,NOMINAL,2026-03-07T03:49:40Z,533
57038.0,UNKNOWN,59223.0,PAYLOAD,8.0827,5e-07,NOMINAL,2026-03-06T23:55:40Z,299
59858.0,PAYLOAD,66078.0,PAYLOAD,8.0831,4.9e-07,NOMINAL,2026-03-07T11:07:40Z,971
58519.0,PAYLOAD,63425.0,PAYLOAD,8.0847,4.9e-07,NOMINAL,2026-03-07T08:20:40Z,804
41513.0,DEBRIS,46997.0,DEBRIS,8.0852,4.9e-07,NOMINAL,2026-03-07T01:22:40Z,386
57044.0,UNKNOWN,65927.0,PAYLOAD,8.0863,4.9e-07,NOMINAL,2026-03-06T22:40:40Z,224
58600.0,PAYLOAD,62140.0,PAYLOAD,8.0871,4.9e-07,NOMINAL,2026-03-07T00:58:40Z,362
59184.0,PAYLOAD,59203.0,PAYLOAD,8.0873,4.9e-07,NOMINAL,2026-03-06T19:38:40Z,42
59922.0,PAYLOAD,65745.0,PAYLOAD,8.0874,4.9e-07,NOMINAL,2026-03-07T06:23:40Z,687
10820.0,PAYLOAD,43253.0,PAYLOAD,8.0879,4.9e-07,NOMINAL,2026-03-07T18:26:40Z,1410
62735.0,PAYLOAD,65869.0,PAYLOAD,8.0882,4.9e-07,NOMINAL,2026-03-07T12:21:40Z,1045
45072.0,PAYLOAD,62506.0,PAYLOAD,8.0887,4.8e-07,NOMINAL,2026-03-06T21:14:40Z,138
59244.0,PAYLOAD,63634.0,PAYLOAD,8.0888,4.8e-07,NOMINAL,2026-03-07T08:50:40Z,834
54101.0,PAYLOAD,54880.0,PAYLOAD,8.0889,4.8e-07,NOMINAL,2026-03-07T17:46:40Z,1370
63450.0,PAYLOAD,66811.0,PAYLOAD,8.0903,4.8e-07,NOMINAL,2026-03-07T17:48:40Z,1372
35162.0,DEBRIS,65465.0,PAYLOAD,8.091,4.8e-07,NOMINAL,2026-03-07T00:08:40Z,312
28809.0,PAYLOAD,59331.0,PAYLOAD,8.0925,4.8e-07,NOMINAL,2026-03-06T20:59:40Z,123
39438.0,PAYLOAD,63735.0,PAYLOAD,8.0927,4.8e-07,NOMINAL,2026-03-07T10:35:40Z,939
1890.0,DEBRIS,10215.0,DEBRIS,8.0929,4.8e-07,NOMINAL,2026-03-07T03:21:40Z,505
1615.0,PAYLOAD,8815.0,DEBRIS,8.093,4.8e-07,NOMINAL,2026-03-06T20:06:40Z,70
1717.0,DEBRIS,63015.0,PAYLOAD,8.0934,4.8e-07,NOMINAL,2026-03-06T22:25:40Z,209
48354.0,PAYLOAD,58440.0,PAYLOAD,8.0941,4.8e-07,NOMINAL,2026-03-07T11:57:40Z,1021
12942.0,DEBRIS,47533.0,PAYLOAD,8.0946,4.7e-07,NOMINAL,2026-03-07T13:49:40Z,1133
58459.0,PAYLOAD,66136.0,PAYLOAD,8.095,4.7e-07,NOMINAL,2026-03-07T09:45:40Z,889
63784.0,PAYLOAD,66216.0,PAYLOAD,8.0956,4.7e-07,NOMINAL,2026-03-07T16:09:40Z,1273
58037.0,PAYLOAD,63046.0,PAYLOAD,8.0962,4.7e-07,NOMINAL,2026-03-07T16:41:40Z,1305
47555.0,PAYLOAD,59044.0,PAYLOAD,8.0965,4.7e-07,NOMINAL,2026-03-07T02:11:40Z,435
18585.0,PAYLOAD,56250.0,DEBRIS,8.0976,4.7e-07,NOMINAL,2026-03-06T22:34:40Z,218
63967.0,PAYLOAD,64668.0,PAYLOAD,8.0976,4.7e-07,NOMINAL,2026-03-07T16:03:40Z,1267
30390.0,DEBRIS,89195.0,UNKNOWN,8.0977,4.7e-07,NOMINAL,2026-03-07T14:05:40Z,1149
64052.0,UNKNOWN,66775.0,UNKNOWN,8.1003,4.7e-07,NOMINAL,2026-03-06T20:30:40Z,94
63821.0,PAYLOAD,66791.0,PAYLOAD,8.1003,4.7e-07,NOMINAL,2026-03-07T13:08:40Z,1092
49434.0,PAYLOAD,51951.0,UNKNOWN,8.1004,4.6e-07,NOMINAL,2026-03-07T09:43:40Z,887
50161.0,PAYLOAD,51722.0,PAYLOAD,8.1018,4.6e-07,NOMINAL,2026-03-06T19:28:40Z,32
55034.0,PAYLOAD,59535.0,PAYLOAD,8.1021,4.6e-07,NOMINAL,2026-03-07T18:09:40Z,1393
47381.0,PAYLOAD,52294.0,PAYLOAD,8.1026,4.6e-07,NOMINAL,2026-03-07T14:32:40Z,1176
61076.0,DEBRIS,64658.0,DEBRIS,8.1032,4.6e-07,NOMINAL,2026-03-07T04:57:40Z,601
3806.0,DEBRIS,6039.0,DEBRIS,8.1034,4.6e-07,NOMINAL,2026-03-07T06:37:40Z,701
66287.0,PAYLOAD,66863.0,PAYLOAD,8.1046,4.6e-07,NOMINAL,2026-03-07T10:12:40Z,916
2736.0,PAYLOAD,11126.0,DEBRIS,8.1059,4.6e-07,NOMINAL,2026-03-06T23:13:40Z,257
58096.0,PAYLOAD,65919.0,PAYLOAD,8.1066,4.5e-07,NOMINAL,2026-03-06T19:50:40Z,54
65082.0,PAYLOAD,66969.0,PAYLOAD,8.1067,4.5e-07,NOMINAL,2026-03-07T11:14:40Z,978
54511.0,DEBRIS,56675.0,DEBRIS,8.1069,4.5e-07,NOMINAL,2026-03-07T15:53:40Z,1257
23907.0,PAYLOAD,36703.0,DEBRIS,8.1069,4.5e-07,NOMINAL,2026-03-07T14:34:40Z,1178
26504.0,DEBRIS,54431.0,DEBRIS,8.1073,4.5e-07,NOMINAL,2026-03-07T13:08:40Z,1092
48151.0,PAYLOAD,49744.0,PAYLOAD,8.1081,4.5e-07,NOMINAL,2026-03-07T02:17:40Z,441
62449.0,PAYLOAD,62845.0,PAYLOAD,8.1084,4.5e-07,NOMINAL,2026-03-06T23:08:40Z,252
64519.0,PAYLOAD,82637.0,UNKNOWN,8.1085,4.5e-07,NOMINAL,2026-03-07T10:32:40Z,936
59409.0,PAYLOAD,63651.0,PAYLOAD,8.1103,4.5e-07,NOMINAL,2026-03-07T12:32:40Z,1056
53278.0,PAYLOAD,56136.0,PAYLOAD,8.1139,4.4e-07,NOMINAL,2026-03-06T21:12:40Z,136
63497.0,PAYLOAD,66537.0,PAYLOAD,8.1141,4.4e-07,NOMINAL,2026-03-07T12:58:40Z,1082
60107.0,PAYLOAD,63328.0,PAYLOAD,8.1141,4.4e-07,NOMINAL,2026-03-07T11:37:40Z,1001
7940.0,DEBRIS,26517.0,DEBRIS,8.1144,4.4e-07,NOMINAL,2026-03-06T19:44:40Z,48
65646.0,PAYLOAD,66542.0,PAYLOAD,8.1147,4.4e-07,NOMINAL,2026-03-07T15:31:40Z,1235
58056.0,PAYLOAD,59468.0,PAYLOAD,8.1154,4.4e-07,NOMINAL,2026-03-07T04:05:40Z,549
60317.0,PAYLOAD,65095.0,PAYLOAD,8.1162,4.4e-07,NOMINAL,2026-03-07T09:55:40Z,899
47408.0,PAYLOAD,51778.0,PAYLOAD,8.1176,4.4e-07,NOMINAL,2026-03-07T11:12:40Z,976
62283.0,PAYLOAD,66381.0,PAYLOAD,8.1178,4.4e-07,NOMINAL,2026-03-06T21:19:40Z,143
57710.0,PAYLOAD,58669.0,PAYLOAD,8.1193,4.3e-07,NOMINAL,2026-03-07T03:29:40Z,513
41025.0,TBA,61156.0,DEBRIS,8.1213,4.3e-07,NOMINAL,2026-03-07T15:46:40Z,1250
57810.0,PAYLOAD,61981.0,PAYLOAD,8.1217,4.3e-07,NOMINAL,2026-03-07T04:17:40Z,561
47997.0,PAYLOAD,67326.0,PAYLOAD,8.1227,4.3e-07,NOMINAL,2026-03-06T23:55:40Z,299
39427.0,PAYLOAD,41163.0,DEBRIS,8.1229,4.3e-07,NOMINAL,2026-03-07T05:18:40Z,622
35885.0,DEBRIS,36946.0,DEBRIS,8.1237,4.3e-07,NOMINAL,2026-03-07T02:45:40Z,469
59660.0,PAYLOAD,66101.0,PAYLOAD,8.1245,4.3e-07,NOMINAL,2026-03-07T14:08:40Z,1152
9512.0,DEBRIS,67536.0,PAYLOAD,8.1256,4.2e-07,NOMINAL,2026-03-07T02:06:40Z,430
62424.0,PAYLOAD,65879.0,PAYLOAD,8.1258,4.2e-07,NOMINAL,2026-03-07T05:14:40Z,618
48228.0,PAYLOAD,48786.0,PAYLOAD,8.1268,4.2e-07,NOMINAL,2026-03-07T18:34:40Z,1418
40057.0,PAYLOAD,63098.0,PAYLOAD,8.1272,4.2e-07,NOMINAL,2026-03-07T05:49:40Z,653
62133.0,PAYLOAD,66239.0,PAYLOAD,8.1273,4.2e-07,NOMINAL,2026-03-07T07:59:40Z,783
45676.0,PAYLOAD,58674.0,PAYLOAD,8.1276,4.2e-07,NOMINAL,2026-03-07T18:08:40Z,1392
58600.0,PAYLOAD,63771.0,PAYLOAD,8.1285,4.2e-07,NOMINAL,2026-03-06T23:58:40Z,302
59900.0,PAYLOAD,63456.0,PAYLOAD,8.1287,4.2e-07,NOMINAL,2026-03-07T08:42:40Z,826
58158.0,PAYLOAD,63961.0,PAYLOAD,8.1289,4.2e-07,NOMINAL,2026-03-07T16:40:40Z,1304
38513.0,DEBRIS,67189.0,PAYLOAD,8.1291,4.2e-07,NOMINAL,2026-03-07T10:03:40Z,907
310.0,DEBRIS,5425.0,DEBRIS,8.1291,4.2e-07,NOMINAL,2026-03-07T13:13:40Z,1097
2276.0,DEBRIS,11526.0,DEBRIS,8.1293,4.2e-07,NOMINAL,2026-03-07T08:01:40Z,785
41524.0,DEBRIS,57545.0,DEBRIS,8.1294,4.2e-07,NOMINAL,2026-03-07T09:16:40Z,860
45555.0,PAYLOAD,63129.0,PAYLOAD,8.1296,4.2e-07,NOMINAL,2026-03-07T09:25:40Z,869
59839.0,PAYLOAD,62813.0,PAYLOAD,8.13,4.2e-07,NOMINAL,2026-03-07T04:37:40Z,581
58403.0,PAYLOAD,66602.0,PAYLOAD,8.13,4.2e-07,NOMINAL,2026-03-07T01:32:40Z,396
65744.0,PAYLOAD,66862.0,PAYLOAD,8.1304,4.2e-07,NOMINAL,2026-03-07T00:28:40Z,332
58722.0,PAYLOAD,59090.0,PAYLOAD,8.1311,4.2e-07,NOMINAL,2026-03-07T18:46:40Z,1430
6511.0,DEBRIS,6872.0,DEBRIS,8.1325,4.1e-07,NOMINAL,2026-03-07T16:49:40Z,1313
59750.0,PAYLOAD,65913.0,PAYLOAD,8.1327,4.1e-07,NOMINAL,2026-03-07T12:08:40Z,1032
44718.0,PAYLOAD,63891.0,PAYLOAD,8.133,4.1e-07,NOMINAL,2026-03-07T18:14:40Z,1398
11608.0,ROCKET BODY,54388.0,DEBRIS,8.1334,4.1e-07,NOMINAL,2026-03-07T00:06:40Z,310
30814.0,DEBRIS,41290.0,DEBRIS,8.1343,4.1e-07,NOMINAL,2026-03-07T11:23:40Z,987
40462.0,DEBRIS,54893.0,DEBRIS,8.1344,4.1e-07,NOMINAL,2026-03-07T18:33:40Z,1417
48133.0,PAYLOAD,58521.0,PAYLOAD,8.1346,4.1e-07,NOMINAL,2026-03-06T23:27:40Z,271
31009.0,DEBRIS,54337.0,DEBRIS,8.135,4.1e-07,NOMINAL,2026-03-07T10:19:40Z,923
46075.0,PAYLOAD,52540.0,PAYLOAD,8.1353,4.1e-07,NOMINAL,2026-03-07T18:45:40Z,1429
47555.0,PAYLOAD,61242.0,UNKNOWN,8.1358,4.1e-07,NOMINAL,2026-03-07T08:08:40Z,792
62951.0,PAYLOAD,67510.0,PAYLOAD,8.1363,4.1e-07,NOMINAL,2026-03-06T20:51:40Z,115
45404.0,PAYLOAD,59171.0,PAYLOAD,8.1364,4.1e-07,NOMINAL,2026-03-07T14:00:40Z,1144
30047.0,DEBRIS,270438.0,UNKNOWN,8.1368,4.1e-07,NOMINAL,2026-03-07T04:01:40Z,545
58513.0,PAYLOAD,61677.0,PAYLOAD,8.1369,4.1e-07,NOMINAL,2026-03-06T19:53:40Z,57
54773.0,PAYLOAD,61239.0,UNKNOWN,8.1385,4.1e-07,NOMINAL,2026-03-07T09:28:40Z,872
57221.0,PAYLOAD,65295.0,PAYLOAD,8.1388,4e-07,NOMINAL,2026-03-07T08:38:40Z,822
17178.0,ROCKET BODY,26012.0,DEBRIS,8.1399,4e-07,NOMINAL,2026-03-07T07:47:40Z,771
47767.0,PAYLOAD,66507.0,PAYLOAD,8.1403,4e-07,NOMINAL,2026-03-07T17:58:40Z,1382
59556.0,PAYLOAD,63994.0,PAYLOAD,8.1406,4e-07,NOMINAL,2026-03-07T11:06:40Z,970
59027.0,PAYLOAD,66888.0,PAYLOAD,8.1406,4e-07,NOMINAL,2026-03-07T09:38:40Z,882
10506.0,PAYLOAD,63553.0,PAYLOAD,8.141,4e-07,NOMINAL,2026-03-07T08:58:40Z,842
39442.0,PAYLOAD,66188.0,PAYLOAD,8.1423,4e-07,NOMINAL,2026-03-06T19:34:40Z,38
26799.0,DEBRIS,36059.0,DEBRIS,8.1428,4e-07,NOMINAL,2026-03-07T00:51:40Z,355
11672.0,ROCKET BODY,55556.0,DEBRIS,8.1436,4e-07,NOMINAL,2026-03-07T05:43:40Z,647
23381.0,DEBRIS,45570.0,PAYLOAD,8.1439,4e-07,NOMINAL,2026-03-07T03:26:40Z,510
37518.0,DEBRIS,60141.0,PAYLOAD,8.1449,4e-07,NOMINAL,2026-03-07T16:47:40Z,1311
62845.0,PAYLOAD,66987.0,PAYLOAD,8.145,4e-07,NOMINAL,2026-03-07T18:02:40Z,1386
65703.0,PAYLOAD,66502.0,PAYLOAD,8.1453,4e-07,NOMINAL,2026-03-07T09:11:40Z,855
17590.0,ROCKET BODY,32205.0,DEBRIS,8.1459,3.9e-07,NOMINAL,2026-03-07T04:07:40Z,551
31191.0,DEBRIS,36216.0,DEBRIS,8.1462,3.9e-07,NOMINAL,2026-03-07T15:43:40Z,1247
59333.0,PAYLOAD,66024.0,PAYLOAD,8.1466,3.9e-07,NOMINAL,2026-03-07T13:53:40Z,1137
58250.0,PAYLOAD,65690.0,PAYLOAD,8.147,3.9e-07,NOMINAL,2026-03-07T04:48:40Z,592
52680.0,PAYLOAD,55362.0,PAYLOAD,8.1474,3.9e-07,NOMINAL,2026-03-07T10:48:40Z,952
60291.0,PAYLOAD,66510.0,PAYLOAD,8.149,3.9e-07,NOMINAL,2026-03-07T03:34:40Z,518
298.0,ROCKET BODY,61982.0,PAYLOAD,8.1495,3.9e-07,NOMINAL,2026-03-07T08:30:40Z,814
24297.0,PAYLOAD,29876.0,DEBRIS,8.1495,3.9e-07,NOMINAL,2026-03-07T07:55:40Z,779
62438.0,PAYLOAD,64246.0,PAYLOAD,8.1509,3.9e-07,NOMINAL,2026-03-07T15:56:40Z,1260
52621.0,PAYLOAD,53636.0,PAYLOAD,8.1521,3.9e-07,NOMINAL,2026-03-07T02:21:40Z,445
2633.0,DEBRIS,67804.0,PAYLOAD,8.1529,3.8e-07,NOMINAL,2026-03-07T15:09:40Z,1213
38149.0,DEBRIS,43327.0,DEBRIS,8.1532,3.8e-07,NOMINAL,2026-03-07T07:14:40Z,738
52645.0,PAYLOAD,54052.0,PAYLOAD,8.1536,3.8e-07,NOMINAL,2026-03-06T23:03:40Z,247
1287.0,DEBRIS,12512.0,PAYLOAD,8.1543,3.8e-07,NOMINAL,2026-03-07T05:37:40Z,641
57974.0,PAYLOAD,59926.0,PAYLOAD,8.156,3.8e-07,NOMINAL,2026-03-06T20:08:40Z,72
56836.0,PAYLOAD,66097.0,PAYLOAD,8.1561,3.8e-07,NOMINAL,2026-03-07T00:31:40Z,335
47833.0,PAYLOAD,50187.0,PAYLOAD,8.1578,3.8e-07,NOMINAL,2026-03-07T17:52:40Z,1376
42212.0,DEBRIS,43424.0,DEBRIS,8.1579,3.8e-07,NOMINAL,2026-03-07T01:06:40Z,370
59529.0,PAYLOAD,62491.0,PAYLOAD,8.1589,3.8e-07,NOMINAL,2026-03-07T06:59:40Z,723
57640.0,PAYLOAD,62849.0,PAYLOAD,8.1599,3.8e-07,NOMINAL,2026-03-07T05:58:40Z,662
25979.0,ROCKET BODY,62675.0,PAYLOAD,8.1601,3.7e-07,NOMINAL,2026-03-07T16:05:40Z,1269
53250.0,PAYLOAD,56376.0,PAYLOAD,8.1603,3.7e-07,NOMINAL,2026-03-07T09:23:40Z,867
46051.0,PAYLOAD,60295.0,PAYLOAD,8.1613,3.7e-07,NOMINAL,2026-03-07T00:26:40Z,330
63580.0,PAYLOAD,65745.0,PAYLOAD,8.1613,3.7e-07,NOMINAL,2026-03-07T03:25:40Z,509
441.0,PAYLOAD,3335.0,PAYLOAD,8.1617,3.7e-07,NOMINAL,2026-03-06T21:53:40Z,177
59018.0,PAYLOAD,65353.0,PAYLOAD,8.1618,3.7e-07,NOMINAL,2026-03-07T16:08:40Z,1272
33841.0,DEBRIS,37732.0,DEBRIS,8.1625,3.7e-07,NOMINAL,2026-03-07T18:40:40Z,1424
4546.0,DEBRIS,10945.0,ROCKET BODY,8.1626,3.7e-07,NOMINAL,2026-03-07T14:09:40Z,1153
59154.0,PAYLOAD,66190.0,PAYLOAD,8.1627,3.7e-07,NOMINAL,2026-03-07T17:10:40Z,1334
58019.0,PAYLOAD,60519.0,PAYLOAD,8.1631,3.7e-07,NOMINAL,2026-03-06T19:32:40Z,36
41245.0,DEBRIS,55896.0,DEBRIS,8.1634,3.7e-07,NOMINAL,2026-03-07T17:55:40Z,1379
63376.0,PAYLOAD,66576.0,PAYLOAD,8.1639,3.7e-07,NOMINAL,2026-03-06T19:58:40Z,62
37435.0,DEBRIS,89236.0,TBA,8.1668,3.7e-07,NOMINAL,2026-03-07T01:07:40Z,371
48569.0,PAYLOAD,56835.0,PAYLOAD,8.1668,3.7e-07,NOMINAL,2026-03-07T16:19:40Z,1283
58873.0,PAYLOAD,63047.0,PAYLOAD,8.1672,3.7e-07,NOMINAL,2026-03-07T16:31:40Z,1295
59742.0,PAYLOAD,64490.0,PAYLOAD,8.1672,3.7e-07,NOMINAL,2026-03-06T19:32:40Z,36
7813.0,DEBRIS,11334.0,ROCKET BODY,8.1678,3.6e-07,NOMINAL,2026-03-06T20:36:40Z,100
969.0,ROCKET BODY,1412.0,PAYLOAD,8.1694,3.6e-07,NOMINAL,2026-03-07T07:38:40Z,762
35706.0,DEBRIS,39658.0,DEBRIS,8.1699,3.6e-07,NOMINAL,2026-03-07T09:39:40Z,883
50774.0,DEBRIS,61300.0,DEBRIS,8.1704,3.6e-07,NOMINAL,2026-03-06T22:36:40Z,220
58876.0,PAYLOAD,59554.0,PAYLOAD,8.1717,3.6e-07,NOMINAL,2026-03-07T01:05:40Z,369
57868.0,PAYLOAD,63474.0,PAYLOAD,8.1719,3.6e-07,NOMINAL,2026-03-07T14:05:40Z,1149
63897.0,PAYLOAD,65937.0,PAYLOAD,8.1724,3.6e-07,NOMINAL,2026-03-07T12:26:40Z,1050
28220.0,PAYLOAD,64216.0,PAYLOAD,8.1751,3.5e-07,NOMINAL,2026-03-07T02:22:40Z,446
14632.0,DEBRIS,35245.0,DEBRIS,8.1755,3.5e-07,NOMINAL,2026-03-07T07:27:40Z,751
58480.0,PAYLOAD,66973.0,PAYLOAD,8.1756,3.5e-07,NOMINAL,2026-03-07T01:02:40Z,366
21511.0,DEBRIS,40053.0,PAYLOAD,8.1772,3.5e-07,NOMINAL,2026-03-07T07:22:40Z,746
57998.0,PAYLOAD,59330.0,PAYLOAD,8.1773,3.5e-07,NOMINAL,2026-03-06T23:55:40Z,299
66133.0,PAYLOAD,67350.0,PAYLOAD,8.1783,3.5e-07,NOMINAL,2026-03-07T00:30:40Z,334
56602.0,DEBRIS,270166.0,UNKNOWN,8.1789,3.5e-07,NOMINAL,2026-03-07T15:22:40Z,1226
59261.0,PAYLOAD,61976.0,PAYLOAD,8.1792,3.5e-07,NOMINAL,2026-03-07T18:47:40Z,1431
71.0,PAYLOAD,10039.0,ROCKET BODY,8.1803,3.5e-07,NOMINAL,2026-03-07T03:50:40Z,534
57849.0,PAYLOAD,59085.0,PAYLOAD,8.1806,3.5e-07,NOMINAL,2026-03-06T23:32:40Z,276
36865.0,DEBRIS,40479.0,DEBRIS,8.1818,3.5e-07,NOMINAL,2026-03-07T05:20:40Z,624
45405.0,PAYLOAD,62481.0,PAYLOAD,8.182,3.5e-07,NOMINAL,2026-03-07T04:17:40Z,561
2829.0,ROCKET BODY,4358.0,ROCKET BODY,8.1825,3.5e-07,NOMINAL,2026-03-07T12:35:40Z,1059
26449.0,DEBRIS,40235.0,DEBRIS,8.1841,3.4e-07,NOMINAL,2026-03-07T13:41:40Z,1125
39417.0,PAYLOAD,53664.0,PAYLOAD,8.1846,3.4e-07,NOMINAL,2026-03-07T13:55:40Z,1139
61982.0,PAYLOAD,66425.0,PAYLOAD,8.1852,3.4e-07,NOMINAL,2026-03-07T01:40:40Z,404
53060.0,PAYLOAD,55392.0,PAYLOAD,8.1859,3.4e-07,NOMINAL,2026-03-07T05:04:40Z,608
60913.0,PAYLOAD,62597.0,PAYLOAD,8.1863,3.4e-07,NOMINAL,2026-03-07T07:45:40Z,769
45747.0,PAYLOAD,66448.0,PAYLOAD,8.1863,3.4e-07,NOMINAL,2026-03-07T07:01:40Z,725
64781.0,PAYLOAD,67341.0,PAYLOAD,8.1873,3.4e-07,NOMINAL,2026-03-07T15:58:40Z,1262
48673.0,PAYLOAD,53421.0,PAYLOAD,8.1875,3.4e-07,NOMINAL,2026-03-07T00:18:40Z,322
58722.0,PAYLOAD,58856.0,PAYLOAD,8.1876,3.4e-07,NOMINAL,2026-03-06T21:38:40Z,162
63678.0,PAYLOAD,66121.0,PAYLOAD,8.1878,3.4e-07,NOMINAL,2026-03-07T16:12:40Z,1276
42383.0,DEBRIS,54083.0,PAYLOAD,8.1879,3.4e-07,NOMINAL,2026-03-07T06:08:40Z,672
3280.0,ROCKET BODY,3649.0,ROCKET BODY,8.1881,3.4e-07,NOMINAL,2026-03-07T18:23:40Z,1407
52698.0,PAYLOAD,53438.0,PAYLOAD,8.1881,3.4e-07,NOMINAL,2026-03-07T00:35:40Z,339
63912.0,PAYLOAD,65040.0,PAYLOAD,8.1882,3.4e-07,NOMINAL,2026-03-07T00:16:40Z,320
31254.0,DEBRIS,61450.0,DEBRIS,8.1888,3.4e-07,NOMINAL,2026-03-07T18:49:40Z,1433
62380.0,UNKNOWN,64447.0,PAYLOAD,8.1895,3.4e-07,NOMINAL,2026-03-06T19:07:40Z,11
60037.0,PAYLOAD,62035.0,PAYLOAD,8.1898,3.4e-07,NOMINAL,2026-03-07T06:54:40Z,718
37440.0,DEBRIS,41229.0,DEBRIS,8.1899,3.4e-07,NOMINAL,2026-03-06T19:16:40Z,20
7275.0,ROCKET BODY,42298.0,DEBRIS,8.1899,3.4e-07,NOMINAL,2026-03-07T17:48:40Z,1372
32305.0,DEBRIS,36156.0,DEBRIS,8.1904,3.4e-07,NOMINAL,2026-03-07T06:07:40Z,671
62495.0,PAYLOAD,65865.0,PAYLOAD,8.1911,3.3e-07,NOMINAL,2026-03-07T18:54:40Z,1438
66678.0,PAYLOAD,66685.0,UNKNOWN,8.1918,3.3e-07,NOMINAL,2026-03-07T09:25:40Z,869
41255.0,DEBRIS,49383.0,PAYLOAD,8.1929,3.3e-07,NOMINAL,2026-03-07T06:09:40Z,673
30244.0,DEBRIS,31533.0,DEBRIS,8.1933,3.3e-07,NOMINAL,2026-03-07T04:24:40Z,568
57874.0,PAYLOAD,62036.0,PAYLOAD,8.1941,3.3e-07,NOMINAL,2026-03-07T15:30:40Z,1234
58208.0,PAYLOAD,62234.0,PAYLOAD,8.1944,3.3e-07,NOMINAL,2026-03-07T02:53:40Z,477
66226.0,PAYLOAD,66799.0,PAYLOAD,8.1945,3.3e-07,NOMINAL,2026-03-07T11:59:40Z,1023
58856.0,PAYLOAD,63051.0,PAYLOAD,8.1947,3.3e-07,NOMINAL,2026-03-07T04:28:40Z,572
66193.0,PAYLOAD,66487.0,PAYLOAD,8.1948,3.3e-07,NOMINAL,2026-03-07T13:07:40Z,1091
60030.0,PAYLOAD,63845.0,PAYLOAD,8.1952,3.3e-07,NOMINAL,2026-03-06T19:33:40Z,37
61624.0,PAYLOAD,65928.0,PAYLOAD,8.1954,3.3e-07,NOMINAL,2026-03-07T12:32:40Z,1056
51801.0,PAYLOAD,51973.0,PAYLOAD,8.1954,3.3e-07,NOMINAL,2026-03-07T14:50:40Z,1194
8880.0,DEBRIS,10678.0,DEBRIS,8.1958,3.3e-07,NOMINAL,2026-03-07T03:50:40Z,534
56297.0,PAYLOAD,59782.0,PAYLOAD,8.1965,3.3e-07,NOMINAL,2026-03-07T12:38:40Z,1062
53639.0,PAYLOAD,58579.0,ROCKET BODY,8.1966,3.3e-07,NOMINAL,2026-03-06T20:02:40Z,66
48354.0,PAYLOAD,67336.0,PAYLOAD,8.1968,3.3e-07,NOMINAL,2026-03-06T19:33:40Z,37
10775.0,DEBRIS,29251.0,PAYLOAD,8.1973,3.3e-07,NOMINAL,2026-03-07T05:07:40Z,611
14444.0,DEBRIS,29210.0,DEBRIS,8.1973,3.3e-07,NOMINAL,2026-03-07T17:03:40Z,1327
47397.0,PAYLOAD,51959.0,PAYLOAD,8.198,3.3e-07,NOMINAL,2026-03-06T23:18:40Z,262
43431.0,DEBRIS,53066.0,PAYLOAD,8.1983,3.3e-07,NOMINAL,2026-03-06T19:32:40Z,36
64601.0,PAYLOAD,67445.0,PAYLOAD,8.1991,3.3e-07,NOMINAL,2026-03-07T00:45:40Z,349
449.0,DEBRIS,4151.0,ROCKET BODY,8.2,3.2e-07,NOMINAL,2026-03-07T16:30:40Z,1294
58005.0,PAYLOAD,65506.0,PAYLOAD,8.2,3.2e-07,NOMINAL,2026-03-06T21:43:40Z,167
8941.0,DEBRIS,67272.0,UNKNOWN,8.2001,3.2e-07,NOMINAL,2026-03-07T12:40:40Z,1064
32320.0,DEBRIS,41061.0,DEBRIS,8.2002,3.2e-07,NOMINAL,2026-03-06T22:46:40Z,230
60917.0,PAYLOAD,67166.0,PAYLOAD,8.2008,3.2e-07,NOMINAL,2026-03-07T15:50:40Z,1254
63445.0,PAYLOAD,66614.0,PAYLOAD,8.2027,3.2e-07,NOMINAL,2026-03-07T06:28:40Z,692
28737.0,PAYLOAD,66751.0,PAYLOAD,8.2029,3.2e-07,NOMINAL,2026-03-07T11:32:40Z,996
59519.0,PAYLOAD,65340.0,PAYLOAD,8.203,3.2e-07,NOMINAL,2026-03-07T08:25:40Z,809
2401.0,PAYLOAD,270218.0,UNKNOWN,8.2033,3.2e-07,NOMINAL,2026-03-07T09:47:40Z,891
47356.0,PAYLOAD,54800.0,PAYLOAD,8.2038,3.2e-07,NOMINAL,2026-03-06T23:57:40Z,301
59517.0,PAYLOAD,64278.0,PAYLOAD,8.2038,3.2e-07,NOMINAL,2026-03-07T11:25:40Z,989
10932.0,PAYLOAD,29419.0,DEBRIS,8.2039,3.2e-07,NOMINAL,2026-03-07T06:40:40Z,704
270104.0,UNKNOWN,270115.0,UNKNOWN,8.205,3.2e-07,NOMINAL,2026-03-07T14:08:40Z,1152
2153.0,DEBRIS,53491.0,PAYLOAD,8.2051,3.2e-07,NOMINAL,2026-03-06T20:39:40Z,103
64925.0,PAYLOAD,66567.0,PAYLOAD,8.207,3.2e-07,NOMINAL,2026-03-07T02:34:40Z,458
64612.0,PAYLOAD,67321.0,PAYLOAD,8.2077,3.2e-07,NOMINAL,2026-03-07T18:48:40Z,1432
58232.0,PAYLOAD,59095.0,PAYLOAD,8.2078,3.1e-07,NOMINAL,2026-03-07T18:06:40Z,1390
59955.0,PAYLOAD,64073.0,PAYLOAD,8.2081,3.1e-07,NOMINAL,2026-03-07T08:51:40Z,835
43779.0,PAYLOAD,65197.0,PAYLOAD,8.2083,3.1e-07,NOMINAL,2026-03-07T15:07:40Z,1211
60102.0,PAYLOAD,63287.0,PAYLOAD,8.2083,3.1e-07,NOMINAL,2026-03-06T21:12:40Z,136
58008.0,PAYLOAD,60340.0,PAYLOAD,8.2093,3.1e-07,NOMINAL,2026-03-07T07:16:40Z,740
59938.0,PAYLOAD,63487.0,PAYLOAD,8.2093,3.1e-07,NOMINAL,2026-03-07T03:35:40Z,519
60202.0,PAYLOAD,64913.0,PAYLOAD,8.2105,3.1e-07,NOMINAL,2026-03-07T14:31:40Z,1175
64136.0,PAYLOAD,65830.0,PAYLOAD,8.2105,3.1e-07,NOMINAL,2026-03-07T02:58:40Z,482
59389.0,PAYLOAD,67179.0,PAYLOAD,8.212,3.1e-07,NOMINAL,2026-03-07T11:11:40Z,975
51127.0,PAYLOAD,56555.0,PAYLOAD,8.2129,3.1e-07,NOMINAL,2026-03-07T11:29:40Z,993
35272.0,DEBRIS,67576.0,PAYLOAD,8.2138,3.1e-07,NOMINAL,2026-03-07T12:09:40Z,1033
24920.0,PAYLOAD,39672.0,DEBRIS,8.2139,3.1e-07,NOMINAL,2026-03-07T04:36:40Z,580
59220.0,PAYLOAD,61845.0,PAYLOAD,8.2144,3.1e-07,NOMINAL,2026-03-07T11:41:40Z,1005
60364.0,PAYLOAD,63569.0,PAYLOAD,8.2165,3.1e-07,NOMINAL,2026-03-06T18:59:40Z,3
60562.0,PAYLOAD,65431.0,PAYLOAD,8.2173,3e-07,NOMINAL,2026-03-07T13:31:40Z,1115
45543.0,PAYLOAD,59582.0,PAYLOAD,8.2175,3e-07,NOMINAL,2026-03-07T03:16:40Z,500
3675.0,PAYLOAD,6540.0,DEBRIS,8.2177,3e-07,NOMINAL,2026-03-07T16:37:40Z,1301
51970.0,PAYLOAD,54796.0,PAYLOAD,8.2177,3e-07,NOMINAL,2026-03-07T02:16:40Z,440
57676.0,PAYLOAD,58493.0,PAYLOAD,8.2181,3e-07,NOMINAL,2026-03-06T23:13:40Z,257
10685.0,DEBRIS,67948.0,PAYLOAD,8.2182,3e-07,NOMINAL,2026-03-07T03:27:40Z,511
8981.0,DEBRIS,36318.0,DEBRIS,8.2198,3e-07,NOMINAL,2026-03-07T05:32:40Z,636
63973.0,PAYLOAD,66021.0,PAYLOAD,8.2202,3e-07,NOMINAL,2026-03-07T13:51:40Z,1135
29887.0,DEBRIS,55954.0,PAYLOAD,8.2202,3e-07,NOMINAL,2026-03-07T08:41:40Z,825
58194.0,PAYLOAD,62127.0,PAYLOAD,8.2207,3e-07,NOMINAL,2026-03-07T00:26:40Z,330
5025.0,DEBRIS,10188.0,DEBRIS,8.2209,3e-07,NOMINAL,2026-03-06T19:04:40Z,8
58784.0,PAYLOAD,61628.0,PAYLOAD,8.2212,3e-07,NOMINAL,2026-03-07T11:05:40Z,969
21683.0,DEBRIS,55862.0,DEBRIS,8.2229,3e-07,NOMINAL,2026-03-07T03:07:40Z,491
40797.0,DEBRIS,64427.0,PAYLOAD,8.2232,3e-07,NOMINAL,2026-03-07T03:36:40Z,520
59505.0,PAYLOAD,60146.0,PAYLOAD,8.2245,3e-07,NOMINAL,2026-03-06T21:22:40Z,146
4196.0,DEBRIS,60735.0,PAYLOAD,8.2255,3e-07,NOMINAL,2026-03-07T14:51:40Z,1195
63148.0,PAYLOAD,65498.0,PAYLOAD,8.2257,3e-07,NOMINAL,2026-03-07T08:22:40Z,806
53501.0,PAYLOAD,63871.0,PAYLOAD,8.2259,2.9e-07,NOMINAL,2026-03-07T01:25:40Z,389
14240.0,PAYLOAD,28454.0,PAYLOAD,8.2261,2.9e-07,NOMINAL,2026-03-06T23:41:40Z,285
46818.0,PAYLOAD,67591.0,PAYLOAD,8.2263,2.9e-07,NOMINAL,2026-03-07T02:35:40Z,459
1641.0,PAYLOAD,64635.0,DEBRIS,8.2265,2.9e-07,NOMINAL,2026-03-07T17:28:40Z,1352
48309.0,PAYLOAD,64171.0,PAYLOAD,8.2266,2.9e-07,NOMINAL,2026-03-06T22:09:40Z,193
57715.0,PAYLOAD,57952.0,PAYLOAD,8.2267,2.9e-07,NOMINAL,2026-03-07T13:14:40Z,1098
48432.0,PAYLOAD,52340.0,PAYLOAD,8.2288,2.9e-07,NOMINAL,2026-03-07T10:00:40Z,904
49287.0,PAYLOAD,54650.0,PAYLOAD,8.2297,2.9e-07,NOMINAL,2026-03-06T20:35:40Z,99
5312.0,DEBRIS,52834.0,PAYLOAD,8.2314,2.9e-07,NOMINAL,2026-03-07T09:44:40Z,888
63709.0,PAYLOAD,64085.0,PAYLOAD,8.2322,2.9e-07,NOMINAL,2026-03-07T09:39:40Z,883
57632.0,PAYLOAD,59641.0,PAYLOAD,8.2325,2.9e-07,NOMINAL,2026-03-07T10:28:40Z,932
1422.0,PAYLOAD,2524.0,PAYLOAD,8.2335,2.9e-07,NOMINAL,2026-03-07T10:12:40Z,916
63958.0,PAYLOAD,66428.0,PAYLOAD,8.2341,2.9e-07,NOMINAL,2026-03-07T05:20:40Z,624
61545.0,PAYLOAD,62607.0,PAYLOAD,8.2344,2.9e-07,NOMINAL,2026-03-07T04:51:40Z,595
59903.0,PAYLOAD,65871.0,PAYLOAD,8.2345,2.9e-07,NOMINAL,2026-03-07T17:59:40Z,1383
54384.0,DEBRIS,60963.0,DEBRIS,8.2348,2.9e-07,NOMINAL,2026-03-07T00:24:40Z,328
15535.0,DEBRIS,63781.0,PAYLOAD,8.2352,2.9e-07,NOMINAL,2026-03-07T08:44:40Z,828
2538.0,DEBRIS,49769.0,PAYLOAD,8.2352,2.9e-07,NOMINAL,2026-03-07T17:18:40Z,1342
16181.0,PAYLOAD,30205.0,DEBRIS,8.2355,2.8e-07,NOMINAL,2026-03-07T18:32:40Z,1416
63970.0,PAYLOAD,65203.0,PAYLOAD,8.2363,2.8e-07,NOMINAL,2026-03-06T23:29:40Z,273
3933.0,DEBRIS,6394.0,PAYLOAD,8.2363,2.8e-07,NOMINAL,2026-03-07T04:58:40Z,602
58980.0,PAYLOAD,66532.0,PAYLOAD,8.2373,2.8e-07,NOMINAL,2026-03-07T18:49:40Z,1433
59350.0,PAYLOAD,65198.0,PAYLOAD,8.2386,2.8e-07,NOMINAL,2026-03-07T16:20:40Z,1284
2960.0,DEBRIS,17607.0,DEBRIS,8.2391,2.8e-07,NOMINAL,2026-03-07T06:26:40Z,690
97.0,DEBRIS,852.0,ROCKET BODY,8.2398,2.8e-07,NOMINAL,2026-03-07T03:25:40Z,509
61723.0,PAYLOAD,64004.0,PAYLOAD,8.2404,2.8e-07,NOMINAL,2026-03-07T13:55:40Z,1139
57679.0,PAYLOAD,66513.0,PAYLOAD,8.2408,2.8e-07,NOMINAL,2026-03-07T15:28:40Z,1232
59201.0,PAYLOAD,62120.0,PAYLOAD,8.2409,2.8e-07,NOMINAL,2026-03-07T09:34:40Z,878
63963.0,PAYLOAD,64727.0,PAYLOAD,8.241,2.8e-07,NOMINAL,2026-03-07T14:30:40Z,1174
65424.0,PAYLOAD,66091.0,PAYLOAD,8.2412,2.8e-07,NOMINAL,2026-03-07T06:14:40Z,678
60814.0,DEBRIS,60884.0,DEBRIS,8.2414,2.8e-07,NOMINAL,2026-03-07T05:58:40Z,662
59016.0,PAYLOAD,59163.0,PAYLOAD,8.2417,2.8e-07,NOMINAL,2026-03-07T16:22:40Z,1286
29923.0,DEBRIS,56647.0,DEBRIS,8.2429,2.8e-07,NOMINAL,2026-03-07T10:34:40Z,938
60430.0,PAYLOAD,67178.0,PAYLOAD,8.243,2.8e-07,NOMINAL,2026-03-07T04:05:40Z,549
4811.0,PAYLOAD,8700.0,ROCKET BODY,8.2434,2.8e-07,NOMINAL,2026-03-06T23:27:40Z,271
53135.0,PAYLOAD,57072.0,PAYLOAD,8.2437,2.8e-07,NOMINAL,2026-03-06T22:37:40Z,221
58979.0,PAYLOAD,64105.0,PAYLOAD,8.2441,2.8e-07,NOMINAL,2026-03-06T22:02:40Z,186
3293.0,DEBRIS,10038.0,PAYLOAD,8.2454,2.7e-07,NOMINAL,2026-03-07T14:50:40Z,1194
30493.0,DEBRIS,43911.0,PAYLOAD,8.2454,2.7e-07,NOMINAL,2026-03-07T03:49:40Z,533
63647.0,PAYLOAD,64108.0,PAYLOAD,8.2457,2.7e-07,NOMINAL,2026-03-07T06:03:40Z,667
46075.0,PAYLOAD,53396.0,PAYLOAD,8.247,2.7e-07,NOMINAL,2026-03-07T06:48:40Z,712
64557.0,PAYLOAD,66722.0,PAYLOAD,8.2476,2.7e-07,NOMINAL,2026-03-07T13:18:40Z,1102
61971.0,PAYLOAD,66444.0,PAYLOAD,8.2476,2.7e-07,NOMINAL,2026-03-07T15:52:40Z,1256
59652.0,PAYLOAD,67463.0,PAYLOAD,8.2477,2.7e-07,NOMINAL,2026-03-07T15:25:40Z,1229
56329.0,PAYLOAD,57356.0,PAYLOAD,8.2478,2.7e-07,NOMINAL,2026-03-07T11:09:40Z,973
58550.0,PAYLOAD,66595.0,PAYLOAD,8.2479,2.7e-07,NOMINAL,2026-03-07T02:48:40Z,472
54899.0,DEBRIS,54958.0,DEBRIS,8.248,2.7e-07,NOMINAL,2026-03-07T12:49:40Z,1073
58367.0,PAYLOAD,66506.0,PAYLOAD,8.2486,2.7e-07,NOMINAL,2026-03-07T11:35:40Z,999
59029.0,PAYLOAD,66952.0,PAYLOAD,8.2486,2.7e-07,NOMINAL,2026-03-07T16:03:40Z,1267
59752.0,PAYLOAD,66105.0,PAYLOAD,8.2495,2.7e-07,NOMINAL,2026-03-06T20:54:40Z,118
61864.0,PAYLOAD,62957.0,PAYLOAD,8.2498,2.7e-07,NOMINAL,2026-03-06T20:50:40Z,114
62859.0,PAYLOAD,63723.0,PAYLOAD,8.2503,2.7e-07,NOMINAL,2026-03-07T17:30:40Z,1354
42832.0,UNKNOWN,51877.0,PAYLOAD,8.2504,2.7e-07,NOMINAL,2026-03-07T16:19:40Z,1283
63400.0,PAYLOAD,64271.0,PAYLOAD,8.2508,2.7e-07,NOMINAL,2026-03-07T06:26:40Z,690
2399.0,ROCKET BODY,2917.0,ROCKET BODY,8.2514,2.7e-07,NOMINAL,2026-03-07T06:32:40Z,696
66261.0,PAYLOAD,67359.0,PAYLOAD,8.2515,2.7e-07,NOMINAL,2026-03-07T17:49:40Z,1373
39231.0,DEBRIS,56608.0,DEBRIS,8.2519,2.7e-07,NOMINAL,2026-03-07T14:23:40Z,1167
54088.0,PAYLOAD,57342.0,PAYLOAD,8.2532,2.7e-07,NOMINAL,2026-03-06T19:47:40Z,51
63677.0,PAYLOAD,64260.0,PAYLOAD,8.2539,2.7e-07,NOMINAL,2026-03-06T20:50:40Z,114
47958.0,UNKNOWN,61255.0,PAYLOAD,8.2543,2.7e-07,NOMINAL,2026-03-07T02:48:40Z,472
63415.0,PAYLOAD,65220.0,PAYLOAD,8.2563,2.6e-07,NOMINAL,2026-03-06T21:13:40Z,137
59272.0,PAYLOAD,63821.0,PAYLOAD,8.2568,2.6e-07,NOMINAL,2026-03-07T14:31:40Z,1175
3822.0,DEBRIS,47392.0,PAYLOAD,8.2568,2.6e-07,NOMINAL,2026-03-07T16:09:40Z,1273
8756.0,DEBRIS,56156.0,UNKNOWN,8.2569,2.6e-07,NOMINAL,2026-03-07T14:49:40Z,1193
62380.0,UNKNOWN,65686.0,PAYLOAD,8.257,2.6e-07,NOMINAL,2026-03-07T04:13:40Z,557
502.0,PAYLOAD,8824.0,ROCKET BODY,8.257,2.6e-07,NOMINAL,2026-03-06T20:59:40Z,123
65364.0,PAYLOAD,67349.0,PAYLOAD,8.2574,2.6e-07,NOMINAL,2026-03-06T22:52:40Z,236
53700.0,PAYLOAD,57748.0,PAYLOAD,8.2574,2.6e-07,NOMINAL,2026-03-07T17:01:40Z,1325
27640.0,PAYLOAD,54303.0,DEBRIS,8.2577,2.6e-07,NOMINAL,2026-03-06T20:43:40Z,107
41336.0,ROCKET BODY,57884.0,PAYLOAD,8.2585,2.6e-07,NOMINAL,2026-03-06T20:28:40Z,92
59892.0,PAYLOAD,63860.0,PAYLOAD,8.2586,2.6e-07,NOMINAL,2026-03-07T16:43:40Z,1307
2227.0,PAYLOAD,4075.0,ROCKET BODY,8.2591,2.6e-07,NOMINAL,2026-03-07T05:40:40Z,644
57460.0,PAYLOAD,65756.0,PAYLOAD,8.2594,2.6e-07,NOMINAL,2026-03-06T19:45:40Z,49
55639.0,PAYLOAD,58908.0,PAYLOAD,8.2595,2.6e-07,NOMINAL,2026-03-06T21:46:40Z,170
58102.0,PAYLOAD,63952.0,PAYLOAD,8.2596,2.6e-07,NOMINAL,2026-03-06T22:31:40Z,215
11427.0,ROCKET BODY,60848.0,DEBRIS,8.2602,2.6e-07,NOMINAL,2026-03-07T17:37:40Z,1361
53866.0,PAYLOAD,63296.0,UNKNOWN,8.2607,2.6e-07,NOMINAL,2026-03-07T02:54:40Z,478
65510.0,PAYLOAD,66855.0,PAYLOAD,8.2608,2.6e-07,NOMINAL,2026-03-07T11:18:40Z,982
57869.0,PAYLOAD,61968.0,PAYLOAD,8.2614,2.6e-07,NOMINAL,2026-03-07T01:42:40Z,406
65491.0,UNKNOWN,66181.0,PAYLOAD,8.2622,2.6e-07,NOMINAL,2026-03-07T08:31:40Z,815
46079.0,PAYLOAD,57414.0,PAYLOAD,8.2626,2.6e-07,NOMINAL,2026-03-07T14:31:40Z,1175
62289.0,PAYLOAD,65624.0,PAYLOAD,8.2629,2.6e-07,NOMINAL,2026-03-07T07:35:40Z,759
34823.0,DEBRIS,35918.0,DEBRIS,8.2635,2.6e-07,NOMINAL,2026-03-07T06:45:40Z,709
61523.0,PAYLOAD,64453.0,PAYLOAD,8.2635,2.6e-07,NOMINAL,2026-03-07T15:05:40Z,1209
48639.0,PAYLOAD,59155.0,PAYLOAD,8.2644,2.6e-07,NOMINAL,2026-03-07T05:53:40Z,657
59614.0,PAYLOAD,62137.0,PAYLOAD,8.2646,2.6e-07,NOMINAL,2026-03-07T12:56:40Z,1080
15774.0,ROCKET BODY,41084.0,DEBRIS,8.2647,2.6e-07,NOMINAL,2026-03-06T22:02:40Z,186
61643.0,PAYLOAD,65748.0,PAYLOAD,8.2651,2.6e-07,NOMINAL,2026-03-07T16:53:40Z,1317
62490.0,PAYLOAD,65020.0,PAYLOAD,8.2651,2.6e-07,NOMINAL,2026-03-07T07:51:40Z,775
5519.0,DEBRIS,8344.0,ROCKET BODY,8.2661,2.5e-07,NOMINAL,2026-03-07T09:16:40Z,860
619.0,DEBRIS,10948.0,ROCKET BODY,8.2667,2.5e-07,NOMINAL,2026-03-07T07:22:40Z,746
31222.0,DEBRIS,62709.0,PAYLOAD,8.2671,2.5e-07,NOMINAL,2026-03-07T17:07:40Z,1331
15717.0,DEBRIS,60895.0,DEBRIS,8.2673,2.5e-07,NOMINAL,2026-03-07T10:58:40Z,962
7210.0,ROCKET BODY,30286.0,DEBRIS,8.2703,2.5e-07,NOMINAL,2026-03-07T12:14:40Z,1038
5258.0,DEBRIS,10145.0,DEBRIS,8.2719,2.5e-07,NOMINAL,2026-03-07T15:00:40Z,1204
45540.0,PAYLOAD,48672.0,PAYLOAD,8.2724,2.5e-07,NOMINAL,2026-03-07T17:20:40Z,1344
62435.0,PAYLOAD,63122.0,PAYLOAD,8.2724,2.5e-07,NOMINAL,2026-03-06T22:41:40Z,225
47845.0,PAYLOAD,52092.0,PAYLOAD,8.2727,2.5e-07,NOMINAL,2026-03-07T15:04:40Z,1208
45686.0,PAYLOAD,63324.0,PAYLOAD,8.2734,2.5e-07,NOMINAL,2026-03-07T01:24:40Z,388
65648.0,PAYLOAD,66462.0,PAYLOAD,8.2736,2.5e-07,NOMINAL,2026-03-07T11:57:40Z,1021
1948.0,DEBRIS,59695.0,PAYLOAD,8.2738,2.5e-07,NOMINAL,2026-03-07T06:06:40Z,670
58853.0,PAYLOAD,64740.0,PAYLOAD,8.2743,2.5e-07,NOMINAL,2026-03-07T02:40:40Z,464
48643.0,PAYLOAD,59749.0,PAYLOAD,8.2747,2.5e-07,NOMINAL,2026-03-07T07:03:40Z,727
62848.0,PAYLOAD,65458.0,PAYLOAD,8.2769,2.4e-07,NOMINAL,2026-03-07T04:32:40Z,576
56750.0,ROCKET BODY,66854.0,PAYLOAD,8.277,2.4e-07,NOMINAL,2026-03-06T22:19:40Z,203
7582.0,DEBRIS,67659.0,PAYLOAD,8.277,2.4e-07,NOMINAL,2026-03-07T15:14:40Z,1218
10020.0,ROCKET BODY,31480.0,DEBRIS,8.2776,2.4e-07,NOMINAL,2026-03-06T20:07:40Z,71
42767.0,PAYLOAD,57192.0,UNKNOWN,8.2784,2.4e-07,NOMINAL,2026-03-07T08:00:40Z,784
58890.0,PAYLOAD,59503.0,PAYLOAD,8.2793,2.4e-07,NOMINAL,2026-03-07T03:28:40Z,512
28060.0,PAYLOAD,31880.0,DEBRIS,8.2795,2.4e-07,NOMINAL,2026-03-06T21:55:40Z,179
60491.0,PAYLOAD,60517.0,PAYLOAD,8.2811,2.4e-07,NOMINAL,2026-03-07T07:23:40Z,747
48401.0,PAYLOAD,64908.0,PAYLOAD,8.2823,2.4e-07,NOMINAL,2026-03-07T05:53:40Z,657
60156.0,PAYLOAD,66570.0,PAYLOAD,8.2825,2.4e-07,NOMINAL,2026-03-06T19:00:40Z,4
58621.0,PAYLOAD,65325.0,PAYLOAD,8.2826,2.4e-07,NOMINAL,2026-03-07T03:33:40Z,517
57351.0,PAYLOAD,57417.0,PAYLOAD,8.283,2.4e-07,NOMINAL,2026-03-06T19:28:40Z,32
57850.0,PAYLOAD,59302.0,PAYLOAD,8.2833,2.4e-07,NOMINAL,2026-03-07T08:22:40Z,806
59535.0,PAYLOAD,65914.0,PAYLOAD,8.2834,2.4e-07,NOMINAL,2026-03-07T10:34:40Z,938
57716.0,PAYLOAD,60464.0,PAYLOAD,8.2837,2.4e-07,NOMINAL,2026-03-07T05:46:40Z,650
62870.0,PAYLOAD,67112.0,PAYLOAD,8.2838,2.4e-07,NOMINAL,2026-03-07T18:46:40Z,1430
63704.0,PAYLOAD,67794.0,PAYLOAD,8.2865,2.4e-07,NOMINAL,2026-03-07T15:03:40Z,1207
59529.0,PAYLOAD,65339.0,PAYLOAD,8.2875,2.4e-07,NOMINAL,2026-03-07T13:55:40Z,1139
62925.0,PAYLOAD,66400.0,PAYLOAD,8.2876,2.4e-07,NOMINAL,2026-03-06T22:28:40Z,212
61214.0,PAYLOAD,66562.0,PAYLOAD,8.2879,2.3e-07,NOMINAL,2026-03-07T16:11:40Z,1275
59671.0,PAYLOAD,60584.0,PAYLOAD,8.2879,2.3e-07,NOMINAL,2026-03-07T12:06:40Z,1030
57823.0,PAYLOAD,66022.0,PAYLOAD,8.2894,2.3e-07,NOMINAL,2026-03-07T16:41:40Z,1305
23744.0,PAYLOAD,55041.0,PAYLOAD,8.2894,2.3e-07,NOMINAL,2026-03-07T15:55:40Z,1259
6164.0,DEBRIS,67541.0,PAYLOAD,8.2897,2.3e-07,NOMINAL,2026-03-07T03:49:40Z,533
5780.0,DEBRIS,66636.0,PAYLOAD,8.2899,2.3e-07,NOMINAL,2026-03-06T21:39:40Z,163
48694.0,PAYLOAD,67462.0,PAYLOAD,8.29,2.3e-07,NOMINAL,2026-03-07T15:25:40Z,1229
59441.0,PAYLOAD,67360.0,PAYLOAD,8.2903,2.3e-07,NOMINAL,2026-03-07T06:44:40Z,708
61264.0,DEBRIS,61291.0,DEBRIS,8.2909,2.3e-07,NOMINAL,2026-03-07T12:59:40Z,1083
57976.0,PAYLOAD,67473.0,PAYLOAD,8.2928,2.3e-07,NOMINAL,2026-03-07T15:23:40Z,1227
34976.0,DEBRIS,54513.0,DEBRIS,8.2941,2.3e-07,NOMINAL,2026-03-06T23:27:40Z,271
57825.0,PAYLOAD,58176.0,PAYLOAD,8.2941,2.3e-07,NOMINAL,2026-03-06T21:32:40Z,156
61857.0,PAYLOAD,65334.0,PAYLOAD,8.2942,2.3e-07,NOMINAL,2026-03-06T22:24:40Z,208
45405.0,PAYLOAD,63959.0,PAYLOAD,8.2942,2.3e-07,NOMINAL,2026-03-07T01:30:40Z,394
13237.0,PAYLOAD,64627.0,UNKNOWN,8.295,2.3e-07,NOMINAL,2026-03-07T06:05:40Z,669
53491.0,PAYLOAD,56520.0,PAYLOAD,8.2957,2.3e-07,NOMINAL,2026-03-06T23:29:40Z,273
59486.0,PAYLOAD,65760.0,PAYLOAD,8.2959,2.3e-07,NOMINAL,2026-03-07T05:26:40Z,630
57526.0,PAYLOAD,58180.0,PAYLOAD,8.2965,2.3e-07,NOMINAL,2026-03-06T19:55:40Z,59
58133.0,PAYLOAD,63196.0,PAYLOAD,8.2971,2.3e-07,NOMINAL,2026-03-07T06:30:40Z,694
60636.0,DEBRIS,89494.0,UNKNOWN,8.2972,2.3e-07,NOMINAL,2026-03-07T02:23:40Z,447
66246.0,PAYLOAD,66528.0,PAYLOAD,8.2974,2.3e-07,NOMINAL,2026-03-07T18:51:40Z,1435
58356.0,PAYLOAD,59520.0,PAYLOAD,8.298,2.3e-07,NOMINAL,2026-03-07T03:03:40Z,487
54759.0,PAYLOAD,55601.0,PAYLOAD,8.2986,2.3e-07,NOMINAL,2026-03-07T15:56:40Z,1260
44619.0,DEBRIS,65604.0,PAYLOAD,8.2988,2.3e-07,NOMINAL,2026-03-07T09:30:40Z,874
59457.0,PAYLOAD,59772.0,PAYLOAD,8.2992,2.3e-07,NOMINAL,2026-03-07T14:57:40Z,1201
57781.0,PAYLOAD,61625.0,PAYLOAD,8.2995,2.3e-07,NOMINAL,2026-03-07T13:09:40Z,1093
62230.0,PAYLOAD,63108.0,PAYLOAD,8.2999,2.2e-07,NOMINAL,2026-03-06T23:00:40Z,244
66364.0,PAYLOAD,67494.0,PAYLOAD,8.3002,2.2e-07,NOMINAL,2026-03-07T02:33:40Z,457
52690.0,PAYLOAD,57346.0,PAYLOAD,8.3003,2.2e-07,NOMINAL,2026-03-07T18:29:40Z,1413
62499.0,PAYLOAD,65832.0,PAYLOAD,8.3029,2.2e-07,NOMINAL,2026-03-07T17:34:40Z,1358
47780.0,PAYLOAD,59332.0,PAYLOAD,8.3031,2.2e-07,NOMINAL,2026-03-07T15:59:40Z,1263
23986.0,DEBRIS,66190.0,PAYLOAD,8.3032,2.2e-07,NOMINAL,2026-03-06T22:18:40Z,202
6126.0,PAYLOAD,31252.0,DEBRIS,8.3042,2.2e-07,NOMINAL,2026-03-06T20:02:40Z,66
6260.0,PAYLOAD,6885.0,PAYLOAD,8.3046,2.2e-07,NOMINAL,2026-03-07T13:04:40Z,1088
56697.0,PAYLOAD,63237.0,UNKNOWN,8.3052,2.2e-07,NOMINAL,2026-03-06T21:24:40Z,148
57642.0,PAYLOAD,61859.0,PAYLOAD,8.3056,2.2e-07,NOMINAL,2026-03-07T01:16:40Z,380
57223.0,PAYLOAD,62176.0,PAYLOAD,8.3057,2.2e-07,NOMINAL,2026-03-07T17:35:40Z,1359
58600.0,PAYLOAD,63810.0,PAYLOAD,8.306,2.2e-07,NOMINAL,2026-03-07T03:21:40Z,505
57023.0,UNKNOWN,64682.0,PAYLOAD,8.308,2.2e-07,NOMINAL,2026-03-06T23:18:40Z,262
44631.0,DEBRIS,53797.0,PAYLOAD,8.3087,2.2e-07,NOMINAL,2026-03-07T02:46:40Z,470
63121.0,PAYLOAD,65104.0,PAYLOAD,8.3087,2.2e-07,NOMINAL,2026-03-07T06:03:40Z,667
48129.0,PAYLOAD,61642.0,PAYLOAD,8.3088,2.2e-07,NOMINAL,2026-03-06T21:52:40Z,176
64449.0,PAYLOAD,66950.0,PAYLOAD,8.309,2.2e-07,NOMINAL,2026-03-06T22:28:40Z,212
48442.0,PAYLOAD,66509.0,PAYLOAD,8.3097,2.2e-07,NOMINAL,2026-03-07T05:36:40Z,640
60286.0,PAYLOAD,63766.0,PAYLOAD,8.3097,2.2e-07,NOMINAL,2026-03-07T04:16:40Z,560
55008.0,DEBRIS,56594.0,DEBRIS,8.3098,2.2e-07,NOMINAL,2026-03-07T04:39:40Z,583
57534.0,PAYLOAD,60429.0,PAYLOAD,8.3118,2.2e-07,NOMINAL,2026-03-07T04:32:40Z,576
63282.0,PAYLOAD,65877.0,PAYLOAD,8.3118,2.2e-07,NOMINAL,2026-03-07T16:53:40Z,1317
38499.0,DEBRIS,38860.0,PAYLOAD,8.3123,2.1e-07,NOMINAL,2026-03-07T00:32:40Z,336
60199.0,PAYLOAD,66565.0,PAYLOAD,8.313,2.1e-07,NOMINAL,2026-03-07T06:24:40Z,688
52266.0,PAYLOAD,67073.0,PAYLOAD,8.3136,2.1e-07,NOMINAL,2026-03-07T11:09:40Z,973
38000.0,DEBRIS,57402.0,PAYLOAD,8.3137,2.1e-07,NOMINAL,2026-03-07T09:04:40Z,848
62503.0,PAYLOAD,65018.0,PAYLOAD,8.3147,2.1e-07,NOMINAL,2026-03-07T18:05:40Z,1389
12773.0,DEBRIS,63301.0,PAYLOAD,8.3149,2.1e-07,NOMINAL,2026-03-06T19:51:40Z,55
62675.0,PAYLOAD,67338.0,PAYLOAD,8.3161,2.1e-07,NOMINAL,2026-03-06T20:22:40Z,86
66403.0,PAYLOAD,66967.0,PAYLOAD,8.3162,2.1e-07,NOMINAL,2026-03-06T19:35:40Z,39
49450.0,PAYLOAD,56549.0,PAYLOAD,8.3163,2.1e-07,NOMINAL,2026-03-07T15:17:40Z,1221
402.0,DEBRIS,18519.0,DEBRIS,8.3165,2.1e-07,NOMINAL,2026-03-07T00:52:40Z,356
63071.0,PAYLOAD,64681.0,PAYLOAD,8.3171,2.1e-07,NOMINAL,2026-03-07T10:21:40Z,925
54427.0,DEBRIS,55187.0,DEBRIS,8.3177,2.1e-07,NOMINAL,2026-03-07T17:32:40Z,1356
57885.0,PAYLOAD,62528.0,PAYLOAD,8.3182,2.1e-07,NOMINAL,2026-03-06T23:57:40Z,301
46027.0,PAYLOAD,53004.0,PAYLOAD,8.3193,2.1e-07,NOMINAL,2026-03-07T12:15:40Z,1039
47787.0,PAYLOAD,67411.0,PAYLOAD,8.32,2.1e-07,NOMINAL,2026-03-06T21:18:40Z,142
2918.0,DEBRIS,43900.0,UNKNOWN,8.321,2.1e-07,NOMINAL,2026-03-07T18:30:40Z,1414
38323.0,DEBRIS,82475.0,UNKNOWN,8.3224,2.1e-07,NOMINAL,2026-03-07T02:57:40Z,481
2979.0,DEBRIS,11292.0,PAYLOAD,8.3225,2.1e-07,NOMINAL,2026-03-07T06:46:40Z,710
47424.0,UNKNOWN,64737.0,PAYLOAD,8.323,2.1e-07,NOMINAL,2026-03-07T12:39:40Z,1063
4249.0,DEBRIS,30347.0,DEBRIS,8.3239,2.1e-07,NOMINAL,2026-03-07T17:34:40Z,1358
59207.0,PAYLOAD,62149.0,PAYLOAD,8.3243,2.1e-07,NOMINAL,2026-03-07T10:48:40Z,952
66702.0,PAYLOAD,67276.0,UNKNOWN,8.3244,2.1e-07,NOMINAL,2026-03-07T13:25:40Z,1109
34642.0,DEBRIS,48078.0,DEBRIS,8.3249,2e-07,NOMINAL,2026-03-07T07:30:40Z,754
47362.0,PAYLOAD,52105.0,PAYLOAD,8.3254,2e-07,NOMINAL,2026-03-07T15:01:40Z,1205
4867.0,DEBRIS,38323.0,DEBRIS,8.3263,2e-07,NOMINAL,2026-03-07T04:23:40Z,567
57310.0,PAYLOAD,60600.0,PAYLOAD,8.3269,2e-07,NOMINAL,2026-03-07T01:56:40Z,420
4161.0,DEBRIS,46448.0,DEBRIS,8.3272,2e-07,NOMINAL,2026-03-07T04:17:40Z,561
63070.0,PAYLOAD,65922.0,PAYLOAD,8.3284,2e-07,NOMINAL,2026-03-06T23:25:40Z,269
59724.0,PAYLOAD,62741.0,PAYLOAD,8.3285,2e-07,NOMINAL,2026-03-07T17:02:40Z,1326
58946.0,PAYLOAD,66449.0,PAYLOAD,8.3292,2e-07,NOMINAL,2026-03-07T02:13:40Z,437
43479.0,PAYLOAD,54475.0,DEBRIS,8.3293,2e-07,NOMINAL,2026-03-07T07:32:40Z,756
59317.0,PAYLOAD,66058.0,PAYLOAD,8.3298,2e-07,NOMINAL,2026-03-07T04:50:40Z,594
57985.0,PAYLOAD,66614.0,PAYLOAD,8.3306,2e-07,NOMINAL,2026-03-07T14:53:40Z,1197
58775.0,PAYLOAD,66864.0,PAYLOAD,8.3312,2e-07,NOMINAL,2026-03-07T05:23:40Z,627
62755.0,PAYLOAD,67340.0,PAYLOAD,8.3329,2e-07,NOMINAL,2026-03-07T18:28:40Z,1412
66903.0,PAYLOAD,66985.0,PAYLOAD,8.333,2e-07,NOMINAL,2026-03-06T23:19:40Z,263
936.0,DEBRIS,8952.0,DEBRIS,8.3341,2e-07,NOMINAL,2026-03-07T15:39:40Z,1243
5501.0,DEBRIS,66943.0,PAYLOAD,8.3345,2e-07,NOMINAL,2026-03-06T20:22:40Z,86
58884.0,PAYLOAD,67343.0,PAYLOAD,8.3345,2e-07,NOMINAL,2026-03-06T20:26:40Z,90
58610.0,PAYLOAD,58681.0,PAYLOAD,8.3346,2e-07,NOMINAL,2026-03-07T07:54:40Z,778
60493.0,PAYLOAD,66595.0,PAYLOAD,8.3347,2e-07,NOMINAL,2026-03-07T14:50:40Z,1194
58106.0,PAYLOAD,60562.0,PAYLOAD,8.335,2e-07,NOMINAL,2026-03-06T23:32:40Z,276
5803.0,DEBRIS,8775.0,ROCKET BODY,8.3351,2e-07,NOMINAL,2026-03-07T06:25:40Z,689
63912.0,PAYLOAD,66162.0,PAYLOAD,8.3356,2e-07,NOMINAL,2026-03-07T13:14:40Z,1098
56832.0,PAYLOAD,57611.0,PAYLOAD,8.3365,2e-07,NOMINAL,2026-03-07T16:20:40Z,1284
46079.0,PAYLOAD,51141.0,PAYLOAD,8.337,2e-07,NOMINAL,2026-03-07T13:05:40Z,1089
37460.0,DEBRIS,270121.0,UNKNOWN,8.3382,2e-07,NOMINAL,2026-03-07T02:03:40Z,427
38142.0,DEBRIS,64938.0,PAYLOAD,8.3382,2e-07,NOMINAL,2026-03-07T08:47:40Z,831
8503.0,DEBRIS,64199.0,PAYLOAD,8.3383,1.9e-07,NOMINAL,2026-03-07T08:31:40Z,815
66894.0,PAYLOAD,67319.0,PAYLOAD,8.3385,1.9e-07,NOMINAL,2026-03-07T11:52:40Z,1016
48595.0,PAYLOAD,52377.0,PAYLOAD,8.3394,1.9e-07,NOMINAL,2026-03-06T23:10:40Z,254
4235.0,DEBRIS,13605.0,DEBRIS,8.3407,1.9e-07,NOMINAL,2026-03-07T18:48:40Z,1432
59701.0,PAYLOAD,61915.0,PAYLOAD,8.3407,1.9e-07,NOMINAL,2026-03-07T11:40:40Z,1004
35272.0,DEBRIS,38811.0,DEBRIS,8.3424,1.9e-07,NOMINAL,2026-03-06T20:05:40Z,69
48423.0,PAYLOAD,64853.0,PAYLOAD,8.3433,1.9e-07,NOMINAL,2026-03-07T13:21:40Z,1105
62228.0,PAYLOAD,89161.0,UNKNOWN,8.3436,1.9e-07,NOMINAL,2026-03-07T04:27:40Z,571
49002.0,PAYLOAD,51626.0,PAYLOAD,8.3445,1.9e-07,NOMINAL,2026-03-07T00:50:40Z,354
58007.0,PAYLOAD,58161.0,PAYLOAD,8.3461,1.9e-07,NOMINAL,2026-03-07T06:35:40Z,699
2392.0,ROCKET BODY,4290.0,DEBRIS,8.3469,1.9e-07,NOMINAL,2026-03-06T21:38:40Z,162
3953.0,DEBRIS,31913.0,DEBRIS,8.3475,1.9e-07,NOMINAL,2026-03-07T11:34:40Z,998
59876.0,PAYLOAD,62476.0,PAYLOAD,8.3476,1.9e-07,NOMINAL,2026-03-07T09:25:40Z,869
60262.0,PAYLOAD,63685.0,PAYLOAD,8.3479,1.9e-07,NOMINAL,2026-03-07T02:40:40Z,464
58165.0,PAYLOAD,67785.0,PAYLOAD,8.348,1.9e-07,NOMINAL,2026-03-07T16:41:40Z,1305
13499.0,DEBRIS,19594.0,DEBRIS,8.3482,1.9e-07,NOMINAL,2026-03-07T02:30:40Z,454
8536.0,DEBRIS,66780.0,PAYLOAD,8.3484,1.9e-07,NOMINAL,2026-03-06T19:01:40Z,5
4254.0,PAYLOAD,65109.0,PAYLOAD,8.3486,1.9e-07,NOMINAL,2026-03-07T08:35:40Z,819
35220.0,DEBRIS,56667.0,DEBRIS,8.3492,1.9e-07,NOMINAL,2026-03-06T22:20:40Z,204
33939.0,DEBRIS,54058.0,PAYLOAD,8.3495,1.9e-07,NOMINAL,2026-03-06T19:42:40Z,46
62825.0,PAYLOAD,63782.0,PAYLOAD,8.3512,1.9e-07,NOMINAL,2026-03-06T23:54:40Z,298
61661.0,PAYLOAD,62475.0,PAYLOAD,8.3513,1.9e-07,NOMINAL,2026-03-07T04:23:40Z,567
22707.0,DEBRIS,35370.0,DEBRIS,8.3516,1.9e-07,NOMINAL,2026-03-07T04:14:40Z,558
11196.0,DEBRIS,65215.0,PAYLOAD,8.3528,1.8e-07,NOMINAL,2026-03-07T14:12:40Z,1156
55300.0,PAYLOAD,65144.0,PAYLOAD,8.3529,1.8e-07,NOMINAL,2026-03-07T13:58:40Z,1142
51994.0,PAYLOAD,52101.0,PAYLOAD,8.3536,1.8e-07,NOMINAL,2026-03-07T11:59:40Z,1023
45415.0,PAYLOAD,59023.0,PAYLOAD,8.3537,1.8e-07,NOMINAL,2026-03-07T17:21:40Z,1345
63971.0,PAYLOAD,65701.0,PAYLOAD,8.3539,1.8e-07,NOMINAL,2026-03-07T02:03:40Z,427
33821.0,DEBRIS,63487.0,PAYLOAD,8.3542,1.8e-07,NOMINAL,2026-03-07T08:52:40Z,836
60136.0,PAYLOAD,63571.0,PAYLOAD,8.3542,1.8e-07,NOMINAL,2026-03-07T04:20:40Z,564
61865.0,PAYLOAD,62026.0,PAYLOAD,8.3545,1.8e-07,NOMINAL,2026-03-07T10:44:40Z,948
7880.0,DEBRIS,62224.0,PAYLOAD,8.3552,1.8e-07,NOMINAL,2026-03-07T18:46:40Z,1430
62750.0,PAYLOAD,64908.0,PAYLOAD,8.3557,1.8e-07,NOMINAL,2026-03-07T08:37:40Z,821
4665.0,DEBRIS,60668.0,DEBRIS,8.3557,1.8e-07,NOMINAL,2026-03-07T01:08:40Z,372
60292.0,PAYLOAD,66942.0,PAYLOAD,8.3559,1.8e-07,NOMINAL,2026-03-07T12:26:40Z,1050
59242.0,PAYLOAD,61518.0,PAYLOAD,8.3564,1.8e-07,NOMINAL,2026-03-07T06:29:40Z,693
66457.0,PAYLOAD,67417.0,PAYLOAD,8.357,1.8e-07,NOMINAL,2026-03-07T16:07:40Z,1271
63857.0,PAYLOAD,66105.0,PAYLOAD,8.3576,1.8e-07,NOMINAL,2026-03-06T19:00:40Z,4
57966.0,PAYLOAD,67497.0,PAYLOAD,8.3593,1.8e-07,NOMINAL,2026-03-06T22:57:40Z,241
62493.0,PAYLOAD,65425.0,PAYLOAD,8.3598,1.8e-07,NOMINAL,2026-03-07T09:24:40Z,868
2441.0,DEBRIS,59926.0,PAYLOAD,8.3605,1.8e-07,NOMINAL,2026-03-07T06:16:40Z,680
66893.0,PAYLOAD,67184.0,PAYLOAD,8.3608,1.8e-07,NOMINAL,2026-03-07T06:45:40Z,709
62526.0,PAYLOAD,64747.0,PAYLOAD,8.3618,1.8e-07,NOMINAL,2026-03-07T11:56:40Z,1020
48112.0,PAYLOAD,62604.0,PAYLOAD,8.3623,1.8e-07,NOMINAL,2026-03-07T05:11:40Z,615
58463.0,PAYLOAD,64869.0,PAYLOAD,8.3629,1.8e-07,NOMINAL,2026-03-06T22:51:40Z,235
60341.0,PAYLOAD,63802.0,PAYLOAD,8.363,1.8e-07,NOMINAL,2026-03-07T09:34:40Z,878
58868.0,PAYLOAD,64778.0,PAYLOAD,8.3642,1.8e-07,NOMINAL,2026-03-06T22:19:40Z,203
48111.0,PAYLOAD,59799.0,PAYLOAD,8.3646,1.8e-07,NOMINAL,2026-03-07T12:24:40Z,1048
5538.0,DEBRIS,7993.0,DEBRIS,8.3649,1.8e-07,NOMINAL,2026-03-07T15:16:40Z,1220
4155.0,DEBRIS,54532.0,DEBRIS,8.365,1.8e-07,NOMINAL,2026-03-07T11:42:40Z,1006
61634.0,PAYLOAD,64726.0,PAYLOAD,8.3657,1.8e-07,NOMINAL,2026-03-07T17:07:40Z,1331
45448.0,PAYLOAD,51634.0,PAYLOAD,8.3659,1.8e-07,NOMINAL,2026-03-06T22:00:40Z,184
64667.0,PAYLOAD,66818.0,PAYLOAD,8.3659,1.8e-07,NOMINAL,2026-03-06T22:39:40Z,223
59874.0,PAYLOAD,60416.0,PAYLOAD,8.366,1.8e-07,NOMINAL,2026-03-07T11:51:40Z,1015
66023.0,PAYLOAD,66793.0,PAYLOAD,8.3663,1.8e-07,NOMINAL,2026-03-06T21:47:40Z,171
59603.0,PAYLOAD,60110.0,PAYLOAD,8.3664,1.8e-07,NOMINAL,2026-03-07T02:16:40Z,440
47367.0,PAYLOAD,52271.0,PAYLOAD,8.3664,1.8e-07,NOMINAL,2026-03-06T22:54:40Z,238
36242.0,DEBRIS,41264.0,DEBRIS,8.3667,1.8e-07,NOMINAL,2026-03-07T07:18:40Z,742
48009.0,PAYLOAD,60094.0,PAYLOAD,8.3668,1.8e-07,NOMINAL,2026-03-07T01:56:40Z,420
47347.0,ROCKET BODY,56527.0,PAYLOAD,8.3674,1.8e-07,NOMINAL,2026-03-07T08:36:40Z,820
59476.0,PAYLOAD,59723.0,PAYLOAD,8.3674,1.8e-07,NOMINAL,2026-03-07T14:11:40Z,1155
57139.0,PAYLOAD,65796.0,PAYLOAD,8.3674,1.7e-07,NOMINAL,2026-03-07T05:54:40Z,658
43160.0,PAYLOAD,58724.0,PAYLOAD,8.3688,1.7e-07,NOMINAL,2026-03-07T07:46:40Z,770
62923.0,PAYLOAD,64671.0,PAYLOAD,8.3691,1.7e-07,NOMINAL,2026-03-07T06:59:40Z,723
57607.0,PAYLOAD,59341.0,PAYLOAD,8.3692,1.7e-07,NOMINAL,2026-03-07T07:12:40Z,736
57869.0,PAYLOAD,61852.0,PAYLOAD,8.3693,1.7e-07,NOMINAL,2026-03-07T11:15:40Z,979
60131.0,PAYLOAD,63650.0,PAYLOAD,8.3697,1.7e-07,NOMINAL,2026-03-07T02:14:40Z,438
60907.0,PAYLOAD,63319.0,PAYLOAD,8.3698,1.7e-07,NOMINAL,2026-03-07T15:03:40Z,1207
58973.0,PAYLOAD,64114.0,PAYLOAD,8.3698,1.7e-07,NOMINAL,2026-03-07T04:00:40Z,544
60496.0,PAYLOAD,62680.0,PAYLOAD,8.3699,1.7e-07,NOMINAL,2026-03-07T08:56:40Z,840
59092.0,PAYLOAD,60365.0,PAYLOAD,8.3709,1.7e-07,NOMINAL,2026-03-07T05:10:40Z,614
59261.0,PAYLOAD,63827.0,PAYLOAD,8.3714,1.7e-07,NOMINAL,2026-03-07T08:42:40Z,826
58732.0,PAYLOAD,62196.0,PAYLOAD,8.3717,1.7e-07,NOMINAL,2026-03-06T23:40:40Z,284
33757.0,DEBRIS,55557.0,DEBRIS,8.3744,1.7e-07,NOMINAL,2026-03-07T03:31:40Z,515
55623.0,PAYLOAD,65524.0,PAYLOAD,8.3759,1.7e-07,NOMINAL,2026-03-07T10:06:40Z,910
24277.0,PAYLOAD,38225.0,DEBRIS,8.376,1.7e-07,NOMINAL,2026-03-07T05:50:40Z,654
60315.0,PAYLOAD,63985.0,UNKNOWN,8.376,1.7e-07,NOMINAL,2026-03-07T16:38:40Z,1302
522.0,DEBRIS,5005.0,DEBRIS,8.3762,1.7e-07,NOMINAL,2026-03-07T15:39:40Z,1243
44311.0,UNKNOWN,62760.0,PAYLOAD,8.3766,1.7e-07,NOMINAL,2026-03-06T20:16:40Z,80
55592.0,PAYLOAD,58910.0,PAYLOAD,8.3767,1.7e-07,NOMINAL,2026-03-07T13:07:40Z,1091
54763.0,PAYLOAD,57233.0,PAYLOAD,8.3769,1.7e-07,NOMINAL,2026-03-07T02:59:40Z,483
49281.0,PAYLOAD,54656.0,PAYLOAD,8.3775,1.7e-07,NOMINAL,2026-03-06T19:45:40Z,49
42767.0,PAYLOAD,67679.0,UNKNOWN,8.3777,1.7e-07,NOMINAL,2026-03-07T12:46:40Z,1070
59748.0,PAYLOAD,60739.0,PAYLOAD,8.3779,1.7e-07,NOMINAL,2026-03-07T03:41:40Z,525
48098.0,PAYLOAD,65407.0,PAYLOAD,8.3787,1.7e-07,NOMINAL,2026-03-06T22:28:40Z,212
58122.0,PAYLOAD,62753.0,PAYLOAD,8.3791,1.7e-07,NOMINAL,2026-03-07T05:15:40Z,619
58469.0,PAYLOAD,59550.0,PAYLOAD,8.3795,1.7e-07,NOMINAL,2026-03-07T00:56:40Z,360
458.0,DEBRIS,6531.0,DEBRIS,8.3798,1.7e-07,NOMINAL,2026-03-06T19:18:40Z,22
59494.0,PAYLOAD,64606.0,PAYLOAD,8.3799,1.7e-07,NOMINAL,2026-03-07T12:00:40Z,1024
58321.0,PAYLOAD,58845.0,PAYLOAD,8.38,1.7e-07,NOMINAL,2026-03-07T07:46:40Z,770
62477.0,PAYLOAD,64443.0,PAYLOAD,8.3801,1.7e-07,NOMINAL,2026-03-07T17:20:40Z,1344
57476.0,PAYLOAD,59693.0,PAYLOAD,8.3803,1.7e-07,NOMINAL,2026-03-06T21:59:40Z,183
58361.0,PAYLOAD,67315.0,PAYLOAD,8.3804,1.7e-07,NOMINAL,2026-03-07T00:58:40Z,362
4238.0,DEBRIS,57915.0,PAYLOAD,8.3807,1.7e-07,NOMINAL,2026-03-07T05:30:40Z,634
48729.0,DEBRIS,61330.0,DEBRIS,8.3808,1.7e-07,NOMINAL,2026-03-07T03:31:40Z,515
30266.0,DEBRIS,30670.0,DEBRIS,8.381,1.7e-07,NOMINAL,2026-03-07T03:37:40Z,521
57105.0,PAYLOAD,57441.0,PAYLOAD,8.381,1.7e-07,NOMINAL,2026-03-07T16:03:40Z,1267
55638.0,PAYLOAD,65777.0,PAYLOAD,8.3814,1.7e-07,NOMINAL,2026-03-07T16:29:40Z,1293
57860.0,PAYLOAD,67467.0,PAYLOAD,8.3823,1.7e-07,NOMINAL,2026-03-06T23:01:40Z,245
48399.0,PAYLOAD,59161.0,PAYLOAD,8.3824,1.7e-07,NOMINAL,2026-03-06T21:55:40Z,179
57882.0,PAYLOAD,62507.0,PAYLOAD,8.3829,1.7e-07,NOMINAL,2026-03-06T20:56:40Z,120
48098.0,PAYLOAD,63851.0,PAYLOAD,8.3831,1.7e-07,NOMINAL,2026-03-07T02:54:40Z,478
62498.0,PAYLOAD,67421.0,PAYLOAD,8.3833,1.6e-07,NOMINAL,2026-03-07T11:47:40Z,1011
58454.0,PAYLOAD,66402.0,PAYLOAD,8.3844,1.6e-07,NOMINAL,2026-03-06T23:53:40Z,297
61895.0,UNKNOWN,67145.0,PAYLOAD,8.3847,1.6e-07,NOMINAL,2026-03-07T05:10:40Z,614
41364.0,DEBRIS,43569.0,PAYLOAD,8.3847,1.6e-07,NOMINAL,2026-03-07T11:44:40Z,1008
47384.0,PAYLOAD,53177.0,PAYLOAD,8.3853,1.6e-07,NOMINAL,2026-03-07T01:12:40Z,376
60061.0,PAYLOAD,63017.0,PAYLOAD,8.3855,1.6e-07,NOMINAL,2026-03-07T16:43:40Z,1307
19949.0,DEBRIS,37569.0,DEBRIS,8.3865,1.6e-07,NOMINAL,2026-03-07T16:02:40Z,1266
63426.0,PAYLOAD,64765.0,PAYLOAD,8.3869,1.6e-07,NOMINAL,2026-03-06T22:53:40Z,237
59406.0,PAYLOAD,64681.0,PAYLOAD,8.3881,1.6e-07,NOMINAL,2026-03-07T03:45:40Z,529
65405.0,PAYLOAD,66201.0,PAYLOAD,8.3883,1.6e-07,NOMINAL,2026-03-07T09:06:40Z,850
58417.0,PAYLOAD,64213.0,PAYLOAD,8.3892,1.6e-07,NOMINAL,2026-03-07T18:28:40Z,1412
60345.0,PAYLOAD,61633.0,PAYLOAD,8.39,1.6e-07,NOMINAL,2026-03-07T14:26:40Z,1170
59667.0,PAYLOAD,61906.0,UNKNOWN,8.3904,1.6e-07,NOMINAL,2026-03-07T07:22:40Z,746
30900.0,DEBRIS,57579.0,DEBRIS,8.3905,1.6e-07,NOMINAL,2026-03-07T16:47:40Z,1311
50851.0,PAYLOAD,53719.0,PAYLOAD,8.3911,1.6e-07,NOMINAL,2026-03-07T06:44:40Z,708
64188.0,PAYLOAD,66507.0,PAYLOAD,8.3915,1.6e-07,NOMINAL,2026-03-07T04:16:40Z,560
8534.0,DEBRIS,41045.0,DEBRIS,8.3929,1.6e-07,NOMINAL,2026-03-07T10:30:40Z,934
10927.0,DEBRIS,37801.0,PAYLOAD,8.3932,1.6e-07,NOMINAL,2026-03-07T15:29:40Z,1233
10927.0,DEBRIS,37803.0,ROCKET BODY,8.3932,1.6e-07,NOMINAL,2026-03-07T15:29:40Z,1233
10927.0,DEBRIS,37802.0,PAYLOAD,8.3932,1.6e-07,NOMINAL,2026-03-07T15:29:40Z,1233
4063.0,DEBRIS,8478.0,ROCKET BODY,8.3933,1.6e-07,NOMINAL,2026-03-06T20:32:40Z,96
61230.0,UNKNOWN,62672.0,UNKNOWN,8.3933,1.6e-07,NOMINAL,2026-03-06T23:30:40Z,274
40967.0,PAYLOAD,51883.0,PAYLOAD,8.3943,1.6e-07,NOMINAL,2026-03-07T16:08:40Z,1272
61633.0,PAYLOAD,64672.0,PAYLOAD,8.3944,1.6e-07,NOMINAL,2026-03-06T20:32:40Z,96
66753.0,PAYLOAD,67271.0,UNKNOWN,8.3946,1.6e-07,NOMINAL,2026-03-07T14:35:40Z,1179
59544.0,PAYLOAD,64217.0,PAYLOAD,8.3946,1.6e-07,NOMINAL,2026-03-07T15:43:40Z,1247
58876.0,PAYLOAD,62042.0,PAYLOAD,8.3958,1.6e-07,NOMINAL,2026-03-07T00:23:40Z,327
58979.0,PAYLOAD,67041.0,PAYLOAD,8.3958,1.6e-07,NOMINAL,2026-03-07T01:14:40Z,378
55640.0,PAYLOAD,62176.0,PAYLOAD,8.3958,1.6e-07,NOMINAL,2026-03-07T09:51:40Z,895
25158.0,PAYLOAD,36267.0,DEBRIS,8.3969,1.6e-07,NOMINAL,2026-03-06T19:11:40Z,15
48440.0,PAYLOAD,67335.0,PAYLOAD,8.3982,1.6e-07,NOMINAL,2026-03-07T03:14:40Z,498
14464.0,DEBRIS,85373.0,UNKNOWN,8.3989,1.6e-07,NOMINAL,2026-03-07T02:43:40Z,467
51132.0,PAYLOAD,67219.0,PAYLOAD,8.3989,1.6e-07,NOMINAL,2026-03-07T08:03:40Z,787
92.0,DEBRIS,3763.0,DEBRIS,8.401,1.5e-07,NOMINAL,2026-03-07T04:15:40Z,559
50176.0,PAYLOAD,53844.0,PAYLOAD,8.4018,1.5e-07,NOMINAL,2026-03-07T17:16:40Z,1340
47356.0,PAYLOAD,65765.0,PAYLOAD,8.402,1.5e-07,NOMINAL,2026-03-07T15:14:40Z,1218
32790.0,PAYLOAD,63351.0,PAYLOAD,8.4038,1.5e-07,NOMINAL,2026-03-07T03:04:40Z,488
59535.0,PAYLOAD,64139.0,PAYLOAD,8.404,1.5e-07,NOMINAL,2026-03-06T21:47:40Z,171
45755.0,PAYLOAD,61703.0,PAYLOAD,8.4042,1.5e-07,NOMINAL,2026-03-07T14:55:40Z,1199
45272.0,DEBRIS,67442.0,PAYLOAD,8.4047,1.5e-07,NOMINAL,2026-03-07T15:51:40Z,1255
9279.0,DEBRIS,54865.0,PAYLOAD,8.4049,1.5e-07,NOMINAL,2026-03-07T18:16:40Z,1400
65505.0,PAYLOAD,66426.0,PAYLOAD,8.4053,1.5e-07,NOMINAL,2026-03-07T09:07:40Z,851
15338.0,ROCKET BODY,42408.0,DEBRIS,8.4057,1.5e-07,NOMINAL,2026-03-07T16:11:40Z,1275
48563.0,PAYLOAD,61912.0,PAYLOAD,8.4067,1.5e-07,NOMINAL,2026-03-06T22:52:40Z,236
361.0,PAYLOAD,4425.0,PAYLOAD,8.4068,1.5e-07,NOMINAL,2026-03-07T09:47:40Z,891
54897.0,DEBRIS,270043.0,UNKNOWN,8.4073,1.5e-07,NOMINAL,2026-03-06T21:41:40Z,165
57670.0,PAYLOAD,67165.0,PAYLOAD,8.4074,1.5e-07,NOMINAL,2026-03-07T12:57:40Z,1081
46060.0,PAYLOAD,64476.0,PAYLOAD,8.4081,1.5e-07,NOMINAL,2026-03-07T10:55:40Z,959
59172.0,PAYLOAD,59409.0,PAYLOAD,8.4085,1.5e-07,NOMINAL,2026-03-07T09:29:40Z,873
58249.0,PAYLOAD,58357.0,PAYLOAD,8.409,1.5e-07,NOMINAL,2026-03-07T13:46:40Z,1130
65661.0,PAYLOAD,88806.0,TBA,8.4093,1.5e-07,NOMINAL,2026-03-07T12:40:40Z,1064
48116.0,PAYLOAD,59504.0,PAYLOAD,8.4095,1.5e-07,NOMINAL,2026-03-07T05:20:40Z,624
58843.0,PAYLOAD,65866.0,PAYLOAD,8.4098,1.5e-07,NOMINAL,2026-03-07T18:47:40Z,1431
62676.0,PAYLOAD,66765.0,UNKNOWN,8.4108,1.5e-07,NOMINAL,2026-03-07T11:22:40Z,986
38404.0,DEBRIS,38455.0,DEBRIS,8.4113,1.5e-07,NOMINAL,2026-03-07T00:46:40Z,350
618.0,PAYLOAD,11122.0,ROCKET BODY,8.4128,1.5e-07,NOMINAL,2026-03-07T05:07:40Z,611
59860.0,PAYLOAD,65353.0,PAYLOAD,8.4129,1.5e-07,NOMINAL,2026-03-07T18:50:40Z,1434
11080.0,PAYLOAD,17806.0,DEBRIS,8.4129,1.5e-07,NOMINAL,2026-03-07T17:37:40Z,1361
10784.0,ROCKET BODY,27849.0,PAYLOAD,8.4132,1.5e-07,NOMINAL,2026-03-07T14:49:40Z,1193
39451.0,PAYLOAD,62570.0,PAYLOAD,8.4135,1.5e-07,NOMINAL,2026-03-07T06:51:40Z,715
62192.0,PAYLOAD,66456.0,PAYLOAD,8.415,1.5e-07,NOMINAL,2026-03-07T18:44:40Z,1428
61851.0,PAYLOAD,63840.0,PAYLOAD,8.415,1.5e-07,NOMINAL,2026-03-07T15:10:40Z,1214
48408.0,PAYLOAD,66190.0,PAYLOAD,8.4157,1.5e-07,NOMINAL,2026-03-07T17:34:40Z,1358
4728.0,DEBRIS,60236.0,PAYLOAD,8.4159,1.5e-07,NOMINAL,2026-03-07T10:11:40Z,915
66594.0,PAYLOAD,67431.0,PAYLOAD,8.4174,1.5e-07,NOMINAL,2026-03-07T06:29:40Z,693
582.0,DEBRIS,5539.0,DEBRIS,8.4186,1.4e-07,NOMINAL,2026-03-07T01:38:40Z,402
58844.0,PAYLOAD,62754.0,PAYLOAD,8.4187,1.4e-07,NOMINAL,2026-03-06T22:45:40Z,229
63461.0,PAYLOAD,65471.0,PAYLOAD,8.4189,1.4e-07,NOMINAL,2026-03-07T17:33:40Z,1357
63399.0,PAYLOAD,65021.0,PAYLOAD,8.4191,1.4e-07,NOMINAL,2026-03-07T10:04:40Z,908
57193.0,UNKNOWN,66434.0,PAYLOAD,8.4193,1.4e-07,NOMINAL,2026-03-07T08:02:40Z,786
9613.0,ROCKET BODY,44636.0,ROCKET BODY,8.4195,1.4e-07,NOMINAL,2026-03-07T13:58:40Z,1142
59650.0,PAYLOAD,62688.0,PAYLOAD,8.42,1.4e-07,NOMINAL,2026-03-06T20:31:40Z,95
59660.0,PAYLOAD,60461.0,PAYLOAD,8.4202,1.4e-07,NOMINAL,2026-03-07T07:11:40Z,735
58053.0,PAYLOAD,66634.0,PAYLOAD,8.4205,1.4e-07,NOMINAL,2026-03-07T18:29:40Z,1413
51104.0,PAYLOAD,54090.0,PAYLOAD,8.4216,1.4e-07,NOMINAL,2026-03-07T05:47:40Z,651
91.0,PAYLOAD,3652.0,ROCKET BODY,8.4217,1.4e-07,NOMINAL,2026-03-06T21:43:40Z,167
57781.0,PAYLOAD,62233.0,PAYLOAD,8.4218,1.4e-07,NOMINAL,2026-03-06T22:05:40Z,189
59339.0,PAYLOAD,60437.0,PAYLOAD,8.4227,1.4e-07,NOMINAL,2026-03-06T21:04:40Z,128
2246.0,DEBRIS,10920.0,ROCKET BODY,8.4234,1.4e-07,NOMINAL,2026-03-07T05:23:40Z,627
507.0,PAYLOAD,63446.0,PAYLOAD,8.4237,1.4e-07,NOMINAL,2026-03-07T13:06:40Z,1090
30606.0,DEBRIS,42155.0,DEBRIS,8.4248,1.4e-07,NOMINAL,2026-03-07T13:43:40Z,1127
3346.0,ROCKET BODY,42574.0,DEBRIS,8.4254,1.4e-07,NOMINAL,2026-03-07T08:12:40Z,796
58187.0,PAYLOAD,59741.0,PAYLOAD,8.4256,1.4e-07,NOMINAL,2026-03-07T07:45:40Z,769
57857.0,PAYLOAD,59887.0,PAYLOAD,8.4261,1.4e-07,NOMINAL,2026-03-07T14:33:40Z,1177
62124.0,PAYLOAD,63447.0,PAYLOAD,8.4261,1.4e-07,NOMINAL,2026-03-06T20:51:40Z,115
53836.0,PAYLOAD,56385.0,PAYLOAD,8.4264,1.4e-07,NOMINAL,2026-03-07T17:03:40Z,1327
57710.0,PAYLOAD,61726.0,PAYLOAD,8.4281,1.4e-07,NOMINAL,2026-03-06T22:10:40Z,194
6291.0,PAYLOAD,8743.0,DEBRIS,8.4286,1.4e-07,NOMINAL,2026-03-07T02:43:40Z,467
59632.0,PAYLOAD,63508.0,PAYLOAD,8.4289,1.4e-07,NOMINAL,2026-03-07T03:53:40Z,537
31416.0,DEBRIS,56673.0,DEBRIS,8.4292,1.4e-07,NOMINAL,2026-03-07T09:55:40Z,899
36289.0,DEBRIS,53071.0,PAYLOAD,8.4298,1.4e-07,NOMINAL,2026-03-07T05:21:40Z,625
57977.0,PAYLOAD,65470.0,PAYLOAD,8.4302,1.4e-07,NOMINAL,2026-03-07T15:20:40Z,1224
31805.0,DEBRIS,56338.0,PAYLOAD,8.4303,1.4e-07,NOMINAL,2026-03-07T05:36:40Z,640
6390.0,DEBRIS,10739.0,DEBRIS,8.4309,1.4e-07,NOMINAL,2026-03-06T20:51:40Z,115
57648.0,PAYLOAD,59607.0,PAYLOAD,8.4317,1.4e-07,NOMINAL,2026-03-07T14:12:40Z,1156
397.0,PAYLOAD,56808.0,PAYLOAD,8.4324,1.4e-07,NOMINAL,2026-03-07T08:31:40Z,815
30476.0,DEBRIS,61153.0,DEBRIS,8.4326,1.4e-07,NOMINAL,2026-03-07T15:37:40Z,1241
48358.0,PAYLOAD,59516.0,PAYLOAD,8.4327,1.4e-07,NOMINAL,2026-03-07T14:01:40Z,1145
8360.0,PAYLOAD,15479.0,PAYLOAD,8.4333,1.4e-07,NOMINAL,2026-03-07T06:51:40Z,715
7158.0,DEBRIS,13620.0,DEBRIS,8.4334,1.4e-07,NOMINAL,2026-03-07T13:15:40Z,1099
57509.0,PAYLOAD,60786.0,DEBRIS,8.4334,1.4e-07,NOMINAL,2026-03-06T23:12:40Z,256
16206.0,DEBRIS,56255.0,DEBRIS,8.4338,1.4e-07,NOMINAL,2026-03-07T03:36:40Z,520
39014.0,ROCKET BODY,55468.0,PAYLOAD,8.4339,1.4e-07,NOMINAL,2026-03-07T02:07:40Z,431
914.0,PAYLOAD,9434.0,ROCKET BODY,8.4351,1.4e-07,NOMINAL,2026-03-07T12:54:40Z,1078
56610.0,DEBRIS,87300.0,UNKNOWN,8.4352,1.4e-07,NOMINAL,2026-03-07T14:29:40Z,1173
59742.0,PAYLOAD,61524.0,PAYLOAD,8.4353,1.4e-07,NOMINAL,2026-03-07T12:05:40Z,1029
48432.0,PAYLOAD,52697.0,PAYLOAD,8.4354,1.4e-07,NOMINAL,2026-03-07T14:41:40Z,1185
39898.0,DEBRIS,67207.0,PAYLOAD,8.4356,1.4e-07,NOMINAL,2026-03-06T19:22:40Z,26
68046.0,UNKNOWN,68057.0,UNKNOWN,8.4356,1.4e-07,NOMINAL,2026-03-07T15:21:40Z,1225
33819.0,DEBRIS,55220.0,DEBRIS,8.4358,1.4e-07,NOMINAL,2026-03-06T23:16:40Z,260
66693.0,UNKNOWN,66744.0,PAYLOAD,8.4366,1.4e-07,NOMINAL,2026-03-07T10:55:40Z,959
59567.0,PAYLOAD,64477.0,PAYLOAD,8.4372,1.3e-07,NOMINAL,2026-03-07T04:18:40Z,562
20978.0,PAYLOAD,30066.0,DEBRIS,8.4374,1.3e-07,NOMINAL,2026-03-07T02:04:40Z,428
60740.0,PAYLOAD,66498.0,PAYLOAD,8.4375,1.3e-07,NOMINAL,2026-03-07T16:29:40Z,1293
64017.0,PAYLOAD,65914.0,PAYLOAD,8.4377,1.3e-07,NOMINAL,2026-03-07T01:13:40Z,377
49408.0,PAYLOAD,59752.0,PAYLOAD,8.4381,1.3e-07,NOMINAL,2026-03-06T20:12:40Z,76
13874.0,PAYLOAD,41773.0,PAYLOAD,8.4383,1.3e-07,NOMINAL,2026-03-06T22:03:40Z,187
61753.0,UNKNOWN,61780.0,UNKNOWN,8.4414,1.3e-07,NOMINAL,2026-03-07T17:18:40Z,1342
63833.0,PAYLOAD,66559.0,PAYLOAD,8.4426,1.3e-07,NOMINAL,2026-03-07T08:37:40Z,821
59934.0,PAYLOAD,66367.0,PAYLOAD,8.443,1.3e-07,NOMINAL,2026-03-07T02:54:40Z,478
65421.0,PAYLOAD,66885.0,PAYLOAD,8.4435,1.3e-07,NOMINAL,2026-03-06T20:07:40Z,71
66127.0,PAYLOAD,66801.0,PAYLOAD,8.4435,1.3e-07,NOMINAL,2026-03-07T01:09:40Z,373
64022.0,PAYLOAD,64359.0,PAYLOAD,8.4438,1.3e-07,NOMINAL,2026-03-07T10:39:40Z,943
61736.0,PAYLOAD,64876.0,PAYLOAD,8.4443,1.3e-07,NOMINAL,2026-03-07T00:35:40Z,339
60495.0,PAYLOAD,60525.0,PAYLOAD,8.4443,1.3e-07,NOMINAL,2026-03-07T18:44:40Z,1428
35767.0,DEBRIS,60890.0,DEBRIS,8.4444,1.3e-07,NOMINAL,2026-03-07T00:30:40Z,334
58001.0,PAYLOAD,63366.0,PAYLOAD,8.4446,1.3e-07,NOMINAL,2026-03-07T06:41:40Z,705
63992.0,UNKNOWN,66709.0,PAYLOAD,8.445,1.3e-07,NOMINAL,2026-03-07T00:51:40Z,355
8387.0,DEBRIS,66777.0,PAYLOAD,8.4455,1.3e-07,NOMINAL,2026-03-06T22:55:40Z,239
46048.0,PAYLOAD,67051.0,PAYLOAD,8.4489,1.3e-07,NOMINAL,2026-03-07T08:26:40Z,810
57746.0,PAYLOAD,62747.0,PAYLOAD,8.4496,1.3e-07,NOMINAL,2026-03-07T08:01:40Z,785
38515.0,DEBRIS,54983.0,DEBRIS,8.4498,1.3e-07,NOMINAL,2026-03-07T00:10:40Z,314
19105.0,DEBRIS,35190.0,DEBRIS,8.4501,1.3e-07,NOMINAL,2026-03-07T18:15:40Z,1399
39418.0,PAYLOAD,57177.0,UNKNOWN,8.4504,1.3e-07,NOMINAL,2026-03-07T08:51:40Z,835
64144.0,PAYLOAD,64438.0,PAYLOAD,8.4511,1.3e-07,NOMINAL,2026-03-06T23:37:40Z,281
31495.0,DEBRIS,270209.0,UNKNOWN,8.4512,1.3e-07,NOMINAL,2026-03-06T19:28:40Z,32
51972.0,PAYLOAD,55487.0,PAYLOAD,8.4516,1.3e-07,NOMINAL,2026-03-06T22:39:40Z,223
47861.0,PAYLOAD,63044.0,PAYLOAD,8.452,1.3e-07,NOMINAL,2026-03-07T02:00:40Z,424
32184.0,DEBRIS,58277.0,PAYLOAD,8.4525,1.3e-07,NOMINAL,2026-03-07T18:05:40Z,1389
4910.0,DEBRIS,40689.0,DEBRIS,8.4533,1.3e-07,NOMINAL,2026-03-07T01:38:40Z,402
58869.0,PAYLOAD,67465.0,PAYLOAD,8.4537,1.3e-07,NOMINAL,2026-03-07T16:09:40Z,1273
64926.0,PAYLOAD,67497.0,PAYLOAD,8.4538,1.3e-07,NOMINAL,2026-03-06T23:38:40Z,282
57866.0,PAYLOAD,59384.0,PAYLOAD,8.4542,1.3e-07,NOMINAL,2026-03-07T04:52:40Z,596
7412.0,ROCKET BODY,25991.0,PAYLOAD,8.4542,1.3e-07,NOMINAL,2026-03-06T20:56:40Z,120
43807.0,PAYLOAD,55206.0,DEBRIS,8.4549,1.3e-07,NOMINAL,2026-03-06T20:47:40Z,111
47628.0,PAYLOAD,59846.0,PAYLOAD,8.4555,1.3e-07,NOMINAL,2026-03-07T04:32:40Z,576
58393.0,PAYLOAD,63976.0,PAYLOAD,8.4562,1.3e-07,NOMINAL,2026-03-06T22:22:40Z,206
51972.0,PAYLOAD,54807.0,PAYLOAD,8.4571,1.3e-07,NOMINAL,2026-03-07T02:00:40Z,424
42901.0,PAYLOAD,56376.0,PAYLOAD,8.4572,1.3e-07,NOMINAL,2026-03-07T13:50:40Z,1134
47385.0,PAYLOAD,51815.0,PAYLOAD,8.4572,1.3e-07,NOMINAL,2026-03-07T11:12:40Z,976
17074.0,DEBRIS,66527.0,PAYLOAD,8.4579,1.2e-07,NOMINAL,2026-03-06T22:12:40Z,196
59617.0,PAYLOAD,63791.0,PAYLOAD,8.4579,1.2e-07,NOMINAL,2026-03-07T02:10:40Z,434
64791.0,PAYLOAD,81818.0,UNKNOWN,8.4582,1.2e-07,NOMINAL,2026-03-06T21:42:40Z,166
60263.0,PAYLOAD,63459.0,PAYLOAD,8.459,1.2e-07,NOMINAL,2026-03-07T11:50:40Z,1014
48557.0,PAYLOAD,63218.0,UNKNOWN,8.4592,1.2e-07,NOMINAL,2026-03-07T02:15:40Z,439
53318.0,PAYLOAD,62039.0,PAYLOAD,8.4593,1.2e-07,NOMINAL,2026-03-06T22:47:40Z,231
58942.0,PAYLOAD,66476.0,PAYLOAD,8.4594,1.2e-07,NOMINAL,2026-03-07T06:21:40Z,685
46075.0,PAYLOAD,52292.0,PAYLOAD,8.4599,1.2e-07,NOMINAL,2026-03-07T00:23:40Z,327
58593.0,PAYLOAD,61637.0,PAYLOAD,8.4608,1.2e-07,NOMINAL,2026-03-07T02:03:40Z,427
20855.0,DEBRIS,28050.0,ROCKET BODY,8.4609,1.2e-07,NOMINAL,2026-03-06T23:44:40Z,288
58893.0,PAYLOAD,59637.0,PAYLOAD,8.4612,1.2e-07,NOMINAL,2026-03-07T11:49:40Z,1013
54333.0,DEBRIS,58922.0,UNKNOWN,8.4615,1.2e-07,NOMINAL,2026-03-07T00:37:40Z,341
58784.0,PAYLOAD,66967.0,PAYLOAD,8.4615,1.2e-07,NOMINAL,2026-03-06T23:16:40Z,260
48673.0,PAYLOAD,52294.0,PAYLOAD,8.4616,1.2e-07,NOMINAL,2026-03-07T18:37:40Z,1421
58185.0,PAYLOAD,63699.0,PAYLOAD,8.4618,1.2e-07,NOMINAL,2026-03-06T23:35:40Z,279
11113.0,DEBRIS,56604.0,DEBRIS,8.4628,1.2e-07,NOMINAL,2026-03-07T09:43:40Z,887
60434.0,PAYLOAD,62828.0,PAYLOAD,8.4634,1.2e-07,NOMINAL,2026-03-07T14:42:40Z,1186
8408.0,DEBRIS,58419.0,PAYLOAD,8.4634,1.2e-07,NOMINAL,2026-03-06T22:44:40Z,228
58373.0,PAYLOAD,61623.0,PAYLOAD,8.4634,1.2e-07,NOMINAL,2026-03-07T15:34:40Z,1238
30243.0,DEBRIS,41346.0,DEBRIS,8.4656,1.2e-07,NOMINAL,2026-03-07T18:25:40Z,1409
48604.0,PAYLOAD,51889.0,PAYLOAD,8.466,1.2e-07,NOMINAL,2026-03-07T14:56:40Z,1200
44930.0,PAYLOAD,58058.0,PAYLOAD,8.4663,1.2e-07,NOMINAL,2026-03-07T06:31:40Z,695
59298.0,PAYLOAD,65860.0,PAYLOAD,8.4677,1.2e-07,NOMINAL,2026-03-07T08:20:40Z,804
66971.0,PAYLOAD,67323.0,PAYLOAD,8.4681,1.2e-07,NOMINAL,2026-03-07T08:31:40Z,815
59248.0,PAYLOAD,63973.0,PAYLOAD,8.4688,1.2e-07,NOMINAL,2026-03-06T22:11:40Z,195
62429.0,PAYLOAD,63047.0,PAYLOAD,8.4691,1.2e-07,NOMINAL,2026-03-07T14:35:40Z,1179
59571.0,PAYLOAD,66940.0,PAYLOAD,8.4694,1.2e-07,NOMINAL,2026-03-07T09:36:40Z,880
63411.0,PAYLOAD,65831.0,PAYLOAD,8.4696,1.2e-07,NOMINAL,2026-03-07T17:58:40Z,1382
46077.0,PAYLOAD,65908.0,PAYLOAD,8.4697,1.2e-07,NOMINAL,2026-03-07T06:51:40Z,715
1104.0,DEBRIS,39471.0,PAYLOAD,8.4701,1.2e-07,NOMINAL,2026-03-07T05:01:40Z,605
2333.0,DEBRIS,64601.0,PAYLOAD,8.4701,1.2e-07,NOMINAL,2026-03-07T17:41:40Z,1365
48096.0,PAYLOAD,59502.0,PAYLOAD,8.4705,1.2e-07,NOMINAL,2026-03-06T23:45:40Z,289
59208.0,PAYLOAD,62156.0,PAYLOAD,8.4706,1.2e-07,NOMINAL,2026-03-06T20:29:40Z,93
34570.0,DEBRIS,61557.0,PAYLOAD,8.4718,1.2e-07,NOMINAL,2026-03-07T17:08:40Z,1332
58130.0,PAYLOAD,66615.0,PAYLOAD,8.4719,1.2e-07,NOMINAL,2026-03-07T12:43:40Z,1067
58605.0,PAYLOAD,63898.0,PAYLOAD,8.4721,1.2e-07,NOMINAL,2026-03-06T23:05:40Z,249
43815.0,PAYLOAD,61853.0,PAYLOAD,8.4727,1.2e-07,NOMINAL,2026-03-07T09:38:40Z,882
65139.0,PAYLOAD,65762.0,PAYLOAD,8.4728,1.2e-07,NOMINAL,2026-03-06T20:37:40Z,101
59772.0,PAYLOAD,59789.0,PAYLOAD,8.4732,1.2e-07,NOMINAL,2026-03-06T19:28:40Z,32
1222.0,DEBRIS,67539.0,PAYLOAD,8.4735,1.2e-07,NOMINAL,2026-03-07T18:01:40Z,1385
31727.0,DEBRIS,55559.0,DEBRIS,8.4741,1.2e-07,NOMINAL,2026-03-07T17:09:40Z,1333
8380.0,DEBRIS,67189.0,PAYLOAD,8.4754,1.2e-07,NOMINAL,2026-03-07T15:25:40Z,1229
61210.0,PAYLOAD,62223.0,PAYLOAD,8.4758,1.2e-07,NOMINAL,2026-03-06T22:19:40Z,203
15767.0,DEBRIS,40034.0,PAYLOAD,8.4762,1.2e-07,NOMINAL,2026-03-07T13:57:40Z,1141
57671.0,PAYLOAD,62150.0,PAYLOAD,8.4766,1.2e-07,NOMINAL,2026-03-07T03:35:40Z,519
59298.0,PAYLOAD,64780.0,PAYLOAD,8.4768,1.2e-07,NOMINAL,2026-03-07T10:25:40Z,929
64903.0,PAYLOAD,66719.0,PAYLOAD,8.4786,1.2e-07,NOMINAL,2026-03-07T02:42:40Z,466
45189.0,PAYLOAD,63839.0,PAYLOAD,8.4787,1.2e-07,NOMINAL,2026-03-07T02:16:40Z,440
2324.0,PAYLOAD,8957.0,DEBRIS,8.4787,1.2e-07,NOMINAL,2026-03-07T12:17:40Z,1041
45958.0,DEBRIS,55002.0,DEBRIS,8.4789,1.2e-07,NOMINAL,2026-03-06T20:35:40Z,99
66748.0,PAYLOAD,67264.0,UNKNOWN,8.4793,1.2e-07,NOMINAL,2026-03-07T15:13:40Z,1217
60145.0,PAYLOAD,63642.0,PAYLOAD,8.4793,1.2e-07,NOMINAL,2026-03-06T21:25:40Z,149
59077.0,PAYLOAD,65932.0,PAYLOAD,8.4802,1.1e-07,NOMINAL,2026-03-06T20:09:40Z,73
8885.0,DEBRIS,41393.0,PAYLOAD,8.4803,1.1e-07,NOMINAL,2026-03-07T06:12:40Z,676
3111.0,DEBRIS,6536.0,DEBRIS,8.4805,1.1e-07,NOMINAL,2026-03-06T19:40:40Z,44
42320.0,DEBRIS,62980.0,ROCKET BODY,8.4806,1.1e-07,NOMINAL,2026-03-07T10:20:40Z,924
51957.0,PAYLOAD,52156.0,UNKNOWN,8.4807,1.1e-07,NOMINAL,2026-03-07T03:02:40Z,486
59210.0,PAYLOAD,62153.0,PAYLOAD,8.4813,1.1e-07,NOMINAL,2026-03-07T12:01:40Z,1025
187.0,DEBRIS,20898.0,DEBRIS,8.4816,1.1e-07,NOMINAL,2026-03-07T07:07:40Z,731
55418.0,PAYLOAD,61739.0,UNKNOWN,8.4828,1.1e-07,NOMINAL,2026-03-07T17:35:40Z,1359
61062.0,PAYLOAD,62916.0,PAYLOAD,8.4829,1.1e-07,NOMINAL,2026-03-07T09:24:40Z,868
21029.0,PAYLOAD,39077.0,PAYLOAD,8.483,1.1e-07,NOMINAL,2026-03-07T14:38:40Z,1182
59188.0,PAYLOAD,64677.0,PAYLOAD,8.4833,1.1e-07,NOMINAL,2026-03-07T18:48:40Z,1432
48314.0,PAYLOAD,62680.0,PAYLOAD,8.4833,1.1e-07,NOMINAL,2026-03-06T22:30:40Z,214
30454.0,DEBRIS,30920.0,DEBRIS,8.4833,1.1e-07,NOMINAL,2026-03-06T23:01:40Z,245
59791.0,PAYLOAD,65915.0,PAYLOAD,8.4837,1.1e-07,NOMINAL,2026-03-06T21:47:40Z,171
31456.0,DEBRIS,39312.0,DEBRIS,8.4838,1.1e-07,NOMINAL,2026-03-07T16:59:40Z,1323
28989.0,DEBRIS,29971.0,DEBRIS,8.4839,1.1e-07,NOMINAL,2026-03-07T03:37:40Z,521
59855.0,PAYLOAD,65867.0,PAYLOAD,8.4849,1.1e-07,NOMINAL,2026-03-07T07:47:40Z,771
60694.0,DEBRIS,61383.0,DEBRIS,8.4865,1.1e-07,NOMINAL,2026-03-07T03:30:40Z,514
57495.0,PAYLOAD,58072.0,PAYLOAD,8.4866,1.1e-07,NOMINAL,2026-03-07T03:48:40Z,532
4221.0,PAYLOAD,58543.0,PAYLOAD,8.4869,1.1e-07,NOMINAL,2026-03-07T06:56:40Z,720
62205.0,PAYLOAD,66273.0,PAYLOAD,8.4871,1.1e-07,NOMINAL,2026-03-07T17:34:40Z,1358
67471.0,PAYLOAD,84452.0,UNKNOWN,8.4871,1.1e-07,NOMINAL,2026-03-07T05:03:40Z,607
57641.0,PAYLOAD,59553.0,PAYLOAD,8.4883,1.1e-07,NOMINAL,2026-03-06T19:09:40Z,13
57509.0,PAYLOAD,58252.0,PAYLOAD,8.4885,1.1e-07,NOMINAL,2026-03-07T06:08:40Z,672
55662.0,PAYLOAD,64417.0,PAYLOAD,8.4885,1.1e-07,NOMINAL,2026-03-06T20:39:40Z,103
6753.0,ROCKET BODY,8013.0,DEBRIS,8.4886,1.1e-07,NOMINAL,2026-03-07T07:50:40Z,774
41337.0,PAYLOAD,57605.0,PAYLOAD,8.4892,1.1e-07,NOMINAL,2026-03-07T04:13:40Z,557
43534.0,DEBRIS,59835.0,PAYLOAD,8.4894,1.1e-07,NOMINAL,2026-03-07T16:23:40Z,1287
48656.0,PAYLOAD,63238.0,UNKNOWN,8.4901,1.1e-07,NOMINAL,2026-03-07T11:06:40Z,970
63636.0,PAYLOAD,66265.0,PAYLOAD,8.4903,1.1e-07,NOMINAL,2026-03-07T03:34:40Z,518
36597.0,ROCKET BODY,54079.0,PAYLOAD,8.4906,1.1e-07,NOMINAL,2026-03-07T18:30:40Z,1414
62504.0,PAYLOAD,66618.0,PAYLOAD,8.4917,1.1e-07,NOMINAL,2026-03-07T00:38:40Z,342
63806.0,PAYLOAD,66904.0,PAYLOAD,8.4918,1.1e-07,NOMINAL,2026-03-07T08:36:40Z,820
58725.0,PAYLOAD,59330.0,PAYLOAD,8.4919,1.1e-07,NOMINAL,2026-03-07T05:37:40Z,641
62212.0,PAYLOAD,63281.0,PAYLOAD,8.4925,1.1e-07,NOMINAL,2026-03-07T15:26:40Z,1230
62822.0,PAYLOAD,63328.0,PAYLOAD,8.4956,1.1e-07,NOMINAL,2026-03-07T03:06:40Z,490
1942.0,DEBRIS,18312.0,PAYLOAD,8.4962,1.1e-07,NOMINAL,2026-03-07T05:45:40Z,649
1305.0,PAYLOAD,7662.0,DEBRIS,8.4963,1.1e-07,NOMINAL,2026-03-07T18:10:40Z,1394
45072.0,PAYLOAD,61930.0,PAYLOAD,8.4965,1.1e-07,NOMINAL,2026-03-07T15:14:40Z,1218
54075.0,PAYLOAD,55493.0,PAYLOAD,8.4982,1.1e-07,NOMINAL,2026-03-07T02:21:40Z,445
50198.0,PAYLOAD,55587.0,PAYLOAD,8.4983,1.1e-07,NOMINAL,2026-03-07T01:19:40Z,383
43534.0,DEBRIS,62765.0,PAYLOAD,8.4985,1.1e-07,NOMINAL,2026-03-06T19:50:40Z,54
22276.0,ROCKET BODY,47831.0,PAYLOAD,8.4989,1.1e-07,NOMINAL,2026-03-07T15:26:40Z,1230
62924.0,PAYLOAD,66450.0,PAYLOAD,8.4991,1.1e-07,NOMINAL,2026-03-07T13:39:40Z,1123
60444.0,PAYLOAD,66335.0,PAYLOAD,8.4995,1.1e-07,NOMINAL,2026-03-07T00:57:40Z,361
59123.0,PAYLOAD,63505.0,PAYLOAD,8.4996,1.1e-07,NOMINAL,2026-03-06T19:04:40Z,8
46063.0,PAYLOAD,58361.0,PAYLOAD,8.4997,1.1e-07,NOMINAL,2026-03-07T13:46:40Z,1130
63791.0,PAYLOAD,65835.0,PAYLOAD,8.5002,1.1e-07,NOMINAL,2026-03-07T05:17:40Z,621
8961.0,DEBRIS,60096.0,PAYLOAD,8.5003,1.1e-07,NOMINAL,2026-03-06T20:25:40Z,89
58883.0,PAYLOAD,66856.0,PAYLOAD,8.5005,1.1e-07,NOMINAL,2026-03-07T07:22:40Z,746
47361.0,PAYLOAD,56913.0,PAYLOAD,8.501,1.1e-07,NOMINAL,2026-03-07T06:55:40Z,719
48295.0,PAYLOAD,63426.0,PAYLOAD,8.5012,1.1e-07,NOMINAL,2026-03-07T15:57:40Z,1261
3462.0,DEBRIS,66521.0,PAYLOAD,8.5019,1.1e-07,NOMINAL,2026-03-07T08:22:40Z,806
59273.0,PAYLOAD,61925.0,PAYLOAD,8.5046,1e-07,NOMINAL,2026-03-07T05:31:40Z,635
59539.0,PAYLOAD,64727.0,PAYLOAD,8.5047,1e-07,NOMINAL,2026-03-07T06:34:40Z,698
2186.0,PAYLOAD,10926.0,ROCKET BODY,8.5048,1e-07,NOMINAL,2026-03-07T02:08:40Z,432
60993.0,PAYLOAD,63318.0,PAYLOAD,8.5051,1e-07,NOMINAL,2026-03-07T10:18:40Z,922
65638.0,PAYLOAD,66579.0,PAYLOAD,8.5051,1e-07,NOMINAL,2026-03-07T06:33:40Z,697
29930.0,DEBRIS,34926.0,DEBRIS,8.5066,1e-07,NOMINAL,2026-03-07T00:06:40Z,310
39307.0,DEBRIS,66641.0,PAYLOAD,8.5066,1e-07,NOMINAL,2026-03-06T23:01:40Z,245
58029.0,PAYLOAD,66881.0,PAYLOAD,8.5076,1e-07,NOMINAL,2026-03-07T07:03:40Z,727
45054.0,PAYLOAD,57883.0,PAYLOAD,8.5087,1e-07,NOMINAL,2026-03-07T00:14:40Z,318
5825.0,DEBRIS,56775.0,PAYLOAD,8.5091,1e-07,NOMINAL,2026-03-07T15:04:40Z,1208
59258.0,PAYLOAD,59329.0,PAYLOAD,8.5104,1e-07,NOMINAL,2026-03-07T17:02:40Z,1326
57709.0,PAYLOAD,66805.0,PAYLOAD,8.5105,1e-07,NOMINAL,2026-03-07T12:49:40Z,1073
8295.0,ROCKET BODY,11540.0,PAYLOAD,8.5118,1e-07,NOMINAL,2026-03-07T10:25:40Z,929
36448.0,DEBRIS,55577.0,PAYLOAD,8.5131,1e-07,NOMINAL,2026-03-06T19:07:40Z,11
25919.0,PAYLOAD,60014.0,UNKNOWN,8.5139,1e-07,NOMINAL,2026-03-07T01:22:40Z,386
60595.0,PAYLOAD,62570.0,PAYLOAD,8.5145,1e-07,NOMINAL,2026-03-07T02:48:40Z,472
9045.0,ROCKET BODY,10383.0,ROCKET BODY,8.5147,1e-07,NOMINAL,2026-03-07T18:48:40Z,1432
66883.0,PAYLOAD,66966.0,PAYLOAD,8.5147,1e-07,NOMINAL,2026-03-07T09:24:40Z,868
5382.0,PAYLOAD,7404.0,DEBRIS,8.5154,1e-07,NOMINAL,2026-03-07T16:00:40Z,1264
58589.0,PAYLOAD,58607.0,PAYLOAD,8.5156,1e-07,NOMINAL,2026-03-06T23:39:40Z,283
23704.0,PAYLOAD,30741.0,DEBRIS,8.5166,1e-07,NOMINAL,2026-03-07T14:32:40Z,1176
59726.0,PAYLOAD,61964.0,PAYLOAD,8.5167,1e-07,NOMINAL,2026-03-07T11:50:40Z,1014
35223.0,DEBRIS,44351.0,PAYLOAD,8.5168,1e-07,NOMINAL,2026-03-07T12:24:40Z,1048
57514.0,PAYLOAD,66972.0,PAYLOAD,8.5175,1e-07,NOMINAL,2026-03-07T13:49:40Z,1133
63977.0,PAYLOAD,64738.0,PAYLOAD,8.5178,1e-07,NOMINAL,2026-03-07T12:31:40Z,1055
59246.0,PAYLOAD,60285.0,PAYLOAD,8.5185,1e-07,NOMINAL,2026-03-07T06:54:40Z,718
63404.0,PAYLOAD,64472.0,PAYLOAD,8.5185,1e-07,NOMINAL,2026-03-07T11:07:40Z,971
45540.0,PAYLOAD,64918.0,PAYLOAD,8.5188,1e-07,NOMINAL,2026-03-07T12:26:40Z,1050
59351.0,PAYLOAD,62450.0,PAYLOAD,8.519,1e-07,NOMINAL,2026-03-07T10:24:40Z,928
32027.0,DEBRIS,66385.0,PAYLOAD,8.5193,1e-07,NOMINAL,2026-03-06T20:28:40Z,92
32099.0,DEBRIS,43404.0,DEBRIS,8.5195,1e-07,NOMINAL,2026-03-07T12:54:40Z,1078
48641.0,PAYLOAD,61970.0,PAYLOAD,8.5198,1e-07,NOMINAL,2026-03-07T11:54:40Z,1018
44752.0,PAYLOAD,66626.0,PAYLOAD,8.5202,1e-07,NOMINAL,2026-03-07T14:07:40Z,1151
58234.0,PAYLOAD,59078.0,PAYLOAD,8.5208,1e-07,NOMINAL,2026-03-06T21:06:40Z,130
58151.0,PAYLOAD,63958.0,PAYLOAD,8.5215,1e-07,NOMINAL,2026-03-06T23:39:40Z,283
59157.0,PAYLOAD,61890.0,PAYLOAD,8.5221,1e-07,NOMINAL,2026-03-07T05:49:40Z,653
962.0,DEBRIS,66348.0,PAYLOAD,8.5228,1e-07,NOMINAL,2026-03-07T02:14:40Z,438
8589.0,DEBRIS,10008.0,ROCKET BODY,8.5236,1e-07,NOMINAL,2026-03-07T07:48:40Z,772
60458.0,PAYLOAD,65750.0,PAYLOAD,8.5239,1e-07,NOMINAL,2026-03-06T21:24:40Z,148
63403.0,PAYLOAD,65082.0,PAYLOAD,8.524,1e-07,NOMINAL,2026-03-07T10:13:40Z,917
58137.0,PAYLOAD,62629.0,PAYLOAD,8.5241,1e-07,NOMINAL,2026-03-07T09:25:40Z,869
58444.0,PAYLOAD,65094.0,PAYLOAD,8.5247,1e-07,NOMINAL,2026-03-07T04:03:40Z,547
63470.0,PAYLOAD,66184.0,PAYLOAD,8.5254,1e-07,NOMINAL,2026-03-07T11:17:40Z,981
58981.0,PAYLOAD,64104.0,PAYLOAD,8.5262,1e-07,NOMINAL,2026-03-07T10:39:40Z,943
59836.0,PAYLOAD,66497.0,PAYLOAD,8.5277,1e-07,NOMINAL,2026-03-07T02:21:40Z,445
59735.0,PAYLOAD,67473.0,PAYLOAD,8.528,1e-07,NOMINAL,2026-03-07T02:32:40Z,456
60565.0,PAYLOAD,66673.0,UNKNOWN,8.5281,1e-07,NOMINAL,2026-03-07T17:44:40Z,1368
4178.0,DEBRIS,13570.0,DEBRIS,8.5285,1e-07,NOMINAL,2026-03-07T17:52:40Z,1376
4753.0,DEBRIS,270053.0,UNKNOWN,8.5288,1e-07,NOMINAL,2026-03-07T06:05:40Z,669
59023.0,PAYLOAD,65094.0,PAYLOAD,8.5288,1e-07,NOMINAL,2026-03-07T02:38:40Z,462
57869.0,PAYLOAD,67053.0,PAYLOAD,8.529,1e-07,NOMINAL,2026-03-07T02:07:40Z,431
35537.0,DEBRIS,56601.0,DEBRIS,8.529,1e-07,NOMINAL,2026-03-07T14:11:40Z,1155
363.0,PAYLOAD,3995.0,ROCKET BODY,8.5294,1e-07,NOMINAL,2026-03-07T12:55:40Z,1079
59164.0,PAYLOAD,65913.0,PAYLOAD,8.5299,1e-07,NOMINAL,2026-03-07T13:23:40Z,1107
57992.0,PAYLOAD,58186.0,PAYLOAD,8.53,1e-07,NOMINAL,2026-03-07T14:41:40Z,1185
92.0,DEBRIS,361.0,PAYLOAD,8.5304,9e-08,NOMINAL,2026-03-07T10:25:40Z,929
59465.0,PAYLOAD,64217.0,PAYLOAD,8.5307,9e-08,NOMINAL,2026-03-07T15:31:40Z,1235
18153.0,ROCKET BODY,65151.0,PAYLOAD,8.5309,9e-08,NOMINAL,2026-03-06T22:52:40Z,236
57914.0,PAYLOAD,63410.0,PAYLOAD,8.5317,9e-08,NOMINAL,2026-03-07T12:57:40Z,1081
59738.0,PAYLOAD,59862.0,PAYLOAD,8.5327,9e-08,NOMINAL,2026-03-07T10:45:40Z,949
48696.0,PAYLOAD,58212.0,PAYLOAD,8.5332,9e-08,NOMINAL,2026-03-07T08:39:40Z,823
57676.0,PAYLOAD,59784.0,PAYLOAD,8.5333,9e-08,NOMINAL,2026-03-07T10:04:40Z,908
54804.0,PAYLOAD,66411.0,ROCKET BODY,8.5338,9e-08,NOMINAL,2026-03-07T09:40:40Z,884
64758.0,PAYLOAD,66577.0,PAYLOAD,8.5342,9e-08,NOMINAL,2026-03-06T23:30:40Z,274
66642.0,PAYLOAD,67120.0,PAYLOAD,8.5343,9e-08,NOMINAL,2026-03-07T18:04:40Z,1388
55725.0,DEBRIS,67244.0,PAYLOAD,8.5348,9e-08,NOMINAL,2026-03-07T09:37:40Z,881
64900.0,PAYLOAD,66772.0,PAYLOAD,8.5362,9e-08,NOMINAL,2026-03-07T18:30:40Z,1414
39625.0,ROCKET BODY,57465.0,PAYLOAD,8.5366,9e-08,NOMINAL,2026-03-07T06:05:40Z,669
43016.0,PAYLOAD,53709.0,PAYLOAD,8.5373,9e-08,NOMINAL,2026-03-07T11:35:40Z,999
59643.0,PAYLOAD,60275.0,PAYLOAD,8.5374,9e-08,NOMINAL,2026-03-07T08:58:40Z,842
54061.0,PAYLOAD,61071.0,ROCKET BODY,8.5376,9e-08,NOMINAL,2026-03-07T09:55:40Z,899
59675.0,PAYLOAD,66609.0,PAYLOAD,8.5379,9e-08,NOMINAL,2026-03-07T15:02:40Z,1206
4868.0,DEBRIS,30849.0,DEBRIS,8.5382,9e-08,NOMINAL,2026-03-07T03:44:40Z,528
58510.0,PAYLOAD,58629.0,PAYLOAD,8.5391,9e-08,NOMINAL,2026-03-07T06:52:40Z,716
22436.0,DEBRIS,32185.0,DEBRIS,8.5404,9e-08,NOMINAL,2026-03-07T03:20:40Z,504
65751.0,PAYLOAD,66607.0,PAYLOAD,8.5413,9e-08,NOMINAL,2026-03-07T11:19:40Z,983
48444.0,PAYLOAD,61976.0,PAYLOAD,8.5414,9e-08,NOMINAL,2026-03-07T12:27:40Z,1051
57841.0,PAYLOAD,67418.0,PAYLOAD,8.5414,9e-08,NOMINAL,2026-03-06T22:38:40Z,222
46077.0,PAYLOAD,47379.0,PAYLOAD,8.542,9e-08,NOMINAL,2026-03-07T17:03:40Z,1327
60137.0,PAYLOAD,62510.0,PAYLOAD,8.5424,9e-08,NOMINAL,2026-03-06T19:23:40Z,27
6889.0,DEBRIS,7709.0,PAYLOAD,8.5428,9e-08,NOMINAL,2026-03-06T19:54:40Z,58
66513.0,PAYLOAD,66931.0,PAYLOAD,8.5429,9e-08,NOMINAL,2026-03-07T06:02:40Z,666
54686.0,UNKNOWN,58537.0,PAYLOAD,8.5429,9e-08,NOMINAL,2026-03-07T18:33:40Z,1417
47823.0,PAYLOAD,65274.0,PAYLOAD,8.5447,9e-08,NOMINAL,2026-03-07T09:19:40Z,863
47383.0,PAYLOAD,65897.0,PAYLOAD,8.5451,9e-08,NOMINAL,2026-03-07T11:11:40Z,975
4597.0,ROCKET BODY,52989.0,PAYLOAD,8.5459,9e-08,NOMINAL,2026-03-07T02:44:40Z,468
38726.0,DEBRIS,59881.0,PAYLOAD,8.5464,9e-08,NOMINAL,2026-03-06T21:38:40Z,162
58938.0,PAYLOAD,65758.0,PAYLOAD,8.5469,9e-08,NOMINAL,2026-03-07T17:49:40Z,1373
64773.0,PAYLOAD,65216.0,PAYLOAD,8.5476,9e-08,NOMINAL,2026-03-07T05:47:40Z,651
5174.0,PAYLOAD,61826.0,DEBRIS,8.5477,9e-08,NOMINAL,2026-03-07T17:40:40Z,1364
58080.0,PAYLOAD,59488.0,PAYLOAD,8.5481,9e-08,NOMINAL,2026-03-07T17:18:40Z,1342
1492.0,DEBRIS,7456.0,DEBRIS,8.5485,9e-08,NOMINAL,2026-03-07T12:45:40Z,1069
62449.0,PAYLOAD,63997.0,PAYLOAD,8.5485,9e-08,NOMINAL,2026-03-06T23:05:40Z,249
47423.0,UNKNOWN,65367.0,PAYLOAD,8.5488,9e-08,NOMINAL,2026-03-07T06:12:40Z,676
59604.0,PAYLOAD,61219.0,PAYLOAD,8.5496,9e-08,NOMINAL,2026-03-07T16:11:40Z,1275
48558.0,PAYLOAD,64390.0,PAYLOAD,8.5508,9e-08,NOMINAL,2026-03-07T01:08:40Z,372
48604.0,PAYLOAD,52693.0,PAYLOAD,8.5517,9e-08,NOMINAL,2026-03-07T00:51:40Z,355
1367.0,PAYLOAD,61063.0,PAYLOAD,8.552,9e-08,NOMINAL,2026-03-07T03:43:40Z,527
59036.0,PAYLOAD,61891.0,PAYLOAD,8.5526,9e-08,NOMINAL,2026-03-06T19:15:40Z,19
3697.0,DEBRIS,56756.0,PAYLOAD,8.5538,9e-08,NOMINAL,2026-03-07T05:18:40Z,622
5832.0,DEBRIS,6333.0,PAYLOAD,8.5538,9e-08,NOMINAL,2026-03-07T09:09:40Z,853
33693.0,DEBRIS,56645.0,DEBRIS,8.5544,9e-08,NOMINAL,2026-03-06T22:51:40Z,235
60364.0,PAYLOAD,67505.0,PAYLOAD,8.5554,9e-08,NOMINAL,2026-03-06T20:39:40Z,103
3980.0,DEBRIS,63781.0,PAYLOAD,8.5557,9e-08,NOMINAL,2026-03-07T10:58:40Z,962
61662.0,PAYLOAD,67053.0,PAYLOAD,8.5562,9e-08,NOMINAL,2026-03-07T08:37:40Z,821
5832.0,DEBRIS,8778.0,DEBRIS,8.5564,9e-08,NOMINAL,2026-03-07T10:12:40Z,916
63371.0,PAYLOAD,66491.0,PAYLOAD,8.5564,9e-08,NOMINAL,2026-03-07T00:47:40Z,351
59030.0,PAYLOAD,64220.0,PAYLOAD,8.5567,9e-08,NOMINAL,2026-03-06T20:08:40Z,72
35368.0,DEBRIS,42162.0,DEBRIS,8.5576,9e-08,NOMINAL,2026-03-07T12:41:40Z,1065
59889.0,PAYLOAD,64491.0,PAYLOAD,8.5585,9e-08,NOMINAL,2026-03-06T23:30:40Z,274
1851.0,DEBRIS,65347.0,PAYLOAD,8.5585,9e-08,NOMINAL,2026-03-07T06:13:40Z,677
59751.0,PAYLOAD,66014.0,PAYLOAD,8.5586,9e-08,NOMINAL,2026-03-07T09:43:40Z,887
47773.0,PAYLOAD,59496.0,PAYLOAD,8.5591,9e-08,NOMINAL,2026-03-06T20:06:40Z,70
60091.0,PAYLOAD,63120.0,PAYLOAD,8.5592,9e-08,NOMINAL,2026-03-07T18:41:40Z,1425
63229.0,PAYLOAD,66675.0,UNKNOWN,8.5596,8e-08,NOMINAL,2026-03-06T19:09:40Z,13
55927.0,PAYLOAD,64710.0,PAYLOAD,8.56,8e-08,NOMINAL,2026-03-07T01:24:40Z,388
12753.0,DEBRIS,25892.0,PAYLOAD,8.5603,8e-08,NOMINAL,2026-03-07T05:59:40Z,663
37401.0,DEBRIS,54273.0,DEBRIS,8.5606,8e-08,NOMINAL,2026-03-07T01:30:40Z,394
10900.0,DEBRIS,65511.0,PAYLOAD,8.5609,8e-08,NOMINAL,2026-03-07T15:24:40Z,1228
48099.0,PAYLOAD,59296.0,PAYLOAD,8.561,8e-08,NOMINAL,2026-03-07T02:41:40Z,465
30658.0,DEBRIS,35062.0,DEBRIS,8.5622,8e-08,NOMINAL,2026-03-07T18:06:40Z,1390
2628.0,DEBRIS,5660.0,DEBRIS,8.5625,8e-08,NOMINAL,2026-03-06T22:29:40Z,213
54411.0,DEBRIS,56277.0,DEBRIS,8.5628,8e-08,NOMINAL,2026-03-07T13:10:40Z,1094
8512.0,DEBRIS,8743.0,DEBRIS,8.5632,8e-08,NOMINAL,2026-03-07T06:48:40Z,712
19038.0,PAYLOAD,22347.0,DEBRIS,8.5634,8e-08,NOMINAL,2026-03-07T09:46:40Z,890
62197.0,PAYLOAD,62663.0,PAYLOAD,8.5649,8e-08,NOMINAL,2026-03-07T10:52:40Z,956
66581.0,PAYLOAD,88304.0,TBA,8.565,8e-08,NOMINAL,2026-03-06T19:03:40Z,7
53423.0,PAYLOAD,67148.0,PAYLOAD,8.5652,8e-08,NOMINAL,2026-03-07T16:05:40Z,1269
59490.0,PAYLOAD,62892.0,PAYLOAD,8.5653,8e-08,NOMINAL,2026-03-07T16:59:40Z,1323
63855.0,PAYLOAD,66151.0,PAYLOAD,8.5654,8e-08,NOMINAL,2026-03-07T11:03:40Z,967
7630.0,DEBRIS,8034.0,DEBRIS,8.5658,8e-08,NOMINAL,2026-03-07T04:24:40Z,568
48310.0,PAYLOAD,57886.0,PAYLOAD,8.5663,8e-08,NOMINAL,2026-03-07T18:49:40Z,1433
11.0,PAYLOAD,53668.0,PAYLOAD,8.5663,8e-08,NOMINAL,2026-03-07T06:03:40Z,667
58033.0,PAYLOAD,62154.0,PAYLOAD,8.5664,8e-08,NOMINAL,2026-03-07T05:22:40Z,626
33939.0,DEBRIS,53546.0,PAYLOAD,8.5666,8e-08,NOMINAL,2026-03-07T08:34:40Z,818
57669.0,PAYLOAD,59341.0,PAYLOAD,8.5669,8e-08,NOMINAL,2026-03-07T18:13:40Z,1397
30879.0,DEBRIS,40075.0,PAYLOAD,8.567,8e-08,NOMINAL,2026-03-07T03:22:40Z,506
6104.0,DEBRIS,52453.0,PAYLOAD,8.5673,8e-08,NOMINAL,2026-03-07T01:35:40Z,399
52366.0,PAYLOAD,53626.0,PAYLOAD,8.5677,8e-08,NOMINAL,2026-03-07T05:02:40Z,606
55290.0,PAYLOAD,56455.0,PAYLOAD,8.5684,8e-08,NOMINAL,2026-03-07T16:16:40Z,1280
55453.0,PAYLOAD,65809.0,PAYLOAD,8.5689,8e-08,NOMINAL,2026-03-07T10:33:40Z,937
2284.0,DEBRIS,10743.0,DEBRIS,8.5696,8e-08,NOMINAL,2026-03-07T15:49:40Z,1253
59773.0,PAYLOAD,67167.0,PAYLOAD,8.5699,8e-08,NOMINAL,2026-03-06T20:09:40Z,73
31398.0,DEBRIS,32366.0,DEBRIS,8.5704,8e-08,NOMINAL,2026-03-07T01:59:40Z,423
31561.0,DEBRIS,35139.0,DEBRIS,8.5706,8e-08,NOMINAL,2026-03-07T06:26:40Z,690
62926.0,PAYLOAD,66066.0,PAYLOAD,8.5706,8e-08,NOMINAL,2026-03-07T02:50:40Z,474
7050.0,DEBRIS,14171.0,PAYLOAD,8.571,8e-08,NOMINAL,2026-03-07T12:31:40Z,1055
38832.0,DEBRIS,40711.0,DEBRIS,8.5713,8e-08,NOMINAL,2026-03-07T15:32:40Z,1236
46066.0,PAYLOAD,53544.0,PAYLOAD,8.5714,8e-08,NOMINAL,2026-03-06T19:48:40Z,52
54686.0,UNKNOWN,58827.0,PAYLOAD,8.5718,8e-08,NOMINAL,2026-03-07T06:44:40Z,708
63683.0,PAYLOAD,65677.0,PAYLOAD,8.5719,8e-08,NOMINAL,2026-03-07T12:26:40Z,1050
59385.0,PAYLOAD,59862.0,PAYLOAD,8.5722,8e-08,NOMINAL,2026-03-07T07:05:40Z,729
47689.0,PAYLOAD,63298.0,UNKNOWN,8.5726,8e-08,NOMINAL,2026-03-07T07:14:40Z,738
58112.0,PAYLOAD,61966.0,PAYLOAD,8.5745,8e-08,NOMINAL,2026-03-06T23:13:40Z,257
12227.0,DEBRIS,52337.0,PAYLOAD,8.5746,8e-08,NOMINAL,2026-03-07T08:57:40Z,841
63817.0,PAYLOAD,65324.0,PAYLOAD,8.5748,8e-08,NOMINAL,2026-03-06T19:41:40Z,45
51997.0,PAYLOAD,56130.0,PAYLOAD,8.5749,8e-08,NOMINAL,2026-03-07T17:05:40Z,1329
59622.0,PAYLOAD,60272.0,PAYLOAD,8.5755,8e-08,NOMINAL,2026-03-07T12:35:40Z,1059
57739.0,PAYLOAD,59000.0,PAYLOAD,8.5757,8e-08,NOMINAL,2026-03-07T04:38:40Z,582
939.0,DEBRIS,8957.0,DEBRIS,8.5767,8e-08,NOMINAL,2026-03-07T08:49:40Z,833
59583.0,PAYLOAD,65356.0,PAYLOAD,8.577,8e-08,NOMINAL,2026-03-07T00:01:40Z,305
41538.0,DEBRIS,55006.0,DEBRIS,8.5773,8e-08,NOMINAL,2026-03-07T07:01:40Z,725
8047.0,DEBRIS,10460.0,DEBRIS,8.5778,8e-08,NOMINAL,2026-03-07T16:18:40Z,1282
62619.0,PAYLOAD,63237.0,UNKNOWN,8.5786,8e-08,NOMINAL,2026-03-07T06:37:40Z,701
59337.0,PAYLOAD,65334.0,PAYLOAD,8.5791,8e-08,NOMINAL,2026-03-07T01:59:40Z,423
59413.0,PAYLOAD,64172.0,PAYLOAD,8.5795,8e-08,NOMINAL,2026-03-07T18:24:40Z,1408
37657.0,DEBRIS,60643.0,DEBRIS,8.5798,8e-08,NOMINAL,2026-03-07T10:32:40Z,936
58770.0,PAYLOAD,66336.0,PAYLOAD,8.5799,8e-08,NOMINAL,2026-03-07T02:59:40Z,483
38302.0,DEBRIS,57645.0,PAYLOAD,8.5803,8e-08,NOMINAL,2026-03-07T10:25:40Z,929
63864.0,PAYLOAD,66316.0,PAYLOAD,8.5804,8e-08,NOMINAL,2026-03-06T19:31:40Z,35
60110.0,PAYLOAD,64097.0,PAYLOAD,8.5804,8e-08,NOMINAL,2026-03-07T16:05:40Z,1269
17129.0,DEBRIS,61483.0,DEBRIS,8.5817,8e-08,NOMINAL,2026-03-07T17:25:40Z,1349
57891.0,PAYLOAD,65381.0,PAYLOAD,8.5821,8e-08,NOMINAL,2026-03-07T18:08:40Z,1392
52134.0,PAYLOAD,57233.0,PAYLOAD,8.5821,8e-08,NOMINAL,2026-03-07T00:46:40Z,350
4761.0,ROCKET BODY,10407.0,DEBRIS,8.5823,8e-08,NOMINAL,2026-03-07T16:48:40Z,1312
59625.0,PAYLOAD,66761.0,UNKNOWN,8.5835,8e-08,NOMINAL,2026-03-07T09:03:40Z,847
63471.0,PAYLOAD,66430.0,PAYLOAD,8.5835,8e-08,NOMINAL,2026-03-07T15:30:40Z,1234
59522.0,PAYLOAD,66281.0,PAYLOAD,8.5838,8e-08,NOMINAL,2026-03-06T22:13:40Z,197
48428.0,PAYLOAD,63824.0,PAYLOAD,8.5838,8e-08,NOMINAL,2026-03-07T13:36:40Z,1120
47843.0,PAYLOAD,65894.0,PAYLOAD,8.5841,8e-08,NOMINAL,2026-03-07T12:23:40Z,1047
16382.0,DEBRIS,36939.0,DEBRIS,8.5845,8e-08,NOMINAL,2026-03-07T15:57:40Z,1261
28308.0,DEBRIS,40410.0,DEBRIS,8.585,8e-08,NOMINAL,2026-03-06T21:22:40Z,146
39914.0,DEBRIS,41900.0,PAYLOAD,8.5859,8e-08,NOMINAL,2026-03-06T19:55:40Z,59
59683.0,PAYLOAD,66522.0,PAYLOAD,8.5867,8e-08,NOMINAL,2026-03-07T17:05:40Z,1329
31957.0,DEBRIS,37432.0,DEBRIS,8.5867,8e-08,NOMINAL,2026-03-06T20:53:40Z,117
62648.0,PAYLOAD,64917.0,PAYLOAD,8.5871,8e-08,NOMINAL,2026-03-07T03:50:40Z,534
26366.0,PAYLOAD,59187.0,PAYLOAD,8.5874,8e-08,NOMINAL,2026-03-07T08:07:40Z,791
62922.0,PAYLOAD,66642.0,PAYLOAD,8.5877,8e-08,NOMINAL,2026-03-07T00:25:40Z,329
59012.0,PAYLOAD,59602.0,PAYLOAD,8.5886,8e-08,NOMINAL,2026-03-07T05:13:40Z,617
56701.0,PAYLOAD,64178.0,PAYLOAD,8.5887,8e-08,NOMINAL,2026-03-07T13:21:40Z,1105
6226.0,DEBRIS,8998.0,DEBRIS,8.5888,8e-08,NOMINAL,2026-03-07T16:43:40Z,1307
59635.0,PAYLOAD,59726.0,PAYLOAD,8.5898,8e-08,NOMINAL,2026-03-07T11:15:40Z,979
57667.0,PAYLOAD,58410.0,PAYLOAD,8.5898,8e-08,NOMINAL,2026-03-07T12:55:40Z,1079
54890.0,DEBRIS,62633.0,PAYLOAD,8.5898,8e-08,NOMINAL,2026-03-07T09:17:40Z,861
55053.0,PAYLOAD,60425.0,PAYLOAD,8.59,8e-08,NOMINAL,2026-03-07T05:52:40Z,656
65630.0,PAYLOAD,66475.0,PAYLOAD,8.5914,8e-08,NOMINAL,2026-03-07T05:08:40Z,612
58151.0,PAYLOAD,62120.0,PAYLOAD,8.5915,8e-08,NOMINAL,2026-03-07T16:05:40Z,1269
43800.0,PAYLOAD,52320.0,PAYLOAD,8.5919,8e-08,NOMINAL,2026-03-07T18:43:40Z,1427
57870.0,PAYLOAD,66262.0,PAYLOAD,8.5921,8e-08,NOMINAL,2026-03-07T13:43:40Z,1127
64013.0,PAYLOAD,66366.0,PAYLOAD,8.5922,7e-08,NOMINAL,2026-03-07T13:13:40Z,1097
40527.0,DEBRIS,45526.0,DEBRIS,8.5934,7e-08,NOMINAL,2026-03-07T14:45:40Z,1189
55998.0,PAYLOAD,58200.0,ROCKET BODY,8.5938,7e-08,NOMINAL,2026-03-07T06:45:40Z,709
8047.0,DEBRIS,67549.0,PAYLOAD,8.5939,7e-08,NOMINAL,2026-03-07T12:43:40Z,1067
44891.0,UNKNOWN,60375.0,PAYLOAD,8.5939,7e-08,NOMINAL,2026-03-07T17:39:40Z,1363
30678.0,DEBRIS,31483.0,DEBRIS,8.5955,7e-08,NOMINAL,2026-03-07T13:22:40Z,1106
62769.0,PAYLOAD,66850.0,PAYLOAD,8.5959,7e-08,NOMINAL,2026-03-07T05:22:40Z,626
59009.0,PAYLOAD,59513.0,PAYLOAD,8.5962,7e-08,NOMINAL,2026-03-07T13:13:40Z,1097
51784.0,PAYLOAD,88227.0,UNKNOWN,8.5965,7e-08,NOMINAL,2026-03-07T18:19:40Z,1403
59680.0,UNKNOWN,67181.0,PAYLOAD,8.5977,7e-08,NOMINAL,2026-03-07T16:50:40Z,1314
55368.0,PAYLOAD,65189.0,PAYLOAD,8.5985,7e-08,NOMINAL,2026-03-07T01:02:40Z,366
59941.0,PAYLOAD,60319.0,PAYLOAD,8.5994,7e-08,NOMINAL,2026-03-07T04:28:40Z,572
63446.0,PAYLOAD,63470.0,PAYLOAD,8.5994,7e-08,NOMINAL,2026-03-07T05:27:40Z,631
48386.0,PAYLOAD,66855.0,PAYLOAD,8.5996,7e-08,NOMINAL,2026-03-06T19:17:40Z,21
59746.0,PAYLOAD,62956.0,PAYLOAD,8.6,7e-08,NOMINAL,2026-03-07T01:54:40Z,418
36225.0,DEBRIS,51876.0,PAYLOAD,8.6001,7e-08,NOMINAL,2026-03-07T14:56:40Z,1200
59432.0,PAYLOAD,65886.0,PAYLOAD,8.6001,7e-08,NOMINAL,2026-03-06T19:59:40Z,63
58321.0,PAYLOAD,64211.0,PAYLOAD,8.6007,7e-08,NOMINAL,2026-03-07T11:16:40Z,980
61142.0,DEBRIS,81329.0,UNKNOWN,8.6014,7e-08,NOMINAL,2026-03-07T09:13:40Z,857
48388.0,PAYLOAD,65344.0,PAYLOAD,8.6026,7e-08,NOMINAL,2026-03-07T06:30:40Z,694
62044.0,PAYLOAD,63711.0,PAYLOAD,8.6028,7e-08,NOMINAL,2026-03-06T22:14:40Z,198
61003.0,PAYLOAD,64881.0,UNKNOWN,8.606,7e-08,NOMINAL,2026-03-07T04:27:40Z,571
63038.0,PAYLOAD,63998.0,PAYLOAD,8.6061,7e-08,NOMINAL,2026-03-07T17:04:40Z,1328
22598.0,DEBRIS,29051.0,PAYLOAD,8.6072,7e-08,NOMINAL,2026-03-06T21:22:40Z,146
31938.0,DEBRIS,270257.0,UNKNOWN,8.6074,7e-08,NOMINAL,2026-03-06T19:56:40Z,60
62845.0,PAYLOAD,65678.0,PAYLOAD,8.6075,7e-08,NOMINAL,2026-03-07T02:18:40Z,442
59457.0,PAYLOAD,63502.0,PAYLOAD,8.6079,7e-08,NOMINAL,2026-03-07T14:50:40Z,1194
58835.0,PAYLOAD,59469.0,PAYLOAD,8.6079,7e-08,NOMINAL,2026-03-06T19:00:40Z,4
31897.0,DEBRIS,36327.0,DEBRIS,8.6079,7e-08,NOMINAL,2026-03-07T07:08:40Z,732
58066.0,PAYLOAD,63286.0,PAYLOAD,8.608,7e-08,NOMINAL,2026-03-06T20:31:40Z,95
5905.0,PAYLOAD,63693.0,PAYLOAD,8.6087,7e-08,NOMINAL,2026-03-07T15:29:40Z,1233
8961.0,DEBRIS,47399.0,PAYLOAD,8.609,7e-08,NOMINAL,2026-03-07T12:10:40Z,1034
58185.0,PAYLOAD,65371.0,PAYLOAD,8.6093,7e-08,NOMINAL,2026-03-07T05:41:40Z,645
31922.0,DEBRIS,55557.0,DEBRIS,8.6095,7e-08,NOMINAL,2026-03-07T11:05:40Z,969
62177.0,PAYLOAD,67210.0,PAYLOAD,8.6099,7e-08,NOMINAL,2026-03-07T15:11:40Z,1215
45061.0,PAYLOAD,63645.0,PAYLOAD,8.6103,7e-08,NOMINAL,2026-03-07T02:28:40Z,452
32473.0,DEBRIS,67719.0,DEBRIS,8.6111,7e-08,NOMINAL,2026-03-07T03:57:40Z,541
58358.0,PAYLOAD,59468.0,PAYLOAD,8.6111,7e-08,NOMINAL,2026-03-07T02:27:40Z,451
59093.0,PAYLOAD,63238.0,UNKNOWN,8.6112,7e-08,NOMINAL,2026-03-07T04:08:40Z,552
53782.0,PAYLOAD,57444.0,PAYLOAD,8.6113,7e-08,NOMINAL,2026-03-07T09:37:40Z,881
41353.0,DEBRIS,270336.0,UNKNOWN,8.6122,7e-08,NOMINAL,2026-03-07T07:48:40Z,772
6758.0,ROCKET BODY,26406.0,PAYLOAD,8.6123,7e-08,NOMINAL,2026-03-07T16:12:40Z,1276
4205.0,DEBRIS,35580.0,DEBRIS,8.6129,7e-08,NOMINAL,2026-03-07T16:58:40Z,1322
47844.0,PAYLOAD,64438.0,PAYLOAD,8.6129,7e-08,NOMINAL,2026-03-06T21:51:40Z,175
48148.0,PAYLOAD,48289.0,PAYLOAD,8.6134,7e-08,NOMINAL,2026-03-07T00:19:40Z,323
56342.0,PAYLOAD,57361.0,PAYLOAD,8.6144,7e-08,NOMINAL,2026-03-07T15:04:40Z,1208
64114.0,PAYLOAD,67517.0,PAYLOAD,8.615,7e-08,NOMINAL,2026-03-07T04:46:40Z,590
29805.0,DEBRIS,30075.0,DEBRIS,8.6152,7e-08,NOMINAL,2026-03-07T04:37:40Z,581
66764.0,PAYLOAD,67266.0,UNKNOWN,8.6155,7e-08,NOMINAL,2026-03-06T19:58:40Z,62
62868.0,PAYLOAD,63972.0,PAYLOAD,8.6156,7e-08,NOMINAL,2026-03-07T03:48:40Z,532
47628.0,PAYLOAD,64007.0,PAYLOAD,8.6161,7e-08,NOMINAL,2026-03-06T20:51:40Z,115
56531.0,PAYLOAD,57777.0,PAYLOAD,8.6168,7e-08,NOMINAL,2026-03-07T09:06:40Z,850
38537.0,DEBRIS,67384.0,PAYLOAD,8.617,7e-08,NOMINAL,2026-03-07T09:59:40Z,903
4997.0,DEBRIS,22537.0,DEBRIS,8.6172,7e-08,NOMINAL,2026-03-06T22:41:40Z,225
59874.0,PAYLOAD,67411.0,PAYLOAD,8.6176,7e-08,NOMINAL,2026-03-07T18:04:40Z,1388
48305.0,PAYLOAD,53010.0,PAYLOAD,8.6183,7e-08,NOMINAL,2026-03-06T23:54:40Z,298
44636.0,ROCKET BODY,67363.0,PAYLOAD,8.6184,7e-08,NOMINAL,2026-03-07T06:23:40Z,687
853.0,PAYLOAD,4285.0,PAYLOAD,8.6194,7e-08,NOMINAL,2026-03-07T10:08:40Z,912
57870.0,PAYLOAD,58419.0,PAYLOAD,8.6199,7e-08,NOMINAL,2026-03-06T20:09:40Z,73
62151.0,PAYLOAD,62624.0,PAYLOAD,8.62,7e-08,NOMINAL,2026-03-07T08:08:40Z,792
36306.0,DEBRIS,61665.0,PAYLOAD,8.6201,7e-08,NOMINAL,2026-03-07T14:16:40Z,1160
59196.0,PAYLOAD,63404.0,PAYLOAD,8.6202,7e-08,NOMINAL,2026-03-07T17:37:40Z,1361
51885.0,PAYLOAD,57224.0,PAYLOAD,8.6207,7e-08,NOMINAL,2026-03-07T17:33:40Z,1357
57847.0,PAYLOAD,63584.0,PAYLOAD,8.621,7e-08,NOMINAL,2026-03-07T12:52:40Z,1076
62568.0,PAYLOAD,65510.0,PAYLOAD,8.6218,7e-08,NOMINAL,2026-03-07T01:54:40Z,418
52367.0,PAYLOAD,52678.0,PAYLOAD,8.6221,7e-08,NOMINAL,2026-03-07T16:13:40Z,1277
58177.0,PAYLOAD,61713.0,PAYLOAD,8.6223,7e-08,NOMINAL,2026-03-07T03:26:40Z,510
53461.0,DEBRIS,87725.0,UNKNOWN,8.6234,7e-08,NOMINAL,2026-03-07T13:52:40Z,1136
48482.0,PAYLOAD,63806.0,PAYLOAD,8.6238,7e-08,NOMINAL,2026-03-07T01:42:40Z,406
64475.0,PAYLOAD,67349.0,PAYLOAD,8.6248,7e-08,NOMINAL,2026-03-07T17:34:40Z,1358
62526.0,PAYLOAD,65102.0,PAYLOAD,8.6249,7e-08,NOMINAL,2026-03-06T19:02:40Z,6
23986.0,DEBRIS,58110.0,PAYLOAD,8.626,7e-08,NOMINAL,2026-03-07T15:18:40Z,1222
2314.0,DEBRIS,4488.0,ROCKET BODY,8.6268,7e-08,NOMINAL,2026-03-07T12:42:40Z,1066
12757.0,DEBRIS,40705.0,DEBRIS,8.627,7e-08,NOMINAL,2026-03-07T16:32:40Z,1296
30660.0,DEBRIS,66654.0,UNKNOWN,8.6277,7e-08,NOMINAL,2026-03-06T20:47:40Z,111
58766.0,PAYLOAD,64016.0,PAYLOAD,8.6285,7e-08,NOMINAL,2026-03-07T05:10:40Z,614
64674.0,PAYLOAD,66536.0,PAYLOAD,8.6285,7e-08,NOMINAL,2026-03-06T23:46:40Z,290
62657.0,UNKNOWN,66466.0,PAYLOAD,8.6286,7e-08,NOMINAL,2026-03-07T12:50:40Z,1074
61851.0,PAYLOAD,66206.0,PAYLOAD,8.6289,7e-08,NOMINAL,2026-03-07T08:49:40Z,833
36065.0,DEBRIS,42046.0,PAYLOAD,8.629,7e-08,NOMINAL,2026-03-06T23:21:40Z,265
65028.0,PAYLOAD,67777.0,PAYLOAD,8.629,7e-08,NOMINAL,2026-03-06T23:40:40Z,284
45047.0,PAYLOAD,65898.0,PAYLOAD,8.6295,7e-08,NOMINAL,2026-03-07T07:17:40Z,741
58886.0,PAYLOAD,61793.0,PAYLOAD,8.6302,6e-08,NOMINAL,2026-03-07T09:21:40Z,865
226.0,PAYLOAD,43576.0,PAYLOAD,8.631,6e-08,NOMINAL,2026-03-07T09:24:40Z,868
53176.0,PAYLOAD,56132.0,PAYLOAD,8.6318,6e-08,NOMINAL,2026-03-07T09:48:40Z,892
63475.0,PAYLOAD,66188.0,PAYLOAD,8.6344,6e-08,NOMINAL,2026-03-07T00:14:40Z,318
23076.0,DEBRIS,29988.0,DEBRIS,8.6346,6e-08,NOMINAL,2026-03-07T16:26:40Z,1290
54341.0,DEBRIS,55536.0,DEBRIS,8.6354,6e-08,NOMINAL,2026-03-06T20:40:40Z,104
40020.0,PAYLOAD,42351.0,DEBRIS,8.6358,6e-08,NOMINAL,2026-03-07T17:45:40Z,1369
63443.0,PAYLOAD,67055.0,PAYLOAD,8.6374,6e-08,NOMINAL,2026-03-07T11:57:40Z,1021
41556.0,PAYLOAD,67300.0,PAYLOAD,8.6375,6e-08,NOMINAL,2026-03-07T06:58:40Z,722
47825.0,PAYLOAD,67453.0,PAYLOAD,8.6377,6e-08,NOMINAL,2026-03-07T12:03:40Z,1027
15427.0,PAYLOAD,29979.0,DEBRIS,8.6383,6e-08,NOMINAL,2026-03-07T08:03:40Z,787
40447.0,DEBRIS,42388.0,DEBRIS,8.6388,6e-08,NOMINAL,2026-03-07T01:05:40Z,369
58477.0,PAYLOAD,59405.0,PAYLOAD,8.6396,6e-08,NOMINAL,2026-03-07T14:34:40Z,1178
48604.0,PAYLOAD,56037.0,PAYLOAD,8.6397,6e-08,NOMINAL,2026-03-07T15:47:40Z,1251
58091.0,PAYLOAD,61970.0,PAYLOAD,8.6399,6e-08,NOMINAL,2026-03-07T14:08:40Z,1152
59930.0,PAYLOAD,66582.0,PAYLOAD,8.641,6e-08,NOMINAL,2026-03-07T10:53:40Z,957
36047.0,DEBRIS,43083.0,PAYLOAD,8.6412,6e-08,NOMINAL,2026-03-06T21:12:40Z,136
62842.0,PAYLOAD,65825.0,PAYLOAD,8.6414,6e-08,NOMINAL,2026-03-06T19:46:40Z,50
58717.0,PAYLOAD,63072.0,PAYLOAD,8.6416,6e-08,NOMINAL,2026-03-07T15:59:40Z,1263
3695.0,DEBRIS,34765.0,DEBRIS,8.6417,6e-08,NOMINAL,2026-03-06T20:51:40Z,115
62206.0,PAYLOAD,63647.0,PAYLOAD,8.6422,6e-08,NOMINAL,2026-03-07T09:56:40Z,900
66098.0,PAYLOAD,66869.0,PAYLOAD,8.6427,6e-08,NOMINAL,2026-03-07T02:27:40Z,451
17607.0,DEBRIS,58852.0,UNKNOWN,8.6433,6e-08,NOMINAL,2026-03-07T05:44:40Z,648
41208.0,DEBRIS,56611.0,DEBRIS,8.6435,6e-08,NOMINAL,2026-03-07T08:47:40Z,831
3158.0,PAYLOAD,19473.0,DEBRIS,8.6445,6e-08,NOMINAL,2026-03-07T11:42:40Z,1006
57031.0,UNKNOWN,66596.0,PAYLOAD,8.6446,6e-08,NOMINAL,2026-03-07T06:22:40Z,686
47798.0,PAYLOAD,53620.0,PAYLOAD,8.6452,6e-08,NOMINAL,2026-03-06T23:57:40Z,301
57776.0,PAYLOAD,66266.0,PAYLOAD,8.6455,6e-08,NOMINAL,2026-03-07T04:45:40Z,589
45570.0,PAYLOAD,63385.0,PAYLOAD,8.6458,6e-08,NOMINAL,2026-03-07T14:39:40Z,1183
42219.0,DEBRIS,54236.0,ROCKET BODY,8.6461,6e-08,NOMINAL,2026-03-07T08:47:40Z,831
52322.0,PAYLOAD,56827.0,PAYLOAD,8.6461,6e-08,NOMINAL,2026-03-07T02:26:40Z,450
48111.0,PAYLOAD,59888.0,PAYLOAD,8.6471,6e-08,NOMINAL,2026-03-07T04:16:40Z,560
5260.0,DEBRIS,9876.0,DEBRIS,8.6472,6e-08,NOMINAL,2026-03-07T13:32:40Z,1116
10587.0,PAYLOAD,12638.0,PAYLOAD,8.648,6e-08,NOMINAL,2026-03-06T22:05:40Z,189
65747.0,PAYLOAD,66590.0,PAYLOAD,8.6488,6e-08,NOMINAL,2026-03-06T20:56:40Z,120
805.0,DEBRIS,34967.0,DEBRIS,8.649,6e-08,NOMINAL,2026-03-07T10:59:40Z,963
48443.0,PAYLOAD,61635.0,PAYLOAD,8.6493,6e-08,NOMINAL,2026-03-06T23:29:40Z,273
46519.0,DEBRIS,66249.0,PAYLOAD,8.6496,6e-08,NOMINAL,2026-03-07T07:54:40Z,778
47354.0,PAYLOAD,66975.0,PAYLOAD,8.6498,6e-08,NOMINAL,2026-03-07T08:57:40Z,841
63723.0,PAYLOAD,66573.0,PAYLOAD,8.6499,6e-08,NOMINAL,2026-03-07T00:39:40Z,343
57433.0,PAYLOAD,58524.0,PAYLOAD,8.6499,6e-08,NOMINAL,2026-03-06T18:56:40Z,0
66773.0,UNKNOWN,67275.0,UNKNOWN,8.65,6e-08,NOMINAL,2026-03-07T08:42:40Z,826
6402.0,DEBRIS,10533.0,DEBRIS,8.6506,6e-08,NOMINAL,2026-03-07T12:31:40Z,1055
54093.0,PAYLOAD,61168.0,DEBRIS,8.6508,6e-08,NOMINAL,2026-03-07T10:09:40Z,913
61864.0,PAYLOAD,65493.0,PAYLOAD,8.6509,6e-08,NOMINAL,2026-03-06T22:53:40Z,237
59240.0,PAYLOAD,65343.0,PAYLOAD,8.651,6e-08,NOMINAL,2026-03-07T12:33:40Z,1057
42960.0,PAYLOAD,60649.0,DEBRIS,8.6518,6e-08,NOMINAL,2026-03-07T03:50:40Z,534
59418.0,PAYLOAD,62752.0,PAYLOAD,8.6524,6e-08,NOMINAL,2026-03-06T20:38:40Z,102
65029.0,PAYLOAD,66508.0,PAYLOAD,8.6531,6e-08,NOMINAL,2026-03-07T06:57:40Z,721
37620.0,DEBRIS,60707.0,DEBRIS,8.6537,6e-08,NOMINAL,2026-03-07T12:23:40Z,1047
4960.0,ROCKET BODY,7803.0,ROCKET BODY,8.6543,6e-08,NOMINAL,2026-03-07T11:40:40Z,1004
58578.0,PAYLOAD,66690.0,UNKNOWN,8.6546,6e-08,NOMINAL,2026-03-07T08:48:40Z,832
65351.0,PAYLOAD,66981.0,PAYLOAD,8.6547,6e-08,NOMINAL,2026-03-07T13:03:40Z,1087
56901.0,PAYLOAD,65973.0,ROCKET BODY,8.6551,6e-08,NOMINAL,2026-03-07T11:34:40Z,998
57004.0,UNKNOWN,59581.0,PAYLOAD,8.6551,6e-08,NOMINAL,2026-03-07T17:56:40Z,1380
59363.0,PAYLOAD,65466.0,PAYLOAD,8.6556,6e-08,NOMINAL,2026-03-06T23:41:40Z,285
3475.0,DEBRIS,27431.0,PAYLOAD,8.6572,6e-08,NOMINAL,2026-03-07T13:02:40Z,1086
572.0,ROCKET BODY,7601.0,DEBRIS,8.6573,6e-08,NOMINAL,2026-03-07T05:06:40Z,610
59233.0,PAYLOAD,66232.0,PAYLOAD,8.6576,6e-08,NOMINAL,2026-03-07T10:31:40Z,935
922.0,PAYLOAD,11021.0,DEBRIS,8.658,6e-08,NOMINAL,2026-03-07T15:06:40Z,1210
46054.0,PAYLOAD,47916.0,PAYLOAD,8.6582,6e-08,NOMINAL,2026-03-06T20:57:40Z,121
59221.0,PAYLOAD,62287.0,PAYLOAD,8.6592,6e-08,NOMINAL,2026-03-07T11:51:40Z,1015
131.0,DEBRIS,14442.0,DEBRIS,8.6601,6e-08,NOMINAL,2026-03-07T18:36:40Z,1420
60145.0,PAYLOAD,66470.0,PAYLOAD,8.6603,6e-08,NOMINAL,2026-03-07T12:47:40Z,1071
56840.0,PAYLOAD,67468.0,PAYLOAD,8.6609,6e-08,NOMINAL,2026-03-06T22:53:40Z,237
32418.0,DEBRIS,56630.0,DEBRIS,8.6611,6e-08,NOMINAL,2026-03-07T15:10:40Z,1214
61585.0,PAYLOAD,64074.0,PAYLOAD,8.6613,6e-08,NOMINAL,2026-03-07T11:02:40Z,966
62965.0,PAYLOAD,63907.0,PAYLOAD,8.6621,6e-08,NOMINAL,2026-03-07T04:53:40Z,597
32113.0,DEBRIS,60383.0,PAYLOAD,8.6639,6e-08,NOMINAL,2026-03-07T17:06:40Z,1330
254.0,DEBRIS,27655.0,DEBRIS,8.664,6e-08,NOMINAL,2026-03-06T20:28:40Z,92
62501.0,PAYLOAD,66245.0,PAYLOAD,8.6646,6e-08,NOMINAL,2026-03-07T12:06:40Z,1030
52638.0,PAYLOAD,54853.0,PAYLOAD,8.6654,6e-08,NOMINAL,2026-03-07T09:16:40Z,860
66069.0,PAYLOAD,67172.0,PAYLOAD,8.6655,6e-08,NOMINAL,2026-03-07T02:25:40Z,449
61071.0,ROCKET BODY,62657.0,UNKNOWN,8.6665,6e-08,NOMINAL,2026-03-06T23:49:40Z,293
48379.0,PAYLOAD,63480.0,PAYLOAD,8.6668,6e-08,NOMINAL,2026-03-07T17:11:40Z,1335
66082.0,PAYLOAD,66857.0,PAYLOAD,8.6677,6e-08,NOMINAL,2026-03-07T00:40:40Z,344
12737.0,DEBRIS,38539.0,DEBRIS,8.6684,6e-08,NOMINAL,2026-03-07T05:09:40Z,613
47770.0,PAYLOAD,61674.0,PAYLOAD,8.669,6e-08,NOMINAL,2026-03-07T05:27:40Z,631
5541.0,DEBRIS,6389.0,DEBRIS,8.6693,6e-08,NOMINAL,2026-03-07T04:00:40Z,544
58187.0,PAYLOAD,60111.0,PAYLOAD,8.6694,6e-08,NOMINAL,2026-03-07T14:35:40Z,1179
43808.0,PAYLOAD,62761.0,PAYLOAD,8.6702,6e-08,NOMINAL,2026-03-07T08:12:40Z,796
63473.0,PAYLOAD,65349.0,PAYLOAD,8.6703,6e-08,NOMINAL,2026-03-06T19:37:40Z,41
60964.0,DEBRIS,61297.0,DEBRIS,8.6704,6e-08,NOMINAL,2026-03-07T03:21:40Z,505
60315.0,PAYLOAD,64121.0,PAYLOAD,8.6709,6e-08,NOMINAL,2026-03-07T08:24:40Z,808
38456.0,DEBRIS,270337.0,UNKNOWN,8.671,6e-08,NOMINAL,2026-03-07T16:31:40Z,1295
30405.0,DEBRIS,40238.0,DEBRIS,8.6717,6e-08,NOMINAL,2026-03-07T12:44:40Z,1068
59243.0,PAYLOAD,63512.0,PAYLOAD,8.6721,6e-08,NOMINAL,2026-03-07T06:37:40Z,701
36709.0,DEBRIS,55109.0,PAYLOAD,8.6724,6e-08,NOMINAL,2026-03-07T15:44:40Z,1248
48374.0,PAYLOAD,59582.0,PAYLOAD,8.6737,5e-08,NOMINAL,2026-03-07T06:23:40Z,687
56707.0,PAYLOAD,62808.0,PAYLOAD,8.6747,5e-08,NOMINAL,2026-03-07T14:35:40Z,1179
3472.0,PAYLOAD,5298.0,ROCKET BODY,8.6748,5e-08,NOMINAL,2026-03-07T02:38:40Z,462
64330.0,PAYLOAD,66265.0,PAYLOAD,8.6752,5e-08,NOMINAL,2026-03-06T20:46:40Z,110
21938.0,ROCKET BODY,22358.0,DEBRIS,8.6753,5e-08,NOMINAL,2026-03-07T16:39:40Z,1303
1594.0,DEBRIS,63842.0,PAYLOAD,8.6756,5e-08,NOMINAL,2026-03-07T02:01:40Z,425
62641.0,PAYLOAD,64079.0,PAYLOAD,8.6758,5e-08,NOMINAL,2026-03-07T00:39:40Z,343
38726.0,DEBRIS,58137.0,PAYLOAD,8.676,5e-08,NOMINAL,2026-03-06T19:50:40Z,54
59605.0,PAYLOAD,64211.0,PAYLOAD,8.6764,5e-08,NOMINAL,2026-03-07T10:05:40Z,909
3353.0,PAYLOAD,8429.0,DEBRIS,8.6767,5e-08,NOMINAL,2026-03-07T07:39:40Z,763
43029.0,PAYLOAD,56426.0,PAYLOAD,8.6772,5e-08,NOMINAL,2026-03-07T04:16:40Z,560
47896.0,PAYLOAD,67186.0,PAYLOAD,8.6776,5e-08,NOMINAL,2026-03-07T04:05:40Z,549
47840.0,PAYLOAD,49427.0,PAYLOAD,8.6784,5e-08,NOMINAL,2026-03-07T01:45:40Z,409
58998.0,PAYLOAD,59166.0,PAYLOAD,8.6791,5e-08,NOMINAL,2026-03-07T17:29:40Z,1353
12781.0,DEBRIS,28521.0,PAYLOAD,8.6811,5e-08,NOMINAL,2026-03-07T06:59:40Z,723
44886.0,UNKNOWN,56462.0,PAYLOAD,8.6811,5e-08,NOMINAL,2026-03-07T14:38:40Z,1182
52795.0,PAYLOAD,68034.0,UNKNOWN,8.6818,5e-08,NOMINAL,2026-03-07T18:30:40Z,1414
37046.0,DEBRIS,61367.0,DEBRIS,8.6819,5e-08,NOMINAL,2026-03-07T18:49:40Z,1433
39133.0,PAYLOAD,58749.0,PAYLOAD,8.6822,5e-08,NOMINAL,2026-03-06T21:39:40Z,163
18517.0,DEBRIS,57261.0,PAYLOAD,8.6823,5e-08,NOMINAL,2026-03-06T19:03:40Z,7
55418.0,PAYLOAD,59106.0,PAYLOAD,8.6827,5e-08,NOMINAL,2026-03-07T00:19:40Z,323
62874.0,PAYLOAD,63893.0,PAYLOAD,8.6827,5e-08,NOMINAL,2026-03-07T14:57:40Z,1201
63215.0,UNKNOWN,63717.0,PAYLOAD,8.6829,5e-08,NOMINAL,2026-03-06T22:42:40Z,226
54940.0,DEBRIS,63239.0,UNKNOWN,8.683,5e-08,NOMINAL,2026-03-06T23:26:40Z,270
64580.0,PAYLOAD,64590.0,UNKNOWN,8.6833,5e-08,NOMINAL,2026-03-06T20:40:40Z,104
62530.0,PAYLOAD,63709.0,PAYLOAD,8.6833,5e-08,NOMINAL,2026-03-06T20:52:40Z,116
46454.0,PAYLOAD,67565.0,PAYLOAD,8.6838,5e-08,NOMINAL,2026-03-07T16:42:40Z,1306
59801.0,PAYLOAD,65937.0,PAYLOAD,8.6839,5e-08,NOMINAL,2026-03-07T17:50:40Z,1374
3946.0,DEBRIS,59809.0,UNKNOWN,8.6843,5e-08,NOMINAL,2026-03-06T20:02:40Z,66
58079.0,PAYLOAD,58531.0,PAYLOAD,8.6844,5e-08,NOMINAL,2026-03-07T04:15:40Z,559
63716.0,PAYLOAD,66566.0,PAYLOAD,8.6846,5e-08,NOMINAL,2026-03-07T04:28:40Z,572
59000.0,PAYLOAD,59156.0,PAYLOAD,8.6859,5e-08,NOMINAL,2026-03-06T20:47:40Z,111
9603.0,DEBRIS,44925.0,PAYLOAD,8.6869,5e-08,NOMINAL,2026-03-06T23:45:40Z,289
60041.0,PAYLOAD,62557.0,PAYLOAD,8.6871,5e-08,NOMINAL,2026-03-06T19:08:40Z,12
35370.0,DEBRIS,38286.0,DEBRIS,8.6877,5e-08,NOMINAL,2026-03-07T00:46:40Z,350
56704.0,PAYLOAD,64782.0,PAYLOAD,8.6881,5e-08,NOMINAL,2026-03-07T18:50:40Z,1434
57643.0,PAYLOAD,64912.0,PAYLOAD,8.6894,5e-08,NOMINAL,2026-03-07T05:50:40Z,654
59639.0,PAYLOAD,66797.0,PAYLOAD,8.6908,5e-08,NOMINAL,2026-03-07T10:46:40Z,950
60367.0,PAYLOAD,67180.0,PAYLOAD,8.6916,5e-08,NOMINAL,2026-03-06T22:10:40Z,194
47632.0,PAYLOAD,65357.0,PAYLOAD,8.6931,5e-08,NOMINAL,2026-03-07T13:25:40Z,1109
54157.0,PAYLOAD,54853.0,PAYLOAD,8.6932,5e-08,NOMINAL,2026-03-07T08:49:40Z,833
4130.0,PAYLOAD,8848.0,DEBRIS,8.6932,5e-08,NOMINAL,2026-03-06T20:34:40Z,98
36080.0,DEBRIS,38280.0,DEBRIS,8.6939,5e-08,NOMINAL,2026-03-07T06:26:40Z,690
63045.0,PAYLOAD,67332.0,PAYLOAD,8.694,5e-08,NOMINAL,2026-03-07T08:15:40Z,799
45856.0,PAYLOAD,54543.0,DEBRIS,8.6945,5e-08,NOMINAL,2026-03-07T13:25:40Z,1109
59190.0,PAYLOAD,63793.0,PAYLOAD,8.6946,5e-08,NOMINAL,2026-03-07T12:17:40Z,1041
46701.0,PAYLOAD,62831.0,PAYLOAD,8.695,5e-08,NOMINAL,2026-03-07T06:27:40Z,691
57469.0,PAYLOAD,67000.0,UNKNOWN,8.695,5e-08,NOMINAL,2026-03-06T19:36:40Z,40
50170.0,PAYLOAD,53246.0,PAYLOAD,8.6953,5e-08,NOMINAL,2026-03-07T09:33:40Z,877
30005.0,DEBRIS,31796.0,DEBRIS,8.6966,5e-08,NOMINAL,2026-03-07T05:38:40Z,642
57873.0,PAYLOAD,63387.0,PAYLOAD,8.6966,5e-08,NOMINAL,2026-03-07T10:26:40Z,930
62205.0,PAYLOAD,64771.0,PAYLOAD,8.6975,5e-08,NOMINAL,2026-03-07T11:30:40Z,994
48385.0,PAYLOAD,67306.0,PAYLOAD,8.6981,5e-08,NOMINAL,2026-03-07T04:51:40Z,595
30438.0,DEBRIS,54349.0,DEBRIS,8.699,5e-08,NOMINAL,2026-03-07T00:42:40Z,346
35446.0,DEBRIS,50140.0,DEBRIS,8.699,5e-08,NOMINAL,2026-03-07T10:23:40Z,927
5240.0,DEBRIS,26094.0,PAYLOAD,8.6997,5e-08,NOMINAL,2026-03-07T04:58:40Z,602
58451.0,PAYLOAD,58550.0,PAYLOAD,8.7003,5e-08,NOMINAL,2026-03-07T10:47:40Z,951
58790.0,PAYLOAD,64482.0,PAYLOAD,8.7005,5e-08,NOMINAL,2026-03-07T10:17:40Z,921
37411.0,DEBRIS,54499.0,DEBRIS,8.7011,5e-08,NOMINAL,2026-03-07T16:53:40Z,1317
2686.0,PAYLOAD,4714.0,ROCKET BODY,8.7013,5e-08,NOMINAL,2026-03-07T14:55:40Z,1199
60276.0,PAYLOAD,61635.0,PAYLOAD,8.7014,5e-08,NOMINAL,2026-03-06T21:05:40Z,129
58212.0,PAYLOAD,63781.0,PAYLOAD,8.7022,5e-08,NOMINAL,2026-03-07T08:32:40Z,816
60104.0,PAYLOAD,64679.0,PAYLOAD,8.7024,5e-08,NOMINAL,2026-03-07T11:59:40Z,1023
60632.0,DEBRIS,61492.0,DEBRIS,8.7025,5e-08,NOMINAL,2026-03-07T00:20:40Z,324
51957.0,PAYLOAD,65061.0,PAYLOAD,8.7026,5e-08,NOMINAL,2026-03-06T20:44:40Z,108
59424.0,PAYLOAD,62587.0,PAYLOAD,8.7041,5e-08,NOMINAL,2026-03-06T19:47:40Z,51
61895.0,UNKNOWN,62619.0,PAYLOAD,8.7047,5e-08,NOMINAL,2026-03-07T13:13:40Z,1097
60698.0,DEBRIS,61493.0,DEBRIS,8.7049,5e-08,NOMINAL,2026-03-06T23:49:40Z,293
48293.0,PAYLOAD,61974.0,PAYLOAD,8.7063,5e-08,NOMINAL,2026-03-06T22:37:40Z,221
44316.0,UNKNOWN,63286.0,PAYLOAD,8.7067,5e-08,NOMINAL,2026-03-07T13:10:40Z,1094
33680.0,DEBRIS,48356.0,PAYLOAD,8.7071,5e-08,NOMINAL,2026-03-07T14:54:40Z,1198
43766.0,PAYLOAD,56934.0,PAYLOAD,8.7071,5e-08,NOMINAL,2026-03-07T08:52:40Z,836
56192.0,PAYLOAD,62121.0,PAYLOAD,8.7071,5e-08,NOMINAL,2026-03-07T11:20:40Z,984
66728.0,PAYLOAD,67286.0,UNKNOWN,8.708,5e-08,NOMINAL,2026-03-07T11:26:40Z,990
61926.0,PAYLOAD,65356.0,PAYLOAD,8.7083,5e-08,NOMINAL,2026-03-07T10:45:40Z,949
9485.0,DEBRIS,60310.0,PAYLOAD,8.7091,5e-08,NOMINAL,2026-03-07T06:45:40Z,709
61217.0,PAYLOAD,63478.0,PAYLOAD,8.7094,5e-08,NOMINAL,2026-03-07T14:37:40Z,1181
63765.0,PAYLOAD,66087.0,PAYLOAD,8.7102,5e-08,NOMINAL,2026-03-06T21:56:40Z,180
6721.0,DEBRIS,8036.0,PAYLOAD,8.7108,5e-08,NOMINAL,2026-03-07T00:52:40Z,356
57840.0,PAYLOAD,58419.0,PAYLOAD,8.7125,5e-08,NOMINAL,2026-03-06T21:04:40Z,128
56703.0,PAYLOAD,66707.0,PAYLOAD,8.7131,5e-08,NOMINAL,2026-03-06T19:54:40Z,58
14632.0,DEBRIS,31775.0,DEBRIS,8.7132,5e-08,NOMINAL,2026-03-06T20:25:40Z,89
59192.0,PAYLOAD,60280.0,PAYLOAD,8.7133,5e-08,NOMINAL,2026-03-07T06:27:40Z,691
61004.0,PAYLOAD,64444.0,PAYLOAD,8.7136,5e-08,NOMINAL,2026-03-07T16:45:40Z,1309
60350.0,PAYLOAD,67349.0,PAYLOAD,8.7144,5e-08,NOMINAL,2026-03-07T12:44:40Z,1068
2741.0,ROCKET BODY,37767.0,DEBRIS,8.7147,5e-08,NOMINAL,2026-03-07T01:01:40Z,365
59153.0,PAYLOAD,63196.0,PAYLOAD,8.7147,5e-08,NOMINAL,2026-03-07T14:14:40Z,1158
58741.0,PAYLOAD,63721.0,PAYLOAD,8.7148,5e-08,NOMINAL,2026-03-07T12:14:40Z,1038
58714.0,PAYLOAD,62606.0,PAYLOAD,8.7151,5e-08,NOMINAL,2026-03-07T04:18:40Z,562
23828.0,ROCKET BODY,44549.0,DEBRIS,8.7153,5e-08,NOMINAL,2026-03-07T13:07:40Z,1091
23828.0,ROCKET BODY,56627.0,DEBRIS,8.7154,5e-08,NOMINAL,2026-03-07T09:39:40Z,883
45201.0,PAYLOAD,57525.0,PAYLOAD,8.7154,5e-08,NOMINAL,2026-03-07T02:40:40Z,464
30124.0,DEBRIS,65983.0,PAYLOAD,8.7158,5e-08,NOMINAL,2026-03-07T00:02:40Z,306
63789.0,PAYLOAD,64612.0,PAYLOAD,8.7161,5e-08,NOMINAL,2026-03-07T12:11:40Z,1035
298.0,ROCKET BODY,60747.0,UNKNOWN,8.7166,5e-08,NOMINAL,2026-03-07T03:44:40Z,528
66761.0,UNKNOWN,88234.0,UNKNOWN,8.7172,5e-08,NOMINAL,2026-03-06T22:48:40Z,232
57204.0,UNKNOWN,66123.0,PAYLOAD,8.7172,5e-08,NOMINAL,2026-03-07T09:19:40Z,863
59658.0,PAYLOAD,66589.0,PAYLOAD,8.7173,5e-08,NOMINAL,2026-03-07T10:24:40Z,928
59506.0,PAYLOAD,62571.0,PAYLOAD,8.718,5e-08,NOMINAL,2026-03-07T09:57:40Z,901
30348.0,DEBRIS,41089.0,DEBRIS,8.7182,5e-08,NOMINAL,2026-03-06T23:17:40Z,261
59402.0,PAYLOAD,59772.0,PAYLOAD,8.7188,5e-08,NOMINAL,2026-03-07T13:14:40Z,1098
52098.0,PAYLOAD,61480.0,DEBRIS,8.7193,5e-08,NOMINAL,2026-03-06T19:04:40Z,8
55034.0,PAYLOAD,66244.0,PAYLOAD,8.7194,5e-08,NOMINAL,2026-03-06T23:54:40Z,298
47274.0,PAYLOAD,51652.0,PAYLOAD,8.7195,5e-08,NOMINAL,2026-03-06T20:29:40Z,93
48150.0,PAYLOAD,49420.0,PAYLOAD,8.7198,5e-08,NOMINAL,2026-03-07T07:04:40Z,728
5698.0,DEBRIS,37899.0,DEBRIS,8.7202,5e-08,NOMINAL,2026-03-06T23:24:40Z,268
31664.0,DEBRIS,31819.0,DEBRIS,8.7203,5e-08,NOMINAL,2026-03-07T09:52:40Z,896
24967.0,PAYLOAD,54954.0,DEBRIS,8.7203,5e-08,NOMINAL,2026-03-06T21:27:40Z,151
62144.0,PAYLOAD,63400.0,PAYLOAD,8.7203,5e-08,NOMINAL,2026-03-07T16:59:40Z,1323
60443.0,PAYLOAD,67462.0,PAYLOAD,8.7208,5e-08,NOMINAL,2026-03-07T01:17:40Z,381
47841.0,PAYLOAD,65606.0,PAYLOAD,8.7216,5e-08,NOMINAL,2026-03-07T00:02:40Z,306
23342.0,PAYLOAD,29092.0,PAYLOAD,8.7217,5e-08,NOMINAL,2026-03-07T05:56:40Z,660
57545.0,DEBRIS,270387.0,UNKNOWN,8.7217,5e-08,NOMINAL,2026-03-06T23:09:40Z,253
59360.0,PAYLOAD,63034.0,PAYLOAD,8.7224,5e-08,NOMINAL,2026-03-07T15:26:40Z,1230
33928.0,DEBRIS,37579.0,DEBRIS,8.7231,5e-08,NOMINAL,2026-03-07T11:47:40Z,1011
58125.0,PAYLOAD,65217.0,PAYLOAD,8.7231,5e-08,NOMINAL,2026-03-07T05:51:40Z,655
57950.0,PAYLOAD,66490.0,PAYLOAD,8.7241,5e-08,NOMINAL,2026-03-07T13:23:40Z,1107
56112.0,PAYLOAD,65400.0,PAYLOAD,8.7248,5e-08,NOMINAL,2026-03-07T09:45:40Z,889
57785.0,PAYLOAD,58222.0,PAYLOAD,8.7257,4e-08,NOMINAL,2026-03-07T10:09:40Z,913
37013.0,DEBRIS,64746.0,PAYLOAD,8.7259,4e-08,NOMINAL,2026-03-07T09:20:40Z,864
58003.0,PAYLOAD,60202.0,PAYLOAD,8.7269,4e-08,NOMINAL,2026-03-06T23:48:40Z,292
65386.0,PAYLOAD,67221.0,PAYLOAD,8.7275,4e-08,NOMINAL,2026-03-06T21:48:40Z,172
1103.0,DEBRIS,5046.0,DEBRIS,8.7284,4e-08,NOMINAL,2026-03-06T19:18:40Z,22
59301.0,PAYLOAD,62952.0,PAYLOAD,8.729,4e-08,NOMINAL,2026-03-06T23:38:40Z,282
62875.0,PAYLOAD,67032.0,PAYLOAD,8.7293,4e-08,NOMINAL,2026-03-07T18:09:40Z,1393
3013.0,PAYLOAD,6745.0,PAYLOAD,8.7296,4e-08,NOMINAL,2026-03-07T09:14:40Z,858
47058.0,DEBRIS,57226.0,PAYLOAD,8.7301,4e-08,NOMINAL,2026-03-07T17:30:40Z,1354
58977.0,PAYLOAD,63477.0,PAYLOAD,8.7301,4e-08,NOMINAL,2026-03-07T16:25:40Z,1289
11963.0,ROCKET BODY,12212.0,DEBRIS,8.7308,4e-08,NOMINAL,2026-03-07T01:43:40Z,407
56768.0,PAYLOAD,60549.0,PAYLOAD,8.731,4e-08,NOMINAL,2026-03-07T06:11:40Z,675
5398.0,PAYLOAD,32129.0,DEBRIS,8.7312,4e-08,NOMINAL,2026-03-07T10:27:40Z,931
58202.0,DEBRIS,62997.0,PAYLOAD,8.7316,4e-08,NOMINAL,2026-03-07T11:06:40Z,970
20846.0,DEBRIS,56645.0,DEBRIS,8.7322,4e-08,NOMINAL,2026-03-07T00:52:40Z,356
31715.0,DEBRIS,45453.0,PAYLOAD,8.7325,4e-08,NOMINAL,2026-03-07T04:25:40Z,569
31255.0,DEBRIS,39716.0,DEBRIS,8.7332,4e-08,NOMINAL,2026-03-07T16:46:40Z,1310
45677.0,PAYLOAD,66608.0,PAYLOAD,8.7339,4e-08,NOMINAL,2026-03-07T01:07:40Z,371
64909.0,PAYLOAD,66565.0,PAYLOAD,8.7341,4e-08,NOMINAL,2026-03-07T01:09:40Z,373
35332.0,DEBRIS,54584.0,DEBRIS,8.7344,4e-08,NOMINAL,2026-03-07T10:27:40Z,931
41525.0,DEBRIS,42099.0,DEBRIS,8.7355,4e-08,NOMINAL,2026-03-07T10:26:40Z,930
63848.0,PAYLOAD,66139.0,PAYLOAD,8.7367,4e-08,NOMINAL,2026-03-07T07:04:40Z,728
57866.0,PAYLOAD,67324.0,PAYLOAD,8.7383,4e-08,NOMINAL,2026-03-06T23:23:40Z,267
65759.0,PAYLOAD,66481.0,PAYLOAD,8.7384,4e-08,NOMINAL,2026-03-07T09:40:40Z,884
56551.0,PAYLOAD,57301.0,PAYLOAD,8.7387,4e-08,NOMINAL,2026-03-07T08:19:40Z,803
59333.0,PAYLOAD,64479.0,PAYLOAD,8.7388,4e-08,NOMINAL,2026-03-07T04:30:40Z,574
52037.0,DEBRIS,56018.0,PAYLOAD,8.7392,4e-08,NOMINAL,2026-03-07T05:52:40Z,656
18509.0,DEBRIS,41901.0,PAYLOAD,8.7393,4e-08,NOMINAL,2026-03-07T01:53:40Z,417
29996.0,DEBRIS,54918.0,DEBRIS,8.7398,4e-08,NOMINAL,2026-03-06T23:29:40Z,273
28986.0,DEBRIS,39627.0,DEBRIS,8.7402,4e-08,NOMINAL,2026-03-07T09:24:40Z,868
52137.0,PAYLOAD,56141.0,PAYLOAD,8.7405,4e-08,NOMINAL,2026-03-07T13:21:40Z,1105
58713.0,PAYLOAD,62262.0,PAYLOAD,8.7412,4e-08,NOMINAL,2026-03-07T18:11:40Z,1395
63312.0,PAYLOAD,63676.0,PAYLOAD,8.7413,4e-08,NOMINAL,2026-03-06T20:47:40Z,111
54640.0,PAYLOAD,87239.0,UNKNOWN,8.7416,4e-08,NOMINAL,2026-03-07T09:55:40Z,899
58057.0,PAYLOAD,61010.0,PAYLOAD,8.7417,4e-08,NOMINAL,2026-03-07T01:32:40Z,396
50813.0,PAYLOAD,67788.0,PAYLOAD,8.7422,4e-08,NOMINAL,2026-03-06T20:41:40Z,105
40376.0,PAYLOAD,54394.0,DEBRIS,8.7425,4e-08,NOMINAL,2026-03-06T20:09:40Z,73
58945.0,PAYLOAD,63019.0,PAYLOAD,8.7432,4e-08,NOMINAL,2026-03-07T07:15:40Z,739
59751.0,PAYLOAD,63456.0,PAYLOAD,8.7439,4e-08,NOMINAL,2026-03-07T16:06:40Z,1270
52280.0,PAYLOAD,60533.0,PAYLOAD,8.7451,4e-08,NOMINAL,2026-03-06T21:08:40Z,132
63486.0,PAYLOAD,65503.0,PAYLOAD,8.7479,4e-08,NOMINAL,2026-03-07T09:48:40Z,892
43570.0,PAYLOAD,60643.0,DEBRIS,8.7485,4e-08,NOMINAL,2026-03-07T03:49:40Z,533
59188.0,PAYLOAD,64004.0,PAYLOAD,8.7485,4e-08,NOMINAL,2026-03-07T06:58:40Z,722
59865.0,PAYLOAD,65622.0,PAYLOAD,8.7488,4e-08,NOMINAL,2026-03-07T04:19:40Z,563
62307.0,PAYLOAD,63978.0,PAYLOAD,8.749,4e-08,NOMINAL,2026-03-07T18:37:40Z,1421
48298.0,PAYLOAD,62204.0,PAYLOAD,8.7496,4e-08,NOMINAL,2026-03-07T13:22:40Z,1106
58619.0,PAYLOAD,60329.0,PAYLOAD,8.7499,4e-08,NOMINAL,2026-03-06T19:26:40Z,30
52990.0,PAYLOAD,57232.0,PAYLOAD,8.7512,4e-08,NOMINAL,2026-03-06T19:20:40Z,24
59637.0,PAYLOAD,65214.0,PAYLOAD,8.7513,4e-08,NOMINAL,2026-03-07T17:30:40Z,1354
35953.0,DEBRIS,41151.0,DEBRIS,8.7519,4e-08,NOMINAL,2026-03-06T22:44:40Z,228
61675.0,PAYLOAD,63796.0,PAYLOAD,8.7522,4e-08,NOMINAL,2026-03-07T07:24:40Z,748
59659.0,PAYLOAD,64016.0,PAYLOAD,8.7523,4e-08,NOMINAL,2026-03-07T17:12:40Z,1336
59340.0,PAYLOAD,61705.0,PAYLOAD,8.7524,4e-08,NOMINAL,2026-03-07T02:34:40Z,458
48104.0,PAYLOAD,67330.0,PAYLOAD,8.753,4e-08,NOMINAL,2026-03-07T04:35:40Z,579
63449.0,PAYLOAD,67518.0,PAYLOAD,8.7531,4e-08,NOMINAL,2026-03-07T07:49:40Z,773
60437.0,PAYLOAD,65634.0,PAYLOAD,8.7535,4e-08,NOMINAL,2026-03-07T14:36:40Z,1180
59015.0,PAYLOAD,59340.0,PAYLOAD,8.7537,4e-08,NOMINAL,2026-03-07T05:30:40Z,634
3907.0,ROCKET BODY,27817.0,ROCKET BODY,8.7541,4e-08,NOMINAL,2026-03-07T14:35:40Z,1179
59034.0,PAYLOAD,65094.0,PAYLOAD,8.7542,4e-08,NOMINAL,2026-03-07T10:32:40Z,936
4423.0,ROCKET BODY,10372.0,DEBRIS,8.7545,4e-08,NOMINAL,2026-03-07T02:11:40Z,435
22392.0,DEBRIS,64715.0,PAYLOAD,8.7549,4e-08,NOMINAL,2026-03-07T14:38:40Z,1182
65034.0,PAYLOAD,66963.0,PAYLOAD,8.7555,4e-08,NOMINAL,2026-03-07T12:36:40Z,1060
3907.0,ROCKET BODY,27816.0,PAYLOAD,8.7571,4e-08,NOMINAL,2026-03-07T14:35:40Z,1179
52389.0,PAYLOAD,62907.0,PAYLOAD,8.7573,4e-08,NOMINAL,2026-03-06T22:33:40Z,217
48593.0,PAYLOAD,59652.0,PAYLOAD,8.7577,4e-08,NOMINAL,2026-03-07T00:08:40Z,312
59500.0,PAYLOAD,67042.0,PAYLOAD,8.7581,4e-08,NOMINAL,2026-03-07T01:56:40Z,420
65888.0,PAYLOAD,66581.0,PAYLOAD,8.7581,4e-08,NOMINAL,2026-03-06T20:50:40Z,114
57856.0,PAYLOAD,66337.0,PAYLOAD,8.7583,4e-08,NOMINAL,2026-03-07T02:05:40Z,429
57781.0,PAYLOAD,58116.0,PAYLOAD,8.7584,4e-08,NOMINAL,2026-03-07T10:08:40Z,912
48454.0,PAYLOAD,63904.0,PAYLOAD,8.7588,4e-08,NOMINAL,2026-03-07T18:04:40Z,1388
61872.0,UNKNOWN,62667.0,PAYLOAD,8.7605,4e-08,NOMINAL,2026-03-06T20:37:40Z,101
55351.0,PAYLOAD,89140.0,UNKNOWN,8.7609,4e-08,NOMINAL,2026-03-06T21:03:40Z,127
42848.0,UNKNOWN,56425.0,PAYLOAD,8.7615,4e-08,NOMINAL,2026-03-07T14:27:40Z,1171
66884.0,PAYLOAD,67361.0,PAYLOAD,8.7616,4e-08,NOMINAL,2026-03-06T19:14:40Z,18
2898.0,DEBRIS,5783.0,DEBRIS,8.7617,4e-08,NOMINAL,2026-03-07T13:02:40Z,1086
2612.0,PAYLOAD,10847.0,ROCKET BODY,8.7621,4e-08,NOMINAL,2026-03-06T22:11:40Z,195
59270.0,PAYLOAD,62045.0,PAYLOAD,8.7639,4e-08,NOMINAL,2026-03-07T15:26:40Z,1230
30820.0,DEBRIS,37917.0,DEBRIS,8.765,4e-08,NOMINAL,2026-03-07T00:14:40Z,318
3854.0,PAYLOAD,63189.0,PAYLOAD,8.7651,4e-08,NOMINAL,2026-03-07T05:43:40Z,647
43146.0,PAYLOAD,64447.0,PAYLOAD,8.7651,4e-08,NOMINAL,2026-03-07T01:19:40Z,383
57510.0,PAYLOAD,58070.0,PAYLOAD,8.7652,4e-08,NOMINAL,2026-03-06T21:58:40Z,182
63969.0,PAYLOAD,66446.0,PAYLOAD,8.7654,4e-08,NOMINAL,2026-03-06T20:32:40Z,96
57527.0,PAYLOAD,66578.0,PAYLOAD,8.7654,4e-08,NOMINAL,2026-03-07T02:44:40Z,468
59240.0,PAYLOAD,63278.0,PAYLOAD,8.7655,4e-08,NOMINAL,2026-03-07T04:03:40Z,547
61850.0,PAYLOAD,62962.0,PAYLOAD,8.7655,4e-08,NOMINAL,2026-03-07T04:16:40Z,560
48691.0,PAYLOAD,59180.0,PAYLOAD,8.7656,4e-08,NOMINAL,2026-03-07T01:03:40Z,367
36934.0,DEBRIS,37600.0,DEBRIS,8.7657,4e-08,NOMINAL,2026-03-06T21:44:40Z,168
18338.0,PAYLOAD,57722.0,DEBRIS,8.7659,4e-08,NOMINAL,2026-03-07T05:01:40Z,605
58747.0,PAYLOAD,64881.0,UNKNOWN,8.7661,4e-08,NOMINAL,2026-03-07T02:21:40Z,445
57434.0,PAYLOAD,63472.0,PAYLOAD,8.7669,4e-08,NOMINAL,2026-03-07T05:29:40Z,633
59156.0,PAYLOAD,66638.0,PAYLOAD,8.7671,4e-08,NOMINAL,2026-03-06T23:02:40Z,246
12266.0,DEBRIS,33601.0,DEBRIS,8.7682,4e-08,NOMINAL,2026-03-07T06:32:40Z,696
63820.0,PAYLOAD,65875.0,PAYLOAD,8.7685,4e-08,NOMINAL,2026-03-07T01:45:40Z,409
12950.0,DEBRIS,31671.0,DEBRIS,8.769,4e-08,NOMINAL,2026-03-07T04:11:40Z,555
9719.0,DEBRIS,66205.0,ROCKET BODY,8.7691,4e-08,NOMINAL,2026-03-07T10:03:40Z,907
66622.0,PAYLOAD,66801.0,PAYLOAD,8.7705,4e-08,NOMINAL,2026-03-07T08:12:40Z,796
33065.0,PAYLOAD,65153.0,PAYLOAD,8.7714,4e-08,NOMINAL,2026-03-07T05:50:40Z,654
45772.0,PAYLOAD,65739.0,PAYLOAD,8.7721,4e-08,NOMINAL,2026-03-07T16:13:40Z,1277
47373.0,PAYLOAD,52492.0,PAYLOAD,8.7724,4e-08,NOMINAL,2026-03-07T18:49:40Z,1433
39856.0,DEBRIS,65964.0,PAYLOAD,8.7725,4e-08,NOMINAL,2026-03-07T11:20:40Z,984
63837.0,PAYLOAD,64725.0,PAYLOAD,8.7727,4e-08,NOMINAL,2026-03-07T09:46:40Z,890
58365.0,PAYLOAD,64926.0,PAYLOAD,8.7728,4e-08,NOMINAL,2026-03-07T18:06:40Z,1390
35936.0,PAYLOAD,38504.0,DEBRIS,8.7729,4e-08,NOMINAL,2026-03-07T09:35:40Z,879
59087.0,PAYLOAD,65483.0,PAYLOAD,8.773,4e-08,NOMINAL,2026-03-07T16:18:40Z,1282
59136.0,PAYLOAD,61856.0,PAYLOAD,8.7736,4e-08,NOMINAL,2026-03-07T00:41:40Z,345
57704.0,PAYLOAD,58631.0,PAYLOAD,8.7752,4e-08,NOMINAL,2026-03-07T06:23:40Z,687
48644.0,PAYLOAD,58606.0,PAYLOAD,8.7753,4e-08,NOMINAL,2026-03-07T05:51:40Z,655
1252.0,ROCKET BODY,10926.0,ROCKET BODY,8.7753,4e-08,NOMINAL,2026-03-07T14:15:40Z,1159
57522.0,PAYLOAD,61922.0,PAYLOAD,8.7755,4e-08,NOMINAL,2026-03-07T03:43:40Z,527
58539.0,PAYLOAD,66557.0,PAYLOAD,8.776,4e-08,NOMINAL,2026-03-06T18:59:40Z,3
2388.0,DEBRIS,9433.0,PAYLOAD,8.7762,4e-08,NOMINAL,2026-03-06T22:21:40Z,205
1950.0,ROCKET BODY,6025.0,DEBRIS,8.7764,4e-08,NOMINAL,2026-03-07T02:02:40Z,426
45815.0,DEBRIS,53758.0,PAYLOAD,8.7773,4e-08,NOMINAL,2026-03-07T16:20:40Z,1284
51960.0,PAYLOAD,51965.0,PAYLOAD,8.7778,4e-08,NOMINAL,2026-03-07T06:27:40Z,691
9286.0,DEBRIS,60556.0,PAYLOAD,8.7782,4e-08,NOMINAL,2026-03-06T20:04:40Z,68
64344.0,PAYLOAD,67086.0,PAYLOAD,8.7784,4e-08,NOMINAL,2026-03-07T12:04:40Z,1028
58448.0,PAYLOAD,60316.0,PAYLOAD,8.7785,4e-08,NOMINAL,2026-03-07T06:01:40Z,665
4637.0,DEBRIS,12769.0,DEBRIS,8.7785,4e-08,NOMINAL,2026-03-07T06:47:40Z,711
57995.0,PAYLOAD,58540.0,PAYLOAD,8.7796,4e-08,NOMINAL,2026-03-07T18:43:40Z,1427
58672.0,PAYLOAD,66208.0,PAYLOAD,8.7802,4e-08,NOMINAL,2026-03-07T05:22:40Z,626
65361.0,PAYLOAD,66344.0,PAYLOAD,8.7835,4e-08,NOMINAL,2026-03-07T09:59:40Z,903
51994.0,PAYLOAD,57134.0,PAYLOAD,8.7835,4e-08,NOMINAL,2026-03-07T05:18:40Z,622
5904.0,ROCKET BODY,31648.0,DEBRIS,8.7838,4e-08,NOMINAL,2026-03-06T23:21:40Z,265
513.0,PAYLOAD,9628.0,ROCKET BODY,8.7839,4e-08,NOMINAL,2026-03-07T18:28:40Z,1412
57851.0,PAYLOAD,59547.0,PAYLOAD,8.7842,4e-08,NOMINAL,2026-03-06T19:42:40Z,46
31239.0,DEBRIS,54541.0,DEBRIS,8.7848,4e-08,NOMINAL,2026-03-07T00:44:40Z,348
65411.0,PAYLOAD,65424.0,PAYLOAD,8.7849,4e-08,NOMINAL,2026-03-07T09:24:40Z,868
281.0,PAYLOAD,7796.0,DEBRIS,8.7851,4e-08,NOMINAL,2026-03-07T03:31:40Z,515
475.0,DEBRIS,56601.0,DEBRIS,8.7856,4e-08,NOMINAL,2026-03-07T10:48:40Z,952
47806.0,PAYLOAD,57399.0,PAYLOAD,8.7866,4e-08,NOMINAL,2026-03-07T17:03:40Z,1327
507.0,PAYLOAD,4796.0,DEBRIS,8.7869,4e-08,NOMINAL,2026-03-07T12:29:40Z,1053
58717.0,PAYLOAD,63780.0,PAYLOAD,8.7875,4e-08,NOMINAL,2026-03-07T07:56:40Z,780
58034.0,PAYLOAD,59657.0,PAYLOAD,8.7878,4e-08,NOMINAL,2026-03-07T09:23:40Z,867
62320.0,PAYLOAD,63964.0,PAYLOAD,8.7885,4e-08,NOMINAL,2026-03-06T23:40:40Z,284
753.0,DEBRIS,2413.0,ROCKET BODY,8.7892,4e-08,NOMINAL,2026-03-06T22:35:40Z,219
59679.0,UNKNOWN,62282.0,PAYLOAD,8.7902,3e-08,NOMINAL,2026-03-06T20:57:40Z,121
51637.0,PAYLOAD,55146.0,PAYLOAD,8.7912,3e-08,NOMINAL,2026-03-07T16:16:40Z,1280
42145.0,DEBRIS,48607.0,DEBRIS,8.7914,3e-08,NOMINAL,2026-03-07T00:44:40Z,348
55204.0,DEBRIS,64873.0,PAYLOAD,8.792,3e-08,NOMINAL,2026-03-07T18:28:40Z,1412
62227.0,PAYLOAD,63759.0,PAYLOAD,8.7928,3e-08,NOMINAL,2026-03-07T12:51:40Z,1075
62767.0,PAYLOAD,62898.0,PAYLOAD,8.7929,3e-08,NOMINAL,2026-03-06T21:27:40Z,151
59924.0,PAYLOAD,63974.0,PAYLOAD,8.7937,3e-08,NOMINAL,2026-03-07T10:59:40Z,963
63859.0,PAYLOAD,64213.0,PAYLOAD,8.7939,3e-08,NOMINAL,2026-03-06T19:40:40Z,44
52264.0,PAYLOAD,52669.0,PAYLOAD,8.794,3e-08,NOMINAL,2026-03-07T05:02:40Z,606
461.0,DEBRIS,53853.0,PAYLOAD,8.7949,3e-08,NOMINAL,2026-03-07T08:59:40Z,843
97.0,DEBRIS,3067.0,PAYLOAD,8.7952,3e-08,NOMINAL,2026-03-06T18:58:40Z,2
60196.0,PAYLOAD,63995.0,PAYLOAD,8.7954,3e-08,NOMINAL,2026-03-07T17:32:40Z,1356
58539.0,PAYLOAD,63584.0,PAYLOAD,8.7958,3e-08,NOMINAL,2026-03-07T01:13:40Z,377
63973.0,PAYLOAD,67114.0,PAYLOAD,8.796,3e-08,NOMINAL,2026-03-07T08:25:40Z,809
53178.0,PAYLOAD,67586.0,DEBRIS,8.7969,3e-08,NOMINAL,2026-03-07T09:20:40Z,864
734.0,PAYLOAD,18513.0,DEBRIS,8.797,3e-08,NOMINAL,2026-03-06T23:26:40Z,270
25479.0,PAYLOAD,31810.0,DEBRIS,8.7974,3e-08,NOMINAL,2026-03-06T19:15:40Z,19
61963.0,PAYLOAD,65213.0,PAYLOAD,8.7975,3e-08,NOMINAL,2026-03-07T05:19:40Z,623
42827.0,UNKNOWN,58702.0,PAYLOAD,8.7977,3e-08,NOMINAL,2026-03-07T01:54:40Z,418
18943.0,PAYLOAD,21785.0,ROCKET BODY,8.7977,3e-08,NOMINAL,2026-03-07T17:47:40Z,1371
43809.0,PAYLOAD,64624.0,PAYLOAD,8.7981,3e-08,NOMINAL,2026-03-06T22:27:40Z,211
58998.0,PAYLOAD,59607.0,PAYLOAD,8.799,3e-08,NOMINAL,2026-03-07T00:44:40Z,348
3887.0,ROCKET BODY,5661.0,PAYLOAD,8.7993,3e-08,NOMINAL,2026-03-06T22:10:40Z,194
3929.0,DEBRIS,53445.0,UNKNOWN,8.8002,3e-08,NOMINAL,2026-03-07T08:17:40Z,801
59255.0,PAYLOAD,63815.0,PAYLOAD,8.8004,3e-08,NOMINAL,2026-03-07T17:43:40Z,1367
33966.0,DEBRIS,55512.0,DEBRIS,8.8005,3e-08,NOMINAL,2026-03-07T18:56:40Z,1440
34316.0,DEBRIS,55762.0,PAYLOAD,8.8016,3e-08,NOMINAL,2026-03-07T02:08:40Z,432
41307.0,DEBRIS,44612.0,DEBRIS,8.8036,3e-08,NOMINAL,2026-03-07T11:15:40Z,979
61070.0,PAYLOAD,63765.0,PAYLOAD,8.805,3e-08,NOMINAL,2026-03-07T01:02:40Z,366
7279.0,DEBRIS,10666.0,PAYLOAD,8.8057,3e-08,NOMINAL,2026-03-07T08:13:40Z,797
51775.0,PAYLOAD,52859.0,PAYLOAD,8.8063,3e-08,NOMINAL,2026-03-07T15:18:40Z,1222
57645.0,PAYLOAD,65464.0,PAYLOAD,8.8063,3e-08,NOMINAL,2026-03-06T22:27:40Z,211
61217.0,PAYLOAD,67333.0,PAYLOAD,8.8065,3e-08,NOMINAL,2026-03-07T05:40:40Z,644
66605.0,PAYLOAD,67475.0,ROCKET BODY,8.8067,3e-08,NOMINAL,2026-03-07T06:41:40Z,705
3340.0,ROCKET BODY,27872.0,ROCKET BODY,8.8076,3e-08,NOMINAL,2026-03-07T18:07:40Z,1391
62580.0,PAYLOAD,82576.0,UNKNOWN,8.8077,3e-08,NOMINAL,2026-03-06T23:20:40Z,264
53213.0,PAYLOAD,55963.0,PAYLOAD,8.8078,3e-08,NOMINAL,2026-03-07T03:07:40Z,491
63071.0,PAYLOAD,65212.0,PAYLOAD,8.8078,3e-08,NOMINAL,2026-03-07T12:19:40Z,1043
46906.0,PAYLOAD,66430.0,PAYLOAD,8.808,3e-08,NOMINAL,2026-03-07T18:00:40Z,1384
48436.0,PAYLOAD,65339.0,PAYLOAD,8.8087,3e-08,NOMINAL,2026-03-07T11:19:40Z,983
58521.0,PAYLOAD,63196.0,PAYLOAD,8.8094,3e-08,NOMINAL,2026-03-07T13:31:40Z,1115
46915.0,ROCKET BODY,58150.0,PAYLOAD,8.8098,3e-08,NOMINAL,2026-03-06T20:22:40Z,86
31695.0,DEBRIS,50819.0,PAYLOAD,8.8106,3e-08,NOMINAL,2026-03-07T12:16:40Z,1040
59641.0,PAYLOAD,64672.0,PAYLOAD,8.8111,3e-08,NOMINAL,2026-03-07T07:34:40Z,758
62433.0,PAYLOAD,63661.0,PAYLOAD,8.8116,3e-08,NOMINAL,2026-03-07T00:20:40Z,324
9714.0,DEBRIS,32137.0,DEBRIS,8.8126,3e-08,NOMINAL,2026-03-07T14:38:40Z,1182
47086.0,DEBRIS,270316.0,UNKNOWN,8.813,3e-08,NOMINAL,2026-03-06T21:47:40Z,171
44209.0,PAYLOAD,59919.0,UNKNOWN,8.8134,3e-08,NOMINAL,2026-03-07T15:27:40Z,1231
10749.0,DEBRIS,39815.0,DEBRIS,8.8139,3e-08,NOMINAL,2026-03-07T14:26:40Z,1170
52606.0,PAYLOAD,88230.0,UNKNOWN,8.8148,3e-08,NOMINAL,2026-03-06T23:25:40Z,269
5825.0,DEBRIS,54499.0,DEBRIS,8.8153,3e-08,NOMINAL,2026-03-06T23:28:40Z,272
58003.0,PAYLOAD,59407.0,PAYLOAD,8.8156,3e-08,NOMINAL,2026-03-07T10:56:40Z,960
45648.0,DEBRIS,62109.0,PAYLOAD,8.8158,3e-08,NOMINAL,2026-03-06T22:58:40Z,242
29985.0,DEBRIS,31523.0,DEBRIS,8.8176,3e-08,NOMINAL,2026-03-07T08:48:40Z,832
34220.0,DEBRIS,59720.0,PAYLOAD,8.8178,3e-08,NOMINAL,2026-03-07T04:04:40Z,548
47366.0,PAYLOAD,65606.0,PAYLOAD,8.8182,3e-08,NOMINAL,2026-03-07T17:14:40Z,1338
10780.0,DEBRIS,61762.0,PAYLOAD,8.8185,3e-08,NOMINAL,2026-03-07T04:59:40Z,603
22999.0,PAYLOAD,23445.0,PAYLOAD,8.8194,3e-08,NOMINAL,2026-03-07T18:09:40Z,1393
54553.0,DEBRIS,65318.0,PAYLOAD,8.82,3e-08,NOMINAL,2026-03-07T14:40:40Z,1184
58973.0,PAYLOAD,66329.0,PAYLOAD,8.8202,3e-08,NOMINAL,2026-03-07T03:42:40Z,526
48270.0,PAYLOAD,53189.0,PAYLOAD,8.8203,3e-08,NOMINAL,2026-03-07T01:57:40Z,421
5040.0,DEBRIS,7954.0,DEBRIS,8.8206,3e-08,NOMINAL,2026-03-06T19:52:40Z,56
26547.0,PAYLOAD,65597.0,PAYLOAD,8.8214,3e-08,NOMINAL,2026-03-06T19:00:40Z,4
62426.0,PAYLOAD,65680.0,PAYLOAD,8.822,3e-08,NOMINAL,2026-03-07T11:37:40Z,1001
3038.0,DEBRIS,18959.0,ROCKET BODY,8.822,3e-08,NOMINAL,2026-03-07T08:46:40Z,830
58966.0,PAYLOAD,62605.0,PAYLOAD,8.8221,3e-08,NOMINAL,2026-03-07T12:22:40Z,1046
66706.0,PAYLOAD,67248.0,UNKNOWN,8.8228,3e-08,NOMINAL,2026-03-07T16:36:40Z,1300
6943.0,PAYLOAD,9562.0,ROCKET BODY,8.823,3e-08,NOMINAL,2026-03-06T19:30:40Z,34
29918.0,DEBRIS,30474.0,DEBRIS,8.8231,3e-08,NOMINAL,2026-03-07T08:12:40Z,796
59322.0,PAYLOAD,67127.0,PAYLOAD,8.8237,3e-08,NOMINAL,2026-03-06T19:50:40Z,54
45543.0,PAYLOAD,62848.0,PAYLOAD,8.8247,3e-08,NOMINAL,2026-03-07T13:23:40Z,1107
60150.0,PAYLOAD,67187.0,PAYLOAD,8.825,3e-08,NOMINAL,2026-03-07T13:00:40Z,1084
62969.0,PAYLOAD,63816.0,PAYLOAD,8.8252,3e-08,NOMINAL,2026-03-07T01:50:40Z,414
3389.0,ROCKET BODY,7797.0,DEBRIS,8.8254,3e-08,NOMINAL,2026-03-07T11:15:40Z,979
64929.0,PAYLOAD,66486.0,PAYLOAD,8.8254,3e-08,NOMINAL,2026-03-07T01:50:40Z,414
67612.0,PAYLOAD,67665.0,PAYLOAD,8.8259,3e-08,NOMINAL,2026-03-07T14:13:40Z,1157
57702.0,PAYLOAD,61617.0,PAYLOAD,8.8262,3e-08,NOMINAL,2026-03-07T18:45:40Z,1429
24942.0,DEBRIS,53984.0,PAYLOAD,8.8264,3e-08,NOMINAL,2026-03-07T15:16:40Z,1220
10859.0,DEBRIS,61629.0,PAYLOAD,8.827,3e-08,NOMINAL,2026-03-06T18:56:40Z,0
60209.0,UNKNOWN,61745.0,PAYLOAD,8.8278,3e-08,NOMINAL,2026-03-07T01:01:40Z,365
58529.0,PAYLOAD,65842.0,PAYLOAD,8.8287,3e-08,NOMINAL,2026-03-07T04:06:40Z,550
31775.0,DEBRIS,36694.0,DEBRIS,8.8287,3e-08,NOMINAL,2026-03-07T14:34:40Z,1178
42299.0,DEBRIS,67251.0,UNKNOWN,8.8291,3e-08,NOMINAL,2026-03-07T14:28:40Z,1172
62046.0,PAYLOAD,66179.0,PAYLOAD,8.8296,3e-08,NOMINAL,2026-03-07T12:09:40Z,1033
9279.0,DEBRIS,60750.0,UNKNOWN,8.8301,3e-08,NOMINAL,2026-03-07T13:17:40Z,1101
61961.0,PAYLOAD,63440.0,PAYLOAD,8.8303,3e-08,NOMINAL,2026-03-07T04:50:40Z,594
55471.0,PAYLOAD,65292.0,PAYLOAD,8.8306,3e-08,NOMINAL,2026-03-07T02:21:40Z,445
62262.0,PAYLOAD,63468.0,PAYLOAD,8.8307,3e-08,NOMINAL,2026-03-07T06:33:40Z,697
63073.0,PAYLOAD,63502.0,PAYLOAD,8.8311,3e-08,NOMINAL,2026-03-07T07:33:40Z,757
63278.0,PAYLOAD,66017.0,PAYLOAD,8.8329,3e-08,NOMINAL,2026-03-07T04:45:40Z,589
56927.0,PAYLOAD,62384.0,PAYLOAD,8.834,3e-08,NOMINAL,2026-03-07T04:39:40Z,583
1174.0,DEBRIS,2200.0,PAYLOAD,8.8346,3e-08,NOMINAL,2026-03-07T11:25:40Z,989
58127.0,PAYLOAD,66694.0,PAYLOAD,8.8352,3e-08,NOMINAL,2026-03-06T20:16:40Z,80
4716.0,DEBRIS,42362.0,DEBRIS,8.836,3e-08,NOMINAL,2026-03-07T04:13:40Z,557
37432.0,DEBRIS,60818.0,DEBRIS,8.8362,3e-08,NOMINAL,2026-03-07T11:54:40Z,1018
63816.0,PAYLOAD,64116.0,PAYLOAD,8.8363,3e-08,NOMINAL,2026-03-07T12:30:40Z,1054
59895.0,PAYLOAD,66858.0,PAYLOAD,8.8363,3e-08,NOMINAL,2026-03-07T08:36:40Z,820
60596.0,PAYLOAD,63998.0,PAYLOAD,8.8367,3e-08,NOMINAL,2026-03-07T02:17:40Z,441
30405.0,DEBRIS,39673.0,DEBRIS,8.8372,3e-08,NOMINAL,2026-03-07T16:09:40Z,1273
47628.0,PAYLOAD,54689.0,UNKNOWN,8.8373,3e-08,NOMINAL,2026-03-07T10:32:40Z,936
39314.0,DEBRIS,60576.0,PAYLOAD,8.8381,3e-08,NOMINAL,2026-03-07T18:15:40Z,1399
43571.0,PAYLOAD,61461.0,DEBRIS,8.839,3e-08,NOMINAL,2026-03-07T16:39:40Z,1303
57196.0,UNKNOWN,65038.0,PAYLOAD,8.8392,3e-08,NOMINAL,2026-03-07T08:53:40Z,837
60418.0,PAYLOAD,62199.0,PAYLOAD,8.84,3e-08,NOMINAL,2026-03-06T22:04:40Z,188
12088.0,ROCKET BODY,17103.0,DEBRIS,8.8408,3e-08,NOMINAL,2026-03-07T07:12:40Z,736
39970.0,DEBRIS,61286.0,DEBRIS,8.8409,3e-08,NOMINAL,2026-03-06T22:14:40Z,198
58748.0,PAYLOAD,58803.0,PAYLOAD,8.8425,3e-08,NOMINAL,2026-03-06T23:53:40Z,297
59087.0,PAYLOAD,60479.0,PAYLOAD,8.8428,3e-08,NOMINAL,2026-03-07T09:41:40Z,885
57702.0,PAYLOAD,66441.0,PAYLOAD,8.8429,3e-08,NOMINAL,2026-03-07T01:14:40Z,378
59521.0,PAYLOAD,60277.0,PAYLOAD,8.8439,3e-08,NOMINAL,2026-03-07T13:34:40Z,1118
59171.0,PAYLOAD,63590.0,PAYLOAD,8.8455,3e-08,NOMINAL,2026-03-07T16:11:40Z,1275
49387.0,PAYLOAD,61572.0,ROCKET BODY,8.8459,3e-08,NOMINAL,2026-03-07T18:40:40Z,1424
65323.0,PAYLOAD,66634.0,PAYLOAD,8.8462,3e-08,NOMINAL,2026-03-07T00:46:40Z,350
42840.0,PAYLOAD,66519.0,PAYLOAD,8.8465,3e-08,NOMINAL,2026-03-07T15:04:40Z,1208
8777.0,DEBRIS,65616.0,PAYLOAD,8.8466,3e-08,NOMINAL,2026-03-07T06:23:40Z,687
8777.0,DEBRIS,67796.0,PAYLOAD,8.8466,3e-08,NOMINAL,2026-03-07T06:23:40Z,687
8777.0,DEBRIS,26700.0,PAYLOAD,8.8466,3e-08,NOMINAL,2026-03-07T06:23:40Z,687
8777.0,DEBRIS,64751.0,PAYLOAD,8.8466,3e-08,NOMINAL,2026-03-07T06:23:40Z,687
8777.0,DEBRIS,65586.0,PAYLOAD,8.8466,3e-08,NOMINAL,2026-03-07T06:23:40Z,687
8777.0,DEBRIS,49044.0,PAYLOAD,8.8466,3e-08,NOMINAL,2026-03-07T06:23:40Z,687
8777.0,DEBRIS,26400.0,PAYLOAD,8.8466,3e-08,NOMINAL,2026-03-07T06:23:40Z,687
8777.0,DEBRIS,66664.0,PAYLOAD,8.8466,3e-08,NOMINAL,2026-03-07T06:23:40Z,687
8777.0,DEBRIS,36086.0,PAYLOAD,8.8466,3e-08,NOMINAL,2026-03-07T06:23:40Z,687
8777.0,DEBRIS,25544.0,PAYLOAD,8.8466,3e-08,NOMINAL,2026-03-07T06:23:40Z,687
8777.0,DEBRIS,25575.0,PAYLOAD,8.8466,3e-08,NOMINAL,2026-03-07T06:23:40Z,687
8777.0,DEBRIS,66174.0,PAYLOAD,8.8466,3e-08,NOMINAL,2026-03-07T06:23:40Z,687
42378.0,DEBRIS,46990.0,DEBRIS,8.847,3e-08,NOMINAL,2026-03-06T21:17:40Z,141
4919.0,DEBRIS,29877.0,DEBRIS,8.8474,3e-08,NOMINAL,2026-03-07T14:33:40Z,1177
64267.0,PAYLOAD,66797.0,PAYLOAD,8.8474,3e-08,NOMINAL,2026-03-07T11:54:40Z,1018
56700.0,PAYLOAD,58895.0,PAYLOAD,8.8475,3e-08,NOMINAL,2026-03-06T22:54:40Z,238
30138.0,DEBRIS,58432.0,DEBRIS,8.8476,3e-08,NOMINAL,2026-03-07T05:49:40Z,653
4563.0,DEBRIS,7010.0,DEBRIS,8.8477,3e-08,NOMINAL,2026-03-07T16:24:40Z,1288
31815.0,DEBRIS,38718.0,DEBRIS,8.8481,3e-08,NOMINAL,2026-03-07T06:09:40Z,673
63221.0,UNKNOWN,66742.0,PAYLOAD,8.8488,3e-08,NOMINAL,2026-03-07T04:05:40Z,549
10554.0,PAYLOAD,49220.0,PAYLOAD,8.8489,3e-08,NOMINAL,2026-03-07T09:23:40Z,867
47805.0,PAYLOAD,53998.0,PAYLOAD,8.849,3e-08,NOMINAL,2026-03-07T05:47:40Z,651
58738.0,PAYLOAD,66604.0,PAYLOAD,8.8494,3e-08,NOMINAL,2026-03-07T04:34:40Z,578
1912.0,DEBRIS,56747.0,UNKNOWN,8.8498,3e-08,NOMINAL,2026-03-07T17:52:40Z,1376
58595.0,PAYLOAD,59221.0,PAYLOAD,8.8498,3e-08,NOMINAL,2026-03-07T04:51:40Z,595
39435.0,PAYLOAD,49740.0,PAYLOAD,8.85,3e-08,NOMINAL,2026-03-07T01:00:40Z,364
30023.0,DEBRIS,37668.0,DEBRIS,8.8505,3e-08,NOMINAL,2026-03-07T12:06:40Z,1030
52713.0,PAYLOAD,59252.0,PAYLOAD,8.8507,3e-08,NOMINAL,2026-03-07T11:23:40Z,987
59236.0,PAYLOAD,63820.0,PAYLOAD,8.8507,3e-08,NOMINAL,2026-03-07T04:31:40Z,575
5159.0,DEBRIS,53887.0,PAYLOAD,8.8511,3e-08,NOMINAL,2026-03-07T05:46:40Z,650
41404.0,DEBRIS,54547.0,DEBRIS,8.8516,3e-08,NOMINAL,2026-03-07T01:50:40Z,414
62965.0,PAYLOAD,67356.0,PAYLOAD,8.8522,3e-08,NOMINAL,2026-03-07T04:38:40Z,582
60279.0,PAYLOAD,62135.0,PAYLOAD,8.853,3e-08,NOMINAL,2026-03-06T22:01:40Z,185
66720.0,PAYLOAD,66744.0,PAYLOAD,8.853,3e-08,NOMINAL,2026-03-07T17:11:40Z,1335
65096.0,PAYLOAD,66440.0,PAYLOAD,8.8532,3e-08,NOMINAL,2026-03-07T15:15:40Z,1219
63582.0,PAYLOAD,66590.0,PAYLOAD,8.8538,3e-08,NOMINAL,2026-03-07T02:22:40Z,446
42318.0,DEBRIS,61476.0,DEBRIS,8.8539,3e-08,NOMINAL,2026-03-07T03:01:40Z,485
65682.0,PAYLOAD,67110.0,PAYLOAD,8.854,3e-08,NOMINAL,2026-03-06T19:37:40Z,41
1383.0,ROCKET BODY,11011.0,ROCKET BODY,8.8543,3e-08,NOMINAL,2026-03-07T09:14:40Z,858
62862.0,PAYLOAD,64459.0,PAYLOAD,8.8545,3e-08,NOMINAL,2026-03-06T20:18:40Z,82
57854.0,PAYLOAD,59555.0,PAYLOAD,8.8548,3e-08,NOMINAL,2026-03-07T07:23:40Z,747
58038.0,PAYLOAD,65911.0,PAYLOAD,8.8553,3e-08,NOMINAL,2026-03-07T10:38:40Z,942
55937.0,PAYLOAD,56308.0,PAYLOAD,8.8559,3e-08,NOMINAL,2026-03-06T21:59:40Z,183
30570.0,DEBRIS,31853.0,DEBRIS,8.8561,3e-08,NOMINAL,2026-03-07T14:44:40Z,1188
61352.0,DEBRIS,61487.0,DEBRIS,8.8573,3e-08,NOMINAL,2026-03-07T04:40:40Z,584
14809.0,DEBRIS,24378.0,DEBRIS,8.8574,3e-08,NOMINAL,2026-03-07T08:13:40Z,797
6844.0,DEBRIS,43431.0,DEBRIS,8.8576,3e-08,NOMINAL,2026-03-06T19:38:40Z,42
23317.0,PAYLOAD,59049.0,DEBRIS,8.8577,3e-08,NOMINAL,2026-03-07T16:27:40Z,1291
64102.0,PAYLOAD,67047.0,PAYLOAD,8.8579,3e-08,NOMINAL,2026-03-07T02:06:40Z,430
62304.0,PAYLOAD,67185.0,PAYLOAD,8.8586,3e-08,NOMINAL,2026-03-06T19:35:40Z,39
60027.0,PAYLOAD,65927.0,PAYLOAD,8.8589,3e-08,NOMINAL,2026-03-07T10:41:40Z,945
62386.0,PAYLOAD,63832.0,PAYLOAD,8.8592,3e-08,NOMINAL,2026-03-07T15:46:40Z,1250
61846.0,PAYLOAD,65207.0,PAYLOAD,8.8593,3e-08,NOMINAL,2026-03-07T14:12:40Z,1156
60259.0,PAYLOAD,62604.0,PAYLOAD,8.8595,3e-08,NOMINAL,2026-03-07T08:44:40Z,828
64116.0,PAYLOAD,66571.0,PAYLOAD,8.8627,3e-08,NOMINAL,2026-03-06T19:36:40Z,40
56.0,ROCKET BODY,6816.0,DEBRIS,8.8632,3e-08,NOMINAL,2026-03-07T02:44:40Z,468
36588.0,PAYLOAD,49283.0,PAYLOAD,8.8637,3e-08,NOMINAL,2026-03-07T06:43:40Z,707
60138.0,PAYLOAD,67497.0,PAYLOAD,8.864,3e-08,NOMINAL,2026-03-06T22:34:40Z,218
31844.0,DEBRIS,54295.0,DEBRIS,8.8642,3e-08,NOMINAL,2026-03-06T20:23:40Z,87
58212.0,PAYLOAD,66273.0,PAYLOAD,8.8642,3e-08,NOMINAL,2026-03-07T07:32:40Z,756
53724.0,PAYLOAD,88814.0,TBA,8.8645,3e-08,NOMINAL,2026-03-07T14:18:40Z,1162
57994.0,PAYLOAD,59703.0,PAYLOAD,8.8649,3e-08,NOMINAL,2026-03-06T21:07:40Z,131
59652.0,PAYLOAD,66601.0,PAYLOAD,8.8658,3e-08,NOMINAL,2026-03-07T17:31:40Z,1355
61739.0,UNKNOWN,67100.0,PAYLOAD,8.8661,3e-08,NOMINAL,2026-03-07T10:04:40Z,908
38408.0,DEBRIS,45425.0,PAYLOAD,8.8663,3e-08,NOMINAL,2026-03-07T13:50:40Z,1134
62765.0,PAYLOAD,67497.0,PAYLOAD,8.8664,3e-08,NOMINAL,2026-03-07T04:07:40Z,551
47808.0,PAYLOAD,58669.0,PAYLOAD,8.8672,3e-08,NOMINAL,2026-03-07T02:10:40Z,434
48149.0,PAYLOAD,53548.0,PAYLOAD,8.8677,3e-08,NOMINAL,2026-03-07T17:05:40Z,1329
39490.0,PAYLOAD,54852.0,PAYLOAD,8.8679,3e-08,NOMINAL,2026-03-07T07:25:40Z,749
59302.0,PAYLOAD,65209.0,PAYLOAD,8.8681,3e-08,NOMINAL,2026-03-07T13:45:40Z,1129
28974.0,DEBRIS,31566.0,DEBRIS,8.8682,3e-08,NOMINAL,2026-03-07T08:26:40Z,810
60272.0,PAYLOAD,65888.0,PAYLOAD,8.8682,3e-08,NOMINAL,2026-03-07T18:13:40Z,1397
48606.0,PAYLOAD,58188.0,PAYLOAD,8.8687,3e-08,NOMINAL,2026-03-07T01:15:40Z,379
48364.0,PAYLOAD,66527.0,PAYLOAD,8.8691,3e-08,NOMINAL,2026-03-07T06:30:40Z,694
52793.0,PAYLOAD,55346.0,PAYLOAD,8.8692,3e-08,NOMINAL,2026-03-06T21:19:40Z,143
1174.0,DEBRIS,5850.0,DEBRIS,8.8702,3e-08,NOMINAL,2026-03-07T13:31:40Z,1115
63399.0,PAYLOAD,65516.0,PAYLOAD,8.8707,3e-08,NOMINAL,2026-03-06T23:00:40Z,244
35177.0,DEBRIS,46448.0,DEBRIS,8.8713,3e-08,NOMINAL,2026-03-07T12:54:40Z,1078
59522.0,PAYLOAD,66939.0,PAYLOAD,8.8713,3e-08,NOMINAL,2026-03-07T16:28:40Z,1292
58381.0,PAYLOAD,59619.0,PAYLOAD,8.8717,3e-08,NOMINAL,2026-03-07T01:25:40Z,389
59166.0,PAYLOAD,59204.0,PAYLOAD,8.8719,3e-08,NOMINAL,2026-03-07T00:10:40Z,314
35635.0,PAYLOAD,37048.0,DEBRIS,8.8721,3e-08,NOMINAL,2026-03-07T16:09:40Z,1273
58673.0,PAYLOAD,65473.0,PAYLOAD,8.8724,3e-08,NOMINAL,2026-03-07T16:01:40Z,1265
4019.0,DEBRIS,67335.0,PAYLOAD,8.8724,3e-08,NOMINAL,2026-03-06T22:00:40Z,184
11166.0,ROCKET BODY,32183.0,DEBRIS,8.8735,3e-08,NOMINAL,2026-03-07T05:58:40Z,662
46496.0,PAYLOAD,64772.0,PAYLOAD,8.8741,3e-08,NOMINAL,2026-03-07T09:02:40Z,846
58772.0,PAYLOAD,59671.0,PAYLOAD,8.8744,3e-08,NOMINAL,2026-03-07T14:10:40Z,1154
43146.0,PAYLOAD,64604.0,PAYLOAD,8.8744,3e-08,NOMINAL,2026-03-07T11:50:40Z,1014
55368.0,PAYLOAD,65061.0,PAYLOAD,8.8748,3e-08,NOMINAL,2026-03-06T20:24:40Z,88
2562.0,DEBRIS,65750.0,PAYLOAD,8.8762,2e-08,NOMINAL,2026-03-07T08:05:40Z,789
57310.0,PAYLOAD,66607.0,PAYLOAD,8.8763,2e-08,NOMINAL,2026-03-07T14:03:40Z,1147
59495.0,PAYLOAD,63861.0,PAYLOAD,8.8768,2e-08,NOMINAL,2026-03-07T06:24:40Z,688
57875.0,PAYLOAD,66247.0,PAYLOAD,8.877,2e-08,NOMINAL,2026-03-07T04:32:40Z,576
62777.0,PAYLOAD,63787.0,PAYLOAD,8.8774,2e-08,NOMINAL,2026-03-06T21:27:40Z,151
18958.0,PAYLOAD,39625.0,ROCKET BODY,8.8782,2e-08,NOMINAL,2026-03-07T08:51:40Z,835
775.0,ROCKET BODY,7951.0,DEBRIS,8.8788,2e-08,NOMINAL,2026-03-07T17:16:40Z,1340
63284.0,PAYLOAD,66189.0,PAYLOAD,8.8795,2e-08,NOMINAL,2026-03-07T05:07:40Z,611
10234.0,DEBRIS,65907.0,PAYLOAD,8.8796,2e-08,NOMINAL,2026-03-06T20:30:40Z,94
58245.0,PAYLOAD,64552.0,PAYLOAD,8.8799,2e-08,NOMINAL,2026-03-07T08:57:40Z,841
33982.0,DEBRIS,36945.0,DEBRIS,8.8801,2e-08,NOMINAL,2026-03-07T00:58:40Z,362
29094.0,DEBRIS,39585.0,DEBRIS,8.8808,2e-08,NOMINAL,2026-03-07T04:00:40Z,544
58869.0,PAYLOAD,62491.0,PAYLOAD,8.8811,2e-08,NOMINAL,2026-03-07T14:43:40Z,1187
60092.0,PAYLOAD,62373.0,DEBRIS,8.8812,2e-08,NOMINAL,2026-03-07T08:57:40Z,841
61916.0,PAYLOAD,65092.0,PAYLOAD,8.8837,2e-08,NOMINAL,2026-03-07T02:15:40Z,439
48303.0,PAYLOAD,58033.0,PAYLOAD,8.8837,2e-08,NOMINAL,2026-03-07T03:11:40Z,495
63516.0,PAYLOAD,63677.0,PAYLOAD,8.8842,2e-08,NOMINAL,2026-03-07T10:14:40Z,918
12406.0,DEBRIS,42186.0,DEBRIS,8.8842,2e-08,NOMINAL,2026-03-07T11:56:40Z,1020
57997.0,PAYLOAD,65678.0,PAYLOAD,8.885,2e-08,NOMINAL,2026-03-07T14:49:40Z,1193
47405.0,PAYLOAD,53024.0,PAYLOAD,8.8856,2e-08,NOMINAL,2026-03-07T15:49:40Z,1253
48485.0,PAYLOAD,66440.0,PAYLOAD,8.8856,2e-08,NOMINAL,2026-03-07T07:08:40Z,732
34229.0,DEBRIS,60237.0,UNKNOWN,8.8857,2e-08,NOMINAL,2026-03-07T14:13:40Z,1157
63987.0,UNKNOWN,66683.0,PAYLOAD,8.8865,2e-08,NOMINAL,2026-03-07T18:16:40Z,1400
42921.0,PAYLOAD,56908.0,PAYLOAD,8.8887,2e-08,NOMINAL,2026-03-06T20:55:40Z,119
1880.0,DEBRIS,47731.0,PAYLOAD,8.8888,2e-08,NOMINAL,2026-03-07T17:41:40Z,1365
11672.0,ROCKET BODY,55228.0,DEBRIS,8.8891,2e-08,NOMINAL,2026-03-07T16:51:40Z,1315
16494.0,ROCKET BODY,38491.0,DEBRIS,8.8896,2e-08,NOMINAL,2026-03-06T22:01:40Z,185
62600.0,PAYLOAD,66348.0,PAYLOAD,8.8898,2e-08,NOMINAL,2026-03-07T12:50:40Z,1074
63467.0,PAYLOAD,66253.0,PAYLOAD,8.8902,2e-08,NOMINAL,2026-03-07T14:15:40Z,1159
62622.0,PAYLOAD,66667.0,PAYLOAD,8.8904,2e-08,NOMINAL,2026-03-06T21:47:40Z,171
58969.0,PAYLOAD,62285.0,PAYLOAD,8.8904,2e-08,NOMINAL,2026-03-06T20:08:40Z,72
63987.0,UNKNOWN,66680.0,PAYLOAD,8.8905,2e-08,NOMINAL,2026-03-07T00:52:40Z,356
57678.0,PAYLOAD,58010.0,PAYLOAD,8.8918,2e-08,NOMINAL,2026-03-07T02:50:40Z,474
36467.0,DEBRIS,48184.0,DEBRIS,8.8921,2e-08,NOMINAL,2026-03-06T22:05:40Z,189
65519.0,PAYLOAD,66519.0,PAYLOAD,8.8922,2e-08,NOMINAL,2026-03-07T16:41:40Z,1305
58935.0,PAYLOAD,61863.0,PAYLOAD,8.8923,2e-08,NOMINAL,2026-03-07T14:33:40Z,1177
36226.0,DEBRIS,40677.0,DEBRIS,8.8927,2e-08,NOMINAL,2026-03-07T10:37:40Z,941
50850.0,PAYLOAD,51965.0,PAYLOAD,8.8933,2e-08,NOMINAL,2026-03-07T08:43:40Z,827
60599.0,PAYLOAD,62499.0,PAYLOAD,8.8937,2e-08,NOMINAL,2026-03-07T08:28:40Z,812
48390.0,PAYLOAD,59926.0,PAYLOAD,8.8946,2e-08,NOMINAL,2026-03-07T09:02:40Z,846
40045.0,PAYLOAD,66316.0,PAYLOAD,8.8953,2e-08,NOMINAL,2026-03-07T12:23:40Z,1047
59499.0,PAYLOAD,67040.0,PAYLOAD,8.8955,2e-08,NOMINAL,2026-03-07T01:34:40Z,398
63837.0,PAYLOAD,65681.0,PAYLOAD,8.8967,2e-08,NOMINAL,2026-03-07T14:59:40Z,1203
53735.0,PAYLOAD,56708.0,PAYLOAD,8.8975,2e-08,NOMINAL,2026-03-07T08:21:40Z,805
2281.0,DEBRIS,59761.0,PAYLOAD,8.8976,2e-08,NOMINAL,2026-03-07T12:31:40Z,1055
12737.0,DEBRIS,39709.0,DEBRIS,8.8979,2e-08,NOMINAL,2026-03-07T17:40:40Z,1364
46052.0,PAYLOAD,57632.0,PAYLOAD,8.898,2e-08,NOMINAL,2026-03-07T18:07:40Z,1391
21345.0,DEBRIS,54130.0,PAYLOAD,8.8981,2e-08,NOMINAL,2026-03-07T05:23:40Z,627
58214.0,PAYLOAD,67448.0,PAYLOAD,8.8984,2e-08,NOMINAL,2026-03-07T00:41:40Z,345
48662.0,PAYLOAD,53404.0,PAYLOAD,8.8985,2e-08,NOMINAL,2026-03-07T14:38:40Z,1182
5299.0,DEBRIS,66527.0,PAYLOAD,8.8988,2e-08,NOMINAL,2026-03-06T20:48:40Z,112
21667.0,ROCKET BODY,81123.0,UNKNOWN,8.8992,2e-08,NOMINAL,2026-03-07T14:59:40Z,1203
17623.0,DEBRIS,30504.0,DEBRIS,8.8996,2e-08,NOMINAL,2026-03-07T15:26:40Z,1230
43261.0,DEBRIS,55653.0,PAYLOAD,8.901,2e-08,NOMINAL,2026-03-07T15:07:40Z,1211
59267.0,PAYLOAD,62531.0,PAYLOAD,8.901,2e-08,NOMINAL,2026-03-07T03:21:40Z,505
57844.0,PAYLOAD,67776.0,PAYLOAD,8.9011,2e-08,NOMINAL,2026-03-07T09:13:40Z,857
59033.0,PAYLOAD,67046.0,PAYLOAD,8.9017,2e-08,NOMINAL,2026-03-07T04:45:40Z,589
7579.0,ROCKET BODY,44537.0,PAYLOAD,8.902,2e-08,NOMINAL,2026-03-07T03:18:40Z,502
60436.0,PAYLOAD,66325.0,PAYLOAD,8.9022,2e-08,NOMINAL,2026-03-07T15:42:40Z,1246
65624.0,PAYLOAD,66963.0,PAYLOAD,8.9022,2e-08,NOMINAL,2026-03-07T03:13:40Z,497
60600.0,PAYLOAD,63707.0,PAYLOAD,8.9023,2e-08,NOMINAL,2026-03-07T04:22:40Z,566
36745.0,PAYLOAD,44186.0,PAYLOAD,8.903,2e-08,NOMINAL,2026-03-07T03:41:40Z,525
59632.0,PAYLOAD,60367.0,PAYLOAD,8.9043,2e-08,NOMINAL,2026-03-07T15:28:40Z,1232
48357.0,PAYLOAD,66864.0,PAYLOAD,8.9047,2e-08,NOMINAL,2026-03-06T23:46:40Z,290
2832.0,PAYLOAD,8283.0,DEBRIS,8.905,2e-08,NOMINAL,2026-03-07T09:43:40Z,887
4411.0,PAYLOAD,6086.0,PAYLOAD,8.9052,2e-08,NOMINAL,2026-03-07T13:59:40Z,1143
48582.0,PAYLOAD,54806.0,PAYLOAD,8.9056,2e-08,NOMINAL,2026-03-07T01:11:40Z,375
41173.0,PAYLOAD,58437.0,PAYLOAD,8.9061,2e-08,NOMINAL,2026-03-07T09:59:40Z,903
9925.0,DEBRIS,67563.0,PAYLOAD,8.9075,2e-08,NOMINAL,2026-03-07T15:39:40Z,1243
59332.0,PAYLOAD,64725.0,PAYLOAD,8.9076,2e-08,NOMINAL,2026-03-06T22:23:40Z,207
58808.0,PAYLOAD,60286.0,PAYLOAD,8.908,2e-08,NOMINAL,2026-03-07T10:18:40Z,922
61857.0,PAYLOAD,66393.0,PAYLOAD,8.908,2e-08,NOMINAL,2026-03-07T13:22:40Z,1106
48686.0,PAYLOAD,58094.0,PAYLOAD,8.9087,2e-08,NOMINAL,2026-03-07T13:32:40Z,1116
29216.0,DEBRIS,43032.0,PAYLOAD,8.9091,2e-08,NOMINAL,2026-03-07T03:09:40Z,493
4721.0,PAYLOAD,26791.0,DEBRIS,8.9092,2e-08,NOMINAL,2026-03-07T05:47:40Z,651
62815.0,PAYLOAD,67135.0,PAYLOAD,8.9101,2e-08,NOMINAL,2026-03-07T16:05:40Z,1269
61977.0,PAYLOAD,63494.0,PAYLOAD,8.9102,2e-08,NOMINAL,2026-03-07T09:21:40Z,865
63851.0,PAYLOAD,66935.0,PAYLOAD,8.9108,2e-08,NOMINAL,2026-03-07T18:25:40Z,1409
37407.0,DEBRIS,45590.0,PAYLOAD,8.9115,2e-08,NOMINAL,2026-03-07T04:08:40Z,552
56290.0,PAYLOAD,62898.0,PAYLOAD,8.912,2e-08,NOMINAL,2026-03-07T13:25:40Z,1109
59903.0,PAYLOAD,64603.0,PAYLOAD,8.9124,2e-08,NOMINAL,2026-03-07T13:25:40Z,1109
41538.0,DEBRIS,55001.0,DEBRIS,8.9124,2e-08,NOMINAL,2026-03-07T12:09:40Z,1033
40.0,DEBRIS,65628.0,PAYLOAD,8.9127,2e-08,NOMINAL,2026-03-07T12:11:40Z,1035
62373.0,DEBRIS,65410.0,PAYLOAD,8.914,2e-08,NOMINAL,2026-03-07T13:20:40Z,1104
25395.0,PAYLOAD,41713.0,DEBRIS,8.9143,2e-08,NOMINAL,2026-03-07T15:45:40Z,1249
28891.0,PAYLOAD,36038.0,DEBRIS,8.9145,2e-08,NOMINAL,2026-03-07T13:51:40Z,1135
47656.0,PAYLOAD,58485.0,PAYLOAD,8.9146,2e-08,NOMINAL,2026-03-07T15:36:40Z,1240
59874.0,PAYLOAD,62124.0,PAYLOAD,8.9147,2e-08,NOMINAL,2026-03-07T07:39:40Z,763
58004.0,PAYLOAD,66804.0,PAYLOAD,8.916,2e-08,NOMINAL,2026-03-07T04:02:40Z,546
6323.0,PAYLOAD,61841.0,DEBRIS,8.9168,2e-08,NOMINAL,2026-03-07T00:56:40Z,360
60975.0,DEBRIS,65557.0,PAYLOAD,8.9175,2e-08,NOMINAL,2026-03-07T01:55:40Z,419
66399.0,PAYLOAD,66449.0,PAYLOAD,8.918,2e-08,NOMINAL,2026-03-06T21:31:40Z,155
63954.0,PAYLOAD,67035.0,PAYLOAD,8.9183,2e-08,NOMINAL,2026-03-07T14:44:40Z,1188
1489.0,DEBRIS,54006.0,PAYLOAD,8.9185,2e-08,NOMINAL,2026-03-07T12:30:40Z,1054
65504.0,PAYLOAD,66494.0,PAYLOAD,8.9189,2e-08,NOMINAL,2026-03-07T08:12:40Z,796
57665.0,PAYLOAD,63660.0,PAYLOAD,8.9191,2e-08,NOMINAL,2026-03-07T11:05:40Z,969
60441.0,PAYLOAD,61968.0,PAYLOAD,8.9192,2e-08,NOMINAL,2026-03-07T03:50:40Z,534
58140.0,PAYLOAD,66616.0,PAYLOAD,8.9192,2e-08,NOMINAL,2026-03-07T11:48:40Z,1012
63908.0,PAYLOAD,66269.0,PAYLOAD,8.9202,2e-08,NOMINAL,2026-03-07T07:23:40Z,747
28809.0,PAYLOAD,62727.0,UNKNOWN,8.9202,2e-08,NOMINAL,2026-03-07T09:17:40Z,861
61758.0,UNKNOWN,66832.0,PAYLOAD,8.9202,2e-08,NOMINAL,2026-03-06T19:12:40Z,16
57715.0,PAYLOAD,58495.0,PAYLOAD,8.9211,2e-08,NOMINAL,2026-03-07T05:26:40Z,630
61307.0,DEBRIS,61833.0,DEBRIS,8.9216,2e-08,NOMINAL,2026-03-06T22:35:40Z,219
60343.0,PAYLOAD,63955.0,PAYLOAD,8.9217,2e-08,NOMINAL,2026-03-06T22:17:40Z,201
59497.0,PAYLOAD,64616.0,PAYLOAD,8.9221,2e-08,NOMINAL,2026-03-07T11:36:40Z,1000
46468.0,DEBRIS,61803.0,DEBRIS,8.9221,2e-08,NOMINAL,2026-03-07T09:26:40Z,870
43024.0,PAYLOAD,67035.0,PAYLOAD,8.9228,2e-08,NOMINAL,2026-03-07T14:32:40Z,1176
57932.0,PAYLOAD,64536.0,PAYLOAD,8.9237,2e-08,NOMINAL,2026-03-07T01:09:40Z,373
32371.0,DEBRIS,55316.0,PAYLOAD,8.924,2e-08,NOMINAL,2026-03-06T23:02:40Z,246
57175.0,UNKNOWN,66402.0,PAYLOAD,8.925,2e-08,NOMINAL,2026-03-07T13:35:40Z,1119
59605.0,PAYLOAD,66171.0,PAYLOAD,8.9259,2e-08,NOMINAL,2026-03-07T04:54:40Z,598
59406.0,PAYLOAD,63579.0,PAYLOAD,8.9267,2e-08,NOMINAL,2026-03-07T01:57:40Z,421
20866.0,DEBRIS,54571.0,DEBRIS,8.9268,2e-08,NOMINAL,2026-03-07T10:40:40Z,944
52301.0,PAYLOAD,67148.0,PAYLOAD,8.9271,2e-08,NOMINAL,2026-03-07T05:44:40Z,648
58905.0,PAYLOAD,65558.0,PAYLOAD,8.9275,2e-08,NOMINAL,2026-03-07T04:24:40Z,568
58082.0,PAYLOAD,59838.0,PAYLOAD,8.9275,2e-08,NOMINAL,2026-03-07T12:30:40Z,1054
44768.0,PAYLOAD,66404.0,PAYLOAD,8.9277,2e-08,NOMINAL,2026-03-07T16:19:40Z,1283
59964.0,PAYLOAD,64439.0,PAYLOAD,8.9281,2e-08,NOMINAL,2026-03-07T16:04:40Z,1268
57717.0,PAYLOAD,63484.0,PAYLOAD,8.9289,2e-08,NOMINAL,2026-03-07T08:20:40Z,804
59188.0,PAYLOAD,62115.0,PAYLOAD,8.9301,2e-08,NOMINAL,2026-03-07T14:16:40Z,1160
361.0,PAYLOAD,3015.0,ROCKET BODY,8.9304,2e-08,NOMINAL,2026-03-07T11:57:40Z,1021
62654.0,PAYLOAD,62686.0,PAYLOAD,8.9308,2e-08,NOMINAL,2026-03-07T07:46:40Z,770
63990.0,UNKNOWN,65754.0,PAYLOAD,8.9309,2e-08,NOMINAL,2026-03-07T03:12:40Z,496
61977.0,PAYLOAD,63509.0,PAYLOAD,8.9309,2e-08,NOMINAL,2026-03-07T03:51:40Z,535
52126.0,PAYLOAD,56119.0,PAYLOAD,8.931,2e-08,NOMINAL,2026-03-07T16:00:40Z,1264
57809.0,PAYLOAD,64895.0,UNKNOWN,8.9316,2e-08,NOMINAL,2026-03-06T22:45:40Z,229
65890.0,PAYLOAD,66488.0,PAYLOAD,8.9317,2e-08,NOMINAL,2026-03-07T14:13:40Z,1157
59309.0,PAYLOAD,61725.0,PAYLOAD,8.9321,2e-08,NOMINAL,2026-03-07T07:02:40Z,726
54859.0,PAYLOAD,54867.0,PAYLOAD,8.9325,2e-08,NOMINAL,2026-03-07T13:43:40Z,1127
31456.0,DEBRIS,41835.0,DEBRIS,8.9335,2e-08,NOMINAL,2026-03-07T17:02:40Z,1326
59041.0,PAYLOAD,62953.0,PAYLOAD,8.9345,2e-08,NOMINAL,2026-03-07T11:49:40Z,1013
57513.0,PAYLOAD,58673.0,PAYLOAD,8.9359,2e-08,NOMINAL,2026-03-07T02:58:40Z,482
58056.0,PAYLOAD,59159.0,PAYLOAD,8.936,2e-08,NOMINAL,2026-03-07T06:34:40Z,698
4553.0,PAYLOAD,7102.0,DEBRIS,8.9363,2e-08,NOMINAL,2026-03-07T04:05:40Z,549
59390.0,PAYLOAD,59546.0,PAYLOAD,8.9363,2e-08,NOMINAL,2026-03-07T04:25:40Z,569
64614.0,PAYLOAD,66433.0,PAYLOAD,8.9364,2e-08,NOMINAL,2026-03-06T23:43:40Z,287
56879.0,PAYLOAD,64156.0,PAYLOAD,8.9368,2e-08,NOMINAL,2026-03-07T01:11:40Z,375
58634.0,PAYLOAD,60465.0,PAYLOAD,8.9369,2e-08,NOMINAL,2026-03-07T06:14:40Z,678
31661.0,DEBRIS,42231.0,DEBRIS,8.9374,2e-08,NOMINAL,2026-03-06T22:19:40Z,203
3917.0,DEBRIS,32147.0,DEBRIS,8.9376,2e-08,NOMINAL,2026-03-07T02:31:40Z,455
61898.0,UNKNOWN,66721.0,PAYLOAD,8.9379,2e-08,NOMINAL,2026-03-07T17:01:40Z,1325
34003.0,DEBRIS,61076.0,DEBRIS,8.9381,2e-08,NOMINAL,2026-03-07T13:17:40Z,1101
27806.0,DEBRIS,36435.0,DEBRIS,8.9383,2e-08,NOMINAL,2026-03-07T09:05:40Z,849
30833.0,DEBRIS,41705.0,DEBRIS,8.9391,2e-08,NOMINAL,2026-03-07T07:39:40Z,763
30996.0,DEBRIS,31687.0,DEBRIS,8.9397,2e-08,NOMINAL,2026-03-07T18:31:40Z,1415
63426.0,PAYLOAD,63958.0,PAYLOAD,8.9398,2e-08,NOMINAL,2026-03-06T23:33:40Z,277
48138.0,PAYLOAD,62742.0,PAYLOAD,8.94,2e-08,NOMINAL,2026-03-07T03:37:40Z,521
45080.0,PAYLOAD,58222.0,PAYLOAD,8.9406,2e-08,NOMINAL,2026-03-07T16:40:40Z,1304
58138.0,PAYLOAD,62100.0,PAYLOAD,8.9414,2e-08,NOMINAL,2026-03-07T05:38:40Z,642
56893.0,PAYLOAD,64155.0,PAYLOAD,8.9415,2e-08,NOMINAL,2026-03-07T02:47:40Z,471
3143.0,ROCKET BODY,6777.0,ROCKET BODY,8.9418,2e-08,NOMINAL,2026-03-06T22:55:40Z,239
56813.0,PAYLOAD,64578.0,PAYLOAD,8.9423,2e-08,NOMINAL,2026-03-07T02:54:40Z,478
62119.0,PAYLOAD,65410.0,PAYLOAD,8.9423,2e-08,NOMINAL,2026-03-07T07:21:40Z,745
53022.0,PAYLOAD,57450.0,PAYLOAD,8.9425,2e-08,NOMINAL,2026-03-07T02:15:40Z,439
43796.0,PAYLOAD,66335.0,PAYLOAD,8.9427,2e-08,NOMINAL,2026-03-07T17:49:40Z,1373
47354.0,PAYLOAD,58377.0,PAYLOAD,8.9427,2e-08,NOMINAL,2026-03-07T10:55:40Z,959
59198.0,PAYLOAD,61669.0,PAYLOAD,8.9427,2e-08,NOMINAL,2026-03-07T15:58:40Z,1262
58230.0,PAYLOAD,67329.0,PAYLOAD,8.9435,2e-08,NOMINAL,2026-03-07T02:01:40Z,425
30629.0,DEBRIS,87706.0,UNKNOWN,8.9453,2e-08,NOMINAL,2026-03-07T16:11:40Z,1275
58870.0,PAYLOAD,65022.0,PAYLOAD,8.9459,2e-08,NOMINAL,2026-03-07T05:32:40Z,636
59601.0,PAYLOAD,62128.0,PAYLOAD,8.9459,2e-08,NOMINAL,2026-03-07T17:08:40Z,1332
270019.0,UNKNOWN,270337.0,UNKNOWN,8.9459,2e-08,NOMINAL,2026-03-07T06:22:40Z,686
59527.0,PAYLOAD,62574.0,PAYLOAD,8.9472,2e-08,NOMINAL,2026-03-07T06:15:40Z,679
22487.0,PAYLOAD,30050.0,DEBRIS,8.9472,2e-08,NOMINAL,2026-03-07T07:17:40Z,741
59876.0,PAYLOAD,65686.0,PAYLOAD,8.9475,2e-08,NOMINAL,2026-03-07T17:07:40Z,1331
56383.0,PAYLOAD,57772.0,PAYLOAD,8.9478,2e-08,NOMINAL,2026-03-06T18:56:40Z,0
45366.0,PAYLOAD,48096.0,PAYLOAD,8.9481,2e-08,NOMINAL,2026-03-07T17:23:40Z,1347
48713.0,DEBRIS,53469.0,PAYLOAD,8.9486,2e-08,NOMINAL,2026-03-07T04:22:40Z,566
17624.0,DEBRIS,33973.0,DEBRIS,8.9492,2e-08,NOMINAL,2026-03-07T05:39:40Z,643
59398.0,PAYLOAD,64447.0,PAYLOAD,8.9505,2e-08,NOMINAL,2026-03-07T16:00:40Z,1264
59198.0,PAYLOAD,61728.0,PAYLOAD,8.951,2e-08,NOMINAL,2026-03-07T16:59:40Z,1323
59747.0,PAYLOAD,63705.0,PAYLOAD,8.9516,2e-08,NOMINAL,2026-03-07T18:03:40Z,1387
59877.0,PAYLOAD,65221.0,PAYLOAD,8.9516,2e-08,NOMINAL,2026-03-06T23:31:40Z,275
59851.0,PAYLOAD,63445.0,PAYLOAD,8.9518,2e-08,NOMINAL,2026-03-07T12:23:40Z,1047
62760.0,PAYLOAD,63787.0,PAYLOAD,8.9525,2e-08,NOMINAL,2026-03-07T17:04:40Z,1328
56509.0,PAYLOAD,65190.0,PAYLOAD,8.9527,2e-08,NOMINAL,2026-03-07T13:55:40Z,1139
44949.0,PAYLOAD,63905.0,PAYLOAD,8.9527,2e-08,NOMINAL,2026-03-07T01:39:40Z,403
37924.0,DEBRIS,45656.0,DEBRIS,8.9529,2e-08,NOMINAL,2026-03-06T20:01:40Z,65
67703.0,PAYLOAD,88336.0,UNKNOWN,8.9539,2e-08,NOMINAL,2026-03-07T14:58:40Z,1202
52822.0,DEBRIS,57639.0,PAYLOAD,8.9544,2e-08,NOMINAL,2026-03-07T11:50:40Z,1014
6178.0,DEBRIS,29871.0,DEBRIS,8.9556,2e-08,NOMINAL,2026-03-07T16:56:40Z,1320
4687.0,DEBRIS,4998.0,DEBRIS,8.9556,2e-08,NOMINAL,2026-03-06T21:49:40Z,173
9632.0,DEBRIS,10158.0,ROCKET BODY,8.9559,2e-08,NOMINAL,2026-03-06T19:12:40Z,16
4362.0,PAYLOAD,21285.0,DEBRIS,8.9559,2e-08,NOMINAL,2026-03-07T03:05:40Z,489
49029.0,PAYLOAD,57911.0,PAYLOAD,8.9563,2e-08,NOMINAL,2026-03-06T22:31:40Z,215
7727.0,PAYLOAD,35177.0,DEBRIS,8.9566,2e-08,NOMINAL,2026-03-07T14:11:40Z,1155
2808.0,DEBRIS,2818.0,ROCKET BODY,8.9572,2e-08,NOMINAL,2026-03-07T11:53:40Z,1017
58076.0,PAYLOAD,62047.0,PAYLOAD,8.9586,2e-08,NOMINAL,2026-03-06T19:45:40Z,49
1948.0,DEBRIS,59417.0,PAYLOAD,8.9592,2e-08,NOMINAL,2026-03-06T21:17:40Z,141
3996.0,DEBRIS,48435.0,PAYLOAD,8.96,2e-08,NOMINAL,2026-03-07T14:19:40Z,1163
58101.0,PAYLOAD,63575.0,PAYLOAD,8.9607,2e-08,NOMINAL,2026-03-07T11:15:40Z,979
23526.0,PAYLOAD,38519.0,DEBRIS,8.9627,2e-08,NOMINAL,2026-03-07T06:42:40Z,706
48354.0,PAYLOAD,63652.0,PAYLOAD,8.9628,2e-08,NOMINAL,2026-03-07T12:31:40Z,1055
6112.0,DEBRIS,13257.0,PAYLOAD,8.9629,2e-08,NOMINAL,2026-03-07T03:00:40Z,484
12669.0,DEBRIS,39972.0,DEBRIS,8.9631,2e-08,NOMINAL,2026-03-06T20:39:40Z,103
57823.0,PAYLOAD,66593.0,PAYLOAD,8.9632,2e-08,NOMINAL,2026-03-07T15:42:40Z,1246
60057.0,PAYLOAD,63683.0,PAYLOAD,8.9634,2e-08,NOMINAL,2026-03-07T00:40:40Z,344
42921.0,PAYLOAD,55283.0,PAYLOAD,8.9645,2e-08,NOMINAL,2026-03-07T14:20:40Z,1164
38726.0,DEBRIS,66312.0,PAYLOAD,8.9645,2e-08,NOMINAL,2026-03-07T18:45:40Z,1429
58943.0,PAYLOAD,67308.0,PAYLOAD,8.965,2e-08,NOMINAL,2026-03-06T20:44:40Z,108
6241.0,DEBRIS,9804.0,PAYLOAD,8.9659,2e-08,NOMINAL,2026-03-06T20:37:40Z,101
58411.0,PAYLOAD,63581.0,PAYLOAD,8.9666,2e-08,NOMINAL,2026-03-07T16:38:40Z,1302
59657.0,PAYLOAD,66596.0,PAYLOAD,8.9668,2e-08,NOMINAL,2026-03-07T00:02:40Z,306
50814.0,PAYLOAD,53180.0,PAYLOAD,8.9669,2e-08,NOMINAL,2026-03-07T12:49:40Z,1073
53396.0,PAYLOAD,55489.0,PAYLOAD,8.967,2e-08,NOMINAL,2026-03-06T22:36:40Z,220
58417.0,PAYLOAD,66386.0,PAYLOAD,8.9675,2e-08,NOMINAL,2026-03-07T11:34:40Z,998
59616.0,PAYLOAD,62865.0,PAYLOAD,8.9675,2e-08,NOMINAL,2026-03-07T15:10:40Z,1214
45235.0,PAYLOAD,59476.0,PAYLOAD,8.9676,2e-08,NOMINAL,2026-03-07T11:20:40Z,984
48361.0,PAYLOAD,62737.0,PAYLOAD,8.9683,2e-08,NOMINAL,2026-03-07T00:02:40Z,306
58809.0,PAYLOAD,61959.0,PAYLOAD,8.9698,2e-08,NOMINAL,2026-03-07T01:12:40Z,376
58521.0,PAYLOAD,58679.0,PAYLOAD,8.9701,2e-08,NOMINAL,2026-03-07T00:10:40Z,314
43805.0,UNKNOWN,61244.0,PAYLOAD,8.9702,2e-08,NOMINAL,2026-03-07T02:28:40Z,452
47816.0,PAYLOAD,53723.0,PAYLOAD,8.9705,2e-08,NOMINAL,2026-03-07T00:31:40Z,335
57740.0,PAYLOAD,60027.0,PAYLOAD,8.9706,2e-08,NOMINAL,2026-03-07T04:26:40Z,570
47804.0,PAYLOAD,67339.0,PAYLOAD,8.9707,2e-08,NOMINAL,2026-03-07T17:37:40Z,1361
31400.0,DEBRIS,43010.0,PAYLOAD,8.971,2e-08,NOMINAL,2026-03-07T01:03:40Z,367
64383.0,PAYLOAD,65335.0,PAYLOAD,8.9713,2e-08,NOMINAL,2026-03-07T14:00:40Z,1144
66347.0,PAYLOAD,66359.0,PAYLOAD,8.9719,2e-08,NOMINAL,2026-03-07T14:41:40Z,1185
6638.0,DEBRIS,10522.0,DEBRIS,8.9722,2e-08,NOMINAL,2026-03-07T12:34:40Z,1058
62281.0,PAYLOAD,66192.0,PAYLOAD,8.9725,2e-08,NOMINAL,2026-03-06T20:30:40Z,94
59939.0,PAYLOAD,66151.0,PAYLOAD,8.9736,2e-08,NOMINAL,2026-03-07T03:38:40Z,522
58241.0,PAYLOAD,66539.0,PAYLOAD,8.9741,2e-08,NOMINAL,2026-03-07T09:51:40Z,895
61954.0,PAYLOAD,62847.0,PAYLOAD,8.9747,2e-08,NOMINAL,2026-03-07T04:39:40Z,583
2153.0,DEBRIS,45974.0,DEBRIS,8.9754,2e-08,NOMINAL,2026-03-07T06:00:40Z,664
44882.0,UNKNOWN,56530.0,PAYLOAD,8.9757,2e-08,NOMINAL,2026-03-07T00:38:40Z,342
66741.0,UNKNOWN,66766.0,PAYLOAD,8.976,2e-08,NOMINAL,2026-03-07T05:30:40Z,634
57864.0,PAYLOAD,61922.0,PAYLOAD,8.9762,2e-08,NOMINAL,2026-03-06T18:57:40Z,1
38114.0,DEBRIS,58429.0,DEBRIS,8.977,2e-08,NOMINAL,2026-03-06T23:48:40Z,292
47371.0,PAYLOAD,53547.0,PAYLOAD,8.9771,2e-08,NOMINAL,2026-03-07T00:35:40Z,339
24693.0,DEBRIS,63054.0,PAYLOAD,8.9795,2e-08,NOMINAL,2026-03-07T01:39:40Z,403
48972.0,PAYLOAD,56074.0,PAYLOAD,8.9799,2e-08,NOMINAL,2026-03-07T10:55:40Z,959
48679.0,PAYLOAD,54174.0,PAYLOAD,8.98,2e-08,NOMINAL,2026-03-07T16:58:40Z,1322
47179.0,PAYLOAD,67505.0,PAYLOAD,8.98,2e-08,NOMINAL,2026-03-07T16:14:40Z,1278
65873.0,PAYLOAD,67356.0,PAYLOAD,8.9806,2e-08,NOMINAL,2026-03-07T01:09:40Z,373
26123.0,DEBRIS,34972.0,DEBRIS,8.9809,2e-08,NOMINAL,2026-03-07T16:02:40Z,1266
40778.0,DEBRIS,61742.0,UNKNOWN,8.9813,2e-08,NOMINAL,2026-03-07T16:54:40Z,1318
45773.0,PAYLOAD,59944.0,PAYLOAD,8.9814,2e-08,NOMINAL,2026-03-07T12:30:40Z,1054
9548.0,DEBRIS,64844.0,PAYLOAD,8.9818,2e-08,NOMINAL,2026-03-06T22:52:40Z,236
9285.0,DEBRIS,62776.0,PAYLOAD,8.982,2e-08,NOMINAL,2026-03-06T19:20:40Z,24
64248.0,PAYLOAD,65029.0,PAYLOAD,8.9838,2e-08,NOMINAL,2026-03-07T14:51:40Z,1195
66288.0,PAYLOAD,66339.0,PAYLOAD,8.984,2e-08,NOMINAL,2026-03-07T13:05:40Z,1089
34011.0,DEBRIS,56668.0,DEBRIS,8.9852,2e-08,NOMINAL,2026-03-06T20:42:40Z,106
58008.0,PAYLOAD,65843.0,PAYLOAD,8.9863,2e-08,NOMINAL,2026-03-07T07:25:40Z,749
3275.0,ROCKET BODY,6874.0,ROCKET BODY,8.9866,2e-08,NOMINAL,2026-03-06T20:19:40Z,83
52751.0,UNKNOWN,53807.0,PAYLOAD,8.9877,2e-08,NOMINAL,2026-03-07T05:04:40Z,608
134.0,DEBRIS,49020.0,PAYLOAD,8.9877,2e-08,NOMINAL,2026-03-06T19:32:40Z,36
59191.0,PAYLOAD,59374.0,PAYLOAD,8.9878,2e-08,NOMINAL,2026-03-07T04:35:40Z,579
40521.0,DEBRIS,54405.0,DEBRIS,8.9889,2e-08,NOMINAL,2026-03-06T21:50:40Z,174
59773.0,PAYLOAD,62132.0,PAYLOAD,8.9904,2e-08,NOMINAL,2026-03-07T10:33:40Z,937
58239.0,PAYLOAD,59841.0,PAYLOAD,8.9919,2e-08,NOMINAL,2026-03-07T07:18:40Z,742
38358.0,PAYLOAD,53227.0,PAYLOAD,8.9922,2e-08,NOMINAL,2026-03-07T02:58:40Z,482
28057.0,PAYLOAD,50785.0,DEBRIS,8.9926,2e-08,NOMINAL,2026-03-07T10:20:40Z,924
57971.0,PAYLOAD,58052.0,PAYLOAD,8.9927,2e-08,NOMINAL,2026-03-06T23:23:40Z,267
4643.0,DEBRIS,19853.0,DEBRIS,8.9928,2e-08,NOMINAL,2026-03-07T14:43:40Z,1187
58363.0,PAYLOAD,59040.0,PAYLOAD,8.9933,2e-08,NOMINAL,2026-03-07T12:43:40Z,1067
27582.0,DEBRIS,49430.0,PAYLOAD,8.9934,2e-08,NOMINAL,2026-03-07T13:22:40Z,1106
34790.0,DEBRIS,60710.0,DEBRIS,8.9937,2e-08,NOMINAL,2026-03-06T20:32:40Z,96
61259.0,PAYLOAD,62110.0,PAYLOAD,8.9937,2e-08,NOMINAL,2026-03-07T03:34:40Z,518
60458.0,PAYLOAD,64686.0,PAYLOAD,8.9949,2e-08,NOMINAL,2026-03-07T00:39:40Z,343
58384.0,PAYLOAD,66818.0,PAYLOAD,8.9953,2e-08,NOMINAL,2026-03-07T10:27:40Z,931
63816.0,PAYLOAD,65354.0,PAYLOAD,8.9953,2e-08,NOMINAL,2026-03-07T03:38:40Z,522
59326.0,PAYLOAD,66344.0,PAYLOAD,8.996,2e-08,NOMINAL,2026-03-07T02:07:40Z,431
11564.0,PAYLOAD,61507.0,PAYLOAD,8.9964,2e-08,NOMINAL,2026-03-07T05:30:40Z,634
11564.0,PAYLOAD,61508.0,ROCKET BODY,8.9964,2e-08,NOMINAL,2026-03-07T05:30:40Z,634
55467.0,PAYLOAD,57895.0,PAYLOAD,8.9965,2e-08,NOMINAL,2026-03-07T15:23:40Z,1227
60816.0,DEBRIS,61369.0,DEBRIS,8.9969,2e-08,NOMINAL,2026-03-07T08:11:40Z,795
63911.0,PAYLOAD,66350.0,PAYLOAD,8.9971,2e-08,NOMINAL,2026-03-07T02:22:40Z,446
59201.0,PAYLOAD,59324.0,PAYLOAD,8.9974,2e-08,NOMINAL,2026-03-07T05:12:40Z,616
58867.0,PAYLOAD,64733.0,PAYLOAD,8.9974,2e-08,NOMINAL,2026-03-06T20:27:40Z,91
58528.0,PAYLOAD,66450.0,PAYLOAD,8.9975,2e-08,NOMINAL,2026-03-07T08:05:40Z,789
58604.0,PAYLOAD,63908.0,PAYLOAD,8.9982,2e-08,NOMINAL,2026-03-06T22:56:40Z,240
49139.0,PAYLOAD,53671.0,PAYLOAD,8.9987,2e-08,NOMINAL,2026-03-06T22:06:40Z,190
63904.0,PAYLOAD,65741.0,PAYLOAD,8.9988,2e-08,NOMINAL,2026-03-06T20:48:40Z,112
57951.0,PAYLOAD,62656.0,UNKNOWN,8.9996,2e-08,NOMINAL,2026-03-06T21:00:40Z,124
58352.0,PAYLOAD,60137.0,PAYLOAD,8.9998,2e-08,NOMINAL,2026-03-07T00:23:40Z,327
56295.0,PAYLOAD,57445.0,PAYLOAD,8.9998,2e-08,NOMINAL,2026-03-06T22:55:40Z,239
59570.0,PAYLOAD,60017.0,PAYLOAD,8.9998,2e-08,NOMINAL,2026-03-07T02:40:40Z,464
42391.0,DEBRIS,63905.0,PAYLOAD,9.0005,2e-08,NOMINAL,2026-03-07T07:52:40Z,776
60349.0,PAYLOAD,63850.0,PAYLOAD,9.0007,2e-08,NOMINAL,2026-03-06T20:11:40Z,75
62509.0,PAYLOAD,65467.0,PAYLOAD,9.0009,2e-08,NOMINAL,2026-03-07T03:05:40Z,489
3735.0,DEBRIS,67232.0,PAYLOAD,9.0018,2e-08,NOMINAL,2026-03-06T21:16:40Z,140
46075.0,PAYLOAD,51732.0,PAYLOAD,9.002,2e-08,NOMINAL,2026-03-07T16:04:40Z,1268
62137.0,PAYLOAD,62868.0,PAYLOAD,9.002,2e-08,NOMINAL,2026-03-07T00:00:40Z,304
58119.0,PAYLOAD,59782.0,PAYLOAD,9.0023,2e-08,NOMINAL,2026-03-07T10:56:40Z,960
72.0,ROCKET BODY,9583.0,DEBRIS,9.0025,2e-08,NOMINAL,2026-03-07T08:48:40Z,832
60740.0,PAYLOAD,63480.0,PAYLOAD,9.0026,2e-08,NOMINAL,2026-03-07T12:56:40Z,1080
58066.0,PAYLOAD,66128.0,PAYLOAD,9.0033,2e-08,NOMINAL,2026-03-07T14:39:40Z,1183
9655.0,DEBRIS,62640.0,PAYLOAD,9.0035,2e-08,NOMINAL,2026-03-07T18:49:40Z,1433
63650.0,PAYLOAD,66185.0,PAYLOAD,9.0036,2e-08,NOMINAL,2026-03-07T17:04:40Z,1328
48861.0,PAYLOAD,53079.0,PAYLOAD,9.0038,1e-08,NOMINAL,2026-03-07T05:57:40Z,661
58862.0,PAYLOAD,63516.0,PAYLOAD,9.0039,1e-08,NOMINAL,2026-03-07T04:23:40Z,567
17066.0,PAYLOAD,25409.0,DEBRIS,9.0041,1e-08,NOMINAL,2026-03-07T01:36:40Z,400
56701.0,PAYLOAD,60147.0,PAYLOAD,9.0044,1e-08,NOMINAL,2026-03-06T20:29:40Z,93
52877.0,PAYLOAD,88803.0,TBA,9.005,1e-08,NOMINAL,2026-03-07T13:28:40Z,1112
63859.0,PAYLOAD,65514.0,PAYLOAD,9.0052,1e-08,NOMINAL,2026-03-07T17:16:40Z,1340
4451.0,DEBRIS,25344.0,PAYLOAD,9.0053,1e-08,NOMINAL,2026-03-07T01:24:40Z,388
39522.0,PAYLOAD,50212.0,PAYLOAD,9.0055,1e-08,NOMINAL,2026-03-06T23:34:40Z,278
34176.0,DEBRIS,36048.0,DEBRIS,9.0057,1e-08,NOMINAL,2026-03-06T22:17:40Z,201
64140.0,PAYLOAD,64689.0,PAYLOAD,9.0058,1e-08,NOMINAL,2026-03-06T19:04:40Z,8
59856.0,PAYLOAD,65502.0,PAYLOAD,9.006,1e-08,NOMINAL,2026-03-06T21:17:40Z,141
31756.0,DEBRIS,40530.0,DEBRIS,9.0062,1e-08,NOMINAL,2026-03-07T18:27:40Z,1411
3327.0,ROCKET BODY,4185.0,ROCKET BODY,9.0065,1e-08,NOMINAL,2026-03-07T11:13:40Z,977
56129.0,PAYLOAD,65531.0,PAYLOAD,9.0078,1e-08,NOMINAL,2026-03-07T06:59:40Z,723
57635.0,PAYLOAD,64336.0,PAYLOAD,9.008,1e-08,NOMINAL,2026-03-07T05:59:40Z,663
61855.0,PAYLOAD,67679.0,UNKNOWN,9.008,1e-08,NOMINAL,2026-03-07T12:10:40Z,1034
8623.0,DEBRIS,59708.0,PAYLOAD,9.0084,1e-08,NOMINAL,2026-03-06T20:31:40Z,95
57188.0,UNKNOWN,59579.0,PAYLOAD,9.0088,1e-08,NOMINAL,2026-03-07T03:21:40Z,505
60103.0,PAYLOAD,61847.0,PAYLOAD,9.0094,1e-08,NOMINAL,2026-03-07T00:13:40Z,317
34451.0,DEBRIS,38024.0,DEBRIS,9.0099,1e-08,NOMINAL,2026-03-07T00:41:40Z,345
33665.0,DEBRIS,54822.0,PAYLOAD,9.0102,1e-08,NOMINAL,2026-03-06T19:10:40Z,14
14122.0,DEBRIS,67414.0,PAYLOAD,9.0106,1e-08,NOMINAL,2026-03-07T09:19:40Z,863
61738.0,UNKNOWN,64585.0,PAYLOAD,9.011,1e-08,NOMINAL,2026-03-07T16:23:40Z,1287
63025.0,PAYLOAD,64931.0,PAYLOAD,9.0115,1e-08,NOMINAL,2026-03-07T04:17:40Z,561
62815.0,PAYLOAD,67499.0,PAYLOAD,9.0131,1e-08,NOMINAL,2026-03-06T21:21:40Z,145
53588.0,PAYLOAD,57138.0,PAYLOAD,9.0133,1e-08,NOMINAL,2026-03-07T04:17:40Z,561
11122.0,ROCKET BODY,11235.0,ROCKET BODY,9.0155,1e-08,NOMINAL,2026-03-07T15:44:40Z,1248
47802.0,PAYLOAD,66233.0,PAYLOAD,9.0155,1e-08,NOMINAL,2026-03-06T18:58:40Z,2
43790.0,PAYLOAD,58475.0,PAYLOAD,9.0166,1e-08,NOMINAL,2026-03-06T21:53:40Z,177
44748.0,PAYLOAD,55041.0,PAYLOAD,9.0167,1e-08,NOMINAL,2026-03-06T21:05:40Z,129
15950.0,DEBRIS,35240.0,DEBRIS,9.0169,1e-08,NOMINAL,2026-03-07T17:00:40Z,1324
42118.0,DEBRIS,60811.0,DEBRIS,9.017,1e-08,NOMINAL,2026-03-07T12:40:40Z,1064
57878.0,PAYLOAD,63637.0,PAYLOAD,9.0175,1e-08,NOMINAL,2026-03-07T04:52:40Z,596
62953.0,PAYLOAD,63827.0,PAYLOAD,9.0179,1e-08,NOMINAL,2026-03-07T01:10:40Z,374
60117.0,PAYLOAD,62415.0,PAYLOAD,9.0184,1e-08,NOMINAL,2026-03-06T22:33:40Z,217
60373.0,PAYLOAD,64250.0,PAYLOAD,9.0185,1e-08,NOMINAL,2026-03-07T00:36:40Z,340
66234.0,PAYLOAD,66540.0,PAYLOAD,9.0186,1e-08,NOMINAL,2026-03-07T06:34:40Z,698
58785.0,PAYLOAD,59409.0,PAYLOAD,9.0189,1e-08,NOMINAL,2026-03-07T10:47:40Z,951
48289.0,PAYLOAD,63966.0,PAYLOAD,9.0191,1e-08,NOMINAL,2026-03-07T05:05:40Z,609
55868.0,DEBRIS,61117.0,DEBRIS,9.0192,1e-08,NOMINAL,2026-03-07T14:04:40Z,1148
29195.0,DEBRIS,42541.0,DEBRIS,9.0195,1e-08,NOMINAL,2026-03-07T17:30:40Z,1354
63581.0,PAYLOAD,66061.0,PAYLOAD,9.0197,1e-08,NOMINAL,2026-03-07T14:49:40Z,1193
35797.0,DEBRIS,63306.0,ROCKET BODY,9.02,1e-08,NOMINAL,2026-03-07T14:45:40Z,1189
3114.0,PAYLOAD,6083.0,DEBRIS,9.0215,1e-08,NOMINAL,2026-03-07T10:35:40Z,939
3006.0,ROCKET BODY,9612.0,DEBRIS,9.0219,1e-08,NOMINAL,2026-03-07T05:02:40Z,606
12388.0,PAYLOAD,56835.0,PAYLOAD,9.0223,1e-08,NOMINAL,2026-03-07T09:46:40Z,890
58135.0,PAYLOAD,62425.0,PAYLOAD,9.0224,1e-08,NOMINAL,2026-03-07T13:22:40Z,1106
59308.0,PAYLOAD,62304.0,PAYLOAD,9.0228,1e-08,NOMINAL,2026-03-07T03:18:40Z,502
49758.0,PAYLOAD,51974.0,PAYLOAD,9.0233,1e-08,NOMINAL,2026-03-07T14:48:40Z,1192
56413.0,PAYLOAD,65197.0,PAYLOAD,9.0247,1e-08,NOMINAL,2026-03-07T15:59:40Z,1263
60739.0,PAYLOAD,62052.0,PAYLOAD,9.0251,1e-08,NOMINAL,2026-03-07T10:34:40Z,938
66795.0,PAYLOAD,66943.0,PAYLOAD,9.0254,1e-08,NOMINAL,2026-03-07T09:09:40Z,853
59323.0,PAYLOAD,63435.0,PAYLOAD,9.0257,1e-08,NOMINAL,2026-03-07T11:15:40Z,979
60539.0,PAYLOAD,64363.0,PAYLOAD,9.0258,1e-08,NOMINAL,2026-03-07T02:03:40Z,427
50837.0,PAYLOAD,56388.0,PAYLOAD,9.026,1e-08,NOMINAL,2026-03-07T10:28:40Z,932
48566.0,PAYLOAD,53392.0,PAYLOAD,9.0263,1e-08,NOMINAL,2026-03-07T05:43:40Z,647
62673.0,PAYLOAD,88230.0,UNKNOWN,9.0266,1e-08,NOMINAL,2026-03-07T05:30:40Z,634
9318.0,DEBRIS,60518.0,PAYLOAD,9.027,1e-08,NOMINAL,2026-03-07T16:41:40Z,1305
59086.0,PAYLOAD,62895.0,PAYLOAD,9.0276,1e-08,NOMINAL,2026-03-07T03:56:40Z,540
58772.0,PAYLOAD,66561.0,PAYLOAD,9.0284,1e-08,NOMINAL,2026-03-07T10:26:40Z,930
59466.0,PAYLOAD,64226.0,PAYLOAD,9.0284,1e-08,NOMINAL,2026-03-07T03:24:40Z,508
20580.0,PAYLOAD,66874.0,PAYLOAD,9.0293,1e-08,NOMINAL,2026-03-06T22:57:40Z,241
63900.0,PAYLOAD,66380.0,PAYLOAD,9.0293,1e-08,NOMINAL,2026-03-07T16:45:40Z,1309
31714.0,DEBRIS,49753.0,PAYLOAD,9.0304,1e-08,NOMINAL,2026-03-07T04:10:40Z,554
58594.0,PAYLOAD,59584.0,PAYLOAD,9.0306,1e-08,NOMINAL,2026-03-07T01:17:40Z,381
57970.0,PAYLOAD,62125.0,PAYLOAD,9.0311,1e-08,NOMINAL,2026-03-07T05:11:40Z,615
36448.0,DEBRIS,65538.0,PAYLOAD,9.0317,1e-08,NOMINAL,2026-03-07T17:43:40Z,1367
59667.0,PAYLOAD,65826.0,PAYLOAD,9.0318,1e-08,NOMINAL,2026-03-07T08:57:40Z,841
58774.0,PAYLOAD,66512.0,PAYLOAD,9.0321,1e-08,NOMINAL,2026-03-06T23:45:40Z,289
48359.0,PAYLOAD,57534.0,PAYLOAD,9.0322,1e-08,NOMINAL,2026-03-07T17:39:40Z,1363
61853.0,PAYLOAD,66229.0,PAYLOAD,9.0326,1e-08,NOMINAL,2026-03-07T17:44:40Z,1368
61969.0,PAYLOAD,67034.0,PAYLOAD,9.0328,1e-08,NOMINAL,2026-03-07T17:48:40Z,1372
51655.0,PAYLOAD,65000.0,DEBRIS,9.033,1e-08,NOMINAL,2026-03-07T13:48:40Z,1132
59774.0,UNKNOWN,65698.0,PAYLOAD,9.0335,1e-08,NOMINAL,2026-03-06T21:20:40Z,144
58327.0,PAYLOAD,58823.0,UNKNOWN,9.0338,1e-08,NOMINAL,2026-03-07T05:13:40Z,617
60441.0,PAYLOAD,63769.0,PAYLOAD,9.0348,1e-08,NOMINAL,2026-03-07T15:22:40Z,1226
51962.0,PAYLOAD,63686.0,PAYLOAD,9.0349,1e-08,NOMINAL,2026-03-07T06:28:40Z,692
60941.0,PAYLOAD,65894.0,PAYLOAD,9.0363,1e-08,NOMINAL,2026-03-07T01:01:40Z,365
57958.0,PAYLOAD,61129.0,DEBRIS,9.0367,1e-08,NOMINAL,2026-03-07T07:30:40Z,754
63848.0,PAYLOAD,64184.0,PAYLOAD,9.037,1e-08,NOMINAL,2026-03-07T09:12:40Z,856
26121.0,DEBRIS,64895.0,UNKNOWN,9.0372,1e-08,NOMINAL,2026-03-06T21:23:40Z,147
45197.0,PAYLOAD,58443.0,PAYLOAD,9.0374,1e-08,NOMINAL,2026-03-07T00:48:40Z,352
59132.0,PAYLOAD,65219.0,PAYLOAD,9.0384,1e-08,NOMINAL,2026-03-07T16:52:40Z,1316
197.0,PAYLOAD,4342.0,PAYLOAD,9.0387,1e-08,NOMINAL,2026-03-07T08:56:40Z,840
485.0,DEBRIS,5848.0,DEBRIS,9.0388,1e-08,NOMINAL,2026-03-07T02:52:40Z,476
63238.0,UNKNOWN,66062.0,PAYLOAD,9.0391,1e-08,NOMINAL,2026-03-07T12:13:40Z,1037
63243.0,PAYLOAD,67299.0,UNKNOWN,9.0392,1e-08,NOMINAL,2026-03-07T12:06:40Z,1030
4724.0,DEBRIS,25420.0,PAYLOAD,9.04,1e-08,NOMINAL,2026-03-06T19:28:40Z,32
2343.0,DEBRIS,7777.0,DEBRIS,9.0403,1e-08,NOMINAL,2026-03-07T03:52:40Z,536
54900.0,DEBRIS,54969.0,DEBRIS,9.0403,1e-08,NOMINAL,2026-03-07T06:27:40Z,691
54425.0,DEBRIS,81371.0,UNKNOWN,9.0425,1e-08,NOMINAL,2026-03-07T07:48:40Z,772
57991.0,PAYLOAD,66492.0,PAYLOAD,9.0431,1e-08,NOMINAL,2026-03-07T02:10:40Z,434
17607.0,DEBRIS,54277.0,DEBRIS,9.0432,1e-08,NOMINAL,2026-03-07T07:15:40Z,739
48442.0,PAYLOAD,63812.0,PAYLOAD,9.0433,1e-08,NOMINAL,2026-03-07T03:19:40Z,503
63001.0,PAYLOAD,66888.0,PAYLOAD,9.0435,1e-08,NOMINAL,2026-03-07T12:42:40Z,1066
68046.0,UNKNOWN,68054.0,UNKNOWN,9.0435,1e-08,NOMINAL,2026-03-07T11:00:40Z,964
62154.0,PAYLOAD,65098.0,PAYLOAD,9.0439,1e-08,NOMINAL,2026-03-07T01:28:40Z,392
36656.0,DEBRIS,38413.0,DEBRIS,9.0451,1e-08,NOMINAL,2026-03-07T01:03:40Z,367
65635.0,PAYLOAD,67166.0,PAYLOAD,9.0457,1e-08,NOMINAL,2026-03-07T11:21:40Z,985
59895.0,PAYLOAD,66901.0,PAYLOAD,9.0463,1e-08,NOMINAL,2026-03-07T01:40:40Z,404
53637.0,PAYLOAD,57301.0,PAYLOAD,9.0469,1e-08,NOMINAL,2026-03-07T01:54:40Z,418
52862.0,PAYLOAD,65769.0,PAYLOAD,9.0476,1e-08,NOMINAL,2026-03-06T23:39:40Z,283
57938.0,PAYLOAD,66499.0,PAYLOAD,9.0484,1e-08,NOMINAL,2026-03-07T11:14:40Z,978
1350.0,DEBRIS,1901.0,DEBRIS,9.0486,1e-08,NOMINAL,2026-03-06T21:35:40Z,159
57150.0,PAYLOAD,65812.0,PAYLOAD,9.0494,1e-08,NOMINAL,2026-03-07T05:34:40Z,638
58125.0,PAYLOAD,66355.0,PAYLOAD,9.0497,1e-08,NOMINAL,2026-03-07T18:40:40Z,1424
47834.0,PAYLOAD,63658.0,PAYLOAD,9.05,1e-08,NOMINAL,2026-03-07T07:14:40Z,738
21712.0,DEBRIS,54621.0,DEBRIS,9.0513,1e-08,NOMINAL,2026-03-07T06:49:40Z,713
54329.0,DEBRIS,56882.0,PAYLOAD,9.0534,1e-08,NOMINAL,2026-03-07T03:22:40Z,506
58211.0,PAYLOAD,61969.0,PAYLOAD,9.0534,1e-08,NOMINAL,2026-03-07T00:03:40Z,307
26729.0,DEBRIS,57781.0,PAYLOAD,9.054,1e-08,NOMINAL,2026-03-07T07:19:40Z,743
60463.0,PAYLOAD,63412.0,PAYLOAD,9.0541,1e-08,NOMINAL,2026-03-07T11:42:40Z,1006
48597.0,PAYLOAD,64264.0,PAYLOAD,9.0545,1e-08,NOMINAL,2026-03-06T21:20:40Z,144
63381.0,PAYLOAD,67047.0,PAYLOAD,9.055,1e-08,NOMINAL,2026-03-07T03:18:40Z,502
44891.0,UNKNOWN,60023.0,PAYLOAD,9.0551,1e-08,NOMINAL,2026-03-06T22:28:40Z,212
48241.0,PAYLOAD,48768.0,PAYLOAD,9.0563,1e-08,NOMINAL,2026-03-07T14:23:40Z,1167
23606.0,PAYLOAD,63200.0,PAYLOAD,9.0564,1e-08,NOMINAL,2026-03-07T02:15:40Z,439
58156.0,PAYLOAD,58210.0,PAYLOAD,9.0566,1e-08,NOMINAL,2026-03-07T04:15:40Z,559
24996.0,DEBRIS,61087.0,DEBRIS,9.0567,1e-08,NOMINAL,2026-03-07T07:59:40Z,783
30363.0,DEBRIS,39639.0,DEBRIS,9.0574,1e-08,NOMINAL,2026-03-06T19:03:40Z,7
59296.0,PAYLOAD,61667.0,PAYLOAD,9.0577,1e-08,NOMINAL,2026-03-07T05:37:40Z,641
33886.0,DEBRIS,270209.0,UNKNOWN,9.058,1e-08,NOMINAL,2026-03-07T10:28:40Z,932
34564.0,DEBRIS,40612.0,DEBRIS,9.0581,1e-08,NOMINAL,2026-03-06T22:34:40Z,218
59369.0,PAYLOAD,60438.0,PAYLOAD,9.0584,1e-08,NOMINAL,2026-03-07T04:22:40Z,566
66424.0,PAYLOAD,66621.0,PAYLOAD,9.0599,1e-08,NOMINAL,2026-03-07T04:02:40Z,546
58539.0,PAYLOAD,63800.0,PAYLOAD,9.06,1e-08,NOMINAL,2026-03-06T22:47:40Z,231
21372.0,DEBRIS,45320.0,DEBRIS,9.0602,1e-08,NOMINAL,2026-03-07T16:28:40Z,1292
48133.0,PAYLOAD,58423.0,PAYLOAD,9.0604,1e-08,NOMINAL,2026-03-07T03:18:40Z,502
71.0,PAYLOAD,2751.0,ROCKET BODY,9.0609,1e-08,NOMINAL,2026-03-07T05:20:40Z,624
53016.0,PAYLOAD,57772.0,PAYLOAD,9.0612,1e-08,NOMINAL,2026-03-07T16:52:40Z,1316
29956.0,DEBRIS,35217.0,DEBRIS,9.0617,1e-08,NOMINAL,2026-03-07T04:07:40Z,551
65911.0,PAYLOAD,67347.0,PAYLOAD,9.062,1e-08,NOMINAL,2026-03-07T15:37:40Z,1241
62192.0,PAYLOAD,65511.0,PAYLOAD,9.0621,1e-08,NOMINAL,2026-03-07T06:33:40Z,697
54361.0,PAYLOAD,81499.0,UNKNOWN,9.0624,1e-08,NOMINAL,2026-03-07T15:59:40Z,1263
62505.0,PAYLOAD,66151.0,PAYLOAD,9.0629,1e-08,NOMINAL,2026-03-07T07:28:40Z,752
58089.0,PAYLOAD,58424.0,PAYLOAD,9.0629,1e-08,NOMINAL,2026-03-07T13:20:40Z,1104
16842.0,DEBRIS,67631.0,PAYLOAD,9.0634,1e-08,NOMINAL,2026-03-07T03:41:40Z,525
8568.0,DEBRIS,61175.0,DEBRIS,9.0634,1e-08,NOMINAL,2026-03-07T06:35:40Z,699
2248.0,DEBRIS,57399.0,PAYLOAD,9.0635,1e-08,NOMINAL,2026-03-07T18:07:40Z,1391
58089.0,PAYLOAD,62755.0,PAYLOAD,9.0639,1e-08,NOMINAL,2026-03-06T23:23:40Z,267
47655.0,PAYLOAD,63790.0,PAYLOAD,9.0643,1e-08,NOMINAL,2026-03-06T21:47:40Z,171
8789.0,DEBRIS,11538.0,PAYLOAD,9.0645,1e-08,NOMINAL,2026-03-07T12:57:40Z,1081
53022.0,PAYLOAD,67136.0,PAYLOAD,9.0646,1e-08,NOMINAL,2026-03-07T03:26:40Z,510
51149.0,PAYLOAD,56546.0,PAYLOAD,9.0655,1e-08,NOMINAL,2026-03-07T14:43:40Z,1187
33748.0,DEBRIS,64629.0,DEBRIS,9.0677,1e-08,NOMINAL,2026-03-07T07:33:40Z,757
65405.0,PAYLOAD,66380.0,PAYLOAD,9.069,1e-08,NOMINAL,2026-03-06T20:32:40Z,96
58444.0,PAYLOAD,63767.0,PAYLOAD,9.0699,1e-08,NOMINAL,2026-03-07T18:01:40Z,1385
57824.0,PAYLOAD,62103.0,PAYLOAD,9.07,1e-08,NOMINAL,2026-03-06T22:07:40Z,191
48435.0,PAYLOAD,65473.0,PAYLOAD,9.0703,1e-08,NOMINAL,2026-03-07T04:31:40Z,575
35777.0,DEBRIS,54280.0,DEBRIS,9.0705,1e-08,NOMINAL,2026-03-07T10:41:40Z,945
60126.0,PAYLOAD,67509.0,PAYLOAD,9.0718,1e-08,NOMINAL,2026-03-07T02:22:40Z,446
61712.0,PAYLOAD,66330.0,PAYLOAD,9.0726,1e-08,NOMINAL,2026-03-07T06:54:40Z,718
58040.0,PAYLOAD,65475.0,PAYLOAD,9.0726,1e-08,NOMINAL,2026-03-07T05:32:40Z,636
47916.0,PAYLOAD,65697.0,PAYLOAD,9.0729,1e-08,NOMINAL,2026-03-07T05:11:40Z,615
64090.0,UNKNOWN,66772.0,PAYLOAD,9.0738,1e-08,NOMINAL,2026-03-07T05:04:40Z,608
57704.0,PAYLOAD,66014.0,PAYLOAD,9.0742,1e-08,NOMINAL,2026-03-07T08:58:40Z,842
32191.0,DEBRIS,40238.0,DEBRIS,9.0745,1e-08,NOMINAL,2026-03-07T12:37:40Z,1061
60059.0,PAYLOAD,62886.0,PAYLOAD,9.0745,1e-08,NOMINAL,2026-03-07T07:14:40Z,738
59085.0,PAYLOAD,67330.0,PAYLOAD,9.075,1e-08,NOMINAL,2026-03-07T18:15:40Z,1399
59391.0,PAYLOAD,63953.0,PAYLOAD,9.0755,1e-08,NOMINAL,2026-03-07T15:16:40Z,1220
5299.0,DEBRIS,64475.0,PAYLOAD,9.0757,1e-08,NOMINAL,2026-03-07T10:44:40Z,948
59787.0,PAYLOAD,62310.0,PAYLOAD,9.0757,1e-08,NOMINAL,2026-03-06T20:37:40Z,101
55644.0,PAYLOAD,67075.0,PAYLOAD,9.0758,1e-08,NOMINAL,2026-03-07T00:19:40Z,323
67325.0,PAYLOAD,67347.0,PAYLOAD,9.0758,1e-08,NOMINAL,2026-03-07T00:09:40Z,313
56835.0,PAYLOAD,61629.0,PAYLOAD,9.0758,1e-08,NOMINAL,2026-03-07T18:52:40Z,1436
48361.0,PAYLOAD,56293.0,PAYLOAD,9.0761,1e-08,NOMINAL,2026-03-07T04:06:40Z,550
59879.0,PAYLOAD,64782.0,PAYLOAD,9.0772,1e-08,NOMINAL,2026-03-07T07:05:40Z,729
58367.0,PAYLOAD,63641.0,PAYLOAD,9.0773,1e-08,NOMINAL,2026-03-07T11:34:40Z,998
48125.0,PAYLOAD,61967.0,PAYLOAD,9.0781,1e-08,NOMINAL,2026-03-07T00:13:40Z,317
63644.0,PAYLOAD,64118.0,PAYLOAD,9.0781,1e-08,NOMINAL,2026-03-07T08:15:40Z,799
62042.0,PAYLOAD,64747.0,PAYLOAD,9.0782,1e-08,NOMINAL,2026-03-07T01:47:40Z,411
490.0,PAYLOAD,36065.0,DEBRIS,9.0784,1e-08,NOMINAL,2026-03-07T15:11:40Z,1215
713.0,ROCKET BODY,754.0,PAYLOAD,9.0784,1e-08,NOMINAL,2026-03-07T18:56:40Z,1440
64749.0,PAYLOAD,66337.0,PAYLOAD,9.0785,1e-08,NOMINAL,2026-03-07T05:59:40Z,663
59214.0,PAYLOAD,66614.0,PAYLOAD,9.0785,1e-08,NOMINAL,2026-03-06T21:52:40Z,176
51790.0,PAYLOAD,52847.0,PAYLOAD,9.079,1e-08,NOMINAL,2026-03-07T15:22:40Z,1226
35238.0,DEBRIS,63452.0,PAYLOAD,9.08,1e-08,NOMINAL,2026-03-06T22:36:40Z,220
43766.0,PAYLOAD,63960.0,PAYLOAD,9.0801,1e-08,NOMINAL,2026-03-07T17:45:40Z,1369
62765.0,PAYLOAD,66462.0,PAYLOAD,9.0811,1e-08,NOMINAL,2026-03-07T16:01:40Z,1265
8635.0,DEBRIS,58923.0,UNKNOWN,9.0813,1e-08,NOMINAL,2026-03-07T14:07:40Z,1151
58949.0,PAYLOAD,66336.0,PAYLOAD,9.0823,1e-08,NOMINAL,2026-03-07T15:21:40Z,1225
35081.0,DEBRIS,61898.0,UNKNOWN,9.0824,1e-08,NOMINAL,2026-03-07T17:23:40Z,1347
63655.0,PAYLOAD,65086.0,PAYLOAD,9.0825,1e-08,NOMINAL,2026-03-07T02:40:40Z,464
61884.0,PAYLOAD,62912.0,PAYLOAD,9.0828,1e-08,NOMINAL,2026-03-07T06:57:40Z,721
45080.0,PAYLOAD,47828.0,PAYLOAD,9.0828,1e-08,NOMINAL,2026-03-07T17:36:40Z,1360
58552.0,PAYLOAD,59398.0,PAYLOAD,9.083,1e-08,NOMINAL,2026-03-07T17:20:40Z,1344
61514.0,PAYLOAD,64438.0,PAYLOAD,9.0831,1e-08,NOMINAL,2026-03-07T05:27:40Z,631
3061.0,DEBRIS,59764.0,PAYLOAD,9.0837,1e-08,NOMINAL,2026-03-07T13:00:40Z,1084
31456.0,DEBRIS,33690.0,DEBRIS,9.0838,1e-08,NOMINAL,2026-03-06T21:55:40Z,179
4589.0,ROCKET BODY,54988.0,DEBRIS,9.0845,1e-08,NOMINAL,2026-03-06T22:07:40Z,191
58184.0,PAYLOAD,66640.0,PAYLOAD,9.0848,1e-08,NOMINAL,2026-03-06T23:01:40Z,245
1090.0,PAYLOAD,7989.0,DEBRIS,9.0853,1e-08,NOMINAL,2026-03-07T14:38:40Z,1182
6043.0,DEBRIS,56485.0,PAYLOAD,9.0856,1e-08,NOMINAL,2026-03-07T07:19:40Z,743
56834.0,PAYLOAD,61972.0,PAYLOAD,9.0862,1e-08,NOMINAL,2026-03-07T06:15:40Z,679
29931.0,DEBRIS,42192.0,DEBRIS,9.0869,1e-08,NOMINAL,2026-03-07T02:06:40Z,430
61728.0,PAYLOAD,66855.0,PAYLOAD,9.0879,1e-08,NOMINAL,2026-03-07T12:21:40Z,1045
15775.0,DEBRIS,30345.0,DEBRIS,9.088,1e-08,NOMINAL,2026-03-06T20:23:40Z,87
23343.0,ROCKET BODY,55552.0,DEBRIS,9.088,1e-08,NOMINAL,2026-03-07T01:24:40Z,388
63426.0,PAYLOAD,66094.0,PAYLOAD,9.0883,1e-08,NOMINAL,2026-03-06T19:47:40Z,51
47367.0,PAYLOAD,53415.0,PAYLOAD,9.0884,1e-08,NOMINAL,2026-03-07T10:51:40Z,955
11387.0,PAYLOAD,60313.0,PAYLOAD,9.0903,1e-08,NOMINAL,2026-03-07T02:52:40Z,476
60987.0,DEBRIS,64661.0,DEBRIS,9.0915,1e-08,NOMINAL,2026-03-07T13:24:40Z,1108
38273.0,DEBRIS,61277.0,DEBRIS,9.0919,1e-08,NOMINAL,2026-03-07T10:23:40Z,927
57784.0,PAYLOAD,63001.0,PAYLOAD,9.0926,1e-08,NOMINAL,2026-03-07T01:13:40Z,377
29911.0,DEBRIS,41206.0,DEBRIS,9.0928,1e-08,NOMINAL,2026-03-07T18:23:40Z,1407
63213.0,UNKNOWN,65757.0,PAYLOAD,9.0937,1e-08,NOMINAL,2026-03-07T12:00:40Z,1024
47728.0,PAYLOAD,56386.0,PAYLOAD,9.0941,1e-08,NOMINAL,2026-03-07T04:27:40Z,571
33928.0,DEBRIS,54631.0,DEBRIS,9.0949,1e-08,NOMINAL,2026-03-07T14:12:40Z,1156
47796.0,PAYLOAD,49410.0,PAYLOAD,9.0956,1e-08,NOMINAL,2026-03-07T02:06:40Z,430
63986.0,UNKNOWN,66668.0,UNKNOWN,9.0961,1e-08,NOMINAL,2026-03-07T17:35:40Z,1359
62651.0,PAYLOAD,63903.0,PAYLOAD,9.0968,1e-08,NOMINAL,2026-03-07T06:11:40Z,675
52581.0,PAYLOAD,57072.0,PAYLOAD,9.0969,1e-08,NOMINAL,2026-03-06T20:02:40Z,66
28220.0,PAYLOAD,66161.0,PAYLOAD,9.0971,1e-08,NOMINAL,2026-03-06T20:04:40Z,68
57985.0,PAYLOAD,59539.0,PAYLOAD,9.0973,1e-08,NOMINAL,2026-03-07T15:33:40Z,1237
58777.0,PAYLOAD,67058.0,PAYLOAD,9.0973,1e-08,NOMINAL,2026-03-07T03:57:40Z,541
59806.0,UNKNOWN,61898.0,UNKNOWN,9.0981,1e-08,NOMINAL,2026-03-07T12:15:40Z,1039
30944.0,DEBRIS,57797.0,PAYLOAD,9.0984,1e-08,NOMINAL,2026-03-06T19:51:40Z,55
12676.0,DEBRIS,30732.0,DEBRIS,9.0987,1e-08,NOMINAL,2026-03-07T15:53:40Z,1257
59156.0,PAYLOAD,64736.0,PAYLOAD,9.0991,1e-08,NOMINAL,2026-03-06T20:49:40Z,113
54008.0,PAYLOAD,57470.0,PAYLOAD,9.0994,1e-08,NOMINAL,2026-03-07T10:28:40Z,932
3895.0,PAYLOAD,8880.0,DEBRIS,9.0994,1e-08,NOMINAL,2026-03-06T19:37:40Z,41
66157.0,PAYLOAD,67425.0,PAYLOAD,9.1,1e-08,NOMINAL,2026-03-07T16:06:40Z,1270
59568.0,PAYLOAD,67342.0,PAYLOAD,9.1002,1e-08,NOMINAL,2026-03-07T15:54:40Z,1258
53461.0,DEBRIS,67250.0,UNKNOWN,9.1012,1e-08,NOMINAL,2026-03-07T05:48:40Z,652
59436.0,PAYLOAD,66495.0,PAYLOAD,9.1015,1e-08,NOMINAL,2026-03-07T00:18:40Z,322
12964.0,DEBRIS,13949.0,PAYLOAD,9.1018,1e-08,NOMINAL,2026-03-07T18:43:40Z,1427
36648.0,DEBRIS,38836.0,DEBRIS,9.1025,1e-08,NOMINAL,2026-03-07T06:03:40Z,667
3722.0,DEBRIS,57496.0,PAYLOAD,9.103,1e-08,NOMINAL,2026-03-07T07:18:40Z,742
32785.0,PAYLOAD,47384.0,PAYLOAD,9.1034,1e-08,NOMINAL,2026-03-07T02:14:40Z,438
7908.0,DEBRIS,67324.0,PAYLOAD,9.1036,1e-08,NOMINAL,2026-03-07T12:47:40Z,1071
26338.0,DEBRIS,37241.0,DEBRIS,9.1041,1e-08,NOMINAL,2026-03-07T15:01:40Z,1205
30475.0,DEBRIS,35186.0,DEBRIS,9.1047,1e-08,NOMINAL,2026-03-07T03:45:40Z,529
17074.0,DEBRIS,66158.0,PAYLOAD,9.1047,1e-08,NOMINAL,2026-03-07T00:43:40Z,347
64072.0,PAYLOAD,270130.0,UNKNOWN,9.105,1e-08,NOMINAL,2026-03-06T23:20:40Z,264
57532.0,PAYLOAD,67178.0,PAYLOAD,9.106,1e-08,NOMINAL,2026-03-07T15:17:40Z,1221
4864.0,DEBRIS,42531.0,DEBRIS,9.1061,1e-08,NOMINAL,2026-03-06T22:52:40Z,236
58725.0,PAYLOAD,59690.0,PAYLOAD,9.1062,1e-08,NOMINAL,2026-03-07T15:34:40Z,1238
3983.0,PAYLOAD,4585.0,DEBRIS,9.1069,1e-08,NOMINAL,2026-03-07T07:53:40Z,777
57707.0,PAYLOAD,63378.0,PAYLOAD,9.1071,1e-08,NOMINAL,2026-03-07T13:44:40Z,1128
58103.0,PAYLOAD,58629.0,PAYLOAD,9.1077,1e-08,NOMINAL,2026-03-06T19:10:40Z,14
34297.0,DEBRIS,34878.0,DEBRIS,9.108,1e-08,NOMINAL,2026-03-07T15:06:40Z,1210
22856.0,DEBRIS,61319.0,DEBRIS,9.1084,1e-08,NOMINAL,2026-03-07T17:43:40Z,1367
32448.0,DEBRIS,40541.0,ROCKET BODY,9.11,1e-08,NOMINAL,2026-03-07T01:35:40Z,399
59740.0,PAYLOAD,61705.0,PAYLOAD,9.1103,1e-08,NOMINAL,2026-03-07T13:33:40Z,1117
57976.0,PAYLOAD,60026.0,PAYLOAD,9.1104,1e-08,NOMINAL,2026-03-07T11:51:40Z,1015
4576.0,PAYLOAD,8429.0,DEBRIS,9.1109,1e-08,NOMINAL,2026-03-07T18:29:40Z,1413
14680.0,ROCKET BODY,81392.0,UNKNOWN,9.1112,1e-08,NOMINAL,2026-03-07T13:13:40Z,1097
47424.0,UNKNOWN,48140.0,PAYLOAD,9.1124,1e-08,NOMINAL,2026-03-07T11:06:40Z,970
49738.0,PAYLOAD,54922.0,DEBRIS,9.1124,1e-08,NOMINAL,2026-03-07T11:23:40Z,987
59501.0,PAYLOAD,67058.0,PAYLOAD,9.113,1e-08,NOMINAL,2026-03-06T21:46:40Z,170
63775.0,PAYLOAD,64482.0,PAYLOAD,9.1133,1e-08,NOMINAL,2026-03-07T07:39:40Z,763
48684.0,PAYLOAD,66815.0,PAYLOAD,9.1138,1e-08,NOMINAL,2026-03-06T22:08:40Z,192
55456.0,PAYLOAD,65811.0,PAYLOAD,9.1144,1e-08,NOMINAL,2026-03-07T10:25:40Z,929
49932.0,DEBRIS,64993.0,DEBRIS,9.1144,1e-08,NOMINAL,2026-03-06T21:34:40Z,158
31471.0,DEBRIS,34563.0,DEBRIS,9.1145,1e-08,NOMINAL,2026-03-07T17:45:40Z,1369
2754.0,PAYLOAD,17637.0,DEBRIS,9.1147,1e-08,NOMINAL,2026-03-07T10:19:40Z,923
6480.0,DEBRIS,8036.0,PAYLOAD,9.1158,1e-08,NOMINAL,2026-03-07T03:05:40Z,489
885.0,PAYLOAD,2352.0,DEBRIS,9.116,1e-08,NOMINAL,2026-03-07T16:08:40Z,1272
48331.0,PAYLOAD,58411.0,PAYLOAD,9.1178,1e-08,NOMINAL,2026-03-07T09:44:40Z,888
65020.0,PAYLOAD,67043.0,PAYLOAD,9.1178,1e-08,NOMINAL,2026-03-07T02:08:40Z,432
58685.0,PAYLOAD,63214.0,UNKNOWN,9.1179,1e-08,NOMINAL,2026-03-07T16:07:40Z,1271
60433.0,PAYLOAD,65337.0,PAYLOAD,9.1188,1e-08,NOMINAL,2026-03-07T17:55:40Z,1379
8679.0,DEBRIS,56490.0,PAYLOAD,9.1199,1e-08,NOMINAL,2026-03-07T15:56:40Z,1260
37518.0,DEBRIS,63911.0,PAYLOAD,9.12,1e-08,NOMINAL,2026-03-06T22:29:40Z,213
58381.0,PAYLOAD,66637.0,PAYLOAD,9.1203,1e-08,NOMINAL,2026-03-07T03:53:40Z,537
66640.0,PAYLOAD,67419.0,PAYLOAD,9.1207,1e-08,NOMINAL,2026-03-07T17:44:40Z,1368
61070.0,PAYLOAD,66423.0,PAYLOAD,9.1208,1e-08,NOMINAL,2026-03-07T06:17:40Z,681
64075.0,PAYLOAD,64323.0,PAYLOAD,9.1211,1e-08,NOMINAL,2026-03-07T00:57:40Z,361
58196.0,PAYLOAD,65210.0,PAYLOAD,9.1213,1e-08,NOMINAL,2026-03-07T16:55:40Z,1319
62373.0,DEBRIS,64102.0,PAYLOAD,9.1217,1e-08,NOMINAL,2026-03-07T06:37:40Z,701
4960.0,ROCKET BODY,6249.0,ROCKET BODY,9.1218,1e-08,NOMINAL,2026-03-07T06:17:40Z,681
57784.0,PAYLOAD,62625.0,PAYLOAD,9.1224,1e-08,NOMINAL,2026-03-07T16:21:40Z,1285
57871.0,PAYLOAD,59851.0,PAYLOAD,9.1227,1e-08,NOMINAL,2026-03-07T18:08:40Z,1392
6923.0,DEBRIS,9501.0,DEBRIS,9.1227,1e-08,NOMINAL,2026-03-07T17:32:40Z,1356
3629.0,PAYLOAD,10458.0,DEBRIS,9.1233,1e-08,NOMINAL,2026-03-07T17:59:40Z,1383
61639.0,PAYLOAD,61729.0,PAYLOAD,9.1242,1e-08,NOMINAL,2026-03-07T04:57:40Z,601
57433.0,PAYLOAD,60740.0,PAYLOAD,9.1247,1e-08,NOMINAL,2026-03-07T05:35:40Z,639
58009.0,PAYLOAD,59162.0,PAYLOAD,9.1249,1e-08,NOMINAL,2026-03-07T02:54:40Z,478
48401.0,PAYLOAD,61219.0,PAYLOAD,9.1251,1e-08,NOMINAL,2026-03-07T01:56:40Z,420
42102.0,DEBRIS,61197.0,PAYLOAD,9.1259,1e-08,NOMINAL,2026-03-07T06:36:40Z,700
29522.0,PAYLOAD,34492.0,DEBRIS,9.1261,1e-08,NOMINAL,2026-03-06T20:49:40Z,113
65945.0,UNKNOWN,66716.0,PAYLOAD,9.1277,1e-08,NOMINAL,2026-03-07T12:16:40Z,1040
59486.0,PAYLOAD,62449.0,PAYLOAD,9.1279,1e-08,NOMINAL,2026-03-07T09:24:40Z,868
62379.0,PAYLOAD,67342.0,PAYLOAD,9.1282,1e-08,NOMINAL,2026-03-07T15:25:40Z,1229
47767.0,PAYLOAD,62475.0,PAYLOAD,9.1284,1e-08,NOMINAL,2026-03-07T13:21:40Z,1105
56424.0,PAYLOAD,64148.0,PAYLOAD,9.129,1e-08,NOMINAL,2026-03-06T23:28:40Z,272
58532.0,PAYLOAD,59870.0,PAYLOAD,9.1298,1e-08,NOMINAL,2026-03-07T11:07:40Z,971
24795.0,PAYLOAD,66994.0,PAYLOAD,9.1299,1e-08,NOMINAL,2026-03-07T08:16:40Z,800
42986.0,PAYLOAD,57138.0,PAYLOAD,9.1319,1e-08,NOMINAL,2026-03-07T15:38:40Z,1242
47357.0,PAYLOAD,52132.0,PAYLOAD,9.1319,1e-08,NOMINAL,2026-03-07T13:05:40Z,1089
47831.0,PAYLOAD,53604.0,PAYLOAD,9.1332,1e-08,NOMINAL,2026-03-06T23:59:40Z,303
6512.0,DEBRIS,67846.0,PAYLOAD,9.1344,1e-08,NOMINAL,2026-03-06T21:48:40Z,172
61932.0,PAYLOAD,65034.0,PAYLOAD,9.1348,1e-08,NOMINAL,2026-03-07T12:08:40Z,1032
59014.0,PAYLOAD,67172.0,PAYLOAD,9.1348,1e-08,NOMINAL,2026-03-06T21:59:40Z,183
52633.0,PAYLOAD,53968.0,PAYLOAD,9.135,1e-08,NOMINAL,2026-03-07T01:28:40Z,392
10234.0,DEBRIS,41025.0,TBA,9.1351,1e-08,NOMINAL,2026-03-07T16:12:40Z,1276
27676.0,DEBRIS,39608.0,DEBRIS,9.1354,1e-08,NOMINAL,2026-03-06T18:59:40Z,3
47366.0,PAYLOAD,52138.0,PAYLOAD,9.1358,1e-08,NOMINAL,2026-03-07T12:33:40Z,1057
8936.0,DEBRIS,62622.0,PAYLOAD,9.1359,1e-08,NOMINAL,2026-03-07T16:29:40Z,1293
52668.0,PAYLOAD,56375.0,PAYLOAD,9.1362,1e-08,NOMINAL,2026-03-07T12:02:40Z,1026
10083.0,DEBRIS,88241.0,UNKNOWN,9.1368,1e-08,NOMINAL,2026-03-07T06:38:40Z,702
47448.0,PAYLOAD,65316.0,PAYLOAD,9.1369,1e-08,NOMINAL,2026-03-07T15:05:40Z,1209
62119.0,PAYLOAD,64680.0,PAYLOAD,9.1372,1e-08,NOMINAL,2026-03-07T05:53:40Z,657
58790.0,PAYLOAD,61667.0,PAYLOAD,9.1377,1e-08,NOMINAL,2026-03-07T00:48:40Z,352
63069.0,PAYLOAD,65353.0,PAYLOAD,9.1387,1e-08,NOMINAL,2026-03-07T14:31:40Z,1175
28055.0,DEBRIS,31769.0,DEBRIS,9.1394,1e-08,NOMINAL,2026-03-07T14:28:40Z,1172
60685.0,DEBRIS,61356.0,DEBRIS,9.1398,1e-08,NOMINAL,2026-03-07T15:42:40Z,1246
13018.0,DEBRIS,270036.0,UNKNOWN,9.1399,1e-08,NOMINAL,2026-03-07T08:01:40Z,785
53663.0,PAYLOAD,56137.0,PAYLOAD,9.1399,1e-08,NOMINAL,2026-03-06T20:12:40Z,76
24893.0,DEBRIS,39445.0,PAYLOAD,9.1404,1e-08,NOMINAL,2026-03-07T08:27:40Z,811
754.0,PAYLOAD,6703.0,DEBRIS,9.1406,1e-08,NOMINAL,2026-03-07T03:44:40Z,528
30975.0,DEBRIS,40684.0,DEBRIS,9.141,1e-08,NOMINAL,2026-03-07T08:01:40Z,785
65934.0,PAYLOAD,67180.0,PAYLOAD,9.141,1e-08,NOMINAL,2026-03-06T22:21:40Z,205
1953.0,ROCKET BODY,20577.0,PAYLOAD,9.1414,1e-08,NOMINAL,2026-03-07T15:23:40Z,1227
58895.0,PAYLOAD,64907.0,PAYLOAD,9.1423,1e-08,NOMINAL,2026-03-06T19:56:40Z,60
49481.0,DEBRIS,62922.0,PAYLOAD,9.1423,1e-08,NOMINAL,2026-03-06T20:50:40Z,114
57521.0,PAYLOAD,60330.0,PAYLOAD,9.1426,1e-08,NOMINAL,2026-03-07T17:30:40Z,1354
8978.0,DEBRIS,15767.0,DEBRIS,9.1435,1e-08,NOMINAL,2026-03-06T20:02:40Z,66
48563.0,PAYLOAD,63977.0,PAYLOAD,9.1437,1e-08,NOMINAL,2026-03-07T07:18:40Z,742
60149.0,PAYLOAD,63590.0,PAYLOAD,9.1444,1e-08,NOMINAL,2026-03-06T23:43:40Z,287
59569.0,PAYLOAD,65901.0,PAYLOAD,9.1444,1e-08,NOMINAL,2026-03-07T16:13:40Z,1277
47565.0,PAYLOAD,47623.0,PAYLOAD,9.1449,1e-08,NOMINAL,2026-03-07T17:51:40Z,1375
34879.0,DEBRIS,42359.0,DEBRIS,9.145,1e-08,NOMINAL,2026-03-06T18:56:40Z,0
57418.0,PAYLOAD,65540.0,PAYLOAD,9.1452,1e-08,NOMINAL,2026-03-07T03:11:40Z,495
61679.0,PAYLOAD,63405.0,PAYLOAD,9.1453,1e-08,NOMINAL,2026-03-07T03:29:40Z,513
2229.0,DEBRIS,10671.0,DEBRIS,9.1462,1e-08,NOMINAL,2026-03-07T00:01:40Z,305
48449.0,PAYLOAD,57528.0,PAYLOAD,9.1463,1e-08,NOMINAL,2026-03-07T07:30:40Z,754
31182.0,DEBRIS,54608.0,DEBRIS,9.1464,1e-08,NOMINAL,2026-03-07T07:29:40Z,753
59028.0,PAYLOAD,61919.0,PAYLOAD,9.1467,1e-08,NOMINAL,2026-03-07T10:22:40Z,926
62945.0,DEBRIS,64049.0,UNKNOWN,9.1468,1e-08,NOMINAL,2026-03-06T21:35:40Z,159
61079.0,DEBRIS,61171.0,DEBRIS,9.1469,1e-08,NOMINAL,2026-03-07T03:04:40Z,488
63636.0,PAYLOAD,65474.0,PAYLOAD,9.1474,1e-08,NOMINAL,2026-03-07T06:55:40Z,719
58860.0,PAYLOAD,59392.0,PAYLOAD,9.148,1e-08,NOMINAL,2026-03-07T15:18:40Z,1222
1598.0,DEBRIS,3322.0,PAYLOAD,9.1483,1e-08,NOMINAL,2026-03-07T01:25:40Z,389
58523.0,PAYLOAD,64439.0,PAYLOAD,9.1483,1e-08,NOMINAL,2026-03-07T07:40:40Z,764
25414.0,PAYLOAD,30474.0,DEBRIS,9.1488,1e-08,NOMINAL,2026-03-07T04:35:40Z,579
19257.0,ROCKET BODY,40612.0,DEBRIS,9.1492,1e-08,NOMINAL,2026-03-07T02:25:40Z,449
47770.0,PAYLOAD,48375.0,PAYLOAD,9.15,1e-08,NOMINAL,2026-03-07T18:27:40Z,1411
52771.0,PAYLOAD,54630.0,DEBRIS,9.1505,1e-08,NOMINAL,2026-03-06T19:58:40Z,62
21819.0,PAYLOAD,60895.0,DEBRIS,9.1512,1e-08,NOMINAL,2026-03-07T17:01:40Z,1325
53506.0,PAYLOAD,57054.0,PAYLOAD,9.1518,1e-08,NOMINAL,2026-03-07T11:04:40Z,968
43711.0,PAYLOAD,61551.0,PAYLOAD,9.1528,1e-08,NOMINAL,2026-03-07T11:34:40Z,998
14563.0,DEBRIS,42334.0,DEBRIS,9.1529,1e-08,NOMINAL,2026-03-07T11:54:40Z,1018
46051.0,PAYLOAD,66529.0,PAYLOAD,9.1535,1e-08,NOMINAL,2026-03-06T19:23:40Z,27
63328.0,PAYLOAD,64730.0,PAYLOAD,9.1537,1e-08,NOMINAL,2026-03-07T08:59:40Z,843
30921.0,DEBRIS,37064.0,DEBRIS,9.1545,1e-08,NOMINAL,2026-03-06T21:27:40Z,151
38860.0,PAYLOAD,64825.0,PAYLOAD,9.1547,1e-08,NOMINAL,2026-03-07T14:05:40Z,1149
58355.0,PAYLOAD,58849.0,UNKNOWN,9.155,1e-08,NOMINAL,2026-03-07T06:22:40Z,686
57642.0,PAYLOAD,58043.0,PAYLOAD,9.1554,1e-08,NOMINAL,2026-03-07T05:03:40Z,607
56301.0,PAYLOAD,59784.0,PAYLOAD,9.1558,1e-08,NOMINAL,2026-03-07T01:04:40Z,368
31374.0,DEBRIS,35580.0,DEBRIS,9.1561,1e-08,NOMINAL,2026-03-07T14:49:40Z,1193
38764.0,PAYLOAD,58781.0,PAYLOAD,9.1562,1e-08,NOMINAL,2026-03-07T06:14:40Z,678
67901.0,PAYLOAD,67956.0,PAYLOAD,9.1562,1e-08,NOMINAL,2026-03-07T08:20:40Z,804
28303.0,DEBRIS,40410.0,DEBRIS,9.157,1e-08,NOMINAL,2026-03-06T23:53:40Z,297
28304.0,DEBRIS,61815.0,DEBRIS,9.157,1e-08,NOMINAL,2026-03-07T01:49:40Z,413
58512.0,PAYLOAD,63072.0,PAYLOAD,9.1572,1e-08,NOMINAL,2026-03-07T04:03:40Z,547
3055.0,PAYLOAD,68012.0,PAYLOAD,9.1574,1e-08,NOMINAL,2026-03-07T16:01:40Z,1265
59348.0,PAYLOAD,64922.0,PAYLOAD,9.1575,1e-08,NOMINAL,2026-03-07T01:07:40Z,371
31553.0,DEBRIS,41343.0,DEBRIS,9.1577,1e-08,NOMINAL,2026-03-07T10:04:40Z,908
63033.0,PAYLOAD,64083.0,PAYLOAD,9.158,1e-08,NOMINAL,2026-03-06T23:11:40Z,255
2022.0,ROCKET BODY,6191.0,DEBRIS,9.1582,1e-08,NOMINAL,2026-03-06T19:41:40Z,45
66668.0,UNKNOWN,66699.0,PAYLOAD,9.1585,1e-08,NOMINAL,2026-03-07T17:35:40Z,1359
1282.0,DEBRIS,48375.0,PAYLOAD,9.1588,1e-08,NOMINAL,2026-03-07T18:44:40Z,1428
40513.0,DEBRIS,55238.0,DEBRIS,9.1588,1e-08,NOMINAL,2026-03-07T04:45:40Z,589
63118.0,PAYLOAD,65887.0,PAYLOAD,9.1591,1e-08,NOMINAL,2026-03-07T15:02:40Z,1206
31819.0,DEBRIS,61561.0,PAYLOAD,9.1596,1e-08,NOMINAL,2026-03-07T18:50:40Z,1434
23346.0,DEBRIS,35177.0,DEBRIS,9.1611,1e-08,NOMINAL,2026-03-07T17:03:40Z,1327
873.0,DEBRIS,66741.0,UNKNOWN,9.1613,1e-08,NOMINAL,2026-03-07T03:11:40Z,495
22370.0,DEBRIS,30574.0,DEBRIS,9.1616,1e-08,NOMINAL,2026-03-06T19:56:40Z,60
8667.0,DEBRIS,52290.0,PAYLOAD,9.1619,1e-08,NOMINAL,2026-03-07T16:17:40Z,1281
31063.0,DEBRIS,63934.0,PAYLOAD,9.1622,1e-08,NOMINAL,2026-03-07T06:37:40Z,701
58518.0,PAYLOAD,67351.0,PAYLOAD,9.1624,1e-08,NOMINAL,2026-03-07T04:26:40Z,570
64249.0,PAYLOAD,64928.0,PAYLOAD,9.1628,1e-08,NOMINAL,2026-03-07T18:09:40Z,1393
57643.0,PAYLOAD,64171.0,PAYLOAD,9.1635,1e-08,NOMINAL,2026-03-07T14:10:40Z,1154
45071.0,PAYLOAD,57878.0,PAYLOAD,9.1637,1e-08,NOMINAL,2026-03-07T01:39:40Z,403
31632.0,DEBRIS,58282.0,PAYLOAD,9.164,1e-08,NOMINAL,2026-03-07T18:25:40Z,1409
48580.0,PAYLOAD,67779.0,PAYLOAD,9.1645,1e-08,NOMINAL,2026-03-06T19:50:40Z,54
61632.0,PAYLOAD,62870.0,PAYLOAD,9.1646,1e-08,NOMINAL,2026-03-07T03:53:40Z,537
58935.0,PAYLOAD,59458.0,PAYLOAD,9.1648,1e-08,NOMINAL,2026-03-07T01:33:40Z,397
47222.0,DEBRIS,61315.0,DEBRIS,9.1654,1e-08,NOMINAL,2026-03-07T05:21:40Z,625
48553.0,PAYLOAD,64214.0,PAYLOAD,9.1658,1e-08,NOMINAL,2026-03-06T22:08:40Z,192
33655.0,DEBRIS,65320.0,PAYLOAD,9.1668,1e-08,NOMINAL,2026-03-07T03:05:40Z,489
48405.0,PAYLOAD,64249.0,PAYLOAD,9.1668,1e-08,NOMINAL,2026-03-06T20:54:40Z,118
62843.0,PAYLOAD,65324.0,PAYLOAD,9.1671,1e-08,NOMINAL,2026-03-07T12:51:40Z,1075
5599.0,DEBRIS,67195.0,PAYLOAD,9.1672,1e-08,NOMINAL,2026-03-06T23:43:40Z,287
7879.0,DEBRIS,8686.0,ROCKET BODY,9.1678,1e-08,NOMINAL,2026-03-07T05:00:40Z,604
4277.0,DEBRIS,56650.0,DEBRIS,9.1678,1e-08,NOMINAL,2026-03-06T19:28:40Z,32
39546.0,DEBRIS,56904.0,PAYLOAD,9.1682,1e-08,NOMINAL,2026-03-07T01:49:40Z,413
1264.0,DEBRIS,3830.0,PAYLOAD,9.1682,1e-08,NOMINAL,2026-03-07T11:24:40Z,988
59121.0,PAYLOAD,64083.0,PAYLOAD,9.1691,1e-08,NOMINAL,2026-03-06T21:54:40Z,178
57776.0,PAYLOAD,65638.0,PAYLOAD,9.1693,1e-08,NOMINAL,2026-03-07T03:04:40Z,488
51971.0,PAYLOAD,59030.0,PAYLOAD,9.1693,1e-08,NOMINAL,2026-03-06T22:13:40Z,197
56697.0,PAYLOAD,66441.0,PAYLOAD,9.1695,1e-08,NOMINAL,2026-03-07T05:28:40Z,632
4501.0,PAYLOAD,6706.0,DEBRIS,9.17,1e-08,NOMINAL,2026-03-07T14:50:40Z,1194
8526.0,DEBRIS,46353.0,PAYLOAD,9.1705,1e-08,NOMINAL,2026-03-07T08:11:40Z,795
1423.0,ROCKET BODY,3991.0,PAYLOAD,9.1709,1e-08,NOMINAL,2026-03-07T18:43:40Z,1427
38840.0,DEBRIS,66662.0,UNKNOWN,9.1713,1e-08,NOMINAL,2026-03-07T08:57:40Z,841
58390.0,PAYLOAD,63018.0,PAYLOAD,9.1723,1e-08,NOMINAL,2026-03-06T20:29:40Z,93
66746.0,UNKNOWN,67678.0,UNKNOWN,9.1726,1e-08,NOMINAL,2026-03-07T06:24:40Z,688
23461.0,PAYLOAD,28082.0,PAYLOAD,9.1727,1e-08,NOMINAL,2026-03-07T04:32:40Z,576
37734.0,DEBRIS,63778.0,PAYLOAD,9.1728,1e-08,NOMINAL,2026-03-06T22:52:40Z,236
36048.0,DEBRIS,50779.0,DEBRIS,9.1731,1e-08,NOMINAL,2026-03-07T08:09:40Z,793
45677.0,PAYLOAD,63854.0,PAYLOAD,9.1732,1e-08,NOMINAL,2026-03-07T08:40:40Z,824
59547.0,PAYLOAD,62660.0,PAYLOAD,9.1739,1e-08,NOMINAL,2026-03-06T20:45:40Z,109
57246.0,PAYLOAD,58501.0,ROCKET BODY,9.1741,1e-08,NOMINAL,2026-03-07T16:23:40Z,1287
40733.0,PAYLOAD,49055.0,PAYLOAD,9.1753,1e-08,NOMINAL,2026-03-07T18:28:40Z,1412
48231.0,PAYLOAD,48771.0,PAYLOAD,9.1755,1e-08,NOMINAL,2026-03-07T18:18:40Z,1402
29637.0,DEBRIS,36322.0,DEBRIS,9.1755,1e-08,NOMINAL,2026-03-07T14:07:40Z,1151
31162.0,DEBRIS,37008.0,DEBRIS,9.1759,1e-08,NOMINAL,2026-03-07T02:13:40Z,437
65493.0,PAYLOAD,66598.0,PAYLOAD,9.1765,1e-08,NOMINAL,2026-03-07T04:02:40Z,546
59725.0,PAYLOAD,64333.0,PAYLOAD,9.1766,1e-08,NOMINAL,2026-03-07T16:52:40Z,1316
62864.0,PAYLOAD,63072.0,PAYLOAD,9.1767,1e-08,NOMINAL,2026-03-07T09:44:40Z,888
33905.0,DEBRIS,60818.0,DEBRIS,9.1769,1e-08,NOMINAL,2026-03-07T07:48:40Z,772
48151.0,PAYLOAD,52658.0,PAYLOAD,9.177,1e-08,NOMINAL,2026-03-07T00:39:40Z,343
480.0,DEBRIS,32218.0,DEBRIS,9.177,1e-08,NOMINAL,2026-03-07T08:28:40Z,812
60314.0,PAYLOAD,62131.0,PAYLOAD,9.178,1e-08,NOMINAL,2026-03-07T09:09:40Z,853
656.0,DEBRIS,56088.0,DEBRIS,9.1783,1e-08,NOMINAL,2026-03-07T06:18:40Z,682
1998.0,PAYLOAD,6529.0,DEBRIS,9.1783,1e-08,NOMINAL,2026-03-07T14:09:40Z,1153
58454.0,PAYLOAD,65846.0,PAYLOAD,9.1784,1e-08,NOMINAL,2026-03-07T12:51:40Z,1075
48686.0,PAYLOAD,64096.0,PAYLOAD,9.1785,1e-08,NOMINAL,2026-03-07T10:01:40Z,905
59355.0,PAYLOAD,66209.0,PAYLOAD,9.1786,1e-08,NOMINAL,2026-03-07T02:26:40Z,450
8622.0,DEBRIS,39779.0,DEBRIS,9.1788,1e-08,NOMINAL,2026-03-07T11:16:40Z,980
59266.0,PAYLOAD,67791.0,PAYLOAD,9.1789,1e-08,NOMINAL,2026-03-07T10:00:40Z,904
66695.0,PAYLOAD,67287.0,UNKNOWN,9.1789,1e-08,NOMINAL,2026-03-07T09:43:40Z,887
28852.0,DEBRIS,55888.0,DEBRIS,9.1791,1e-08,NOMINAL,2026-03-06T20:50:40Z,114
59328.0,PAYLOAD,64112.0,PAYLOAD,9.1797,1e-08,NOMINAL,2026-03-07T03:31:40Z,515
2713.0,ROCKET BODY,3206.0,ROCKET BODY,9.1798,1e-08,NOMINAL,2026-03-07T10:44:40Z,948
57533.0,PAYLOAD,64083.0,PAYLOAD,9.18,1e-08,NOMINAL,2026-03-06T22:59:40Z,243
58881.0,PAYLOAD,62044.0,PAYLOAD,9.18,1e-08,NOMINAL,2026-03-07T17:53:40Z,1377
48093.0,PAYLOAD,66074.0,PAYLOAD,9.1807,1e-08,NOMINAL,2026-03-07T18:40:40Z,1424
29042.0,DEBRIS,53163.0,PAYLOAD,9.1809,1e-08,NOMINAL,2026-03-07T18:26:40Z,1410
980.0,PAYLOAD,3992.0,ROCKET BODY,9.181,1e-08,NOMINAL,2026-03-07T03:56:40Z,540
58113.0,PAYLOAD,63570.0,PAYLOAD,9.1812,1e-08,NOMINAL,2026-03-07T11:58:40Z,1022
48564.0,PAYLOAD,62479.0,PAYLOAD,9.1813,1e-08,NOMINAL,2026-03-06T20:33:40Z,97
53232.0,PAYLOAD,57126.0,PAYLOAD,9.1818,1e-08,NOMINAL,2026-03-07T12:23:40Z,1047
29892.0,DEBRIS,37620.0,DEBRIS,9.1825,1e-08,NOMINAL,2026-03-07T11:16:40Z,980
4887.0,DEBRIS,51782.0,PAYLOAD,9.1833,1e-08,NOMINAL,2026-03-06T20:11:40Z,75
53081.0,PAYLOAD,57240.0,PAYLOAD,9.1834,1e-08,NOMINAL,2026-03-07T14:53:40Z,1197
67046.0,PAYLOAD,67114.0,PAYLOAD,9.1841,1e-08,NOMINAL,2026-03-07T10:31:40Z,935
66219.0,PAYLOAD,67346.0,PAYLOAD,9.1843,1e-08,NOMINAL,2026-03-06T20:41:40Z,105
59860.0,PAYLOAD,64226.0,PAYLOAD,9.1859,1e-08,NOMINAL,2026-03-07T06:39:40Z,703
54431.0,DEBRIS,55896.0,DEBRIS,9.1868,1e-08,NOMINAL,2026-03-07T01:54:40Z,418
14483.0,PAYLOAD,55179.0,PAYLOAD,9.1868,1e-08,NOMINAL,2026-03-07T13:36:40Z,1120
56301.0,PAYLOAD,61730.0,PAYLOAD,9.1868,1e-08,NOMINAL,2026-03-07T12:58:40Z,1082
59417.0,PAYLOAD,60331.0,PAYLOAD,9.1874,1e-08,NOMINAL,2026-03-07T13:27:40Z,1111
31161.0,DEBRIS,31487.0,DEBRIS,9.1883,1e-08,NOMINAL,2026-03-07T12:18:40Z,1042
11244.0,DEBRIS,67936.0,PAYLOAD,9.1888,1e-08,NOMINAL,2026-03-07T15:19:40Z,1223
57208.0,UNKNOWN,60107.0,PAYLOAD,9.1889,1e-08,NOMINAL,2026-03-07T11:49:40Z,1013
48117.0,PAYLOAD,65175.0,PAYLOAD,9.1896,1e-08,NOMINAL,2026-03-07T18:07:40Z,1391
8535.0,DEBRIS,59673.0,PAYLOAD,9.1896,1e-08,NOMINAL,2026-03-06T19:27:40Z,31
63121.0,PAYLOAD,65508.0,PAYLOAD,9.1897,1e-08,NOMINAL,2026-03-06T23:49:40Z,293
59842.0,PAYLOAD,65642.0,PAYLOAD,9.1897,1e-08,NOMINAL,2026-03-07T00:15:40Z,319
33793.0,DEBRIS,48711.0,DEBRIS,9.1899,1e-08,NOMINAL,2026-03-07T14:38:40Z,1182
13617.0,PAYLOAD,18679.0,DEBRIS,9.1899,1e-08,NOMINAL,2026-03-07T10:19:40Z,923
60734.0,PAYLOAD,61972.0,PAYLOAD,9.1909,1e-08,NOMINAL,2026-03-07T03:21:40Z,505
65849.0,PAYLOAD,67410.0,PAYLOAD,9.1913,1e-08,NOMINAL,2026-03-07T06:01:40Z,665
41108.0,DEBRIS,53522.0,PAYLOAD,9.1913,1e-08,NOMINAL,2026-03-07T05:13:40Z,617
60940.0,PAYLOAD,66815.0,PAYLOAD,9.1914,1e-08,NOMINAL,2026-03-07T01:51:40Z,415
55609.0,PAYLOAD,58364.0,PAYLOAD,9.1915,1e-08,NOMINAL,2026-03-07T16:35:40Z,1299
60795.0,DEBRIS,87448.0,UNKNOWN,9.1916,1e-08,NOMINAL,2026-03-07T01:01:40Z,365
9662.0,ROCKET BODY,56618.0,DEBRIS,9.1918,1e-08,NOMINAL,2026-03-07T03:22:40Z,506
56485.0,PAYLOAD,63259.0,PAYLOAD,9.1924,1e-08,NOMINAL,2026-03-06T18:59:40Z,3
28484.0,DEBRIS,38536.0,DEBRIS,9.1928,1e-08,NOMINAL,2026-03-07T11:56:40Z,1020
42653.0,DEBRIS,51649.0,PAYLOAD,9.1928,1e-08,NOMINAL,2026-03-07T10:12:40Z,916
44718.0,PAYLOAD,45374.0,PAYLOAD,9.1932,1e-08,NOMINAL,2026-03-07T12:20:40Z,1044
57467.0,PAYLOAD,59688.0,PAYLOAD,9.1933,1e-08,NOMINAL,2026-03-06T21:14:40Z,138
66030.0,PAYLOAD,66325.0,PAYLOAD,9.1944,1e-08,NOMINAL,2026-03-06T23:24:40Z,268
134.0,DEBRIS,17380.0,DEBRIS,9.1947,1e-08,NOMINAL,2026-03-07T05:28:40Z,632
2194.0,PAYLOAD,4545.0,DEBRIS,9.1955,1e-08,NOMINAL,2026-03-07T18:21:40Z,1405
59248.0,PAYLOAD,62645.0,PAYLOAD,9.1959,1e-08,NOMINAL,2026-03-06T20:54:40Z,118
46077.0,PAYLOAD,64608.0,PAYLOAD,9.1959,1e-08,NOMINAL,2026-03-07T05:13:40Z,617
31756.0,DEBRIS,82759.0,TBA,9.196,1e-08,NOMINAL,2026-03-07T16:50:40Z,1314
18518.0,DEBRIS,60690.0,DEBRIS,9.1968,1e-08,NOMINAL,2026-03-07T09:15:40Z,859
66994.0,PAYLOAD,88802.0,TBA,9.197,1e-08,NOMINAL,2026-03-06T19:27:40Z,31
14148.0,ROCKET BODY,30999.0,DEBRIS,9.197,1e-08,NOMINAL,2026-03-07T05:00:40Z,604
63582.0,PAYLOAD,65039.0,PAYLOAD,9.1972,1e-08,NOMINAL,2026-03-06T22:20:40Z,204
55632.0,PAYLOAD,67086.0,PAYLOAD,9.1974,1e-08,NOMINAL,2026-03-07T15:43:40Z,1247
2397.0,PAYLOAD,10895.0,PAYLOAD,9.1976,1e-08,NOMINAL,2026-03-07T03:54:40Z,538
62863.0,PAYLOAD,67051.0,PAYLOAD,9.198,1e-08,NOMINAL,2026-03-07T04:33:40Z,577
12791.0,PAYLOAD,31350.0,DEBRIS,9.1982,1e-08,NOMINAL,2026-03-07T17:05:40Z,1329
4344.0,PAYLOAD,63303.0,PAYLOAD,9.1984,1e-08,NOMINAL,2026-03-07T09:24:40Z,868
58941.0,PAYLOAD,66117.0,PAYLOAD,9.1989,1e-08,NOMINAL,2026-03-07T17:40:40Z,1364
35724.0,DEBRIS,37765.0,PAYLOAD,9.1989,1e-08,NOMINAL,2026-03-07T03:04:40Z,488
13065.0,PAYLOAD,25613.0,DEBRIS,9.2005,1e-08,NOMINAL,2026-03-07T06:49:40Z,713
47655.0,PAYLOAD,66517.0,PAYLOAD,9.2006,1e-08,NOMINAL,2026-03-07T11:51:40Z,1015
58804.0,PAYLOAD,66408.0,PAYLOAD,9.2007,1e-08,NOMINAL,2026-03-07T09:51:40Z,895
66506.0,PAYLOAD,66522.0,PAYLOAD,9.2008,1e-08,NOMINAL,2026-03-07T18:29:40Z,1413
3125.0,DEBRIS,35239.0,DEBRIS,9.202,1e-08,NOMINAL,2026-03-07T12:50:40Z,1074
22276.0,ROCKET BODY,35547.0,DEBRIS,9.2022,1e-08,NOMINAL,2026-03-07T08:32:40Z,816
65700.0,PAYLOAD,67511.0,PAYLOAD,9.2022,1e-08,NOMINAL,2026-03-07T17:03:40Z,1327
59700.0,PAYLOAD,62629.0,PAYLOAD,9.2024,1e-08,NOMINAL,2026-03-07T04:52:40Z,596
59855.0,PAYLOAD,66259.0,PAYLOAD,9.2024,1e-08,NOMINAL,2026-03-07T13:59:40Z,1143
55111.0,PAYLOAD,59929.0,PAYLOAD,9.2024,1e-08,NOMINAL,2026-03-07T12:45:40Z,1069
45072.0,PAYLOAD,64443.0,PAYLOAD,9.2027,1e-08,NOMINAL,2026-03-07T04:31:40Z,575
62439.0,PAYLOAD,67175.0,PAYLOAD,9.2027,1e-08,NOMINAL,2026-03-07T14:32:40Z,1176
3516.0,PAYLOAD,5663.0,DEBRIS,9.2027,1e-08,NOMINAL,2026-03-07T16:33:40Z,1297
57882.0,PAYLOAD,62527.0,PAYLOAD,9.2029,1e-08,NOMINAL,2026-03-07T10:57:40Z,961
59193.0,PAYLOAD,62438.0,PAYLOAD,9.2034,1e-08,NOMINAL,2026-03-07T03:47:40Z,531
47934.0,PAYLOAD,66781.0,PAYLOAD,9.2038,1e-08,NOMINAL,2026-03-07T12:44:40Z,1068
46495.0,PAYLOAD,57665.0,PAYLOAD,9.2043,1e-08,NOMINAL,2026-03-07T07:25:40Z,749
58080.0,PAYLOAD,58531.0,PAYLOAD,9.2045,1e-08,NOMINAL,2026-03-07T04:15:40Z,559
59741.0,PAYLOAD,61592.0,PAYLOAD,9.2045,1e-08,NOMINAL,2026-03-07T15:25:40Z,1229
61706.0,PAYLOAD,62747.0,PAYLOAD,9.2053,1e-08,NOMINAL,2026-03-07T09:08:40Z,852
5025.0,DEBRIS,13511.0,DEBRIS,9.2063,1e-08,NOMINAL,2026-03-07T08:42:40Z,826
1873.0,DEBRIS,61950.0,PAYLOAD,9.2064,1e-08,NOMINAL,2026-03-07T12:08:40Z,1032
43182.0,PAYLOAD,67638.0,PAYLOAD,9.2067,1e-08,NOMINAL,2026-03-07T09:03:40Z,847
58528.0,PAYLOAD,59156.0,PAYLOAD,9.207,1e-08,NOMINAL,2026-03-07T08:31:40Z,815
48388.0,PAYLOAD,51968.0,PAYLOAD,9.2076,1e-08,NOMINAL,2026-03-07T15:25:40Z,1229
60469.0,PAYLOAD,65836.0,PAYLOAD,9.2079,1e-08,NOMINAL,2026-03-07T15:51:40Z,1255
26121.0,DEBRIS,62868.0,PAYLOAD,9.2081,1e-08,NOMINAL,2026-03-07T12:43:40Z,1067
59153.0,PAYLOAD,63426.0,PAYLOAD,9.2083,1e-08,NOMINAL,2026-03-07T06:25:40Z,689
58230.0,PAYLOAD,66424.0,PAYLOAD,9.2083,1e-08,NOMINAL,2026-03-07T07:26:40Z,750
59941.0,PAYLOAD,64889.0,UNKNOWN,9.2091,1e-08,NOMINAL,2026-03-07T01:55:40Z,419
59467.0,PAYLOAD,64761.0,PAYLOAD,9.2098,1e-08,NOMINAL,2026-03-06T19:25:40Z,29
55392.0,PAYLOAD,56345.0,PAYLOAD,9.21,1e-08,NOMINAL,2026-03-07T04:58:40Z,602
59457.0,PAYLOAD,66951.0,PAYLOAD,9.2101,1e-08,NOMINAL,2026-03-07T07:39:40Z,763
63856.0,PAYLOAD,64449.0,PAYLOAD,9.2106,1e-08,NOMINAL,2026-03-07T02:15:40Z,439
49131.0,PAYLOAD,66516.0,PAYLOAD,9.2113,1e-08,NOMINAL,2026-03-07T02:39:40Z,463
59413.0,PAYLOAD,63423.0,PAYLOAD,9.2113,1e-08,NOMINAL,2026-03-07T09:53:40Z,897
2673.0,DEBRIS,66271.0,PAYLOAD,9.2122,1e-08,NOMINAL,2026-03-07T13:22:40Z,1106
59459.0,PAYLOAD,65090.0,PAYLOAD,9.2122,1e-08,NOMINAL,2026-03-07T01:16:40Z,380
13813.0,DEBRIS,60713.0,DEBRIS,9.2126,1e-08,NOMINAL,2026-03-07T13:06:40Z,1090
41281.0,DEBRIS,41920.0,PAYLOAD,9.2138,1e-08,NOMINAL,2026-03-07T17:17:40Z,1341
55304.0,PAYLOAD,61758.0,UNKNOWN,9.2139,1e-08,NOMINAL,2026-03-07T04:00:40Z,544
30221.0,DEBRIS,46999.0,DEBRIS,9.214,1e-08,NOMINAL,2026-03-07T12:29:40Z,1053
58135.0,PAYLOAD,63583.0,PAYLOAD,9.2141,1e-08,NOMINAL,2026-03-07T16:32:40Z,1296
62048.0,PAYLOAD,64904.0,PAYLOAD,9.2149,1e-08,NOMINAL,2026-03-07T09:41:40Z,885
61288.0,DEBRIS,61456.0,DEBRIS,9.2162,1e-08,NOMINAL,2026-03-07T09:12:40Z,856
28897.0,DEBRIS,35681.0,PAYLOAD,9.2166,1e-08,NOMINAL,2026-03-07T04:31:40Z,575
59668.0,PAYLOAD,65930.0,PAYLOAD,9.2167,1e-08,NOMINAL,2026-03-07T17:19:40Z,1343
58544.0,PAYLOAD,63776.0,PAYLOAD,9.2185,1e-08,NOMINAL,2026-03-07T10:32:40Z,936
52637.0,PAYLOAD,57115.0,PAYLOAD,9.219,1e-08,NOMINAL,2026-03-07T11:39:40Z,1003
48098.0,PAYLOAD,66190.0,PAYLOAD,9.219,1e-08,NOMINAL,2026-03-07T15:44:40Z,1248
59549.0,PAYLOAD,62640.0,PAYLOAD,9.22,1e-08,NOMINAL,2026-03-07T18:48:40Z,1432
61856.0,PAYLOAD,65864.0,PAYLOAD,9.2202,1e-08,NOMINAL,2026-03-06T23:46:40Z,290
59264.0,PAYLOAD,63971.0,PAYLOAD,9.2204,1e-08,NOMINAL,2026-03-07T12:24:40Z,1048
57678.0,PAYLOAD,66248.0,PAYLOAD,9.2207,1e-08,NOMINAL,2026-03-07T15:45:40Z,1249
2685.0,DEBRIS,21666.0,PAYLOAD,9.2216,1e-08,NOMINAL,2026-03-07T14:01:40Z,1145
61710.0,PAYLOAD,63857.0,PAYLOAD,9.2224,1e-08,NOMINAL,2026-03-07T12:15:40Z,1039
11416.0,PAYLOAD,26064.0,PAYLOAD,9.224,1e-08,NOMINAL,2026-03-07T16:33:40Z,1297
49481.0,DEBRIS,66077.0,PAYLOAD,9.2242,1e-08,NOMINAL,2026-03-07T17:22:40Z,1346
95.0,PAYLOAD,10523.0,DEBRIS,9.2246,1e-08,NOMINAL,2026-03-07T00:30:40Z,334
26283.0,DEBRIS,55204.0,DEBRIS,9.2249,1e-08,NOMINAL,2026-03-06T23:57:40Z,301
41091.0,DEBRIS,55218.0,DEBRIS,9.2253,1e-08,NOMINAL,2026-03-07T03:16:40Z,500
9691.0,DEBRIS,60406.0,PAYLOAD,9.2253,1e-08,NOMINAL,2026-03-06T22:38:40Z,222
58686.0,PAYLOAD,61667.0,PAYLOAD,9.2255,1e-08,NOMINAL,2026-03-07T00:18:40Z,322
46712.0,PAYLOAD,67947.0,PAYLOAD,9.2259,1e-08,NOMINAL,2026-03-07T15:14:40Z,1218
9320.0,DEBRIS,40491.0,DEBRIS,9.2259,1e-08,NOMINAL,2026-03-07T08:07:40Z,791
59033.0,PAYLOAD,67165.0,PAYLOAD,9.2263,1e-08,NOMINAL,2026-03-07T14:01:40Z,1145
47861.0,PAYLOAD,65873.0,PAYLOAD,9.2267,1e-08,NOMINAL,2026-03-07T04:23:40Z,567
25795.0,DEBRIS,59165.0,PAYLOAD,9.2267,1e-08,NOMINAL,2026-03-07T14:13:40Z,1157
743.0,DEBRIS,21878.0,DEBRIS,9.2271,1e-08,NOMINAL,2026-03-07T17:31:40Z,1355
10675.0,ROCKET BODY,13491.0,DEBRIS,9.2277,1e-08,NOMINAL,2026-03-07T00:15:40Z,319
57665.0,PAYLOAD,67427.0,PAYLOAD,9.228,1e-08,NOMINAL,2026-03-06T19:13:40Z,17
37060.0,DEBRIS,38794.0,DEBRIS,9.2282,1e-08,NOMINAL,2026-03-07T11:07:40Z,971
59044.0,PAYLOAD,66122.0,PAYLOAD,9.2287,1e-08,NOMINAL,2026-03-07T06:34:40Z,698
41864.0,PAYLOAD,67571.0,PAYLOAD,9.2289,1e-08,NOMINAL,2026-03-06T21:12:40Z,136
58178.0,PAYLOAD,66027.0,PAYLOAD,9.2294,1e-08,NOMINAL,2026-03-07T12:54:40Z,1078
65830.0,PAYLOAD,88304.0,TBA,9.2296,1e-08,NOMINAL,2026-03-07T06:21:40Z,685
60249.0,PAYLOAD,67268.0,UNKNOWN,9.2298,1e-08,NOMINAL,2026-03-07T18:13:40Z,1397
82742.0,UNKNOWN,270210.0,UNKNOWN,9.2299,1e-08,NOMINAL,2026-03-06T19:48:40Z,52
30214.0,DEBRIS,41498.0,DEBRIS,9.2313,1e-08,NOMINAL,2026-03-07T00:58:40Z,362
30597.0,DEBRIS,55791.0,PAYLOAD,9.2313,1e-08,NOMINAL,2026-03-07T05:40:40Z,644
2189.0,DEBRIS,67944.0,PAYLOAD,9.2318,1e-08,NOMINAL,2026-03-07T09:36:40Z,880
61280.0,DEBRIS,61834.0,DEBRIS,9.232,1e-08,NOMINAL,2026-03-06T23:39:40Z,283
227.0,DEBRIS,61296.0,DEBRIS,9.2322,1e-08,NOMINAL,2026-03-07T02:31:40Z,455
61219.0,PAYLOAD,67313.0,PAYLOAD,9.2323,1e-08,NOMINAL,2026-03-06T19:10:40Z,14
63419.0,PAYLOAD,66095.0,PAYLOAD,9.2326,1e-08,NOMINAL,2026-03-07T02:46:40Z,470
61066.0,PAYLOAD,67422.0,PAYLOAD,9.2333,1e-08,NOMINAL,2026-03-06T22:31:40Z,215
13812.0,DEBRIS,41530.0,DEBRIS,9.2336,1e-08,NOMINAL,2026-03-07T02:23:40Z,447
58732.0,PAYLOAD,60031.0,PAYLOAD,9.234,1e-08,NOMINAL,2026-03-06T23:58:40Z,302
56104.0,PAYLOAD,65072.0,PAYLOAD,9.2341,1e-08,NOMINAL,2026-03-07T14:29:40Z,1173
47837.0,PAYLOAD,53612.0,PAYLOAD,9.2343,1e-08,NOMINAL,2026-03-07T00:29:40Z,333
59574.0,PAYLOAD,66426.0,PAYLOAD,9.2347,1e-08,NOMINAL,2026-03-07T18:25:40Z,1409
59414.0,PAYLOAD,60340.0,PAYLOAD,9.2348,1e-08,NOMINAL,2026-03-07T05:50:40Z,654
64493.0,PAYLOAD,65345.0,PAYLOAD,9.2355,1e-08,NOMINAL,2026-03-07T14:53:40Z,1197
19210.0,PAYLOAD,59664.0,PAYLOAD,9.2357,1e-08,NOMINAL,2026-03-06T22:46:40Z,230
2140.0,DEBRIS,82363.0,UNKNOWN,9.2359,1e-08,NOMINAL,2026-03-07T01:52:40Z,416
47042.0,DEBRIS,61393.0,DEBRIS,9.2373,1e-08,NOMINAL,2026-03-07T13:39:40Z,1123
61962.0,PAYLOAD,62322.0,PAYLOAD,9.2374,1e-08,NOMINAL,2026-03-06T22:37:40Z,221
66725.0,PAYLOAD,67279.0,UNKNOWN,9.2374,1e-08,NOMINAL,2026-03-07T17:17:40Z,1341
57824.0,PAYLOAD,61671.0,PAYLOAD,9.2376,1e-08,NOMINAL,2026-03-07T18:18:40Z,1402
57707.0,PAYLOAD,59159.0,PAYLOAD,9.2378,1e-08,NOMINAL,2026-03-07T15:18:40Z,1222
54610.0,DEBRIS,55528.0,DEBRIS,9.2378,1e-08,NOMINAL,2026-03-06T19:47:40Z,51
36246.0,DEBRIS,54404.0,DEBRIS,9.238,1e-08,NOMINAL,2026-03-07T06:33:40Z,697
5794.0,DEBRIS,61316.0,DEBRIS,9.238,1e-08,NOMINAL,2026-03-07T18:22:40Z,1406
62445.0,PAYLOAD,62892.0,PAYLOAD,9.2382,1e-08,NOMINAL,2026-03-07T03:21:40Z,505
41507.0,DEBRIS,81122.0,UNKNOWN,9.2385,1e-08,NOMINAL,2026-03-07T08:53:40Z,837
38842.0,DEBRIS,48286.0,PAYLOAD,9.2385,1e-08,NOMINAL,2026-03-07T17:46:40Z,1370
58413.0,PAYLOAD,62506.0,PAYLOAD,9.239,1e-08,NOMINAL,2026-03-07T11:27:40Z,991
58668.0,PAYLOAD,60297.0,PAYLOAD,9.2394,1e-08,NOMINAL,2026-03-07T02:17:40Z,441
59310.0,PAYLOAD,63713.0,PAYLOAD,9.2403,1e-08,NOMINAL,2026-03-07T12:07:40Z,1031
60683.0,DEBRIS,61835.0,DEBRIS,9.2403,1e-08,NOMINAL,2026-03-07T08:10:40Z,794
7218.0,PAYLOAD,20902.0,DEBRIS,9.2409,1e-08,NOMINAL,2026-03-07T06:46:40Z,710
57712.0,PAYLOAD,66799.0,PAYLOAD,9.2412,1e-08,NOMINAL,2026-03-07T02:24:40Z,448
61679.0,PAYLOAD,64739.0,PAYLOAD,9.2413,1e-08,NOMINAL,2026-03-07T08:08:40Z,792
42992.0,PAYLOAD,65477.0,PAYLOAD,9.2425,1e-08,NOMINAL,2026-03-07T11:21:40Z,985
64917.0,PAYLOAD,66560.0,PAYLOAD,9.2428,1e-08,NOMINAL,2026-03-07T17:19:40Z,1343
51785.0,PAYLOAD,57469.0,PAYLOAD,9.2436,1e-08,NOMINAL,2026-03-06T20:33:40Z,97
61853.0,PAYLOAD,65343.0,PAYLOAD,9.2444,1e-08,NOMINAL,2026-03-07T02:39:40Z,463
7476.0,PAYLOAD,31480.0,DEBRIS,9.2446,1e-08,NOMINAL,2026-03-07T00:19:40Z,323
36859.0,DEBRIS,39951.0,DEBRIS,9.2448,1e-08,NOMINAL,2026-03-07T02:35:40Z,459
3039.0,DEBRIS,59291.0,PAYLOAD,9.2449,1e-08,NOMINAL,2026-03-07T15:40:40Z,1244
10515.0,ROCKET BODY,28356.0,DEBRIS,9.2459,1e-08,NOMINAL,2026-03-07T04:25:40Z,569
25143.0,PAYLOAD,67616.0,ROCKET BODY,9.2465,1e-08,NOMINAL,2026-03-07T16:53:40Z,1317
59045.0,PAYLOAD,65496.0,PAYLOAD,9.2465,1e-08,NOMINAL,2026-03-07T04:02:40Z,546
47823.0,PAYLOAD,53783.0,PAYLOAD,9.2465,1e-08,NOMINAL,2026-03-07T08:41:40Z,825
58891.0,PAYLOAD,66533.0,PAYLOAD,9.2467,1e-08,NOMINAL,2026-03-07T11:15:40Z,979
48603.0,PAYLOAD,52266.0,PAYLOAD,9.2468,1e-08,NOMINAL,2026-03-07T03:14:40Z,498
51656.0,PAYLOAD,62733.0,UNKNOWN,9.2469,1e-08,NOMINAL,2026-03-07T06:34:40Z,698
29796.0,DEBRIS,42138.0,DEBRIS,9.2471,1e-08,NOMINAL,2026-03-07T05:29:40Z,633
43771.0,UNKNOWN,58951.0,PAYLOAD,9.2485,1e-08,NOMINAL,2026-03-07T02:41:40Z,465
22567.0,DEBRIS,42808.0,PAYLOAD,9.249,1e-08,NOMINAL,2026-03-07T07:25:40Z,749
35888.0,DEBRIS,54565.0,DEBRIS,9.2494,1e-08,NOMINAL,2026-03-07T15:24:40Z,1228
59740.0,PAYLOAD,61526.0,PAYLOAD,9.2499,1e-08,NOMINAL,2026-03-07T13:30:40Z,1114
29950.0,DEBRIS,60967.0,DEBRIS,9.2502,1e-08,NOMINAL,2026-03-06T22:48:40Z,232
59331.0,PAYLOAD,64915.0,PAYLOAD,9.2506,1e-08,NOMINAL,2026-03-07T05:53:40Z,657
64682.0,PAYLOAD,67445.0,PAYLOAD,9.2515,1e-08,NOMINAL,2026-03-07T04:20:40Z,564
58747.0,PAYLOAD,63516.0,PAYLOAD,9.2524,1e-08,NOMINAL,2026-03-06T23:38:40Z,282
6854.0,DEBRIS,28078.0,PAYLOAD,9.2526,1e-08,NOMINAL,2026-03-07T01:57:40Z,421
62282.0,PAYLOAD,66636.0,PAYLOAD,9.2526,1e-08,NOMINAL,2026-03-07T05:28:40Z,632
60339.0,PAYLOAD,63124.0,PAYLOAD,9.2535,1e-08,NOMINAL,2026-03-07T12:12:40Z,1036
171.0,DEBRIS,10926.0,ROCKET BODY,9.2544,1e-08,NOMINAL,2026-03-07T10:52:40Z,956
63802.0,PAYLOAD,65090.0,PAYLOAD,9.2556,1e-08,NOMINAL,2026-03-07T10:32:40Z,936
5260.0,DEBRIS,10038.0,PAYLOAD,9.2557,1e-08,NOMINAL,2026-03-07T13:01:40Z,1085
59412.0,PAYLOAD,64612.0,PAYLOAD,9.2562,1e-08,NOMINAL,2026-03-07T01:13:40Z,377
58838.0,PAYLOAD,62198.0,PAYLOAD,9.2564,1e-08,NOMINAL,2026-03-07T10:44:40Z,948
59902.0,PAYLOAD,64730.0,PAYLOAD,9.2569,1e-08,NOMINAL,2026-03-07T11:31:40Z,995
58787.0,PAYLOAD,65365.0,PAYLOAD,9.258,1e-08,NOMINAL,2026-03-07T18:02:40Z,1386
59642.0,PAYLOAD,66024.0,PAYLOAD,9.2582,1e-08,NOMINAL,2026-03-07T10:59:40Z,963
59579.0,PAYLOAD,60128.0,PAYLOAD,9.2582,1e-08,NOMINAL,2026-03-07T13:22:40Z,1106
57203.0,UNKNOWN,64270.0,PAYLOAD,9.2585,1e-08,NOMINAL,2026-03-07T17:00:40Z,1324
57137.0,PAYLOAD,65613.0,PAYLOAD,9.2591,1e-08,NOMINAL,2026-03-07T01:27:40Z,391
60734.0,PAYLOAD,66539.0,PAYLOAD,9.2592,1e-08,NOMINAL,2026-03-06T23:50:40Z,294
59046.0,PAYLOAD,64750.0,PAYLOAD,9.2595,1e-08,NOMINAL,2026-03-07T01:59:40Z,423
52467.0,PAYLOAD,57738.0,PAYLOAD,9.26,1e-08,NOMINAL,2026-03-06T19:25:40Z,29
48381.0,PAYLOAD,64391.0,PAYLOAD,9.2601,1e-08,NOMINAL,2026-03-07T14:46:40Z,1190
59748.0,PAYLOAD,62951.0,PAYLOAD,9.2622,1e-08,NOMINAL,2026-03-07T15:21:40Z,1225
44390.0,PAYLOAD,56301.0,PAYLOAD,9.2624,1e-08,NOMINAL,2026-03-06T21:01:40Z,125
48679.0,PAYLOAD,53424.0,PAYLOAD,9.2628,1e-08,NOMINAL,2026-03-07T00:34:40Z,338
57974.0,PAYLOAD,66498.0,PAYLOAD,9.2629,1e-08,NOMINAL,2026-03-07T08:43:40Z,827
32110.0,DEBRIS,40568.0,DEBRIS,9.2635,1e-08,NOMINAL,2026-03-07T12:27:40Z,1051
59605.0,PAYLOAD,65893.0,PAYLOAD,9.2637,1e-08,NOMINAL,2026-03-07T03:30:40Z,514
3222.0,ROCKET BODY,3867.0,DEBRIS,9.2637,1e-08,NOMINAL,2026-03-07T09:51:40Z,895
2503.0,DEBRIS,6633.0,PAYLOAD,9.2642,1e-08,NOMINAL,2026-03-07T03:45:40Z,529
59726.0,PAYLOAD,62497.0,PAYLOAD,9.2644,1e-08,NOMINAL,2026-03-07T08:04:40Z,788
60446.0,PAYLOAD,67171.0,PAYLOAD,9.2646,1e-08,NOMINAL,2026-03-07T03:57:40Z,541
384.0,DEBRIS,5644.0,ROCKET BODY,9.2647,1e-08,NOMINAL,2026-03-07T08:30:40Z,814
44451.0,PAYLOAD,57344.0,PAYLOAD,9.2649,1e-08,NOMINAL,2026-03-07T16:55:40Z,1319
58182.0,PAYLOAD,59013.0,PAYLOAD,9.2656,1e-08,NOMINAL,2026-03-07T10:17:40Z,921
39133.0,PAYLOAD,63845.0,PAYLOAD,9.2666,1e-08,NOMINAL,2026-03-07T16:41:40Z,1305
30868.0,DEBRIS,39586.0,DEBRIS,9.2666,1e-08,NOMINAL,2026-03-06T21:42:40Z,166
55524.0,DEBRIS,56590.0,DEBRIS,9.2667,1e-08,NOMINAL,2026-03-07T07:23:40Z,747
58552.0,PAYLOAD,59253.0,PAYLOAD,9.2668,1e-08,NOMINAL,2026-03-07T06:03:40Z,667
59791.0,PAYLOAD,64171.0,PAYLOAD,9.2671,1e-08,NOMINAL,2026-03-07T15:38:40Z,1242
59631.0,PAYLOAD,62755.0,PAYLOAD,9.2675,1e-08,NOMINAL,2026-03-06T19:34:40Z,38
30336.0,DEBRIS,40416.0,DEBRIS,9.2676,1e-08,NOMINAL,2026-03-07T07:35:40Z,759
59535.0,PAYLOAD,65647.0,PAYLOAD,9.2678,1e-08,NOMINAL,2026-03-07T09:25:40Z,869
62817.0,PAYLOAD,64208.0,PAYLOAD,9.268,1e-08,NOMINAL,2026-03-07T06:40:40Z,704
48357.0,PAYLOAD,66432.0,PAYLOAD,9.2684,1e-08,NOMINAL,2026-03-06T21:29:40Z,153
60463.0,PAYLOAD,66010.0,PAYLOAD,9.2686,1e-08,NOMINAL,2026-03-07T18:39:40Z,1423
59075.0,PAYLOAD,62814.0,PAYLOAD,9.2691,1e-08,NOMINAL,2026-03-07T00:30:40Z,334
61588.0,PAYLOAD,62571.0,PAYLOAD,9.2692,1e-08,NOMINAL,2026-03-07T12:28:40Z,1052
30303.0,DEBRIS,33591.0,PAYLOAD,9.2693,1e-08,NOMINAL,2026-03-06T22:57:40Z,241
45689.0,PAYLOAD,66817.0,PAYLOAD,9.2697,1e-08,NOMINAL,2026-03-07T12:05:40Z,1029
56918.0,PAYLOAD,64853.0,PAYLOAD,9.2701,1e-08,NOMINAL,2026-03-07T14:04:40Z,1148
3228.0,PAYLOAD,11451.0,PAYLOAD,9.2707,1e-08,NOMINAL,2026-03-07T06:56:40Z,720
456.0,DEBRIS,808.0,ROCKET BODY,9.2711,1e-08,NOMINAL,2026-03-07T15:51:40Z,1255
58531.0,PAYLOAD,63769.0,PAYLOAD,9.2718,1e-08,NOMINAL,2026-03-06T20:48:40Z,112
49481.0,DEBRIS,65740.0,PAYLOAD,9.2719,1e-08,NOMINAL,2026-03-07T03:31:40Z,515
63961.0,PAYLOAD,66895.0,PAYLOAD,9.2723,1e-08,NOMINAL,2026-03-07T09:19:40Z,863
23088.0,ROCKET BODY,61825.0,DEBRIS,9.2727,1e-08,NOMINAL,2026-03-07T13:41:40Z,1125
64772.0,PAYLOAD,67521.0,PAYLOAD,9.2751,0.0,NOMINAL,2026-03-07T09:52:40Z,896
58949.0,PAYLOAD,59662.0,PAYLOAD,9.2752,0.0,NOMINAL,2026-03-07T09:27:40Z,871
34410.0,DEBRIS,67326.0,PAYLOAD,9.2759,0.0,NOMINAL,2026-03-07T06:57:40Z,721
67366.0,UNKNOWN,82494.0,UNKNOWN,9.2761,0.0,NOMINAL,2026-03-07T09:37:40Z,881
63478.0,PAYLOAD,64776.0,PAYLOAD,9.2765,0.0,NOMINAL,2026-03-07T11:35:40Z,999
20915.0,DEBRIS,54532.0,DEBRIS,9.2765,0.0,NOMINAL,2026-03-07T01:34:40Z,398
60318.0,PAYLOAD,67171.0,PAYLOAD,9.2768,0.0,NOMINAL,2026-03-07T08:11:40Z,795
60962.0,DEBRIS,61297.0,DEBRIS,9.2781,0.0,NOMINAL,2026-03-06T23:58:40Z,302
7086.0,DEBRIS,28419.0,PAYLOAD,9.2783,0.0,NOMINAL,2026-03-07T00:16:40Z,320
34006.0,DEBRIS,56019.0,PAYLOAD,9.2789,0.0,NOMINAL,2026-03-07T06:16:40Z,680
11962.0,PAYLOAD,47013.0,DEBRIS,9.2791,0.0,NOMINAL,2026-03-07T09:51:40Z,895
4238.0,DEBRIS,62381.0,PAYLOAD,9.2791,0.0,NOMINAL,2026-03-06T22:05:40Z,189
35993.0,DEBRIS,40376.0,PAYLOAD,9.2795,0.0,NOMINAL,2026-03-07T00:20:40Z,324
60034.0,PAYLOAD,61855.0,PAYLOAD,9.2795,0.0,NOMINAL,2026-03-07T02:27:40Z,451
43833.0,PAYLOAD,61968.0,PAYLOAD,9.2795,0.0,NOMINAL,2026-03-07T02:25:40Z,449
47817.0,PAYLOAD,65423.0,PAYLOAD,9.2802,0.0,NOMINAL,2026-03-07T10:35:40Z,939
32200.0,DEBRIS,44697.0,DEBRIS,9.2807,0.0,NOMINAL,2026-03-07T17:24:40Z,1348
4975.0,DEBRIS,65666.0,PAYLOAD,9.2808,0.0,NOMINAL,2026-03-06T20:40:40Z,104
66516.0,PAYLOAD,67425.0,PAYLOAD,9.2809,0.0,NOMINAL,2026-03-07T01:39:40Z,403
30671.0,DEBRIS,31160.0,DEBRIS,9.2813,0.0,NOMINAL,2026-03-07T01:16:40Z,380
66706.0,PAYLOAD,67277.0,UNKNOWN,9.2827,0.0,NOMINAL,2026-03-07T17:24:40Z,1348
66866.0,PAYLOAD,66895.0,PAYLOAD,9.2831,0.0,NOMINAL,2026-03-07T18:16:40Z,1400
47836.0,PAYLOAD,63644.0,PAYLOAD,9.2832,0.0,NOMINAL,2026-03-07T05:02:40Z,606
61627.0,PAYLOAD,63506.0,PAYLOAD,9.2839,0.0,NOMINAL,2026-03-07T14:23:40Z,1167
48327.0,PAYLOAD,58592.0,PAYLOAD,9.2842,0.0,NOMINAL,2026-03-07T09:43:40Z,887
45751.0,PAYLOAD,63212.0,PAYLOAD,9.2843,0.0,NOMINAL,2026-03-06T23:52:40Z,296
53654.0,PAYLOAD,56148.0,PAYLOAD,9.2858,0.0,NOMINAL,2026-03-06T22:42:40Z,226
9920.0,DEBRIS,59720.0,PAYLOAD,9.2864,0.0,NOMINAL,2026-03-07T18:03:40Z,1387
62783.0,PAYLOAD,64269.0,PAYLOAD,9.2867,0.0,NOMINAL,2026-03-07T06:35:40Z,699
30438.0,DEBRIS,42162.0,DEBRIS,9.2868,0.0,NOMINAL,2026-03-07T00:38:40Z,342
62380.0,UNKNOWN,66812.0,PAYLOAD,9.287,0.0,NOMINAL,2026-03-06T21:48:40Z,172
62434.0,PAYLOAD,67305.0,PAYLOAD,9.2871,0.0,NOMINAL,2026-03-07T17:49:40Z,1373
1536.0,DEBRIS,62617.0,PAYLOAD,9.2872,0.0,NOMINAL,2026-03-07T05:01:40Z,605
10077.0,DEBRIS,62224.0,PAYLOAD,9.2875,0.0,NOMINAL,2026-03-06T19:20:40Z,24
60414.0,PAYLOAD,63474.0,PAYLOAD,9.2881,0.0,NOMINAL,2026-03-07T12:36:40Z,1060
42258.0,DEBRIS,81481.0,TBA,9.2892,0.0,NOMINAL,2026-03-06T22:19:40Z,203
2960.0,DEBRIS,35392.0,DEBRIS,9.2894,0.0,NOMINAL,2026-03-06T21:03:40Z,127
59936.0,PAYLOAD,63682.0,PAYLOAD,9.29,0.0,NOMINAL,2026-03-07T16:17:40Z,1281
41358.0,DEBRIS,42349.0,DEBRIS,9.2901,0.0,NOMINAL,2026-03-07T00:59:40Z,363
59136.0,PAYLOAD,59476.0,PAYLOAD,9.2905,0.0,NOMINAL,2026-03-07T17:25:40Z,1349
64338.0,PAYLOAD,66925.0,PAYLOAD,9.2906,0.0,NOMINAL,2026-03-07T06:53:40Z,717
59196.0,PAYLOAD,60026.0,PAYLOAD,9.2907,0.0,NOMINAL,2026-03-07T06:44:40Z,708
58981.0,PAYLOAD,59511.0,PAYLOAD,9.2907,0.0,NOMINAL,2026-03-07T14:36:40Z,1180
65874.0,PAYLOAD,66811.0,PAYLOAD,9.2909,0.0,NOMINAL,2026-03-07T08:51:40Z,835
3968.0,DEBRIS,38712.0,ROCKET BODY,9.2914,0.0,NOMINAL,2026-03-06T21:53:40Z,177
60283.0,PAYLOAD,63648.0,PAYLOAD,9.2916,0.0,NOMINAL,2026-03-07T10:39:40Z,943
60527.0,PAYLOAD,66237.0,PAYLOAD,9.2921,0.0,NOMINAL,2026-03-06T21:14:40Z,138
3080.0,ROCKET BODY,8696.0,PAYLOAD,9.2932,0.0,NOMINAL,2026-03-07T01:29:40Z,393
45235.0,PAYLOAD,59512.0,PAYLOAD,9.2934,0.0,NOMINAL,2026-03-07T01:20:40Z,384
50058.0,DEBRIS,60066.0,PAYLOAD,9.2937,0.0,NOMINAL,2026-03-07T16:01:40Z,1265
47815.0,PAYLOAD,66337.0,PAYLOAD,9.2937,0.0,NOMINAL,2026-03-07T04:18:40Z,562
6655.0,PAYLOAD,23608.0,ROCKET BODY,9.2941,0.0,NOMINAL,2026-03-07T12:16:40Z,1040
3832.0,ROCKET BODY,9735.0,PAYLOAD,9.2942,0.0,NOMINAL,2026-03-06T19:51:40Z,55
58455.0,PAYLOAD,59766.0,PAYLOAD,9.2958,0.0,NOMINAL,2026-03-07T16:11:40Z,1275
62286.0,PAYLOAD,66240.0,PAYLOAD,9.2964,0.0,NOMINAL,2026-03-07T17:38:40Z,1362
58870.0,PAYLOAD,60411.0,PAYLOAD,9.2966,0.0,NOMINAL,2026-03-07T05:00:40Z,604
42350.0,DEBRIS,57757.0,PAYLOAD,9.2968,0.0,NOMINAL,2026-03-07T14:30:40Z,1174
51782.0,PAYLOAD,56037.0,PAYLOAD,9.2969,0.0,NOMINAL,2026-03-07T14:02:40Z,1146
45603.0,PAYLOAD,53571.0,PAYLOAD,9.297,0.0,NOMINAL,2026-03-07T18:09:40Z,1393
46054.0,PAYLOAD,65883.0,PAYLOAD,9.2971,0.0,NOMINAL,2026-03-07T00:27:40Z,331
58181.0,PAYLOAD,58638.0,PAYLOAD,9.2981,0.0,NOMINAL,2026-03-07T03:00:40Z,484
63995.0,PAYLOAD,65751.0,PAYLOAD,9.2987,0.0,NOMINAL,2026-03-07T10:31:40Z,935
48744.0,DEBRIS,54345.0,DEBRIS,9.2987,0.0,NOMINAL,2026-03-07T17:38:40Z,1362
59436.0,PAYLOAD,59500.0,PAYLOAD,9.2994,0.0,NOMINAL,2026-03-07T16:00:40Z,1264
47382.0,PAYLOAD,59411.0,PAYLOAD,9.2995,0.0,NOMINAL,2026-03-07T15:26:40Z,1230
66392.0,PAYLOAD,67344.0,PAYLOAD,9.2997,0.0,NOMINAL,2026-03-07T14:20:40Z,1164
45235.0,PAYLOAD,58177.0,PAYLOAD,9.3014,0.0,NOMINAL,2026-03-07T03:16:40Z,500
3656.0,PAYLOAD,5819.0,DEBRIS,9.3014,0.0,NOMINAL,2026-03-07T17:55:40Z,1379
3561.0,DEBRIS,55758.0,PAYLOAD,9.3016,0.0,NOMINAL,2026-03-07T14:43:40Z,1187
46469.0,PAYLOAD,65577.0,PAYLOAD,9.3016,0.0,NOMINAL,2026-03-07T16:44:40Z,1308
58154.0,PAYLOAD,61928.0,PAYLOAD,9.3024,0.0,NOMINAL,2026-03-07T08:38:40Z,822
47817.0,PAYLOAD,63961.0,PAYLOAD,9.3025,0.0,NOMINAL,2026-03-07T05:45:40Z,649
43676.0,PAYLOAD,66666.0,PAYLOAD,9.3036,0.0,NOMINAL,2026-03-07T11:51:40Z,1015
64100.0,PAYLOAD,67347.0,PAYLOAD,9.3039,0.0,NOMINAL,2026-03-07T06:34:40Z,698
34969.0,DEBRIS,43576.0,PAYLOAD,9.3041,0.0,NOMINAL,2026-03-07T00:47:40Z,351
3668.0,ROCKET BODY,4423.0,ROCKET BODY,9.3041,0.0,NOMINAL,2026-03-07T16:12:40Z,1276
59904.0,PAYLOAD,60937.0,PAYLOAD,9.3042,0.0,NOMINAL,2026-03-06T20:24:40Z,88
57667.0,PAYLOAD,59667.0,PAYLOAD,9.3043,0.0,NOMINAL,2026-03-07T06:09:40Z,673
4631.0,ROCKET BODY,40440.0,DEBRIS,9.3044,0.0,NOMINAL,2026-03-06T22:05:40Z,189
49175.0,PAYLOAD,55744.0,PAYLOAD,9.3051,0.0,NOMINAL,2026-03-07T02:48:40Z,472
1403.0,DEBRIS,67538.0,PAYLOAD,9.3053,0.0,NOMINAL,2026-03-06T19:01:40Z,5
62995.0,PAYLOAD,65209.0,PAYLOAD,9.3054,0.0,NOMINAL,2026-03-07T01:33:40Z,397
58169.0,PAYLOAD,62482.0,PAYLOAD,9.3056,0.0,NOMINAL,2026-03-06T19:12:40Z,16
64595.0,PAYLOAD,66848.0,PAYLOAD,9.3069,0.0,NOMINAL,2026-03-07T18:23:40Z,1407
56697.0,PAYLOAD,64110.0,PAYLOAD,9.307,0.0,NOMINAL,2026-03-06T22:35:40Z,219
58495.0,PAYLOAD,58551.0,PAYLOAD,9.3071,0.0,NOMINAL,2026-03-07T03:57:40Z,541
59644.0,PAYLOAD,60321.0,PAYLOAD,9.3077,0.0,NOMINAL,2026-03-06T21:00:40Z,124
31949.0,DEBRIS,32412.0,DEBRIS,9.3078,0.0,NOMINAL,2026-03-06T20:18:40Z,82
58540.0,PAYLOAD,62740.0,PAYLOAD,9.3078,0.0,NOMINAL,2026-03-07T06:51:40Z,715
50179.0,PAYLOAD,57139.0,PAYLOAD,9.308,0.0,NOMINAL,2026-03-07T02:24:40Z,448
58212.0,PAYLOAD,62194.0,PAYLOAD,9.3088,0.0,NOMINAL,2026-03-07T12:05:40Z,1029
18765.0,DEBRIS,31459.0,DEBRIS,9.3089,0.0,NOMINAL,2026-03-07T14:18:40Z,1162
31219.0,DEBRIS,270096.0,UNKNOWN,9.3089,0.0,NOMINAL,2026-03-07T06:07:40Z,671
59773.0,PAYLOAD,67415.0,PAYLOAD,9.3093,0.0,NOMINAL,2026-03-07T15:46:40Z,1250
4183.0,ROCKET BODY,8769.0,DEBRIS,9.3096,0.0,NOMINAL,2026-03-06T23:38:40Z,282
61338.0,DEBRIS,64661.0,DEBRIS,9.3103,0.0,NOMINAL,2026-03-06T20:32:40Z,96
57402.0,PAYLOAD,58529.0,PAYLOAD,9.3106,0.0,NOMINAL,2026-03-07T05:09:40Z,613
62195.0,PAYLOAD,64765.0,PAYLOAD,9.3108,0.0,NOMINAL,2026-03-07T15:45:40Z,1249
58177.0,PAYLOAD,61724.0,PAYLOAD,9.3108,0.0,NOMINAL,2026-03-07T17:34:40Z,1358
59131.0,PAYLOAD,66522.0,PAYLOAD,9.311,0.0,NOMINAL,2026-03-06T23:33:40Z,277
3612.0,PAYLOAD,36326.0,DEBRIS,9.3113,0.0,NOMINAL,2026-03-06T20:06:40Z,70
42267.0,DEBRIS,60641.0,DEBRIS,9.3117,0.0,NOMINAL,2026-03-07T17:00:40Z,1324
59892.0,PAYLOAD,66975.0,PAYLOAD,9.3118,0.0,NOMINAL,2026-03-07T17:24:40Z,1348
39309.0,DEBRIS,63300.0,PAYLOAD,9.3119,0.0,NOMINAL,2026-03-07T01:16:40Z,380
25733.0,DEBRIS,33651.0,DEBRIS,9.3121,0.0,NOMINAL,2026-03-06T20:56:40Z,120
63586.0,PAYLOAD,67336.0,PAYLOAD,9.3121,0.0,NOMINAL,2026-03-07T08:50:40Z,834
44714.0,PAYLOAD,47772.0,PAYLOAD,9.3121,0.0,NOMINAL,2026-03-07T18:23:40Z,1407
458.0,DEBRIS,3641.0,DEBRIS,9.3126,0.0,NOMINAL,2026-03-07T05:12:40Z,616
63364.0,PAYLOAD,66965.0,PAYLOAD,9.3127,0.0,NOMINAL,2026-03-07T14:24:40Z,1168
3729.0,DEBRIS,59581.0,PAYLOAD,9.3129,0.0,NOMINAL,2026-03-07T07:39:40Z,763
58107.0,PAYLOAD,62738.0,PAYLOAD,9.313,0.0,NOMINAL,2026-03-07T11:28:40Z,992
66679.0,PAYLOAD,66694.0,PAYLOAD,9.3131,0.0,NOMINAL,2026-03-07T11:40:40Z,1004
37114.0,DEBRIS,66537.0,PAYLOAD,9.3131,0.0,NOMINAL,2026-03-06T19:18:40Z,22
58747.0,PAYLOAD,67409.0,PAYLOAD,9.3141,0.0,NOMINAL,2026-03-07T02:54:40Z,478
63912.0,PAYLOAD,65349.0,PAYLOAD,9.3143,0.0,NOMINAL,2026-03-07T12:34:40Z,1058
63764.0,PAYLOAD,64203.0,PAYLOAD,9.3147,0.0,NOMINAL,2026-03-07T05:56:40Z,660
58772.0,PAYLOAD,66090.0,PAYLOAD,9.3155,0.0,NOMINAL,2026-03-07T17:47:40Z,1371
10432.0,DEBRIS,62430.0,PAYLOAD,9.3158,0.0,NOMINAL,2026-03-07T16:02:40Z,1266
981.0,ROCKET BODY,3114.0,PAYLOAD,9.316,0.0,NOMINAL,2026-03-06T20:29:40Z,93
57912.0,PAYLOAD,65682.0,PAYLOAD,9.3167,0.0,NOMINAL,2026-03-07T07:36:40Z,760
58482.0,PAYLOAD,63787.0,PAYLOAD,9.3171,0.0,NOMINAL,2026-03-07T02:18:40Z,442
57913.0,PAYLOAD,59520.0,PAYLOAD,9.3172,0.0,NOMINAL,2026-03-07T00:39:40Z,343
44062.0,PAYLOAD,55167.0,PAYLOAD,9.3174,0.0,NOMINAL,2026-03-07T04:27:40Z,571
59179.0,PAYLOAD,61781.0,UNKNOWN,9.3189,0.0,NOMINAL,2026-03-07T08:43:40Z,827
60142.0,PAYLOAD,67516.0,PAYLOAD,9.3198,0.0,NOMINAL,2026-03-07T11:17:40Z,981
49730.0,PAYLOAD,53424.0,PAYLOAD,9.3215,0.0,NOMINAL,2026-03-07T08:36:40Z,820
48140.0,PAYLOAD,63893.0,PAYLOAD,9.3226,0.0,NOMINAL,2026-03-07T09:39:40Z,883
57874.0,PAYLOAD,64247.0,PAYLOAD,9.323,0.0,NOMINAL,2026-03-06T19:57:40Z,61
58736.0,PAYLOAD,62571.0,PAYLOAD,9.3236,0.0,NOMINAL,2026-03-07T13:41:40Z,1125
42294.0,DEBRIS,66736.0,PAYLOAD,9.3239,0.0,NOMINAL,2026-03-07T00:59:40Z,363
47947.0,UNKNOWN,65192.0,PAYLOAD,9.3241,0.0,NOMINAL,2026-03-07T16:24:40Z,1288
54984.0,DEBRIS,65815.0,UNKNOWN,9.3242,0.0,NOMINAL,2026-03-07T10:40:40Z,944
59023.0,PAYLOAD,66881.0,PAYLOAD,9.3246,0.0,NOMINAL,2026-03-06T20:18:40Z,82
66061.0,PAYLOAD,66637.0,PAYLOAD,9.3258,0.0,NOMINAL,2026-03-07T00:23:40Z,327
26181.0,DEBRIS,30293.0,DEBRIS,9.3258,0.0,NOMINAL,2026-03-07T04:08:40Z,552
43264.0,ROCKET BODY,56842.0,PAYLOAD,9.3263,0.0,NOMINAL,2026-03-07T18:01:40Z,1385
61906.0,UNKNOWN,66622.0,PAYLOAD,9.3267,0.0,NOMINAL,2026-03-07T02:27:40Z,451
62205.0,PAYLOAD,65758.0,PAYLOAD,9.3268,0.0,NOMINAL,2026-03-07T04:22:40Z,566
59553.0,PAYLOAD,62679.0,PAYLOAD,9.328,0.0,NOMINAL,2026-03-06T19:56:40Z,60
3310.0,PAYLOAD,46093.0,DEBRIS,9.3285,0.0,NOMINAL,2026-03-07T17:31:40Z,1355
36664.0,DEBRIS,39981.0,DEBRIS,9.3287,0.0,NOMINAL,2026-03-07T10:50:40Z,954
63255.0,PAYLOAD,65227.0,PAYLOAD,9.329,0.0,NOMINAL,2026-03-06T19:57:40Z,61
59239.0,PAYLOAD,64272.0,PAYLOAD,9.329,0.0,NOMINAL,2026-03-07T04:19:40Z,563
6761.0,DEBRIS,38046.0,PAYLOAD,9.3291,0.0,NOMINAL,2026-03-07T02:11:40Z,435
42838.0,PAYLOAD,48691.0,PAYLOAD,9.3305,0.0,NOMINAL,2026-03-07T12:53:40Z,1077
62121.0,PAYLOAD,64669.0,PAYLOAD,9.3306,0.0,NOMINAL,2026-03-07T08:52:40Z,836
48213.0,PAYLOAD,49189.0,PAYLOAD,9.3309,0.0,NOMINAL,2026-03-06T20:55:40Z,119
58769.0,PAYLOAD,59666.0,PAYLOAD,9.3312,0.0,NOMINAL,2026-03-06T22:50:40Z,234
64540.0,PAYLOAD,65638.0,PAYLOAD,9.3324,0.0,NOMINAL,2026-03-07T14:56:40Z,1200
58021.0,PAYLOAD,58301.0,PAYLOAD,9.3325,0.0,NOMINAL,2026-03-07T14:19:40Z,1163
65754.0,PAYLOAD,66154.0,PAYLOAD,9.3325,0.0,NOMINAL,2026-03-07T06:15:40Z,679
48640.0,PAYLOAD,63962.0,PAYLOAD,9.3327,0.0,NOMINAL,2026-03-07T04:46:40Z,590
43476.0,PAYLOAD,43877.0,PAYLOAD,9.333,0.0,NOMINAL,2026-03-06T22:47:40Z,231
64141.0,PAYLOAD,66106.0,PAYLOAD,9.3335,0.0,NOMINAL,2026-03-07T09:02:40Z,846
58176.0,PAYLOAD,63020.0,PAYLOAD,9.3342,0.0,NOMINAL,2026-03-07T18:13:40Z,1397
3914.0,PAYLOAD,10021.0,PAYLOAD,9.3342,0.0,NOMINAL,2026-03-07T18:25:40Z,1409
62206.0,PAYLOAD,63036.0,PAYLOAD,9.3343,0.0,NOMINAL,2026-03-07T02:05:40Z,429
44069.0,PAYLOAD,61575.0,PAYLOAD,9.3347,0.0,NOMINAL,2026-03-07T09:28:40Z,872
10331.0,DEBRIS,45375.0,PAYLOAD,9.3348,0.0,NOMINAL,2026-03-07T15:57:40Z,1261
61641.0,PAYLOAD,66327.0,PAYLOAD,9.3357,0.0,NOMINAL,2026-03-07T07:47:40Z,771
39227.0,PAYLOAD,56357.0,PAYLOAD,9.3361,0.0,NOMINAL,2026-03-07T05:53:40Z,657
58858.0,PAYLOAD,66180.0,PAYLOAD,9.337,0.0,NOMINAL,2026-03-07T11:31:40Z,995
35174.0,DEBRIS,64676.0,PAYLOAD,9.3373,0.0,NOMINAL,2026-03-07T03:59:40Z,543
51735.0,PAYLOAD,54880.0,PAYLOAD,9.3376,0.0,NOMINAL,2026-03-07T16:10:40Z,1274
58743.0,PAYLOAD,59786.0,PAYLOAD,9.3384,0.0,NOMINAL,2026-03-06T19:01:40Z,5
65696.0,PAYLOAD,66875.0,PAYLOAD,9.3385,0.0,NOMINAL,2026-03-07T12:14:40Z,1038
57997.0,PAYLOAD,59898.0,PAYLOAD,9.3386,0.0,NOMINAL,2026-03-07T03:14:40Z,498
2351.0,PAYLOAD,5812.0,DEBRIS,9.3388,0.0,NOMINAL,2026-03-06T19:08:40Z,12
58126.0,PAYLOAD,64207.0,PAYLOAD,9.3389,0.0,NOMINAL,2026-03-06T22:43:40Z,227
63851.0,PAYLOAD,64172.0,PAYLOAD,9.34,0.0,NOMINAL,2026-03-07T12:02:40Z,1026
48099.0,PAYLOAD,66799.0,PAYLOAD,9.34,0.0,NOMINAL,2026-03-06T23:16:40Z,260
63847.0,PAYLOAD,64192.0,PAYLOAD,9.3401,0.0,NOMINAL,2026-03-07T10:37:40Z,941
33971.0,DEBRIS,35031.0,DEBRIS,9.3405,0.0,NOMINAL,2026-03-07T00:36:40Z,340
1136.0,DEBRIS,9414.0,DEBRIS,9.3407,0.0,NOMINAL,2026-03-07T11:46:40Z,1010
61973.0,PAYLOAD,66269.0,PAYLOAD,9.3413,0.0,NOMINAL,2026-03-07T00:18:40Z,322
31281.0,DEBRIS,57258.0,PAYLOAD,9.3418,0.0,NOMINAL,2026-03-07T03:33:40Z,517
61541.0,PAYLOAD,62228.0,PAYLOAD,9.3426,0.0,NOMINAL,2026-03-07T13:35:40Z,1119
47116.0,DEBRIS,63867.0,PAYLOAD,9.3427,0.0,NOMINAL,2026-03-07T07:59:40Z,783
48576.0,PAYLOAD,59494.0,PAYLOAD,9.3433,0.0,NOMINAL,2026-03-07T07:18:40Z,742
62425.0,PAYLOAD,63147.0,PAYLOAD,9.3436,0.0,NOMINAL,2026-03-07T17:48:40Z,1372
19048.0,DEBRIS,34611.0,DEBRIS,9.3437,0.0,NOMINAL,2026-03-07T10:42:40Z,946
11259.0,PAYLOAD,61878.0,PAYLOAD,9.3437,0.0,NOMINAL,2026-03-06T21:17:40Z,141
62211.0,PAYLOAD,65901.0,PAYLOAD,9.3442,0.0,NOMINAL,2026-03-07T05:23:40Z,627
34433.0,DEBRIS,43074.0,PAYLOAD,9.3442,0.0,NOMINAL,2026-03-07T07:55:40Z,779
2293.0,ROCKET BODY,4339.0,ROCKET BODY,9.3449,0.0,NOMINAL,2026-03-07T16:53:40Z,1317
59763.0,PAYLOAD,63015.0,PAYLOAD,9.3457,0.0,NOMINAL,2026-03-07T12:16:40Z,1040
57529.0,PAYLOAD,60077.0,PAYLOAD,9.3461,0.0,NOMINAL,2026-03-07T15:49:40Z,1253
30392.0,DEBRIS,37108.0,DEBRIS,9.3461,0.0,NOMINAL,2026-03-07T06:57:40Z,721
47770.0,PAYLOAD,59771.0,PAYLOAD,9.3465,0.0,NOMINAL,2026-03-07T02:07:40Z,431
58999.0,PAYLOAD,66805.0,PAYLOAD,9.3471,0.0,NOMINAL,2026-03-06T21:56:40Z,180
59157.0,PAYLOAD,62822.0,PAYLOAD,9.3472,0.0,NOMINAL,2026-03-06T20:14:40Z,78
58975.0,PAYLOAD,64106.0,PAYLOAD,9.3478,0.0,NOMINAL,2026-03-07T18:11:40Z,1395
60257.0,PAYLOAD,62996.0,PAYLOAD,9.3479,0.0,NOMINAL,2026-03-07T17:16:40Z,1340
66630.0,PAYLOAD,67446.0,PAYLOAD,9.3482,0.0,NOMINAL,2026-03-06T19:19:40Z,23
58491.0,PAYLOAD,58894.0,PAYLOAD,9.3486,0.0,NOMINAL,2026-03-07T17:38:40Z,1362
36074.0,DEBRIS,43575.0,PAYLOAD,9.3496,0.0,NOMINAL,2026-03-07T10:34:40Z,938
45366.0,PAYLOAD,59243.0,PAYLOAD,9.3505,0.0,NOMINAL,2026-03-07T01:30:40Z,394
61944.0,PAYLOAD,62095.0,PAYLOAD,9.3507,0.0,NOMINAL,2026-03-06T19:21:40Z,25
58601.0,PAYLOAD,64672.0,PAYLOAD,9.3512,0.0,NOMINAL,2026-03-07T07:30:40Z,754
58935.0,PAYLOAD,66582.0,PAYLOAD,9.3516,0.0,NOMINAL,2026-03-07T03:52:40Z,536
59368.0,PAYLOAD,65492.0,PAYLOAD,9.3517,0.0,NOMINAL,2026-03-07T08:56:40Z,840
5246.0,PAYLOAD,11230.0,ROCKET BODY,9.3523,0.0,NOMINAL,2026-03-07T05:30:40Z,634
60487.0,PAYLOAD,60505.0,PAYLOAD,9.3524,0.0,NOMINAL,2026-03-06T20:31:40Z,95
40024.0,PAYLOAD,52907.0,PAYLOAD,9.3529,0.0,NOMINAL,2026-03-07T03:17:40Z,501
62207.0,PAYLOAD,65469.0,PAYLOAD,9.3531,0.0,NOMINAL,2026-03-06T23:06:40Z,250
31441.0,DEBRIS,35236.0,DEBRIS,9.3531,0.0,NOMINAL,2026-03-06T21:48:40Z,172
47378.0,PAYLOAD,66507.0,PAYLOAD,9.3531,0.0,NOMINAL,2026-03-07T13:26:40Z,1110
1416.0,DEBRIS,66941.0,PAYLOAD,9.3535,0.0,NOMINAL,2026-03-07T17:33:40Z,1357
5604.0,DEBRIS,8770.0,PAYLOAD,9.3538,0.0,NOMINAL,2026-03-06T21:20:40Z,144
57526.0,PAYLOAD,62447.0,PAYLOAD,9.3546,0.0,NOMINAL,2026-03-07T06:41:40Z,705
48611.0,DEBRIS,89123.0,UNKNOWN,9.3546,0.0,NOMINAL,2026-03-07T02:34:40Z,458
64088.0,UNKNOWN,67260.0,UNKNOWN,9.3557,0.0,NOMINAL,2026-03-07T15:10:40Z,1214
17639.0,DEBRIS,45652.0,DEBRIS,9.3557,0.0,NOMINAL,2026-03-06T22:20:40Z,204
58191.0,PAYLOAD,62681.0,PAYLOAD,9.3563,0.0,NOMINAL,2026-03-07T12:39:40Z,1063
35201.0,DEBRIS,56635.0,DEBRIS,9.3569,0.0,NOMINAL,2026-03-07T14:17:40Z,1161
185.0,DEBRIS,35119.0,DEBRIS,9.3573,0.0,NOMINAL,2026-03-07T05:41:40Z,645
63384.0,PAYLOAD,66472.0,PAYLOAD,9.3577,0.0,NOMINAL,2026-03-07T05:20:40Z,624
16720.0,ROCKET BODY,20562.0,PAYLOAD,9.3579,0.0,NOMINAL,2026-03-07T03:12:40Z,496
58187.0,PAYLOAD,59639.0,PAYLOAD,9.3584,0.0,NOMINAL,2026-03-06T22:16:40Z,200
48973.0,PAYLOAD,56079.0,PAYLOAD,9.3591,0.0,NOMINAL,2026-03-07T10:55:40Z,959
59660.0,PAYLOAD,67320.0,PAYLOAD,9.3593,0.0,NOMINAL,2026-03-07T18:40:40Z,1424
31063.0,DEBRIS,63951.0,PAYLOAD,9.3599,0.0,NOMINAL,2026-03-07T06:37:40Z,701
19260.0,DEBRIS,35441.0,DEBRIS,9.3601,0.0,NOMINAL,2026-03-07T04:36:40Z,580
58881.0,PAYLOAD,67305.0,PAYLOAD,9.3606,0.0,NOMINAL,2026-03-06T19:36:40Z,40
65873.0,PAYLOAD,67040.0,PAYLOAD,9.3607,0.0,NOMINAL,2026-03-06T23:56:40Z,300
43719.0,PAYLOAD,64823.0,PAYLOAD,9.361,0.0,NOMINAL,2026-03-07T05:30:40Z,634
4423.0,ROCKET BODY,8825.0,DEBRIS,9.3613,0.0,NOMINAL,2026-03-07T13:58:40Z,1142
30454.0,DEBRIS,54562.0,DEBRIS,9.3628,0.0,NOMINAL,2026-03-07T07:02:40Z,726
57469.0,PAYLOAD,57777.0,PAYLOAD,9.3631,0.0,NOMINAL,2026-03-07T01:28:40Z,392
30036.0,DEBRIS,60084.0,PAYLOAD,9.3635,0.0,NOMINAL,2026-03-06T20:43:40Z,107
46232.0,PAYLOAD,59515.0,PAYLOAD,9.3635,0.0,NOMINAL,2026-03-06T23:59:40Z,303
57393.0,ROCKET BODY,66249.0,PAYLOAD,9.3637,0.0,NOMINAL,2026-03-07T05:11:40Z,615
57680.0,PAYLOAD,61639.0,PAYLOAD,9.364,0.0,NOMINAL,2026-03-07T08:55:40Z,839
63148.0,PAYLOAD,65033.0,PAYLOAD,9.364,0.0,NOMINAL,2026-03-07T02:56:40Z,480
57885.0,PAYLOAD,59944.0,PAYLOAD,9.3642,0.0,NOMINAL,2026-03-07T07:59:40Z,783
39451.0,PAYLOAD,63328.0,PAYLOAD,9.3654,0.0,NOMINAL,2026-03-07T03:26:40Z,510
57513.0,PAYLOAD,63588.0,PAYLOAD,9.3657,0.0,NOMINAL,2026-03-07T04:21:40Z,565
36720.0,DEBRIS,41076.0,DEBRIS,9.3659,0.0,NOMINAL,2026-03-07T03:21:40Z,505
48482.0,PAYLOAD,62895.0,PAYLOAD,9.366,0.0,NOMINAL,2026-03-07T02:09:40Z,433
61665.0,PAYLOAD,61713.0,PAYLOAD,9.3661,0.0,NOMINAL,2026-03-07T04:51:40Z,595
13826.0,DEBRIS,64583.0,PAYLOAD,9.3663,0.0,NOMINAL,2026-03-07T13:49:40Z,1133
15071.0,PAYLOAD,49399.0,PAYLOAD,9.3667,0.0,NOMINAL,2026-03-07T02:25:40Z,449
62725.0,UNKNOWN,66765.0,UNKNOWN,9.3667,0.0,NOMINAL,2026-03-07T05:51:40Z,655
59350.0,PAYLOAD,66259.0,PAYLOAD,9.367,0.0,NOMINAL,2026-03-07T04:37:40Z,581
6155.0,ROCKET BODY,31296.0,DEBRIS,9.3674,0.0,NOMINAL,2026-03-06T20:41:40Z,105
48010.0,PAYLOAD,66574.0,PAYLOAD,9.3676,0.0,NOMINAL,2026-03-06T21:00:40Z,124
57940.0,PAYLOAD,66595.0,PAYLOAD,9.3686,0.0,NOMINAL,2026-03-06T23:14:40Z,258
48441.0,PAYLOAD,63785.0,PAYLOAD,9.3687,0.0,NOMINAL,2026-03-07T04:21:40Z,565
31232.0,DEBRIS,270078.0,UNKNOWN,9.3688,0.0,NOMINAL,2026-03-07T08:26:40Z,810
46060.0,PAYLOAD,59377.0,PAYLOAD,9.3689,0.0,NOMINAL,2026-03-07T15:46:40Z,1250
65630.0,PAYLOAD,67039.0,PAYLOAD,9.37,0.0,NOMINAL,2026-03-06T20:58:40Z,122
58299.0,PAYLOAD,58323.0,PAYLOAD,9.3708,0.0,NOMINAL,2026-03-07T01:28:40Z,392
5673.0,DEBRIS,23688.0,PAYLOAD,9.371,0.0,NOMINAL,2026-03-07T13:17:40Z,1101
58100.0,PAYLOAD,59604.0,PAYLOAD,9.3714,0.0,NOMINAL,2026-03-07T15:42:40Z,1246
2397.0,PAYLOAD,4566.0,DEBRIS,9.3715,0.0,NOMINAL,2026-03-07T09:04:40Z,848
56332.0,PAYLOAD,57356.0,PAYLOAD,9.372,0.0,NOMINAL,2026-03-07T03:57:40Z,541
3152.0,PAYLOAD,6466.0,DEBRIS,9.3725,0.0,NOMINAL,2026-03-06T19:04:40Z,8
58608.0,PAYLOAD,61982.0,PAYLOAD,9.3736,0.0,NOMINAL,2026-03-07T01:29:40Z,393
12177.0,DEBRIS,30669.0,DEBRIS,9.374,0.0,NOMINAL,2026-03-07T05:18:40Z,622
13553.0,ROCKET BODY,58913.0,PAYLOAD,9.374,0.0,NOMINAL,2026-03-07T08:25:40Z,809
48482.0,PAYLOAD,59185.0,PAYLOAD,9.3743,0.0,NOMINAL,2026-03-07T16:34:40Z,1298
48782.0,PAYLOAD,56046.0,PAYLOAD,9.3747,0.0,NOMINAL,2026-03-07T09:58:40Z,902
58001.0,PAYLOAD,63591.0,PAYLOAD,9.3749,0.0,NOMINAL,2026-03-07T00:04:40Z,308
60433.0,PAYLOAD,63788.0,PAYLOAD,9.3762,0.0,NOMINAL,2026-03-07T09:45:40Z,889
63682.0,PAYLOAD,66269.0,PAYLOAD,9.3765,0.0,NOMINAL,2026-03-07T08:51:40Z,835
59353.0,PAYLOAD,65201.0,PAYLOAD,9.3766,0.0,NOMINAL,2026-03-06T19:25:40Z,29
59039.0,PAYLOAD,65903.0,PAYLOAD,9.3768,0.0,NOMINAL,2026-03-07T14:05:40Z,1149
256.0,PAYLOAD,5113.0,PAYLOAD,9.3772,0.0,NOMINAL,2026-03-07T17:02:40Z,1326
56302.0,PAYLOAD,59495.0,PAYLOAD,9.3776,0.0,NOMINAL,2026-03-07T03:37:40Z,521
59254.0,PAYLOAD,59643.0,PAYLOAD,9.3778,0.0,NOMINAL,2026-03-07T07:29:40Z,753
31380.0,DEBRIS,61007.0,PAYLOAD,9.3789,0.0,NOMINAL,2026-03-07T08:01:40Z,785
44499.0,PAYLOAD,56232.0,PAYLOAD,9.3794,0.0,NOMINAL,2026-03-06T23:27:40Z,271
58045.0,PAYLOAD,63789.0,PAYLOAD,9.3798,0.0,NOMINAL,2026-03-07T00:29:40Z,333
44725.0,PAYLOAD,66819.0,PAYLOAD,9.3809,0.0,NOMINAL,2026-03-07T14:06:40Z,1150
55916.0,PAYLOAD,65322.0,PAYLOAD,9.3811,0.0,NOMINAL,2026-03-07T11:49:40Z,1013
58150.0,PAYLOAD,67107.0,PAYLOAD,9.3812,0.0,NOMINAL,2026-03-06T19:38:40Z,42
24942.0,DEBRIS,45602.0,PAYLOAD,9.3814,0.0,NOMINAL,2026-03-07T17:49:40Z,1373
57951.0,PAYLOAD,62927.0,PAYLOAD,9.3815,0.0,NOMINAL,2026-03-07T15:12:40Z,1216
60335.0,PAYLOAD,61901.0,UNKNOWN,9.3818,0.0,NOMINAL,2026-03-07T05:24:40Z,628
59394.0,PAYLOAD,63956.0,PAYLOAD,9.3818,0.0,NOMINAL,2026-03-06T22:22:40Z,206
64091.0,UNKNOWN,66769.0,PAYLOAD,9.3824,0.0,NOMINAL,2026-03-07T05:40:40Z,644
59438.0,PAYLOAD,62487.0,PAYLOAD,9.3832,0.0,NOMINAL,2026-03-06T22:54:40Z,238
55056.0,PAYLOAD,61755.0,UNKNOWN,9.3841,0.0,NOMINAL,2026-03-07T05:02:40Z,606
62897.0,PAYLOAD,66184.0,PAYLOAD,9.3847,0.0,NOMINAL,2026-03-06T21:09:40Z,133
63842.0,PAYLOAD,64447.0,PAYLOAD,9.385,0.0,NOMINAL,2026-03-06T22:38:40Z,222
59660.0,PAYLOAD,64757.0,PAYLOAD,9.3856,0.0,NOMINAL,2026-03-07T03:34:40Z,518
65829.0,PAYLOAD,66793.0,PAYLOAD,9.3856,0.0,NOMINAL,2026-03-06T20:54:40Z,118
6516.0,DEBRIS,7983.0,ROCKET BODY,9.3862,0.0,NOMINAL,2026-03-07T08:43:40Z,827
43812.0,PAYLOAD,52371.0,PAYLOAD,9.3864,0.0,NOMINAL,2026-03-07T16:46:40Z,1310
38521.0,DEBRIS,42182.0,DEBRIS,9.3869,0.0,NOMINAL,2026-03-07T15:25:40Z,1229
63565.0,PAYLOAD,65740.0,PAYLOAD,9.3883,0.0,NOMINAL,2026-03-07T16:43:40Z,1307
350.0,DEBRIS,30509.0,DEBRIS,9.3885,0.0,NOMINAL,2026-03-06T19:46:40Z,50
56111.0,PAYLOAD,65606.0,PAYLOAD,9.3887,0.0,NOMINAL,2026-03-07T00:09:40Z,313
59901.0,PAYLOAD,65038.0,PAYLOAD,9.3888,0.0,NOMINAL,2026-03-06T19:31:40Z,35
58415.0,PAYLOAD,66636.0,PAYLOAD,9.3894,0.0,NOMINAL,2026-03-06T23:39:40Z,283
59654.0,PAYLOAD,65346.0,PAYLOAD,9.3895,0.0,NOMINAL,2026-03-07T05:24:40Z,628
50821.0,PAYLOAD,54007.0,PAYLOAD,9.39,0.0,NOMINAL,2026-03-07T10:12:40Z,916
58031.0,PAYLOAD,63197.0,PAYLOAD,9.3902,0.0,NOMINAL,2026-03-07T07:01:40Z,725
1779.0,ROCKET BODY,5308.0,DEBRIS,9.3904,0.0,NOMINAL,2026-03-07T04:57:40Z,601
60486.0,PAYLOAD,61229.0,UNKNOWN,9.3918,0.0,NOMINAL,2026-03-07T00:35:40Z,339
40712.0,DEBRIS,42236.0,DEBRIS,9.3919,0.0,NOMINAL,2026-03-07T15:14:40Z,1218
63800.0,PAYLOAD,64732.0,PAYLOAD,9.3922,0.0,NOMINAL,2026-03-06T23:15:40Z,259
67723.0,PAYLOAD,67734.0,PAYLOAD,9.3923,0.0,NOMINAL,2026-03-07T00:00:40Z,304
34023.0,DEBRIS,35028.0,DEBRIS,9.3925,0.0,NOMINAL,2026-03-07T07:48:40Z,772
47382.0,PAYLOAD,59566.0,PAYLOAD,9.3925,0.0,NOMINAL,2026-03-07T11:57:40Z,1021
59940.0,PAYLOAD,66575.0,PAYLOAD,9.3928,0.0,NOMINAL,2026-03-07T07:44:40Z,768
58034.0,PAYLOAD,61859.0,PAYLOAD,9.393,0.0,NOMINAL,2026-03-07T13:00:40Z,1084
27153.0,DEBRIS,88325.0,UNKNOWN,9.3931,0.0,NOMINAL,2026-03-07T09:56:40Z,900
27640.0,PAYLOAD,37388.0,PAYLOAD,9.394,0.0,NOMINAL,2026-03-07T09:24:40Z,868
63960.0,PAYLOAD,65205.0,PAYLOAD,9.394,0.0,NOMINAL,2026-03-07T05:56:40Z,660
61960.0,PAYLOAD,64174.0,PAYLOAD,9.3942,0.0,NOMINAL,2026-03-07T09:08:40Z,852
41418.0,DEBRIS,270034.0,UNKNOWN,9.3943,0.0,NOMINAL,2026-03-07T14:15:40Z,1159
536.0,DEBRIS,10049.0,DEBRIS,9.3946,0.0,NOMINAL,2026-03-07T03:47:40Z,531
56835.0,PAYLOAD,64208.0,PAYLOAD,9.395,0.0,NOMINAL,2026-03-07T06:57:40Z,721
25655.0,DEBRIS,66073.0,PAYLOAD,9.3953,0.0,NOMINAL,2026-03-07T04:15:40Z,559
58058.0,PAYLOAD,67775.0,PAYLOAD,9.3956,0.0,NOMINAL,2026-03-07T11:39:40Z,1003
58121.0,PAYLOAD,64183.0,PAYLOAD,9.3966,0.0,NOMINAL,2026-03-07T09:30:40Z,874
53220.0,PAYLOAD,55629.0,PAYLOAD,9.3966,0.0,NOMINAL,2026-03-07T11:01:40Z,965
60690.0,DEBRIS,60968.0,DEBRIS,9.3974,0.0,NOMINAL,2026-03-07T14:11:40Z,1155
22739.0,PAYLOAD,31890.0,DEBRIS,9.3978,0.0,NOMINAL,2026-03-07T15:34:40Z,1238
58931.0,PAYLOAD,64891.0,UNKNOWN,9.3978,0.0,NOMINAL,2026-03-07T05:53:40Z,657
48113.0,PAYLOAD,62750.0,PAYLOAD,9.3984,0.0,NOMINAL,2026-03-07T05:36:40Z,640
48592.0,PAYLOAD,52300.0,PAYLOAD,9.3988,0.0,NOMINAL,2026-03-07T01:26:40Z,390
47655.0,PAYLOAD,61854.0,PAYLOAD,9.3999,0.0,NOMINAL,2026-03-07T09:23:40Z,867
59366.0,PAYLOAD,66447.0,PAYLOAD,9.4,0.0,NOMINAL,2026-03-07T10:20:40Z,924
56413.0,PAYLOAD,65534.0,PAYLOAD,9.4002,0.0,NOMINAL,2026-03-07T18:29:40Z,1413
52037.0,DEBRIS,65534.0,PAYLOAD,9.4004,0.0,NOMINAL,2026-03-06T22:00:40Z,184
31510.0,DEBRIS,56682.0,DEBRIS,9.4005,0.0,NOMINAL,2026-03-07T04:27:40Z,571
45677.0,PAYLOAD,63648.0,PAYLOAD,9.4012,0.0,NOMINAL,2026-03-06T22:55:40Z,239
41244.0,DEBRIS,50778.0,DEBRIS,9.4013,0.0,NOMINAL,2026-03-07T17:22:40Z,1346
47800.0,PAYLOAD,53607.0,PAYLOAD,9.4017,0.0,NOMINAL,2026-03-07T13:09:40Z,1093
59645.0,PAYLOAD,65208.0,PAYLOAD,9.4018,0.0,NOMINAL,2026-03-07T02:46:40Z,470
63118.0,PAYLOAD,66135.0,PAYLOAD,9.4018,0.0,NOMINAL,2026-03-07T01:17:40Z,381
3775.0,PAYLOAD,7927.0,DEBRIS,9.4027,0.0,NOMINAL,2026-03-07T05:19:40Z,623
67340.0,PAYLOAD,67776.0,PAYLOAD,9.4027,0.0,NOMINAL,2026-03-06T22:24:40Z,208
6927.0,ROCKET BODY,11863.0,PAYLOAD,9.4028,0.0,NOMINAL,2026-03-07T17:55:40Z,1379
49178.0,PAYLOAD,61752.0,UNKNOWN,9.4034,0.0,NOMINAL,2026-03-07T02:31:40Z,455
740.0,PAYLOAD,60367.0,PAYLOAD,9.4042,0.0,NOMINAL,2026-03-06T20:43:40Z,107
63594.0,PAYLOAD,66879.0,PAYLOAD,9.4045,0.0,NOMINAL,2026-03-06T23:56:40Z,300
35174.0,DEBRIS,62307.0,PAYLOAD,9.4045,0.0,NOMINAL,2026-03-06T23:13:40Z,257
53364.0,DEBRIS,64908.0,PAYLOAD,9.4056,0.0,NOMINAL,2026-03-07T17:35:40Z,1359
19125.0,DEBRIS,31342.0,DEBRIS,9.4062,0.0,NOMINAL,2026-03-06T21:23:40Z,147
42794.0,PAYLOAD,62682.0,PAYLOAD,9.4067,0.0,NOMINAL,2026-03-07T08:33:40Z,817
53587.0,PAYLOAD,55107.0,PAYLOAD,9.4074,0.0,NOMINAL,2026-03-07T03:47:40Z,531
615.0,DEBRIS,67235.0,ROCKET BODY,9.4075,0.0,NOMINAL,2026-03-07T05:26:40Z,630
47823.0,PAYLOAD,55964.0,PAYLOAD,9.4078,0.0,NOMINAL,2026-03-07T13:54:40Z,1138
1887.0,DEBRIS,42744.0,PAYLOAD,9.408,0.0,NOMINAL,2026-03-07T13:09:40Z,1093
61848.0,PAYLOAD,64931.0,PAYLOAD,9.4081,0.0,NOMINAL,2026-03-06T20:30:40Z,94
63412.0,PAYLOAD,65924.0,PAYLOAD,9.4087,0.0,NOMINAL,2026-03-07T12:39:40Z,1063
42946.0,PAYLOAD,55603.0,PAYLOAD,9.4091,0.0,NOMINAL,2026-03-07T06:14:40Z,678
26123.0,DEBRIS,66315.0,PAYLOAD,9.4096,0.0,NOMINAL,2026-03-07T03:39:40Z,523
6406.0,DEBRIS,59635.0,PAYLOAD,9.4099,0.0,NOMINAL,2026-03-07T00:17:40Z,321
56332.0,PAYLOAD,57055.0,PAYLOAD,9.4103,0.0,NOMINAL,2026-03-07T01:23:40Z,387
58093.0,PAYLOAD,58131.0,PAYLOAD,9.4104,0.0,NOMINAL,2026-03-06T20:10:40Z,74
4895.0,DEBRIS,33973.0,DEBRIS,9.4108,0.0,NOMINAL,2026-03-07T08:24:40Z,808
65210.0,PAYLOAD,66160.0,PAYLOAD,9.411,0.0,NOMINAL,2026-03-07T16:17:40Z,1281
59667.0,PAYLOAD,64117.0,PAYLOAD,9.4114,0.0,NOMINAL,2026-03-07T16:58:40Z,1322
47934.0,PAYLOAD,61572.0,ROCKET BODY,9.4123,0.0,NOMINAL,2026-03-07T16:22:40Z,1286
63066.0,PAYLOAD,63437.0,PAYLOAD,9.4123,0.0,NOMINAL,2026-03-07T14:20:40Z,1164
63798.0,PAYLOAD,65749.0,PAYLOAD,9.4123,0.0,NOMINAL,2026-03-07T11:46:40Z,1010
62154.0,PAYLOAD,65902.0,PAYLOAD,9.4128,0.0,NOMINAL,2026-03-07T10:03:40Z,907
30616.0,DEBRIS,55820.0,PAYLOAD,9.4137,0.0,NOMINAL,2026-03-06T19:11:40Z,15
56296.0,PAYLOAD,57821.0,PAYLOAD,9.414,0.0,NOMINAL,2026-03-07T10:24:40Z,928
10079.0,DEBRIS,62832.0,PAYLOAD,9.4141,0.0,NOMINAL,2026-03-07T08:40:40Z,824
5175.0,ROCKET BODY,35987.0,DEBRIS,9.4142,0.0,NOMINAL,2026-03-06T20:08:40Z,72
39228.0,ROCKET BODY,40717.0,PAYLOAD,9.4147,0.0,NOMINAL,2026-03-07T18:28:40Z,1412
4149.0,DEBRIS,38715.0,DEBRIS,9.4152,0.0,NOMINAL,2026-03-06T21:34:40Z,158
60496.0,PAYLOAD,66333.0,PAYLOAD,9.4153,0.0,NOMINAL,2026-03-07T16:14:40Z,1278
36016.0,DEBRIS,39983.0,DEBRIS,9.4168,0.0,NOMINAL,2026-03-07T11:29:40Z,993
60201.0,PAYLOAD,66529.0,PAYLOAD,9.417,0.0,NOMINAL,2026-03-07T15:20:40Z,1224
31376.0,DEBRIS,61164.0,DEBRIS,9.4174,0.0,NOMINAL,2026-03-07T09:08:40Z,852
42384.0,DEBRIS,54935.0,DEBRIS,9.4185,0.0,NOMINAL,2026-03-07T16:25:40Z,1289
54947.0,DEBRIS,56138.0,PAYLOAD,9.4186,0.0,NOMINAL,2026-03-07T13:57:40Z,1141
8533.0,DEBRIS,25320.0,PAYLOAD,9.4187,0.0,NOMINAL,2026-03-07T13:07:40Z,1091
59326.0,PAYLOAD,63369.0,PAYLOAD,9.4192,0.0,NOMINAL,2026-03-07T18:17:40Z,1401
14740.0,DEBRIS,15516.0,PAYLOAD,9.4194,0.0,NOMINAL,2026-03-06T20:40:40Z,104
46146.0,PAYLOAD,64218.0,PAYLOAD,9.4195,0.0,NOMINAL,2026-03-07T18:30:40Z,1414
14806.0,DEBRIS,40971.0,PAYLOAD,9.4199,0.0,NOMINAL,2026-03-07T06:57:40Z,721
62317.0,PAYLOAD,63913.0,PAYLOAD,9.4201,0.0,NOMINAL,2026-03-07T17:36:40Z,1360
59490.0,PAYLOAD,64766.0,PAYLOAD,9.4202,0.0,NOMINAL,2026-03-06T19:40:40Z,44
66766.0,PAYLOAD,67274.0,UNKNOWN,9.4204,0.0,NOMINAL,2026-03-06T20:56:40Z,120
40463.0,DEBRIS,52501.0,PAYLOAD,9.4204,0.0,NOMINAL,2026-03-07T06:18:40Z,682
64186.0,PAYLOAD,67042.0,PAYLOAD,9.421,0.0,NOMINAL,2026-03-06T22:12:40Z,196
58116.0,PAYLOAD,63965.0,PAYLOAD,9.421,0.0,NOMINAL,2026-03-07T00:01:40Z,305
21578.0,PAYLOAD,33641.0,DEBRIS,9.4213,0.0,NOMINAL,2026-03-07T15:09:40Z,1213
56290.0,PAYLOAD,85409.0,UNKNOWN,9.4225,0.0,NOMINAL,2026-03-06T21:33:40Z,157
58548.0,PAYLOAD,67498.0,PAYLOAD,9.4246,0.0,NOMINAL,2026-03-07T07:33:40Z,757
39645.0,DEBRIS,60699.0,DEBRIS,9.4255,0.0,NOMINAL,2026-03-07T00:05:40Z,309
28494.0,PAYLOAD,35764.0,DEBRIS,9.4264,0.0,NOMINAL,2026-03-06T20:57:40Z,121
1859.0,DEBRIS,31350.0,DEBRIS,9.4276,0.0,NOMINAL,2026-03-07T01:21:40Z,385
54397.0,DEBRIS,61192.0,PAYLOAD,9.4276,0.0,NOMINAL,2026-03-06T19:37:40Z,41
35175.0,DEBRIS,38147.0,DEBRIS,9.4284,0.0,NOMINAL,2026-03-07T04:42:40Z,586
10401.0,PAYLOAD,63132.0,PAYLOAD,9.4299,0.0,NOMINAL,2026-03-07T13:27:40Z,1111
48658.0,PAYLOAD,59299.0,PAYLOAD,9.4304,0.0,NOMINAL,2026-03-07T09:46:40Z,890
33433.0,PAYLOAD,60623.0,DEBRIS,9.4316,0.0,NOMINAL,2026-03-06T20:14:40Z,78
57775.0,PAYLOAD,58593.0,PAYLOAD,9.4317,0.0,NOMINAL,2026-03-06T19:50:40Z,54
25732.0,ROCKET BODY,31498.0,DEBRIS,9.4318,0.0,NOMINAL,2026-03-07T17:34:40Z,1358
13489.0,DEBRIS,270103.0,UNKNOWN,9.4321,0.0,NOMINAL,2026-03-07T04:44:40Z,588
62050.0,PAYLOAD,63377.0,PAYLOAD,9.4325,0.0,NOMINAL,2026-03-07T09:15:40Z,859
10866.0,DEBRIS,57563.0,DEBRIS,9.4326,0.0,NOMINAL,2026-03-07T12:04:40Z,1028
66693.0,UNKNOWN,66718.0,PAYLOAD,9.4326,0.0,NOMINAL,2026-03-07T16:14:40Z,1278
64686.0,PAYLOAD,66126.0,PAYLOAD,9.433,0.0,NOMINAL,2026-03-07T06:12:40Z,676
5751.0,DEBRIS,38507.0,DEBRIS,9.4335,0.0,NOMINAL,2026-03-07T06:49:40Z,713
53059.0,PAYLOAD,55774.0,PAYLOAD,9.4337,0.0,NOMINAL,2026-03-06T22:06:40Z,190
58182.0,PAYLOAD,64889.0,UNKNOWN,9.4338,0.0,NOMINAL,2026-03-07T17:20:40Z,1344
58157.0,PAYLOAD,67779.0,PAYLOAD,9.4338,0.0,NOMINAL,2026-03-06T22:44:40Z,228
54099.0,PAYLOAD,55500.0,PAYLOAD,9.4348,0.0,NOMINAL,2026-03-07T05:20:40Z,624
59360.0,PAYLOAD,66439.0,PAYLOAD,9.4355,0.0,NOMINAL,2026-03-07T15:55:40Z,1259
30381.0,DEBRIS,31371.0,DEBRIS,9.436,0.0,NOMINAL,2026-03-07T10:11:40Z,915
2723.0,ROCKET BODY,6012.0,DEBRIS,9.4363,0.0,NOMINAL,2026-03-07T07:35:40Z,759
189.0,PAYLOAD,1320.0,PAYLOAD,9.4365,0.0,NOMINAL,2026-03-07T05:12:40Z,616
41531.0,DEBRIS,56634.0,DEBRIS,9.4366,0.0,NOMINAL,2026-03-07T13:45:40Z,1129
40402.0,DEBRIS,60662.0,DEBRIS,9.4372,0.0,NOMINAL,2026-03-07T11:17:40Z,981
63735.0,PAYLOAD,65715.0,PAYLOAD,9.4374,0.0,NOMINAL,2026-03-07T12:06:40Z,1030
18552.0,DEBRIS,31386.0,DEBRIS,9.438,0.0,NOMINAL,2026-03-07T17:16:40Z,1340
60365.0,PAYLOAD,62148.0,PAYLOAD,9.4387,0.0,NOMINAL,2026-03-06T21:29:40Z,153
61671.0,PAYLOAD,67041.0,PAYLOAD,9.4392,0.0,NOMINAL,2026-03-07T10:49:40Z,953
5614.0,PAYLOAD,47274.0,PAYLOAD,9.4393,0.0,NOMINAL,2026-03-07T05:48:40Z,652
37931.0,PAYLOAD,61294.0,DEBRIS,9.4396,0.0,NOMINAL,2026-03-06T21:27:40Z,151
58525.0,PAYLOAD,66219.0,PAYLOAD,9.4401,0.0,NOMINAL,2026-03-07T17:13:40Z,1337
60291.0,PAYLOAD,65022.0,PAYLOAD,9.4402,0.0,NOMINAL,2026-03-07T08:13:40Z,797
28810.0,PAYLOAD,52090.0,PAYLOAD,9.4408,0.0,NOMINAL,2026-03-07T16:12:40Z,1276
58079.0,PAYLOAD,65475.0,PAYLOAD,9.4408,0.0,NOMINAL,2026-03-07T05:17:40Z,621
65900.0,PAYLOAD,66576.0,PAYLOAD,9.4411,0.0,NOMINAL,2026-03-07T05:59:40Z,663
64883.0,UNKNOWN,66241.0,PAYLOAD,9.4414,0.0,NOMINAL,2026-03-07T02:00:40Z,424
60436.0,PAYLOAD,66875.0,PAYLOAD,9.4414,0.0,NOMINAL,2026-03-07T00:38:40Z,342
53216.0,PAYLOAD,64798.0,PAYLOAD,9.4416,0.0,NOMINAL,2026-03-07T13:00:40Z,1084
39450.0,DEBRIS,41173.0,PAYLOAD,9.4416,0.0,NOMINAL,2026-03-07T13:28:40Z,1112
47901.0,PAYLOAD,59357.0,PAYLOAD,9.4416,0.0,NOMINAL,2026-03-06T20:02:40Z,66
59519.0,PAYLOAD,66017.0,PAYLOAD,9.442,0.0,NOMINAL,2026-03-06T20:19:40Z,83
2012.0,PAYLOAD,21640.0,ROCKET BODY,9.4422,0.0,NOMINAL,2026-03-07T08:25:40Z,809
59027.0,PAYLOAD,65105.0,PAYLOAD,9.443,0.0,NOMINAL,2026-03-07T13:36:40Z,1120
29849.0,DEBRIS,56670.0,DEBRIS,9.4433,0.0,NOMINAL,2026-03-07T01:14:40Z,378
54778.0,PAYLOAD,55493.0,PAYLOAD,9.4451,0.0,NOMINAL,2026-03-07T00:25:40Z,329
52274.0,PAYLOAD,54853.0,PAYLOAD,9.4451,0.0,NOMINAL,2026-03-07T14:44:40Z,1188
10216.0,DEBRIS,48405.0,PAYLOAD,9.4457,0.0,NOMINAL,2026-03-06T20:32:40Z,96
56838.0,PAYLOAD,58537.0,PAYLOAD,9.4463,0.0,NOMINAL,2026-03-07T17:23:40Z,1347
10570.0,DEBRIS,35521.0,DEBRIS,9.4471,0.0,NOMINAL,2026-03-06T22:47:40Z,231
58525.0,PAYLOAD,59158.0,PAYLOAD,9.4473,0.0,NOMINAL,2026-03-07T09:10:40Z,854
58102.0,PAYLOAD,58827.0,PAYLOAD,9.4478,0.0,NOMINAL,2026-03-07T17:10:40Z,1334
62070.0,PAYLOAD,66322.0,PAYLOAD,9.4482,0.0,NOMINAL,2026-03-07T05:42:40Z,646
30916.0,DEBRIS,41016.0,DEBRIS,9.4485,0.0,NOMINAL,2026-03-06T22:19:40Z,203
59338.0,PAYLOAD,65205.0,PAYLOAD,9.4486,0.0,NOMINAL,2026-03-07T07:29:40Z,753
47780.0,PAYLOAD,59244.0,PAYLOAD,9.4493,0.0,NOMINAL,2026-03-06T19:48:40Z,52
10291.0,PAYLOAD,37155.0,ROCKET BODY,9.4501,0.0,NOMINAL,2026-03-07T16:08:40Z,1272
30880.0,DEBRIS,38806.0,DEBRIS,9.4502,0.0,NOMINAL,2026-03-07T17:15:40Z,1339
52389.0,PAYLOAD,63140.0,PAYLOAD,9.4506,0.0,NOMINAL,2026-03-07T07:30:40Z,754
63446.0,PAYLOAD,64337.0,PAYLOAD,9.4508,0.0,NOMINAL,2026-03-07T02:41:40Z,465
39265.0,PAYLOAD,59863.0,PAYLOAD,9.4509,0.0,NOMINAL,2026-03-07T10:30:40Z,934
58000.0,PAYLOAD,59672.0,PAYLOAD,9.451,0.0,NOMINAL,2026-03-07T02:27:40Z,451
4867.0,DEBRIS,32173.0,DEBRIS,9.4511,0.0,NOMINAL,2026-03-07T07:20:40Z,744
30613.0,DEBRIS,45397.0,PAYLOAD,9.4516,0.0,NOMINAL,2026-03-07T01:58:40Z,422
59167.0,PAYLOAD,64672.0,PAYLOAD,9.4521,0.0,NOMINAL,2026-03-07T00:07:40Z,311
42794.0,PAYLOAD,66975.0,PAYLOAD,9.4523,0.0,NOMINAL,2026-03-07T12:11:40Z,1035
1382.0,PAYLOAD,5565.0,ROCKET BODY,9.4524,0.0,NOMINAL,2026-03-07T05:03:40Z,607
4.0,PAYLOAD,5499.0,ROCKET BODY,9.4526,0.0,NOMINAL,2026-03-07T06:36:40Z,700
12323.0,PAYLOAD,12880.0,ROCKET BODY,9.4527,0.0,NOMINAL,2026-03-07T07:14:40Z,738
21723.0,DEBRIS,54595.0,DEBRIS,9.4527,0.0,NOMINAL,2026-03-06T21:19:40Z,143
63837.0,PAYLOAD,66900.0,PAYLOAD,9.4533,0.0,NOMINAL,2026-03-07T15:52:40Z,1256
34116.0,DEBRIS,35997.0,DEBRIS,9.4536,0.0,NOMINAL,2026-03-07T14:58:40Z,1202
26474.0,ROCKET BODY,53156.0,PAYLOAD,9.4537,0.0,NOMINAL,2026-03-06T19:21:40Z,25
8827.0,DEBRIS,54422.0,DEBRIS,9.4544,0.0,NOMINAL,2026-03-07T00:42:40Z,346
28321.0,DEBRIS,46079.0,PAYLOAD,9.4548,0.0,NOMINAL,2026-03-07T16:32:40Z,1296
52550.0,PAYLOAD,53023.0,PAYLOAD,9.4551,0.0,NOMINAL,2026-03-07T00:43:40Z,347
10997.0,DEBRIS,11157.0,DEBRIS,9.4565,0.0,NOMINAL,2026-03-07T06:59:40Z,723
61913.0,PAYLOAD,65680.0,PAYLOAD,9.4567,0.0,NOMINAL,2026-03-06T20:44:40Z,108
63218.0,UNKNOWN,66354.0,PAYLOAD,9.4575,0.0,NOMINAL,2026-03-07T02:30:40Z,454
58793.0,PAYLOAD,64667.0,PAYLOAD,9.4577,0.0,NOMINAL,2026-03-06T20:41:40Z,105
8520.0,ROCKET BODY,16663.0,DEBRIS,9.4582,0.0,NOMINAL,2026-03-07T12:45:40Z,1069
39152.0,PAYLOAD,60549.0,PAYLOAD,9.4588,0.0,NOMINAL,2026-03-07T13:41:40Z,1125
64139.0,PAYLOAD,64182.0,PAYLOAD,9.4589,0.0,NOMINAL,2026-03-07T15:01:40Z,1205
58502.0,UNKNOWN,61681.0,PAYLOAD,9.459,0.0,NOMINAL,2026-03-06T20:26:40Z,90
58073.0,PAYLOAD,61138.0,DEBRIS,9.4591,0.0,NOMINAL,2026-03-07T04:13:40Z,557
52837.0,PAYLOAD,63352.0,PAYLOAD,9.4594,0.0,NOMINAL,2026-03-07T03:53:40Z,537
45071.0,PAYLOAD,63284.0,PAYLOAD,9.4611,0.0,NOMINAL,2026-03-07T17:48:40Z,1372
58593.0,PAYLOAD,66177.0,PAYLOAD,9.4612,0.0,NOMINAL,2026-03-06T19:05:40Z,9
46058.0,PAYLOAD,59157.0,PAYLOAD,9.4618,0.0,NOMINAL,2026-03-07T04:03:40Z,547
58520.0,PAYLOAD,63018.0,PAYLOAD,9.4621,0.0,NOMINAL,2026-03-07T10:10:40Z,914
40996.0,DEBRIS,57745.0,PAYLOAD,9.4623,0.0,NOMINAL,2026-03-07T09:01:40Z,845
40648.0,DEBRIS,62186.0,UNKNOWN,9.463,0.0,NOMINAL,2026-03-07T12:54:40Z,1078
57026.0,UNKNOWN,60287.0,PAYLOAD,9.4632,0.0,NOMINAL,2026-03-07T16:01:40Z,1265
52859.0,PAYLOAD,55588.0,PAYLOAD,9.4639,0.0,NOMINAL,2026-03-07T10:24:40Z,928
60364.0,PAYLOAD,66592.0,PAYLOAD,9.4644,0.0,NOMINAL,2026-03-07T08:20:40Z,804
33315.0,PAYLOAD,54759.0,PAYLOAD,9.4646,0.0,NOMINAL,2026-03-07T15:09:40Z,1213
178.0,DEBRIS,25569.0,ROCKET BODY,9.465,0.0,NOMINAL,2026-03-06T23:50:40Z,294
11427.0,ROCKET BODY,60707.0,DEBRIS,9.4654,0.0,NOMINAL,2026-03-06T21:53:40Z,177
1195.0,DEBRIS,4528.0,ROCKET BODY,9.4659,0.0,NOMINAL,2026-03-07T16:59:40Z,1323
52152.0,ROCKET BODY,65191.0,PAYLOAD,9.4665,0.0,NOMINAL,2026-03-07T06:06:40Z,670
48334.0,PAYLOAD,59040.0,PAYLOAD,9.4672,0.0,NOMINAL,2026-03-07T12:04:40Z,1028
59153.0,PAYLOAD,61069.0,PAYLOAD,9.4679,0.0,NOMINAL,2026-03-07T11:46:40Z,1010
59475.0,PAYLOAD,62764.0,PAYLOAD,9.4681,0.0,NOMINAL,2026-03-07T04:21:40Z,565
66679.0,PAYLOAD,66722.0,PAYLOAD,9.4683,0.0,NOMINAL,2026-03-07T05:25:40Z,629
46077.0,PAYLOAD,58495.0,PAYLOAD,9.4697,0.0,NOMINAL,2026-03-07T09:01:40Z,845
48670.0,PAYLOAD,66805.0,PAYLOAD,9.4699,0.0,NOMINAL,2026-03-07T17:43:40Z,1367
47788.0,PAYLOAD,56840.0,PAYLOAD,9.4702,0.0,NOMINAL,2026-03-07T09:09:40Z,853
47437.0,UNKNOWN,67299.0,UNKNOWN,9.4704,0.0,NOMINAL,2026-03-06T22:21:40Z,205
36146.0,DEBRIS,60883.0,DEBRIS,9.4715,0.0,NOMINAL,2026-03-06T21:42:40Z,166
48371.0,PAYLOAD,58361.0,PAYLOAD,9.4721,0.0,NOMINAL,2026-03-07T13:05:40Z,1089
60372.0,PAYLOAD,65757.0,PAYLOAD,9.4725,0.0,NOMINAL,2026-03-07T16:24:40Z,1288
47157.0,PAYLOAD,63769.0,PAYLOAD,9.4725,0.0,NOMINAL,2026-03-07T02:17:40Z,441
96.0,ROCKET BODY,3301.0,DEBRIS,9.4726,0.0,NOMINAL,2026-03-06T20:45:40Z,109
65323.0,PAYLOAD,66322.0,PAYLOAD,9.473,0.0,NOMINAL,2026-03-07T06:37:40Z,701
3112.0,DEBRIS,60724.0,PAYLOAD,9.4731,0.0,NOMINAL,2026-03-07T03:54:40Z,538
31910.0,DEBRIS,42225.0,DEBRIS,9.4734,0.0,NOMINAL,2026-03-07T18:17:40Z,1401
59382.0,PAYLOAD,66466.0,PAYLOAD,9.4744,0.0,NOMINAL,2026-03-07T12:19:40Z,1043
45187.0,PAYLOAD,57433.0,PAYLOAD,9.4749,0.0,NOMINAL,2026-03-07T11:01:40Z,965
42841.0,PAYLOAD,67050.0,PAYLOAD,9.4753,0.0,NOMINAL,2026-03-07T09:14:40Z,858
5909.0,DEBRIS,49328.0,PAYLOAD,9.4756,0.0,NOMINAL,2026-03-07T07:40:40Z,764
5909.0,DEBRIS,49329.0,ROCKET BODY,9.4756,0.0,NOMINAL,2026-03-07T07:40:40Z,764
55212.0,DEBRIS,65181.0,PAYLOAD,9.4759,0.0,NOMINAL,2026-03-07T03:04:40Z,488
64138.0,PAYLOAD,66167.0,PAYLOAD,9.4763,0.0,NOMINAL,2026-03-07T06:39:40Z,703
66748.0,PAYLOAD,67257.0,UNKNOWN,9.4766,0.0,NOMINAL,2026-03-06T21:05:40Z,129
59381.0,PAYLOAD,67515.0,PAYLOAD,9.477,0.0,NOMINAL,2026-03-07T01:37:40Z,401
4340.0,PAYLOAD,6477.0,DEBRIS,9.4771,0.0,NOMINAL,2026-03-07T17:12:40Z,1336
30792.0,DEBRIS,61459.0,DEBRIS,9.4778,0.0,NOMINAL,2026-03-07T08:17:40Z,801
13471.0,DEBRIS,40442.0,DEBRIS,9.4782,0.0,NOMINAL,2026-03-07T18:41:40Z,1425
45071.0,PAYLOAD,62681.0,PAYLOAD,9.4782,0.0,NOMINAL,2026-03-06T22:18:40Z,202
63046.0,PAYLOAD,66483.0,PAYLOAD,9.4784,0.0,NOMINAL,2026-03-07T05:12:40Z,616
57508.0,PAYLOAD,66692.0,PAYLOAD,9.4793,0.0,NOMINAL,2026-03-07T10:08:40Z,912
47799.0,PAYLOAD,53409.0,PAYLOAD,9.4797,0.0,NOMINAL,2026-03-07T01:59:40Z,423
46027.0,PAYLOAD,53745.0,PAYLOAD,9.4798,0.0,NOMINAL,2026-03-06T23:02:40Z,246
55374.0,PAYLOAD,65652.0,PAYLOAD,9.48,0.0,NOMINAL,2026-03-07T08:54:40Z,838
62649.0,PAYLOAD,64302.0,PAYLOAD,9.4801,0.0,NOMINAL,2026-03-06T23:33:40Z,277
5264.0,DEBRIS,65290.0,PAYLOAD,9.4809,0.0,NOMINAL,2026-03-07T06:36:40Z,700
28058.0,PAYLOAD,28438.0,DEBRIS,9.481,0.0,NOMINAL,2026-03-07T10:37:40Z,941
2606.0,PAYLOAD,9844.0,DEBRIS,9.4811,0.0,NOMINAL,2026-03-07T02:03:40Z,427
58683.0,PAYLOAD,65223.0,PAYLOAD,9.4814,0.0,NOMINAL,2026-03-07T16:45:40Z,1309
31365.0,DEBRIS,31554.0,DEBRIS,9.4819,0.0,NOMINAL,2026-03-07T10:55:40Z,959
62625.0,PAYLOAD,63208.0,PAYLOAD,9.4821,0.0,NOMINAL,2026-03-06T22:02:40Z,186
60798.0,DEBRIS,61110.0,DEBRIS,9.4832,0.0,NOMINAL,2026-03-07T04:08:40Z,552
58790.0,PAYLOAD,65647.0,PAYLOAD,9.4834,0.0,NOMINAL,2026-03-07T16:03:40Z,1267
58004.0,PAYLOAD,63201.0,PAYLOAD,9.4839,0.0,NOMINAL,2026-03-07T03:59:40Z,543
58481.0,PAYLOAD,63478.0,PAYLOAD,9.4844,0.0,NOMINAL,2026-03-07T12:30:40Z,1054
63247.0,PAYLOAD,63252.0,PAYLOAD,9.4852,0.0,NOMINAL,2026-03-07T11:41:40Z,1005
38711.0,PAYLOAD,43409.0,DEBRIS,9.4852,0.0,NOMINAL,2026-03-06T21:32:40Z,156
65377.0,PAYLOAD,66982.0,PAYLOAD,9.4852,0.0,NOMINAL,2026-03-06T22:49:40Z,233
4081.0,ROCKET BODY,7469.0,PAYLOAD,9.4853,0.0,NOMINAL,2026-03-07T05:41:40Z,645
59583.0,PAYLOAD,63653.0,PAYLOAD,9.4857,0.0,NOMINAL,2026-03-07T12:15:40Z,1039
48312.0,PAYLOAD,59208.0,PAYLOAD,9.4857,0.0,NOMINAL,2026-03-07T18:49:40Z,1433
62211.0,PAYLOAD,65506.0,PAYLOAD,9.4863,0.0,NOMINAL,2026-03-06T19:23:40Z,27
56944.0,PAYLOAD,58777.0,PAYLOAD,9.4878,0.0,NOMINAL,2026-03-06T22:15:40Z,199
59877.0,PAYLOAD,65460.0,PAYLOAD,9.4883,0.0,NOMINAL,2026-03-07T04:34:40Z,578
59570.0,PAYLOAD,66952.0,PAYLOAD,9.4883,0.0,NOMINAL,2026-03-07T03:35:40Z,519
3107.0,PAYLOAD,35401.0,DEBRIS,9.4889,0.0,NOMINAL,2026-03-07T02:47:40Z,471
4787.0,PAYLOAD,6488.0,DEBRIS,9.4891,0.0,NOMINAL,2026-03-07T04:12:40Z,556
58444.0,PAYLOAD,64209.0,PAYLOAD,9.4893,0.0,NOMINAL,2026-03-07T06:34:40Z,698
58745.0,PAYLOAD,59017.0,PAYLOAD,9.4895,0.0,NOMINAL,2026-03-07T10:22:40Z,926
59892.0,PAYLOAD,63903.0,PAYLOAD,9.4904,0.0,NOMINAL,2026-03-07T00:24:40Z,328
58222.0,PAYLOAD,61972.0,PAYLOAD,9.4904,0.0,NOMINAL,2026-03-07T14:15:40Z,1159
57636.0,PAYLOAD,66422.0,PAYLOAD,9.4908,0.0,NOMINAL,2026-03-07T02:30:40Z,454
47844.0,PAYLOAD,59136.0,PAYLOAD,9.4913,0.0,NOMINAL,2026-03-07T00:38:40Z,342
65757.0,PAYLOAD,67327.0,PAYLOAD,9.4915,0.0,NOMINAL,2026-03-07T02:01:40Z,425
58394.0,PAYLOAD,66510.0,PAYLOAD,9.4916,0.0,NOMINAL,2026-03-07T05:38:40Z,642
66066.0,PAYLOAD,66493.0,PAYLOAD,9.4917,0.0,NOMINAL,2026-03-07T18:09:40Z,1393
6766.0,DEBRIS,24921.0,ROCKET BODY,9.4918,0.0,NOMINAL,2026-03-06T21:57:40Z,181
63774.0,PAYLOAD,65105.0,PAYLOAD,9.4921,0.0,NOMINAL,2026-03-07T10:19:40Z,923
48358.0,PAYLOAD,59469.0,PAYLOAD,9.4924,0.0,NOMINAL,2026-03-07T16:39:40Z,1303
59504.0,PAYLOAD,62763.0,PAYLOAD,9.4935,0.0,NOMINAL,2026-03-07T05:49:40Z,653
66773.0,UNKNOWN,67276.0,UNKNOWN,9.4937,0.0,NOMINAL,2026-03-07T00:48:40Z,352
58459.0,PAYLOAD,67459.0,PAYLOAD,9.4939,0.0,NOMINAL,2026-03-07T05:52:40Z,656
60415.0,PAYLOAD,63568.0,PAYLOAD,9.4946,0.0,NOMINAL,2026-03-07T01:31:40Z,395
38397.0,DEBRIS,38420.0,DEBRIS,9.4951,0.0,NOMINAL,2026-03-07T09:01:40Z,845
47981.0,PAYLOAD,67330.0,PAYLOAD,9.4952,0.0,NOMINAL,2026-03-07T10:56:40Z,960
60316.0,PAYLOAD,64118.0,PAYLOAD,9.4952,0.0,NOMINAL,2026-03-07T13:47:40Z,1131
56417.0,PAYLOAD,65068.0,PAYLOAD,9.4961,0.0,NOMINAL,2026-03-07T10:14:40Z,918
37120.0,DEBRIS,52672.0,PAYLOAD,9.4966,0.0,NOMINAL,2026-03-07T15:21:40Z,1225
66689.0,PAYLOAD,67232.0,PAYLOAD,9.497,0.0,NOMINAL,2026-03-07T11:37:40Z,1001
34637.0,DEBRIS,37625.0,DEBRIS,9.4987,0.0,NOMINAL,2026-03-07T08:29:40Z,813
55109.0,PAYLOAD,62610.0,PAYLOAD,9.4995,0.0,NOMINAL,2026-03-07T04:49:40Z,593
62202.0,PAYLOAD,63709.0,PAYLOAD,9.4996,0.0,NOMINAL,2026-03-06T21:27:40Z,151
63707.0,PAYLOAD,63970.0,PAYLOAD,9.5,0.0,NOMINAL,2026-03-07T07:14:40Z,738
48127.0,PAYLOAD,62162.0,PAYLOAD,9.5003,0.0,NOMINAL,2026-03-07T03:51:40Z,535
59201.0,PAYLOAD,63426.0,PAYLOAD,9.5004,0.0,NOMINAL,2026-03-06T23:26:40Z,270
43613.0,PAYLOAD,48606.0,PAYLOAD,9.5008,0.0,NOMINAL,2026-03-07T16:53:40Z,1317
33934.0,DEBRIS,61304.0,DEBRIS,9.5011,0.0,NOMINAL,2026-03-07T15:31:40Z,1235
62531.0,PAYLOAD,66173.0,PAYLOAD,9.5012,0.0,NOMINAL,2026-03-06T19:10:40Z,14
59306.0,PAYLOAD,65758.0,PAYLOAD,9.5015,0.0,NOMINAL,2026-03-07T11:23:40Z,987
50170.0,PAYLOAD,88811.0,TBA,9.5017,0.0,NOMINAL,2026-03-07T10:18:40Z,922
58352.0,PAYLOAD,66561.0,PAYLOAD,9.5023,0.0,NOMINAL,2026-03-06T22:46:40Z,230
59376.0,PAYLOAD,63678.0,PAYLOAD,9.5028,0.0,NOMINAL,2026-03-06T19:02:40Z,6
57868.0,PAYLOAD,65324.0,PAYLOAD,9.5029,0.0,NOMINAL,2026-03-07T06:11:40Z,675
58438.0,PAYLOAD,66601.0,PAYLOAD,9.5038,0.0,NOMINAL,2026-03-06T19:24:40Z,28
58288.0,PAYLOAD,60599.0,PAYLOAD,9.5042,0.0,NOMINAL,2026-03-07T09:53:40Z,897
47362.0,PAYLOAD,65284.0,PAYLOAD,9.5043,0.0,NOMINAL,2026-03-06T19:44:40Z,48
65687.0,PAYLOAD,66493.0,PAYLOAD,9.5048,0.0,NOMINAL,2026-03-06T19:01:40Z,5
54855.0,PAYLOAD,56556.0,PAYLOAD,9.5052,0.0,NOMINAL,2026-03-07T14:32:40Z,1176
48682.0,PAYLOAD,59573.0,PAYLOAD,9.5053,0.0,NOMINAL,2026-03-07T03:41:40Z,525
59407.0,PAYLOAD,65082.0,PAYLOAD,9.5058,0.0,NOMINAL,2026-03-07T18:49:40Z,1433
8179.0,DEBRIS,35530.0,DEBRIS,9.5071,0.0,NOMINAL,2026-03-06T22:12:40Z,196
54277.0,DEBRIS,60650.0,DEBRIS,9.5073,0.0,NOMINAL,2026-03-07T04:05:40Z,549
59089.0,PAYLOAD,59582.0,PAYLOAD,9.5078,0.0,NOMINAL,2026-03-07T00:42:40Z,346
63463.0,PAYLOAD,65507.0,PAYLOAD,9.5081,0.0,NOMINAL,2026-03-07T06:11:40Z,675
57894.0,PAYLOAD,64937.0,PAYLOAD,9.5081,0.0,NOMINAL,2026-03-07T09:57:40Z,901
45581.0,PAYLOAD,59506.0,PAYLOAD,9.5084,0.0,NOMINAL,2026-03-07T14:05:40Z,1149
61591.0,PAYLOAD,67428.0,PAYLOAD,9.5084,0.0,NOMINAL,2026-03-06T20:29:40Z,93
63238.0,UNKNOWN,66477.0,PAYLOAD,9.5085,0.0,NOMINAL,2026-03-07T07:20:40Z,744
66290.0,PAYLOAD,66539.0,PAYLOAD,9.5089,0.0,NOMINAL,2026-03-06T21:10:40Z,134
63831.0,PAYLOAD,65369.0,PAYLOAD,9.5091,0.0,NOMINAL,2026-03-07T14:08:40Z,1152
44768.0,PAYLOAD,60445.0,PAYLOAD,9.5092,0.0,NOMINAL,2026-03-06T22:16:40Z,200
66733.0,PAYLOAD,66759.0,UNKNOWN,9.5098,0.0,NOMINAL,2026-03-07T06:44:40Z,708
6014.0,DEBRIS,55523.0,DEBRIS,9.5098,0.0,NOMINAL,2026-03-06T19:14:40Z,18
64109.0,PAYLOAD,66566.0,PAYLOAD,9.5101,0.0,NOMINAL,2026-03-07T15:39:40Z,1243
58488.0,PAYLOAD,66112.0,PAYLOAD,9.5104,0.0,NOMINAL,2026-03-07T00:58:40Z,362
4403.0,PAYLOAD,4488.0,ROCKET BODY,9.5107,0.0,NOMINAL,2026-03-07T08:20:40Z,804
66866.0,PAYLOAD,66943.0,PAYLOAD,9.5113,0.0,NOMINAL,2026-03-07T18:06:40Z,1390
59664.0,PAYLOAD,62043.0,PAYLOAD,9.5115,0.0,NOMINAL,2026-03-07T10:59:40Z,963
52847.0,PAYLOAD,57139.0,PAYLOAD,9.5119,0.0,NOMINAL,2026-03-06T19:18:40Z,22
58192.0,PAYLOAD,66269.0,PAYLOAD,9.5125,0.0,NOMINAL,2026-03-06T19:43:40Z,47
37719.0,DEBRIS,37908.0,DEBRIS,9.5133,0.0,NOMINAL,2026-03-07T16:28:40Z,1292
48022.0,PAYLOAD,55493.0,PAYLOAD,9.5135,0.0,NOMINAL,2026-03-07T01:26:40Z,390
2931.0,DEBRIS,67859.0,PAYLOAD,9.5135,0.0,NOMINAL,2026-03-07T15:02:40Z,1206
60562.0,PAYLOAD,61216.0,PAYLOAD,9.5135,0.0,NOMINAL,2026-03-07T08:18:40Z,802
13018.0,DEBRIS,24817.0,DEBRIS,9.5139,0.0,NOMINAL,2026-03-07T11:14:40Z,978
59409.0,PAYLOAD,63838.0,PAYLOAD,9.5151,0.0,NOMINAL,2026-03-07T15:47:40Z,1251
58456.0,PAYLOAD,62908.0,PAYLOAD,9.5151,0.0,NOMINAL,2026-03-07T07:24:40Z,748
12234.0,DEBRIS,56672.0,DEBRIS,9.5153,0.0,NOMINAL,2026-03-07T09:58:40Z,902
47898.0,PAYLOAD,63025.0,PAYLOAD,9.5155,0.0,NOMINAL,2026-03-07T11:32:40Z,996
14558.0,DEBRIS,27678.0,DEBRIS,9.5157,0.0,NOMINAL,2026-03-07T07:28:40Z,752
61010.0,PAYLOAD,66614.0,PAYLOAD,9.5168,0.0,NOMINAL,2026-03-07T02:10:40Z,434
30660.0,DEBRIS,60966.0,DEBRIS,9.517,0.0,NOMINAL,2026-03-07T01:19:40Z,383
66770.0,PAYLOAD,67285.0,UNKNOWN,9.5178,0.0,NOMINAL,2026-03-06T20:32:40Z,96
58069.0,PAYLOAD,59374.0,PAYLOAD,9.5181,0.0,NOMINAL,2026-03-07T04:42:40Z,586
1426.0,ROCKET BODY,8707.0,DEBRIS,9.5181,0.0,NOMINAL,2026-03-07T15:27:40Z,1231
4285.0,PAYLOAD,13886.0,PAYLOAD,9.5187,0.0,NOMINAL,2026-03-07T12:29:40Z,1053
3586.0,DEBRIS,60950.0,PAYLOAD,9.5191,0.0,NOMINAL,2026-03-07T04:55:40Z,599
821.0,DEBRIS,2098.0,DEBRIS,9.5196,0.0,NOMINAL,2026-03-06T21:08:40Z,132
28308.0,DEBRIS,40414.0,DEBRIS,9.5196,0.0,NOMINAL,2026-03-07T01:34:40Z,398
53572.0,PAYLOAD,54859.0,PAYLOAD,9.5198,0.0,NOMINAL,2026-03-07T03:42:40Z,526
59548.0,PAYLOAD,63995.0,PAYLOAD,9.5203,0.0,NOMINAL,2026-03-07T08:51:40Z,835
34036.0,DEBRIS,57150.0,PAYLOAD,9.5207,0.0,NOMINAL,2026-03-06T20:16:40Z,80
42391.0,DEBRIS,64173.0,PAYLOAD,9.521,0.0,NOMINAL,2026-03-06T20:33:40Z,97
57995.0,PAYLOAD,58634.0,PAYLOAD,9.5212,0.0,NOMINAL,2026-03-06T21:14:40Z,138
46070.0,PAYLOAD,52989.0,PAYLOAD,9.5212,0.0,NOMINAL,2026-03-07T13:03:40Z,1087
15755.0,PAYLOAD,38130.0,DEBRIS,9.5213,0.0,NOMINAL,2026-03-07T07:33:40Z,757
33599.0,DEBRIS,64024.0,PAYLOAD,9.5224,0.0,NOMINAL,2026-03-07T12:23:40Z,1047
37725.0,DEBRIS,58264.0,PAYLOAD,9.5228,0.0,NOMINAL,2026-03-07T12:12:40Z,1036
58860.0,PAYLOAD,66266.0,PAYLOAD,9.5232,0.0,NOMINAL,2026-03-07T17:08:40Z,1332
35162.0,DEBRIS,66988.0,PAYLOAD,9.5246,0.0,NOMINAL,2026-03-07T14:47:40Z,1191
59438.0,PAYLOAD,61930.0,PAYLOAD,9.5255,0.0,NOMINAL,2026-03-06T20:42:40Z,106
59300.0,PAYLOAD,62868.0,PAYLOAD,9.5256,0.0,NOMINAL,2026-03-07T17:11:40Z,1335
58164.0,PAYLOAD,64875.0,PAYLOAD,9.5261,0.0,NOMINAL,2026-03-06T19:57:40Z,61
58114.0,PAYLOAD,62493.0,PAYLOAD,9.5262,0.0,NOMINAL,2026-03-07T05:18:40Z,622
35406.0,DEBRIS,58638.0,PAYLOAD,9.5264,0.0,NOMINAL,2026-03-06T21:23:40Z,147
63955.0,PAYLOAD,66134.0,PAYLOAD,9.5267,0.0,NOMINAL,2026-03-07T18:35:40Z,1419
59575.0,PAYLOAD,64107.0,PAYLOAD,9.5268,0.0,NOMINAL,2026-03-07T14:07:40Z,1151
64448.0,PAYLOAD,65423.0,PAYLOAD,9.5269,0.0,NOMINAL,2026-03-06T23:21:40Z,265
57978.0,PAYLOAD,66217.0,PAYLOAD,9.5275,0.0,NOMINAL,2026-03-07T11:56:40Z,1020
47791.0,PAYLOAD,59037.0,PAYLOAD,9.529,0.0,NOMINAL,2026-03-07T04:27:40Z,571
60500.0,PAYLOAD,65761.0,PAYLOAD,9.5291,0.0,NOMINAL,2026-03-07T15:28:40Z,1232
30768.0,DEBRIS,31097.0,DEBRIS,9.5291,0.0,NOMINAL,2026-03-07T00:52:40Z,356
59674.0,PAYLOAD,60434.0,PAYLOAD,9.5293,0.0,NOMINAL,2026-03-07T13:24:40Z,1108
58038.0,PAYLOAD,58680.0,PAYLOAD,9.5294,0.0,NOMINAL,2026-03-07T17:00:40Z,1324
48458.0,PAYLOAD,64924.0,PAYLOAD,9.5295,0.0,NOMINAL,2026-03-07T13:54:40Z,1138
43811.0,PAYLOAD,65247.0,PAYLOAD,9.5301,0.0,NOMINAL,2026-03-07T01:07:40Z,371
30815.0,DEBRIS,34976.0,DEBRIS,9.5301,0.0,NOMINAL,2026-03-06T19:17:40Z,21
64185.0,PAYLOAD,67181.0,PAYLOAD,9.532,0.0,NOMINAL,2026-03-07T06:29:40Z,693
14277.0,ROCKET BODY,61246.0,PAYLOAD,9.5322,0.0,NOMINAL,2026-03-07T15:27:40Z,1231
58010.0,PAYLOAD,65353.0,PAYLOAD,9.5342,0.0,NOMINAL,2026-03-06T19:42:40Z,46
24051.0,DEBRIS,55313.0,PAYLOAD,9.5347,0.0,NOMINAL,2026-03-07T02:55:40Z,479
66233.0,PAYLOAD,66321.0,PAYLOAD,9.5348,0.0,NOMINAL,2026-03-07T02:34:40Z,458
30977.0,DEBRIS,41876.0,ROCKET BODY,9.5348,0.0,NOMINAL,2026-03-06T18:58:40Z,2
61863.0,PAYLOAD,67516.0,PAYLOAD,9.5353,0.0,NOMINAL,2026-03-07T16:58:40Z,1322
587.0,ROCKET BODY,5496.0,DEBRIS,9.5361,0.0,NOMINAL,2026-03-07T12:11:40Z,1035
48361.0,PAYLOAD,60471.0,PAYLOAD,9.537,0.0,NOMINAL,2026-03-07T05:18:40Z,622
59940.0,PAYLOAD,64605.0,PAYLOAD,9.5373,0.0,NOMINAL,2026-03-06T21:06:40Z,130
2712.0,PAYLOAD,4812.0,ROCKET BODY,9.5377,0.0,NOMINAL,2026-03-07T14:59:40Z,1203
30345.0,DEBRIS,39112.0,DEBRIS,9.5389,0.0,NOMINAL,2026-03-07T05:45:40Z,649
35579.0,ROCKET BODY,64817.0,PAYLOAD,9.5406,0.0,NOMINAL,2026-03-07T09:23:40Z,867
59377.0,PAYLOAD,59740.0,PAYLOAD,9.5407,0.0,NOMINAL,2026-03-07T14:57:40Z,1201
58012.0,PAYLOAD,65746.0,PAYLOAD,9.5408,0.0,NOMINAL,2026-03-07T08:15:40Z,799
46077.0,PAYLOAD,61638.0,PAYLOAD,9.5419,0.0,NOMINAL,2026-03-07T13:23:40Z,1107
59212.0,PAYLOAD,63897.0,PAYLOAD,9.5419,0.0,NOMINAL,2026-03-06T19:52:40Z,56
67811.0,PAYLOAD,67916.0,PAYLOAD,9.5419,0.0,NOMINAL,2026-03-07T18:36:40Z,1420
43794.0,PAYLOAD,44631.0,DEBRIS,9.5423,0.0,NOMINAL,2026-03-07T03:58:40Z,542
63003.0,PAYLOAD,66600.0,PAYLOAD,9.5423,0.0,NOMINAL,2026-03-07T07:46:40Z,770
11425.0,PAYLOAD,35031.0,DEBRIS,9.5424,0.0,NOMINAL,2026-03-07T10:36:40Z,940
57947.0,PAYLOAD,67455.0,PAYLOAD,9.5432,0.0,NOMINAL,2026-03-06T23:16:40Z,260
5299.0,DEBRIS,62856.0,PAYLOAD,9.5435,0.0,NOMINAL,2026-03-07T04:32:40Z,576
57669.0,PAYLOAD,67353.0,PAYLOAD,9.5436,0.0,NOMINAL,2026-03-07T02:10:40Z,434
30814.0,DEBRIS,38518.0,DEBRIS,9.5448,0.0,NOMINAL,2026-03-07T04:21:40Z,565
64772.0,PAYLOAD,66811.0,PAYLOAD,9.5451,0.0,NOMINAL,2026-03-07T10:15:40Z,919
59619.0,PAYLOAD,61728.0,PAYLOAD,9.5451,0.0,NOMINAL,2026-03-07T15:34:40Z,1238
29933.0,DEBRIS,35091.0,DEBRIS,9.5452,0.0,NOMINAL,2026-03-06T20:49:40Z,113
60471.0,PAYLOAD,65695.0,PAYLOAD,9.5453,0.0,NOMINAL,2026-03-07T02:55:40Z,479
64767.0,PAYLOAD,66441.0,PAYLOAD,9.5454,0.0,NOMINAL,2026-03-07T11:48:40Z,1012
5113.0,PAYLOAD,53531.0,PAYLOAD,9.5455,0.0,NOMINAL,2026-03-07T08:12:40Z,796
6316.0,ROCKET BODY,10112.0,ROCKET BODY,9.5457,0.0,NOMINAL,2026-03-07T10:39:40Z,943
53475.0,PAYLOAD,56002.0,PAYLOAD,9.5457,0.0,NOMINAL,2026-03-07T02:51:40Z,475
48135.0,PAYLOAD,63519.0,PAYLOAD,9.5457,0.0,NOMINAL,2026-03-06T19:19:40Z,23
10055.0,DEBRIS,60995.0,PAYLOAD,9.546,0.0,NOMINAL,2026-03-07T07:27:40Z,751
55598.0,PAYLOAD,63205.0,PAYLOAD,9.5462,0.0,NOMINAL,2026-03-06T21:01:40Z,125
18670.0,DEBRIS,18691.0,DEBRIS,9.5463,0.0,NOMINAL,2026-03-07T00:14:40Z,318
30507.0,DEBRIS,42325.0,DEBRIS,9.5466,0.0,NOMINAL,2026-03-07T01:01:40Z,365
64010.0,PAYLOAD,64217.0,PAYLOAD,9.5478,0.0,NOMINAL,2026-03-07T15:43:40Z,1247
48412.0,PAYLOAD,49418.0,PAYLOAD,9.548,0.0,NOMINAL,2026-03-07T11:20:40Z,984
57668.0,PAYLOAD,61634.0,PAYLOAD,9.5485,0.0,NOMINAL,2026-03-06T22:24:40Z,208
45580.0,PAYLOAD,63644.0,PAYLOAD,9.55,0.0,NOMINAL,2026-03-07T01:23:40Z,387
38762.0,PAYLOAD,59380.0,PAYLOAD,9.55,0.0,NOMINAL,2026-03-07T14:57:40Z,1201
63960.0,PAYLOAD,65421.0,PAYLOAD,9.5504,0.0,NOMINAL,2026-03-07T01:10:40Z,374
66750.0,UNKNOWN,67646.0,UNKNOWN,9.5508,0.0,NOMINAL,2026-03-07T11:05:40Z,969
59958.0,PAYLOAD,67055.0,PAYLOAD,9.551,0.0,NOMINAL,2026-03-07T03:05:40Z,489
58120.0,PAYLOAD,66576.0,PAYLOAD,9.5515,0.0,NOMINAL,2026-03-07T07:10:40Z,734
58393.0,PAYLOAD,62386.0,PAYLOAD,9.5515,0.0,NOMINAL,2026-03-07T03:42:40Z,526
61509.0,PAYLOAD,63717.0,PAYLOAD,9.5516,0.0,NOMINAL,2026-03-07T16:37:40Z,1301
4733.0,DEBRIS,48720.0,DEBRIS,9.5518,0.0,NOMINAL,2026-03-07T10:55:40Z,959
14373.0,ROCKET BODY,56271.0,DEBRIS,9.5522,0.0,NOMINAL,2026-03-06T20:54:40Z,118
1162.0,DEBRIS,50170.0,PAYLOAD,9.5525,0.0,NOMINAL,2026-03-06T23:52:40Z,296
57023.0,UNKNOWN,60051.0,PAYLOAD,9.5527,0.0,NOMINAL,2026-03-06T23:21:40Z,265
66705.0,PAYLOAD,66745.0,PAYLOAD,9.5531,0.0,NOMINAL,2026-03-07T15:23:40Z,1227
59803.0,PAYLOAD,60918.0,PAYLOAD,9.5534,0.0,NOMINAL,2026-03-06T23:21:40Z,265
9710.0,DEBRIS,270020.0,UNKNOWN,9.5536,0.0,NOMINAL,2026-03-07T00:53:40Z,357
56426.0,PAYLOAD,65765.0,PAYLOAD,9.5538,0.0,NOMINAL,2026-03-07T14:35:40Z,1179
48662.0,PAYLOAD,56426.0,PAYLOAD,9.5538,0.0,NOMINAL,2026-03-07T14:00:40Z,1144
58797.0,PAYLOAD,60944.0,PAYLOAD,9.554,0.0,NOMINAL,2026-03-07T04:02:40Z,546
58477.0,PAYLOAD,58869.0,PAYLOAD,9.5545,0.0,NOMINAL,2026-03-07T15:47:40Z,1251
64915.0,PAYLOAD,67343.0,PAYLOAD,9.5546,0.0,NOMINAL,2026-03-07T09:54:40Z,898
4613.0,DEBRIS,17590.0,ROCKET BODY,9.5547,0.0,NOMINAL,2026-03-06T20:00:40Z,64
39874.0,DEBRIS,64795.0,PAYLOAD,9.5548,0.0,NOMINAL,2026-03-07T17:19:40Z,1343
63753.0,PAYLOAD,67705.0,PAYLOAD,9.5549,0.0,NOMINAL,2026-03-07T01:28:40Z,392
57643.0,PAYLOAD,62133.0,PAYLOAD,9.555,0.0,NOMINAL,2026-03-06T19:05:40Z,9
57944.0,PAYLOAD,58054.0,PAYLOAD,9.5551,0.0,NOMINAL,2026-03-07T13:40:40Z,1124
16969.0,PAYLOAD,53877.0,PAYLOAD,9.5569,0.0,NOMINAL,2026-03-07T14:58:40Z,1202
48401.0,PAYLOAD,65908.0,PAYLOAD,9.5572,0.0,NOMINAL,2026-03-07T18:28:40Z,1412
30313.0,DEBRIS,32062.0,PAYLOAD,9.5583,0.0,NOMINAL,2026-03-07T04:51:40Z,595
34859.0,DEBRIS,64217.0,PAYLOAD,9.5585,0.0,NOMINAL,2026-03-07T12:50:40Z,1074
37363.0,ROCKET BODY,63227.0,PAYLOAD,9.559,0.0,NOMINAL,2026-03-06T19:14:40Z,18
4149.0,DEBRIS,20032.0,DEBRIS,9.5593,0.0,NOMINAL,2026-03-07T10:32:40Z,936
236.0,DEBRIS,61976.0,PAYLOAD,9.5594,0.0,NOMINAL,2026-03-07T02:17:40Z,441
60493.0,PAYLOAD,62204.0,PAYLOAD,9.5595,0.0,NOMINAL,2026-03-07T00:22:40Z,326
52322.0,PAYLOAD,66707.0,PAYLOAD,9.5595,0.0,NOMINAL,2026-03-06T22:49:40Z,233
59900.0,PAYLOAD,63682.0,PAYLOAD,9.5607,0.0,NOMINAL,2026-03-07T18:54:40Z,1438
48331.0,PAYLOAD,59318.0,PAYLOAD,9.5612,0.0,NOMINAL,2026-03-07T10:55:40Z,959
58867.0,PAYLOAD,64773.0,PAYLOAD,9.5615,0.0,NOMINAL,2026-03-07T07:45:40Z,769
9714.0,DEBRIS,31964.0,DEBRIS,9.5643,0.0,NOMINAL,2026-03-07T17:06:40Z,1330
11326.0,PAYLOAD,20100.0,DEBRIS,9.5644,0.0,NOMINAL,2026-03-07T08:16:40Z,800
61393.0,DEBRIS,61500.0,DEBRIS,9.565,0.0,NOMINAL,2026-03-07T13:43:40Z,1127
58112.0,PAYLOAD,62158.0,PAYLOAD,9.5653,0.0,NOMINAL,2026-03-07T16:35:40Z,1299
24903.0,PAYLOAD,42111.0,DEBRIS,9.5661,0.0,NOMINAL,2026-03-07T04:27:40Z,571
61529.0,PAYLOAD,63916.0,PAYLOAD,9.5662,0.0,NOMINAL,2026-03-06T22:31:40Z,215
47.0,ROCKET BODY,60874.0,DEBRIS,9.5667,0.0,NOMINAL,2026-03-07T16:20:40Z,1284
58873.0,PAYLOAD,66384.0,PAYLOAD,9.5668,0.0,NOMINAL,2026-03-07T08:58:40Z,842
57828.0,PAYLOAD,64762.0,PAYLOAD,9.5674,0.0,NOMINAL,2026-03-07T18:03:40Z,1387
8660.0,DEBRIS,9646.0,DEBRIS,9.5678,0.0,NOMINAL,2026-03-06T23:03:40Z,247
57135.0,PAYLOAD,57142.0,PAYLOAD,9.5685,0.0,NOMINAL,2026-03-07T14:13:40Z,1157
62119.0,PAYLOAD,67041.0,PAYLOAD,9.5685,0.0,NOMINAL,2026-03-07T09:24:40Z,868
48667.0,PAYLOAD,52994.0,PAYLOAD,9.569,0.0,NOMINAL,2026-03-07T06:24:40Z,688
58480.0,PAYLOAD,65323.0,PAYLOAD,9.5691,0.0,NOMINAL,2026-03-07T06:04:40Z,668
45368.0,PAYLOAD,57071.0,PAYLOAD,9.5692,0.0,NOMINAL,2026-03-06T22:35:40Z,219
52686.0,PAYLOAD,55336.0,PAYLOAD,9.5707,0.0,NOMINAL,2026-03-07T05:05:40Z,609
60049.0,PAYLOAD,64242.0,PAYLOAD,9.5709,0.0,NOMINAL,2026-03-07T10:27:40Z,931
57677.0,PAYLOAD,59157.0,PAYLOAD,9.5714,0.0,NOMINAL,2026-03-07T08:28:40Z,812
58985.0,PAYLOAD,67501.0,PAYLOAD,9.572,0.0,NOMINAL,2026-03-06T21:48:40Z,172
57086.0,PAYLOAD,57154.0,PAYLOAD,9.573,0.0,NOMINAL,2026-03-07T13:21:40Z,1105
57680.0,PAYLOAD,65409.0,PAYLOAD,9.5731,0.0,NOMINAL,2026-03-06T22:54:40Z,238
62743.0,PAYLOAD,66032.0,PAYLOAD,9.5733,0.0,NOMINAL,2026-03-07T13:17:40Z,1101
41173.0,PAYLOAD,66408.0,PAYLOAD,9.5733,0.0,NOMINAL,2026-03-07T12:08:40Z,1032
12294.0,DEBRIS,87204.0,UNKNOWN,9.5735,0.0,NOMINAL,2026-03-07T18:21:40Z,1405
47752.0,PAYLOAD,60601.0,PAYLOAD,9.5742,0.0,NOMINAL,2026-03-07T04:58:40Z,602
61861.0,PAYLOAD,66370.0,PAYLOAD,9.5746,0.0,NOMINAL,2026-03-06T23:36:40Z,280
56701.0,PAYLOAD,66118.0,PAYLOAD,9.5746,0.0,NOMINAL,2026-03-06T21:29:40Z,153
61629.0,PAYLOAD,66168.0,PAYLOAD,9.5747,0.0,NOMINAL,2026-03-07T06:16:40Z,680
39310.0,DEBRIS,65395.0,PAYLOAD,9.5749,0.0,NOMINAL,2026-03-07T02:51:40Z,475
64767.0,PAYLOAD,67427.0,PAYLOAD,9.5753,0.0,NOMINAL,2026-03-07T11:18:40Z,982
65512.0,PAYLOAD,66930.0,PAYLOAD,9.5761,0.0,NOMINAL,2026-03-07T12:23:40Z,1047
18691.0,DEBRIS,270255.0,UNKNOWN,9.5774,0.0,NOMINAL,2026-03-07T00:14:40Z,318
48593.0,PAYLOAD,63974.0,PAYLOAD,9.5775,0.0,NOMINAL,2026-03-07T13:05:40Z,1089
52346.0,PAYLOAD,63346.0,PAYLOAD,9.5778,0.0,NOMINAL,2026-03-07T16:43:40Z,1307
43762.0,PAYLOAD,52611.0,PAYLOAD,9.5782,0.0,NOMINAL,2026-03-07T02:19:40Z,443
60918.0,PAYLOAD,65407.0,PAYLOAD,9.5782,0.0,NOMINAL,2026-03-07T00:13:40Z,317
48300.0,PAYLOAD,59682.0,PAYLOAD,9.5783,0.0,NOMINAL,2026-03-07T07:20:40Z,744
5174.0,PAYLOAD,41288.0,DEBRIS,9.5783,0.0,NOMINAL,2026-03-07T11:31:40Z,995
56995.0,PAYLOAD,67279.0,UNKNOWN,9.5787,0.0,NOMINAL,2026-03-07T07:00:40Z,724
42219.0,DEBRIS,56612.0,DEBRIS,9.579,0.0,NOMINAL,2026-03-07T01:59:40Z,423
48314.0,PAYLOAD,64193.0,PAYLOAD,9.5806,0.0,NOMINAL,2026-03-07T11:05:40Z,969
47805.0,PAYLOAD,49425.0,PAYLOAD,9.5806,0.0,NOMINAL,2026-03-07T01:50:40Z,414
7209.0,PAYLOAD,32223.0,DEBRIS,9.5806,0.0,NOMINAL,2026-03-07T16:31:40Z,1295
47805.0,PAYLOAD,53835.0,PAYLOAD,9.5816,0.0,NOMINAL,2026-03-06T21:09:40Z,133
63199.0,PAYLOAD,66398.0,PAYLOAD,9.5828,0.0,NOMINAL,2026-03-07T05:43:40Z,647
59555.0,PAYLOAD,64616.0,PAYLOAD,9.5833,0.0,NOMINAL,2026-03-07T03:43:40Z,527
55946.0,PAYLOAD,66661.0,UNKNOWN,9.5836,0.0,NOMINAL,2026-03-07T05:49:40Z,653
58131.0,PAYLOAD,66329.0,PAYLOAD,9.5839,0.0,NOMINAL,2026-03-06T21:58:40Z,182
58749.0,PAYLOAD,66430.0,PAYLOAD,9.5841,0.0,NOMINAL,2026-03-07T16:13:40Z,1277
20870.0,DEBRIS,270069.0,UNKNOWN,9.5845,0.0,NOMINAL,2026-03-07T15:06:40Z,1210
58524.0,PAYLOAD,67187.0,PAYLOAD,9.5847,0.0,NOMINAL,2026-03-06T21:53:40Z,177
4515.0,ROCKET BODY,46993.0,DEBRIS,9.5853,0.0,NOMINAL,2026-03-07T09:27:40Z,871
13923.0,PAYLOAD,37920.0,DEBRIS,9.5866,0.0,NOMINAL,2026-03-07T18:01:40Z,1385
57105.0,PAYLOAD,65668.0,PAYLOAD,9.5871,0.0,NOMINAL,2026-03-06T20:32:40Z,96
59659.0,PAYLOAD,66128.0,PAYLOAD,9.5873,0.0,NOMINAL,2026-03-07T01:57:40Z,421
58139.0,PAYLOAD,59361.0,PAYLOAD,9.5881,0.0,NOMINAL,2026-03-06T20:50:40Z,114
17129.0,DEBRIS,56276.0,DEBRIS,9.5886,0.0,NOMINAL,2026-03-07T11:46:40Z,1010
52872.0,PAYLOAD,57079.0,PAYLOAD,9.5887,0.0,NOMINAL,2026-03-07T16:54:40Z,1318
59188.0,PAYLOAD,67033.0,PAYLOAD,9.5888,0.0,NOMINAL,2026-03-07T10:58:40Z,962
60686.0,DEBRIS,61108.0,DEBRIS,9.5898,0.0,NOMINAL,2026-03-07T18:15:40Z,1399
58321.0,PAYLOAD,65101.0,PAYLOAD,9.5899,0.0,NOMINAL,2026-03-07T01:04:40Z,368
52912.0,PAYLOAD,64832.0,PAYLOAD,9.5902,0.0,NOMINAL,2026-03-07T10:26:40Z,930
1696.0,DEBRIS,58821.0,UNKNOWN,9.5919,0.0,NOMINAL,2026-03-07T16:26:40Z,1290
47802.0,PAYLOAD,64602.0,PAYLOAD,9.5923,0.0,NOMINAL,2026-03-06T19:07:40Z,11
57817.0,PAYLOAD,66305.0,UNKNOWN,9.5927,0.0,NOMINAL,2026-03-06T21:07:40Z,131
46533.0,PAYLOAD,67948.0,PAYLOAD,9.5929,0.0,NOMINAL,2026-03-06T21:39:40Z,163
66233.0,PAYLOAD,67047.0,PAYLOAD,9.5929,0.0,NOMINAL,2026-03-07T01:34:40Z,398
62529.0,PAYLOAD,66225.0,PAYLOAD,9.593,0.0,NOMINAL,2026-03-07T05:15:40Z,619
60018.0,PAYLOAD,65932.0,PAYLOAD,9.5938,0.0,NOMINAL,2026-03-06T21:17:40Z,141
7156.0,DEBRIS,33543.0,DEBRIS,9.5941,0.0,NOMINAL,2026-03-06T23:49:40Z,293
63052.0,PAYLOAD,63193.0,PAYLOAD,9.5942,0.0,NOMINAL,2026-03-07T12:14:40Z,1038
57217.0,UNKNOWN,67292.0,UNKNOWN,9.5944,0.0,NOMINAL,2026-03-06T21:39:40Z,163
24893.0,DEBRIS,49768.0,PAYLOAD,9.5945,0.0,NOMINAL,2026-03-07T03:49:40Z,533
35346.0,DEBRIS,65227.0,PAYLOAD,9.5949,0.0,NOMINAL,2026-03-06T22:45:40Z,229
56748.0,UNKNOWN,62810.0,PAYLOAD,9.5949,0.0,NOMINAL,2026-03-07T18:43:40Z,1427
51865.0,PAYLOAD,55583.0,PAYLOAD,9.595,0.0,NOMINAL,2026-03-07T00:25:40Z,329
58783.0,PAYLOAD,58789.0,PAYLOAD,9.5958,0.0,NOMINAL,2026-03-06T21:15:40Z,139
63794.0,PAYLOAD,66141.0,PAYLOAD,9.5964,0.0,NOMINAL,2026-03-07T04:23:40Z,567
52479.0,PAYLOAD,56898.0,PAYLOAD,9.597,0.0,NOMINAL,2026-03-07T05:15:40Z,619
66127.0,PAYLOAD,66461.0,PAYLOAD,9.5971,0.0,NOMINAL,2026-03-07T14:07:40Z,1151
56024.0,PAYLOAD,64845.0,PAYLOAD,9.5972,0.0,NOMINAL,2026-03-07T05:22:40Z,626
37223.0,PAYLOAD,49166.0,PAYLOAD,9.5973,0.0,NOMINAL,2026-03-07T06:10:40Z,674
58631.0,PAYLOAD,62449.0,PAYLOAD,9.5974,0.0,NOMINAL,2026-03-07T05:23:40Z,627
43236.0,PAYLOAD,43834.0,UNKNOWN,9.5974,0.0,NOMINAL,2026-03-07T17:42:40Z,1366
65092.0,PAYLOAD,66809.0,PAYLOAD,9.5978,0.0,NOMINAL,2026-03-06T21:08:40Z,132
60746.0,UNKNOWN,62436.0,PAYLOAD,9.5985,0.0,NOMINAL,2026-03-07T17:42:40Z,1366
58897.0,PAYLOAD,59787.0,PAYLOAD,9.5989,0.0,NOMINAL,2026-03-06T21:26:40Z,150
13241.0,PAYLOAD,39105.0,DEBRIS,9.599,0.0,NOMINAL,2026-03-06T22:42:40Z,226
58450.0,PAYLOAD,66876.0,PAYLOAD,9.5993,0.0,NOMINAL,2026-03-07T16:48:40Z,1312
45374.0,PAYLOAD,61630.0,PAYLOAD,9.5996,0.0,NOMINAL,2026-03-07T01:05:40Z,369
13574.0,DEBRIS,61399.0,DEBRIS,9.6001,0.0,NOMINAL,2026-03-07T16:53:40Z,1317
65861.0,PAYLOAD,66897.0,PAYLOAD,9.6006,0.0,NOMINAL,2026-03-07T14:12:40Z,1156
44771.0,PAYLOAD,52448.0,PAYLOAD,9.6007,0.0,NOMINAL,2026-03-07T16:42:40Z,1306
9661.0,PAYLOAD,13808.0,DEBRIS,9.6008,0.0,NOMINAL,2026-03-06T20:44:40Z,108
10505.0,DEBRIS,44927.0,PAYLOAD,9.6009,0.0,NOMINAL,2026-03-07T10:30:40Z,934
64015.0,PAYLOAD,66879.0,PAYLOAD,9.6011,0.0,NOMINAL,2026-03-07T07:45:40Z,769
60432.0,PAYLOAD,63644.0,PAYLOAD,9.6014,0.0,NOMINAL,2026-03-07T15:56:40Z,1260
58133.0,PAYLOAD,59609.0,PAYLOAD,9.6017,0.0,NOMINAL,2026-03-07T07:58:40Z,782
39358.0,PAYLOAD,87082.0,TBA,9.6018,0.0,NOMINAL,2026-03-07T15:35:40Z,1239
16327.0,ROCKET BODY,31414.0,DEBRIS,9.6021,0.0,NOMINAL,2026-03-06T21:43:40Z,167
17153.0,DEBRIS,40792.0,DEBRIS,9.6021,0.0,NOMINAL,2026-03-07T03:37:40Z,521
64267.0,PAYLOAD,66868.0,PAYLOAD,9.6024,0.0,NOMINAL,2026-03-06T22:43:40Z,227
1862.0,DEBRIS,64738.0,PAYLOAD,9.6024,0.0,NOMINAL,2026-03-07T09:28:40Z,872
46712.0,PAYLOAD,67945.0,PAYLOAD,9.6027,0.0,NOMINAL,2026-03-06T23:25:40Z,269
46991.0,DEBRIS,55195.0,DEBRIS,9.6035,0.0,NOMINAL,2026-03-07T17:59:40Z,1383
45877.0,ROCKET BODY,55366.0,PAYLOAD,9.6039,0.0,NOMINAL,2026-03-07T01:29:40Z,393
66179.0,PAYLOAD,66425.0,PAYLOAD,9.6039,0.0,NOMINAL,2026-03-06T23:32:40Z,276
42841.0,PAYLOAD,64594.0,PAYLOAD,9.6042,0.0,NOMINAL,2026-03-06T23:40:40Z,284
56158.0,UNKNOWN,56645.0,DEBRIS,9.6045,0.0,NOMINAL,2026-03-07T09:39:40Z,883
9543.0,DEBRIS,39432.0,PAYLOAD,9.6057,0.0,NOMINAL,2026-03-07T07:21:40Z,745
63844.0,PAYLOAD,63899.0,PAYLOAD,9.6059,0.0,NOMINAL,2026-03-07T10:10:40Z,914
22456.0,DEBRIS,37026.0,DEBRIS,9.606,0.0,NOMINAL,2026-03-06T21:11:40Z,135
58053.0,PAYLOAD,63035.0,PAYLOAD,9.6065,0.0,NOMINAL,2026-03-07T18:52:40Z,1436
10744.0,PAYLOAD,21902.0,PAYLOAD,9.6071,0.0,NOMINAL,2026-03-07T09:38:40Z,882
49489.0,DEBRIS,51721.0,PAYLOAD,9.6071,0.0,NOMINAL,2026-03-07T05:36:40Z,640
59671.0,PAYLOAD,64765.0,PAYLOAD,9.6074,0.0,NOMINAL,2026-03-07T13:30:40Z,1114
56876.0,PAYLOAD,64821.0,PAYLOAD,9.6077,0.0,NOMINAL,2026-03-06T22:52:40Z,236
63425.0,PAYLOAD,64496.0,PAYLOAD,9.6077,0.0,NOMINAL,2026-03-07T04:56:40Z,600
618.0,PAYLOAD,3303.0,DEBRIS,9.6081,0.0,NOMINAL,2026-03-07T02:53:40Z,477
63379.0,PAYLOAD,67358.0,PAYLOAD,9.6089,0.0,NOMINAL,2026-03-06T22:53:40Z,237
58011.0,PAYLOAD,58640.0,PAYLOAD,9.6089,0.0,NOMINAL,2026-03-07T18:23:40Z,1407
59164.0,PAYLOAD,63579.0,PAYLOAD,9.6092,0.0,NOMINAL,2026-03-07T07:34:40Z,758
5284.0,ROCKET BODY,6755.0,ROCKET BODY,9.6096,0.0,NOMINAL,2026-03-07T01:00:40Z,364
61787.0,UNKNOWN,65039.0,PAYLOAD,9.6098,0.0,NOMINAL,2026-03-07T10:17:40Z,921
58179.0,PAYLOAD,62441.0,PAYLOAD,9.6101,0.0,NOMINAL,2026-03-07T08:40:40Z,824
30533.0,DEBRIS,41155.0,DEBRIS,9.6103,0.0,NOMINAL,2026-03-07T14:30:40Z,1174
45061.0,PAYLOAD,66799.0,PAYLOAD,9.6106,0.0,NOMINAL,2026-03-07T06:39:40Z,703
48918.0,PAYLOAD,67809.0,PAYLOAD,9.6112,0.0,NOMINAL,2026-03-06T23:02:40Z,246
3852.0,DEBRIS,10920.0,ROCKET BODY,9.6119,0.0,NOMINAL,2026-03-06T19:51:40Z,55
10141.0,PAYLOAD,14556.0,DEBRIS,9.6123,0.0,NOMINAL,2026-03-07T09:27:40Z,871
63575.0,PAYLOAD,63722.0,PAYLOAD,9.6125,0.0,NOMINAL,2026-03-07T13:46:40Z,1130
61700.0,PAYLOAD,66198.0,PAYLOAD,9.6126,0.0,NOMINAL,2026-03-07T02:05:40Z,429
33681.0,DEBRIS,54386.0,DEBRIS,9.6139,0.0,NOMINAL,2026-03-07T14:36:40Z,1180
169.0,ROCKET BODY,5341.0,ROCKET BODY,9.6141,0.0,NOMINAL,2026-03-07T07:38:40Z,762
64979.0,DEBRIS,65574.0,PAYLOAD,9.6141,0.0,NOMINAL,2026-03-07T16:43:40Z,1307
554.0,PAYLOAD,9214.0,PAYLOAD,9.6148,0.0,NOMINAL,2026-03-07T05:03:40Z,607
33776.0,DEBRIS,43073.0,PAYLOAD,9.6149,0.0,NOMINAL,2026-03-06T23:45:40Z,289
43761.0,UNKNOWN,65293.0,PAYLOAD,9.6153,0.0,NOMINAL,2026-03-07T02:32:40Z,456
62669.0,PAYLOAD,66739.0,PAYLOAD,9.6157,0.0,NOMINAL,2026-03-06T23:10:40Z,254
60355.0,PAYLOAD,66287.0,PAYLOAD,9.6166,0.0,NOMINAL,2026-03-07T17:55:40Z,1379
59309.0,PAYLOAD,62752.0,PAYLOAD,9.6172,0.0,NOMINAL,2026-03-07T18:07:40Z,1391
59350.0,PAYLOAD,60433.0,PAYLOAD,9.6175,0.0,NOMINAL,2026-03-07T18:04:40Z,1388
62036.0,PAYLOAD,62869.0,PAYLOAD,9.6186,0.0,NOMINAL,2026-03-06T20:26:40Z,90
63518.0,PAYLOAD,63901.0,PAYLOAD,9.6188,0.0,NOMINAL,2026-03-07T06:16:40Z,680
19330.0,PAYLOAD,37606.0,PAYLOAD,9.6188,0.0,NOMINAL,2026-03-07T17:00:40Z,1324
59660.0,PAYLOAD,66123.0,PAYLOAD,9.6193,0.0,NOMINAL,2026-03-06T22:45:40Z,229
47862.0,PAYLOAD,60479.0,PAYLOAD,9.6196,0.0,NOMINAL,2026-03-07T18:53:40Z,1437
59505.0,PAYLOAD,60493.0,PAYLOAD,9.6199,0.0,NOMINAL,2026-03-07T01:25:40Z,389
37875.0,PAYLOAD,48334.0,PAYLOAD,9.6208,0.0,NOMINAL,2026-03-07T16:33:40Z,1297
40441.0,DEBRIS,54277.0,DEBRIS,9.621,0.0,NOMINAL,2026-03-07T02:11:40Z,435
54061.0,PAYLOAD,55530.0,DEBRIS,9.6217,0.0,NOMINAL,2026-03-07T01:41:40Z,405
31122.0,PAYLOAD,42118.0,DEBRIS,9.622,0.0,NOMINAL,2026-03-07T11:24:40Z,988
59222.0,PAYLOAD,59900.0,PAYLOAD,9.6221,0.0,NOMINAL,2026-03-07T11:09:40Z,973
25027.0,DEBRIS,41653.0,DEBRIS,9.6222,0.0,NOMINAL,2026-03-07T07:08:40Z,732
2781.0,PAYLOAD,3184.0,ROCKET BODY,9.6222,0.0,NOMINAL,2026-03-07T14:48:40Z,1192
62307.0,PAYLOAD,67420.0,PAYLOAD,9.6243,0.0,NOMINAL,2026-03-07T14:21:40Z,1165
58218.0,PAYLOAD,65888.0,PAYLOAD,9.6243,0.0,NOMINAL,2026-03-07T17:47:40Z,1371
48649.0,PAYLOAD,61681.0,PAYLOAD,9.6248,0.0,NOMINAL,2026-03-07T04:49:40Z,593
58064.0,PAYLOAD,58112.0,PAYLOAD,9.6249,0.0,NOMINAL,2026-03-07T15:03:40Z,1207
57709.0,PAYLOAD,59745.0,PAYLOAD,9.6251,0.0,NOMINAL,2026-03-07T02:44:40Z,468
59353.0,PAYLOAD,65498.0,PAYLOAD,9.6252,0.0,NOMINAL,2026-03-07T03:12:40Z,496
12285.0,DEBRIS,57576.0,DEBRIS,9.6264,0.0,NOMINAL,2026-03-06T22:49:40Z,233
54908.0,DEBRIS,57867.0,PAYLOAD,9.6273,0.0,NOMINAL,2026-03-07T17:00:40Z,1324
64249.0,PAYLOAD,65422.0,PAYLOAD,9.6273,0.0,NOMINAL,2026-03-07T10:15:40Z,919
60372.0,PAYLOAD,66485.0,PAYLOAD,9.6274,0.0,NOMINAL,2026-03-07T03:58:40Z,542
43711.0,PAYLOAD,59389.0,PAYLOAD,9.6277,0.0,NOMINAL,2026-03-07T13:45:40Z,1129
58092.0,PAYLOAD,60339.0,PAYLOAD,9.6282,0.0,NOMINAL,2026-03-07T03:15:40Z,499
53631.0,PAYLOAD,53731.0,PAYLOAD,9.6283,0.0,NOMINAL,2026-03-07T05:39:40Z,643
22706.0,DEBRIS,82617.0,UNKNOWN,9.6283,0.0,NOMINAL,2026-03-07T05:38:40Z,642
57971.0,PAYLOAD,60266.0,PAYLOAD,9.6284,0.0,NOMINAL,2026-03-07T02:31:40Z,455
6105.0,PAYLOAD,49226.0,DEBRIS,9.6288,0.0,NOMINAL,2026-03-06T20:42:40Z,106
48353.0,PAYLOAD,67415.0,PAYLOAD,9.6293,0.0,NOMINAL,2026-03-07T11:09:40Z,973
52337.0,PAYLOAD,56383.0,PAYLOAD,9.6297,0.0,NOMINAL,2026-03-06T20:59:40Z,123
57339.0,PAYLOAD,57449.0,PAYLOAD,9.6306,0.0,NOMINAL,2026-03-07T17:42:40Z,1366
60993.0,PAYLOAD,63132.0,PAYLOAD,9.6315,0.0,NOMINAL,2026-03-06T19:50:40Z,54
63723.0,PAYLOAD,66799.0,PAYLOAD,9.6322,0.0,NOMINAL,2026-03-07T08:49:40Z,833
7560.0,DEBRIS,54342.0,DEBRIS,9.6327,0.0,NOMINAL,2026-03-07T07:37:40Z,761
60472.0,PAYLOAD,66777.0,PAYLOAD,9.6328,0.0,NOMINAL,2026-03-07T07:38:40Z,762
61678.0,PAYLOAD,62848.0,PAYLOAD,9.6332,0.0,NOMINAL,2026-03-07T18:42:40Z,1426
58604.0,PAYLOAD,59172.0,PAYLOAD,9.6333,0.0,NOMINAL,2026-03-07T17:33:40Z,1357
40042.0,PAYLOAD,45074.0,PAYLOAD,9.6333,0.0,NOMINAL,2026-03-06T23:51:40Z,295
63996.0,PAYLOAD,66610.0,PAYLOAD,9.6339,0.0,NOMINAL,2026-03-07T16:38:40Z,1302
3252.0,DEBRIS,60022.0,PAYLOAD,9.6342,0.0,NOMINAL,2026-03-07T15:34:40Z,1238
31826.0,DEBRIS,33646.0,DEBRIS,9.6346,0.0,NOMINAL,2026-03-07T06:14:40Z,678
62625.0,PAYLOAD,66320.0,PAYLOAD,9.6348,0.0,NOMINAL,2026-03-07T01:23:40Z,387
48115.0,PAYLOAD,66526.0,PAYLOAD,9.6351,0.0,NOMINAL,2026-03-07T17:32:40Z,1356
37269.0,DEBRIS,60981.0,DEBRIS,9.6351,0.0,NOMINAL,2026-03-07T08:28:40Z,812
48662.0,PAYLOAD,52332.0,PAYLOAD,9.6352,0.0,NOMINAL,2026-03-07T01:16:40Z,380
64773.0,PAYLOAD,65423.0,PAYLOAD,9.6352,0.0,NOMINAL,2026-03-06T21:17:40Z,141
1828.0,DEBRIS,62276.0,PAYLOAD,9.6354,0.0,NOMINAL,2026-03-07T12:10:40Z,1034
30210.0,DEBRIS,64288.0,ROCKET BODY,9.6356,0.0,NOMINAL,2026-03-07T16:39:40Z,1303
55202.0,DEBRIS,66715.0,PAYLOAD,9.6357,0.0,NOMINAL,2026-03-07T17:05:40Z,1329
43431.0,DEBRIS,62666.0,PAYLOAD,9.636,0.0,NOMINAL,2026-03-07T09:28:40Z,872
58454.0,PAYLOAD,59218.0,PAYLOAD,9.6362,0.0,NOMINAL,2026-03-06T21:20:40Z,144
57782.0,PAYLOAD,62073.0,PAYLOAD,9.6367,0.0,NOMINAL,2026-03-07T03:51:40Z,535
34540.0,DEBRIS,39357.0,DEBRIS,9.637,0.0,NOMINAL,2026-03-07T07:42:40Z,766
61924.0,PAYLOAD,66851.0,PAYLOAD,9.6378,0.0,NOMINAL,2026-03-07T18:05:40Z,1389
7879.0,DEBRIS,10985.0,ROCKET BODY,9.6385,0.0,NOMINAL,2026-03-07T09:21:40Z,865
6163.0,DEBRIS,8474.0,DEBRIS,9.6386,0.0,NOMINAL,2026-03-07T06:13:40Z,677
322.0,DEBRIS,1655.0,DEBRIS,9.6388,0.0,NOMINAL,2026-03-07T00:47:40Z,351
47380.0,PAYLOAD,51994.0,PAYLOAD,9.6395,0.0,NOMINAL,2026-03-07T17:28:40Z,1352
62132.0,PAYLOAD,62866.0,PAYLOAD,9.6399,0.0,NOMINAL,2026-03-07T08:39:40Z,823
59668.0,PAYLOAD,60289.0,PAYLOAD,9.6399,0.0,NOMINAL,2026-03-07T13:01:40Z,1085
4125.0,ROCKET BODY,7983.0,ROCKET BODY,9.64,0.0,NOMINAL,2026-03-07T15:35:40Z,1239
57717.0,PAYLOAD,66804.0,PAYLOAD,9.6401,0.0,NOMINAL,2026-03-06T23:25:40Z,269
56838.0,PAYLOAD,66127.0,PAYLOAD,9.6406,0.0,NOMINAL,2026-03-06T23:05:40Z,249
40042.0,PAYLOAD,63996.0,PAYLOAD,9.6408,0.0,NOMINAL,2026-03-07T04:41:40Z,585
8994.0,DEBRIS,63235.0,PAYLOAD,9.6413,0.0,NOMINAL,2026-03-07T16:27:40Z,1291
52443.0,PAYLOAD,59810.0,UNKNOWN,9.6417,0.0,NOMINAL,2026-03-07T13:03:40Z,1087
61629.0,PAYLOAD,63448.0,PAYLOAD,9.6418,0.0,NOMINAL,2026-03-07T08:55:40Z,839
35210.0,DEBRIS,55879.0,DEBRIS,9.6418,0.0,NOMINAL,2026-03-07T05:10:40Z,614
26474.0,ROCKET BODY,55284.0,PAYLOAD,9.642,0.0,NOMINAL,2026-03-07T08:30:40Z,814
53526.0,PAYLOAD,66712.0,PAYLOAD,9.6424,0.0,NOMINAL,2026-03-07T14:47:40Z,1191
58249.0,PAYLOAD,59172.0,PAYLOAD,9.6425,0.0,NOMINAL,2026-03-07T14:44:40Z,1188
3474.0,ROCKET BODY,5886.0,ROCKET BODY,9.6425,0.0,NOMINAL,2026-03-07T01:04:40Z,368
60310.0,PAYLOAD,62069.0,PAYLOAD,9.6425,0.0,NOMINAL,2026-03-06T22:26:40Z,210
61793.0,PAYLOAD,67456.0,PAYLOAD,9.643,0.0,NOMINAL,2026-03-06T20:35:40Z,99
59215.0,PAYLOAD,67037.0,PAYLOAD,9.6433,0.0,NOMINAL,2026-03-06T21:12:40Z,136
49262.0,PAYLOAD,66512.0,PAYLOAD,9.6434,0.0,NOMINAL,2026-03-07T13:19:40Z,1103
57522.0,PAYLOAD,63120.0,PAYLOAD,9.6438,0.0,NOMINAL,2026-03-06T22:22:40Z,206
59096.0,PAYLOAD,64595.0,PAYLOAD,9.6439,0.0,NOMINAL,2026-03-07T10:55:40Z,959
26756.0,DEBRIS,33973.0,DEBRIS,9.6443,0.0,NOMINAL,2026-03-07T04:15:40Z,559
59188.0,PAYLOAD,62308.0,PAYLOAD,9.6447,0.0,NOMINAL,2026-03-07T11:59:40Z,1023
64171.0,PAYLOAD,64247.0,PAYLOAD,9.6453,0.0,NOMINAL,2026-03-07T12:46:40Z,1070
65407.0,PAYLOAD,66425.0,PAYLOAD,9.6455,0.0,NOMINAL,2026-03-07T08:07:40Z,791
23533.0,PAYLOAD,30829.0,DEBRIS,9.6457,0.0,NOMINAL,2026-03-07T00:04:40Z,308
54871.0,PAYLOAD,56522.0,PAYLOAD,9.6461,0.0,NOMINAL,2026-03-06T20:35:40Z,99
62102.0,PAYLOAD,64207.0,PAYLOAD,9.6465,0.0,NOMINAL,2026-03-07T14:34:40Z,1178
65926.0,PAYLOAD,67449.0,PAYLOAD,9.6465,0.0,NOMINAL,2026-03-07T12:04:40Z,1028
41790.0,PAYLOAD,43353.0,DEBRIS,9.6467,0.0,NOMINAL,2026-03-06T23:00:40Z,244
10952.0,PAYLOAD,67612.0,PAYLOAD,9.647,0.0,NOMINAL,2026-03-07T18:30:40Z,1414
58166.0,PAYLOAD,67793.0,PAYLOAD,9.6472,0.0,NOMINAL,2026-03-07T09:34:40Z,878
22213.0,ROCKET BODY,59989.0,DEBRIS,9.6478,0.0,NOMINAL,2026-03-07T04:14:40Z,558
62109.0,PAYLOAD,63376.0,PAYLOAD,9.6481,0.0,NOMINAL,2026-03-06T23:33:40Z,277
30826.0,DEBRIS,54172.0,PAYLOAD,9.6482,0.0,NOMINAL,2026-03-07T02:15:40Z,439
2273.0,DEBRIS,29657.0,ROCKET BODY,9.6482,0.0,NOMINAL,2026-03-07T11:55:40Z,1019
57713.0,PAYLOAD,60260.0,PAYLOAD,9.6483,0.0,NOMINAL,2026-03-07T17:20:40Z,1344
57869.0,PAYLOAD,62821.0,PAYLOAD,9.6484,0.0,NOMINAL,2026-03-07T08:05:40Z,789
59669.0,PAYLOAD,60411.0,PAYLOAD,9.6487,0.0,NOMINAL,2026-03-06T22:01:40Z,185
60431.0,PAYLOAD,62997.0,PAYLOAD,9.6487,0.0,NOMINAL,2026-03-07T11:03:40Z,967
6283.0,DEBRIS,28344.0,DEBRIS,9.649,0.0,NOMINAL,2026-03-06T20:32:40Z,96
38789.0,DEBRIS,47042.0,DEBRIS,9.6491,0.0,NOMINAL,2026-03-07T06:57:40Z,721
24324.0,PAYLOAD,46461.0,PAYLOAD,9.6492,0.0,NOMINAL,2026-03-06T19:07:40Z,11
45676.0,PAYLOAD,61008.0,PAYLOAD,9.6493,0.0,NOMINAL,2026-03-07T02:15:40Z,439
65344.0,PAYLOAD,67336.0,PAYLOAD,9.6493,0.0,NOMINAL,2026-03-07T08:46:40Z,830
58231.0,PAYLOAD,58700.0,PAYLOAD,9.6498,0.0,NOMINAL,2026-03-07T02:11:40Z,435
58133.0,PAYLOAD,59392.0,PAYLOAD,9.6499,0.0,NOMINAL,2026-03-06T20:34:40Z,98
59206.0,PAYLOAD,63067.0,PAYLOAD,9.6502,0.0,NOMINAL,2026-03-06T19:01:40Z,5
48157.0,PAYLOAD,82369.0,UNKNOWN,9.6506,0.0,NOMINAL,2026-03-06T22:57:40Z,241
57218.0,PAYLOAD,57505.0,PAYLOAD,9.6516,0.0,NOMINAL,2026-03-07T06:28:40Z,692
62203.0,PAYLOAD,65510.0,PAYLOAD,9.6517,0.0,NOMINAL,2026-03-06T19:49:40Z,53
63826.0,PAYLOAD,64686.0,PAYLOAD,9.6522,0.0,NOMINAL,2026-03-07T04:07:40Z,551
37108.0,DEBRIS,43642.0,PAYLOAD,9.6522,0.0,NOMINAL,2026-03-07T16:14:40Z,1278
61723.0,PAYLOAD,63642.0,PAYLOAD,9.6525,0.0,NOMINAL,2026-03-07T02:10:40Z,434
35219.0,DEBRIS,60471.0,PAYLOAD,9.6526,0.0,NOMINAL,2026-03-07T08:39:40Z,823
59675.0,PAYLOAD,63487.0,PAYLOAD,9.6529,0.0,NOMINAL,2026-03-07T08:27:40Z,811
59420.0,PAYLOAD,63561.0,PAYLOAD,9.6529,0.0,NOMINAL,2026-03-07T13:57:40Z,1141
59081.0,PAYLOAD,62778.0,PAYLOAD,9.6529,0.0,NOMINAL,2026-03-07T01:00:40Z,364
7436.0,PAYLOAD,12538.0,DEBRIS,9.653,0.0,NOMINAL,2026-03-07T13:03:40Z,1087
48683.0,PAYLOAD,66607.0,PAYLOAD,9.6537,0.0,NOMINAL,2026-03-07T02:31:40Z,455
27469.0,DEBRIS,36606.0,ROCKET BODY,9.6537,0.0,NOMINAL,2026-03-07T00:16:40Z,320
53789.0,PAYLOAD,56387.0,PAYLOAD,9.6537,0.0,NOMINAL,2026-03-07T17:39:40Z,1363
58860.0,PAYLOAD,63419.0,PAYLOAD,9.6539,0.0,NOMINAL,2026-03-07T11:24:40Z,988
59496.0,PAYLOAD,62814.0,PAYLOAD,9.6543,0.0,NOMINAL,2026-03-07T18:20:40Z,1404
58978.0,PAYLOAD,65099.0,PAYLOAD,9.6546,0.0,NOMINAL,2026-03-07T15:12:40Z,1216
65461.0,PAYLOAD,67405.0,PAYLOAD,9.6557,0.0,NOMINAL,2026-03-07T01:43:40Z,407
42672.0,DEBRIS,63356.0,PAYLOAD,9.6562,0.0,NOMINAL,2026-03-07T02:37:40Z,461
40977.0,PAYLOAD,56891.0,PAYLOAD,9.6565,0.0,NOMINAL,2026-03-07T12:57:40Z,1081
45217.0,PAYLOAD,59647.0,PAYLOAD,9.6565,0.0,NOMINAL,2026-03-07T15:36:40Z,1240
4654.0,DEBRIS,12456.0,PAYLOAD,9.6566,0.0,NOMINAL,2026-03-06T22:57:40Z,241
63510.0,PAYLOAD,64337.0,PAYLOAD,9.6566,0.0,NOMINAL,2026-03-06T20:23:40Z,87
26444.0,DEBRIS,28349.0,DEBRIS,9.6567,0.0,NOMINAL,2026-03-07T02:13:40Z,437
57457.0,PAYLOAD,66557.0,PAYLOAD,9.657,0.0,NOMINAL,2026-03-07T09:48:40Z,892
62872.0,PAYLOAD,67191.0,PAYLOAD,9.6573,0.0,NOMINAL,2026-03-07T07:47:40Z,771
62568.0,PAYLOAD,65041.0,PAYLOAD,9.6573,0.0,NOMINAL,2026-03-07T18:40:40Z,1424
43770.0,PAYLOAD,63970.0,PAYLOAD,9.6586,0.0,NOMINAL,2026-03-07T16:00:40Z,1264
41858.0,ROCKET BODY,82189.0,UNKNOWN,9.66,0.0,NOMINAL,2026-03-07T00:23:40Z,327
58404.0,PAYLOAD,59640.0,PAYLOAD,9.6604,0.0,NOMINAL,2026-03-07T15:43:40Z,1247
21015.0,ROCKET BODY,30045.0,DEBRIS,9.6606,0.0,NOMINAL,2026-03-07T06:32:40Z,696
58010.0,PAYLOAD,66388.0,PAYLOAD,9.6608,0.0,NOMINAL,2026-03-07T10:45:40Z,949
10208.0,DEBRIS,62680.0,PAYLOAD,9.661,0.0,NOMINAL,2026-03-07T10:49:40Z,953
36047.0,DEBRIS,58753.0,PAYLOAD,9.6624,0.0,NOMINAL,2026-03-06T23:28:40Z,272
47771.0,PAYLOAD,56709.0,PAYLOAD,9.6625,0.0,NOMINAL,2026-03-07T02:08:40Z,432
59350.0,PAYLOAD,59397.0,PAYLOAD,9.6632,0.0,NOMINAL,2026-03-07T18:21:40Z,1405
62288.0,PAYLOAD,66169.0,PAYLOAD,9.6641,0.0,NOMINAL,2026-03-06T20:34:40Z,98
46074.0,PAYLOAD,56018.0,PAYLOAD,9.6652,0.0,NOMINAL,2026-03-07T10:47:40Z,951
59660.0,PAYLOAD,63034.0,PAYLOAD,9.6653,0.0,NOMINAL,2026-03-07T13:49:40Z,1133
1841.0,PAYLOAD,65629.0,PAYLOAD,9.6656,0.0,NOMINAL,2026-03-07T08:25:40Z,809
2549.0,DEBRIS,66464.0,PAYLOAD,9.6657,0.0,NOMINAL,2026-03-07T17:30:40Z,1354
37664.0,DEBRIS,37713.0,DEBRIS,9.6661,0.0,NOMINAL,2026-03-07T11:06:40Z,970
60194.0,PAYLOAD,60483.0,PAYLOAD,9.6664,0.0,NOMINAL,2026-03-07T05:35:40Z,639
60370.0,PAYLOAD,64226.0,PAYLOAD,9.6665,0.0,NOMINAL,2026-03-07T16:09:40Z,1273
59652.0,PAYLOAD,67339.0,PAYLOAD,9.667,0.0,NOMINAL,2026-03-06T22:12:40Z,196
30231.0,DEBRIS,41354.0,DEBRIS,9.6672,0.0,NOMINAL,2026-03-07T04:21:40Z,565
59309.0,PAYLOAD,60131.0,PAYLOAD,9.668,0.0,NOMINAL,2026-03-07T16:12:40Z,1276
58619.0,PAYLOAD,64607.0,PAYLOAD,9.6686,0.0,NOMINAL,2026-03-07T07:23:40Z,747
57821.0,PAYLOAD,67343.0,PAYLOAD,9.6689,0.0,NOMINAL,2026-03-07T16:00:40Z,1264
62813.0,PAYLOAD,66114.0,PAYLOAD,9.669,0.0,NOMINAL,2026-03-07T10:23:40Z,927
30753.0,DEBRIS,54943.0,DEBRIS,9.6691,0.0,NOMINAL,2026-03-07T11:55:40Z,1019
21706.0,PAYLOAD,65404.0,PAYLOAD,9.6696,0.0,NOMINAL,2026-03-07T16:45:40Z,1309
21933.0,DEBRIS,28200.0,DEBRIS,9.6705,0.0,NOMINAL,2026-03-07T17:13:40Z,1337
35043.0,DEBRIS,55940.0,PAYLOAD,9.671,0.0,NOMINAL,2026-03-07T15:47:40Z,1251
58092.0,PAYLOAD,65845.0,PAYLOAD,9.6711,0.0,NOMINAL,2026-03-07T02:42:40Z,466
58804.0,PAYLOAD,59216.0,PAYLOAD,9.6714,0.0,NOMINAL,2026-03-06T19:07:40Z,11
57993.0,PAYLOAD,59725.0,PAYLOAD,9.6714,0.0,NOMINAL,2026-03-06T21:19:40Z,143
34883.0,DEBRIS,36867.0,DEBRIS,9.6717,0.0,NOMINAL,2026-03-06T19:48:40Z,52
25991.0,PAYLOAD,35274.0,DEBRIS,9.672,0.0,NOMINAL,2026-03-07T12:25:40Z,1049
1228.0,ROCKET BODY,8328.0,ROCKET BODY,9.672,0.0,NOMINAL,2026-03-07T14:11:40Z,1155
59641.0,PAYLOAD,66639.0,PAYLOAD,9.6721,0.0,NOMINAL,2026-03-07T10:07:40Z,911
48687.0,PAYLOAD,67056.0,PAYLOAD,9.6723,0.0,NOMINAL,2026-03-07T06:27:40Z,691
59497.0,PAYLOAD,62444.0,PAYLOAD,9.6729,0.0,NOMINAL,2026-03-07T06:51:40Z,715
60249.0,PAYLOAD,66723.0,PAYLOAD,9.673,0.0,NOMINAL,2026-03-06T23:18:40Z,262
12733.0,DEBRIS,20442.0,PAYLOAD,9.6737,0.0,NOMINAL,2026-03-06T23:39:40Z,283
45275.0,DEBRIS,45324.0,DEBRIS,9.674,0.0,NOMINAL,2026-03-07T10:05:40Z,909
58077.0,PAYLOAD,66177.0,PAYLOAD,9.675,0.0,NOMINAL,2026-03-07T13:42:40Z,1126
48375.0,PAYLOAD,62656.0,UNKNOWN,9.676,0.0,NOMINAL,2026-03-07T05:34:40Z,638
54334.0,DEBRIS,63881.0,PAYLOAD,9.6766,0.0,NOMINAL,2026-03-07T09:10:40Z,854
63330.0,UNKNOWN,67217.0,PAYLOAD,9.677,0.0,NOMINAL,2026-03-06T22:44:40Z,228
60155.0,PAYLOAD,67306.0,PAYLOAD,9.6784,0.0,NOMINAL,2026-03-07T03:40:40Z,524
59188.0,PAYLOAD,65840.0,PAYLOAD,9.679,0.0,NOMINAL,2026-03-07T12:07:40Z,1031
57940.0,PAYLOAD,63641.0,PAYLOAD,9.6794,0.0,NOMINAL,2026-03-07T02:49:40Z,473
58438.0,PAYLOAD,63769.0,PAYLOAD,9.6797,0.0,NOMINAL,2026-03-07T06:22:40Z,686
59333.0,PAYLOAD,63496.0,PAYLOAD,9.6798,0.0,NOMINAL,2026-03-07T08:29:40Z,813
44310.0,UNKNOWN,63387.0,PAYLOAD,9.6807,0.0,NOMINAL,2026-03-07T15:01:40Z,1205
48659.0,PAYLOAD,64104.0,PAYLOAD,9.681,0.0,NOMINAL,2026-03-07T17:58:40Z,1382
592.0,ROCKET BODY,3457.0,PAYLOAD,9.6813,0.0,NOMINAL,2026-03-07T01:34:40Z,398
57632.0,PAYLOAD,66404.0,PAYLOAD,9.6816,0.0,NOMINAL,2026-03-07T05:53:40Z,657
8587.0,DEBRIS,60947.0,PAYLOAD,9.6819,0.0,NOMINAL,2026-03-07T16:22:40Z,1286
55357.0,PAYLOAD,65285.0,PAYLOAD,9.682,0.0,NOMINAL,2026-03-06T22:21:40Z,205
63282.0,PAYLOAD,64741.0,PAYLOAD,9.6822,0.0,NOMINAL,2026-03-07T04:16:40Z,560
55662.0,PAYLOAD,64437.0,PAYLOAD,9.6826,0.0,NOMINAL,2026-03-07T05:28:40Z,632
8946.0,DEBRIS,57147.0,PAYLOAD,9.6828,0.0,NOMINAL,2026-03-07T09:39:40Z,883
28221.0,PAYLOAD,52136.0,PAYLOAD,9.683,0.0,NOMINAL,2026-03-07T08:21:40Z,805
59679.0,UNKNOWN,61257.0,PAYLOAD,9.6832,0.0,NOMINAL,2026-03-07T03:12:40Z,496
48860.0,PAYLOAD,57075.0,PAYLOAD,9.6835,0.0,NOMINAL,2026-03-07T14:49:40Z,1193
53243.0,PAYLOAD,88808.0,TBA,9.6838,0.0,NOMINAL,2026-03-07T17:43:40Z,1367
65222.0,PAYLOAD,67315.0,PAYLOAD,9.6839,0.0,NOMINAL,2026-03-07T09:11:40Z,855
48138.0,PAYLOAD,58791.0,PAYLOAD,9.6839,0.0,NOMINAL,2026-03-07T05:02:40Z,606
58217.0,PAYLOAD,64082.0,PAYLOAD,9.6841,0.0,NOMINAL,2026-03-07T00:27:40Z,331
43159.0,PAYLOAD,48575.0,PAYLOAD,9.6856,0.0,NOMINAL,2026-03-07T09:15:40Z,859
66285.0,PAYLOAD,67462.0,PAYLOAD,9.6856,0.0,NOMINAL,2026-03-07T18:56:40Z,1440
64913.0,PAYLOAD,66494.0,PAYLOAD,9.6858,0.0,NOMINAL,2026-03-07T09:20:40Z,864
57203.0,UNKNOWN,63282.0,PAYLOAD,9.686,0.0,NOMINAL,2026-03-07T13:39:40Z,1123
59088.0,PAYLOAD,65684.0,PAYLOAD,9.6863,0.0,NOMINAL,2026-03-07T03:00:40Z,484
58495.0,PAYLOAD,66198.0,PAYLOAD,9.6863,0.0,NOMINAL,2026-03-07T14:22:40Z,1166
52122.0,PAYLOAD,54863.0,PAYLOAD,9.6871,0.0,NOMINAL,2026-03-07T07:02:40Z,726
46059.0,PAYLOAD,58190.0,PAYLOAD,9.6879,0.0,NOMINAL,2026-03-07T15:28:40Z,1232
64746.0,PAYLOAD,66334.0,PAYLOAD,9.6881,0.0,NOMINAL,2026-03-07T00:00:40Z,304
63426.0,PAYLOAD,67421.0,PAYLOAD,9.6881,0.0,NOMINAL,2026-03-06T21:20:40Z,144
59683.0,PAYLOAD,64216.0,PAYLOAD,9.6884,0.0,NOMINAL,2026-03-07T15:06:40Z,1210
58897.0,PAYLOAD,66460.0,PAYLOAD,9.6888,0.0,NOMINAL,2026-03-07T18:39:40Z,1423
65636.0,PAYLOAD,67188.0,PAYLOAD,9.6893,0.0,NOMINAL,2026-03-07T18:42:40Z,1426
58393.0,PAYLOAD,59565.0,PAYLOAD,9.6894,0.0,NOMINAL,2026-03-07T17:50:40Z,1374
67.0,PAYLOAD,1568.0,DEBRIS,9.69,0.0,NOMINAL,2026-03-07T02:03:40Z,427
2588.0,DEBRIS,5121.0,DEBRIS,9.6901,0.0,NOMINAL,2026-03-07T05:35:40Z,639
18095.0,PAYLOAD,39606.0,DEBRIS,9.6902,0.0,NOMINAL,2026-03-07T10:35:40Z,939
3110.0,DEBRIS,10350.0,DEBRIS,9.6904,0.0,NOMINAL,2026-03-07T08:43:40Z,827
66670.0,PAYLOAD,67290.0,UNKNOWN,9.6914,0.0,NOMINAL,2026-03-06T19:23:40Z,27
30846.0,DEBRIS,41715.0,DEBRIS,9.6916,0.0,NOMINAL,2026-03-07T09:30:40Z,874
64922.0,PAYLOAD,66584.0,PAYLOAD,9.692,0.0,NOMINAL,2026-03-07T04:46:40Z,590
25978.0,PAYLOAD,51060.0,PAYLOAD,9.6928,0.0,NOMINAL,2026-03-07T04:21:40Z,565
48428.0,PAYLOAD,64179.0,PAYLOAD,9.6929,0.0,NOMINAL,2026-03-07T05:57:40Z,661
49447.0,PAYLOAD,56299.0,PAYLOAD,9.6933,0.0,NOMINAL,2026-03-07T15:25:40Z,1229
58636.0,PAYLOAD,66172.0,PAYLOAD,9.6933,0.0,NOMINAL,2026-03-07T05:44:40Z,648
59580.0,PAYLOAD,66472.0,PAYLOAD,9.6936,0.0,NOMINAL,2026-03-07T10:46:40Z,950
59531.0,PAYLOAD,65203.0,PAYLOAD,9.6937,0.0,NOMINAL,2026-03-07T02:49:40Z,473
29960.0,DEBRIS,58818.0,ROCKET BODY,9.6938,0.0,NOMINAL,2026-03-07T17:53:40Z,1377
58873.0,PAYLOAD,62050.0,PAYLOAD,9.6938,0.0,NOMINAL,2026-03-07T09:44:40Z,888
48219.0,PAYLOAD,49210.0,PAYLOAD,9.6941,0.0,NOMINAL,2026-03-07T00:32:40Z,336
59358.0,PAYLOAD,66432.0,PAYLOAD,9.6949,0.0,NOMINAL,2026-03-07T18:33:40Z,1417
620.0,ROCKET BODY,8359.0,DEBRIS,9.6957,0.0,NOMINAL,2026-03-07T11:55:40Z,1019
47656.0,PAYLOAD,63970.0,PAYLOAD,9.6958,0.0,NOMINAL,2026-03-07T11:44:40Z,1008
57971.0,PAYLOAD,63577.0,PAYLOAD,9.6962,0.0,NOMINAL,2026-03-07T16:33:40Z,1297
47351.0,PAYLOAD,63962.0,PAYLOAD,9.6967,0.0,NOMINAL,2026-03-06T20:38:40Z,102
2743.0,PAYLOAD,6335.0,DEBRIS,9.6967,0.0,NOMINAL,2026-03-07T07:12:40Z,736
62726.0,UNKNOWN,88233.0,UNKNOWN,9.6971,0.0,NOMINAL,2026-03-07T14:54:40Z,1198
29918.0,DEBRIS,41536.0,DEBRIS,9.6973,0.0,NOMINAL,2026-03-06T20:28:40Z,92
45383.0,PAYLOAD,46293.0,PAYLOAD,9.6974,0.0,NOMINAL,2026-03-07T12:30:40Z,1054
30922.0,DEBRIS,41402.0,DEBRIS,9.6977,0.0,NOMINAL,2026-03-07T14:53:40Z,1197
64204.0,PAYLOAD,66528.0,PAYLOAD,9.6981,0.0,NOMINAL,2026-03-07T04:27:40Z,571
48596.0,PAYLOAD,64922.0,PAYLOAD,9.6984,0.0,NOMINAL,2026-03-07T03:57:40Z,541
6836.0,PAYLOAD,63755.0,PAYLOAD,9.6986,0.0,NOMINAL,2026-03-07T06:36:40Z,700
58826.0,PAYLOAD,59904.0,PAYLOAD,9.6987,0.0,NOMINAL,2026-03-07T01:33:40Z,397
66182.0,PAYLOAD,67331.0,PAYLOAD,9.6991,0.0,NOMINAL,2026-03-07T06:47:40Z,711
39670.0,DEBRIS,43250.0,PAYLOAD,9.6993,0.0,NOMINAL,2026-03-06T20:41:40Z,105
49123.0,ROCKET BODY,61260.0,PAYLOAD,9.6995,0.0,NOMINAL,2026-03-07T16:08:40Z,1272
58786.0,PAYLOAD,59488.0,PAYLOAD,9.6997,0.0,NOMINAL,2026-03-06T20:38:40Z,102
48138.0,PAYLOAD,59253.0,PAYLOAD,9.7,0.0,NOMINAL,2026-03-06T23:46:40Z,290
29872.0,DEBRIS,30016.0,DEBRIS,9.7009,0.0,NOMINAL,2026-03-07T08:57:40Z,841
61546.0,PAYLOAD,63583.0,PAYLOAD,9.7011,0.0,NOMINAL,2026-03-07T05:59:40Z,663
36146.0,DEBRIS,61571.0,PAYLOAD,9.7016,0.0,NOMINAL,2026-03-07T08:13:40Z,797
59417.0,PAYLOAD,67113.0,PAYLOAD,9.7018,0.0,NOMINAL,2026-03-07T07:34:40Z,758
48607.0,DEBRIS,60241.0,UNKNOWN,9.703,0.0,NOMINAL,2026-03-06T19:17:40Z,21
59081.0,PAYLOAD,67320.0,PAYLOAD,9.7031,0.0,NOMINAL,2026-03-07T16:10:40Z,1274
55891.0,DEBRIS,56683.0,DEBRIS,9.7036,0.0,NOMINAL,2026-03-07T05:13:40Z,617
53023.0,PAYLOAD,56903.0,PAYLOAD,9.7038,0.0,NOMINAL,2026-03-06T21:05:40Z,129
41853.0,PAYLOAD,47231.0,PAYLOAD,9.7045,0.0,NOMINAL,2026-03-07T14:07:40Z,1151
60576.0,PAYLOAD,63153.0,PAYLOAD,9.7049,0.0,NOMINAL,2026-03-07T12:42:40Z,1066
47376.0,PAYLOAD,52483.0,PAYLOAD,9.7049,0.0,NOMINAL,2026-03-07T17:56:40Z,1380
4138.0,PAYLOAD,38666.0,DEBRIS,9.7055,0.0,NOMINAL,2026-03-07T15:47:40Z,1251
61892.0,PAYLOAD,66474.0,PAYLOAD,9.7069,0.0,NOMINAL,2026-03-07T01:05:40Z,369
57704.0,PAYLOAD,58076.0,PAYLOAD,9.7079,0.0,NOMINAL,2026-03-07T15:49:40Z,1253
63976.0,PAYLOAD,66232.0,PAYLOAD,9.7082,0.0,NOMINAL,2026-03-07T18:23:40Z,1407
41159.0,DEBRIS,42386.0,DEBRIS,9.7082,0.0,NOMINAL,2026-03-07T13:14:40Z,1098
62859.0,PAYLOAD,64332.0,PAYLOAD,9.709,0.0,NOMINAL,2026-03-07T01:23:40Z,387
48386.0,PAYLOAD,57702.0,PAYLOAD,9.71,0.0,NOMINAL,2026-03-06T23:53:40Z,297
12265.0,DEBRIS,65054.0,ROCKET BODY,9.71,0.0,NOMINAL,2026-03-07T13:45:40Z,1129
32786.0,PAYLOAD,55309.0,PAYLOAD,9.7103,0.0,NOMINAL,2026-03-07T13:59:40Z,1143
61862.0,PAYLOAD,64264.0,PAYLOAD,9.7106,0.0,NOMINAL,2026-03-07T15:34:40Z,1238
6040.0,DEBRIS,10532.0,ROCKET BODY,9.7106,0.0,NOMINAL,2026-03-07T07:25:40Z,749
53213.0,PAYLOAD,64792.0,PAYLOAD,9.7113,0.0,NOMINAL,2026-03-07T17:43:40Z,1367
57529.0,PAYLOAD,66901.0,PAYLOAD,9.7116,0.0,NOMINAL,2026-03-07T15:24:40Z,1228
42990.0,PAYLOAD,43808.0,PAYLOAD,9.7116,0.0,NOMINAL,2026-03-07T14:44:40Z,1188
63912.0,PAYLOAD,64602.0,PAYLOAD,9.7117,0.0,NOMINAL,2026-03-07T05:06:40Z,610
64332.0,PAYLOAD,65825.0,PAYLOAD,9.7122,0.0,NOMINAL,2026-03-07T15:03:40Z,1207
12803.0,PAYLOAD,87214.0,UNKNOWN,9.7131,0.0,NOMINAL,2026-03-07T02:11:40Z,435
48592.0,PAYLOAD,54055.0,PAYLOAD,9.7132,0.0,NOMINAL,2026-03-07T13:07:40Z,1091
59209.0,PAYLOAD,67058.0,PAYLOAD,9.7134,0.0,NOMINAL,2026-03-07T11:23:40Z,987
59503.0,PAYLOAD,65216.0,PAYLOAD,9.7138,0.0,NOMINAL,2026-03-07T00:35:40Z,339
45374.0,PAYLOAD,63400.0,PAYLOAD,9.7146,0.0,NOMINAL,2026-03-06T20:31:40Z,95
63019.0,PAYLOAD,63495.0,PAYLOAD,9.715,0.0,NOMINAL,2026-03-06T19:52:40Z,56
1096.0,PAYLOAD,9915.0,DEBRIS,9.715,0.0,NOMINAL,2026-03-07T01:10:40Z,374
63903.0,PAYLOAD,65211.0,PAYLOAD,9.7154,0.0,NOMINAL,2026-03-06T19:05:40Z,9
44949.0,PAYLOAD,59038.0,PAYLOAD,9.7154,0.0,NOMINAL,2026-03-07T12:16:40Z,1040
1862.0,DEBRIS,66632.0,PAYLOAD,9.7155,0.0,NOMINAL,2026-03-06T22:14:40Z,198
34634.0,DEBRIS,37450.0,DEBRIS,9.7156,0.0,NOMINAL,2026-03-07T08:50:40Z,834
64335.0,PAYLOAD,64741.0,PAYLOAD,9.7159,0.0,NOMINAL,2026-03-07T12:36:40Z,1060
5138.0,DEBRIS,65152.0,PAYLOAD,9.716,0.0,NOMINAL,2026-03-07T14:54:40Z,1198
57509.0,PAYLOAD,58438.0,PAYLOAD,9.7164,0.0,NOMINAL,2026-03-07T01:37:40Z,401
1264.0,DEBRIS,64133.0,PAYLOAD,9.7164,0.0,NOMINAL,2026-03-07T05:55:40Z,659
33316.0,PAYLOAD,58220.0,PAYLOAD,9.7185,0.0,NOMINAL,2026-03-07T01:11:40Z,375
43534.0,DEBRIS,56700.0,PAYLOAD,9.7194,0.0,NOMINAL,2026-03-07T10:53:40Z,957
58211.0,PAYLOAD,59878.0,PAYLOAD,9.72,0.0,NOMINAL,2026-03-07T10:27:40Z,931
63848.0,PAYLOAD,66938.0,PAYLOAD,9.7205,0.0,NOMINAL,2026-03-07T14:48:40Z,1192
43169.0,PAYLOAD,54831.0,PAYLOAD,9.721,0.0,NOMINAL,2026-03-07T12:49:40Z,1073
58131.0,PAYLOAD,65910.0,PAYLOAD,9.721,0.0,NOMINAL,2026-03-06T23:21:40Z,265
62482.0,PAYLOAD,63577.0,PAYLOAD,9.7213,0.0,NOMINAL,2026-03-07T14:16:40Z,1160
63419.0,PAYLOAD,66115.0,PAYLOAD,9.7218,0.0,NOMINAL,2026-03-07T10:16:40Z,920
59423.0,PAYLOAD,62470.0,PAYLOAD,9.7219,0.0,NOMINAL,2026-03-06T19:01:40Z,5
48433.0,PAYLOAD,49730.0,PAYLOAD,9.722,0.0,NOMINAL,2026-03-07T13:25:40Z,1109
35270.0,DEBRIS,64203.0,PAYLOAD,9.7222,0.0,NOMINAL,2026-03-07T08:12:40Z,796
41468.0,ROCKET BODY,57811.0,PAYLOAD,9.7225,0.0,NOMINAL,2026-03-07T07:27:40Z,751
41211.0,DEBRIS,57578.0,DEBRIS,9.7229,0.0,NOMINAL,2026-03-07T02:45:40Z,469
57465.0,PAYLOAD,59925.0,PAYLOAD,9.7236,0.0,NOMINAL,2026-03-07T03:20:40Z,504
61779.0,PAYLOAD,65850.0,PAYLOAD,9.7236,0.0,NOMINAL,2026-03-06T23:48:40Z,292
53526.0,PAYLOAD,57456.0,PAYLOAD,9.7241,0.0,NOMINAL,2026-03-07T08:16:40Z,800
61861.0,PAYLOAD,66459.0,PAYLOAD,9.7243,0.0,NOMINAL,2026-03-07T17:32:40Z,1356
58321.0,PAYLOAD,65515.0,PAYLOAD,9.7248,0.0,NOMINAL,2026-03-07T00:38:40Z,342
47379.0,PAYLOAD,59402.0,PAYLOAD,9.725,0.0,NOMINAL,2026-03-07T13:11:40Z,1095
39418.0,PAYLOAD,53531.0,PAYLOAD,9.7255,0.0,NOMINAL,2026-03-07T14:10:40Z,1154
62282.0,PAYLOAD,66791.0,PAYLOAD,9.7262,0.0,NOMINAL,2026-03-07T11:39:40Z,1003
51957.0,PAYLOAD,65670.0,PAYLOAD,9.7264,0.0,NOMINAL,2026-03-07T08:35:40Z,819
59027.0,PAYLOAD,65331.0,PAYLOAD,9.7267,0.0,NOMINAL,2026-03-07T13:39:40Z,1123
52268.0,PAYLOAD,88210.0,UNKNOWN,9.7268,0.0,NOMINAL,2026-03-07T13:29:40Z,1113
56893.0,PAYLOAD,65597.0,PAYLOAD,9.727,0.0,NOMINAL,2026-03-06T23:40:40Z,284
44714.0,PAYLOAD,65373.0,PAYLOAD,9.7276,0.0,NOMINAL,2026-03-06T19:36:40Z,40
63968.0,PAYLOAD,66123.0,PAYLOAD,9.7277,0.0,NOMINAL,2026-03-07T13:33:40Z,1117
1451.0,ROCKET BODY,10405.0,DEBRIS,9.7281,0.0,NOMINAL,2026-03-07T00:18:40Z,322
59932.0,PAYLOAD,62768.0,PAYLOAD,9.7282,0.0,NOMINAL,2026-03-07T07:24:40Z,748
3688.0,DEBRIS,63208.0,PAYLOAD,9.7286,0.0,NOMINAL,2026-03-07T10:51:40Z,955
9543.0,DEBRIS,62080.0,PAYLOAD,9.7298,0.0,NOMINAL,2026-03-07T07:17:40Z,741
57855.0,PAYLOAD,58095.0,PAYLOAD,9.7298,0.0,NOMINAL,2026-03-07T02:47:40Z,471
5401.0,PAYLOAD,62333.0,PAYLOAD,9.7314,0.0,NOMINAL,2026-03-07T00:58:40Z,362
10282.0,PAYLOAD,14174.0,PAYLOAD,9.7318,0.0,NOMINAL,2026-03-07T02:39:40Z,463
54332.0,DEBRIS,270294.0,UNKNOWN,9.732,0.0,NOMINAL,2026-03-07T15:50:40Z,1254
59579.0,PAYLOAD,65907.0,PAYLOAD,9.7326,0.0,NOMINAL,2026-03-07T05:17:40Z,621
4421.0,DEBRIS,31559.0,DEBRIS,9.7327,0.0,NOMINAL,2026-03-07T13:53:40Z,1137
57188.0,UNKNOWN,67286.0,UNKNOWN,9.7328,0.0,NOMINAL,2026-03-07T05:55:40Z,659
31240.0,DEBRIS,39630.0,PAYLOAD,9.7329,0.0,NOMINAL,2026-03-07T18:33:40Z,1417
2832.0,PAYLOAD,11260.0,ROCKET BODY,9.7331,0.0,NOMINAL,2026-03-07T06:10:40Z,674
57875.0,PAYLOAD,63642.0,PAYLOAD,9.7334,0.0,NOMINAL,2026-03-06T18:56:40Z,0
59180.0,PAYLOAD,61727.0,PAYLOAD,9.7337,0.0,NOMINAL,2026-03-07T15:34:40Z,1238
48355.0,PAYLOAD,66563.0,PAYLOAD,9.7339,0.0,NOMINAL,2026-03-06T20:51:40Z,115
48361.0,PAYLOAD,59737.0,PAYLOAD,9.7342,0.0,NOMINAL,2026-03-07T17:21:40Z,1345
58443.0,PAYLOAD,58527.0,PAYLOAD,9.7344,0.0,NOMINAL,2026-03-07T00:36:40Z,340
59399.0,PAYLOAD,66850.0,PAYLOAD,9.7344,0.0,NOMINAL,2026-03-07T17:57:40Z,1381
5058.0,DEBRIS,54548.0,DEBRIS,9.7347,0.0,NOMINAL,2026-03-07T12:19:40Z,1043
9287.0,DEBRIS,65827.0,PAYLOAD,9.7348,0.0,NOMINAL,2026-03-07T14:02:40Z,1146
59182.0,PAYLOAD,63794.0,PAYLOAD,9.735,0.0,NOMINAL,2026-03-07T14:29:40Z,1173
59938.0,PAYLOAD,67298.0,UNKNOWN,9.7352,0.0,NOMINAL,2026-03-07T04:44:40Z,588
65698.0,PAYLOAD,67775.0,PAYLOAD,9.7362,0.0,NOMINAL,2026-03-07T17:46:40Z,1370
62206.0,PAYLOAD,65736.0,PAYLOAD,9.7366,0.0,NOMINAL,2026-03-07T15:18:40Z,1222
59652.0,PAYLOAD,65200.0,PAYLOAD,9.7368,0.0,NOMINAL,2026-03-06T23:29:40Z,273
58045.0,PAYLOAD,67467.0,PAYLOAD,9.7368,0.0,NOMINAL,2026-03-07T08:39:40Z,823
733.0,ROCKET BODY,29804.0,DEBRIS,9.7369,0.0,NOMINAL,2026-03-06T19:36:40Z,40
58781.0,PAYLOAD,59415.0,PAYLOAD,9.7375,0.0,NOMINAL,2026-03-07T06:23:40Z,687
58459.0,PAYLOAD,64449.0,PAYLOAD,9.7378,0.0,NOMINAL,2026-03-07T04:44:40Z,588
64685.0,PAYLOAD,66792.0,PAYLOAD,9.7383,0.0,NOMINAL,2026-03-07T08:31:40Z,815
58863.0,PAYLOAD,66074.0,PAYLOAD,9.739,0.0,NOMINAL,2026-03-07T18:20:40Z,1404
59653.0,PAYLOAD,63219.0,UNKNOWN,9.7406,0.0,NOMINAL,2026-03-06T23:16:40Z,260
40969.0,PAYLOAD,63373.0,PAYLOAD,9.7408,0.0,NOMINAL,2026-03-07T05:44:40Z,648
57828.0,PAYLOAD,63802.0,PAYLOAD,9.7408,0.0,NOMINAL,2026-03-07T15:34:40Z,1238
59392.0,PAYLOAD,66069.0,PAYLOAD,9.7419,0.0,NOMINAL,2026-03-07T11:41:40Z,1005
30696.0,DEBRIS,64662.0,DEBRIS,9.7422,0.0,NOMINAL,2026-03-07T03:13:40Z,497
27847.0,PAYLOAD,38491.0,DEBRIS,9.7422,0.0,NOMINAL,2026-03-07T02:24:40Z,448
48562.0,PAYLOAD,66381.0,PAYLOAD,9.7426,0.0,NOMINAL,2026-03-07T17:49:40Z,1373
48564.0,PAYLOAD,59405.0,PAYLOAD,9.7429,0.0,NOMINAL,2026-03-07T18:34:40Z,1418
54763.0,PAYLOAD,65972.0,ROCKET BODY,9.7431,0.0,NOMINAL,2026-03-07T01:00:40Z,364
56289.0,PAYLOAD,58793.0,PAYLOAD,9.7446,0.0,NOMINAL,2026-03-07T10:49:40Z,953
53543.0,PAYLOAD,58297.0,PAYLOAD,9.7458,0.0,NOMINAL,2026-03-07T14:26:40Z,1170
61122.0,DEBRIS,61807.0,DEBRIS,9.7465,0.0,NOMINAL,2026-03-07T03:45:40Z,529
58807.0,PAYLOAD,60434.0,PAYLOAD,9.7466,0.0,NOMINAL,2026-03-06T19:37:40Z,41
58681.0,PAYLOAD,66814.0,PAYLOAD,9.7466,0.0,NOMINAL,2026-03-07T16:26:40Z,1290
63122.0,PAYLOAD,67129.0,PAYLOAD,9.7467,0.0,NOMINAL,2026-03-07T06:03:40Z,667
48686.0,PAYLOAD,58063.0,PAYLOAD,9.747,0.0,NOMINAL,2026-03-07T15:26:40Z,1230
42756.0,PAYLOAD,62907.0,PAYLOAD,9.7478,0.0,NOMINAL,2026-03-07T14:39:40Z,1183
1118.0,DEBRIS,6198.0,DEBRIS,9.7479,0.0,NOMINAL,2026-03-07T18:29:40Z,1413
59387.0,PAYLOAD,59925.0,PAYLOAD,9.7479,0.0,NOMINAL,2026-03-07T01:40:40Z,404
57172.0,UNKNOWN,66708.0,PAYLOAD,9.7487,0.0,NOMINAL,2026-03-07T14:42:40Z,1186
52357.0,PAYLOAD,57414.0,PAYLOAD,9.7495,0.0,NOMINAL,2026-03-07T13:13:40Z,1097
64091.0,UNKNOWN,66667.0,PAYLOAD,9.7496,0.0,NOMINAL,2026-03-06T20:59:40Z,123
57786.0,PAYLOAD,57973.0,PAYLOAD,9.7496,0.0,NOMINAL,2026-03-06T19:48:40Z,52
58421.0,PAYLOAD,61922.0,PAYLOAD,9.7497,0.0,NOMINAL,2026-03-07T17:10:40Z,1334
58822.0,UNKNOWN,62640.0,PAYLOAD,9.7498,0.0,NOMINAL,2026-03-07T14:23:40Z,1167
63720.0,PAYLOAD,66554.0,PAYLOAD,9.75,0.0,NOMINAL,2026-03-07T12:27:40Z,1051
28737.0,PAYLOAD,53128.0,PAYLOAD,9.75,0.0,NOMINAL,2026-03-06T20:32:40Z,96
61260.0,PAYLOAD,66805.0,PAYLOAD,9.7501,0.0,NOMINAL,2026-03-07T09:46:40Z,890
37770.0,DEBRIS,270086.0,UNKNOWN,9.7508,0.0,NOMINAL,2026-03-07T10:33:40Z,937
62281.0,PAYLOAD,62963.0,PAYLOAD,9.7517,0.0,NOMINAL,2026-03-07T10:30:40Z,934
62859.0,PAYLOAD,63590.0,PAYLOAD,9.7519,0.0,NOMINAL,2026-03-07T16:14:40Z,1278
58440.0,PAYLOAD,66204.0,PAYLOAD,9.7523,0.0,NOMINAL,2026-03-07T12:25:40Z,1049
46083.0,PAYLOAD,52986.0,PAYLOAD,9.7524,0.0,NOMINAL,2026-03-07T01:54:40Z,418
61672.0,PAYLOAD,63219.0,UNKNOWN,9.7524,0.0,NOMINAL,2026-03-06T23:48:40Z,292
63709.0,PAYLOAD,63805.0,PAYLOAD,9.7531,0.0,NOMINAL,2026-03-07T16:46:40Z,1310
63788.0,PAYLOAD,66123.0,PAYLOAD,9.7546,0.0,NOMINAL,2026-03-06T19:27:40Z,31
48120.0,PAYLOAD,61637.0,PAYLOAD,9.7546,0.0,NOMINAL,2026-03-07T02:36:40Z,460
5426.0,DEBRIS,58905.0,PAYLOAD,9.7553,0.0,NOMINAL,2026-03-07T08:20:40Z,804
35824.0,DEBRIS,87334.0,UNKNOWN,9.7554,0.0,NOMINAL,2026-03-07T17:46:40Z,1370
22415.0,DEBRIS,61097.0,DEBRIS,9.7563,0.0,NOMINAL,2026-03-07T06:23:40Z,687
6275.0,PAYLOAD,48083.0,PAYLOAD,9.7563,0.0,NOMINAL,2026-03-06T22:47:40Z,231
50993.0,PAYLOAD,67328.0,PAYLOAD,9.7566,0.0,NOMINAL,2026-03-06T19:34:40Z,38
61632.0,PAYLOAD,67113.0,PAYLOAD,9.7568,0.0,NOMINAL,2026-03-07T14:03:40Z,1147
37466.0,DEBRIS,39323.0,DEBRIS,9.7568,0.0,NOMINAL,2026-03-07T06:26:40Z,690
63842.0,PAYLOAD,65345.0,PAYLOAD,9.7569,0.0,NOMINAL,2026-03-07T00:40:40Z,344
57907.0,PAYLOAD,64862.0,PAYLOAD,9.7578,0.0,NOMINAL,2026-03-06T20:25:40Z,89
58114.0,PAYLOAD,63967.0,PAYLOAD,9.7588,0.0,NOMINAL,2026-03-07T13:54:40Z,1138
57853.0,PAYLOAD,58596.0,PAYLOAD,9.7589,0.0,NOMINAL,2026-03-07T11:52:40Z,1016
58855.0,PAYLOAD,66505.0,PAYLOAD,9.7589,0.0,NOMINAL,2026-03-07T12:13:40Z,1037
49028.0,PAYLOAD,88806.0,TBA,9.7589,0.0,NOMINAL,2026-03-06T22:08:40Z,192
4578.0,PAYLOAD,32304.0,DEBRIS,9.7601,0.0,NOMINAL,2026-03-06T22:55:40Z,239
60034.0,PAYLOAD,66876.0,PAYLOAD,9.7606,0.0,NOMINAL,2026-03-07T13:41:40Z,1125
43430.0,DEBRIS,52155.0,UNKNOWN,9.7611,0.0,NOMINAL,2026-03-06T19:08:40Z,12
43799.0,PAYLOAD,59549.0,PAYLOAD,9.7614,0.0,NOMINAL,2026-03-07T11:36:40Z,1000
3568.0,DEBRIS,63939.0,PAYLOAD,9.7626,0.0,NOMINAL,2026-03-07T12:45:40Z,1069
62614.0,UNKNOWN,63008.0,PAYLOAD,9.7629,0.0,NOMINAL,2026-03-06T19:15:40Z,19
48119.0,PAYLOAD,52665.0,PAYLOAD,9.7632,0.0,NOMINAL,2026-03-07T14:10:40Z,1154
47486.0,PAYLOAD,62860.0,PAYLOAD,9.7644,0.0,NOMINAL,2026-03-07T06:49:40Z,713
37127.0,DEBRIS,53216.0,PAYLOAD,9.7644,0.0,NOMINAL,2026-03-06T23:11:40Z,255
56289.0,PAYLOAD,67459.0,PAYLOAD,9.7645,0.0,NOMINAL,2026-03-07T10:53:40Z,957
45581.0,PAYLOAD,66100.0,PAYLOAD,9.7648,0.0,NOMINAL,2026-03-07T15:06:40Z,1210
53191.0,PAYLOAD,56695.0,PAYLOAD,9.7651,0.0,NOMINAL,2026-03-06T22:32:40Z,216
5175.0,ROCKET BODY,35618.0,DEBRIS,9.7652,0.0,NOMINAL,2026-03-06T20:47:40Z,111
40019.0,PAYLOAD,40959.0,PAYLOAD,9.7654,0.0,NOMINAL,2026-03-06T20:43:40Z,107
6447.0,ROCKET BODY,13098.0,ROCKET BODY,9.7656,0.0,NOMINAL,2026-03-07T05:28:40Z,632
12725.0,DEBRIS,17360.0,ROCKET BODY,9.766,0.0,NOMINAL,2026-03-06T19:40:40Z,44
56140.0,PAYLOAD,57137.0,PAYLOAD,9.7688,0.0,NOMINAL,2026-03-07T16:32:40Z,1296
62824.0,PAYLOAD,63809.0,PAYLOAD,9.7701,0.0,NOMINAL,2026-03-07T05:20:40Z,624
28893.0,PAYLOAD,37719.0,DEBRIS,9.7704,0.0,NOMINAL,2026-03-07T05:52:40Z,656
44882.0,UNKNOWN,52275.0,PAYLOAD,9.7709,0.0,NOMINAL,2026-03-07T16:54:40Z,1318
3574.0,PAYLOAD,6336.0,DEBRIS,9.7713,0.0,NOMINAL,2026-03-07T02:05:40Z,429
3457.0,PAYLOAD,11066.0,ROCKET BODY,9.7714,0.0,NOMINAL,2026-03-07T06:10:40Z,674
48283.0,PAYLOAD,62729.0,UNKNOWN,9.7715,0.0,NOMINAL,2026-03-07T15:05:40Z,1209
24151.0,DEBRIS,26158.0,DEBRIS,9.7715,0.0,NOMINAL,2026-03-06T21:10:40Z,134
3230.0,ROCKET BODY,59049.0,DEBRIS,9.7722,0.0,NOMINAL,2026-03-07T07:58:40Z,782
5246.0,PAYLOAD,6790.0,ROCKET BODY,9.7739,0.0,NOMINAL,2026-03-07T03:07:40Z,491
59215.0,PAYLOAD,67184.0,PAYLOAD,9.7739,0.0,NOMINAL,2026-03-07T08:43:40Z,827
31754.0,DEBRIS,41379.0,DEBRIS,9.7741,0.0,NOMINAL,2026-03-07T06:24:40Z,688
53208.0,PAYLOAD,56794.0,PAYLOAD,9.7742,0.0,NOMINAL,2026-03-07T06:31:40Z,695
48286.0,PAYLOAD,61638.0,PAYLOAD,9.7748,0.0,NOMINAL,2026-03-07T01:37:40Z,401
31209.0,DEBRIS,41214.0,DEBRIS,9.7752,0.0,NOMINAL,2026-03-07T16:54:40Z,1318
31825.0,DEBRIS,38162.0,DEBRIS,9.7759,0.0,NOMINAL,2026-03-07T02:09:40Z,433
43763.0,PAYLOAD,64161.0,PAYLOAD,9.7783,0.0,NOMINAL,2026-03-07T00:04:40Z,308
59617.0,PAYLOAD,65215.0,PAYLOAD,9.7784,0.0,NOMINAL,2026-03-07T07:02:40Z,726
55724.0,DEBRIS,67569.0,PAYLOAD,9.7787,0.0,NOMINAL,2026-03-07T11:30:40Z,994
12962.0,DEBRIS,64058.0,PAYLOAD,9.7794,0.0,NOMINAL,2026-03-07T07:03:40Z,727
66654.0,UNKNOWN,66661.0,UNKNOWN,9.7794,0.0,NOMINAL,2026-03-07T04:16:40Z,560
7890.0,DEBRIS,56558.0,PAYLOAD,9.7798,0.0,NOMINAL,2026-03-06T22:28:40Z,212
52359.0,PAYLOAD,56534.0,PAYLOAD,9.7798,0.0,NOMINAL,2026-03-07T05:27:40Z,631
4004.0,DEBRIS,270085.0,UNKNOWN,9.7799,0.0,NOMINAL,2026-03-07T11:38:40Z,1002
59863.0,PAYLOAD,62320.0,PAYLOAD,9.7804,0.0,NOMINAL,2026-03-06T22:39:40Z,223
66173.0,PAYLOAD,66815.0,PAYLOAD,9.7805,0.0,NOMINAL,2026-03-07T16:55:40Z,1319
49408.0,PAYLOAD,63954.0,PAYLOAD,9.7806,0.0,NOMINAL,2026-03-07T15:48:40Z,1252
31748.0,DEBRIS,43236.0,PAYLOAD,9.7808,0.0,NOMINAL,2026-03-07T18:30:40Z,1414
57728.0,PAYLOAD,58372.0,PAYLOAD,9.781,0.0,NOMINAL,2026-03-07T15:55:40Z,1259
66222.0,PAYLOAD,66347.0,PAYLOAD,9.7813,0.0,NOMINAL,2026-03-07T08:23:40Z,807
2746.0,DEBRIS,3067.0,PAYLOAD,9.7813,0.0,NOMINAL,2026-03-07T06:21:40Z,685
48577.0,PAYLOAD,62382.0,PAYLOAD,9.7822,0.0,NOMINAL,2026-03-07T04:50:40Z,594
51116.0,PAYLOAD,57135.0,PAYLOAD,9.7825,0.0,NOMINAL,2026-03-06T23:40:40Z,284
52347.0,PAYLOAD,56541.0,PAYLOAD,9.7831,0.0,NOMINAL,2026-03-07T18:07:40Z,1391
54479.0,DEBRIS,54524.0,DEBRIS,9.7834,0.0,NOMINAL,2026-03-07T16:29:40Z,1293
28454.0,PAYLOAD,39606.0,DEBRIS,9.7835,0.0,NOMINAL,2026-03-07T00:32:40Z,336
64078.0,PAYLOAD,66182.0,PAYLOAD,9.7836,0.0,NOMINAL,2026-03-07T14:19:40Z,1163
64066.0,PAYLOAD,67583.0,PAYLOAD,9.7837,0.0,NOMINAL,2026-03-07T00:37:40Z,341
8460.0,DEBRIS,10006.0,DEBRIS,9.7838,0.0,NOMINAL,2026-03-07T00:24:40Z,328
43766.0,PAYLOAD,58838.0,PAYLOAD,9.7843,0.0,NOMINAL,2026-03-07T05:55:40Z,659
53876.0,PAYLOAD,53947.0,PAYLOAD,9.7856,0.0,NOMINAL,2026-03-07T16:51:40Z,1315
42849.0,UNKNOWN,53183.0,PAYLOAD,9.7861,0.0,NOMINAL,2026-03-06T23:05:40Z,249
61903.0,UNKNOWN,67292.0,UNKNOWN,9.7862,0.0,NOMINAL,2026-03-07T02:22:40Z,446
31165.0,DEBRIS,54630.0,DEBRIS,9.7863,0.0,NOMINAL,2026-03-07T08:07:40Z,791
58486.0,PAYLOAD,64776.0,PAYLOAD,9.7866,0.0,NOMINAL,2026-03-07T17:16:40Z,1340
59564.0,PAYLOAD,64116.0,PAYLOAD,9.7868,0.0,NOMINAL,2026-03-06T21:56:40Z,180
59358.0,PAYLOAD,64010.0,PAYLOAD,9.7873,0.0,NOMINAL,2026-03-07T08:30:40Z,814
60026.0,PAYLOAD,65680.0,PAYLOAD,9.7893,0.0,NOMINAL,2026-03-07T05:38:40Z,642
12825.0,DEBRIS,20826.0,PAYLOAD,9.7895,0.0,NOMINAL,2026-03-07T12:22:40Z,1046
66292.0,PAYLOAD,67520.0,PAYLOAD,9.7895,0.0,NOMINAL,2026-03-07T16:42:40Z,1306
62055.0,PAYLOAD,65462.0,PAYLOAD,9.7899,0.0,NOMINAL,2026-03-07T04:25:40Z,569
52658.0,PAYLOAD,56134.0,PAYLOAD,9.7903,0.0,NOMINAL,2026-03-07T06:44:40Z,708
63280.0,PAYLOAD,67418.0,PAYLOAD,9.7907,0.0,NOMINAL,2026-03-06T19:31:40Z,35
3076.0,DEBRIS,8126.0,DEBRIS,9.7908,0.0,NOMINAL,2026-03-07T07:00:40Z,724
57919.0,PAYLOAD,67309.0,PAYLOAD,9.791,0.0,NOMINAL,2026-03-07T15:29:40Z,1233
56947.0,PAYLOAD,63317.0,PAYLOAD,9.7922,0.0,NOMINAL,2026-03-06T20:35:40Z,99
66716.0,PAYLOAD,67250.0,UNKNOWN,9.7924,0.0,NOMINAL,2026-03-07T10:43:40Z,947
19531.0,PAYLOAD,30242.0,DEBRIS,9.7931,0.0,NOMINAL,2026-03-06T19:10:40Z,14
53491.0,PAYLOAD,63870.0,PAYLOAD,9.7936,0.0,NOMINAL,2026-03-07T08:08:40Z,792
4730.0,DEBRIS,52488.0,PAYLOAD,9.794,0.0,NOMINAL,2026-03-07T12:41:40Z,1065
5909.0,DEBRIS,10384.0,DEBRIS,9.7942,0.0,NOMINAL,2026-03-07T17:30:40Z,1354
55878.0,DEBRIS,60015.0,UNKNOWN,9.7944,0.0,NOMINAL,2026-03-07T13:43:40Z,1127
59085.0,PAYLOAD,66074.0,PAYLOAD,9.7949,0.0,NOMINAL,2026-03-07T00:55:40Z,359
48371.0,PAYLOAD,67172.0,PAYLOAD,9.7959,0.0,NOMINAL,2026-03-06T23:18:40Z,262
59238.0,PAYLOAD,67783.0,PAYLOAD,9.7972,0.0,NOMINAL,2026-03-07T02:13:40Z,437
45071.0,PAYLOAD,64212.0,PAYLOAD,9.7975,0.0,NOMINAL,2026-03-07T07:15:40Z,739
6132.0,DEBRIS,6721.0,DEBRIS,9.7979,0.0,NOMINAL,2026-03-07T04:03:40Z,547
57368.0,PAYLOAD,65238.0,PAYLOAD,9.7979,0.0,NOMINAL,2026-03-07T12:18:40Z,1042
64490.0,PAYLOAD,66593.0,PAYLOAD,9.798,0.0,NOMINAL,2026-03-07T16:24:40Z,1288
6298.0,DEBRIS,9043.0,PAYLOAD,9.7983,0.0,NOMINAL,2026-03-07T15:48:40Z,1252
48293.0,PAYLOAD,59905.0,PAYLOAD,9.7988,0.0,NOMINAL,2026-03-07T02:28:40Z,452
41284.0,DEBRIS,41832.0,DEBRIS,9.7996,0.0,NOMINAL,2026-03-06T21:00:40Z,124
12640.0,PAYLOAD,20556.0,PAYLOAD,9.8003,0.0,NOMINAL,2026-03-07T00:16:40Z,320
19834.0,DEBRIS,41503.0,DEBRIS,9.801,0.0,NOMINAL,2026-03-07T04:17:40Z,561
35477.0,DEBRIS,66987.0,PAYLOAD,9.8012,0.0,NOMINAL,2026-03-07T16:39:40Z,1303
59698.0,PAYLOAD,60335.0,PAYLOAD,9.8017,0.0,NOMINAL,2026-03-07T06:05:40Z,669
5691.0,DEBRIS,8519.0,PAYLOAD,9.8017,0.0,NOMINAL,2026-03-07T02:18:40Z,442
35251.0,DEBRIS,39919.0,DEBRIS,9.8022,0.0,NOMINAL,2026-03-07T10:05:40Z,909
62305.0,PAYLOAD,66859.0,PAYLOAD,9.8025,0.0,NOMINAL,2026-03-07T11:04:40Z,968
62100.0,PAYLOAD,65088.0,PAYLOAD,9.803,0.0,NOMINAL,2026-03-07T13:14:40Z,1098
31433.0,DEBRIS,31882.0,DEBRIS,9.8032,0.0,NOMINAL,2026-03-06T23:02:40Z,246
42542.0,DEBRIS,61824.0,DEBRIS,9.804,0.0,NOMINAL,2026-03-07T09:44:40Z,888
59376.0,PAYLOAD,59644.0,PAYLOAD,9.804,0.0,NOMINAL,2026-03-07T12:34:40Z,1058
59635.0,PAYLOAD,62526.0,PAYLOAD,9.8041,0.0,NOMINAL,2026-03-07T11:49:40Z,1013
6256.0,PAYLOAD,54315.0,DEBRIS,9.8045,0.0,NOMINAL,2026-03-07T11:53:40Z,1017
10859.0,DEBRIS,58949.0,PAYLOAD,9.8046,0.0,NOMINAL,2026-03-07T08:58:40Z,842
59340.0,PAYLOAD,60596.0,PAYLOAD,9.805,0.0,NOMINAL,2026-03-07T06:39:40Z,703
59579.0,PAYLOAD,66981.0,PAYLOAD,9.805,0.0,NOMINAL,2026-03-07T16:41:40Z,1305
48278.0,PAYLOAD,64140.0,PAYLOAD,9.8053,0.0,NOMINAL,2026-03-07T05:14:40Z,618
48357.0,PAYLOAD,65506.0,PAYLOAD,9.8055,0.0,NOMINAL,2026-03-06T20:44:40Z,108
65692.0,PAYLOAD,67521.0,PAYLOAD,9.8058,0.0,NOMINAL,2026-03-07T02:49:40Z,473
27430.0,PAYLOAD,56256.0,DEBRIS,9.8059,0.0,NOMINAL,2026-03-07T11:38:40Z,1002
37379.0,DEBRIS,65014.0,DEBRIS,9.8061,0.0,NOMINAL,2026-03-06T19:17:40Z,21
14925.0,DEBRIS,18592.0,DEBRIS,9.8065,0.0,NOMINAL,2026-03-06T22:31:40Z,215
18269.0,DEBRIS,29060.0,DEBRIS,9.807,0.0,NOMINAL,2026-03-07T13:12:40Z,1096
62320.0,PAYLOAD,63768.0,PAYLOAD,9.8072,0.0,NOMINAL,2026-03-07T07:36:40Z,760
62305.0,PAYLOAD,67781.0,PAYLOAD,9.8073,0.0,NOMINAL,2026-03-06T21:29:40Z,153
54333.0,DEBRIS,56393.0,PAYLOAD,9.8078,0.0,NOMINAL,2026-03-07T18:15:40Z,1399
57244.0,PAYLOAD,64169.0,PAYLOAD,9.8079,0.0,NOMINAL,2026-03-07T15:55:40Z,1259
3222.0,ROCKET BODY,59993.0,DEBRIS,9.808,0.0,NOMINAL,2026-03-07T15:27:40Z,1231
42838.0,PAYLOAD,62574.0,PAYLOAD,9.8087,0.0,NOMINAL,2026-03-07T06:20:40Z,684
64332.0,PAYLOAD,65199.0,PAYLOAD,9.8093,0.0,NOMINAL,2026-03-06T21:41:40Z,165
58052.0,PAYLOAD,62870.0,PAYLOAD,9.8094,0.0,NOMINAL,2026-03-07T13:44:40Z,1128
63442.0,PAYLOAD,66816.0,PAYLOAD,9.8096,0.0,NOMINAL,2026-03-06T19:47:40Z,51
41824.0,DEBRIS,47040.0,DEBRIS,9.8105,0.0,NOMINAL,2026-03-07T05:20:40Z,624
782.0,PAYLOAD,6631.0,DEBRIS,9.811,0.0,NOMINAL,2026-03-07T08:00:40Z,784
62686.0,PAYLOAD,66758.0,PAYLOAD,9.8112,0.0,NOMINAL,2026-03-07T07:46:40Z,770
59664.0,PAYLOAD,62481.0,PAYLOAD,9.8112,0.0,NOMINAL,2026-03-07T13:34:40Z,1118
28272.0,DEBRIS,54560.0,DEBRIS,9.8115,0.0,NOMINAL,2026-03-07T06:45:40Z,709
2164.0,ROCKET BODY,6230.0,ROCKET BODY,9.8117,0.0,NOMINAL,2026-03-07T00:33:40Z,337
58755.0,PAYLOAD,58810.0,PAYLOAD,9.8125,0.0,NOMINAL,2026-03-06T20:10:40Z,74
63121.0,PAYLOAD,65749.0,PAYLOAD,9.8127,0.0,NOMINAL,2026-03-07T00:46:40Z,350
45201.0,PAYLOAD,48690.0,PAYLOAD,9.8129,0.0,NOMINAL,2026-03-07T02:08:40Z,432
52746.0,PAYLOAD,58046.0,PAYLOAD,9.8136,0.0,NOMINAL,2026-03-07T02:09:40Z,433
58807.0,PAYLOAD,65923.0,PAYLOAD,9.8137,0.0,NOMINAL,2026-03-07T14:48:40Z,1192
59789.0,PAYLOAD,65416.0,PAYLOAD,9.8141,0.0,NOMINAL,2026-03-07T13:49:40Z,1133
59162.0,PAYLOAD,61448.0,ROCKET BODY,9.8143,0.0,NOMINAL,2026-03-07T07:54:40Z,778
58092.0,PAYLOAD,59862.0,PAYLOAD,9.8146,0.0,NOMINAL,2026-03-07T11:15:40Z,979
58234.0,PAYLOAD,59586.0,PAYLOAD,9.8154,0.0,NOMINAL,2026-03-07T01:03:40Z,367
62320.0,PAYLOAD,67418.0,PAYLOAD,9.816,0.0,NOMINAL,2026-03-06T22:36:40Z,220
63973.0,PAYLOAD,67191.0,PAYLOAD,9.8161,0.0,NOMINAL,2026-03-07T07:55:40Z,779
31661.0,DEBRIS,37690.0,DEBRIS,9.8165,0.0,NOMINAL,2026-03-07T05:58:40Z,662
61635.0,PAYLOAD,64480.0,PAYLOAD,9.8165,0.0,NOMINAL,2026-03-07T01:58:40Z,422
18533.0,DEBRIS,270322.0,UNKNOWN,9.8169,0.0,NOMINAL,2026-03-06T19:28:40Z,32
65090.0,PAYLOAD,66963.0,PAYLOAD,9.8174,0.0,NOMINAL,2026-03-07T18:38:40Z,1422
61726.0,PAYLOAD,63891.0,PAYLOAD,9.8179,0.0,NOMINAL,2026-03-07T07:33:40Z,757
66385.0,PAYLOAD,66458.0,PAYLOAD,9.818,0.0,NOMINAL,2026-03-07T09:07:40Z,851
58135.0,PAYLOAD,64497.0,PAYLOAD,9.818,0.0,NOMINAL,2026-03-07T13:07:40Z,1091
47734.0,PAYLOAD,59304.0,PAYLOAD,9.8193,0.0,NOMINAL,2026-03-07T09:23:40Z,867
48811.0,DEBRIS,54587.0,DEBRIS,9.8194,0.0,NOMINAL,2026-03-06T20:32:40Z,96
61287.0,DEBRIS,61396.0,DEBRIS,9.8195,0.0,NOMINAL,2026-03-07T14:12:40Z,1156
38745.0,PAYLOAD,63746.0,PAYLOAD,9.8197,0.0,NOMINAL,2026-03-06T21:39:40Z,163
61633.0,PAYLOAD,64440.0,PAYLOAD,9.8201,0.0,NOMINAL,2026-03-07T05:50:40Z,654
59553.0,PAYLOAD,66890.0,PAYLOAD,9.8204,0.0,NOMINAL,2026-03-06T23:38:40Z,282
31265.0,DEBRIS,54827.0,PAYLOAD,9.8206,0.0,NOMINAL,2026-03-07T18:23:40Z,1407
58745.0,PAYLOAD,66061.0,PAYLOAD,9.8207,0.0,NOMINAL,2026-03-07T04:18:40Z,562
11199.0,DEBRIS,65469.0,PAYLOAD,9.8209,0.0,NOMINAL,2026-03-07T02:01:40Z,425
43256.0,PAYLOAD,270329.0,UNKNOWN,9.8214,0.0,NOMINAL,2026-03-07T07:12:40Z,736
63798.0,PAYLOAD,65412.0,PAYLOAD,9.822,0.0,NOMINAL,2026-03-07T04:24:40Z,568
31332.0,DEBRIS,39917.0,DEBRIS,9.822,0.0,NOMINAL,2026-03-07T05:39:40Z,643
2672.0,ROCKET BODY,2894.0,DEBRIS,9.8223,0.0,NOMINAL,2026-03-07T10:57:40Z,961
4685.0,DEBRIS,12769.0,DEBRIS,9.8233,0.0,NOMINAL,2026-03-07T01:34:40Z,398
62021.0,PAYLOAD,65464.0,PAYLOAD,9.8233,0.0,NOMINAL,2026-03-07T13:04:40Z,1088
3462.0,DEBRIS,63460.0,PAYLOAD,9.8241,0.0,NOMINAL,2026-03-07T12:05:40Z,1029
60282.0,PAYLOAD,63998.0,PAYLOAD,9.8243,0.0,NOMINAL,2026-03-07T06:15:40Z,679
59212.0,PAYLOAD,67513.0,PAYLOAD,9.8244,0.0,NOMINAL,2026-03-07T15:38:40Z,1242
58395.0,PAYLOAD,59034.0,PAYLOAD,9.8249,0.0,NOMINAL,2026-03-07T11:47:40Z,1011
4077.0,ROCKET BODY,11915.0,PAYLOAD,9.825,0.0,NOMINAL,2026-03-07T07:41:40Z,765
54372.0,PAYLOAD,61793.0,PAYLOAD,9.8251,0.0,NOMINAL,2026-03-06T23:50:40Z,294
44857.0,PAYLOAD,55274.0,PAYLOAD,9.8252,0.0,NOMINAL,2026-03-07T15:34:40Z,1238
62763.0,PAYLOAD,66876.0,PAYLOAD,9.8254,0.0,NOMINAL,2026-03-07T14:27:40Z,1171
17104.0,DEBRIS,39255.0,ROCKET BODY,9.8256,0.0,NOMINAL,2026-03-06T23:28:40Z,272
57970.0,PAYLOAD,62109.0,PAYLOAD,9.826,0.0,NOMINAL,2026-03-07T10:00:40Z,904
48668.0,PAYLOAD,58670.0,PAYLOAD,9.8262,0.0,NOMINAL,2026-03-07T16:08:40Z,1272
40797.0,DEBRIS,58444.0,PAYLOAD,9.8264,0.0,NOMINAL,2026-03-07T13:54:40Z,1138
55054.0,PAYLOAD,64682.0,PAYLOAD,9.8275,0.0,NOMINAL,2026-03-07T07:40:40Z,764
58119.0,PAYLOAD,62849.0,PAYLOAD,9.8278,0.0,NOMINAL,2026-03-06T23:45:40Z,289
47590.0,PAYLOAD,52794.0,ROCKET BODY,9.8279,0.0,NOMINAL,2026-03-06T19:56:40Z,60
58796.0,PAYLOAD,64732.0,PAYLOAD,9.828,0.0,NOMINAL,2026-03-07T12:36:40Z,1060
1259.0,ROCKET BODY,2839.0,ROCKET BODY,9.8284,0.0,NOMINAL,2026-03-07T10:09:40Z,913
63213.0,UNKNOWN,63778.0,PAYLOAD,9.8287,0.0,NOMINAL,2026-03-07T07:12:40Z,736
55045.0,PAYLOAD,57180.0,UNKNOWN,9.8287,0.0,NOMINAL,2026-03-06T22:37:40Z,221
59556.0,PAYLOAD,64927.0,PAYLOAD,9.829,0.0,NOMINAL,2026-03-07T18:32:40Z,1416
57533.0,PAYLOAD,61004.0,PAYLOAD,9.8296,0.0,NOMINAL,2026-03-07T03:32:40Z,516
52699.0,PAYLOAD,57087.0,PAYLOAD,9.83,0.0,NOMINAL,2026-03-07T15:06:40Z,1210
59415.0,PAYLOAD,59431.0,PAYLOAD,9.8311,0.0,NOMINAL,2026-03-07T06:55:40Z,719
13484.0,DEBRIS,54432.0,DEBRIS,9.8312,0.0,NOMINAL,2026-03-07T05:15:40Z,619
3516.0,PAYLOAD,6431.0,DEBRIS,9.8319,0.0,NOMINAL,2026-03-07T14:02:40Z,1146
47836.0,PAYLOAD,62529.0,PAYLOAD,9.832,0.0,NOMINAL,2026-03-07T11:41:40Z,1005
61122.0,DEBRIS,61403.0,DEBRIS,9.8324,0.0,NOMINAL,2026-03-07T10:19:40Z,923
44316.0,UNKNOWN,66469.0,PAYLOAD,9.8325,0.0,NOMINAL,2026-03-07T12:01:40Z,1025
58748.0,PAYLOAD,62854.0,PAYLOAD,9.8328,0.0,NOMINAL,2026-03-07T02:12:40Z,436
10217.0,PAYLOAD,12005.0,DEBRIS,9.8329,0.0,NOMINAL,2026-03-07T07:20:40Z,744
62951.0,PAYLOAD,67793.0,PAYLOAD,9.833,0.0,NOMINAL,2026-03-07T11:31:40Z,995
59195.0,PAYLOAD,66386.0,PAYLOAD,9.8331,0.0,NOMINAL,2026-03-06T22:21:40Z,205
47502.0,PAYLOAD,65510.0,PAYLOAD,9.8333,0.0,NOMINAL,2026-03-07T18:42:40Z,1426
57529.0,PAYLOAD,58543.0,PAYLOAD,9.8338,0.0,NOMINAL,2026-03-06T23:51:40Z,295
53535.0,PAYLOAD,54778.0,PAYLOAD,9.8338,0.0,NOMINAL,2026-03-07T08:34:40Z,818
420.0,DEBRIS,5018.0,DEBRIS,9.8348,0.0,NOMINAL,2026-03-07T05:27:40Z,631
2334.0,DEBRIS,41918.0,PAYLOAD,9.8352,0.0,NOMINAL,2026-03-07T01:46:40Z,410
30302.0,DEBRIS,39659.0,DEBRIS,9.8354,0.0,NOMINAL,2026-03-07T00:18:40Z,322
61889.0,PAYLOAD,65409.0,PAYLOAD,9.8355,0.0,NOMINAL,2026-03-07T10:31:40Z,935
60281.0,PAYLOAD,63445.0,PAYLOAD,9.8364,0.0,NOMINAL,2026-03-07T08:04:40Z,788
58485.0,PAYLOAD,63789.0,PAYLOAD,9.8364,0.0,NOMINAL,2026-03-06T19:49:40Z,53
60144.0,PAYLOAD,62500.0,PAYLOAD,9.8369,0.0,NOMINAL,2026-03-07T16:13:40Z,1277
59170.0,PAYLOAD,60271.0,PAYLOAD,9.8371,0.0,NOMINAL,2026-03-07T12:36:40Z,1060
46027.0,PAYLOAD,53843.0,PAYLOAD,9.8374,0.0,NOMINAL,2026-03-06T23:08:40Z,252
60147.0,PAYLOAD,63278.0,PAYLOAD,9.8387,0.0,NOMINAL,2026-03-07T01:10:40Z,374
59896.0,PAYLOAD,66942.0,PAYLOAD,9.8396,0.0,NOMINAL,2026-03-07T03:12:40Z,496
59018.0,PAYLOAD,63322.0,PAYLOAD,9.8402,0.0,NOMINAL,2026-03-06T19:29:40Z,33
45462.0,PAYLOAD,57714.0,PAYLOAD,9.8405,0.0,NOMINAL,2026-03-07T16:44:40Z,1308
294.0,DEBRIS,9517.0,DEBRIS,9.8411,0.0,NOMINAL,2026-03-06T22:04:40Z,188
58358.0,PAYLOAD,62034.0,PAYLOAD,9.8423,0.0,NOMINAL,2026-03-06T21:31:40Z,155
42988.0,PAYLOAD,65677.0,PAYLOAD,9.8429,0.0,NOMINAL,2026-03-07T18:23:40Z,1407
60427.0,PAYLOAD,66327.0,PAYLOAD,9.8433,0.0,NOMINAL,2026-03-07T12:15:40Z,1039
63324.0,PAYLOAD,66505.0,PAYLOAD,9.8443,0.0,NOMINAL,2026-03-07T13:15:40Z,1099
32142.0,DEBRIS,40011.0,PAYLOAD,9.8447,0.0,NOMINAL,2026-03-07T09:46:40Z,890
58718.0,PAYLOAD,59083.0,PAYLOAD,9.8449,0.0,NOMINAL,2026-03-07T02:21:40Z,445
58645.0,PAYLOAD,64007.0,PAYLOAD,9.845,0.0,NOMINAL,2026-03-07T12:26:40Z,1050
12246.0,DEBRIS,61157.0,DEBRIS,9.845,0.0,NOMINAL,2026-03-06T19:34:40Z,38
3736.0,DEBRIS,10487.0,DEBRIS,9.8451,0.0,NOMINAL,2026-03-07T06:58:40Z,722
8458.0,PAYLOAD,60764.0,DEBRIS,9.8455,0.0,NOMINAL,2026-03-06T22:54:40Z,238
59296.0,PAYLOAD,62301.0,PAYLOAD,9.8456,0.0,NOMINAL,2026-03-07T18:25:40Z,1409
58668.0,PAYLOAD,61704.0,PAYLOAD,9.8459,0.0,NOMINAL,2026-03-06T22:23:40Z,207
58202.0,DEBRIS,66386.0,PAYLOAD,9.8463,0.0,NOMINAL,2026-03-06T23:16:40Z,260
48062.0,PAYLOAD,48227.0,PAYLOAD,9.8464,0.0,NOMINAL,2026-03-07T10:28:40Z,932
501.0,DEBRIS,1423.0,ROCKET BODY,9.8468,0.0,NOMINAL,2026-03-06T19:39:40Z,43
40686.0,DEBRIS,55788.0,PAYLOAD,9.8476,0.0,NOMINAL,2026-03-07T12:02:40Z,1026
53665.0,PAYLOAD,55382.0,PAYLOAD,9.8484,0.0,NOMINAL,2026-03-07T09:30:40Z,874
58975.0,PAYLOAD,66970.0,PAYLOAD,9.8489,0.0,NOMINAL,2026-03-07T05:41:40Z,645
47806.0,PAYLOAD,59551.0,PAYLOAD,9.8498,0.0,NOMINAL,2026-03-06T20:11:40Z,75
39307.0,DEBRIS,53461.0,DEBRIS,9.8506,0.0,NOMINAL,2026-03-06T23:26:40Z,270
555.0,ROCKET BODY,1374.0,PAYLOAD,9.8514,0.0,NOMINAL,2026-03-07T00:24:40Z,328
49458.0,PAYLOAD,53139.0,PAYLOAD,9.8517,0.0,NOMINAL,2026-03-07T10:14:40Z,918
59081.0,PAYLOAD,60429.0,PAYLOAD,9.852,0.0,NOMINAL,2026-03-07T01:06:40Z,370
59860.0,PAYLOAD,65015.0,PAYLOAD,9.8525,0.0,NOMINAL,2026-03-07T14:08:40Z,1152
1177.0,DEBRIS,64176.0,PAYLOAD,9.8525,0.0,NOMINAL,2026-03-07T11:57:40Z,1021
8603.0,DEBRIS,11818.0,DEBRIS,9.8526,0.0,NOMINAL,2026-03-07T10:52:40Z,956
59626.0,PAYLOAD,66708.0,PAYLOAD,9.8527,0.0,NOMINAL,2026-03-07T06:47:40Z,711
59729.0,ROCKET BODY,65467.0,PAYLOAD,9.8532,0.0,NOMINAL,2026-03-06T19:36:40Z,40
59898.0,PAYLOAD,60318.0,PAYLOAD,9.8538,0.0,NOMINAL,2026-03-07T09:11:40Z,855
41159.0,DEBRIS,61812.0,DEBRIS,9.8538,0.0,NOMINAL,2026-03-07T18:07:40Z,1391
30297.0,DEBRIS,48625.0,DEBRIS,9.8539,0.0,NOMINAL,2026-03-07T09:38:40Z,882
39107.0,DEBRIS,43573.0,PAYLOAD,9.854,0.0,NOMINAL,2026-03-07T05:51:40Z,655
51053.0,PAYLOAD,51827.0,UNKNOWN,9.8541,0.0,NOMINAL,2026-03-06T20:47:40Z,111
3815.0,DEBRIS,65412.0,PAYLOAD,9.8546,0.0,NOMINAL,2026-03-07T14:13:40Z,1157
63458.0,PAYLOAD,66859.0,PAYLOAD,9.8552,0.0,NOMINAL,2026-03-07T06:11:40Z,675
31219.0,DEBRIS,54899.0,DEBRIS,9.8555,0.0,NOMINAL,2026-03-07T17:57:40Z,1381
31003.0,DEBRIS,47040.0,DEBRIS,9.8559,0.0,NOMINAL,2026-03-07T05:16:40Z,620
55489.0,PAYLOAD,57261.0,PAYLOAD,9.8561,0.0,NOMINAL,2026-03-07T00:48:40Z,352
30321.0,DEBRIS,41208.0,DEBRIS,9.8564,0.0,NOMINAL,2026-03-07T12:10:40Z,1034
59234.0,PAYLOAD,66284.0,PAYLOAD,9.8565,0.0,NOMINAL,2026-03-07T14:48:40Z,1192
59178.0,PAYLOAD,66110.0,PAYLOAD,9.8577,0.0,NOMINAL,2026-03-07T10:28:40Z,932
23371.0,DEBRIS,58510.0,PAYLOAD,9.858,0.0,NOMINAL,2026-03-07T07:04:40Z,728
37635.0,DEBRIS,54279.0,DEBRIS,9.858,0.0,NOMINAL,2026-03-07T06:53:40Z,717
31030.0,DEBRIS,31430.0,DEBRIS,9.858,0.0,NOMINAL,2026-03-07T06:54:40Z,718
21130.0,PAYLOAD,39958.0,DEBRIS,9.8583,0.0,NOMINAL,2026-03-07T11:19:40Z,983
60125.0,PAYLOAD,63011.0,PAYLOAD,9.8583,0.0,NOMINAL,2026-03-06T22:49:40Z,233
47772.0,PAYLOAD,65340.0,PAYLOAD,9.8586,0.0,NOMINAL,2026-03-07T08:14:40Z,798
66754.0,PAYLOAD,67281.0,UNKNOWN,9.8586,0.0,NOMINAL,2026-03-07T09:05:40Z,849
35771.0,DEBRIS,58349.0,PAYLOAD,9.8588,0.0,NOMINAL,2026-03-07T01:20:40Z,384
30622.0,DEBRIS,41233.0,DEBRIS,9.859,0.0,NOMINAL,2026-03-07T12:02:40Z,1026
63418.0,PAYLOAD,64258.0,PAYLOAD,9.8591,0.0,NOMINAL,2026-03-06T21:25:40Z,149
57400.0,PAYLOAD,59006.0,PAYLOAD,9.8595,0.0,NOMINAL,2026-03-07T15:06:40Z,1210
32181.0,DEBRIS,47303.0,PAYLOAD,9.8596,0.0,NOMINAL,2026-03-07T07:25:40Z,749
28389.0,DEBRIS,28890.0,PAYLOAD,9.8599,0.0,NOMINAL,2026-03-07T18:34:40Z,1418
55367.0,PAYLOAD,56340.0,PAYLOAD,9.8604,0.0,NOMINAL,2026-03-07T03:53:40Z,537
5478.0,PAYLOAD,6096.0,PAYLOAD,9.8607,0.0,NOMINAL,2026-03-07T07:46:40Z,770
56701.0,PAYLOAD,59929.0,PAYLOAD,9.8611,0.0,NOMINAL,2026-03-07T06:47:40Z,711
58084.0,PAYLOAD,59451.0,PAYLOAD,9.8617,0.0,NOMINAL,2026-03-07T07:37:40Z,761
11831.0,DEBRIS,60370.0,PAYLOAD,9.8617,0.0,NOMINAL,2026-03-06T23:30:40Z,274
59363.0,PAYLOAD,59442.0,PAYLOAD,9.8618,0.0,NOMINAL,2026-03-06T21:44:40Z,168
59197.0,PAYLOAD,60020.0,PAYLOAD,9.8628,0.0,NOMINAL,2026-03-07T00:43:40Z,347
38334.0,DEBRIS,65321.0,PAYLOAD,9.8633,0.0,NOMINAL,2026-03-06T19:59:40Z,63
62235.0,PAYLOAD,67453.0,PAYLOAD,9.8642,0.0,NOMINAL,2026-03-07T14:02:40Z,1146
1899.0,DEBRIS,47572.0,PAYLOAD,9.8643,0.0,NOMINAL,2026-03-07T00:25:40Z,329
57188.0,UNKNOWN,63825.0,PAYLOAD,9.8651,0.0,NOMINAL,2026-03-07T14:49:40Z,1193
47385.0,PAYLOAD,53027.0,PAYLOAD,9.8655,0.0,NOMINAL,2026-03-07T09:46:40Z,890
38740.0,PAYLOAD,41747.0,PAYLOAD,9.8657,0.0,NOMINAL,2026-03-07T10:56:40Z,960
61623.0,PAYLOAD,62036.0,PAYLOAD,9.8659,0.0,NOMINAL,2026-03-07T17:40:40Z,1364
56104.0,PAYLOAD,65184.0,PAYLOAD,9.8661,0.0,NOMINAL,2026-03-06T19:10:40Z,14
59785.0,PAYLOAD,61980.0,PAYLOAD,9.8666,0.0,NOMINAL,2026-03-07T15:14:40Z,1218
22377.0,DEBRIS,61198.0,PAYLOAD,9.8666,0.0,NOMINAL,2026-03-07T11:18:40Z,982
54828.0,PAYLOAD,55380.0,PAYLOAD,9.8668,0.0,NOMINAL,2026-03-07T09:49:40Z,893
48594.0,PAYLOAD,53416.0,PAYLOAD,9.8669,0.0,NOMINAL,2026-03-07T01:00:40Z,364
44771.0,PAYLOAD,67728.0,PAYLOAD,9.867,0.0,NOMINAL,2026-03-07T11:55:40Z,1019
35406.0,DEBRIS,67270.0,UNKNOWN,9.8671,0.0,NOMINAL,2026-03-07T04:49:40Z,593
56836.0,PAYLOAD,63501.0,PAYLOAD,9.8679,0.0,NOMINAL,2026-03-07T17:24:40Z,1348
59666.0,PAYLOAD,66598.0,PAYLOAD,9.8685,0.0,NOMINAL,2026-03-06T22:48:40Z,232
58244.0,PAYLOAD,63512.0,PAYLOAD,9.8689,0.0,NOMINAL,2026-03-07T06:37:40Z,701
32.0,PAYLOAD,9376.0,DEBRIS,9.8701,0.0,NOMINAL,2026-03-07T08:25:40Z,809
263.0,DEBRIS,270190.0,UNKNOWN,9.8703,0.0,NOMINAL,2026-03-07T06:32:40Z,696
5613.0,DEBRIS,11139.0,PAYLOAD,9.8705,0.0,NOMINAL,2026-03-07T09:50:40Z,894
26121.0,DEBRIS,64889.0,UNKNOWN,9.871,0.0,NOMINAL,2026-03-06T20:36:40Z,100
17702.0,DEBRIS,40699.0,PAYLOAD,9.8717,0.0,NOMINAL,2026-03-07T09:34:40Z,878
3624.0,PAYLOAD,10735.0,PAYLOAD,9.8722,0.0,NOMINAL,2026-03-07T05:53:40Z,657
57756.0,PAYLOAD,65986.0,PAYLOAD,9.8724,0.0,NOMINAL,2026-03-07T02:25:40Z,449
48098.0,PAYLOAD,63790.0,PAYLOAD,9.8727,0.0,NOMINAL,2026-03-07T09:08:40Z,852
64493.0,PAYLOAD,66811.0,PAYLOAD,9.8727,0.0,NOMINAL,2026-03-07T18:17:40Z,1401
51962.0,PAYLOAD,58066.0,PAYLOAD,9.8731,0.0,NOMINAL,2026-03-07T07:18:40Z,742
35684.0,PAYLOAD,40437.0,DEBRIS,9.8731,0.0,NOMINAL,2026-03-07T02:50:40Z,474
9567.0,DEBRIS,38309.0,DEBRIS,9.8733,0.0,NOMINAL,2026-03-06T19:35:40Z,39
62602.0,PAYLOAD,65218.0,PAYLOAD,9.8734,0.0,NOMINAL,2026-03-07T02:26:40Z,450
13376.0,PAYLOAD,14176.0,PAYLOAD,9.8734,0.0,NOMINAL,2026-03-07T17:06:40Z,1330
338.0,PAYLOAD,7987.0,DEBRIS,9.8734,0.0,NOMINAL,2026-03-07T00:23:40Z,327
43803.0,PAYLOAD,59215.0,PAYLOAD,9.8736,0.0,NOMINAL,2026-03-06T21:36:40Z,160
22676.0,ROCKET BODY,41499.0,DEBRIS,9.8746,0.0,NOMINAL,2026-03-07T14:39:40Z,1183
59243.0,PAYLOAD,63039.0,PAYLOAD,9.8751,0.0,NOMINAL,2026-03-07T09:39:40Z,883
2320.0,DEBRIS,14425.0,PAYLOAD,9.8778,0.0,NOMINAL,2026-03-07T06:17:40Z,681
4207.0,DEBRIS,4698.0,DEBRIS,9.8782,0.0,NOMINAL,2026-03-06T19:20:40Z,24
34061.0,DEBRIS,35284.0,DEBRIS,9.8786,0.0,NOMINAL,2026-03-06T22:01:40Z,185
58437.0,PAYLOAD,63769.0,PAYLOAD,9.8788,0.0,NOMINAL,2026-03-07T18:09:40Z,1393
44390.0,PAYLOAD,60479.0,PAYLOAD,9.8795,0.0,NOMINAL,2026-03-06T23:08:40Z,252
48444.0,PAYLOAD,63827.0,PAYLOAD,9.8803,0.0,NOMINAL,2026-03-07T02:22:40Z,446
8154.0,DEBRIS,26022.0,DEBRIS,9.881,0.0,NOMINAL,2026-03-07T04:54:40Z,598
7821.0,PAYLOAD,10738.0,DEBRIS,9.8812,0.0,NOMINAL,2026-03-07T07:05:40Z,729
63820.0,PAYLOAD,64670.0,PAYLOAD,9.8813,0.0,NOMINAL,2026-03-07T13:19:40Z,1103
59475.0,PAYLOAD,61954.0,PAYLOAD,9.8816,0.0,NOMINAL,2026-03-07T01:27:40Z,391
58361.0,PAYLOAD,59299.0,PAYLOAD,9.8822,0.0,NOMINAL,2026-03-07T09:24:40Z,868
15773.0,ROCKET BODY,19025.0,DEBRIS,9.8825,0.0,NOMINAL,2026-03-07T05:24:40Z,628
53016.0,PAYLOAD,57615.0,PAYLOAD,9.8828,0.0,NOMINAL,2026-03-06T19:35:40Z,39
59572.0,PAYLOAD,65758.0,PAYLOAD,9.8828,0.0,NOMINAL,2026-03-07T00:45:40Z,349
49489.0,DEBRIS,53194.0,PAYLOAD,9.8828,0.0,NOMINAL,2026-03-06T20:16:40Z,80
3280.0,ROCKET BODY,9417.0,ROCKET BODY,9.8832,0.0,NOMINAL,2026-03-07T07:15:40Z,739
48362.0,PAYLOAD,66511.0,PAYLOAD,9.8832,0.0,NOMINAL,2026-03-07T00:48:40Z,352
59474.0,PAYLOAD,66892.0,PAYLOAD,9.8842,0.0,NOMINAL,2026-03-07T12:28:40Z,1052
53925.0,PAYLOAD,58022.0,PAYLOAD,9.8842,0.0,NOMINAL,2026-03-07T17:17:40Z,1341
26703.0,ROCKET BODY,65238.0,PAYLOAD,9.8844,0.0,NOMINAL,2026-03-07T00:54:40Z,358
10126.0,DEBRIS,66052.0,PAYLOAD,9.8848,0.0,NOMINAL,2026-03-07T07:01:40Z,725
58108.0,PAYLOAD,59682.0,PAYLOAD,9.885,0.0,NOMINAL,2026-03-07T09:54:40Z,898
43796.0,PAYLOAD,45773.0,PAYLOAD,9.8852,0.0,NOMINAL,2026-03-07T09:57:40Z,901
59205.0,PAYLOAD,59701.0,PAYLOAD,9.8864,0.0,NOMINAL,2026-03-07T03:26:40Z,510
58485.0,PAYLOAD,65476.0,PAYLOAD,9.8864,0.0,NOMINAL,2026-03-06T19:29:40Z,33
1546.0,DEBRIS,52794.0,ROCKET BODY,9.8871,0.0,NOMINAL,2026-03-07T05:33:40Z,637
27126.0,DEBRIS,50621.0,DEBRIS,9.8871,0.0,NOMINAL,2026-03-07T08:12:40Z,796
58640.0,PAYLOAD,66173.0,PAYLOAD,9.8872,0.0,NOMINAL,2026-03-06T20:48:40Z,112
59175.0,PAYLOAD,61589.0,PAYLOAD,9.8875,0.0,NOMINAL,2026-03-07T08:52:40Z,836
59639.0,PAYLOAD,60352.0,PAYLOAD,9.8876,0.0,NOMINAL,2026-03-07T06:52:40Z,716
55145.0,PAYLOAD,61595.0,PAYLOAD,9.8882,0.0,NOMINAL,2026-03-07T12:47:40Z,1071
5573.0,DEBRIS,31538.0,DEBRIS,9.8882,0.0,NOMINAL,2026-03-06T22:56:40Z,240
48100.0,PAYLOAD,52674.0,PAYLOAD,9.8883,0.0,NOMINAL,2026-03-07T00:23:40Z,327
62505.0,PAYLOAD,66351.0,PAYLOAD,9.8884,0.0,NOMINAL,2026-03-07T08:46:40Z,830
47837.0,PAYLOAD,56911.0,PAYLOAD,9.8887,0.0,NOMINAL,2026-03-07T08:07:40Z,791
48113.0,PAYLOAD,61918.0,PAYLOAD,9.8898,0.0,NOMINAL,2026-03-07T03:45:40Z,529
37018.0,DEBRIS,67999.0,PAYLOAD,9.89,0.0,NOMINAL,2026-03-07T08:36:40Z,820
25795.0,DEBRIS,63910.0,PAYLOAD,9.89,0.0,NOMINAL,2026-03-07T17:24:40Z,1348
59601.0,PAYLOAD,60923.0,PAYLOAD,9.8904,0.0,NOMINAL,2026-03-07T14:25:40Z,1169
58021.0,PAYLOAD,63991.0,UNKNOWN,9.8906,0.0,NOMINAL,2026-03-07T17:27:40Z,1351
62741.0,PAYLOAD,63708.0,PAYLOAD,9.8909,0.0,NOMINAL,2026-03-06T21:19:40Z,143
64120.0,PAYLOAD,64474.0,PAYLOAD,9.8911,0.0,NOMINAL,2026-03-07T15:01:40Z,1205
56778.0,PAYLOAD,270309.0,UNKNOWN,9.8917,0.0,NOMINAL,2026-03-07T14:16:40Z,1160
2744.0,ROCKET BODY,6529.0,DEBRIS,9.8927,0.0,NOMINAL,2026-03-07T12:47:40Z,1071
60256.0,PAYLOAD,62493.0,PAYLOAD,9.8928,0.0,NOMINAL,2026-03-07T15:55:40Z,1259
856.0,ROCKET BODY,2000.0,ROCKET BODY,9.8931,0.0,NOMINAL,2026-03-06T22:08:40Z,192
9624.0,DEBRIS,67718.0,DEBRIS,9.8934,0.0,NOMINAL,2026-03-07T15:08:40Z,1212
59516.0,PAYLOAD,60586.0,PAYLOAD,9.8951,0.0,NOMINAL,2026-03-07T11:52:40Z,1016
62250.0,PAYLOAD,270310.0,UNKNOWN,9.8959,0.0,NOMINAL,2026-03-07T17:34:40Z,1358
14364.0,DEBRIS,33757.0,DEBRIS,9.897,0.0,NOMINAL,2026-03-07T17:26:40Z,1350
40678.0,DEBRIS,41404.0,DEBRIS,9.8973,0.0,NOMINAL,2026-03-07T14:44:40Z,1188
8110.0,DEBRIS,14406.0,DEBRIS,9.898,0.0,NOMINAL,2026-03-06T19:23:40Z,27
65345.0,PAYLOAD,65424.0,PAYLOAD,9.8989,0.0,NOMINAL,2026-03-07T12:42:40Z,1066
8691.0,DEBRIS,270316.0,UNKNOWN,9.8991,0.0,NOMINAL,2026-03-07T18:14:40Z,1398
58362.0,PAYLOAD,62574.0,PAYLOAD,9.8995,0.0,NOMINAL,2026-03-07T03:57:40Z,541
63040.0,PAYLOAD,67471.0,PAYLOAD,9.8998,0.0,NOMINAL,2026-03-07T11:45:40Z,1009
59157.0,PAYLOAD,67789.0,PAYLOAD,9.8999,0.0,NOMINAL,2026-03-06T19:10:40Z,14
22565.0,PAYLOAD,58399.0,DEBRIS,9.8999,0.0,NOMINAL,2026-03-07T05:15:40Z,619
20793.0,DEBRIS,36862.0,DEBRIS,9.9003,0.0,NOMINAL,2026-03-07T02:31:40Z,455
59903.0,PAYLOAD,64086.0,PAYLOAD,9.9008,0.0,NOMINAL,2026-03-07T17:46:40Z,1370
59206.0,PAYLOAD,66526.0,PAYLOAD,9.9009,0.0,NOMINAL,2026-03-06T21:08:40Z,132
18765.0,DEBRIS,56271.0,DEBRIS,9.9013,0.0,NOMINAL,2026-03-07T02:22:40Z,446
63773.0,PAYLOAD,66173.0,PAYLOAD,9.9017,0.0,NOMINAL,2026-03-07T03:15:40Z,499
48653.0,PAYLOAD,61719.0,PAYLOAD,9.9027,0.0,NOMINAL,2026-03-07T17:51:40Z,1375
1683.0,DEBRIS,61880.0,PAYLOAD,9.9027,0.0,NOMINAL,2026-03-07T14:43:40Z,1187
54325.0,DEBRIS,56610.0,DEBRIS,9.9028,0.0,NOMINAL,2026-03-07T11:40:40Z,1004
30941.0,DEBRIS,42211.0,DEBRIS,9.9028,0.0,NOMINAL,2026-03-07T14:22:40Z,1166
59429.0,PAYLOAD,65626.0,PAYLOAD,9.9031,0.0,NOMINAL,2026-03-07T18:51:40Z,1435
59759.0,PAYLOAD,63276.0,PAYLOAD,9.9031,0.0,NOMINAL,2026-03-07T09:46:40Z,890
56351.0,PAYLOAD,57072.0,PAYLOAD,9.9036,0.0,NOMINAL,2026-03-06T21:08:40Z,132
270057.0,UNKNOWN,270149.0,UNKNOWN,9.9039,0.0,NOMINAL,2026-03-07T05:31:40Z,635
32172.0,DEBRIS,36375.0,DEBRIS,9.9039,0.0,NOMINAL,2026-03-07T00:38:40Z,342
32156.0,DEBRIS,64643.0,DEBRIS,9.9047,0.0,NOMINAL,2026-03-07T12:31:40Z,1055
59694.0,PAYLOAD,64451.0,PAYLOAD,9.9048,0.0,NOMINAL,2026-03-07T12:12:40Z,1036
62819.0,PAYLOAD,64387.0,PAYLOAD,9.9054,0.0,NOMINAL,2026-03-06T18:56:40Z,0
39100.0,DEBRIS,57337.0,PAYLOAD,9.9055,0.0,NOMINAL,2026-03-07T18:38:40Z,1422
5232.0,PAYLOAD,6395.0,ROCKET BODY,9.9056,0.0,NOMINAL,2026-03-07T04:32:40Z,576
47787.0,PAYLOAD,58863.0,PAYLOAD,9.9061,0.0,NOMINAL,2026-03-06T23:29:40Z,273
34965.0,DEBRIS,42920.0,PAYLOAD,9.9068,0.0,NOMINAL,2026-03-06T22:07:40Z,191
55196.0,DEBRIS,58997.0,PAYLOAD,9.9074,0.0,NOMINAL,2026-03-07T07:59:40Z,783
47789.0,PAYLOAD,64858.0,PAYLOAD,9.9074,0.0,NOMINAL,2026-03-07T17:08:40Z,1332
43297.0,DEBRIS,54982.0,DEBRIS,9.9077,0.0,NOMINAL,2026-03-06T22:32:40Z,216
58448.0,PAYLOAD,67033.0,PAYLOAD,9.9077,0.0,NOMINAL,2026-03-07T06:57:40Z,721
59168.0,PAYLOAD,64190.0,PAYLOAD,9.9079,0.0,NOMINAL,2026-03-07T15:55:40Z,1259
58004.0,PAYLOAD,65507.0,PAYLOAD,9.9082,0.0,NOMINAL,2026-03-07T01:17:40Z,381
58640.0,PAYLOAD,58974.0,PAYLOAD,9.9082,0.0,NOMINAL,2026-03-07T04:49:40Z,593
35262.0,DEBRIS,60758.0,DEBRIS,9.9091,0.0,NOMINAL,2026-03-06T21:28:40Z,152
61637.0,PAYLOAD,64120.0,PAYLOAD,9.9091,0.0,NOMINAL,2026-03-07T11:13:40Z,977
66872.0,PAYLOAD,66951.0,PAYLOAD,9.9091,0.0,NOMINAL,2026-03-07T05:43:40Z,647
28647.0,ROCKET BODY,66081.0,PAYLOAD,9.9114,0.0,NOMINAL,2026-03-07T11:44:40Z,1008
59644.0,PAYLOAD,65919.0,PAYLOAD,9.9119,0.0,NOMINAL,2026-03-07T17:47:40Z,1371
36326.0,DEBRIS,41878.0,ROCKET BODY,9.9121,0.0,NOMINAL,2026-03-07T03:42:40Z,526
5567.0,DEBRIS,43099.0,PAYLOAD,9.9129,0.0,NOMINAL,2026-03-07T14:38:40Z,1182
32369.0,DEBRIS,34459.0,DEBRIS,9.9137,0.0,NOMINAL,2026-03-07T14:06:40Z,1150
58734.0,PAYLOAD,67466.0,PAYLOAD,9.9137,0.0,NOMINAL,2026-03-07T02:15:40Z,439
3966.0,DEBRIS,61771.0,UNKNOWN,9.9142,0.0,NOMINAL,2026-03-07T09:01:40Z,845
32790.0,PAYLOAD,56129.0,PAYLOAD,9.9142,0.0,NOMINAL,2026-03-07T16:55:40Z,1319
47385.0,PAYLOAD,52503.0,PAYLOAD,9.9142,0.0,NOMINAL,2026-03-07T12:53:40Z,1077
64049.0,UNKNOWN,67265.0,UNKNOWN,9.9148,0.0,NOMINAL,2026-03-07T17:17:40Z,1341
59458.0,PAYLOAD,59769.0,PAYLOAD,9.9149,0.0,NOMINAL,2026-03-07T04:14:40Z,558
53220.0,PAYLOAD,56604.0,DEBRIS,9.915,0.0,NOMINAL,2026-03-07T12:30:40Z,1054
40447.0,DEBRIS,56659.0,DEBRIS,9.9153,0.0,NOMINAL,2026-03-07T17:52:40Z,1376
59724.0,PAYLOAD,66230.0,PAYLOAD,9.9153,0.0,NOMINAL,2026-03-07T09:55:40Z,899
38536.0,DEBRIS,49003.0,UNKNOWN,9.9158,0.0,NOMINAL,2026-03-06T19:41:40Z,45
60017.0,PAYLOAD,66598.0,PAYLOAD,9.9162,0.0,NOMINAL,2026-03-07T16:44:40Z,1308
66087.0,PAYLOAD,66801.0,PAYLOAD,9.9186,0.0,NOMINAL,2026-03-07T10:50:40Z,954
40244.0,DEBRIS,63248.0,PAYLOAD,9.9188,0.0,NOMINAL,2026-03-07T05:07:40Z,611
61896.0,UNKNOWN,66712.0,PAYLOAD,9.9189,0.0,NOMINAL,2026-03-07T07:58:40Z,782
61627.0,PAYLOAD,65221.0,PAYLOAD,9.9192,0.0,NOMINAL,2026-03-07T15:24:40Z,1228
47789.0,PAYLOAD,53610.0,PAYLOAD,9.9195,0.0,NOMINAL,2026-03-07T14:06:40Z,1150
48270.0,PAYLOAD,54824.0,PAYLOAD,9.9202,0.0,NOMINAL,2026-03-07T04:40:40Z,584
51962.0,PAYLOAD,60264.0,PAYLOAD,9.9205,0.0,NOMINAL,2026-03-07T05:28:40Z,632
66372.0,PAYLOAD,67451.0,PAYLOAD,9.9205,0.0,NOMINAL,2026-03-07T06:48:40Z,712
58605.0,PAYLOAD,63808.0,PAYLOAD,9.9213,0.0,NOMINAL,2026-03-06T19:09:40Z,13
9713.0,DEBRIS,66189.0,PAYLOAD,9.9218,0.0,NOMINAL,2026-03-06T21:24:40Z,148
59390.0,PAYLOAD,63564.0,PAYLOAD,9.9219,0.0,NOMINAL,2026-03-07T06:00:40Z,664
58673.0,PAYLOAD,66467.0,PAYLOAD,9.922,0.0,NOMINAL,2026-03-07T16:55:40Z,1319
33789.0,DEBRIS,49018.0,PAYLOAD,9.9222,0.0,NOMINAL,2026-03-07T13:17:40Z,1101
3911.0,DEBRIS,30918.0,DEBRIS,9.9228,0.0,NOMINAL,2026-03-07T13:17:40Z,1101
52454.0,PAYLOAD,57084.0,PAYLOAD,9.923,0.0,NOMINAL,2026-03-07T12:17:40Z,1041
790.0,DEBRIS,67998.0,PAYLOAD,9.9231,0.0,NOMINAL,2026-03-06T20:52:40Z,116
62042.0,PAYLOAD,64772.0,PAYLOAD,9.9232,0.0,NOMINAL,2026-03-07T18:32:40Z,1416
67163.0,PAYLOAD,67313.0,PAYLOAD,9.9243,0.0,NOMINAL,2026-03-07T10:33:40Z,937
41222.0,DEBRIS,54292.0,DEBRIS,9.9245,0.0,NOMINAL,2026-03-07T16:00:40Z,1264
6223.0,ROCKET BODY,6930.0,DEBRIS,9.9246,0.0,NOMINAL,2026-03-06T22:13:40Z,197
58113.0,PAYLOAD,58480.0,PAYLOAD,9.9247,0.0,NOMINAL,2026-03-07T05:57:40Z,661
51973.0,PAYLOAD,53562.0,PAYLOAD,9.9251,0.0,NOMINAL,2026-03-07T08:33:40Z,817
63411.0,PAYLOAD,66275.0,PAYLOAD,9.9264,0.0,NOMINAL,2026-03-07T10:55:40Z,959
64206.0,PAYLOAD,67420.0,PAYLOAD,9.9269,0.0,NOMINAL,2026-03-06T23:01:40Z,245
2389.0,PAYLOAD,66043.0,PAYLOAD,9.9276,0.0,NOMINAL,2026-03-07T13:22:40Z,1106
1933.0,DEBRIS,61776.0,UNKNOWN,9.9277,0.0,NOMINAL,2026-03-07T01:56:40Z,420
66678.0,PAYLOAD,66739.0,PAYLOAD,9.9285,0.0,NOMINAL,2026-03-07T11:49:40Z,1013
31988.0,DEBRIS,36858.0,DEBRIS,9.9288,0.0,NOMINAL,2026-03-07T04:10:40Z,554
57997.0,PAYLOAD,58451.0,PAYLOAD,9.9289,0.0,NOMINAL,2026-03-07T10:10:40Z,914
63770.0,PAYLOAD,64211.0,PAYLOAD,9.9295,0.0,NOMINAL,2026-03-06T21:26:40Z,150
590.0,PAYLOAD,3942.0,DEBRIS,9.9299,0.0,NOMINAL,2026-03-07T00:59:40Z,363
45098.0,PAYLOAD,53139.0,PAYLOAD,9.9301,0.0,NOMINAL,2026-03-07T03:55:40Z,539
63453.0,PAYLOAD,64145.0,PAYLOAD,9.9308,0.0,NOMINAL,2026-03-07T11:54:40Z,1018
925.0,DEBRIS,1866.0,PAYLOAD,9.9311,0.0,NOMINAL,2026-03-07T12:07:40Z,1031
66936.0,PAYLOAD,67520.0,PAYLOAD,9.9312,0.0,NOMINAL,2026-03-07T16:07:40Z,1271
17619.0,DEBRIS,35834.0,DEBRIS,9.9319,0.0,NOMINAL,2026-03-06T22:49:40Z,233
4564.0,PAYLOAD,42207.0,DEBRIS,9.9337,0.0,NOMINAL,2026-03-07T00:38:40Z,342
58365.0,PAYLOAD,66506.0,PAYLOAD,9.9339,0.0,NOMINAL,2026-03-07T06:47:40Z,711
57192.0,UNKNOWN,67682.0,UNKNOWN,9.9341,0.0,NOMINAL,2026-03-07T03:18:40Z,502
59203.0,PAYLOAD,63831.0,PAYLOAD,9.9354,0.0,NOMINAL,2026-03-07T15:33:40Z,1237
48431.0,PAYLOAD,52670.0,PAYLOAD,9.936,0.0,NOMINAL,2026-03-07T15:08:40Z,1212
8480.0,DEBRIS,8750.0,ROCKET BODY,9.9363,0.0,NOMINAL,2026-03-07T00:43:40Z,347
56290.0,PAYLOAD,66345.0,PAYLOAD,9.9365,0.0,NOMINAL,2026-03-07T03:00:40Z,484
59477.0,PAYLOAD,64209.0,PAYLOAD,9.9365,0.0,NOMINAL,2026-03-06T19:55:40Z,59
48304.0,PAYLOAD,52986.0,PAYLOAD,9.9366,0.0,NOMINAL,2026-03-07T00:15:40Z,319
41350.0,DEBRIS,43298.0,DEBRIS,9.9371,0.0,NOMINAL,2026-03-07T13:30:40Z,1114
6394.0,PAYLOAD,67893.0,PAYLOAD,9.9373,0.0,NOMINAL,2026-03-07T03:53:40Z,537
56164.0,PAYLOAD,270229.0,UNKNOWN,9.9375,0.0,NOMINAL,2026-03-06T18:57:40Z,1
61714.0,PAYLOAD,63151.0,PAYLOAD,9.9403,0.0,NOMINAL,2026-03-07T14:59:40Z,1203
29784.0,DEBRIS,54953.0,DEBRIS,9.9403,0.0,NOMINAL,2026-03-07T07:46:40Z,770
62233.0,PAYLOAD,67779.0,PAYLOAD,9.9404,0.0,NOMINAL,2026-03-07T00:44:40Z,348
3913.0,DEBRIS,10495.0,DEBRIS,9.9407,0.0,NOMINAL,2026-03-07T02:59:40Z,483
63372.0,PAYLOAD,66816.0,PAYLOAD,9.9409,0.0,NOMINAL,2026-03-07T12:17:40Z,1041
43808.0,PAYLOAD,64675.0,PAYLOAD,9.9411,0.0,NOMINAL,2026-03-07T17:30:40Z,1354
605.0,ROCKET BODY,10151.0,ROCKET BODY,9.9414,0.0,NOMINAL,2026-03-07T06:30:40Z,694
57067.0,PAYLOAD,61898.0,UNKNOWN,9.9415,0.0,NOMINAL,2026-03-06T21:38:40Z,162
58550.0,PAYLOAD,63779.0,PAYLOAD,9.942,0.0,NOMINAL,2026-03-07T09:07:40Z,851
56866.0,UNKNOWN,66508.0,PAYLOAD,9.9421,0.0,NOMINAL,2026-03-06T19:19:40Z,23
57052.0,PAYLOAD,81323.0,UNKNOWN,9.9426,0.0,NOMINAL,2026-03-07T04:30:40Z,574
57819.0,PAYLOAD,59669.0,PAYLOAD,9.9428,0.0,NOMINAL,2026-03-07T03:29:40Z,513
60479.0,PAYLOAD,64256.0,PAYLOAD,9.943,0.0,NOMINAL,2026-03-07T11:22:40Z,986
8756.0,DEBRIS,56153.0,UNKNOWN,9.943,0.0,NOMINAL,2026-03-07T14:49:40Z,1193
57636.0,PAYLOAD,66340.0,PAYLOAD,9.944,0.0,NOMINAL,2026-03-07T14:06:40Z,1150
62782.0,PAYLOAD,63407.0,PAYLOAD,9.9454,0.0,NOMINAL,2026-03-07T12:18:40Z,1042
62626.0,PAYLOAD,66730.0,PAYLOAD,9.9454,0.0,NOMINAL,2026-03-07T17:14:40Z,1338
62316.0,PAYLOAD,64880.0,UNKNOWN,9.946,0.0,NOMINAL,2026-03-07T16:26:40Z,1290
7168.0,DEBRIS,11882.0,PAYLOAD,9.946,0.0,NOMINAL,2026-03-07T06:39:40Z,703
21287.0,DEBRIS,38380.0,DEBRIS,9.9469,0.0,NOMINAL,2026-03-06T22:10:40Z,194
65284.0,PAYLOAD,87328.0,TBA,9.9475,0.0,NOMINAL,2026-03-07T05:45:40Z,649
30139.0,DEBRIS,42554.0,DEBRIS,9.9475,0.0,NOMINAL,2026-03-07T18:14:40Z,1398
56138.0,PAYLOAD,57387.0,PAYLOAD,9.9482,0.0,NOMINAL,2026-03-07T10:03:40Z,907
48116.0,PAYLOAD,58529.0,PAYLOAD,9.9484,0.0,NOMINAL,2026-03-07T03:13:40Z,497
59312.0,PAYLOAD,59436.0,PAYLOAD,9.9489,0.0,NOMINAL,2026-03-07T15:41:40Z,1245
47837.0,PAYLOAD,54055.0,PAYLOAD,9.9493,0.0,NOMINAL,2026-03-07T07:03:40Z,727
10478.0,DEBRIS,63804.0,PAYLOAD,9.9494,0.0,NOMINAL,2026-03-07T03:21:40Z,505
3325.0,DEBRIS,38767.0,PAYLOAD,9.9495,0.0,NOMINAL,2026-03-07T13:47:40Z,1131
59809.0,UNKNOWN,62204.0,PAYLOAD,9.9499,0.0,NOMINAL,2026-03-07T17:46:40Z,1370
66529.0,PAYLOAD,66896.0,PAYLOAD,9.9503,0.0,NOMINAL,2026-03-06T20:40:40Z,104
48120.0,PAYLOAD,65471.0,PAYLOAD,9.9504,0.0,NOMINAL,2026-03-07T12:23:40Z,1047
10027.0,DEBRIS,10073.0,DEBRIS,9.9508,0.0,NOMINAL,2026-03-07T05:37:40Z,641
40975.0,PAYLOAD,57237.0,PAYLOAD,9.9515,0.0,NOMINAL,2026-03-07T13:42:40Z,1126
39929.0,DEBRIS,43811.0,PAYLOAD,9.9516,0.0,NOMINAL,2026-03-07T10:33:40Z,937
50823.0,PAYLOAD,57748.0,PAYLOAD,9.9521,0.0,NOMINAL,2026-03-07T12:30:40Z,1054
58219.0,PAYLOAD,61850.0,PAYLOAD,9.9522,0.0,NOMINAL,2026-03-06T19:19:40Z,23
28353.0,ROCKET BODY,30906.0,DEBRIS,9.9522,0.0,NOMINAL,2026-03-06T21:55:40Z,179
11689.0,DEBRIS,67879.0,PAYLOAD,9.9522,0.0,NOMINAL,2026-03-07T16:40:40Z,1304
45071.0,PAYLOAD,59349.0,PAYLOAD,9.9523,0.0,NOMINAL,2026-03-07T09:40:40Z,884
65891.0,PAYLOAD,66345.0,PAYLOAD,9.9527,0.0,NOMINAL,2026-03-07T14:18:40Z,1162
44312.0,UNKNOWN,63828.0,PAYLOAD,9.9528,0.0,NOMINAL,2026-03-07T02:44:40Z,468
46047.0,PAYLOAD,59195.0,PAYLOAD,9.9534,0.0,NOMINAL,2026-03-06T22:01:40Z,185
47650.0,PAYLOAD,58051.0,PAYLOAD,9.954,0.0,NOMINAL,2026-03-07T12:48:40Z,1072
59573.0,PAYLOAD,60336.0,PAYLOAD,9.9544,0.0,NOMINAL,2026-03-07T15:29:40Z,1233
62956.0,PAYLOAD,66498.0,PAYLOAD,9.9547,0.0,NOMINAL,2026-03-07T17:10:40Z,1334
25246.0,DEBRIS,35200.0,DEBRIS,9.9549,0.0,NOMINAL,2026-03-06T23:16:40Z,260
38262.0,DEBRIS,41532.0,DEBRIS,9.955,0.0,NOMINAL,2026-03-07T13:18:40Z,1102
30960.0,DEBRIS,63153.0,PAYLOAD,9.9553,0.0,NOMINAL,2026-03-07T04:44:40Z,588
54564.0,DEBRIS,61122.0,DEBRIS,9.9563,0.0,NOMINAL,2026-03-06T19:07:40Z,11
59469.0,PAYLOAD,66237.0,PAYLOAD,9.9563,0.0,NOMINAL,2026-03-07T00:45:40Z,349
62382.0,PAYLOAD,66372.0,PAYLOAD,9.9568,0.0,NOMINAL,2026-03-06T22:55:40Z,239
17359.0,PAYLOAD,39719.0,DEBRIS,9.9574,0.0,NOMINAL,2026-03-07T08:54:40Z,838
63678.0,PAYLOAD,63825.0,PAYLOAD,9.9575,0.0,NOMINAL,2026-03-07T06:33:40Z,697
49077.0,PAYLOAD,50498.0,PAYLOAD,9.9581,0.0,NOMINAL,2026-03-07T04:52:40Z,596
8863.0,ROCKET BODY,29669.0,ROCKET BODY,9.9582,0.0,NOMINAL,2026-03-07T14:44:40Z,1188
29094.0,DEBRIS,61829.0,DEBRIS,9.9584,0.0,NOMINAL,2026-03-07T08:43:40Z,827
8542.0,DEBRIS,43370.0,DEBRIS,9.9591,0.0,NOMINAL,2026-03-07T17:52:40Z,1376
62823.0,PAYLOAD,63897.0,PAYLOAD,9.9592,0.0,NOMINAL,2026-03-07T06:12:40Z,676
40019.0,PAYLOAD,43462.0,ROCKET BODY,9.9603,0.0,NOMINAL,2026-03-06T23:56:40Z,300
29815.0,DEBRIS,36711.0,DEBRIS,9.9604,0.0,NOMINAL,2026-03-07T13:27:40Z,1111
28415.0,ROCKET BODY,66237.0,PAYLOAD,9.9617,0.0,NOMINAL,2026-03-07T08:39:40Z,823
58856.0,PAYLOAD,66408.0,PAYLOAD,9.9618,0.0,NOMINAL,2026-03-07T16:24:40Z,1288
58206.0,PAYLOAD,63716.0,PAYLOAD,9.9619,0.0,NOMINAL,2026-03-07T11:53:40Z,1017
45668.0,PAYLOAD,52499.0,PAYLOAD,9.9627,0.0,NOMINAL,2026-03-07T09:54:40Z,898
54678.0,PAYLOAD,55719.0,DEBRIS,9.9627,0.0,NOMINAL,2026-03-07T04:29:40Z,573
60498.0,PAYLOAD,65899.0,PAYLOAD,9.9628,0.0,NOMINAL,2026-03-07T03:10:40Z,494
59539.0,PAYLOAD,62780.0,PAYLOAD,9.963,0.0,NOMINAL,2026-03-07T16:25:40Z,1289
56301.0,PAYLOAD,63961.0,PAYLOAD,9.9633,0.0,NOMINAL,2026-03-07T17:31:40Z,1355
46079.0,PAYLOAD,53909.0,PAYLOAD,9.9634,0.0,NOMINAL,2026-03-07T13:08:40Z,1092
63861.0,PAYLOAD,64444.0,PAYLOAD,9.9637,0.0,NOMINAL,2026-03-07T00:03:40Z,307
62738.0,PAYLOAD,67138.0,PAYLOAD,9.964,0.0,NOMINAL,2026-03-07T07:53:40Z,777
5331.0,PAYLOAD,28078.0,PAYLOAD,9.9644,0.0,NOMINAL,2026-03-07T14:52:40Z,1196
58228.0,PAYLOAD,60272.0,PAYLOAD,9.9652,0.0,NOMINAL,2026-03-06T20:37:40Z,101
66738.0,PAYLOAD,66753.0,PAYLOAD,9.9657,0.0,NOMINAL,2026-03-07T17:45:40Z,1369
52605.0,PAYLOAD,88812.0,TBA,9.9658,0.0,NOMINAL,2026-03-07T01:24:40Z,388
60140.0,PAYLOAD,63994.0,PAYLOAD,9.9661,0.0,NOMINAL,2026-03-07T16:38:40Z,1302
29979.0,DEBRIS,55557.0,DEBRIS,9.9661,0.0,NOMINAL,2026-03-07T12:46:40Z,1070
62039.0,PAYLOAD,66079.0,PAYLOAD,9.9665,0.0,NOMINAL,2026-03-07T18:52:40Z,1436
63222.0,PAYLOAD,67259.0,UNKNOWN,9.9669,0.0,NOMINAL,2026-03-07T13:33:40Z,1117
8340.0,DEBRIS,60114.0,PAYLOAD,9.9678,0.0,NOMINAL,2026-03-07T14:49:40Z,1193
48432.0,PAYLOAD,52702.0,PAYLOAD,9.9684,0.0,NOMINAL,2026-03-07T00:21:40Z,325
59585.0,PAYLOAD,66905.0,PAYLOAD,9.9685,0.0,NOMINAL,2026-03-07T01:57:40Z,421
59521.0,PAYLOAD,61525.0,PAYLOAD,9.9692,0.0,NOMINAL,2026-03-06T23:43:40Z,287
53701.0,PAYLOAD,87725.0,UNKNOWN,9.9701,0.0,NOMINAL,2026-03-07T08:21:40Z,805
66356.0,PAYLOAD,66427.0,PAYLOAD,9.971,0.0,NOMINAL,2026-03-07T00:54:40Z,358
19027.0,DEBRIS,64632.0,DEBRIS,9.9716,0.0,NOMINAL,2026-03-07T06:00:40Z,664
47788.0,PAYLOAD,64773.0,PAYLOAD,9.9718,0.0,NOMINAL,2026-03-06T22:03:40Z,187
57531.0,PAYLOAD,61968.0,PAYLOAD,9.972,0.0,NOMINAL,2026-03-07T14:28:40Z,1172
59846.0,PAYLOAD,60601.0,PAYLOAD,9.9721,0.0,NOMINAL,2026-03-07T08:54:40Z,838
5830.0,DEBRIS,55778.0,PAYLOAD,9.9721,0.0,NOMINAL,2026-03-07T00:01:40Z,305
60282.0,PAYLOAD,62606.0,PAYLOAD,9.9722,0.0,NOMINAL,2026-03-07T15:32:40Z,1236
42947.0,PAYLOAD,64848.0,PAYLOAD,9.9734,0.0,NOMINAL,2026-03-06T19:41:40Z,45
57526.0,PAYLOAD,58151.0,PAYLOAD,9.9737,0.0,NOMINAL,2026-03-07T07:55:40Z,779
59905.0,PAYLOAD,64616.0,PAYLOAD,9.9738,0.0,NOMINAL,2026-03-07T16:19:40Z,1283
58741.0,PAYLOAD,61004.0,PAYLOAD,9.9739,0.0,NOMINAL,2026-03-07T02:56:40Z,480
41156.0,DEBRIS,54632.0,DEBRIS,9.974,0.0,NOMINAL,2026-03-07T02:11:40Z,435
8500.0,DEBRIS,53438.0,PAYLOAD,9.9741,0.0,NOMINAL,2026-03-07T10:03:40Z,907
23259.0,DEBRIS,60657.0,DEBRIS,9.9742,0.0,NOMINAL,2026-03-07T04:03:40Z,547
59007.0,PAYLOAD,65363.0,PAYLOAD,9.9744,0.0,NOMINAL,2026-03-07T17:42:40Z,1366
58037.0,PAYLOAD,59169.0,PAYLOAD,9.9748,0.0,NOMINAL,2026-03-07T04:39:40Z,583
41468.0,ROCKET BODY,58808.0,PAYLOAD,9.976,0.0,NOMINAL,2026-03-07T12:57:40Z,1081
42145.0,DEBRIS,57226.0,PAYLOAD,9.9765,0.0,NOMINAL,2026-03-07T04:54:40Z,598
62119.0,PAYLOAD,63072.0,PAYLOAD,9.9769,0.0,NOMINAL,2026-03-07T04:53:40Z,597
58080.0,PAYLOAD,59033.0,PAYLOAD,9.9772,0.0,NOMINAL,2026-03-07T15:48:40Z,1252
28329.0,DEBRIS,81824.0,UNKNOWN,9.9774,0.0,NOMINAL,2026-03-07T01:11:40Z,375
36731.0,DEBRIS,60857.0,DEBRIS,9.9782,0.0,NOMINAL,2026-03-07T05:24:40Z,628
58536.0,PAYLOAD,62481.0,PAYLOAD,9.9789,0.0,NOMINAL,2026-03-07T00:11:40Z,315
62524.0,PAYLOAD,63999.0,PAYLOAD,9.9795,0.0,NOMINAL,2026-03-07T15:27:40Z,1231
57878.0,PAYLOAD,62755.0,PAYLOAD,9.9807,0.0,NOMINAL,2026-03-06T23:46:40Z,290
2755.0,ROCKET BODY,66037.0,PAYLOAD,9.9808,0.0,NOMINAL,2026-03-06T23:28:40Z,272
37331.0,DEBRIS,37387.0,PAYLOAD,9.9809,0.0,NOMINAL,2026-03-07T13:12:40Z,1096
63146.0,PAYLOAD,64118.0,PAYLOAD,9.9818,0.0,NOMINAL,2026-03-06T21:05:40Z,129
57607.0,PAYLOAD,61858.0,PAYLOAD,9.982,0.0,NOMINAL,2026-03-06T21:54:40Z,178
43779.0,PAYLOAD,65258.0,PAYLOAD,9.9827,0.0,NOMINAL,2026-03-07T07:41:40Z,765
54042.0,PAYLOAD,65481.0,PAYLOAD,9.9828,0.0,NOMINAL,2026-03-07T04:35:40Z,579
58000.0,PAYLOAD,65104.0,PAYLOAD,9.9835,0.0,NOMINAL,2026-03-07T00:09:40Z,313
47910.0,PAYLOAD,59537.0,PAYLOAD,9.9837,0.0,NOMINAL,2026-03-07T01:50:40Z,414
18512.0,DEBRIS,65280.0,PAYLOAD,9.9839,0.0,NOMINAL,2026-03-07T14:53:40Z,1197
59477.0,PAYLOAD,62806.0,PAYLOAD,9.986,0.0,NOMINAL,2026-03-07T15:33:40Z,1237
38806.0,DEBRIS,65008.0,DEBRIS,9.986,0.0,NOMINAL,2026-03-07T18:02:40Z,1386
47368.0,PAYLOAD,53289.0,PAYLOAD,9.9862,0.0,NOMINAL,2026-03-07T13:59:40Z,1143
23815.0,ROCKET BODY,56613.0,DEBRIS,9.9864,0.0,NOMINAL,2026-03-07T17:28:40Z,1352
43160.0,PAYLOAD,61890.0,PAYLOAD,9.9864,0.0,NOMINAL,2026-03-07T05:23:40Z,627
50195.0,PAYLOAD,67587.0,DEBRIS,9.9868,0.0,NOMINAL,2026-03-07T00:57:40Z,361
59043.0,PAYLOAD,66875.0,PAYLOAD,9.9868,0.0,NOMINAL,2026-03-07T17:24:40Z,1348
2091.0,PAYLOAD,10762.0,DEBRIS,9.9874,0.0,NOMINAL,2026-03-06T20:56:40Z,120
62207.0,PAYLOAD,66853.0,PAYLOAD,9.9878,0.0,NOMINAL,2026-03-06T23:02:40Z,246
309.0,PAYLOAD,29108.0,PAYLOAD,9.9885,0.0,NOMINAL,2026-03-06T23:10:40Z,254
30596.0,DEBRIS,85373.0,UNKNOWN,9.9886,0.0,NOMINAL,2026-03-07T01:20:40Z,384
22611.0,DEBRIS,38263.0,DEBRIS,9.9888,0.0,NOMINAL,2026-03-07T00:31:40Z,335
26126.0,DEBRIS,46467.0,DEBRIS,9.9891,0.0,NOMINAL,2026-03-06T19:05:40Z,9
48359.0,PAYLOAD,66238.0,PAYLOAD,9.9892,0.0,NOMINAL,2026-03-07T10:00:40Z,904
66669.0,UNKNOWN,66725.0,PAYLOAD,9.9894,0.0,NOMINAL,2026-03-07T11:46:40Z,1010
56893.0,PAYLOAD,65791.0,PAYLOAD,9.9896,0.0,NOMINAL,2026-03-07T11:33:40Z,997
57778.0,PAYLOAD,63411.0,PAYLOAD,9.9899,0.0,NOMINAL,2026-03-07T09:23:40Z,867
62137.0,PAYLOAD,65218.0,PAYLOAD,9.99,0.0,NOMINAL,2026-03-07T17:39:40Z,1363
48280.0,PAYLOAD,52298.0,PAYLOAD,9.99,0.0,NOMINAL,2026-03-07T00:38:40Z,342
48300.0,PAYLOAD,59342.0,PAYLOAD,9.9903,0.0,NOMINAL,2026-03-07T14:45:40Z,1189
13539.0,DEBRIS,20682.0,PAYLOAD,9.9906,0.0,NOMINAL,2026-03-07T11:24:40Z,988
1596.0,DEBRIS,66078.0,PAYLOAD,9.9906,0.0,NOMINAL,2026-03-07T14:36:40Z,1180
59079.0,PAYLOAD,65874.0,PAYLOAD,9.9907,0.0,NOMINAL,2026-03-07T04:43:40Z,587
61515.0,PAYLOAD,65931.0,PAYLOAD,9.9912,0.0,NOMINAL,2026-03-07T03:44:40Z,528
58521.0,PAYLOAD,61628.0,PAYLOAD,9.9913,0.0,NOMINAL,2026-03-07T01:51:40Z,415
64879.0,UNKNOWN,67690.0,ROCKET BODY,9.9917,0.0,NOMINAL,2026-03-07T14:54:40Z,1198
59409.0,PAYLOAD,67182.0,PAYLOAD,9.9918,0.0,NOMINAL,2026-03-07T14:00:40Z,1144
65889.0,PAYLOAD,66511.0,PAYLOAD,9.9918,0.0,NOMINAL,2026-03-07T00:58:40Z,362
45676.0,PAYLOAD,61063.0,PAYLOAD,9.9919,0.0,NOMINAL,2026-03-07T18:47:40Z,1431
58523.0,PAYLOAD,65219.0,PAYLOAD,9.9919,0.0,NOMINAL,2026-03-06T18:58:40Z,2
64014.0,PAYLOAD,66952.0,PAYLOAD,9.9922,0.0,NOMINAL,2026-03-07T02:09:40Z,433
22406.0,DEBRIS,31670.0,DEBRIS,9.9936,0.0,NOMINAL,2026-03-07T01:13:40Z,377
51444.0,PAYLOAD,65762.0,PAYLOAD,9.9936,0.0,NOMINAL,2026-03-07T01:47:40Z,411
56297.0,PAYLOAD,66348.0,PAYLOAD,9.9938,0.0,NOMINAL,2026-03-06T22:25:40Z,209
667.0,DEBRIS,3830.0,PAYLOAD,9.9942,0.0,NOMINAL,2026-03-07T17:21:40Z,1345
57525.0,PAYLOAD,65679.0,PAYLOAD,9.9952,0.0,NOMINAL,2026-03-07T08:25:40Z,809
62639.0,PAYLOAD,63214.0,UNKNOWN,9.9956,0.0,NOMINAL,2026-03-06T21:21:40Z,145
66255.0,PAYLOAD,67430.0,PAYLOAD,9.9963,0.0,NOMINAL,2026-03-07T12:11:40Z,1035
12551.0,DEBRIS,14740.0,DEBRIS,9.9964,0.0,NOMINAL,2026-03-07T15:03:40Z,1207
60082.0,PAYLOAD,61842.0,DEBRIS,9.9966,0.0,NOMINAL,2026-03-06T21:09:40Z,133
31030.0,DEBRIS,41358.0,DEBRIS,9.9966,0.0,NOMINAL,2026-03-06T23:18:40Z,262
59416.0,PAYLOAD,62755.0,PAYLOAD,9.997,0.0,NOMINAL,2026-03-06T19:25:40Z,29
46074.0,PAYLOAD,53025.0,PAYLOAD,9.9978,0.0,NOMINAL,2026-03-07T16:29:40Z,1293
8922.0,PAYLOAD,52376.0,PAYLOAD,9.9994,0.0,NOMINAL,2026-03-06T21:39:40Z,163
6107.0,DEBRIS,52893.0,DEBRIS,9.9996,0.0,NOMINAL,2026-03-07T14:35:40Z,1179
9712.0,DEBRIS,87650.0,UNKNOWN,9.9999,0.0,NOMINAL,2026-03-07T11:13:40Z,977
