epoch,tle1,tle2
2024-01-01T01:58:07.346208+00:00,1 39634U 14016A   24001.08202947  .00000248  00000-0  62414-4 0  9991,2 39634  98.1820  10.5957 0001283  90.4770 269.6577 14.59199109519075
2024-01-01T11:50:34.491264+00:00,1 39634U 14016A   24001.49345476  .00000255  00000-0  63674-4 0  9998,2 39634  98.1818  11.0005 0001209  93.6220 266.5118 14.59220261519133
2024-01-01T13:29:18.971232+00:00,1 39634U 14016A   24001.56202513  .00000246  00000-0  61892-4 0  9990,2 39634  98.1819  11.0679 0001225  89.9254 270.2086 14.59221929519110
2024-01-01T18:25:32.512224+00:00,1 39634U 14016A   24001.76773741  .00000244  00000-0  61385-4 0  9993,2 39634  98.1820  11.2714 0001259  93.1068 267.0276 14.59206039519177
2024-01-01T21:43:01.644960+00:00,1 39634U 14016A   24001.90488015  .00000249  00000-0  62540-4 0  9995,2 39634  98.1822  11.4068 0001252  91.5593 268.5750 14.59202393519162
2024-01-02T02:39:15.433920+00:00,1 39634U 14016A   24002.11059530  .00000246  00000-0  61985-4 0  9994,2 39634  98.1821  11.6093 0001291  91.0707 269.0641 14.59195821519225
2024-01-02T10:52:58.334016+00:00,1 39634U 14016A   24002.45345294  .00000473  00000-0  10997-3 0  9994,2 39634  98.1822  11.9472 0001309  90.1801 269.9548 14.59196706519278
2024-01-02T14:10:27.502176+00:00,1 39634U 14016A   24002.59059609  .00000445  00000-0  10411-3 0  9991,2 39634  98.1821  12.0823 0001303  90.3008 269.8341 14.59196659519260
2024-01-02T17:27:56.661696+00:00,1 39634U 14016A   24002.72773914  .00000403  00000-0  95197-4 0  9997,2 39634  98.1821  12.2175 0001304  90.3391 269.7958 14.59196753519312
2024-01-02T22:24:10.396224+00:00,1 39634U 14016A   24002.93345366  .00000379  00000-0  90043-4 0  9993,2 39634  98.1821  12.4202 0001300  90.6012 269.5337 14.59196837519316
2024-01-03T03:20:24.137664+00:00,1 39634U 14016A   24003.13916826  .00000376  00000-0  89424-4 0  9999,2 39634  98.1821  12.6229 0001307  90.1771 269.9579 14.59196957519372
2024-01-03T11:34:07.039488+00:00,1 39634U 14016A   24003.48202592  .00000240  00000-0  60639-4 0  9992,2 39634  98.1822  12.9608 0001306  90.3428 269.7922 14.59196977519425
2024-01-03T14:51:36.194688+00:00,1 39634U 14016A   24003.61916892  .00000228  00000-0  58029-4 0  9998,2 39634  98.1822  13.0959 0001305  90.3192 269.8157 14.59197043519418
2024-01-03T18:09:05.347296+00:00,1 39634U 14016A   24003.75631189  .00000268  00000-0  66647-4 0  9995,2 39634  98.1821  13.2311 0001306  90.2829 269.8520 14.59197200519462
2024-01-03T23:05:19.076640+00:00,1 39634U 14016A   24003.96202635  .00000292  00000-0  71660-4 0  9996,2 39634  98.1821  13.4338 0001302  90.3356 269.7993 14.59197454519469
2024-01-04T02:22:48.230112+00:00,1 39634U 14016A   24004.09916933  .00000291  00000-0  71541-4 0  9991,2 39634  98.1821  13.5689 0001302  90.2859 269.8489 14.59197544519513
2024-01-04T12:15:15.677568+00:00,1 39634U 14016A   24004.51059812  .00000318  00000-0  77144-4 0  9997,2 39634  98.1821  13.9744 0001308  90.3427 269.7922 14.59197895519573
2024-01-04T13:54:00.253440+00:00,1 39634U 14016A   24004.57916960  .00000310  00000-0  75383-4 0  9994,2 39634  98.1821  14.0420 0001308  90.2169 269.9180 14.59197892519551
2024-01-04T18:50:13.970688+00:00,1 39634U 14016A   24004.78488392  .00000336  00000-0  81065-4 0  9992,2 39634  98.1821  14.2447 0001307  89.9391 270.1959 14.59198131519615
2024-01-04T22:07:43.116384+00:00,1 39634U 14016A   24004.92202681  .00000338  00000-0  81469-4 0  9993,2 39634  98.1821  14.3798 0001306  89.8053 270.3296 14.59198259519604
2024-01-05T03:03:56.832768+00:00,1 39634U 14016A   24005.12774112  .00000338  00000-0  81391-4 0  9993,2 39634  98.1821  14.5826 0001306  90.0715 270.0634 14.59198435519662
2024-01-05T11:17:39.688800+00:00,1 39634U 14016A   24005.47059825  .00000359  00000-0  85888-4 0  9996,2 39634  98.1821  14.9204 0001308  90.1313 270.0036 14.59198861519718
2024-01-05T14:35:08.838816+00:00,1 39634U 14016A   24005.60774119  .00000372  00000-0  88649-4 0  9994,2 39634  98.1821  15.0556 0001308  90.0614 270.0735 14.59198936519701
2024-01-05T19:31:22.551744+00:00,1 39634U 14016A   24005.81345546  .00000361  00000-0  86323-4 0  9990,2 39634  98.1821  15.2583 0001304  90.1753 269.9596 14.59199048519767
2024-01-05T22:48:51.686208+00:00,1 39634U 14016A   24005.95059822  .00000364  00000-0  86908-4 0  9996,2 39634  98.1821  15.3935 0001303  90.0058 270.1291 14.59199217519758
2024-01-06T03:45:05.394816+00:00,1 39634U 14016A   24006.15631244  .00000358  00000-0  85589-4 0  9990,2 39634  98.1821  15.5962 0001304  90.1325 270.0024 14.59199359519816
2024-01-06T11:58:48.243936+00:00,1 39634U 14016A   24006.49916949  .00000327  00000-0  79019-4 0  9992,2 39634  98.1821  15.9340 0001303  90.2799 269.8550 14.59199537519835
2024-01-06T11:58:48.243936+00:00,1 39634U 14016A   24006.49916949  .00000327  00000-0  79019-4 0  9992,2 39634  98.1821  15.9340 0001303  90.2799 269.8550 14.59199537519868
2024-01-06T18:33:46.524096+00:00,1 39634U 14016A   24006.77345514  .00000298  00000-0  72899-4 0  9993,2 39634  98.1820  16.2043 0001305  90.0703 270.0646 14.59199619519902
2024-01-06T23:30:00.227520+00:00,1 39634U 14016A   24006.97916930  .00000263  00000-0  65521-4 0  9997,2 39634  98.1820  16.4070 0001302  90.0525 270.0823 14.59199625519907
2024-01-07T02:47:29.364576+00:00,1 39634U 14016A   24007.11631209  .00000252  00000-0  63147-4 0  9997,2 39634  98.1820  16.5422 0001303  90.1234 270.0115 14.59199671519958
2024-01-07T11:01:12.196416+00:00,1 39634U 14016A   24007.45916894  .00000256  00000-0  64064-4 0  9993,2 39634  98.1820  16.8801 0001306  90.2277 269.9072 14.59200005520004
2024-01-07T14:18:41.330880+00:00,1 39634U 14016A   24007.59631170  .00000269  00000-0  66686-4 0  9995,2 39634  98.1820  17.0152 0001307  89.9091 270.2259 14.59200147519991
2024-01-07T19:14:55.027392+00:00,1 39634U 14016A   24007.80202578  .00000268  00000-0  66546-4 0  9999,2 39634  98.1820  17.2179 0001305  89.8360 270.2989 14.59200266520059
2024-01-07T22:32:24.158400+00:00,1 39634U 14016A   24007.93916850  .00000250  00000-0  62744-4 0  9995,2 39634  98.1820  17.3531 0001304  89.7007 270.4342 14.59200266520042
2024-01-08T03:28:37.854912+00:00,1 39634U 14016A   24008.14488258  .00000256  00000-0  63929-4 0  9997,2 39634  98.1820  17.5558 0001307  89.4494 270.6856 14.59200400520102
2024-01-08T11:42:20.679840+00:00,1 39634U 14016A   24008.48773935  .00000246  00000-0  61866-4 0  9990,2 39634  98.1820  17.8937 0001311  89.2396 270.8954 14.59200580520155
2024-01-08T13:21:05.240160+00:00,1 39634U 14016A   24008.55631065  .00000256  00000-0  63937-4 0  9997,2 39634  98.1820  17.9612 0001310  89.3285 270.8065 14.59200686520131
2024-01-08T18:17:18.925440+00:00,1 39634U 14016A   24008.76202460  .00000276  00000-0  68169-4 0  9997,2 39634  98.1819  18.1640 0001305  89.6008 270.5341 14.59200863520190
2024-01-08T21:34:48.050400+00:00,1 39634U 14016A   24008.89916725  .00000276  00000-0  68349-4 0  9997,2 39634  98.1819  18.2991 0001303  89.6435 270.4914 14.59200971520186
2024-01-09T02:31:01.735680+00:00,1 39634U 14016A   24009.10488120  .00000279  00000-0  68893-4 0  9992,2 39634  98.1819  18.5019 0001301  89.7006 270.4342 14.59201121520243
2024-01-09T10:44:44.542464+00:00,1 39634U 14016A   24009.44773776  .00000285  00000-0  70195-4 0  9998,2 39634  98.1820  18.8397 0001306  89.4321 270.7029 14.59201379520294
2024-01-09T14:02:13.663104+00:00,1 39634U 14016A   24009.58488036  .00000295  00000-0  72370-4 0  9993,2 39634  98.1819  18.9749 0001305  89.5614 270.5735 14.59201538520287
2024-01-09T18:58:27.342336+00:00,1 39634U 14016A   24009.79059424  .00000297  00000-0  72780-4 0  9998,2 39634  98.1819  19.1776 0001303  89.6933 270.4416 14.59201670520342
2024-01-09T22:15:56.463840+00:00,1 39634U 14016A   24009.92773685  .00000284  00000-0  69895-4 0  9994,2 39634  98.1819  19.3127 0001301  89.7281 270.4068 14.59201701520336
2024-01-10T03:12:10.143936+00:00,1 39634U 14016A   24010.13345074  .00000283  00000-0  69746-4 0  9990,2 39634  98.1820  19.5155 0001303  89.3574 270.7775 14.59201832520393
2024-01-10T11:25:52.935168+00:00,1 39634U 14016A   24010.47630712  .00000281  00000-0  69306-4 0  9993,2 39634  98.1820  19.8533 0001306  89.2372 270.8977 14.59202073520410
2024-01-10T11:25:52.935168+00:00,1 39634U 14016A   24010.47630712  .00000281  00000-0  69306-4 0  9993,2 39634  98.1820  19.8533 0001306  89.2372 270.8977 14.59202073520443
2024-01-10T18:00:51.157440+00:00,1 39634U 14016A   24010.75059210  .00000314  00000-0  76407-4 0  9999,2 39634  98.1820  20.1236 0001302  89.4317 270.7032 14.59202417520482
2024-01-11T02:14:33.929664+00:00,1 39634U 14016A   24011.09344826  .00000345  00000-0  82852-4 0  9992,2 39634  98.1820  20.4615 0001298  89.3879 270.7469 14.59202864520538
2024-01-11T12:07:01.415136+00:00,1 39634U 14016A   24011.50487749  .00000333  00000-0  80253-4 0  9990,2 39634  98.1821  20.8668 0001314  87.7953 272.3397 14.59197260520592
2024-01-11T13:45:45.978048+00:00,1 39634U 14016A   24011.57344882  .00000358  00000-0  85567-4 0  9997,2 39634  98.1820  20.9344 0001296  87.2444 272.8904 14.59197872520578
2024-01-11T18:41:59.690976+00:00,1 39634U 14016A   24011.77916309  .00000358  00000-0  85560-4 0  9991,2 39634  98.1820  21.1372 0001282  89.2535 270.8811 14.59198062520634
2024-01-11T21:59:28.837536+00:00,1 39634U 14016A   24011.91630599  .00000362  00000-0  86532-4 0  9996,2 39634  98.1819  21.2723 0001280  89.3107 270.8240 14.59198194520628
2024-01-12T02:55:42.563424+00:00,1 39634U 14016A   24012.12202041  .00000304  00000-0  74188-4 0  9997,2 39634  98.1820  21.4751 0001283  89.3992 270.7354 14.59198235520685
2024-01-12T11:09:25.430688+00:00,1 39634U 14016A   24012.46487767  .00000328  00000-0  79226-4 0  9998,2 39634  98.1820  21.8129 0001285  89.6428 270.4919 14.59198574520733
2024-01-12T14:26:54.575520+00:00,1 39634U 14016A   24012.60202055  .00000332  00000-0  80128-4 0  9997,2 39634  98.1820  21.9481 0001284  89.5051 270.6296 14.59198682520724
2024-01-12T19:23:08.285856+00:00,1 39634U 14016A   24012.80773479  .00000354  00000-0  84872-4 0  9996,2 39634  98.1820  22.1508 0001277  89.4035 270.7311 14.59198915520784
2024-01-12T21:01:52.855680+00:00,1 39634U 14016A   24012.87630620  .00000349  00000-0  83819-4 0  9997,2 39634  98.1820  22.2184 0001276  89.5066 270.6280 14.59198942520761
2024-01-13T01:58:06.566880+00:00,1 39634U 14016A   24013.08202045  .00000349  00000-0  83831-4 0  9991,2 39634  98.1820  22.4211 0001274  89.3752 270.7594 14.59199122520829
2024-01-13T11:50:33.979776+00:00,1 39634U 14016A   24013.49344884  .00000380  00000-0  90325-4 0  9995,2 39634  98.1821  22.8265 0001278  89.4319 270.7027 14.59199557520886
2024-01-13T13:29:18.550464+00:00,1 39634U 14016A   24013.56202026  .00000413  00000-0  97234-4 0  9997,2 39634  98.1821  22.8941 0001278  89.4889 270.6457 14.59199770520860
2024-01-13T18:25:32.252160+00:00,1 39634U 14016A   24013.76773440  .00000414  00000-0  97514-4 0  9994,2 39634  98.1821  23.0968 0001278  89.6426 270.4921 14.59199933520923
2024-01-14T02:39:15.084000+00:00,1 39634U 14016A   24014.11059125  .00000406  00000-0  95797-4 0  9993,2 39634  98.1821  23.4347 0001275  89.5855 270.5491 14.59200206520974
2024-01-14T10:52:57.904608+00:00,1 39634U 14016A   24014.45344797  .00000431  00000-0  10103-3 0  9997,2 39634  98.1822  23.7725 0001278  89.4992 270.6354 14.59200630521029
2024-01-14T14:10:27.031296+00:00,1 39634U 14016A   24014.59059064  .00000447  00000-0  10447-3 0  9990,2 39634  98.1822  23.9077 0001276  89.5579 270.5767 14.59200855521016
2024-01-14T19:06:40.720032+00:00,1 39634U 14016A   24014.79630463  .00000448  00000-0  10464-3 0  9990,2 39634  98.1822  24.1104 0001277  89.6123 270.5223 14.59201032521078
2024-01-14T22:24:09.837216+00:00,1 39634U 14016A   24014.93344719  .00000473  00000-0  11009-3 0  9996,2 39634  98.1822  24.2456 0001274  89.5539 270.5807 14.59201319521061
2024-01-15T03:20:23.522496+00:00,1 39634U 14016A   24015.13916114  .00000470  00000-0  10943-3 0  9996,2 39634  98.1822  24.4483 0001276  89.5890 270.5456 14.59201498521120
2024-01-15T11:34:06.322368+00:00,1 39634U 14016A   24015.48201762  .00000470  00000-0  10947-3 0  9994,2 39634  98.1823  24.7861 0001277  89.5902 270.5444 14.59201872521177
2024-01-15T14:51:35.444736+00:00,1 39634U 14016A   24015.61916024  .00000446  00000-0  10423-3 0  9995,2 39634  98.1823  24.9213 0001277  89.6155 270.5191 14.59201851521166
2024-01-15T18:09:04.559328+00:00,1 39634U 14016A   24015.75630277  .00000454  00000-0  10598-3 0  9995,2 39634  98.1823  25.0564 0001276  89.6839 270.4506 14.59202011521219
2024-01-15T23:05:18.233376+00:00,1 39634U 14016A   24015.96201659  .00000444  00000-0  10396-3 0  9991,2 39634  98.1823  25.2592 0001273  89.6454 270.4892 14.59202157521211
2024-01-16T02:22:47.345376+00:00,1 39634U 14016A   24016.09915909  .00000448  00000-0  10473-3 0  9996,2 39634  98.1823  25.3943 0001273  89.6772 270.4573 14.59202317521264
2024-01-16T12:15:14.674464+00:00,1 39634U 14016A   24016.51058651  .00000464  00000-0  10817-3 0  9995,2 39634  98.1823  25.7998 0001274  89.7700 270.3645 14.59202891521324
2024-01-16T13:53:59.232192+00:00,1 39634U 14016A   24016.57915778  .00000449  00000-0  10489-3 0  9991,2 39634  98.1823  25.8673 0001275  89.7901 270.3445 14.59202865521306
2024-01-16T18:50:12.896736+00:00,1 39634U 14016A   24016.78487149  .00000453  00000-0  10580-3 0  9997,2 39634  98.1823  26.0701 0001279  89.4310 270.7037 14.59203039521367
2024-01-16T22:07:42.000960+00:00,1 39634U 14016A   24016.92201390  .00000441  00000-0  10316-3 0  9999,2 39634  98.1823  26.2052 0001276  89.5841 270.5505 14.59203133521357
2024-01-16T23:46:26.555232+00:00,1 39634U 14016A   24016.99058513  .00000433  00000-0  10146-3 0  9995,2 39634  98.1823  26.2728 0001273  89.9098 270.2247 14.59203173521390
2024-01-17T11:17:38.748768+00:00,1 39634U 14016A   24017.47058737  .00000455  00000-0  10614-3 0  9991,2 39634  98.1824  26.7460 0001285  89.6266 270.5081 14.59194634521464
2024-01-17T14:35:07.902240+00:00,1 39634U 14016A   24017.60773035  .00000472  00000-0  10994-3 0  9991,2 39634  98.1823  26.8812 0001267  90.1711 269.9633 14.59195505521459
2024-01-17T19:31:21.644544+00:00,1 39634U 14016A   24017.81344496  .00000472  00000-0  10989-3 0  9993,2 39634  98.1823  27.0838 0001259  90.0028 270.1315 14.59195979521514
2024-01-17T22:48:50.809248+00:00,1 39634U 14016A   24017.95058807  .00000453  00000-0  10571-3 0  9992,2 39634  98.1823  27.2190 0001253  90.1861 269.9483 14.59196040521508
2024-01-18T03:45:04.555008+00:00,1 39634U 14016A   24018.15630272  .00000450  00000-0  10525-3 0  9993,2 39634  98.1824  27.4217 0001253  89.9906 270.1437 14.59196245521563
2024-01-18T11:58:47.459424+00:00,1 39634U 14016A   24018.49916041  .00000607  00000-0  13837-3 0  9994,2 39634  98.1824  27.7595 0001258  90.1901 269.9442 14.59196791521613
2024-01-18T13:37:32.035296+00:00,1 39634U 14016A   24018.56773189  .00000623  00000-0  14179-3 0  9994,2 39634  98.1824  27.8271 0001256  90.0632 270.0712 14.59196939521597
2024-01-18T18:33:45.771552+00:00,1 39634U 14016A   24018.77344643  .00000622  00000-0  14155-3 0  9999,2 39634  98.1824  28.0299 0001258  90.1028 270.0316 14.59197163521659
2024-01-18T21:51:14.919840+00:00,1 39634U 14016A   24018.91058935  .00000615  00000-0  14008-3 0  9990,2 39634  98.1824  28.1651 0001256  90.2667 269.8676 14.59197345521646
2024-01-19T02:47:28.650048+00:00,1 39634U 14016A   24019.11630382  .00000610  00000-0  13912-3 0  9993,2 39634  98.1824  28.3678 0001259  90.3265 269.8079 14.59197585521705
2024-01-19T11:01:11.534592+00:00,1 39634U 14016A   24019.45916128  .00000630  00000-0  14330-3 0  9992,2 39634  98.1824  28.7056 0001256  90.2348 269.8996 14.59198109521753
2024-01-19T14:18:40.675968+00:00,1 39634U 14016A   24019.59630412  .00000603  00000-0  13764-3 0  9996,2 39634  98.1824  28.8408 0001254  90.0896 270.0448 14.59198159521749
2024-01-19T19:14:54.407904+00:00,1 39634U 14016A   24019.80201861  .00000491  00000-0  11381-3 0  9990,2 39634  98.1824  29.0436 0001258  90.5475 269.5869 14.59198074521808
2024-01-19T22:32:23.557920+00:00,1 39634U 14016A   24019.93916155  .00000440  00000-0  10301-3 0  9998,2 39634  98.1824  29.1787 0001257  90.7441 269.3903 14.59198065521797
2024-01-20T01:49:52.710528+00:00,1 39634U 14016A   24020.07630452  .00000431  00000-0  10111-3 0  9997,2 39634  98.1824  29.3139 0001264  90.0297 270.1048 14.59198153521844
2024-01-20T11:42:20.162304+00:00,1 39634U 14016A   24020.48773336  .00000389  00000-0  92334-4 0  9991,2 39634  98.1824  29.7193 0001267  90.1025 270.0320 14.59198433521901
2024-01-20T14:59:49.308000+00:00,1 39634U 14016A   24020.62487625  .00000395  00000-0  93503-4 0  9996,2 39634  98.1824  29.8544 0001267  90.1380 269.9964 14.59198576521893
2024-01-20T19:56:03.024384+00:00,1 39634U 14016A   24020.83059056  .00000382  00000-0  90840-4 0  9999,2 39634  98.1824  30.0572 0001265  90.0766 270.0579 14.59198705521959
2024-01-20T23:13:32.164032+00:00,1 39634U 14016A   24020.96773338  .00000372  00000-0  88548-4 0  9990,2 39634  98.1824  30.1923 0001261  90.0863 270.0481 14.59198788521946
2024-01-21T00:52:16.734720+00:00,1 39634U 14016A   24021.03630480  .00000372  00000-0  88708-4 0  9997,2 39634  98.1824  30.2599 0001261  89.9897 270.1447 14.59198854521981
2024-01-21T05:48:30.457152+00:00,1 39634U 14016A   24021.24201918  .00000390  00000-0  92412-4 0  9997,2 39634  98.1824  30.4626 0001266  89.8170 270.3175 14.59199114521982
2024-01-21T10:44:44.170080+00:00,1 39634U 14016A   24021.44773345  .00000371  00000-0  88332-4 0  9992,2 39634  98.1824  30.6653 0001271  89.4501 270.6845 14.59199233522041
2024-01-21T12:23:28.732992+00:00,1 39634U 14016A   24021.51630478  .00000352  00000-0  84326-4 0  9997,2 39634  98.1824  30.7329 0001273  89.5201 270.6145 14.59199240522054
2024-01-21T18:58:27.005376+00:00,1 39634U 14016A   24021.79059034  .00000359  00000-0  85778-4 0  9999,2 39634  98.1824  31.0032 0001276  89.3942 270.7404 14.59199484522095
2024-01-21T22:15:56.143296+00:00,1 39634U 14016A   24021.92773314  .00000322  00000-0  77931-4 0  9990,2 39634  98.1824  31.1384 0001274  89.3439 270.7907 14.59199418522089
2024-01-22T03:12:09.842400+00:00,1 39634U 14016A   24022.13344725  .00000335  00000-0  80670-4 0  9992,2 39634  98.1824  31.3411 0001275  89.4716 270.6630 14.59199637522144
2024-01-22T06:29:38.980320+00:00,1 39634U 14016A   24022.27059005  .00000393  00000-0  92999-4 0  9992,2 39634  98.1824  31.4763 0001274  89.6655 270.4691 14.59200005522134
2024-01-22T11:25:52.676832+00:00,1 39634U 14016A   24022.47630413  .00000395  00000-0  93581-4 0  9992,2 39634  98.1824  31.6790 0001276  89.6435 270.4911 14.59200216522199
2024-01-22T18:00:50.932800+00:00,1 39634U 14016A   24022.75058950  .00000425  00000-0  99905-4 0  9993,2 39634  98.1823  31.9493 0001280  89.2761 270.8586 14.59200523522232
2024-01-22T22:57:04.620672+00:00,1 39634U 14016A   24022.95630348  .00000375  00000-0  89355-4 0  9994,2 39634  98.1823  32.1520 0001273  89.5674 270.5671 14.59200478522235
2024-01-23T03:53:18.309408+00:00,1 39634U 14016A   24023.16201747  .00000395  00000-0  93463-4 0  9992,2 39634  98.1824  32.3547 0001273  89.5198 270.6148 14.59200708522290
2024-01-23T05:32:02.874048+00:00,1 39634U 14016A   24023.23058882  .00000456  00000-0  10652-3 0  9996,2 39634  98.1824  32.4223 0001276  89.3448 270.7897 14.59201092522278
2024-01-23T12:07:01.117056+00:00,1 39634U 14016A   24023.50487404  .00000454  00000-0  10607-3 0  9990,2 39634  98.1824  32.6926 0001275  89.3381 270.7965 14.59201377522345
2024-01-23T15:24:30.242880+00:00,1 39634U 14016A   24023.64201670  .00000478  00000-0  11117-3 0  9997,2 39634  98.1824  32.8278 0001276  89.1506 270.9840 14.59201617522368
2024-01-23T21:59:28.474656+00:00,1 39634U 14016A   24023.91630179  .00000410  00000-0  96593-4 0  9995,2 39634  98.1823  33.0981 0001274  89.2529 270.8817 14.59201552522377
2024-01-24T02:55:42.152160+00:00,1 39634U 14016A   24024.12201565  .00000402  00000-0  94955-4 0  9993,2 39634  98.1823  33.3008 0001275  89.5287 270.6059 14.59201716522430
2024-01-24T11:09:25.053984+00:00,1 39634U 14016A   24024.46487331  .00000486  00000-0  11285-3 0  9993,2 39634  98.1824  33.6390 0001292  92.2857 267.8491 14.59198055522485
2024-01-24T14:26:54.219552+00:00,1 39634U 14016A   24024.60201643  .00000494  00000-0  11455-3 0  9997,2 39634  98.1824  33.7740 0001290  91.4153 268.7194 14.59197964522470
2024-01-24T19:23:07.943712+00:00,1 39634U 14016A   24024.80773083 -.00000018  00000-0  58256-5 0  9996,2 39634  98.1824  33.9767 0001281  91.2635 268.8711 14.59197674522535
2024-01-24T22:40:37.095456+00:00,1 39634U 14016A   24024.94487379 -.00000020  00000-0  54094-5 0  9990,2 39634  98.1823  34.1118 0001277  91.0644 269.0702 14.59197703522525
2024-01-25T03:36:50.817024+00:00,1 39634U 14016A   24025.15058816 -.00000021  00000-0  52325-5 0  9990,2 39634  98.1824  34.3145 0001273  91.1053 269.0293 14.59197806522584
2024-01-25T11:50:33.690336+00:00,1 39634U 14016A   24025.49344549 -.00000021  00000-0  52309-5 0  9990,2 39634  98.1824  34.6524 0001280  90.9619 269.1727 14.59197898522631
2024-01-25T13:29:18.263616+00:00,1 39634U 14016A   24025.56201694 -.00000022  00000-0  50131-5 0  9993,2 39634  98.1824  34.7199 0001281  90.8853 269.2494 14.59197910522615
2024-01-25T20:04:16.556736+00:00,1 39634U 14016A   24025.83630274 -.00000023  00000-0  47591-5 0  9990,2 39634  98.1824  34.9903 0001284  91.0804 269.0543 14.59197980522689
2024-01-25T23:21:45.688608+00:00,1 39634U 14016A   24025.97344547 -.00000025  00000-0  43989-5 0  9999,2 39634  98.1823  35.1255 0001268  92.0402 268.0943 14.59198112522678
2024-01-26T02:39:14.828256+00:00,1 39634U 14016A   24026.11058829 -.00000026  00000-0  41971-5 0  9991,2 39634  98.1823  35.2607 0001263  92.3711 267.7633 14.59198188522722
2024-01-26T10:52:57.691200+00:00,1 39634U 14016A   24026.45344550 -.00000027  00000-0  40756-5 0  9998,2 39634  98.1824  35.5985 0001279  91.9863 268.1483 14.59198333522770
2024-01-26T14:10:26.829984+00:00,1 39634U 14016A   24026.59058831 -.00000029  00000-0  35330-5 0  9991,2 39634  98.1824  35.7336 0001285  92.1070 268.0277 14.59198401522767
2024-01-26T19:06:40.535136+00:00,1 39634U 14016A   24026.79630249 -.00000030  00000-0  33969-5 0  9990,2 39634  98.1824  35.9363 0001288  91.5878 268.5469 14.59198543522823
2024-01-27T03:20:23.350560+00:00,1 39634U 14016A   24027.13915915  .00001603  00000-0  34963-3 0  9994,2 39634  98.1827  36.2743 0001261  90.0296 270.1048 14.59200468522878
2024-01-27T11:34:06.193632+00:00,1 39634U 14016A   24027.48201613  .00001713  00000-0  37308-3 0  9993,2 39634  98.1826  36.6125 0001255  89.3661 270.7683 14.59201615522893
2024-01-27T11:34:06.193632+00:00,1 39634U 14016A   24027.48201613  .00001713  00000-0  37308-3 0  9993,2 39634  98.1826  36.6125 0001255  89.3661 270.7683 14.59201615522927
2024-01-27T18:09:04.535136+00:00,1 39634U 14016A   24027.75630249  .00001660  00000-0  36171-3 0  9992,2 39634  98.1824  36.8826 0001275  90.1191 270.0155 14.59199660522962
2024-01-27T21:26:33.679104+00:00,1 39634U 14016A   24027.89344536  .00001444  00000-0  31591-3 0  9999,2 39634  98.1824  37.0178 0001274  90.1694 269.9651 14.59198923522950
2024-01-28T04:01:31.973088+00:00,1 39634U 14016A   24028.16773117  .00001436  00000-0  31419-3 0  9991,2 39634  98.1825  37.2881 0001263  89.5778 270.5566 14.59199029523027
2024-01-28T10:36:30.287808+00:00,1 39634U 14016A   24028.44201722  .00001443  00000-0  31573-3 0  9999,2 39634  98.1826  37.5583 0001269  89.0047 271.1298 14.59199651523064
2024-01-28T13:53:59.407584+00:00,1 39634U 14016A   24028.57915981  .00001464  00000-0  32028-3 0  9991,2 39634  98.1826  37.6935 0001265  89.3088 270.8257 14.59200143523059
2024-01-28T18:50:13.116192+00:00,1 39634U 14016A   24028.78487403  .00000569  00000-0  13048-3 0  9993,2 39634  98.1826  37.8963 0001281  90.4464 269.6882 14.59199344523084
2024-01-28T18:50:13.116192+00:00,1 39634U 14016A   24028.78487403  .00000569  00000-0  13048-3 0  9993,2 39634  98.1826  37.8963 0001281  90.4464 269.6882 14.59199344523118
2024-01-29T03:03:55.960128+00:00,1 39634U 14016A   24029.12773102  .00000471  00000-0  10961-3 0  9999,2 39634  98.1827  38.2342 0001278  90.7144 269.4202 14.59199566523164
2024-01-29T11:17:38.801472+00:00,1 39634U 14016A   24029.47058798  .00000401  00000-0  94803-4 0  9995,2 39634  98.1828  38.5721 0001289  90.6154 269.5193 14.59199807523215
2024-01-29T17:52:37.075584+00:00,1 39634U 14016A   24029.74487356  .00000410  00000-0  96690-4 0  9997,2 39634  98.1828  38.8424 0001291  90.5283 269.6064 14.59199963523258
2024-01-29T22:48:50.773824+00:00,1 39634U 14016A   24029.95058766  .00000386  00000-0  91678-4 0  9992,2 39634  98.1828  39.0451 0001284  90.8437 269.2909 14.59200088523252
2024-01-30T03:45:04.471200+00:00,1 39634U 14016A   24030.15630175  .00000379  00000-0  90159-4 0  9991,2 39634  98.1828  39.2479 0001285  90.9828 269.1519 14.59200244523317
2024-01-30T11:58:47.296128+00:00,1 39634U 14016A   24030.49915852  .00000372  00000-0  88659-4 0  9991,2 39634  98.1828  39.5858 0001286  91.0390 269.0957 14.59200526523361
2024-01-30T13:37:31.863360+00:00,1 39634U 14016A   24030.56772990  .00000367  00000-0  87478-4 0  9995,2 39634  98.1828  39.6534 0001286  91.0179 269.1168 14.59200544523341
2024-01-30T18:33:45.553824+00:00,1 39634U 14016A   24030.77344391  .00000367  00000-0  87637-4 0  9995,2 39634  98.1828  39.8561 0001286  91.0453 269.0894 14.59200699523401
2024-01-30T21:51:14.688288+00:00,1 39634U 14016A   24030.91058667  .00000323  00000-0  78241-4 0  9992,2 39634  98.1828  39.9913 0001284  91.1155 269.0192 14.59200567523394
2024-01-30T23:29:59.252064+00:00,1 39634U 14016A   24030.97915801  .00000323  00000-0  78147-4 0  9995,2 39634  98.1828  40.0589 0001283  91.1709 268.9638 14.59200621523439
2024-01-31T11:01:11.210592+00:00,1 39634U 14016A   24031.45915753  .00000248  00000-0  62327-4 0  9994,2 39634  98.1829  40.5320 0001293  91.6869 268.4479 14.59200685523473
2024-01-31T11:01:11.210592+00:00,1 39634U 14016A   24031.45915753  .00000248  00000-0  62327-4 0  9994,2 39634  98.1829  40.5320 0001293  91.6869 268.4479 14.59200685523507
2024-01-31T19:14:54.108096+00:00,1 39634U 14016A   24031.80201514  .00001549  00000-0  33815-3 0  9990,2 39634  98.1821  40.8697 0001284  89.5244 270.6103 14.59200547523553
2024-01-31T22:32:23.248608+00:00,1 39634U 14016A   24031.93915797  .00001495  00000-0  32682-3 0  9990,2 39634  98.1821  41.0049 0001283  89.6810 270.4536 14.59200630523546
2024-02-01T03:28:36.949440+00:00,1 39634U 14016A   24032.14487210  .00001017  00000-0  22544-3 0  9994,2 39634  98.1822  41.2076 0001294  89.6151 270.5196 14.59200461523601
2024-02-01T11:42:19.788192+00:00,1 39634U 14016A   24032.48772903  .00000952  00000-0  21158-3 0  9994,2 39634  98.1822  41.5456 0001294  89.4801 270.6547 14.59200722523652
2024-02-01T13:21:04.342464+00:00,1 39634U 14016A   24032.55630026  .00001013  00000-0  22459-3 0  9995,2 39634  98.1822  41.6132 0001290  89.5010 270.6337 14.59201190523638
2024-02-01T19:56:02.588064+00:00,1 39634U 14016A   24032.83058551  .00001009  00000-0  22380-3 0  9991,2 39634  98.1822  41.8835 0001282  90.3485 269.7862 14.59201642523709
2024-02-01T23:13:31.706112+00:00,1 39634U 14016A   24032.96772808  .00000998  00000-0  22139-3 0  9991,2 39634  98.1822  42.0187 0001278  90.3102 269.8244 14.59201871523690
2024-02-01T23:13:31.706112+00:00,1 39634U 14016A   24032.96772808  .00000998  00000-0  22139-3 0  9991,2 39634  98.1822  42.0187 0001278  90.3102 269.8244 14.59201871523724
2024-02-02T12:23:28.263840+00:00,1 39634U 14016A   24033.51629935  .00000956  00000-0  21246-3 0  9997,2 39634  98.1822  42.5592 0001287  89.7687 270.3660 14.59201069523806
2024-02-02T14:02:12.821568+00:00,1 39634U 14016A   24033.58487062  .00000985  00000-0  21858-3 0  9998,2 39634  98.1822  42.6268 0001288  89.8872 270.2475 14.59201331523787
2024-02-02T18:58:26.506848+00:00,1 39634U 14016A   24033.79058457  .00000982  00000-0  21796-3 0  9991,2 39634  98.1821  42.8295 0001286  89.8732 270.2615 14.59201587523847
2024-02-02T22:15:55.626624+00:00,1 39634U 14016A   24033.92772716  .00000929  00000-0  20679-3 0  9997,2 39634  98.1821  42.9647 0001287  90.2898 269.8449 14.59201552523839
2024-02-03T01:33:24.747264+00:00,1 39634U 14016A   24034.06486976  .00000925  00000-0  20580-3 0  9990,2 39634  98.1821  43.0998 0001294  90.6979 269.4369 14.59201742523885
2024-02-03T11:25:52.233600+00:00,1 39634U 14016A   24034.47629900  .00001013  00000-0  22449-3 0  9996,2 39634  98.1822  43.5053 0001298  89.9791 270.1557 14.59198845523944
2024-02-03T13:04:36.797376+00:00,1 39634U 14016A   24034.54487034  .00001036  00000-0  22943-3 0  9998,2 39634  98.1822  43.5728 0001302  90.3299 269.8049 14.59198973523929
2024-02-03T18:00:50.505120+00:00,1 39634U 14016A   24034.75058455  .00001037  00000-0  22971-3 0  9994,2 39634  98.1821  43.7756 0001292  90.2709 269.8639 14.59199466523983
2024-02-03T22:57:04.218912+00:00,1 39634U 14016A   24034.95629883  .00000940  00000-0  20902-3 0  9999,2 39634  98.1821  43.9783 0001293  90.5441 269.5907 14.59199279523989
2024-02-04T02:14:33.361152+00:00,1 39634U 14016A   24035.09344168  .00000938  00000-0  20862-3 0  9997,2 39634  98.1821  44.1134 0001301  90.8393 269.2956 14.59199434524032
2024-02-04T12:07:00.766272+00:00,1 39634U 14016A   24035.50486998  .00001109  00000-0  24492-3 0  9995,2 39634  98.1822  44.5190 0001302  90.2573 269.8776 14.59200990524096
2024-02-04T13:45:45.325728+00:00,1 39634U 14016A   24035.57344127  .00001116  00000-0  24631-3 0  9992,2 39634  98.1822  44.5865 0001296  89.9371 270.1977 14.59201180524076
2024-02-04T18:41:59.035200+00:00,1 39634U 14016A   24035.77915550  .00001121  00000-0  24740-3 0  9995,2 39634  98.1822  44.7893 0001305  88.8833 271.2517 14.59201387524139
2024-02-04T20:20:43.606752+00:00,1 39634U 14016A   24035.84772693  .00001034  00000-0  22903-3 0  9994,2 39634  98.1822  44.8568 0001304  88.9276 271.2073 14.59201034524147
2024-02-04T21:59:28.169664+00:00,1 39634U 14016A   24035.91629826  .00001034  00000-0  22894-3 0  9990,2 39634  98.1822  44.9244 0001303  89.0380 271.0969 14.59201164524120
2024-02-04T23:38:12.736896+00:00,1 39634U 14016A   24035.98486964  .00001033  00000-0  22885-3 0  9990,2 39634  98.1821  44.9920 0001311  89.0695 271.0654 14.59201247524165
2024-02-05T11:09:24.734304+00:00,1 39634U 14016A   24036.46486961  .00001124  00000-0  24805-3 0  9996,2 39634  98.1822  45.4650 0001310  89.8975 270.2375 14.59200495524233
2024-02-05T14:26:53.875680+00:00,1 39634U 14016A   24036.60201245  .00000956  00000-0  21256-3 0  9991,2 39634  98.1822  45.6001 0001309  89.8105 270.3245 14.59200551524227
2024-02-05T19:23:07.563552+00:00,1 39634U 14016A   24036.80772643  .00000960  00000-0  21340-3 0  9997,2 39634  98.1821  45.8029 0001301  89.9722 270.1627 14.59201048524286
2024-02-05T22:40:36.694560+00:00,1 39634U 14016A   24036.94486915  .00000938  00000-0  20871-3 0  9999,2 39634  98.1821  45.9380 0001299  89.9955 270.1394 14.59201157524272
2024-02-06T03:36:50.391936+00:00,1 39634U 14016A   24037.15058324  .00000940  00000-0  20911-3 0  9990,2 39634  98.1822  46.1407 0001311  89.8598 270.2751 14.59201324524334
2024-02-06T11:50:33.188352+00:00,1 39634U 14016A   24037.49343968  .00001007  00000-0  22324-3 0  9993,2 39634  98.1822  46.4786 0001305  89.2938 270.8411 14.59202250524385
2024-02-06T13:29:17.751264+00:00,1 39634U 14016A   24037.56201101  .00000986  00000-0  21875-3 0  9998,2 39634  98.1822  46.5462 0001303  89.4525 270.6824 14.59202232524363
2024-02-06T18:25:31.427904+00:00,1 39634U 14016A   24037.76772486  .00000988  00000-0  21935-3 0  9998,2 39634  98.1821  46.7489 0001299  89.6358 270.4991 14.59202549524424
2024-02-06T21:43:00.534720+00:00,1 39634U 14016A   24037.90486730  .00001066  00000-0  23569-3 0  9991,2 39634  98.1820  46.8842 0001290  90.2507 269.8841 14.59203127524410
2024-02-07T02:39:14.214816+00:00,1 39634U 14016A   24038.11058119  .00001068  00000-0  23628-3 0  9999,2 39634  98.1820  47.0868 0001309  90.6992 269.4357 14.59203384524473
2024-02-07T12:31:41.742624+00:00,1 39634U 14016A   24038.52201091  .00001060  00000-0  23444-3 0  9991,2 39634  98.1822  47.4924 0001315  90.4965 269.6386 14.59198739524535
2024-02-07T14:10:26.308992+00:00,1 39634U 14016A   24038.59058228  .00001110  00000-0  24511-3 0  9992,2 39634  98.1822  47.5599 0001315  90.2610 269.8741 14.59199093524518
2024-02-07T19:06:40.021920+00:00,1 39634U 14016A   24038.79629655  .00001115  00000-0  24614-3 0  9991,2 39634  98.1822  47.7626 0001314  89.8276 270.3075 14.59199520524570
2024-02-07T22:24:09.159840+00:00,1 39634U 14016A   24038.93343935  .00001094  00000-0  24170-3 0  9994,2 39634  98.1821  47.8977 0001313  89.8679 270.2671 14.59199643524561
2024-02-08T01:41:38.296032+00:00,1 39634U 14016A   24039.07058213  .00001094  00000-0  24174-3 0  9996,2 39634  98.1821  48.0329 0001314  90.0171 270.1179 14.59199919524611
2024-02-08T11:34:05.721888+00:00,1 39634U 14016A   24039.48201067  .00001207  00000-0  26566-3 0  9991,2 39634  98.1822  48.4383 0001322  89.3440 270.7911 14.59201118524676
2024-02-08T14:51:34.835616+00:00,1 39634U 14016A   24039.61915319  .00001230  00000-0  27053-3 0  9996,2 39634  98.1822  48.5735 0001316  89.1517 270.9833 14.59201561524660
2024-02-08T18:09:04.013280+00:00,1 39634U 14016A   24039.75629645  .00000462  00000-0  10764-3 0  9992,2 39634  98.1822  48.7087 0001304  90.2876 269.8473 14.59199949524719
2024-02-08T23:05:17.712384+00:00,1 39634U 14016A   24039.96201056  .00000450  00000-0  10508-3 0  9990,2 39634  98.1822  48.9115 0001301  90.2848 269.8501 14.59200099524710
2024-02-09T02:22:46.843392+00:00,1 39634U 14016A   24040.09915328  .00000450  00000-0  10506-3 0  9998,2 39634  98.1822  49.0467 0001301  90.3596 269.7753 14.59200232524765
2024-02-09T10:36:29.671776+00:00,1 39634U 14016A   24040.44201009  .00000471  00000-0  10958-3 0  9995,2 39634  98.1822  49.3846 0001305  90.4547 269.6802 14.59200596524813
2024-02-09T13:53:58.800192+00:00,1 39634U 14016A   24040.57915278  .00000487  00000-0  11301-3 0  9999,2 39634  98.1822  49.5197 0001305  90.4609 269.6740 14.59200808524809
2024-02-09T18:50:12.488064+00:00,1 39634U 14016A   24040.78486676  .00000486  00000-0  11283-3 0  9995,2 39634  98.1822  49.7225 0001305  90.4494 269.6855 14.59200997524867
2024-02-10T03:03:55.314720+00:00,1 39634U 14016A   24041.12772355  .00000431  00000-0  10108-3 0  9991,2 39634  98.1822  50.0604 0001307  90.6203 269.5146 14.59201061524916
2024-02-10T11:17:38.214816+00:00,1 39634U 14016A   24041.47058119  .00000502  00000-0  11624-3 0  9997,2 39634  98.1823  50.3982 0001309  89.6435 270.4915 14.59197849524964
2024-02-10T12:56:22.799328+00:00,1 39634U 14016A   24041.53915277  .00000547  00000-0  12568-3 0  9998,2 39634  98.1823  50.4657 0001313  89.6738 270.4612 14.59197897524940
2024-02-10T19:31:21.089856+00:00,1 39634U 14016A   24041.81343854  .00000546  00000-0  12557-3 0  9992,2 39634  98.1823  50.7361 0001306  90.5986 269.5363 14.59198260525019
2024-02-10T22:48:50.235552+00:00,1 39634U 14016A   24041.95058143  .00000545  00000-0  12539-3 0  9990,2 39634  98.1822  50.8713 0001304  91.0995 269.0354 14.59198402525006
2024-02-11T03:45:03.951936+00:00,1 39634U 14016A   24042.15629574  .00000543  00000-0  12499-3 0  9998,2 39634  98.1823  51.0741 0001304  91.0082 269.1268 14.59198626525067
2024-02-11T11:58:46.855488+00:00,1 39634U 14016A   24042.49915342  .00000440  00000-0  10303-3 0  9994,2 39634  98.1823  51.4119 0001308  90.9992 269.1358 14.59198287525111
2024-02-11T13:37:31.414944+00:00,1 39634U 14016A   24042.56772471  .00000488  00000-0  11332-3 0  9991,2 39634  98.1823  51.4795 0001308  90.9587 269.1763 14.59198665525098
2024-02-11T18:33:45.127872+00:00,1 39634U 14016A   24042.77343898  .00000486  00000-0  11286-3 0  9997,2 39634  98.1823  51.6822 0001308  91.0333 269.1016 14.59198855525151
2024-02-11T23:29:58.852032+00:00,1 39634U 14016A   24042.97915338  .00000420  00000-0  98839-4 0  9991,2 39634  98.1823  51.8850 0001305  91.1839 268.9510 14.59198692525158
2024-02-12T02:47:27.993408+00:00,1 39634U 14016A   24043.11629622  .00000416  00000-0  98061-4 0  9998,2 39634  98.1824  52.0202 0001307  91.2669 268.8680 14.59198816525208
2024-02-12T11:01:10.837344+00:00,1 39634U 14016A   24043.45915321  .00000502  00000-0  11617-3 0  9996,2 39634  98.1824  52.3581 0001311  91.2491 268.8859 14.59199647525255
2024-02-12T14:18:39.971808+00:00,1 39634U 14016A   24043.59629597  .00000526  00000-0  12136-3 0  9991,2 39634  98.1824  52.4932 0001310  91.1637 268.9713 14.59199917525245
2024-02-12T19:14:53.670912+00:00,1 39634U 14016A   24043.80201008  .00000527  00000-0  12148-3 0  9992,2 39634  98.1824  52.6960 0001311  91.2150 268.9200 14.59200133525301
2024-02-12T22:32:22.808832+00:00,1 39634U 14016A   24043.93915288  .00000440  00000-0  10315-3 0  9996,2 39634  98.1824  52.8311 0001309  91.1874 268.9475 14.59199809525291
2024-02-13T03:28:36.508800+00:00,1 39634U 14016A   24044.14486700  .00000436  00000-0  10218-3 0  9999,2 39634  98.1825  53.0339 0001312  91.1541 268.9809 14.59199999525358
2024-02-13T11:42:19.326816+00:00,1 39634U 14016A   24044.48772369  .00000530  00000-0  12211-3 0  9995,2 39634  98.1825  53.3718 0001315  91.0296 269.1054 14.59200888525402
2024-02-13T14:59:48.454368+00:00,1 39634U 14016A   24044.62486637  .00000600  00000-0  13704-3 0  9997,2 39634  98.1825  53.5069 0001315  91.0178 269.1173 14.59201377525396
2024-02-13T16:38:33.013824+00:00,1 39634U 14016A   24044.69343766  .00000614  00000-0  14004-3 0  9998,2 39634  98.1825  53.5745 0001314  91.1143 269.0207 14.59201504525433
2024-02-13T23:13:31.255968+00:00,1 39634U 14016A   24044.96772287  .00000633  00000-0  14404-3 0  9997,2 39634  98.1825  53.8448 0001323  90.9588 269.1763 14.59201921525448
2024-02-14T04:09:44.993952+00:00,1 39634U 14016A   24045.17343743  .00000635  00000-0  14438-3 0  9991,2 39634  98.1824  54.0480 0001282  89.2210 270.9137 14.59198273525500
2024-02-14T10:44:43.315584+00:00,1 39634U 14016A   24045.44772356  .00000565  00000-0  12954-3 0  9990,2 39634  98.1824  54.3181 0001305  90.3909 269.7440 14.59197349525545
2024-02-14T14:02:12.481152+00:00,1 39634U 14016A   24045.58486668  .00000581  00000-0  13295-3 0  9990,2 39634  98.1824  54.4532 0001307  90.8009 269.3341 14.59197471525535
2024-02-14T18:58:26.212224+00:00,1 39634U 14016A   24045.79058116  .00000581  00000-0  13294-3 0  9995,2 39634  98.1824  54.6559 0001310  90.8599 269.2751 14.59197651525594
2024-02-14T22:15:55.382112+00:00,1 39634U 14016A   24045.92772433  .00000125  00000-0  36130-4 0  9994,2 39634  98.1824  54.7911 0001310  90.9034 269.2316 14.59197220525580
2024-02-15T03:12:09.107136+00:00,1 39634U 14016A   24046.13343874  .00000125  00000-0  36160-4 0  9994,2 39634  98.1824  54.9939 0001305  90.9978 269.1371 14.59197413525644
2024-02-15T11:25:51.995136+00:00,1 39634U 14016A   24046.47629624  .00000109  00000-0  32800-4 0  9990,2 39634  98.1824  55.3317 0001311  90.9174 269.2176 14.59197482525699
2024-02-15T14:43:21.146016+00:00,1 39634U 14016A   24046.61343919  .00000116  00000-0  34403-4 0  9995,2 39634  98.1824  55.4669 0001313  90.8025 269.3325 14.59197589525680
2024-02-15T19:39:34.864128+00:00,1 39634U 14016A   24046.81915352  .00000117  00000-0  34502-4 0  9994,2 39634  98.1824  55.6697 0001311  90.6655 269.4695 14.59197761525748
2024-02-15T22:57:04.011552+00:00,1 39634U 14016A   24046.95629643  .00000111  00000-0  33163-4 0  9990,2 39634  98.1824  55.8049 0001302  90.7417 269.3931 14.59197815525739
2024-02-16T03:53:17.721888+00:00,1 39634U 14016A   24047.16201067  .00000111  00000-0  33167-4 0  9994,2 39634  98.1824  56.0075 0001296  90.6319 269.5029 14.59198023525791
2024-02-16T12:07:00.586560+00:00,1 39634U 14016A   24047.50486790  .00000115  00000-0  34003-4 0  9994,2 39634  98.1824  56.3454 0001295  90.7112 269.4236 14.59198198525844
2024-02-16T13:45:45.160704+00:00,1 39634U 14016A   24047.57343936  .00000102  00000-0  31285-4 0  9990,2 39634  98.1824  56.4130 0001296  90.7704 269.3644 14.59198155525827
2024-02-16T15:24:29.729664+00:00,1 39634U 14016A   24047.64201076  .00000101  00000-0  31230-4 0  9995,2 39634  98.1824  56.4806 0001297  90.9072 269.2277 14.59198199525838
2024-02-16T15:24:29.729664+00:00,1 39634U 14016A   24047.64201076  .00000101  00000-0  31230-4 0  9995,2 39634  98.1824  56.4806 0001297  90.9072 269.2277 14.59198199525861
2024-02-17T02:55:41.702016+00:00,1 39634U 14016A   24048.12201044  .00000098  00000-0  30496-4 0  9992,2 39634  98.1824  56.9535 0001297  91.3147 268.8201 14.59198684525932
2024-02-17T11:09:24.540768+00:00,1 39634U 14016A   24048.46486737  .00000359  00000-0  85944-4 0  9991,2 39634  98.1824  57.2915 0001313  90.8046 269.3304 14.59199598525956
2024-02-17T11:09:24.540768+00:00,1 39634U 14016A   24048.46486737  .00000359  00000-0  85944-4 0  9991,2 39634  98.1824  57.2915 0001313  90.8046 269.3304 14.59199598525989
2024-02-17T19:23:07.447776+00:00,1 39634U 14016A   24048.80772509  .00000351  00000-0  84095-4 0  9992,2 39634  98.1821  57.6297 0001335  91.9774 268.1579 14.59198062526030
2024-02-17T22:40:36.586560+00:00,1 39634U 14016A   24048.94486790  .00000349  00000-0  83830-4 0  9994,2 39634  98.1823  57.7647 0001310  92.0352 268.0997 14.59198159526028
2024-02-18T03:36:50.310720+00:00,1 39634U 14016A   24049.15058230  .00000346  00000-0  83048-4 0  9990,2 39634  98.1825  57.9674 0001302  91.3830 268.7519 14.59198149526088
2024-02-18T11:50:33.176256+00:00,1 39634U 14016A   24049.49343954  .00000366  00000-0  87327-4 0  9993,2 39634  98.1824  58.3053 0001316  90.8480 269.2870 14.59198615526133
2024-02-18T13:29:17.750400+00:00,1 39634U 14016A   24049.56201100  .00000348  00000-0  83508-4 0  9994,2 39634  98.1824  58.3728 0001319  90.7449 269.3902 14.59198593526119
2024-02-18T20:04:16.031424+00:00,1 39634U 14016A   24049.83629666  .00000344  00000-0  82635-4 0  9991,2 39634  98.1824  58.6432 0001322  91.0220 269.1131 14.59198869526184
2024-02-18T23:21:45.168480+00:00,1 39634U 14016A   24049.97343945  .00000341  00000-0  82106-4 0  9999,2 39634  98.1824  58.7783 0001318  90.9108 269.2242 14.59199029526174
2024-02-19T04:17:58.870176+00:00,1 39634U 14016A   24050.17915359  .00000599  00000-0  13668-3 0  9998,2 39634  98.1824  58.9811 0001316  90.9383 269.1967 14.59199473526234
2024-02-19T09:14:12.578784+00:00,1 39634U 14016A   24050.38486781  .00000605  00000-0  13804-3 0  9993,2 39634  98.1824  59.1838 0001320  90.9864 269.1487 14.59199771526266
2024-02-19T14:10:26.284800+00:00,1 39634U 14016A   24050.59058200  .00000590  00000-0  13476-3 0  9995,2 39634  98.1824  59.3866 0001318  90.9258 269.2093 14.59199942526267
2024-02-19T19:06:39.983904+00:00,1 39634U 14016A   24050.79629611  .00000587  00000-0  13429-3 0  9991,2 39634  98.1824  59.5893 0001318  90.9498 269.1852 14.59200170526320
2024-02-19T22:24:09.118368+00:00,1 39634U 14016A   24050.93343887  .00000509  00000-0  11769-3 0  9994,2 39634  98.1824  59.7245 0001316  91.0565 269.0786 14.59199929526311
2024-02-20T03:20:22.814016+00:00,1 39634U 14016A   24051.13915294  .00000502  00000-0  11617-3 0  9999,2 39634  98.1824  59.9272 0001319  91.0874 269.0477 14.59200160526372
2024-02-20T11:34:05.644128+00:00,1 39634U 14016A   24051.48200977  .00000520  00000-0  11991-3 0  9997,2 39634  98.1824  60.2651 0001324  90.7905 269.3446 14.59200619526429
2024-02-20T14:51:34.775136+00:00,1 39634U 14016A   24051.61915249  .00000417  00000-0  98152-4 0  9997,2 39634  98.1824  60.4003 0001329  90.8323 269.3029 14.59200536526416
2024-02-20T18:09:03.899232+00:00,1 39634U 14016A   24051.75629513  .00000427  00000-0  10036-3 0  9993,2 39634  98.1824  60.5355 0001327  90.7476 269.3875 14.59200702526462
2024-02-20T23:05:17.585376+00:00,1 39634U 14016A   24051.96200909  .00000404  00000-0  95456-4 0  9995,2 39634  98.1824  60.7382 0001323  90.7643 269.3708 14.59200808526468
2024-02-21T04:01:31.274112+00:00,1 39634U 14016A   24052.16772308  .00000390  00000-0  92528-4 0  9996,2 39634  98.1824  60.9410 0001323  90.9318 269.2033 14.59200937526523
2024-02-21T12:15:14.206176+00:00,1 39634U 14016A   24052.51058109  .00000358  00000-0  85671-4 0  9996,2 39634  98.1826  61.2788 0001338  90.4995 269.6358 14.59197645526579
2024-02-21T13:53:58.785504+00:00,1 39634U 14016A   24052.57915261  .00000322  00000-0  78108-4 0  9991,2 39634  98.1826  61.3464 0001339  90.3509 269.7844 14.59197494526553
2024-02-21T18:50:12.503616+00:00,1 39634U 14016A   24052.78486694  .00000316  00000-0  76841-4 0  9992,2 39634  98.1826  61.5493 0001333  90.9311 269.2042 14.59197809526610
2024-02-21T22:07:41.642400+00:00,1 39634U 14016A   24052.92200975  .00000313  00000-0  76045-4 0  9997,2 39634  98.1826  61.6845 0001326  91.1367 268.9985 14.59197985526604
2024-02-22T04:42:39.940704+00:00,1 39634U 14016A   24053.19629561  .00000347  00000-0  83310-4 0  9993,2 39634  98.1826  61.9548 0001335  90.6923 269.4430 14.59198112526670
2024-02-22T11:17:38.231232+00:00,1 39634U 14016A   24053.47058138  .00000202  00000-0  52646-4 0  9998,2 39634  98.1826  62.2251 0001332  90.9069 269.2283 14.59198260526719
2024-02-22T14:35:07.373472+00:00,1 39634U 14016A   24053.60772423  .00000272  00000-0  67385-4 0  9996,2 39634  98.1826  62.3603 0001334  90.7914 269.3438 14.59198445526707
2024-02-22T19:31:21.085536+00:00,1 39634U 14016A   24053.81343849  .00000268  00000-0  66579-4 0  9994,2 39634  98.1826  62.5630 0001335  90.6687 269.4666 14.59198611526761
2024-02-22T22:48:50.229504+00:00,1 39634U 14016A   24053.95058136  .00000252  00000-0  63230-4 0  9995,2 39634  98.1826  62.6982 0001332  90.6977 269.4375 14.59198631526759
2024-02-23T03:45:03.940704+00:00,1 39634U 14016A   24054.15629561  .00000248  00000-0  62239-4 0  9997,2 39634  98.1826  62.9010 0001332  90.6624 269.4729 14.59198767526813
2024-02-23T11:58:46.793280+00:00,1 39634U 14016A   24054.49915270  .00000299  00000-0  73171-4 0  9992,2 39634  98.1826  63.2389 0001336  90.5700 269.5653 14.59199126526866
2024-02-23T13:37:31.357056+00:00,1 39634U 14016A   24054.56772404  .00000336  00000-0  80891-4 0  9999,2 39634  98.1826  63.3065 0001334  90.5081 269.6272 14.59199400526849
2024-02-23T18:33:45.061344+00:00,1 39634U 14016A   24054.77343821  .00000337  00000-0  81139-4 0  9996,2 39634  98.1826  63.5092 0001332  90.5769 269.5583 14.59199549526907
2024-02-23T21:51:14.197536+00:00,1 39634U 14016A   24054.91058099  .00000319  00000-0  77332-4 0  9992,2 39634  98.1826  63.6444 0001330  90.5601 269.5752 14.59199565526896
2024-02-24T04:26:12.471648+00:00,1 39634U 14016A   24055.18486657  .00000294  00000-0  72143-4 0  9994,2 39634  98.1827  63.9148 0001334  90.6297 269.5056 14.59199681526961
2024-02-24T11:01:10.757856+00:00,1 39634U 14016A   24055.45915229  .00000256  00000-0  63913-4 0  9999,2 39634  98.1827  64.1851 0001331  90.5442 269.5910 14.59199746527000
2024-02-24T14:18:39.893184+00:00,1 39634U 14016A   24055.59629506  .00000252  00000-0  63199-4 0  9996,2 39634  98.1827  64.3203 0001329  90.5163 269.6189 14.59199831526991
2024-02-24T17:36:09.031104+00:00,1 39634U 14016A   24055.73343786  .00000217  00000-0  55692-4 0  9995,2 39634  98.1827  64.4555 0001329  90.5099 269.6253 14.59199765527045
2024-02-24T22:32:22.753536+00:00,1 39634U 14016A   24055.93915224  .00000122  00000-0  35491-4 0  9999,2 39634  98.1827  64.6582 0001323  90.2221 269.9130 14.59199456527049
2024-02-25T03:28:36.501888+00:00,1 39634U 14016A   24056.14486692 -.00000047  00000-0 -33153-6 0  9998,2 39634  98.1827  64.8609 0001334  90.2221 269.9131 14.59198746527102
2024-02-25T11:42:19.359648+00:00,1 39634U 14016A   24056.48772407 -.00000049  00000-0 -62217-6 0  9992,2 39634  98.1828  65.1989 0001323  90.0874 270.0478 14.59198760527156
2024-02-25T13:21:03.936384+00:00,1 39634U 14016A   24056.55629556 -.00000049  00000-0 -61694-6 0  9994,2 39634  98.1828  65.2664 0001323  90.1281 270.0070 14.59198724527136
2024-02-25T19:56:02.233824+00:00,1 39634U 14016A   24056.83058141 -.00000049  00000-0 -77032-6 0  9994,2 39634  98.1828  65.5368 0001325  90.3590 269.7761 14.59198612527203
2024-02-25T23:13:31.379520+00:00,1 39634U 14016A   24056.96772430 -.00000049  00000-0 -78226-6 0  9998,2 39634  98.1828  65.6720 0001326  90.4130 269.7221 14.59198611527196
2024-02-26T04:09:45.090720+00:00,1 39634U 14016A   24057.17343855 -.00000046  00000-0  56863-7 0  9997,2 39634  98.1832  65.8749 0001272  90.5359 269.5987 14.59198559527253
2024-02-26T10:44:43.377792+00:00,1 39634U 14016A   24057.44772428 -.00000046  00000-0 -59824-7 0  9990,2 39634  98.1832  66.1454 0001257  90.4744 269.6600 14.59198500527293
2024-02-26T14:02:12.520032+00:00,1 39634U 14016A   24057.58486713 -.00000046  00000-0 -64758-7 0  9996,2 39634  98.1831  66.2805 0001262  90.5848 269.5496 14.59198510527287
2024-02-26T18:58:26.228640+00:00,1 39634U 14016A   24057.79058135 -.00000046  00000-0 -82388-7 0  9991,2 39634  98.1831  66.4833 0001258  91.9817 268.1527 14.59198494527344
2024-02-26T22:15:55.370880+00:00,1 39634U 14016A   24057.92772420 -.00000046  00000-0 -59856-7 0  9990,2 39634  98.1831  66.6185 0001261  91.6057 268.5287 14.59198519527337
2024-02-27T01:33:24.454368+00:00,1 39634U 14016A   24058.06486637  .00000363  00000-0  86612-4 0  9995,2 39634  98.1831  66.7536 0001279  89.9425 270.1922 14.59200102527388
2024-02-27T11:25:51.849984+00:00,1 39634U 14016A   24058.47629456  .00000355  00000-0  84947-4 0  9998,2 39634  98.1829  67.1590 0001340  91.0567 269.0786 14.59200397527448
2024-02-27T14:43:20.985312+00:00,1 39634U 14016A   24058.61343733  .00000337  00000-0  81224-4 0  9990,2 39634  98.1829  67.2941 0001340  91.0705 269.0648 14.59200384527435
2024-02-27T19:39:34.676640+00:00,1 39634U 14016A   24058.81915135  .00000349  00000-0  83829-4 0  9999,2 39634  98.1829  67.4969 0001339  91.1663 268.9690 14.59200568527494
2024-02-27T22:57:03.810240+00:00,1 39634U 14016A   24058.95629410  .00000336  00000-0  81009-4 0  9996,2 39634  98.1829  67.6321 0001337  91.1420 268.9933 14.59200596527487
2024-02-28T03:53:17.504160+00:00,1 39634U 14016A   24059.16200815  .00000325  00000-0  78585-4 0  9997,2 39634  98.1830  67.8349 0001342  91.1769 268.9585 14.59200702527542
2024-02-28T12:07:00.450912+00:00,1 39634U 14016A   24059.50486633  .00000306  00000-0  74559-4 0  9995,2 39634  98.1831  68.1728 0001355  90.7433 269.3922 14.59195991527593
2024-02-28T13:45:45.036288+00:00,1 39634U 14016A   24059.57343792  .00000287  00000-0  70511-4 0  9992,2 39634  98.1831  68.2404 0001359  90.8151 269.3205 14.59195850527573
2024-02-28T18:41:58.769088+00:00,1 39634U 14016A   24059.77915242  .00000284  00000-0  69863-4 0  9994,2 39634  98.1830  68.4432 0001347  91.2205 268.9149 14.59196373527637
2024-02-28T21:59:27.930336+00:00,1 39634U 14016A   24059.91629549  .00000282  00000-0  69508-4 0  9996,2 39634  98.1830  68.5784 0001342  91.1659 268.9694 14.59196489527627
2024-02-29T02:55:41.670912+00:00,1 39634U 14016A   24060.12201008  .00000280  00000-0  69012-4 0  9995,2 39634  98.1831  68.7812 0001343  91.0618 269.0736 14.59196624527683
2024-02-29T11:09:24.566688+00:00,1 39634U 14016A   24060.46486767  .00000285  00000-0  70257-4 0  9997,2 39634  98.1831  69.1191 0001349  91.2513 268.8841 14.59196914527732
2024-02-29T14:26:53.722752+00:00,1 39634U 14016A   24060.60201068  .00000219  00000-0  56207-4 0  9998,2 39634  98.1831  69.2543 0001348  91.2558 268.8796 14.59196850527729
2024-02-29T19:23:07.457280+00:00,1 39634U 14016A   24060.80772520  .00000217  00000-0  55727-4 0  9990,2 39634  98.1831  69.4571 0001348  91.3354 268.8000 14.59196967527780
2024-02-29T22:40:36.615072+00:00,1 39634U 14016A   24060.94486823  .00000216  00000-0  55620-4 0  9994,2 39634  98.1831  69.5922 0001346  91.3433 268.7921 14.59197042527772
2024-03-01T03:36:50.345280+00:00,1 39634U 14016A   24061.15058270  .00000231  00000-0  58784-4 0  9990,2 39634  98.1831  69.7950 0001345  91.2945 268.8409 14.59197209527835
2024-03-01T11:50:33.227232+00:00,1 39634U 14016A   24061.49344013  .00000253  00000-0  63468-4 0  9999,2 39634  98.1831  70.1330 0001346  91.1531 268.9823 14.59197558527887
2024-03-01T13:29:17.801376+00:00,1 39634U 14016A   24061.56201159  .00000250  00000-0  62777-4 0  9999,2 39634  98.1831  70.2006 0001346  91.1385 268.9969 14.59197587527866
2024-03-01T20:04:16.101408+00:00,1 39634U 14016A   24061.83629747  .00000248  00000-0  62300-4 0  9995,2 39634  98.1831  70.4709 0001350  91.3905 268.7449 14.59197753527937
2024-03-01T21:43:00.680736+00:00,1 39634U 14016A   24061.90486899  .00000242  00000-0  60949-4 0  9993,2 39634  98.1831  70.5385 0001347  91.3531 268.7823 14.59197747527916
2024-03-02T02:39:14.405760+00:00,1 39634U 14016A   24062.11058340  .00000240  00000-0  60702-4 0  9998,2 39634  98.1831  70.7413 0001347  91.4380 268.6974 14.59197876527978
2024-03-02T10:52:57.274752+00:00,1 39634U 14016A   24062.45344068  .00000275  00000-0  68075-4 0  9999,2 39634  98.1831  71.0792 0001350  91.4791 268.6564 14.59198251528022
2024-03-02T14:10:26.429088+00:00,1 39634U 14016A   24062.59058367  .00000247  00000-0  62210-4 0  9992,2 39634  98.1831  71.2144 0001350  91.4922 268.6432 14.59198207528015
2024-03-02T19:06:40.161888+00:00,1 39634U 14016A   24062.79629817  .00000188  00000-0  49627-4 0  9999,2 39634  98.1831  71.4172 0001350  91.2914 268.8440 14.59198068528079
2024-03-02T22:24:09.317088+00:00,1 39634U 14016A   24062.93344117  .00000163  00000-0  44286-4 0  9991,2 39634  98.1831  71.5523 0001350  91.3652 268.7703 14.59198018528065
2024-03-03T03:20:23.043840+00:00,1 39634U 14016A   24063.13915560  .00000144  00000-0  40345-4 0  9991,2 39634  98.1831  71.7551 0001354  91.4447 268.6908 14.59198032528124
2024-03-03T11:34:05.918016+00:00,1 39634U 14016A   24063.48201294  .00000123  00000-0  35715-4 0  9993,2 39634  98.1831  72.0931 0001359  91.6568 268.4788 14.59198136528175
2024-03-03T14:51:35.068896+00:00,1 39634U 14016A   24063.61915589  .00000107  00000-0  32332-4 0  9991,2 39634  98.1831  72.2282 0001358  91.6490 268.4865 14.59198088528160
2024-03-03T19:47:48.786144+00:00,1 39634U 14016A   24063.82487021  .00000126  00000-0  36543-4 0  9998,2 39634  98.1830  72.4310 0001366  91.6662 268.4694 14.59198249528229
2024-03-03T21:26:33.326592+00:00,1 39634U 14016A   24063.89344128  .00000218  00000-0  55905-4 0  9990,2 39634  98.1830  72.4986 0001363  91.6721 268.4635 14.59198907528205
2024-03-04T02:22:47.040384+00:00,1 39634U 14016A   24064.09915556  .00000205  00000-0  53107-4 0  9990,2 39634  98.1830  72.7014 0001364  91.6538 268.4818 14.59198885528261
2024-03-04T12:15:14.474880+00:00,1 39634U 14016A   24064.51058420  .00000239  00000-0  60321-4 0  9998,2 39634  98.1831  73.1069 0001364  91.0457 269.0899 14.59199098528321
2024-03-04T13:53:59.047296+00:00,1 39634U 14016A   24064.57915564  .00000217  00000-0  55838-4 0  9998,2 39634  98.1831  73.1745 0001365  91.0413 269.0943 14.59199011528308
2024-03-04T20:28:57.311040+00:00,1 39634U 14016A   24064.85344110  .00000290  00000-0  71176-4 0  9996,2 39634  98.1830  73.4449 0001361  91.8197 268.3159 14.59199389528370
2024-03-04T22:07:41.875680+00:00,1 39634U 14016A   24064.92201245  .00000291  00000-0  71537-4 0  9997,2 39634  98.1830  73.5125 0001359  91.7738 268.3617 14.59199463528359
2024-03-05T03:03:55.578240+00:00,1 39634U 14016A   24065.12772660  .00000306  00000-0  74651-4 0  9991,2 39634  98.1830  73.7153 0001360  91.7197 268.4159 14.59199650528410
2024-03-05T14:35:07.534176+00:00,1 39634U 14016A   24065.60772609  .00000361  00000-0  86230-4 0  9994,2 39634  98.1830  74.1884 0001363  91.3108 268.8248 14.59200288528454
2024-03-05T19:31:21.225504+00:00,1 39634U 14016A   24065.81344011  .00000368  00000-0  87756-4 0  9990,2 39634  98.1830  74.3912 0001362  91.2442 268.8914 14.59200480528518
2024-03-06T03:45:04.044384+00:00,1 39634U 14016A   24066.15629681  .00000396  00000-0  93785-4 0  9997,2 39634  98.1830  74.7292 0001362  91.1918 268.9438 14.59200934528561
2024-03-06T11:58:46.878816+00:00,1 39634U 14016A   24066.49915369  .00000305  00000-0  74451-4 0  9994,2 39634  98.1830  75.0672 0001359  91.1030 269.0326 14.59200786528617
2024-03-06T13:37:31.440000+00:00,1 39634U 14016A   24066.56772500  .00000307  00000-0  74787-4 0  9994,2 39634  98.1830  75.1348 0001357  91.1150 269.0205 14.59200859528593
2024-03-06T18:33:45.138240+00:00,1 39634U 14016A   24066.77343910  .00000239  00000-0  60494-4 0  9990,2 39634  98.1830  75.3376 0001357  91.1887 268.9468 14.59200746528654
2024-03-07T04:26:12.535584+00:00,1 39634U 14016A   24067.18486731  .00000124  00000-0  35978-4 0  9997,2 39634  98.1830  75.7431 0001355  91.1250 269.0104 14.59200559528710
2024-03-07T14:18:39.917376+00:00,1 39634U 14016A   24067.59629534  .00000074  00000-0  25378-4 0  9999,2 39634  98.1830  76.1487 0001356  91.6252 268.5103 14.59200615528743
2024-03-08T00:11:07.289664+00:00,1 39634U 14016A   24068.00772326  .00000093  00000-0  29432-4 0  9990,2 39634  98.1830  76.5542 0001358  91.3843 268.7512 14.59200843528833
2024-03-08T03:28:36.409440+00:00,1 39634U 14016A   24068.14486585  .00000110  00000-0  33027-4 0  9999,2 39634  98.1830  76.6894 0001355  91.3966 268.7389 14.59200963528854
2024-03-08T11:42:19.205856+00:00,1 39634U 14016A   24068.48772229  .00000169  00000-0  45465-4 0  9992,2 39634  98.1830  77.0274 0001352  91.3820 268.7535 14.59201335528900
2024-03-08T13:21:03.766176+00:00,1 39634U 14016A   24068.55629359  .00000219  00000-0  56071-4 0  9996,2 39634  98.1831  77.0950 0001351  91.4830 268.6525 14.59201469528886
2024-03-08T18:17:17.437632+00:00,1 39634U 14016A   24068.76200738  .00000287  00000-0  70597-4 0  9999,2 39634  98.1830  77.2977 0001358  91.8079 268.3276 14.59201796528942
2024-03-08T21:34:46.554816+00:00,1 39634U 14016A   24068.89914994  .00000273  00000-0  67698-4 0  9992,2 39634  98.1830  77.4329 0001356  91.7654 268.3701 14.59201796528933
2024-03-09T02:31:00.231456+00:00,1 39634U 14016A   24069.10486379  .00000279  00000-0  68970-4 0  9998,2 39634  98.1830  77.6357 0001357  91.6660 268.4695 14.59201932528994
2024-03-09T10:44:43.188576+00:00,1 39634U 14016A   24069.44772209  .00000321  00000-0  77720-4 0  9996,2 39634  98.1831  77.9736 0001360  90.2504 269.8852 14.59195874529049
2024-03-09T12:23:27.774816+00:00,1 39634U 14016A   24069.51629369  .00000276  00000-0  68276-4 0  9997,2 39634  98.1831  78.0413 0001363  90.6094 269.5262 14.59195751529028
2024-03-09T18:58:26.098176+00:00,1 39634U 14016A   24069.79057984  .00000271  00000-0  67244-4 0  9994,2 39634  98.1831  78.3117 0001360  91.0753 269.0602 14.59196039529096
2024-03-09T20:37:10.679232+00:00,1 39634U 14016A   24069.85915138  .00000275  00000-0  67977-4 0  9992,2 39634  98.1830  78.3793 0001358  91.2224 268.9131 14.59196114529074
2024-03-10T03:12:09.006912+00:00,1 39634U 14016A   24070.13343758  .00000270  00000-0  67027-4 0  9999,2 39634  98.1831  78.6497 0001363  90.9496 269.1860 14.59196261529145
2024-03-10T11:25:51.913056+00:00,1 39634U 14016A   24070.47629529  .00000254  00000-0  63551-4 0  9999,2 39634  98.1831  78.9876 0001366  91.0190 269.1166 14.59196427529193
2024-03-10T13:04:36.492384+00:00,1 39634U 14016A   24070.54486681  .00000252  00000-0  63250-4 0  9991,2 39634  98.1831  79.0552 0001366  91.0429 269.0927 14.59196470529171
2024-03-10T21:18:19.382976+00:00,1 39634U 14016A   24070.88772434  .00000323  00000-0  78331-4 0  9997,2 39634  98.1831  79.3931 0001366  90.9524 269.1832 14.59196820529253
2024-03-10T22:57:03.961440+00:00,1 39634U 14016A   24070.95629585  .00000322  00000-0  78075-4 0  9997,2 39634  98.1831  79.4607 0001366  90.9953 269.1403 14.59196870529237
2024-03-11T03:53:17.698560+00:00,1 39634U 14016A   24071.16201040  .00000304  00000-0  74115-4 0  9994,2 39634  98.1831  79.6635 0001368  91.2278 268.9078 14.59196994529294
2024-03-11T12:07:00.584832+00:00,1 39634U 14016A   24071.50486788  .00000288  00000-0  70821-4 0  9997,2 39634  98.1831  80.0015 0001371  91.2433 268.8924 14.59197244529343
2024-03-11T13:45:45.160704+00:00,1 39634U 14016A   24071.57343936  .00000292  00000-0  71705-4 0  9998,2 39634  98.1831  80.0691 0001371  91.1981 268.9376 14.59197301529324
2024-03-11T20:20:43.467648+00:00,1 39634U 14016A   24071.84772532  .00000276  00000-0  68351-4 0  9991,2 39634  98.1831  80.3395 0001371  91.3492 268.7864 14.59197412529397
2024-03-12T04:34:26.349600+00:00,1 39634U 14016A   24072.19058275  .00000275  00000-0  68057-4 0  9993,2 39634  98.1832  80.6774 0001372  91.2595 268.8762 14.59197647529440
2024-03-12T11:09:24.648768+00:00,1 39634U 14016A   24072.46486862  .00000271  00000-0  67220-4 0  9997,2 39634  98.1832  80.9478 0001375  91.2741 268.8616 14.59197845529482
2024-03-12T16:05:38.371200+00:00,1 39634U 14016A   24072.67058300  .00000283  00000-0  69826-4 0  9999,2 39634  98.1832  81.1506 0001374  91.0420 269.0937 14.59198044529513
2024-03-12T22:40:36.663456+00:00,1 39634U 14016A   24072.94486879  .00000275  00000-0  68092-4 0  9990,2 39634  98.1831  81.4209 0001372  91.0703 269.0654 14.59198210529529
2024-03-13T03:36:50.382432+00:00,1 39634U 14016A   24073.15058313  .00000275  00000-0  67972-4 0  9998,2 39634  98.1832  81.6237 0001374  91.0419 269.0938 14.59198350529585
2024-03-13T11:50:33.263520+00:00,1 39634U 14016A   24073.49344055  .00000211  00000-0  54454-4 0  9997,2 39634  98.1832  81.9617 0001371  90.9282 269.2075 14.59198332529633
2024-03-13T13:29:17.836800+00:00,1 39634U 14016A   24073.56201200  .00000203  00000-0  52850-4 0  9998,2 39634  98.1832  82.0293 0001370  90.9583 269.1773 14.59198332529610
2024-03-13T20:04:16.139424+00:00,1 39634U 14016A   24073.83629791  .00000126  00000-0  36460-4 0  9990,2 39634  98.1831  82.2997 0001369  91.5674 268.5683 14.59198155529681
2024-03-13T21:43:00.711840+00:00,1 39634U 14016A   24073.90486935  .00000127  00000-0  36734-4 0  9994,2 39634  98.1831  82.3673 0001368  91.5582 268.5774 14.59198195529663
2024-03-14T04:17:59.023968+00:00,1 39634U 14016A   24074.17915537  .00000065  00000-0  23585-4 0  9990,2 39634  98.1832  82.6377 0001375  91.3464 268.7893 14.59198037529730
2024-03-14T05:56:43.598112+00:00,1 39634U 14016A   24074.24772683  .00000046  00000-0  19460-4 0  9997,2 39634  98.1832  82.7053 0001373  91.5614 268.5743 14.59198011529711
2024-03-14T10:52:57.322272+00:00,1 39634U 14016A   24074.45344123 -.00000009  00000-0  77401-5 0  9994,2 39634  98.1832  82.9081 0001368  91.7906 268.3450 14.59197902529771
2024-03-14T20:45:24.761088+00:00,1 39634U 14016A   24074.86486992  .00000015  00000-0  12966-4 0  9990,2 39634  98.1832  83.3136 0001374  91.9778 268.1578 14.59198065529830
2024-03-14T22:24:09.333504+00:00,1 39634U 14016A   24074.93344136  .00000026  00000-0  15194-4 0  9999,2 39634  98.1832  83.3812 0001371  91.5953 268.5404 14.59198116529816
2024-03-15T04:59:07.612800+00:00,1 39634U 14016A   24075.20772700  .00000071  00000-0  24738-4 0  9996,2 39634  98.1832  83.6517 0001363  91.3317 268.8039 14.59198386529887
2024-03-15T11:34:05.903328+00:00,1 39634U 14016A   24075.48201277  .00000117  00000-0  34562-4 0  9999,2 39634  98.1832  83.9220 0001375  90.8171 269.3187 14.59198636529929
2024-03-15T19:47:48.743808+00:00,1 39634U 14016A   24075.82486972  .00000223  00000-0  57070-4 0  9991,2 39634  98.1832  84.2599 0001373  91.9367 268.1990 14.59199075529971
2024-03-15T23:05:17.882592+00:00,1 39634U 14016A   24075.96201253  .00000241  00000-0  60890-4 0  9997,2 39634  98.1832  84.3951 0001371  91.6964 268.4393 14.59199216529968
2024-03-16T04:01:31.598112+00:00,1 39634U 14016A   24076.16772683  .00000240  00000-0  60703-4 0  9992,2 39634  98.1832  84.5979 0001375  91.7630 268.3727 14.59199256530028
2024-03-16T12:15:14.529312+00:00,1 39634U 14016A   24076.51058483  .00000172  00000-0  46127-4 0  9994,2 39634  98.1832  84.9359 0001376  91.1936 268.9421 14.59196987530078
2024-03-16T13:53:59.108640+00:00,1 39634U 14016A   24076.57915635  .00000172  00000-0  46184-4 0  9994,2 39634  98.1832  85.0034 0001376  91.0737 269.0620 14.59196974530055
2024-03-16T20:28:57.419904+00:00,1 39634U 14016A   24076.85344236  .00000177  00000-0  47367-4 0  9997,2 39634  98.1831  85.2739 0001374  91.6014 268.5343 14.59197166530128
2024-03-16T22:07:41.997504+00:00,1 39634U 14016A   24076.92201386  .00000178  00000-0  47472-4 0  9991,2 39634  98.1831  85.3415 0001374  91.6520 268.4837 14.59197194530108
2024-03-17T04:42:40.312224+00:00,1 39634U 14016A   24077.19629991  .00000168  00000-0  45390-4 0  9993,2 39634  98.1832  85.6118 0001378  91.4510 268.6847 14.59197240530175
2024-03-17T12:56:23.194176+00:00,1 39634U 14016A   24077.53915734  .00000156  00000-0  42851-4 0  9990,2 39634  98.1832  85.9498 0001379  91.3695 268.7663 14.59197379530229
2024-03-17T14:35:07.770912+00:00,1 39634U 14016A   24077.60772883  .00000156  00000-0  42712-4 0  9990,2 39634  98.1831  86.0174 0001379  91.3639 268.7718 14.59197404530207
2024-03-17T21:10:06.072672+00:00,1 39634U 14016A   24077.88201473  .00000163  00000-0  44245-4 0  9993,2 39634  98.1831  86.2877 0001382  91.4840 268.6518 14.59197620530272
2024-03-17T22:48:50.648544+00:00,1 39634U 14016A   24077.95058621  .00000163  00000-0  44345-4 0  9997,2 39634  98.1831  86.3553 0001380  91.4659 268.6699 14.59197660530252
2024-03-18T03:45:04.372704+00:00,1 39634U 14016A   24078.15630061  .00000275  00000-0  68007-4 0  9999,2 39634  98.1831  86.5581 0001378  91.3269 268.8089 14.59197894530319
2024-03-18T11:58:47.239104+00:00,1 39634U 14016A   24078.49915786  .00000294  00000-0  71993-4 0  9995,2 39634  98.1831  86.8961 0001379  91.1925 268.9432 14.59198247530363
2024-03-18T13:37:31.812384+00:00,1 39634U 14016A   24078.56772931  .00000294  00000-0  71987-4 0  9999,2 39634  98.1831  86.9637 0001379  91.2155 268.9203 14.59198287530348
2024-03-18T20:12:30.097728+00:00,1 39634U 14016A   24078.84201502  .00000303  00000-0  74040-4 0  9995,2 39634  98.1831  87.2341 0001379  91.3006 268.8352 14.59198528530410
2024-03-18T21:51:14.670144+00:00,1 39634U 14016A   24078.91058646  .00000303  00000-0  74014-4 0  9993,2 39634  98.1831  87.3017 0001378  91.2977 268.8381 14.59198582530395
2024-03-19T04:26:12.952032+00:00,1 39634U 14016A   24079.18487213  .00000362  00000-0  86608-4 0  9996,2 39634  98.1831  87.5721 0001379  91.4141 268.7217 14.59199107530464
2024-03-19T11:01:11.232192+00:00,1 39634U 14016A   24079.45915778  .00000362  00000-0  86468-4 0  9992,2 39634  98.1831  87.8425 0001382  91.0503 269.0855 14.59199326530476
2024-03-19T22:32:23.203680+00:00,1 39634U 14016A   24079.93915745  .00000382  00000-0  90730-4 0  9998,2 39634  98.1830  88.3156 0001380  91.4088 268.7270 14.59199823530572
2024-03-20T01:49:52.342464+00:00,1 39634U 14016A   24080.07630026  .00000367  00000-0  87480-4 0  9992,2 39634  98.1830  88.4508 0001382  91.5941 268.5417 14.59199866530595
2024-03-20T06:46:06.053664+00:00,1 39634U 14016A   24080.28201451  .00000364  00000-0  86968-4 0  9998,2 39634  98.1830  88.6536 0001386  91.3296 268.8062 14.59199996530596
2024-03-20T06:46:06.053664+00:00,1 39634U 14016A   24080.28201451  .00000364  00000-0  86968-4 0  9998,2 39634  98.1830  88.6536 0001386  91.3296 268.8062 14.59199996530620
2024-03-21T04:09:45.529632+00:00,1 39634U 14016A   24081.17344363  .00000402  00000-0  94965-4 0  9996,2 39634  98.1830  89.5322 0001377  92.2783 267.8575 14.59198964530750
2024-03-21T12:23:28.388256+00:00,1 39634U 14016A   24081.51630079  .00000435  00000-0  10203-3 0  9994,2 39634  98.1830  89.8703 0001384  91.0048 269.1310 14.59199441530804
2024-03-21T14:02:12.958080+00:00,1 39634U 14016A   24081.58487220  .00000437  00000-0  10231-3 0  9992,2 39634  98.1830  89.9379 0001384  91.0410 269.0948 14.59199497530781
2024-03-21T18:58:26.662368+00:00,1 39634U 14016A   24081.79058637  .00000440  00000-0  10314-3 0  9997,2 39634  98.1829  90.1407 0001387  91.1250 269.0108 14.59199713530847
2024-03-21T22:15:55.783008+00:00,1 39634U 14016A   24081.92772897  .00000461  00000-0  10746-3 0  9995,2 39634  98.1829  90.2759 0001386  91.2342 268.9016 14.59199989530830
2024-03-22T04:50:54.064032+00:00,1 39634U 14016A   24082.20201463  .00000442  00000-0  10353-3 0  9996,2 39634  98.1829  90.5463 0001390  91.2923 268.8436 14.59200089530902
2024-03-22T11:25:52.326912+00:00,1 39634U 14016A   24082.47630008  .00000433  00000-0  10166-3 0  9998,2 39634  98.1829  90.8166 0001393  91.2512 268.8847 14.59200314530943
2024-03-22T14:43:21.457056+00:00,1 39634U 14016A   24082.61344279  .00000435  00000-0  10199-3 0  9994,2 39634  98.1829  90.9518 0001392  91.2222 268.9137 14.59200429530931
2024-03-22T19:39:35.142336+00:00,1 39634U 14016A   24082.81915674  .00000429  00000-0  10081-3 0  9992,2 39634  98.1829  91.1546 0001398  91.2547 268.8813 14.59200634530995
2024-03-22T22:57:04.269024+00:00,1 39634U 14016A   24082.95629941  .00000430  00000-0  10089-3 0  9996,2 39634  98.1829  91.2898 0001396  91.2682 268.8678 14.59200769530981
2024-03-23T02:14:33.395712+00:00,1 39634U 14016A   24083.09344208  .00000430  00000-0  10087-3 0  9990,2 39634  98.1829  91.4250 0001397  91.2878 268.8482 14.59200888531035
2024-03-23T12:07:00.865632+00:00,1 39634U 14016A   24083.50487113  .00000544  00000-0  12516-3 0  9994,2 39634  98.1830  91.8305 0001383  90.4019 269.7340 14.59197673531091
2024-03-23T20:20:43.743264+00:00,1 39634U 14016A   24083.84772851  .00000501  00000-0  11589-3 0  9999,2 39634  98.1829  92.1685 0001388  90.9852 269.1507 14.59197722531149
2024-03-23T21:59:28.318272+00:00,1 39634U 14016A   24083.91629998  .00000500  00000-0  11576-3 0  9995,2 39634  98.1829  92.2361 0001388  90.9756 269.1603 14.59197791531125
2024-03-24T04:34:26.615712+00:00,1 39634U 14016A   24084.19058583  .00000564  00000-0  12926-3 0  9992,2 39634  98.1829  92.5065 0001389  91.0363 269.0996 14.59198440531199
2024-03-24T12:48:09.442368+00:00,1 39634U 14016A   24084.53344262  .00000738  00000-0  16631-3 0  9992,2 39634  98.1829  92.8445 0001391  91.1022 269.0337 14.59199905531242
2024-03-24T14:26:54.010464+00:00,1 39634U 14016A   24084.60201401  .00000740  00000-0  16662-3 0  9994,2 39634  98.1829  92.9121 0001390  91.0543 269.0816 14.59199996531220
2024-03-24T21:01:52.154112+00:00,1 39634U 14016A   24084.87629808  .00001295  00000-0  28441-3 0  9992,2 39634  98.1829  93.1825 0001390  90.8453 269.2906 14.59203786531293
2024-03-24T22:40:36.706656+00:00,1 39634U 14016A   24084.94486929  .00001300  00000-0  28532-3 0  9993,2 39634  98.1829  93.2501 0001390  90.7977 269.3382 14.59203967531273
2024-03-25T03:36:50.526720+00:00,1 39634U 14016A   24085.15058480  .00000698  00000-0  15770-3 0  9993,2 39634  98.1829  93.4529 0001389  91.0445 269.0914 14.59200615531339
2024-03-25T11:50:33.329184+00:00,1 39634U 14016A   24085.49344131  .00000969  00000-0  21516-3 0  9997,2 39634  98.1829  93.7908 0001393  90.7269 269.4090 14.59202404531380
2024-03-25T20:04:16.148064+00:00,1 39634U 14016A   24085.83629801  .00000859  00000-0  19191-3 0  9999,2 39634  98.1829  94.1288 0001394  90.8107 269.3253 14.59202276531432
2024-03-25T23:21:45.260928+00:00,1 39634U 14016A   24085.97344052  .00000859  00000-0  19191-3 0  9996,2 39634  98.1829  94.2640 0001392  90.7905 269.3454 14.59202523531425
2024-03-26T04:17:58.944480+00:00,1 39634U 14016A   24086.17915445  .00000837  00000-0  18728-3 0  9990,2 39634  98.1830  94.4668 0001392  90.9328 269.2031 14.59202676531485
2024-03-26T12:31:41.778912+00:00,1 39634U 14016A   24086.52201133  .00000691  00000-0  15624-3 0  9991,2 39634  98.1830  94.8048 0001393  90.8181 269.3179 14.59202263531530
2024-03-26T14:10:26.336640+00:00,1 39634U 14016A   24086.59058260  .00000686  00000-0  15515-3 0  9992,2 39634  98.1830  94.8724 0001393  90.8284 269.3076 14.59202333531517
2024-03-26T20:45:24.571872+00:00,1 39634U 14016A   24086.86486773  .00000610  00000-0  13903-3 0  9992,2 39634  98.1830  95.1428 0001394  90.9736 269.1623 14.59202282531582
2024-03-26T22:24:09.127872+00:00,1 39634U 14016A   24086.93343898  .00000606  00000-0  13831-3 0  9995,2 39634  98.1830  95.2104 0001393  90.8875 269.2485 14.59202376531565
2024-03-27T00:02:53.685600+00:00,1 39634U 14016A   24087.00201025  .00000593  00000-0  13555-3 0  9997,2 39634  98.1830  95.2780 0001394  90.8590 269.2769 14.59202419531608
2024-03-27T11:34:05.917152+00:00,1 39634U 14016A   24087.48201293  .00000509  00000-0  11765-3 0  9994,2 39634  98.1831  95.7511 0001406  89.6019 270.5342 14.59192551531676
2024-03-27T13:12:50.512032+00:00,1 39634U 14016A   24087.55058463  .00000506  00000-0  11698-3 0  9993,2 39634  98.1831  95.8187 0001406  89.5744 270.5617 14.59192596531652
2024-03-27T19:47:48.871680+00:00,1 39634U 14016A   24087.82487120  .00000511  00000-0  11816-3 0  9997,2 39634  98.1830  96.0891 0001398  89.6274 270.5086 14.59193384531729
2024-03-27T23:05:18.051072+00:00,1 39634U 14016A   24087.96201448  .00000505  00000-0  11690-3 0  9992,2 39634  98.1830  96.2243 0001392  89.6322 270.5037 14.59193597531711
2024-03-28T04:01:31.834848+00:00,1 39634U 14016A   24088.16772957  .00000541  00000-0  12458-3 0  9996,2 39634  98.1831  96.4271 0001394  89.4274 270.7085 14.59193972531779
2024-03-28T12:15:14.780736+00:00,1 39634U 14016A   24088.51058774  .00000531  00000-0  12227-3 0  9992,2 39634  98.1831  96.7651 0001397  89.1712 270.9648 14.59194389531827
2024-03-28T13:53:59.354880+00:00,1 39634U 14016A   24088.57915920  .00000504  00000-0  11668-3 0  9991,2 39634  98.1831  96.8327 0001397  89.2347 270.9012 14.59194385531802
2024-03-28T20:28:57.709344+00:00,1 39634U 14016A   24088.85344571  .00000501  00000-0  11595-3 0  9996,2 39634  98.1830  97.1031 0001399  89.4245 270.7115 14.59194718531877
2024-03-28T22:07:42.295584+00:00,1 39634U 14016A   24088.92201731  .00000499  00000-0  11560-3 0  9992,2 39634  98.1830  97.1707 0001397  89.4165 270.7195 14.59194802531856
2024-03-29T04:42:40.637952+00:00,1 39634U 14016A   24089.19630368  .00000498  00000-0  11534-3 0  9994,2 39634  98.1831  97.4411 0001398  89.3938 270.7422 14.59195148531925
2024-03-29T12:56:23.542368+00:00,1 39634U 14016A   24089.53916137  .00000527  00000-0  12155-3 0  9996,2 39634  98.1831  97.7791 0001398  89.4081 270.7279 14.59195811531971
2024-03-29T21:10:06.470112+00:00,1 39634U 14016A   24089.88201933  .00000527  00000-0  12157-3 0  9997,2 39634  98.1830  98.1170 0001399  89.4793 270.6567 14.59196160532021
2024-03-29T22:48:51.051168+00:00,1 39634U 14016A   24089.95059087  .00000526  00000-0  12138-3 0  9994,2 39634  98.1830  98.1846 0001398  89.4771 270.6589 14.59196245532002
2024-03-30T03:45:04.781376+00:00,1 39634U 14016A   24090.15630534  .00000590  00000-0  13489-3 0  9991,2 39634  98.1831  98.3874 0001388  89.7040 270.4318 14.59196734532064
2024-03-30T11:58:47.657280+00:00,1 39634U 14016A   24090.49916270  .00000633  00000-0  14394-3 0  9996,2 39634  98.1830  98.7254 0001387  89.3286 270.8072 14.59197431532118
2024-03-30T13:37:32.246112+00:00,1 39634U 14016A   24090.56773433  .00000524  00000-0  12083-3 0  9998,2 39634  98.1830  98.7930 0001387  89.3801 270.7557 14.59196911532098
2024-03-30T20:12:30.541824+00:00,1 39634U 14016A   24090.84202016  .00000699  00000-0  15806-3 0  9992,2 39634  98.1830  99.0634 0001373  89.1473 270.9884 14.59198128532166
2024-03-30T21:51:15.114240+00:00,1 39634U 14016A   24090.91059160  .00000703  00000-0  15884-3 0  9992,2 39634  98.1830  99.1310 0001372  89.1482 270.9875 14.59198245532145
2024-03-31T04:26:13.435872+00:00,1 39634U 14016A   24091.18487773  .00000584  00000-0  13350-3 0  9990,2 39634  98.1830  99.4014 0001389  89.2609 270.8750 14.59197966532217
2024-03-31T12:39:56.343744+00:00,1 39634U 14016A   24091.52773546  .00000426  00000-0  99976-4 0  9998,2 39634  98.1830  99.7393 0001391  89.0611 271.0748 14.59197462532260
2024-03-31T14:18:40.920480+00:00,1 39634U 14016A   24091.59630695  .00000416  00000-0  97959-4 0  9990,2 39634  98.1830  99.8069 0001389  89.1413 270.9946 14.59197488532243
2024-03-31T20:53:39.228288+00:00,1 39634U 14016A   24091.87059292  .00000373  00000-0  88791-4 0  9995,2 39634  98.1829 100.0773 0001387  89.2264 270.9095 14.59197621532313
2024-03-31T22:32:23.804160+00:00,1 39634U 14016A   24091.93916440  .00000368  00000-0  87876-4 0  9996,2 39634  98.1829 100.1449 0001386  89.2279 270.9079 14.59197674532296
2024-04-01T05:07:22.111104+00:00,1 39634U 14016A   24092.21345036  .00000332  00000-0  80116-4 0  9996,2 39634  98.1829 100.4153 0001386  89.1874 270.9484 14.59197792532360
2024-04-01T11:42:20.402496+00:00,1 39634U 14016A   24092.48773614  .00000288  00000-0  70737-4 0  9990,2 39634  98.1829 100.6857 0001382  89.0674 271.0684 14.59197919532406
2024-04-01T13:21:04.977504+00:00,1 39634U 14016A   24092.55630761  .00000283  00000-0  69703-4 0  9999,2 39634  98.1829 100.7533 0001382  89.0226 271.1132 14.59197956532388
2024-04-01T19:56:03.265440+00:00,1 39634U 14016A   24092.83059335  .00000295  00000-0  72389-4 0  9999,2 39634  98.1829 101.0237 0001386  89.0694 271.0665 14.59198255532457
2024-04-02T04:09:46.131840+00:00,1 39634U 14016A   24093.17345060  .00000301  00000-0  73570-4 0  9991,2 39634  98.1829 101.3617 0001384  89.0181 271.1178 14.59198521532503
2024-04-02T10:44:44.418048+00:00,1 39634U 14016A   24093.44773632  .00000357  00000-0  85397-4 0  9992,2 39634  98.1829 101.6321 0001386  89.0154 271.1205 14.59198845532544
2024-04-02T14:02:13.557696+00:00,1 39634U 14016A   24093.58487914  .00000328  00000-0  79207-4 0  9993,2 39634  98.1828 101.7673 0001386  89.0550 271.0808 14.59198812532535
2024-04-02T20:37:11.840448+00:00,1 39634U 14016A   24093.85916482  .00000322  00000-0  78108-4 0  9993,2 39634  98.1828 102.0377 0001389  89.0057 271.1302 14.59199016532600
2024-04-02T22:15:56.410272+00:00,1 39634U 14016A   24093.92773623  .00000324  00000-0  78446-4 0  9996,2 39634  98.1828 102.1053 0001388  88.8359 271.3000 14.59199075532582
2024-04-03T04:50:54.697344+00:00,1 39634U 14016A   24094.20202196  .00000311  00000-0  75630-4 0  9998,2 39634  98.1828 102.3756 0001392  88.8789 271.2570 14.59199195532658
2024-04-03T11:25:52.973184+00:00,1 39634U 14016A   24094.47630756  .00000287  00000-0  70619-4 0  9998,2 39634  98.1828 102.6460 0001392  89.0792 271.0567 14.59199318532695
2024-04-03T13:04:37.542144+00:00,1 39634U 14016A   24094.54487896  .00000281  00000-0  69235-4 0  9997,2 39634  98.1828 102.7136 0001390  89.1331 271.0028 14.59199346532675
2024-04-03T19:39:35.824896+00:00,1 39634U 14016A   24094.81916464  .00000207  00000-0  53557-4 0  9993,2 39634  98.1827 102.9841 0001382  89.7020 270.4338 14.59199274532746
2024-04-03T22:57:04.963680+00:00,1 39634U 14016A   24094.95630745  .00000194  00000-0  50889-4 0  9993,2 39634  98.1827 103.1193 0001380  89.6862 270.4495 14.59199320532735
2024-04-04T03:53:18.676608+00:00,1 39634U 14016A   24095.16202172  .00000159  00000-0  43529-4 0  9990,2 39634  98.1828 103.3220 0001387  89.6921 270.4437 14.59199303532795
2024-04-04T12:07:01.528320+00:00,1 39634U 14016A   24095.50487880  .00000084  00000-0  27529-4 0  9998,2 39634  98.1827 103.6601 0001385  88.8723 271.2635 14.59199183532840
2024-04-04T13:45:46.097280+00:00,1 39634U 14016A   24095.57345020  .00000079  00000-0  26519-4 0  9996,2 39634  98.1827 103.7277 0001385  88.8995 271.2363 14.59199187532821
2024-04-04T20:20:44.375712+00:00,1 39634U 14016A   24095.84773583  .00000054  00000-0  21196-4 0  9994,2 39634  98.1827 103.9980 0001392  88.6774 271.4585 14.59199215532892
2024-04-04T21:59:28.943808+00:00,1 39634U 14016A   24095.91630722  .00000055  00000-0  21426-4 0  9996,2 39634  98.1827 104.0656 0001391  88.7161 271.4198 14.59199244532874
2024-04-05T04:34:27.210144+00:00,1 39634U 14016A   24096.19059271  .00000090  00000-0  28740-4 0  9996,2 39634  98.1827 104.3361 0001389  88.7866 271.3493 14.59199456532949
2024-04-05T12:48:10.041984+00:00,1 39634U 14016A   24096.53344956  .00000112  00000-0  33441-4 0  9990,2 39634  98.1827 104.6740 0001394  89.2881 270.8479 14.59199671532994
2024-04-05T14:26:54.609216+00:00,1 39634U 14016A   24096.60202094  .00000113  00000-0  33589-4 0  9998,2 39634  98.1827 104.7416 0001394  89.3539 270.7820 14.59199693532977
2024-04-05T19:23:08.297952+00:00,1 39634U 14016A   24096.80773493  .00000175  00000-0  46837-4 0  9994,2 39634  98.1826 104.9444 0001388  89.4693 270.6666 14.59199949533033
2024-04-05T22:40:37.430688+00:00,1 39634U 14016A   24096.94487767  .00000180  00000-0  47939-4 0  9995,2 39634  98.1826 105.0796 0001387  88.8840 271.2519 14.59200028533025
2024-04-06T05:15:35.692704+00:00,1 39634U 14016A   24097.21916311  .00000189  00000-0  49835-4 0  9994,2 39634  98.1826 105.3499 0001390  89.2590 270.8769 14.59200184533091
2024-04-06T10:11:49.390944+00:00,1 39634U 14016A   24097.42487721  .00000184  00000-0  48697-4 0  9995,2 39634  98.1827 105.5528 0001392  89.4945 270.6414 14.59200252533120
2024-04-06T13:29:18.627360+00:00,1 39634U 14016A   24097.56202115  .00000189  00000-0  49770-4 0  9990,2 39634  98.1827 105.6880 0001392  88.6193 271.5166 14.59197161533115
2024-04-06T20:04:16.928256+00:00,1 39634U 14016A   24097.83630704  .00000184  00000-0  48827-4 0  9996,2 39634  98.1826 105.9583 0001387  89.0360 271.0998 14.59197404533187
2024-04-06T23:21:46.080000+00:00,1 39634U 14016A   24097.97345000  .00000183  00000-0  48453-4 0  9997,2 39634  98.1826 106.0935 0001384  89.0377 271.0981 14.59197484533174
2024-04-07T10:52:58.117152+00:00,1 39634U 14016A   24098.45345043  .00000177  00000-0  47201-4 0  9991,2 39634  98.1826 106.5667 0001386  89.3387 270.7972 14.59197747533276
2024-04-07T14:10:27.265440+00:00,1 39634U 14016A   24098.59059335  .00000192  00000-0  50421-4 0  9997,2 39634  98.1826 106.7019 0001383  89.7276 270.4082 14.59197846533265
2024-04-07T19:06:40.988736+00:00,1 39634U 14016A   24098.79630774  .00000207  00000-0  53652-4 0  9997,2 39634  98.1826 106.9047 0001390  89.0106 271.1253 14.59197932533322
2024-04-07T22:24:10.135296+00:00,1 39634U 14016A   24098.93345064  .00000225  00000-0  57383-4 0  9993,2 39634  98.1826 107.0398 0001387  89.0171 271.1188 14.59198059533318
2024-04-08T04:59:08.427552+00:00,1 39634U 14016A   24099.20773643  .00000253  00000-0  63449-4 0  9993,2 39634  98.1826 107.3102 0001389  89.0129 271.1230 14.59198348533385
2024-04-08T11:34:06.722400+00:00,1 39634U 14016A   24099.48202225  .00000247  00000-0  62090-4 0  9990,2 39634  98.1826 107.5806 0001389  88.8421 271.2938 14.59198496533425
2024-04-08T13:12:51.295680+00:00,1 39634U 14016A   24099.55059370  .00000245  00000-0  61599-4 0  9990,2 39634  98.1826 107.6482 0001388  88.8160 271.3198 14.59198526533406
2024-04-08T18:09:05.009472+00:00,1 39634U 14016A   24099.75630798  .00000258  00000-0  64376-4 0  9991,2 39634  98.1826 107.8510 0001387  89.0797 271.0562 14.59198677533463
2024-04-08T23:05:18.721536+00:00,1 39634U 14016A   24099.96202224  .00000257  00000-0  64269-4 0  9993,2 39634  98.1826 108.0538 0001383  89.0633 271.0725 14.59198802533462
2024-04-09T04:01:32.437056+00:00,1 39634U 14016A   24100.16773654  .00000251  00000-0  63032-4 0  9999,2 39634  98.1826 108.2566 0001384  89.1500 270.9859 14.59198875533523
2024-04-09T10:36:30.720672+00:00,1 39634U 14016A   24100.44202223  .00000251  00000-0  62866-4 0  9993,2 39634  98.1826 108.5270 0001389  88.5883 271.5476 14.59199034533531
2024-04-09T10:36:30.720672+00:00,1 39634U 14016A   24100.44202223  .00000251  00000-0  62866-4 0  9993,2 39634  98.1826 108.5270 0001389  88.5883 271.5476 14.59199034533564
2024-04-10T01:25:10.817472+00:00,1 39634U 14016A   24101.05915298  .00000258  00000-0  64449-4 0  9990,2 39634  98.1827 109.1360 0001310  86.8937 273.2413 14.59211907533651
2024-04-10T11:17:38.225184+00:00,1 39634U 14016A   24101.47058131  .00000238  00000-0  60189-4 0  9995,2 39634  98.1827 109.5410 0001411  88.9252 271.2109 14.59200008533713
2024-04-10T12:56:22.788960+00:00,1 39634U 14016A   24101.53915265  .00000238  00000-0  60123-4 0  9990,2 39634  98.1826 109.6085 0001409  88.8199 271.3162 14.59200133533693
2024-04-10T21:10:05.599200+00:00,1 39634U 14016A   24101.88200925  .00000248  00000-0  62251-4 0  9993,2 39634  98.1825 109.9464 0001401  89.2346 270.9014 14.59200666533778
2024-04-10T22:48:50.161248+00:00,1 39634U 14016A   24101.95058057  .00000247  00000-0  62192-4 0  9991,2 39634  98.1825 110.0140 0001398  89.2665 270.8695 14.59200731533756
2024-04-11T03:45:03.852576+00:00,1 39634U 14016A   24102.15629459  .00000247  00000-0  62193-4 0  9995,2 39634  98.1826 110.2169 0001402  89.1905 270.9455 14.59200820533813
2024-04-11T11:58:46.665408+00:00,1 39634U 14016A   24102.49915122  .00000260  00000-0  64877-4 0  9993,2 39634  98.1826 110.5549 0001403  88.9535 271.1825 14.59201102533868
2024-04-11T13:37:31.227456+00:00,1 39634U 14016A   24102.56772254  .00000260  00000-0  64862-4 0  9992,2 39634  98.1825 110.6225 0001402  88.9309 271.2051 14.59201137533845
2024-04-11T20:12:29.470464+00:00,1 39634U 14016A   24102.84200776  .00000253  00000-0  63390-4 0  9995,2 39634  98.1825 110.8929 0001398  89.0371 271.0989 14.59201262533918
2024-04-11T21:51:14.030784+00:00,1 39634U 14016A   24102.91057906  .00000253  00000-0  63347-4 0  9990,2 39634  98.1825 110.9605 0001396  89.0266 271.1093 14.59201309533897
2024-04-12T04:26:12.270336+00:00,1 39634U 14016A   24103.18486424  .00000265  00000-0  65878-4 0  9995,2 39634  98.1825 111.2309 0001397  88.9317 271.2043 14.59201560533961
2024-04-12T12:39:55.065888+00:00,1 39634U 14016A   24103.52772067  .00000285  00000-0  70125-4 0  9997,2 39634  98.1825 111.5688 0001396  88.8187 271.3172 14.59201907534013
2024-04-12T14:18:39.624480+00:00,1 39634U 14016A   24103.59629195  .00000285  00000-0  70188-4 0  9996,2 39634  98.1825 111.6364 0001396  88.8325 271.3034 14.59201945533994
2024-04-12T20:53:37.856256+00:00,1 39634U 14016A   24103.87057704  .00000266  00000-0  66093-4 0  9997,2 39634  98.1824 111.9068 0001393  88.7543 271.3816 14.59202043534062
2024-04-12T22:32:22.413984+00:00,1 39634U 14016A   24103.93914831  .00000266  00000-0  66154-4 0  9995,2 39634  98.1824 111.9744 0001392  88.7282 271.4077 14.59202091534043
2024-04-13T00:11:06.971712+00:00,1 39634U 14016A   24104.00771958  .00000266  00000-0  66143-4 0  9993,2 39634  98.1824 112.0420 0001392  88.7196 271.4163 14.59202135534089
2024-04-13T10:03:34.610976+00:00,1 39634U 14016A   24104.41915059  .00000295  00000-0  72287-4 0  9998,2 39634  98.1825 112.4477 0001386  87.7177 272.4182 14.59190036534142
2024-04-13T13:21:03.820608+00:00,1 39634U 14016A   24104.55629422  .00000303  00000-0  73914-4 0  9997,2 39634  98.1825 112.5828 0001391  88.3192 271.8167 14.59190266534133
2024-04-13T19:56:02.225184+00:00,1 39634U 14016A   24104.83058131  .00000319  00000-0  77384-4 0  9993,2 39634  98.1823 112.8531 0001391  89.0919 271.0440 14.59190841534203
2024-04-13T21:34:46.828704+00:00,1 39634U 14016A   24104.89915311  .00000319  00000-0  77459-4 0  9994,2 39634  98.1823 112.9207 0001389  89.1658 270.9701 14.59190901534184
2024-04-14T04:09:45.246240+00:00,1 39634U 14016A   24105.17344035  .00000343  00000-0  82418-4 0  9993,2 39634  98.1824 113.1911 0001386  88.4917 271.6441 14.59191214534252
2024-04-14T12:23:28.254336+00:00,1 39634U 14016A   24105.51629924  .00000386  00000-0  91608-4 0  9992,2 39634  98.1824 113.5291 0001386  87.9726 272.1633 14.59191695534307
2024-04-14T18:58:26.656320+00:00,1 39634U 14016A   24105.79058630  .00000391  00000-0  92737-4 0  9992,2 39634  98.1823 113.7995 0001386  87.9608 272.1751 14.59191906534348
2024-04-14T22:15:55.848672+00:00,1 39634U 14016A   24105.92772973  .00000415  00000-0  97727-4 0  9991,2 39634  98.1823 113.9347 0001384  88.0352 272.1006 14.59192173534336
2024-04-15T03:12:09.644544+00:00,1 39634U 14016A   24106.13344496  .00000424  00000-0  99682-4 0  9992,2 39634  98.1823 114.1375 0001383  87.8477 272.2881 14.59192399534392
2024-04-15T11:25:52.635360+00:00,1 39634U 14016A   24106.47630365  .00000438  00000-0  10263-3 0  9994,2 39634  98.1823 114.4754 0001384  87.7513 272.3846 14.59192746534441
2024-04-15T13:04:37.231968+00:00,1 39634U 14016A   24106.54487537  .00000439  00000-0  10295-3 0  9999,2 39634  98.1823 114.5430 0001383  87.7132 272.4226 14.59192806534427
2024-04-15T21:18:20.203776+00:00,1 39634U 14016A   24106.88773384  .00000469  00000-0  10919-3 0  9990,2 39634  98.1822 114.8810 0001380  87.9235 272.2123 14.59193262534470
2024-04-15T21:18:20.203776+00:00,1 39634U 14016A   24106.88773384  .00000469  00000-0  10919-3 0  9990,2 39634  98.1822 114.8810 0001380  87.9235 272.2123 14.59193262534504
2024-04-16T03:53:18.573792+00:00,1 39634U 14016A   24107.16202053  .00000489  00000-0  11353-3 0  9997,2 39634  98.1822 115.1514 0001381  88.4633 271.6725 14.59193614534544
2024-04-16T12:07:01.509312+00:00,1 39634U 14016A   24107.50487858  .00000625  00000-0  14236-3 0  9998,2 39634  98.1822 115.4893 0001377  88.9714 271.1643 14.59194765534594
2024-04-16T13:45:46.098144+00:00,1 39634U 14016A   24107.57345021  .00000624  00000-0  14215-3 0  9996,2 39634  98.1822 115.5569 0001378  88.9142 271.2216 14.59194836534575
2024-04-16T20:20:44.443968+00:00,1 39634U 14016A   24107.84773662  .00000661  00000-0  14986-3 0  9998,2 39634  98.1821 115.8273 0001378  89.2530 270.8828 14.59195334534640
2024-04-16T21:59:29.030208+00:00,1 39634U 14016A   24107.91630822  .00000662  00000-0  15007-3 0  9992,2 39634  98.1821 115.8949 0001378  89.2925 270.8433 14.59195429534623
2024-04-17T04:34:27.365664+00:00,1 39634U 14016A   24108.19059451  .00000745  00000-0  16778-3 0  9994,2 39634  98.1821 116.1653 0001379  89.3005 270.8353 14.59196211534698
2024-04-17T12:48:10.305504+00:00,1 39634U 14016A   24108.53345261  .00000683  00000-0  15467-3 0  9994,2 39634  98.1821 116.5032 0001386  88.8726 271.2633 14.59196217534743
2024-04-17T14:26:54.887424+00:00,1 39634U 14016A   24108.60202416  .00000686  00000-0  15524-3 0  9993,2 39634  98.1821 116.5708 0001387  88.8129 271.3230 14.59196312534729
2024-04-17T19:23:08.624544+00:00,1 39634U 14016A   24108.80773871  .00000721  00000-0  16269-3 0  9990,2 39634  98.1821 116.7736 0001388  88.8009 271.3349 14.59196738534789
2024-04-17T21:01:53.188320+00:00,1 39634U 14016A   24108.87631005  .00000755  00000-0  16976-3 0  9991,2 39634  98.1820 116.8412 0001387  88.7870 271.3488 14.59197098534766
2024-04-18T03:36:51.521184+00:00,1 39634U 14016A   24109.15059631  .00000772  00000-0  17341-3 0  9998,2 39634  98.1820 117.1116 0001387  88.7381 271.3978 14.59197466534839
2024-04-18T11:50:34.410048+00:00,1 39634U 14016A   24109.49345382  .00000761  00000-0  17120-3 0  9999,2 39634  98.1820 117.4495 0001387  88.6421 271.4938 14.59197891534880
2024-04-18T13:29:18.985920+00:00,1 39634U 14016A   24109.56202530  .00000758  00000-0  17043-3 0  9994,2 39634  98.1820 117.5171 0001387  88.6296 271.5063 14.59197982534861
2024-04-18T15:08:03.561792+00:00,1 39634U 14016A   24109.63059678  .00000748  00000-0  16839-3 0  9996,2 39634  98.1820 117.5847 0001387  88.6243 271.5116 14.59198050534904
2024-04-18T23:21:46.412640+00:00,1 39634U 14016A   24109.97345385  .00000797  00000-0  17882-3 0  9999,2 39634  98.1819 117.9227 0001383  88.7552 271.3806 14.59198836534926
2024-04-19T04:18:00.142848+00:00,1 39634U 14016A   24110.17916832  .00000798  00000-0  17891-3 0  9995,2 39634  98.1819 118.1254 0001386  88.8423 271.2936 14.59199085534986
2024-04-19T12:31:42.972960+00:00,1 39634U 14016A   24110.52202515  .00000852  00000-0  19042-3 0  9991,2 39634  98.1819 118.4634 0001384  88.5627 271.5732 14.59199966535034
2024-04-19T14:10:27.539328+00:00,1 39634U 14016A   24110.59059652  .00000849  00000-0  18973-3 0  9998,2 39634  98.1819 118.5310 0001383  88.8192 271.3166 14.59200072535013
2024-04-19T19:06:41.173632+00:00,1 39634U 14016A   24110.79630988  .00000891  00000-0  19863-3 0  9993,2 39634  98.1819 118.7338 0001382  89.3632 270.7726 14.59200971535078
2024-04-19T22:24:10.295136+00:00,1 39634U 14016A   24110.93345249  .00000887  00000-0  19794-3 0  9990,2 39634  98.1819 118.8690 0001381  89.3038 270.8319 14.59201231535067
2024-04-20T03:20:23.995968+00:00,1 39634U 14016A   24111.13916662  .00000820  00000-0  18371-3 0  9993,2 39634  98.1819 119.0717 0001383  89.7620 270.3738 14.59201263535125
2024-04-20T11:34:07.011840+00:00,1 39634U 14016A   24111.48202560  .00000238  00000-0  60144-4 0  9995,2 39634  98.1819 119.4094 0001404  89.8535 270.2826 14.59196927535179
2024-04-20T13:12:51.587712+00:00,1 39634U 14016A   24111.55059708  .00000337  00000-0  81097-4 0  9997,2 39634  98.1818 119.4770 0001402  89.7478 270.3883 14.59196998535152
2024-04-20T19:47:49.879104+00:00,1 39634U 14016A   24111.82488286  .00000329  00000-0  79532-4 0  9996,2 39634  98.1818 119.7475 0001387  89.5009 270.6349 14.59197650535221
2024-04-20T21:26:34.453248+00:00,1 39634U 14016A   24111.89345432  .00000329  00000-0  79479-4 0  9998,2 39634  98.1818 119.8151 0001384  89.5141 270.6218 14.59197723535201
2024-04-21T04:01:32.742048+00:00,1 39634U 14016A   24112.16774007  .00000325  00000-0  78665-4 0  9995,2 39634  98.1818 120.0856 0001366  89.3313 270.8043 14.59198095535274
2024-04-21T13:54:00.164448+00:00,1 39634U 14016A   24112.57916857  .00000373  00000-0  88808-4 0  9994,2 39634  98.1818 120.4912 0001371  89.3588 270.7769 14.59198782535302
2024-04-21T20:28:58.435968+00:00,1 39634U 14016A   24112.85345412  .00000370  00000-0  88229-4 0  9992,2 39634  98.1818 120.7615 0001394  90.0444 270.0915 14.59199107535375
2024-04-21T22:07:42.990240+00:00,1 39634U 14016A   24112.92202535  .00000370  00000-0  88138-4 0  9997,2 39634  98.1817 120.8292 0001373  90.6836 269.4521 14.59199290535350
2024-04-22T04:42:41.244480+00:00,1 39634U 14016A   24113.19631070  .00000373  00000-0  88891-4 0  9996,2 39634  98.1817 121.0998 0001344  91.1591 268.9763 14.59199740535428
2024-04-22T09:38:54.934080+00:00,1 39634U 14016A   24113.40202470  .00000370  00000-0  88180-4 0  9996,2 39634  98.1817 121.3025 0001343  91.4147 268.7206 14.59200024535429
2024-04-22T09:38:54.934080+00:00,1 39634U 14016A   24113.40202470  .00000370  00000-0  88180-4 0  9996,2 39634  98.1817 121.3025 0001343  91.4147 268.7206 14.59200024535452
2024-04-22T17:52:37.759008+00:00,1 39634U 14016A   24113.74488147  .00000342  00000-0  82290-4 0  9995,2 39634  98.1817 121.6402 0001375  89.5103 270.6255 14.59200307535505
2024-04-22T22:48:51.447744+00:00,1 39634U 14016A   24113.95059546  .00000338  00000-0  81317-4 0  9999,2 39634  98.1818 121.8431 0001379  88.6183 271.5174 14.59200585535500
2024-04-23T00:27:36.011520+00:00,1 39634U 14016A   24114.01916680  .00000336  00000-0  81039-4 0  9997,2 39634  98.1818 121.9106 0001379  88.2408 271.8950 14.59200655535543
2024-04-23T11:58:47.841312+00:00,1 39634U 14016A   24114.49916483  .00000312  00000-0  75817-4 0  9991,2 39634  98.1817 122.3837 0001391  89.9604 270.1755 14.59202548535614
2024-04-23T13:37:32.393856+00:00,1 39634U 14016A   24114.56773604  .00000574  00000-0  13144-3 0  9999,2 39634  98.1817 122.4513 0001385  89.7962 270.3397 14.59202632535599
2024-04-23T20:12:30.599712+00:00,1 39634U 14016A   24114.84202083  .00000674  00000-0  15259-3 0  9998,2 39634  98.1817 122.7216 0001393  88.9643 271.1716 14.59203192535662
2024-04-23T21:51:15.149664+00:00,1 39634U 14016A   24114.91059201  .00000722  00000-0  16287-3 0  9994,2 39634  98.1817 122.7893 0001390  88.9012 271.2347 14.59203335535648
2024-04-24T04:26:13.491168+00:00,1 39634U 14016A   24115.18487837  .00000754  00000-0  16977-3 0  9995,2 39634  98.1819 123.0597 0001412  90.4004 269.7357 14.59192121535710
2024-04-24T12:39:56.475936+00:00,1 39634U 14016A   24115.52773699  .00000728  00000-0  16420-3 0  9991,2 39634  98.1819 123.3978 0001410  88.1976 271.9385 14.59192785535763
2024-04-24T20:53:39.414912+00:00,1 39634U 14016A   24115.87059508  .00000760  00000-0  17083-3 0  9997,2 39634  98.1817 123.7356 0001388  87.1035 273.0324 14.59194110535810
2024-04-24T22:32:24.000288+00:00,1 39634U 14016A   24115.93916667  .00000757  00000-0  17035-3 0  9995,2 39634  98.1817 123.8033 0001381  87.2944 272.8414 14.59194271535798
2024-04-25T03:28:37.775424+00:00,1 39634U 14016A   24116.14488166  .00000723  00000-0  16298-3 0  9990,2 39634  98.1818 124.0060 0001377  87.1841 272.9516 14.59194433535853
2024-04-25T11:42:20.699712+00:00,1 39634U 14016A   24116.48773958  .00000690  00000-0  15598-3 0  9998,2 39634  98.1818 124.3440 0001379  87.5253 272.6105 14.59194903535900
2024-04-25T14:59:49.870464+00:00,1 39634U 14016A   24116.62488276  .00000684  00000-0  15473-3 0  9995,2 39634  98.1817 124.4791 0001378  87.4538 272.6819 14.59195085535895
2024-04-25T19:56:03.622272+00:00,1 39634U 14016A   24116.83059748  .00000797  00000-0  17886-3 0  9991,2 39634  98.1817 124.6819 0001382  87.8084 272.3273 14.59196044535957
2024-04-25T23:13:32.783520+00:00,1 39634U 14016A   24116.96774055  .00000795  00000-0  17845-3 0  9993,2 39634  98.1817 124.8171 0001377  87.8263 272.3094 14.59196296535942
2024-04-26T04:09:46.532736+00:00,1 39634U 14016A   24117.17345524  .00000667  00000-0  15117-3 0  9990,2 39634  98.1817 125.0199 0001377  87.8402 272.2955 14.59195948536006
2024-04-26T12:23:29.424192+00:00,1 39634U 14016A   24117.51631278  .00000650  00000-0  14760-3 0  9997,2 39634  98.1817 125.3578 0001378  87.8259 272.3099 14.59196479536056
2024-04-26T14:02:14.003520+00:00,1 39634U 14016A   24117.58488430  .00000647  00000-0  14703-3 0  9997,2 39634  98.1817 125.4254 0001378  87.8383 272.2975 14.59196568536035
2024-04-26T20:37:12.307008+00:00,1 39634U 14016A   24117.85917022  .00000692  00000-0  15642-3 0  9994,2 39634  98.1817 125.6958 0001379  88.1641 271.9717 14.59197265536103
2024-04-27T04:50:55.197600+00:00,1 39634U 14016A   24118.20202775  .00000741  00000-0  16683-3 0  9997,2 39634  98.1817 126.0337 0001380  88.2787 271.8571 14.59197951536157
2024-04-27T13:04:38.073504+00:00,1 39634U 14016A   24118.54488511  .00000563  00000-0  12912-3 0  9991,2 39634  98.1816 126.3717 0001376  88.7145 271.4212 14.59197651536200
2024-04-27T19:39:36.380448+00:00,1 39634U 14016A   24118.81917107  .00000483  00000-0  11212-3 0  9992,2 39634  98.1816 126.6421 0001368  89.8736 270.2620 14.59197780536241
2024-04-27T22:57:05.528736+00:00,1 39634U 14016A   24118.95631399  .00000468  00000-0  10901-3 0  9990,2 39634  98.1816 126.7773 0001366  89.8883 270.2473 14.59197913536236
2024-04-28T03:53:19.276224+00:00,1 39634U 14016A   24119.16202866  .00000374  00000-0  89037-4 0  9990,2 39634  98.1816 126.9801 0001372  89.4345 270.7012 14.59197719536290
2024-04-28T12:07:02.154720+00:00,1 39634U 14016A   24119.50488605  .00000249  00000-0  62438-4 0  9992,2 39634  98.1816 127.3181 0001371  88.8624 271.2733 14.59197544536346
2024-04-28T13:45:46.728864+00:00,1 39634U 14016A   24119.57345751  .00000240  00000-0  60551-4 0  9998,2 39634  98.1815 127.3857 0001371  89.0015 271.1342 14.59197573536327
2024-04-28T20:20:45.025440+00:00,1 39634U 14016A   24119.84774335  .00000185  00000-0  49023-4 0  9991,2 39634  98.1815 127.6560 0001380  89.4400 270.6958 14.59197734536396
2024-04-28T21:59:29.599584+00:00,1 39634U 14016A   24119.91631481  .00000184  00000-0  48757-4 0  9995,2 39634  98.1815 127.7236 0001379  89.4018 270.7340 14.59197774536378
2024-04-29T02:55:43.315968+00:00,1 39634U 14016A   24120.12202912  .00000195  00000-0  51067-4 0  9993,2 39634  98.1815 127.9264 0001379  88.9856 271.1502 14.59197929536439
2024-04-29T12:48:10.746144+00:00,1 39634U 14016A   24120.53345771  .00000215  00000-0  55221-4 0  9998,2 39634  98.1815 128.3319 0001391  88.9343 271.2016 14.59198299536498
2024-04-29T14:26:55.317696+00:00,1 39634U 14016A   24120.60202914  .00000215  00000-0  55402-4 0  9998,2 39634  98.1815 128.3995 0001391  88.8708 271.2651 14.59198340536472
2024-04-29T21:01:53.595264+00:00,1 39634U 14016A   24120.87631476  .00000289  00000-0  70938-4 0  9998,2 39634  98.1814 128.6698 0001379  89.0451 271.0906 14.59198656536547
2024-04-29T22:40:38.165088+00:00,1 39634U 14016A   24120.94488617  .00000293  00000-0  71860-4 0  9993,2 39634  98.1814 128.7374 0001377  88.9986 271.1371 14.59198725536520
2024-04-30T03:36:51.871968+00:00,1 39634U 14016A   24121.15060037  .00000345  00000-0  82797-4 0  9998,2 39634  98.1814 128.9402 0001375  89.1043 271.0314 14.59198992536587
2024-04-30T11:50:34.720224+00:00,1 39634U 14016A   24121.49345741  .00000402  00000-0  95024-4 0  9994,2 39634  98.1814 129.2781 0001383  88.8382 271.2977 14.59199428536630
2024-04-30T13:29:19.287456+00:00,1 39634U 14016A   24121.56202879  .00000397  00000-0  93977-4 0  9994,2 39634  98.1814 129.3457 0001382  88.7961 271.3397 14.59199477536611
2024-04-30T20:04:17.549472+00:00,1 39634U 14016A   24121.83631423  .00000405  00000-0  95670-4 0  9997,2 39634  98.1813 129.6161 0001382  89.1934 270.9423 14.59199814536687
2024-04-30T21:43:02.114976+00:00,1 39634U 14016A   24121.90488559  .00000402  00000-0  95011-4 0  9991,2 39634  98.1813 129.6836 0001380  89.2229 270.9128 14.59199879536663
2024-05-01T04:18:00.383040+00:00,1 39634U 14016A   24122.17917110  .00000372  00000-0  88692-4 0  9994,2 39634  98.1813 129.9540 0001378  89.6154 270.5203 14.59200082536733
2024-05-01T10:52:58.657152+00:00,1 39634U 14016A   24122.45345668  .00000245  00000-0  61692-4 0  9998,2 39634  98.1813 130.2244 0001371  90.4606 269.6751 14.59199901536772
2024-05-01T12:31:43.233888+00:00,1 39634U 14016A   24122.52202817  .00000193  00000-0  50737-4 0  9994,2 39634  98.1813 130.2920 0001369  90.2602 269.8755 14.59199670536751
2024-05-01T17:27:56.963232+00:00,1 39634U 14016A   24122.72774263  .00000024  00000-0  14796-4 0  9993,2 39634  98.1813 130.4947 0001380  89.4106 270.7252 14.59199200536813
2024-05-01T22:24:10.734912+00:00,1 39634U 14016A   24122.93345758  .00000026  00000-0  15182-4 0  9991,2 39634  98.1813 130.6974 0001390  88.7813 271.3546 14.59198079536819
2024-05-02T04:59:09.028896+00:00,1 39634U 14016A   24123.20774339  .00000026  00000-0  15306-4 0  9991,2 39634  98.1812 130.9678 0001392  89.1000 271.0359 14.59198197536884
2024-05-02T13:12:51.899616+00:00,1 39634U 14016A   24123.55060069  .00000022  00000-0  14360-4 0  9992,2 39634  98.1812 131.3057 0001393  88.7457 271.3902 14.59198243536937
2024-05-02T14:51:36.472896+00:00,1 39634U 14016A   24123.61917214  .00000022  00000-0  14350-4 0  9991,2 39634  98.1812 131.3733 0001394  88.7636 271.3723 14.59198258536913
2024-05-02T21:26:34.761696+00:00,1 39634U 14016A   24123.89345789  .00000020  00000-0  14057-4 0  9995,2 39634  98.1812 131.6437 0001396  88.9557 271.1802 14.59198345536983
2024-05-03T04:01:33.040992+00:00,1 39634U 14016A   24124.16774353  .00000020  00000-0  13964-4 0  9995,2 39634  98.1812 131.9141 0001386  88.7937 271.3422 14.59198593537028
2024-05-03T10:36:31.324608+00:00,1 39634U 14016A   24124.44202922  .00000025  00000-0  15114-4 0  9998,2 39634  98.1812 132.1845 0001390  88.8141 271.3218 14.59198717537060
2024-05-03T13:54:00.466848+00:00,1 39634U 14016A   24124.57917207  .00000021  00000-0  14095-4 0  9994,2 39634  98.1811 132.3196 0001397  88.8757 271.2603 14.59198737537058
2024-05-03T20:28:58.746144+00:00,1 39634U 14016A   24124.85345771  .00000019  00000-0  13810-4 0  9997,2 39634  98.1811 132.5900 0001403  88.8923 271.2437 14.59198831537090
2024-05-03T20:28:58.746144+00:00,1 39634U 14016A   24124.85345771  .00000019  00000-0  13810-4 0  9997,2 39634  98.1811 132.5900 0001403  88.8923 271.2437 14.59198831537124
2024-05-04T04:42:41.586624+00:00,1 39634U 14016A   24125.19631466  .00000021  00000-0  14076-4 0  9992,2 39634  98.1811 132.9281 0001391  88.8077 271.3282 14.59199019537179
2024-05-04T12:56:24.443520+00:00,1 39634U 14016A   24125.53917180  .00000025  00000-0  14990-4 0  9999,2 39634  98.1811 133.2660 0001380  88.1710 271.9648 14.59199070537224
2024-05-04T21:10:07.361760+00:00,1 39634U 14016A   24125.88202965  .00000025  00000-0  14915-4 0  9992,2 39634  98.1810 133.6037 0001370  88.3680 271.7676 14.59197274537270
2024-05-05T03:45:05.666976+00:00,1 39634U 14016A   24126.15631559  .00000027  00000-0  15416-4 0  9997,2 39634  98.1811 133.8742 0001365  89.1438 270.9918 14.59197367537318
2024-05-05T11:58:48.553248+00:00,1 39634U 14016A   24126.49917307  .00000027  00000-0  15473-4 0  9995,2 39634  98.1810 134.2122 0001377  88.7651 271.3707 14.59197522537368
2024-05-05T13:37:33.129120+00:00,1 39634U 14016A   24126.56774455  .00000027  00000-0  15491-4 0  9998,2 39634  98.1810 134.2798 0001379  88.7098 271.4259 14.59197542537347
2024-05-05T20:12:31.430016+00:00,1 39634U 14016A   24126.84203044  .00000023  00000-0  14579-4 0  9992,2 39634  98.1810 134.5501 0001384  88.7298 271.4060 14.59197647537414
2024-05-05T21:51:16.005024+00:00,1 39634U 14016A   24126.91060191  .00000023  00000-0  14578-4 0  9993,2 39634  98.1810 134.6177 0001383  88.6499 271.4859 14.59197681537396
2024-05-06T04:26:14.295552+00:00,1 39634U 14016A   24127.18488768  .00000027  00000-0  15436-4 0  9995,2 39634  98.1810 134.8881 0001384  88.6707 271.4651 14.59197907537462
2024-05-06T12:39:57.166272+00:00,1 39634U 14016A   24127.52774498  .00000029  00000-0  15864-4 0  9998,2 39634  98.1810 135.2260 0001389  88.6699 271.4660 14.59198042537510
2024-05-06T14:18:41.740416+00:00,1 39634U 14016A   24127.59631644  .00000029  00000-0  15839-4 0  9992,2 39634  98.1810 135.2936 0001391  88.6822 271.4537 14.59198055537495
2024-05-06T20:53:40.031808+00:00,1 39634U 14016A   24127.87060222  .00000022  00000-0  14274-4 0  9996,2 39634  98.1810 135.5639 0001399  88.1367 271.9993 14.59198132537560
2024-05-06T22:32:24.604224+00:00,1 39634U 14016A   24127.93917366  .00000022  00000-0  14335-4 0  9991,2 39634  98.1810 135.6314 0001399  87.7653 272.3707 14.59198175537547
2024-05-07T05:07:22.888704+00:00,1 39634U 14016A   24128.21345936  .00000032  00000-0  16403-4 0  9990,2 39634  98.1809 135.9019 0001389  87.9664 272.1694 14.59198350537619
2024-05-07T11:42:21.139488+00:00,1 39634U 14016A   24128.48774467  .00000336  00000-0  80960-4 0  9990,2 39634  98.1809 136.1722 0001379  88.5547 271.5811 14.59199496537659
2024-05-07T14:59:50.277408+00:00,1 39634U 14016A   24128.62488747  .00000330  00000-0  79745-4 0  9992,2 39634  98.1809 136.3074 0001378  88.3570 271.7788 14.59199567537647
2024-05-07T21:34:48.539424+00:00,1 39634U 14016A   24128.89917291  .00000318  00000-0  77161-4 0  9998,2 39634  98.1809 136.5778 0001377  88.4686 271.6671 14.59199712537718
2024-05-08T04:09:46.821312+00:00,1 39634U 14016A   24129.17345858  .00000319  00000-0  77428-4 0  9991,2 39634  98.1809 136.8481 0001381  88.3960 271.7398 14.59199938537752
2024-05-08T12:23:29.730048+00:00,1 39634U 14016A   24129.51631632  .00000283  00000-0  69808-4 0  9990,2 39634  98.1809 137.1862 0001382  87.2735 272.8622 14.59198391537808
2024-05-08T14:02:14.303328+00:00,1 39634U 14016A   24129.58488777  .00000283  00000-0  69790-4 0  9997,2 39634  98.1809 137.2537 0001381  87.3303 272.8054 14.59198409537785
2024-05-08T20:37:12.584352+00:00,1 39634U 14016A   24129.85917343  .00000246  00000-0  61974-4 0  9998,2 39634  98.1809 137.5241 0001385  87.8131 272.3227 14.59198432537859
2024-05-08T22:15:57.155904+00:00,1 39634U 14016A   24129.92774486  .00000246  00000-0  61825-4 0  9990,2 39634  98.1809 137.5917 0001383  87.8386 272.2972 14.59198484537830
2024-05-09T04:50:55.451616+00:00,1 39634U 14016A   24130.20203069  .00000300  00000-0  73256-4 0  9999,2 39634  98.1809 137.8620 0001386  87.7828 272.3530 14.59198886537902
2024-05-09T13:04:38.311104+00:00,1 39634U 14016A   24130.54488786  .00000321  00000-0  77757-4 0  9990,2 39634  98.1809 138.1999 0001385  88.0305 272.1053 14.59199220537954
2024-05-09T14:43:22.880928+00:00,1 39634U 14016A   24130.61345927  .00000321  00000-0  77842-4 0  9992,2 39634  98.1808 138.2675 0001385  88.0004 272.1355 14.59199266537934
2024-05-09T21:18:21.147264+00:00,1 39634U 14016A   24130.88774476  .00000394  00000-0  93387-4 0  9998,2 39634  98.1808 138.5379 0001384  88.0256 272.1103 14.59199884538002
2024-05-09T22:57:05.714496+00:00,1 39634U 14016A   24130.95631614  .00000396  00000-0  93605-4 0  9997,2 39634  98.1808 138.6054 0001382  88.0297 272.1061 14.59199949537987
2024-05-10T02:14:34.847232+00:00,1 39634U 14016A   24131.09345888  .00000397  00000-0  94004-4 0  9993,2 39634  98.1808 138.7406 0001382  88.0087 272.1271 14.59200077538031
2024-05-10T12:07:02.269632+00:00,1 39634U 14016A   24131.50488738  .00000428  00000-0  10044-3 0  9997,2 39634  98.1808 139.1461 0001385  88.1982 271.9376 14.59200475538096
2024-05-10T13:45:46.834272+00:00,1 39634U 14016A   24131.57345873  .00000430  00000-0  10090-3 0  9990,2 39634  98.1808 139.2137 0001386  88.1723 271.9635 14.59200536538075
2024-05-10T20:20:45.022848+00:00,1 39634U 14016A   24131.84774332  .00000618  00000-0  14089-3 0  9996,2 39634  98.1807 139.4840 0001377  89.1332 271.0025 14.59201855538141
2024-05-10T21:59:29.582304+00:00,1 39634U 14016A   24131.91631461  .00000620  00000-0  14115-3 0  9992,2 39634  98.1807 139.5516 0001377  89.0655 271.0702 14.59201950538125
2024-05-11T02:55:43.369536+00:00,1 39634U 14016A   24132.12202974  .00000770  00000-0  17302-3 0  9996,2 39634  98.1807 139.7544 0001378  89.1021 271.0336 14.59202566538180
2024-05-11T12:48:10.667520+00:00,1 39634U 14016A   24132.53345680  .00000531  00000-0  12228-3 0  9990,2 39634  98.1807 140.1598 0001378  90.2149 269.9209 14.59202147538246
2024-05-11T21:01:53.578848+00:00,1 39634U 14016A   24132.87631457  .00000191  00000-0  50260-4 0  9998,2 39634  98.1807 140.4977 0001392  88.3069 271.8291 14.59200618538294
2024-05-11T22:40:38.142624+00:00,1 39634U 14016A   24132.94488591  .00000181  00000-0  48056-4 0  9994,2 39634  98.1807 140.5653 0001391  88.5545 271.5814 14.59200621538276
2024-05-12T03:36:51.841728+00:00,1 39634U 14016A   24133.15060002  .00000169  00000-0  45552-4 0  9995,2 39634  98.1807 140.7681 0001386  88.4335 271.7024 14.59200653538336
2024-05-12T11:50:34.652832+00:00,1 39634U 14016A   24133.49345663  .00000144  00000-0  40200-4 0  9999,2 39634  98.1806 141.1060 0001389  88.9819 271.1540 14.59200731538385
2024-05-12T13:29:19.214016+00:00,1 39634U 14016A   24133.56202794  .00000149  00000-0  41222-4 0  9994,2 39634  98.1806 141.1736 0001390  89.0415 271.0944 14.59200779538368
2024-05-12T20:04:17.453568+00:00,1 39634U 14016A   24133.83631312  .00000162  00000-0  43982-4 0  9996,2 39634  98.1806 141.4440 0001400  88.8136 271.3224 14.59201016538439
2024-05-12T23:21:46.554336+00:00,1 39634U 14016A   24133.97345549  .00000201  00000-0  52405-4 0  9999,2 39634  98.1805 141.5792 0001402  89.4907 270.6453 14.59201329538426
2024-05-13T04:18:00.224064+00:00,1 39634U 14016A   24134.17916926  .00000240  00000-0  60588-4 0  9999,2 39634  98.1805 141.7820 0001387  88.9775 271.1584 14.59201614538483
2024-05-13T10:52:58.428192+00:00,1 39634U 14016A   24134.45345403  .00000353  00000-0  84539-4 0  9993,2 39634  98.1805 142.0523 0001369  89.3230 270.8126 14.59202290538522
2024-05-13T12:31:42.976416+00:00,1 39634U 14016A   24134.52202519  .00000343  00000-0  82551-4 0  9992,2 39634  98.1805 142.1199 0001369  90.0429 270.0928 14.59202313538507
2024-05-13T19:06:41.191776+00:00,1 39634U 14016A   24134.79631009  .00000404  00000-0  95346-4 0  9995,2 39634  98.1805 142.3902 0001378  89.1475 270.9883 14.59202631538570
2024-05-13T22:24:10.297728+00:00,1 39634U 14016A   24134.93345252  .00000426  00000-0  10014-3 0  9995,2 39634  98.1805 142.5254 0001380  88.8615 271.2743 14.59202815538569
2024-05-14T03:20:23.961408+00:00,1 39634U 14016A   24135.13916622  .00000519  00000-0  11989-3 0  9998,2 39634  98.1805 142.7282 0001382  89.1022 271.0336 14.59203195538625
2024-05-14T11:34:06.735360+00:00,1 39634U 14016A   24135.48202240  .00000765  00000-0  17187-3 0  9999,2 39634  98.1805 143.0661 0001381  89.1227 271.0131 14.59203790538675
2024-05-14T13:12:51.284448+00:00,1 39634U 14016A   24135.55059357  .00000763  00000-0  17163-3 0  9998,2 39634  98.1804 143.1337 0001382  89.0248 271.1110 14.59203899538654
2024-05-14T19:47:49.466976+00:00,1 39634U 14016A   24135.82487809  .00000738  00000-0  16633-3 0  9998,2 39634  98.1804 143.4040 0001380  89.1925 270.9433 14.59204314538725
2024-05-14T23:05:18.557376+00:00,1 39634U 14016A   24135.96202034  .00000729  00000-0  16438-3 0  9991,2 39634  98.1804 143.5392 0001376  89.3033 270.8324 14.59204540538711
2024-05-15T04:01:32.407680+00:00,1 39634U 14016A   24136.16773620  .00000736  00000-0  16581-3 0  9995,2 39634  98.1805 143.7423 0001307  85.8121 274.3228 14.59192196538773
2024-05-15T12:15:15.364800+00:00,1 39634U 14016A   24136.51059450  .00000720  00000-0  16248-3 0  9995,2 39634  98.1805 144.0802 0001362  90.7146 269.4210 14.59192754538823
2024-05-15T13:53:59.962272+00:00,1 39634U 14016A   24136.57916623  .00000717  00000-0  16173-3 0  9998,2 39634  98.1805 144.1478 0001366  90.6514 269.4842 14.59192756538806
2024-05-15T18:50:13.740864+00:00,1 39634U 14016A   24136.78488126  .00000714  00000-0  16114-3 0  9995,2 39634  98.1804 144.3504 0001368  89.7623 270.3733 14.59193164538869
2024-05-15T22:07:42.919392+00:00,1 39634U 14016A   24136.92202453  .00000704  00000-0  15902-3 0  9991,2 39634  98.1803 144.4856 0001364  89.9347 270.2008 14.59193433538852
2024-05-16T03:03:56.685888+00:00,1 39634U 14016A   24137.12773942  .00000720  00000-0  16241-3 0  9995,2 39634  98.1804 144.6883 0001360  89.6464 270.4892 14.59194008538917
2024-05-16T11:17:39.593760+00:00,1 39634U 14016A   24137.47059715  .00000862  00000-0  19252-3 0  9990,2 39634  98.1804 145.0261 0001364  89.4037 270.7319 14.59195095538969
2024-05-16T12:56:24.178272+00:00,1 39634U 14016A   24137.53916873  .00000895  00000-0  19953-3 0  9998,2 39634  98.1804 145.0937 0001369  89.1173 271.0184 14.59195269538947
2024-05-16T19:31:22.705536+00:00,1 39634U 14016A   24137.81345724  .00000821  00000-0  18394-3 0  9997,2 39634  98.1803 145.3636 0001335  87.1350 273.0003 14.59179089539016
2024-05-17T11:58:48.508320+00:00,1 39634U 14016A   24138.49917255  .00000795  00000-0  17836-3 0  9996,2 39634  98.1803 146.0400 0001359  89.3789 270.7566 14.59197739539110
2024-05-17T13:37:33.083328+00:00,1 39634U 14016A   24138.56774402  .00000792  00000-0  17775-3 0  9998,2 39634  98.1803 146.1076 0001364  89.6703 270.4653 14.59197793539096
2024-05-17T20:12:31.356576+00:00,1 39634U 14016A   24138.84202959  .00000827  00000-0  18516-3 0  9995,2 39634  98.1803 146.3778 0001373  89.6168 270.5189 14.59198501539163
2024-05-17T21:51:15.924672+00:00,1 39634U 14016A   24138.91060098  .00000824  00000-0  18444-3 0  9996,2 39634  98.1802 146.4453 0001371  90.1373 269.9984 14.59198653539147
2024-05-18T02:47:29.617728+00:00,1 39634U 14016A   24139.11631502  .00000867  00000-0  19370-3 0  9999,2 39634  98.1802 146.6481 0001368  89.9669 270.1687 14.59199461539209
2024-05-18T12:39:57.029760+00:00,1 39634U 14016A   24139.52774340  .00000725  00000-0  16350-3 0  9990,2 39634  98.1802 147.0534 0001366  90.0022 270.1334 14.59199852539266
2024-05-18T14:18:41.597856+00:00,1 39634U 14016A   24139.59631479  .00000704  00000-0  15896-3 0  9993,2 39634  98.1802 147.1210 0001368  90.1091 270.0265 14.59199910539242
2024-05-18T20:53:39.852096+00:00,1 39634U 14016A   24139.87060014  .00000719  00000-0  16214-3 0  9996,2 39634  98.1801 147.3913 0001370  89.7666 270.3691 14.59200409539318
2024-05-18T22:32:24.415008+00:00,1 39634U 14016A   24139.93917147  .00000717  00000-0  16169-3 0  9998,2 39634  98.1801 147.4589 0001368  89.7706 270.3651 14.59200517539293
2024-05-19T03:28:38.124480+00:00,1 39634U 14016A   24140.14488570  .00000715  00000-0  16132-3 0  9994,2 39634  98.1801 147.6617 0001369  89.7105 270.4252 14.59200761539357
2024-05-19T14:59:50.032896+00:00,1 39634U 14016A   24140.62488464  .00000756  00000-0  17001-3 0  9990,2 39634  98.1801 148.1347 0001368  89.6335 270.5021 14.59201799539397
2024-05-19T19:56:03.706944+00:00,1 39634U 14016A   24140.83059846  .00000761  00000-0  17117-3 0  9995,2 39634  98.1801 148.3375 0001369  89.7451 270.3905 14.59202157539456
2024-05-20T02:31:01.925760+00:00,1 39634U 14016A   24141.10488340  .00000760  00000-0  17096-3 0  9996,2 39634  98.1801 148.6078 0001366  89.7971 270.3385 14.59202632539497
2024-05-20T12:23:29.254848+00:00,1 39634U 14016A   24141.51631082  .00000710  00000-0  16032-3 0  9998,2 39634  98.1801 149.0134 0001367  89.9811 270.1546 14.59203055539522
2024-05-20T12:23:29.254848+00:00,1 39634U 14016A   24141.51631082  .00000710  00000-0  16032-3 0  9998,2 39634  98.1801 149.0134 0001367  89.9811 270.1546 14.59203055539555
2024-05-20T20:37:12.021024+00:00,1 39634U 14016A   24141.85916691  .00000692  00000-0  15654-3 0  9995,2 39634  98.1800 149.3512 0001368  89.9131 270.2225 14.59203505539604
2024-05-21T03:12:10.226016+00:00,1 39634U 14016A   24142.13345169  .00000670  00000-0  15173-3 0  9995,2 39634  98.1800 149.6216 0001369  89.7542 270.3815 14.59203799539648
2024-05-21T13:04:37.517952+00:00,1 39634U 14016A   24142.54487868  .00000597  00000-0  13633-3 0  9990,2 39634  98.1800 150.0270 0001369  89.7855 270.3502 14.59204092539708
2024-05-21T14:43:22.064448+00:00,1 39634U 14016A   24142.61344982  .00000592  00000-0  13529-3 0  9996,2 39634  98.1800 150.0946 0001369  89.8362 270.2994 14.59204171539681
2024-05-21T21:18:20.241792+00:00,1 39634U 14016A   24142.88773428  .00000595  00000-0  13594-3 0  9991,2 39634  98.1800 150.3650 0001367  90.0376 270.0980 14.59204690539750
2024-05-21T22:57:04.790880+00:00,1 39634U 14016A   24142.95630545  .00000584  00000-0  13362-3 0  9992,2 39634  98.1799 150.4325 0001366  89.4788 270.6568 14.59204749539736
2024-05-22T03:53:18.606624+00:00,1 39634U 14016A   24143.16202091  .00000577  00000-0  13201-3 0  9991,2 39634  98.1802 150.6356 0001310  85.6728 274.4622 14.59193522539793
2024-05-22T12:07:01.558560+00:00,1 39634U 14016A   24143.50487915  .00000548  00000-0  12593-3 0  9990,2 39634  98.1801 150.9734 0001344  86.2334 273.9019 14.59193834539848
2024-05-22T13:45:46.149120+00:00,1 39634U 14016A   24143.57345080  .00000544  00000-0  12504-3 0  9991,2 39634  98.1801 151.0409 0001348  86.7816 273.3538 14.59193790539822
2024-05-22T20:20:44.514816+00:00,1 39634U 14016A   24143.84773744  .00000537  00000-0  12362-3 0  9997,2 39634  98.1801 151.3111 0001372  87.6908 272.4449 14.59193902539897
2024-05-22T21:59:29.103648+00:00,1 39634U 14016A   24143.91630907  .00000532  00000-0  12264-3 0  9994,2 39634  98.1800 151.3787 0001374  87.8718 272.2639 14.59193971539871
2024-05-23T04:34:27.454656+00:00,1 39634U 14016A   24144.19059554  .00000528  00000-0  12168-3 0  9996,2 39634  98.1800 151.6490 0001376  87.9650 272.1707 14.59194348539945
2024-05-23T12:48:10.381536+00:00,1 39634U 14016A   24144.53345349  .00000505  00000-0  11688-3 0  9995,2 39634  98.1800 151.9869 0001378  88.4044 271.7313 14.59194761539995
2024-05-23T14:26:54.966912+00:00,1 39634U 14016A   24144.60202508  .00000502  00000-0  11612-3 0  9996,2 39634  98.1800 152.0545 0001378  88.4618 271.6740 14.59194827539979
2024-05-23T17:44:24.137664+00:00,1 39634U 14016A   24144.73916826  .00000495  00000-0  11479-3 0  9997,2 39634  98.1800 152.1896 0001378  88.3827 271.7531 14.59194963540028
2024-05-23T21:01:53.302368+00:00,1 39634U 14016A   24144.87631137  .00000521  00000-0  12028-3 0  9992,2 39634  98.1800 152.3248 0001377  88.4189 271.7169 14.59195304540018
2024-05-24T03:36:51.633504+00:00,1 39634U 14016A   24145.15059761  .00000506  00000-0  11702-3 0  9992,2 39634  98.1800 152.5951 0001375  88.4491 271.6867 14.59195615540081
2024-05-24T11:50:34.542240+00:00,1 39634U 14016A   24145.49345535  .00000491  00000-0  11387-3 0  9998,2 39634  98.1800 152.9330 0001380  88.7022 271.4336 14.59196002540131
2024-05-24T13:29:19.124160+00:00,1 39634U 14016A   24145.56202690  .00000489  00000-0  11336-3 0  9991,2 39634  98.1800 153.0006 0001379  88.6550 271.4808 14.59196072540115
2024-05-24T20:04:17.446656+00:00,1 39634U 14016A   24145.83631304  .00000472  00000-0  10989-3 0  9994,2 39634  98.1799 153.2709 0001378  88.8185 271.3173 14.59196307540181
2024-05-24T21:43:02.026848+00:00,1 39634U 14016A   24145.90488457  .00000470  00000-0  10938-3 0  9993,2 39634  98.1799 153.3385 0001377  88.8194 271.3163 14.59196382540161
2024-05-25T04:18:00.338112+00:00,1 39634U 14016A   24146.17917058  .00000455  00000-0  10623-3 0  9991,2 39634  98.1799 153.6088 0001372  89.5131 270.6226 14.59196644540239
2024-05-25T12:31:43.217472+00:00,1 39634U 14016A   24146.52202798  .00000485  00000-0  11254-3 0  9992,2 39634  98.1799 153.9466 0001381  89.4986 270.6372 14.59197193540286
2024-05-25T14:10:27.792480+00:00,1 39634U 14016A   24146.59059945  .00000485  00000-0  11261-3 0  9991,2 39634  98.1799 154.0142 0001383  89.5474 270.5884 14.59197279540264
2024-05-25T20:45:26.066592+00:00,1 39634U 14016A   24146.86488503  .00000592  00000-0  13527-3 0  9993,2 39634  98.1798 154.2846 0001379  89.7289 270.4069 14.59198067540335
2024-05-26T04:59:08.916576+00:00,1 39634U 14016A   24147.20774209  .00000612  00000-0  13961-3 0  9998,2 39634  98.1798 154.6225 0001381  89.6910 270.4448 14.59198602540384
2024-05-26T11:34:07.202784+00:00,1 39634U 14016A   24147.48202781  .00000618  00000-0  14075-3 0  9992,2 39634  98.1799 154.8928 0001388  89.1715 270.9644 14.59198917540429
2024-05-26T14:51:36.341568+00:00,1 39634U 14016A   24147.61917062  .00000597  00000-0  13625-3 0  9998,2 39634  98.1798 155.0280 0001383  89.4298 270.7060 14.59199027540418
2024-05-26T19:47:50.044992+00:00,1 39634U 14016A   24147.82488478  .00000630  00000-0  14327-3 0  9993,2 39634  98.1798 155.2307 0001384  89.3270 270.8088 14.59199389540478
2024-05-26T23:05:19.177728+00:00,1 39634U 14016A   24147.96202752  .00000619  00000-0  14105-3 0  9998,2 39634  98.1797 155.3659 0001378  89.7151 270.4207 14.59199550540461
2024-05-27T04:01:32.902752+00:00,1 39634U 14016A   24148.16774193  .00000585  00000-0  13375-3 0  9994,2 39634  98.1798 155.5686 0001388  89.1504 270.9854 14.59199558540529
2024-05-27T12:15:15.741504+00:00,1 39634U 14016A   24148.51059886  .00000508  00000-0  11740-3 0  9997,2 39634  98.1798 155.9065 0001388  88.8524 271.2834 14.59199587540571
2024-05-27T13:54:00.307872+00:00,1 39634U 14016A   24148.57917023  .00000495  00000-0  11479-3 0  9993,2 39634  98.1798 155.9741 0001388  88.9001 271.2358 14.59199647540559
2024-05-27T20:28:58.562976+00:00,1 39634U 14016A   24148.85345559  .00000400  00000-0  94554-4 0  9995,2 39634  98.1797 156.2444 0001387  88.6879 271.4480 14.59199892540629
2024-05-27T22:07:43.127616+00:00,1 39634U 14016A   24148.92202694  .00000392  00000-0  92949-4 0  9991,2 39634  98.1797 156.3120 0001386  88.6574 271.4785 14.59199958540601
2024-05-28T04:42:41.381856+00:00,1 39634U 14016A   24149.19631229  .00000346  00000-0  83193-4 0  9991,2 39634  98.1797 156.5823 0001388  88.8608 271.2751 14.59200256540677
2024-05-28T12:56:24.207648+00:00,1 39634U 14016A   24149.53916907  .00000288  00000-0  70845-4 0  9993,2 39634  98.1797 156.9202 0001390  88.7374 271.3985 14.59200356540721
2024-05-28T14:35:08.772288+00:00,1 39634U 14016A   24149.60774042  .00000283  00000-0  69732-4 0  9991,2 39634  98.1797 156.9878 0001390  88.7259 271.4100 14.59200387540704
2024-05-28T19:31:22.460160+00:00,1 39634U 14016A   24149.81345440  .00000281  00000-0  69279-4 0  9994,2 39634  98.1797 157.1905 0001389  88.5291 271.6067 14.59200538540768
2024-05-28T22:48:51.585984+00:00,1 39634U 14016A   24149.95059706  .00000275  00000-0  67973-4 0  9998,2 39634  98.1797 157.3257 0001386  88.5071 271.6287 14.59200637540756
2024-05-29T05:23:49.845408+00:00,1 39634U 14016A   24150.22488247  .00000241  00000-0  60862-4 0  9999,2 39634  98.1797 157.5960 0001391  88.6179 271.5180 14.59200691540824
2024-05-29T11:58:48.159264+00:00,1 39634U 14016A   24150.49916851  .00000267  00000-0  66388-4 0  9992,2 39634  98.1797 157.8663 0001377  87.6003 272.5354 14.59199094540868
2024-05-29T13:37:32.731680+00:00,1 39634U 14016A   24150.56773995  .00000266  00000-0  66228-4 0  9992,2 39634  98.1797 157.9339 0001364  86.7023 273.4333 14.59199081540848
2024-05-29T20:12:30.998016+00:00,1 39634U 14016A   24150.84202544  .00000314  00000-0  76377-4 0  9990,2 39634  98.1797 158.2042 0001376  88.0855 272.0502 14.59199673540912
2024-05-29T21:51:15.563520+00:00,1 39634U 14016A   24150.91059680  .00000314  00000-0  76288-4 0  9990,2 39634  98.1796 158.2718 0001373  88.0901 272.0456 14.59199760540892
2024-05-30T04:26:13.839360+00:00,1 39634U 14016A   24151.18488240  .00000307  00000-0  74762-4 0  9995,2 39634  98.1797 158.5421 0001372  87.7970 272.3387 14.59199912540961
2024-05-30T12:39:56.671200+00:00,1 39634U 14016A   24151.52773925  .00000366  00000-0  87390-4 0  9996,2 39634  98.1796 158.8800 0001377  87.9219 272.2138 14.59200440541016
2024-05-30T14:18:41.235840+00:00,1 39634U 14016A   24151.59631060  .00000367  00000-0  87568-4 0  9994,2 39634  98.1796 158.9476 0001377  87.9242 272.2115 14.59200489540996
2024-05-30T20:53:39.471072+00:00,1 39634U 14016A   24151.87059573  .00000398  00000-0  94024-4 0  9997,2 39634  98.1796 159.2179 0001379  88.4964 271.6394 14.59200941541063
2024-05-30T22:32:24.033120+00:00,1 39634U 14016A   24151.93916705  .00000398  00000-0  94164-4 0  9998,2 39634  98.1796 159.2855 0001377  88.4144 271.7214 14.59201013541043
2024-05-31T05:07:22.316736+00:00,1 39634U 14016A   24152.21345274  .00000354  00000-0  84787-4 0  9999,2 39634  98.1796 159.5558 0001377  88.2505 271.8852 14.59200878541110
2024-05-31T11:42:20.556288+00:00,1 39634U 14016A   24152.48773792  .00000387  00000-0  91715-4 0  9993,2 39634  98.1796 159.8261 0001378  88.4018 271.7340 14.59201317541150
2024-05-31T13:21:05.117472+00:00,1 39634U 14016A   24152.55630923  .00000387  00000-0  91893-4 0  9996,2 39634  98.1796 159.8937 0001377  88.3961 271.7396 14.59201369541131
2024-05-31T19:56:03.394176+00:00,1 39634U 14016A   24152.83059484  .00000303  00000-0  73918-4 0  9990,2 39634  98.1795 160.1640 0001381  88.6660 271.4698 14.59201002541204
2024-05-31T23:13:32.511360+00:00,1 39634U 14016A   24152.96773740  .00000332  00000-0  80108-4 0  9993,2 39634  98.1795 160.2992 0001370  89.2056 270.9300 14.59201233541197
2024-06-01T04:09:46.201824+00:00,1 39634U 14016A   24153.17345141  .00000318  00000-0  77059-4 0  9992,2 39634  98.1795 160.5019 0001373  89.3606 270.7751 14.59201288541250
2024-06-01T12:23:29.048352+00:00,1 39634U 14016A   24153.51630843  .00000205  00000-0  53272-4 0  9992,2 39634  98.1796 160.8399 0001364  88.7581 271.3775 14.59200964541275
2024-06-01T12:23:29.048352+00:00,1 39634U 14016A   24153.51630843  .00000205  00000-0  53272-4 0  9992,2 39634  98.1796 160.8399 0001364  88.7581 271.3775 14.59200964541309
2024-06-02T04:50:54.813120+00:00,1 39634U 14016A   24154.20202330  .00000171  00000-0  45941-4 0  9991,2 39634  98.1795 161.5155 0001369  88.7193 271.4163 14.59198988541405
2024-06-02T13:04:37.670880+00:00,1 39634U 14016A   24154.54488045  .00000132  00000-0  37691-4 0  9997,2 39634  98.1795 161.8535 0001371  88.1537 271.9820 14.59199078541450
2024-06-02T19:39:35.943264+00:00,1 39634U 14016A   24154.81916601  .00000132  00000-0  37690-4 0  9990,2 39634  98.1795 162.1237 0001382  88.1596 271.9762 14.59199297541492
2024-06-02T22:57:05.081184+00:00,1 39634U 14016A   24154.95630881  .00000132  00000-0  37788-4 0  9996,2 39634  98.1795 162.2589 0001378  88.0719 272.0638 14.59199362541480
2024-06-03T03:53:18.789792+00:00,1 39634U 14016A   24155.16202303  .00000159  00000-0  43403-4 0  9994,2 39634  98.1795 162.4617 0001374  87.6538 272.4819 14.59199589541547
2024-06-03T12:07:01.623360+00:00,1 39634U 14016A   24155.50487990  .00000164  00000-0  44394-4 0  9995,2 39634  98.1795 162.7996 0001367  87.8396 272.2961 14.59199847541561
2024-06-03T12:07:01.623360+00:00,1 39634U 14016A   24155.50487990  .00000164  00000-0  44394-4 0  9995,2 39634  98.1795 162.7996 0001367  87.8396 272.2961 14.59199847541594
2024-06-03T18:41:59.876736+00:00,1 39634U 14016A   24155.77916524  .00000165  00000-0  44745-4 0  9995,2 39634  98.1795 163.0699 0001378  88.5892 271.5466 14.59200267541635
2024-06-03T21:59:29.006016+00:00,1 39634U 14016A   24155.91630794  .00000165  00000-0  44805-4 0  9990,2 39634  98.1794 163.2050 0001376  88.5142 271.6216 14.59200337541624
2024-06-04T04:34:27.245568+00:00,1 39634U 14016A   24156.19059312  .00000394  00000-0  93352-4 0  9997,2 39634  98.1795 163.4754 0001372  88.4375 271.6982 14.59201134541694
2024-06-04T11:09:25.492896+00:00,1 39634U 14016A   24156.46487839  .00000395  00000-0  93568-4 0  9996,2 39634  98.1795 163.7457 0001372  88.6443 271.4913 14.59201377541731
2024-06-04T14:26:54.624768+00:00,1 39634U 14016A   24156.60202112  .00000401  00000-0  94658-4 0  9990,2 39634  98.1794 163.8809 0001372  88.6334 271.5023 14.59201470541727
2024-06-04T17:44:23.747136+00:00,1 39634U 14016A   24156.73916374  .00000403  00000-0  95102-4 0  9993,2 39634  98.1794 164.0160 0001371  88.6039 271.5318 14.59201580541775
2024-06-04T22:40:37.426368+00:00,1 39634U 14016A   24156.94487762  .00000392  00000-0  92892-4 0  9990,2 39634  98.1794 164.2187 0001369  88.5180 271.6177 14.59201712541770
2024-06-05T03:36:51.090912+00:00,1 39634U 14016A   24157.15059133  .00000466  00000-0  10861-3 0  9998,2 39634  98.1794 164.4215 0001365  88.6586 271.4770 14.59202175541839
2024-06-05T10:11:49.363296+00:00,1 39634U 14016A   24157.42487689  .00000313  00000-0  76162-4 0  9997,2 39634  98.1795 164.6918 0001371  88.3452 271.7905 14.59201692541845
2024-06-05T10:11:49.363296+00:00,1 39634U 14016A   24157.42487689  .00000313  00000-0  76162-4 0  9997,2 39634  98.1795 164.6918 0001371  88.3452 271.7905 14.59201692541878
2024-06-05T20:04:16.835808+00:00,1 39634U 14016A   24157.83630597  .00000333  00000-0  80243-4 0  9997,2 39634  98.1794 165.0972 0001398  89.8938 270.2422 14.59198975541930
2024-06-05T21:43:01.401312+00:00,1 39634U 14016A   24157.90487733  .00000332  00000-0  80177-4 0  9992,2 39634  98.1794 165.1648 0001392  90.2250 269.9109 14.59199199541912
2024-06-06T04:17:59.682336+00:00,1 39634U 14016A   24158.17916299  .00000342  00000-0  82281-4 0  9995,2 39634  98.1794 165.4351 0001390  89.9643 270.1716 14.59199335541982
2024-06-06T10:52:57.959040+00:00,1 39634U 14016A   24158.45344860  .00000340  00000-0  81820-4 0  9991,2 39634  98.1794 165.7055 0001395  89.6305 270.5055 14.59199551542029
2024-06-06T14:10:27.096096+00:00,1 39634U 14016A   24158.59059139  .00000358  00000-0  85715-4 0  9994,2 39634  98.1794 165.8406 0001396  89.4523 270.6837 14.59199774542016
2024-06-07T00:02:54.503808+00:00,1 39634U 14016A   24159.00201972  .00000347  00000-0  83416-4 0  9999,2 39634  98.1793 166.2461 0001388  88.8839 271.2519 14.59200025542101
2024-06-07T08:16:37.330464+00:00,1 39634U 14016A   24159.34487651  .00000345  00000-0  82891-4 0  9990,2 39634  98.1794 166.5840 0001386  88.7901 271.3457 14.59200347542157
2024-06-07T13:12:51.016608+00:00,1 39634U 14016A   24159.55059047  .00000381  00000-0  90553-4 0  9991,2 39634  98.1794 166.7867 0001385  88.7245 271.4113 14.59200751542157
2024-06-07T19:47:49.256160+00:00,1 39634U 14016A   24159.82487565  .00000399  00000-0  94369-4 0  9999,2 39634  98.1793 167.0570 0001391  88.7660 271.3699 14.59201127542223
2024-06-07T23:05:18.379392+00:00,1 39634U 14016A   24159.96201828  .00000399  00000-0  94398-4 0  9992,2 39634  98.1793 167.1921 0001388  88.6964 271.4394 14.59201258542213
2024-06-08T02:22:47.497440+00:00,1 39634U 14016A   24160.09916085  .00000448  00000-0  10481-3 0  9991,2 39634  98.1793 167.3273 0001386  89.0714 271.0645 14.59201482542260
2024-06-08T12:15:15.007104+00:00,1 39634U 14016A   24160.51059036  .00000430  00000-0  10086-3 0  9994,2 39634  98.1793 167.7327 0001389  88.1800 271.9559 14.59197750542325
2024-06-08T13:53:59.581248+00:00,1 39634U 14016A   24160.57916182  .00000429  00000-0  10080-3 0  9996,2 39634  98.1793 167.8003 0001389  88.0596 272.0762 14.59197858542303
2024-06-08T20:28:57.866592+00:00,1 39634U 14016A   24160.85344753  .00000654  00000-0  14845-3 0  9999,2 39634  98.1793 168.0707 0001386  88.2143 271.9216 14.59198326542374
2024-06-08T22:07:42.439008+00:00,1 39634U 14016A   24160.92201897  .00000653  00000-0  14823-3 0  9993,2 39634  98.1793 168.1383 0001385  88.2165 271.9193 14.59198426542351
2024-06-09T04:42:40.745088+00:00,1 39634U 14016A   24161.19630492  .00000713  00000-0  16101-3 0  9998,2 39634  98.1793 168.4085 0001394  88.2672 271.8688 14.59198974542420
2024-06-09T12:56:23.595072+00:00,1 39634U 14016A   24161.53916198  .00000707  00000-0  15964-3 0  9995,2 39634  98.1793 168.7465 0001392  88.4952 271.6407 14.59199447542441
2024-06-09T12:56:23.595072+00:00,1 39634U 14016A   24161.53916198  .00000707  00000-0  15974-3 0  9996,2 39634  98.1793 168.7465 0001392  88.4344 271.7015 14.59199450542479
2024-06-09T21:10:06.430368+00:00,1 39634U 14016A   24161.88201887  .00000715  00000-0  16144-3 0  9995,2 39634  98.1792 169.0843 0001386  88.3745 271.7614 14.59199970542527
2024-06-09T22:48:50.996736+00:00,1 39634U 14016A   24161.95059024  .00000714  00000-0  16124-3 0  9994,2 39634  98.1792 169.1519 0001385  88.3860 271.7499 14.59200070542508
2024-06-10T05:23:49.273440+00:00,1 39634U 14016A   24162.22487585  .00000702  00000-0  15851-3 0  9995,2 39634  98.1792 169.4222 0001387  88.4671 271.6687 14.59200335542574
2024-06-10T11:58:47.556192+00:00,1 39634U 14016A   24162.49916153  .00000674  00000-0  15268-3 0  9992,2 39634  98.1792 169.6926 0001392  88.0914 272.0445 14.59200441542619
2024-06-10T13:37:32.120832+00:00,1 39634U 14016A   24162.56773288  .00000674  00000-0  15257-3 0  9998,2 39634  98.1792 169.7601 0001391  88.1259 272.0100 14.59200529542594
2024-06-10T20:12:30.367296+00:00,1 39634U 14016A   24162.84201814  .00000694  00000-0  15688-3 0  9990,2 39634  98.1792 170.0305 0001385  88.2887 271.8471 14.59201018542661
2024-06-10T21:51:14.928480+00:00,1 39634U 14016A   24162.91058945  .00000693  00000-0  15659-3 0  9990,2 39634  98.1792 170.0980 0001383  88.2817 271.8541 14.59201122542643
2024-06-11T02:47:28.639680+00:00,1 39634U 14016A   24163.11630370  .00000492  00000-0  11407-3 0  9995,2 39634  98.1792 170.3007 0001376  88.7588 271.3769 14.59200748542705
2024-06-11T14:18:40.575744+00:00,1 39634U 14016A   24163.59630296  .00000471  00000-0  10965-3 0  9999,2 39634  98.1792 170.7737 0001376  89.1956 270.9401 14.59201217542747
2024-06-12T03:28:37.093728+00:00,1 39634U 14016A   24164.14487377  .00000390  00000-0  92382-4 0  9995,2 39634  98.1792 171.3143 0001379  89.0089 271.1268 14.59201282542852
2024-06-12T06:46:06.217824+00:00,1 39634U 14016A   24164.28201641  .00000381  00000-0  90510-4 0  9999,2 39634  98.1792 171.4494 0001381  88.9599 271.1758 14.59201365542844
2024-06-12T06:46:06.217824+00:00,1 39634U 14016A   24164.28201641  .00000381  00000-0  90510-4 0  9999,2 39634  98.1792 171.4494 0001381  88.9599 271.1758 14.59201365542877
2024-06-13T12:23:28.627584+00:00,1 39634U 14016A   24165.51630356  .00000306  00000-0  74521-4 0  9996,2 39634  98.1791 172.6658 0001375  88.5160 271.6197 14.59198216543057
2024-06-13T14:02:13.202592+00:00,1 39634U 14016A   24165.58487503  .00000304  00000-0  74159-4 0  9992,2 39634  98.1791 172.7334 0001376  88.5120 271.6237 14.59198231543036
2024-06-13T22:15:56.060352+00:00,1 39634U 14016A   24165.92773218  .00000297  00000-0  72607-4 0  9998,2 39634  98.1791 173.0712 0001372  88.3666 271.7691 14.59198517543086
2024-06-14T14:43:21.773280+00:00,1 39634U 14016A   24166.61344645  .00000320  00000-0  77650-4 0  9993,2 39634  98.1791 173.7470 0001377  88.1276 272.0081 14.59199133543187
2024-06-14T22:57:04.616352+00:00,1 39634U 14016A   24166.95630343  .00000313  00000-0  76077-4 0  9997,2 39634  98.1791 174.0848 0001375  88.2320 271.9038 14.59199382543231
2024-06-15T13:45:45.750816+00:00,1 39634U 14016A   24167.57344619  .00000223  00000-0  56977-4 0  9991,2 39634  98.1791 174.6930 0001373  88.4291 271.7066 14.59199501543328
2024-06-15T21:59:28.598208+00:00,1 39634U 14016A   24167.91630322  .00000146  00000-0  40593-4 0  9999,2 39634  98.1790 175.0309 0001364  89.0783 271.0573 14.59199433543370
2024-06-16T14:26:54.311136+00:00,1 39634U 14016A   24168.60201749  .00000028  00000-0  15627-4 0  9992,2 39634  98.1791 175.7066 0001380  89.0283 271.1074 14.59199235543479
2024-06-16T22:40:37.142112+00:00,1 39634U 14016A   24168.94487433  .00000092  00000-0  29242-4 0  9994,2 39634  98.1791 176.0445 0001373  88.9935 271.1422 14.59199585543529
2024-06-17T18:25:31.918656+00:00,1 39634U 14016A   24169.76773054  .00000271  00000-0  67090-4 0  9994,2 39634  98.1791 176.8554 0001382  89.0545 271.0813 14.59200481543674
2024-06-17T21:43:01.046208+00:00,1 39634U 14016A   24169.90487322  .00000286  00000-0  70298-4 0  9990,2 39634  98.1791 176.9905 0001377  89.0656 271.0701 14.59200620543662
2024-06-18T04:17:59.302176+00:00,1 39634U 14016A   24170.17915859  .00000302  00000-0  73809-4 0  9992,2 39634  98.1791 177.2608 0001379  89.0341 271.1017 14.59200796543732
2024-06-18T12:31:42.108960+00:00,1 39634U 14016A   24170.52201515  .00000305  00000-0  74458-4 0  9992,2 39634  98.1791 177.5987 0001378  89.0009 271.1349 14.59201057543789
2024-06-18T14:10:26.670144+00:00,1 39634U 14016A   24170.59058646  .00000305  00000-0  74363-4 0  9999,2 39634  98.1791 177.6663 0001379  89.0167 271.1190 14.59201104543762
2024-06-18T20:45:24.918336+00:00,1 39634U 14016A   24170.86487174  .00000296  00000-0  72401-4 0  9991,2 39634  98.1791 177.9366 0001379  89.1996 270.9362 14.59201259543833
2024-06-18T22:24:09.478656+00:00,1 39634U 14016A   24170.93344304  .00000297  00000-0  72783-4 0  9990,2 39634  98.1791 178.0041 0001377  89.1594 270.9764 14.59201319543818
2024-06-19T03:20:23.161344+00:00,1 39634U 14016A   24171.13915696  .00000292  00000-0  71696-4 0  9998,2 39634  98.1791 178.2069 0001379  89.3227 270.8130 14.59201451543876
2024-06-19T08:16:36.922656+00:00,1 39634U 14016A   24171.34487179  .00000754  00000-0  16956-3 0  9991,2 39634  98.1792 178.4096 0001413  88.5242 271.6119 14.59197275543870
2024-06-19T08:16:36.922656+00:00,1 39634U 14016A   24171.34487179  .00000754  00000-0  16956-3 0  9991,2 39634  98.1792 178.4096 0001413  88.5242 271.6119 14.59197275543904
2024-06-19T21:26:33.489888+00:00,1 39634U 14016A   24171.89344317  .00000687  00000-0  15533-3 0  9992,2 39634  98.1790 178.9501 0001401  88.6548 271.4812 14.59198557543985
2024-06-19T23:05:18.057984+00:00,1 39634U 14016A   24171.96201456  .00000655  00000-0  14872-3 0  9996,2 39634  98.1790 179.0177 0001395  88.8766 271.2593 14.59198688543969
2024-06-20T04:01:31.765728+00:00,1 39634U 14016A   24172.16772877  .00000331  00000-0  79871-4 0  9991,2 39634  98.1791 179.2204 0001395  89.1347 271.0013 14.59198940544026
2024-06-20T13:53:59.182944+00:00,1 39634U 14016A   24172.57915721  .00000370  00000-0  88256-4 0  9993,2 39634  98.1791 179.6259 0001397  88.5952 271.5408 14.59199352544051
2024-06-20T22:07:42.023424+00:00,1 39634U 14016A   24172.92201416  .00000292  00000-0  71747-4 0  9991,2 39634  98.1791 179.9638 0001393  88.7823 271.3536 14.59199522544105
2024-06-20T23:46:26.590656+00:00,1 39634U 14016A   24172.99058554  .00000294  00000-0  72075-4 0  9998,2 39634  98.1791 180.0314 0001392  88.8137 271.3222 14.59199576544142
2024-06-21T04:42:40.294080+00:00,1 39634U 14016A   24173.19629970  .00000283  00000-0  69695-4 0  9999,2 39634  98.1791 180.2341 0001395  89.1036 271.0323 14.59199744544178
2024-06-21T12:56:23.130240+00:00,1 39634U 14016A   24173.53915660  .00000306  00000-0  74678-4 0  9994,2 39634  98.1791 180.5720 0001395  88.9581 271.1779 14.59200117544223
2024-06-21T14:35:07.695744+00:00,1 39634U 14016A   24173.60772796  .00000307  00000-0  74797-4 0  9996,2 39634  98.1791 180.6396 0001395  88.9059 271.2301 14.59200160544201
2024-06-21T21:10:05.957760+00:00,1 39634U 14016A   24173.88201340  .00000297  00000-0  72679-4 0  9993,2 39634  98.1791 180.9099 0001392  88.8085 271.3274 14.59200298544278
2024-06-21T22:48:50.523264+00:00,1 39634U 14016A   24173.95058476  .00000292  00000-0  71542-4 0  9994,2 39634  98.1791 180.9774 0001392  88.7685 271.3674 14.59200330544252
2024-06-22T03:45:04.226688+00:00,1 39634U 14016A   24174.15629892  .00000255  00000-0  63705-4 0  9994,2 39634  98.1791 181.1802 0001394  89.1523 270.9837 14.59200307544312
2024-06-22T11:58:47.111232+00:00,1 39634U 14016A   24174.49915638  .00000257  00000-0  64267-4 0  9993,2 39634  98.1789 181.5183 0001345  91.5890 268.5464 14.59198532544365
2024-06-22T13:37:31.689696+00:00,1 39634U 14016A   24174.56772789  .00000257  00000-0  64294-4 0  9999,2 39634  98.1788 181.5858 0001348  91.7279 268.4076 14.59198173544346
2024-06-22T20:12:30.000960+00:00,1 39634U 14016A   24174.84201390  .00000250  00000-0  62679-4 0  9993,2 39634  98.1790 181.8559 0001378  89.5617 270.5741 14.59198336544416
2024-06-22T21:51:14.572512+00:00,1 39634U 14016A   24174.91058533  .00000250  00000-0  62644-4 0  9992,2 39634  98.1790 181.9235 0001374  89.5478 270.5880 14.59198412544395
2024-06-23T04:26:12.876864+00:00,1 39634U 14016A   24175.18487126  .00000481  00000-0  11180-3 0  9990,2 39634  98.1791 182.1937 0001389  88.6417 271.4942 14.59198655544463
2024-06-23T12:39:55.728576+00:00,1 39634U 14016A   24175.52772834  .00000471  00000-0  10966-3 0  9991,2 39634  98.1791 182.5317 0001386  88.5172 271.6186 14.59198945544513
2024-06-23T14:18:40.299264+00:00,1 39634U 14016A   24175.59629976  .00000471  00000-0  10963-3 0  9993,2 39634  98.1791 182.5992 0001386  88.6075 271.5284 14.59199006544499
2024-06-23T20:53:38.575968+00:00,1 39634U 14016A   24175.87058537  .00000470  00000-0  10939-3 0  9995,2 39634  98.1791 182.8696 0001381  88.8120 271.3238 14.59199236544561
2024-06-23T22:32:23.145792+00:00,1 39634U 14016A   24175.93915678  .00000469  00000-0  10923-3 0  9991,2 39634  98.1791 182.9371 0001380  88.8953 271.2404 14.59199301544540
2024-06-24T01:49:52.296672+00:00,1 39634U 14016A   24176.07629973  .00000293  00000-0  71922-4 0  9999,2 39634  98.1791 183.0723 0001384  88.5382 271.5976 14.59199083544599
2024-06-24T13:21:04.095360+00:00,1 39634U 14016A   24176.55629740  .00000287  00000-0  70678-4 0  9994,2 39634  98.1790 183.5452 0001363  88.0291 272.1065 14.59201965544660
2024-06-24T19:56:02.365152+00:00,1 39634U 14016A   24176.83058293  .00000288  00000-0  70785-4 0  9994,2 39634  98.1791 183.8156 0001388  87.4831 272.6527 14.59200971544704
2024-06-24T21:34:46.923744+00:00,1 39634U 14016A   24176.89915421  .00000287  00000-0  70590-4 0  9998,2 39634  98.1791 183.8832 0001387  87.9293 272.2066 14.59201080544684
2024-06-25T04:09:45.176256+00:00,1 39634U 14016A   24177.17343954 -.00000022  00000-0  49926-5 0  9994,2 39634  98.1791 184.1535 0001380  88.3042 271.8316 14.59201018544750
2024-06-25T12:23:27.985632+00:00,1 39634U 14016A   24177.51629613 -.00000022  00000-0  51159-5 0  9992,2 39634  98.1791 184.4913 0001388  88.4055 271.7304 14.59201097544805
2024-06-25T14:02:12.546816+00:00,1 39634U 14016A   24177.58486744 -.00000022  00000-0  50834-5 0  9994,2 39634  98.1791 184.5589 0001389  88.4260 271.7099 14.59201105544782
2024-06-25T20:37:10.787232+00:00,1 39634U 14016A   24177.85915263 -.00000021  00000-0  52599-5 0  9996,2 39634  98.1791 184.8291 0001406  88.2891 271.8470 14.59201314544857
2024-06-25T22:15:55.347552+00:00,1 39634U 14016A   24177.92772393 -.00000021  00000-0  53353-5 0  9998,2 39634  98.1791 184.8967 0001404  88.1738 271.9622 14.59201342544833
2024-06-26T03:12:09.031968+00:00,1 39634U 14016A   24178.13343787 -.00000021  00000-0  52887-5 0  9994,2 39634  98.1791 185.0994 0001406  88.3046 271.8314 14.59201348544891
2024-06-26T06:29:38.155200+00:00,1 39634U 14016A   24178.27058050 -.00000019  00000-0  57764-5 0  9991,2 39634  98.1791 185.2346 0001407  88.4130 271.7231 14.59201336544917
2024-06-26T13:04:36.451776+00:00,1 39634U 14016A   24178.54486634 -.00000018  00000-0  59618-5 0  9993,2 39634  98.1789 185.5052 0001367  91.3654 268.7702 14.59198635544927
2024-06-26T19:39:34.755264+00:00,1 39634U 14016A   24178.81915226 -.00000017  00000-0  61642-5 0  9996,2 39634  98.1792 185.7751 0001399  88.9204 271.2156 14.59198818544999
2024-06-26T22:57:03.890592+00:00,1 39634U 14016A   24178.95629503 -.00000016  00000-0  62786-5 0  9990,2 39634  98.1791 185.9104 0001386  89.6203 270.5156 14.59198866544989
2024-06-27T05:32:02.169888+00:00,1 39634U 14016A   24179.23058067 -.00000010  00000-0  74947-5 0  9999,2 39634  98.1791 186.1808 0001381  89.6919 270.4439 14.59199026545053
2024-06-27T12:07:00.450912+00:00,1 39634U 14016A   24179.50486633 -.00000009  00000-0  76973-5 0  9992,2 39634  98.1791 186.4510 0001388  89.8241 270.3118 14.59199114545098
2024-06-27T20:20:43.293120+00:00,1 39634U 14016A   24179.84772330 -.00000009  00000-0  78945-5 0  9992,2 39634  98.1791 186.7888 0001403  90.0358 270.1002 14.59199298545149
2024-06-27T21:59:27.861216+00:00,1 39634U 14016A   24179.91629469 -.00000008  00000-0  79794-5 0  9996,2 39634  98.1791 186.8564 0001401  89.8163 270.3197 14.59199350545123
2024-06-28T02:55:41.564640+00:00,1 39634U 14016A   24180.12200885 -.00000008  00000-0  80450-5 0  9999,2 39634  98.1791 187.0592 0001400  89.6368 270.4992 14.59199446545187
2024-06-28T12:48:08.950752+00:00,1 39634U 14016A   24180.53343693  .00000002  00000-0  10156-4 0  9997,2 39634  98.1791 187.4647 0001389  89.3179 270.8180 14.59199834545246
2024-06-28T14:26:53.517120+00:00,1 39634U 14016A   24180.60200830  .00000002  00000-0  10210-4 0  9991,2 39634  98.1791 187.5323 0001390  89.2255 270.9104 14.59199862545220
2024-06-28T21:01:51.777408+00:00,1 39634U 14016A   24180.87629372  .00000002  00000-0  10094-4 0  9996,2 39634  98.1791 187.8025 0001410  89.7903 270.3459 14.59199984545299
2024-06-28T22:40:36.342048+00:00,1 39634U 14016A   24180.94486507  .00000002  00000-0  10189-4 0  9990,2 39634  98.1791 187.8701 0001409  89.7109 270.4252 14.59200014545273
2024-06-29T03:36:50.030784+00:00,1 39634U 14016A   24181.15057906  .00000006  00000-0  10899-4 0  9993,2 39634  98.1791 188.0729 0001403  89.8269 270.3092 14.59200153545330
2024-06-29T11:50:32.872128+00:00,1 39634U 14016A   24181.49343602  .00000433  00000-0  10147-3 0  9990,2 39634  98.1791 188.4108 0001372  89.8891 270.2466 14.59198833545381
2024-06-29T13:29:17.442816+00:00,1 39634U 14016A   24181.56200744  .00000433  00000-0  10162-3 0  9994,2 39634  98.1791 188.4784 0001373  90.2123 269.9234 14.59198895545360
2024-06-29T20:04:15.728160+00:00,1 39634U 14016A   24181.83629315  .00000430  00000-0  10102-3 0  9994,2 39634  98.1791 188.7487 0001366  90.2367 269.8989 14.59199170545436
2024-06-29T21:43:00.297120+00:00,1 39634U 14016A   24181.90486455  .00000431  00000-0  10111-3 0  9999,2 39634  98.1790 188.8163 0001363  90.2426 269.8930 14.59199265545419
2024-06-30T04:17:58.568640+00:00,1 39634U 14016A   24182.17915010  .00000504  00000-0  11665-3 0  9999,2 39634  98.1791 189.0866 0001360  90.4338 269.7017 14.59199538545489
2024-06-30T10:52:56.847072+00:00,1 39634U 14016A   24182.45343573  .00000418  00000-0  98437-4 0  9996,2 39634  98.1791 189.3569 0001366  90.0465 270.0892 14.59199673545526
2024-06-30T14:10:25.984992+00:00,1 39634U 14016A   24182.59057853  .00000409  00000-0  96525-4 0  9990,2 39634  98.1791 189.4920 0001366  90.0266 270.1090 14.59199733545514
2024-06-30T19:06:39.683232+00:00,1 39634U 14016A   24182.79629263  .00000422  00000-0  99300-4 0  9991,2 39634  98.1791 189.6948 0001367  89.9018 270.2338 14.59199978545572
2024-06-30T22:24:08.815104+00:00,1 39634U 14016A   24182.93343536  .00000421  00000-0  99083-4 0  9990,2 39634  98.1791 189.8299 0001365  89.8433 270.2923 14.59200119545560
2024-07-01T04:59:07.087488+00:00,1 39634U 14016A   24183.20772092  .00000409  00000-0  96565-4 0  9992,2 39634  98.1792 190.1002 0001368  90.0020 270.1337 14.59200275545636
2024-07-01T11:34:05.342592+00:00,1 39634U 14016A   24183.48200628  .00000394  00000-0  93357-4 0  9992,2 39634  98.1792 190.3705 0001368  90.1418 269.9939 14.59200490545677
2024-07-01T14:51:34.470144+00:00,1 39634U 14016A   24183.61914896  .00000392  00000-0  92943-4 0  9994,2 39634  98.1792 190.5057 0001368  90.1118 270.0238 14.59200599545660
2024-07-01T19:47:48.158016+00:00,1 39634U 14016A   24183.82486294  .00000398  00000-0  94159-4 0  9990,2 39634  98.1792 190.7084 0001370  90.2182 269.9175 14.59200832545721
2024-07-01T23:05:17.282112+00:00,1 39634U 14016A   24183.96200558  .00000396  00000-0  93734-4 0  9998,2 39634  98.1792 190.8435 0001367  90.1551 269.9806 14.59200963545712
2024-07-02T04:01:30.975168+00:00,1 39634U 14016A   24184.16771962  .00000390  00000-0  92332-4 0  9990,2 39634  98.1792 191.0463 0001367  90.2652 269.8704 14.59201093545776
2024-07-02T12:15:13.766400+00:00,1 39634U 14016A   24184.51057600  .00000411  00000-0  96802-4 0  9995,2 39634  98.1792 191.3841 0001366  90.5947 269.5409 14.59201505545821
2024-07-02T13:53:58.325856+00:00,1 39634U 14016A   24184.57914729  .00000409  00000-0  96531-4 0  9991,2 39634  98.1792 191.4517 0001367  90.5651 269.5705 14.59201561545804
2024-07-02T20:28:56.561952+00:00,1 39634U 14016A   24184.85343243  .00000426  00000-0  10012-3 0  9997,2 39634  98.1792 191.7220 0001367  90.2614 269.8743 14.59201876545875
2024-07-02T22:07:41.119680+00:00,1 39634U 14016A   24184.92200370  .00000426  00000-0  10003-3 0  9998,2 39634  98.1792 191.7896 0001366  90.2292 269.9064 14.59201953545856
2024-07-03T03:03:54.795456+00:00,1 39634U 14016A   24185.12771754  .00000412  00000-0  97054-4 0  9997,2 39634  98.1792 191.9923 0001368  90.3445 269.7911 14.59202102545915
2024-07-03T12:56:22.329312+00:00,1 39634U 14016A   24185.53914733  .00000370  00000-0  88212-4 0  9997,2 39634  98.1793 192.3977 0001373  88.5504 271.5853 14.59195929545971
2024-07-03T19:31:20.637984+00:00,1 39634U 14016A   24185.81343331  .00000361  00000-0  86233-4 0  9999,2 39634  98.1792 192.6681 0001365  89.6213 270.5143 14.59196536546017
2024-07-03T22:48:49.800096+00:00,1 39634U 14016A   24185.95057639  .00000363  00000-0  86802-4 0  9991,2 39634  98.1792 192.8032 0001363  89.5682 270.5673 14.59196654546004
2024-07-04T05:23:48.111360+00:00,1 39634U 14016A   24186.22486240  .00000346  00000-0  83183-4 0  9996,2 39634  98.1793 193.0735 0001366  89.4667 270.6689 14.59196816546078
2024-07-04T11:58:46.419168+00:00,1 39634U 14016A   24186.49914837  .00000331  00000-0  79955-4 0  9999,2 39634  98.1793 193.3438 0001366  89.6524 270.4832 14.59197039546116
2024-07-04T13:37:30.996768+00:00,1 39634U 14016A   24186.56771987  .00000329  00000-0  79484-4 0  9998,2 39634  98.1793 193.4114 0001366  89.6223 270.5133 14.59197083546095
2024-07-04T18:33:44.727840+00:00,1 39634U 14016A   24186.77343435  .00000321  00000-0  77819-4 0  9996,2 39634  98.1793 193.6141 0001367  89.6629 270.4728 14.59197212546158
2024-07-04T23:29:58.451136+00:00,1 39634U 14016A   24186.97914874  .00000345  00000-0  82936-4 0  9991,2 39634  98.1793 193.8169 0001362  89.7631 270.3724 14.59197561546151
2024-07-05T04:26:12.174432+00:00,1 39634U 14016A   24187.18486313  .00000341  00000-0  82072-4 0  9994,2 39634  98.1793 194.0196 0001364  89.9097 270.2258 14.59197742546213
2024-07-05T12:39:55.042560+00:00,1 39634U 14016A   24187.52772040  .00000347  00000-0  83243-4 0  9994,2 39634  98.1793 194.3575 0001364  90.0364 270.0992 14.59198108546262
2024-07-05T14:18:39.616704+00:00,1 39634U 14016A   24187.59629186  .00000345  00000-0  82980-4 0  9998,2 39634  98.1793 194.4251 0001365  90.0542 270.0814 14.59198153546244
2024-07-05T20:53:37.910688+00:00,1 39634U 14016A   24187.87057767  .00000357  00000-0  85520-4 0  9995,2 39634  98.1793 194.6954 0001361  89.8668 270.2688 14.59198434546318
2024-07-05T22:32:22.483104+00:00,1 39634U 14016A   24187.93914911  .00000357  00000-0  85342-4 0  9997,2 39634  98.1793 194.7630 0001360  89.8808 270.2547 14.59198496546294
2024-07-06T05:07:20.780544+00:00,1 39634U 14016A   24188.21343496  .00000311  00000-0  75668-4 0  9993,2 39634  98.1793 195.0333 0001364  89.8277 270.3079 14.59198517546365
2024-07-06T11:42:19.065888+00:00,1 39634U 14016A   24188.48772067  .00000256  00000-0  64048-4 0  9990,2 39634  98.1793 195.3036 0001363  90.2470 269.8886 14.59198489546400
2024-07-06T13:21:03.638304+00:00,1 39634U 14016A   24188.55629211  .00000248  00000-0  62334-4 0  9997,2 39634  98.1793 195.3712 0001361  90.2740 269.8616 14.59198501546382
2024-07-06T19:56:01.925376+00:00,1 39634U 14016A   24188.83057784  .00000226  00000-0  57752-4 0  9992,2 39634  98.1793 195.6414 0001358  91.0957 269.0398 14.59198665546457
2024-07-06T21:34:46.496928+00:00,1 39634U 14016A   24188.89914927  .00000222  00000-0  56817-4 0  9996,2 39634  98.1792 195.7090 0001357  90.9469 269.1886 14.59198695546436
2024-07-07T04:09:44.784000+00:00,1 39634U 14016A   24189.17343500  .00000201  00000-0  52418-4 0  9991,2 39634  98.1793 195.9793 0001360  90.9724 269.1632 14.59198783546502
2024-07-07T12:23:27.635712+00:00,1 39634U 14016A   24189.51629208  .00000183  00000-0  48576-4 0  9990,2 39634  98.1793 196.3173 0001359  90.3516 269.7839 14.59198978546556
2024-07-07T14:02:12.206400+00:00,1 39634U 14016A   24189.58486350  .00000180  00000-0  47861-4 0  9999,2 39634  98.1793 196.3848 0001359  90.3706 269.7650 14.59199000546532
2024-07-07T20:37:10.483968+00:00,1 39634U 14016A   24189.85914912  .00000193  00000-0  50744-4 0  9997,2 39634  98.1793 196.6551 0001364  90.6485 269.4871 14.59199226546609
2024-07-07T22:15:55.052928+00:00,1 39634U 14016A   24189.92772052  .00000195  00000-0  51108-4 0  9999,2 39634  98.1793 196.7227 0001362  90.5554 269.5802 14.59199274546613
2024-07-08T13:04:36.153696+00:00,1 39634U 14016A   24190.54486289  .00000235  00000-0  59561-4 0  9999,2 39634  98.1793 197.3309 0001366  90.6669 269.4687 14.59199777546701
2024-07-08T14:43:20.718336+00:00,1 39634U 14016A   24190.61343424  .00000241  00000-0  60740-4 0  9998,2 39634  98.1793 197.3985 0001365  90.6524 269.4832 14.59199840546680
2024-07-08T19:39:34.411392+00:00,1 39634U 14016A   24190.81914828  .00000272  00000-0  67502-4 0  9999,2 39634  98.1793 197.6012 0001363  90.9402 269.1954 14.59200119546741
2024-07-08T22:57:03.542400+00:00,1 39634U 14016A   24190.95629100  .00000273  00000-0  67532-4 0  9994,2 39634  98.1793 197.7363 0001361  90.9609 269.1746 14.59200218546736
2024-07-09T03:53:17.239776+00:00,1 39634U 14016A   24191.16200509  .00000279  00000-0  68907-4 0  9999,2 39634  98.1793 197.9390 0001366  91.1150 269.0206 14.59200294546797
2024-07-09T12:07:00.057792+00:00,1 39634U 14016A   24191.50486178  .00000302  00000-0  73662-4 0  9996,2 39634  98.1793 198.2769 0001370  91.0001 269.1355 14.59200643546840
2024-07-09T13:45:44.621568+00:00,1 39634U 14016A   24191.57343312  .00000297  00000-0  72634-4 0  9996,2 39634  98.1793 198.3445 0001371  90.9715 269.1642 14.59200674546824
2024-07-09T20:20:42.869760+00:00,1 39634U 14016A   24191.84771840  .00000310  00000-0  75492-4 0  9998,2 39634  98.1793 198.6148 0001372  91.0609 269.0748 14.59200947546898
2024-07-09T21:59:27.431808+00:00,1 39634U 14016A   24191.91628972  .00000311  00000-0  75607-4 0  9992,2 39634  98.1793 198.6824 0001371  91.0178 269.1179 14.59201006546873
2024-07-10T02:55:41.118816+00:00,1 39634U 14016A   24192.12200369  .00000312  00000-0  75879-4 0  9994,2 39634  98.1793 198.8851 0001373  91.3475 268.7882 14.59201171546936
2024-07-10T06:13:10.242912+00:00,1 39634U 14016A   24192.25914633  .00000309  00000-0  75170-4 0  9994,2 39634  98.1793 199.0202 0001375  91.4262 268.7095 14.59201255546957
2024-07-10T12:48:08.566272+00:00,1 39634U 14016A   24192.53343248  .00000308  00000-0  75114-4 0  9990,2 39634  98.1793 199.2907 0001383  90.6755 269.4603 14.59198456546960
2024-07-10T21:01:51.421440+00:00,1 39634U 14016A   24192.87628960  .00000305  00000-0  74494-4 0  9991,2 39634  98.1794 199.6286 0001383  90.6091 269.5267 14.59198736547046
2024-07-10T22:40:35.989536+00:00,1 39634U 14016A   24192.94486099  .00000305  00000-0  74311-4 0  9992,2 39634  98.1794 199.6961 0001379  90.9400 269.1958 14.59198811547023
2024-07-11T03:36:49.699872+00:00,1 39634U 14016A   24193.15057523  .00000316  00000-0  76761-4 0  9995,2 39634  98.1794 199.8989 0001377  90.8923 269.2435 14.59199078547085
2024-07-11T13:29:17.117088+00:00,1 39634U 14016A   24193.56200367  .00000314  00000-0  76305-4 0  9998,2 39634  98.1794 200.3043 0001376  90.9585 269.1772 14.59199348547115
2024-07-11T18:25:30.822240+00:00,1 39634U 14016A   24193.76771785  .00000312  00000-0  75800-4 0  9994,2 39634  98.1794 200.5070 0001374  91.1308 269.0049 14.59199473547172
2024-07-12T04:17:58.222176+00:00,1 39634U 14016A   24194.17914609  .00000353  00000-0  84481-4 0  9994,2 39634  98.1794 200.9124 0001373  91.3260 268.8097 14.59200037547230
2024-07-12T12:31:41.054880+00:00,1 39634U 14016A   24194.52200295  .00000375  00000-0  89201-4 0  9991,2 39634  98.1794 201.2503 0001373  91.2469 268.8888 14.59200418547281
2024-07-12T14:10:25.621248+00:00,1 39634U 14016A   24194.59057432  .00000375  00000-0  89254-4 0  9999,2 39634  98.1794 201.3179 0001373  91.2706 268.8651 14.59200464547262
2024-07-12T19:06:39.315168+00:00,1 39634U 14016A   24194.79628837  .00000368  00000-0  87741-4 0  9995,2 39634  98.1794 201.5206 0001375  91.0382 269.0975 14.59200578547320
2024-07-12T22:24:08.441856+00:00,1 39634U 14016A   24194.93343104  .00000368  00000-0  87740-4 0  9991,2 39634  98.1794 201.6557 0001372  91.0195 269.1162 14.59200704547318
2024-07-13T03:20:22.132320+00:00,1 39634U 14016A   24195.13914505  .00000367  00000-0  87586-4 0  9990,2 39634  98.1795 201.8585 0001375  91.1213 269.0144 14.59200871547377
2024-07-13T09:55:20.411616+00:00,1 39634U 14016A   24195.41343069  .00000287  00000-0  70481-4 0  9999,2 39634  98.1794 202.1288 0001379  90.8404 269.2953 14.59200734547381
2024-07-13T09:55:20.411616+00:00,1 39634U 14016A   24195.41343069  .00000287  00000-0  70481-4 0  9999,2 39634  98.1794 202.1288 0001379  90.8404 269.2953 14.59200734547415
2024-07-13T19:47:47.888448+00:00,1 39634U 14016A   24195.82485982  .00000345  00000-0  82939-4 0  9991,2 39634  98.1795 202.5342 0001379  90.8681 269.2676 14.59198885547479
2024-07-13T23:05:17.030688+00:00,1 39634U 14016A   24195.96200267  .00000249  00000-0  62461-4 0  9998,2 39634  98.1795 202.6693 0001374  91.0315 269.1042 14.59198853547461
2024-07-14T04:01:30.753120+00:00,1 39634U 14016A   24196.16771705  .00000239  00000-0  60345-4 0  9999,2 39634  98.1795 202.8721 0001373  91.0062 269.1295 14.59198892547523
2024-07-14T12:15:13.608288+00:00,1 39634U 14016A   24196.51057417  .00000238  00000-0  60199-4 0  9991,2 39634  98.1795 203.2100 0001376  90.7901 269.3456 14.59199089547575
2024-07-14T13:53:58.178976+00:00,1 39634U 14016A   24196.57914559  .00000239  00000-0  60325-4 0  9998,2 39634  98.1795 203.2775 0001376  90.7580 269.3777 14.59199125547551
2024-07-14T20:28:56.453088+00:00,1 39634U 14016A   24196.85343117  .00000249  00000-0  62613-4 0  9998,2 39634  98.1796 203.5478 0001379  90.6686 269.4671 14.59199387547626
2024-07-14T22:07:41.021184+00:00,1 39634U 14016A   24196.92200256  .00000250  00000-0  62761-4 0  9998,2 39634  98.1795 203.6154 0001377  90.6346 269.5011 14.59199451547607
2024-07-15T04:42:39.291840+00:00,1 39634U 14016A   24197.19628810  .00000258  00000-0  64422-4 0  9992,2 39634  98.1796 203.8858 0001375  90.7292 269.4065 14.59199738547673
2024-07-15T12:56:22.121952+00:00,1 39634U 14016A   24197.53914493  .00000442  00000-0  10355-3 0  9995,2 39634  98.1796 204.2237 0001376  90.7403 269.3955 14.59200448547728
2024-07-15T14:35:06.686592+00:00,1 39634U 14016A   24197.60771628  .00000455  00000-0  10628-3 0  9991,2 39634  98.1796 204.2912 0001378  90.7124 269.4234 14.59200547547709
2024-07-15T21:10:04.939104+00:00,1 39634U 14016A   24197.88200161  .00000392  00000-0  92783-4 0  9993,2 39634  98.1796 204.5615 0001377  90.8043 269.3314 14.59200473547775
2024-07-15T22:48:49.502880+00:00,1 39634U 14016A   24197.95057295  .00000391  00000-0  92739-4 0  9999,2 39634  98.1796 204.6291 0001377  90.7942 269.3415 14.59200537547754
2024-07-16T03:45:03.183840+00:00,1 39634U 14016A   24198.15628685  .00000422  00000-0  99141-4 0  9998,2 39634  98.1796 204.8319 0001377  90.8308 269.3050 14.59200919547810
2024-07-16T11:58:45.991488+00:00,1 39634U 14016A   24198.49914342  .00000417  00000-0  98203-4 0  9995,2 39634  98.1796 205.1698 0001376  90.9449 269.1909 14.59201231547864
2024-07-16T13:37:30.552672+00:00,1 39634U 14016A   24198.56771473  .00000414  00000-0  97575-4 0  9997,2 39634  98.1796 205.2373 0001375  90.9810 269.1547 14.59201277547842
2024-07-16T21:51:13.341312+00:00,1 39634U 14016A   24198.91057108  .00000445  00000-0  10404-3 0  9997,2 39634  98.1796 205.5752 0001373  91.1872 268.9485 14.59201787547894
2024-07-17T02:47:27.011904+00:00,1 39634U 14016A   24199.11628486  .00000456  00000-0  10648-3 0  9995,2 39634  98.1796 205.7780 0001374  91.3078 268.8279 14.59202059547958
2024-07-17T06:04:56.142912+00:00,1 39634U 14016A   24199.25342758  .00000442  00000-0  10351-3 0  9991,2 39634  98.1797 205.9131 0001376  91.5141 268.6216 14.59202091547973
2024-07-17T14:18:39.059424+00:00,1 39634U 14016A   24199.59628541  .00000604  00000-0  13780-3 0  9994,2 39634  98.1798 206.2511 0001399  90.7358 269.4002 14.59198782547991
2024-07-17T20:53:37.336128+00:00,1 39634U 14016A   24199.87057102  .00000595  00000-0  13593-3 0  9995,2 39634  98.1798 206.5214 0001377  90.0101 270.1257 14.59199384548068
2024-07-17T22:32:21.901632+00:00,1 39634U 14016A   24199.93914238  .00000596  00000-0  13619-3 0  9994,2 39634  98.1797 206.5890 0001373  90.2211 269.9146 14.59199546548048
2024-07-18T05:07:20.185248+00:00,1 39634U 14016A   24200.21342807  .00000606  00000-0  13815-3 0  9995,2 39634  98.1797 206.8593 0001376  90.2274 269.9083 14.59199876548117
2024-07-18T11:42:18.455904+00:00,1 39634U 14016A   24200.48771361  .00000640  00000-0  14539-3 0  9997,2 39634  98.1798 207.1296 0001372  90.6701 269.4656 14.59200341548152
2024-07-18T13:21:03.024000+00:00,1 39634U 14016A   24200.55628500  .00000602  00000-0  13745-3 0  9997,2 39634  98.1797 207.1971 0001370  90.7749 269.3608 14.59200343548138
2024-07-18T19:56:01.286016+00:00,1 39634U 14016A   24200.83057044  .00000668  00000-0  15144-3 0  9994,2 39634  98.1798 207.4675 0001372  90.5544 269.5813 14.59200831548206
2024-07-18T21:34:45.848928+00:00,1 39634U 14016A   24200.89914177  .00000674  00000-0  15269-3 0  9994,2 39634  98.1797 207.5350 0001371  90.5664 269.5692 14.59200947548188
2024-07-19T04:09:44.113536+00:00,1 39634U 14016A   24201.17342724  .00000675  00000-0  15283-3 0  9996,2 39634  98.1798 207.8054 0001373  90.4045 269.7312 14.59201259548253
2024-07-19T12:23:26.925504+00:00,1 39634U 14016A   24201.51628386  .00000545  00000-0  12528-3 0  9990,2 39634  98.1798 208.1433 0001376  90.2869 269.8488 14.59201005548303
2024-07-19T14:02:11.487552+00:00,1 39634U 14016A   24201.58485518  .00000544  00000-0  12511-3 0  9996,2 39634  98.1798 208.2109 0001376  90.2660 269.8698 14.59201075548280
2024-07-19T18:58:25.162464+00:00,1 39634U 14016A   24201.79056901  .00000560  00000-0  12851-3 0  9994,2 39634  98.1798 208.4136 0001375  90.2155 269.9202 14.59201428548341
2024-07-19T22:15:54.281376+00:00,1 39634U 14016A   24201.92771159  .00000558  00000-0  12808-3 0  9997,2 39634  98.1798 208.5488 0001373  90.1842 269.9515 14.59201602548332
2024-07-20T03:12:07.963200+00:00,1 39634U 14016A   24202.13342550  .00000535  00000-0  12324-3 0  9998,2 39634  98.1798 208.7515 0001375  90.3201 269.8156 14.59201767548396
2024-07-20T13:04:35.491872+00:00,1 39634U 14016A   24202.54485523  .00000597  00000-0  13645-3 0  9996,2 39634  98.1799 209.1569 0001385  89.8442 270.2916 14.59196116548450
2024-07-20T14:43:20.067744+00:00,1 39634U 14016A   24202.61342671  .00000598  00000-0  13649-3 0  9995,2 39634  98.1799 209.2245 0001378  89.8572 270.2785 14.59196449548439
2024-07-20T21:18:18.386784+00:00,1 39634U 14016A   24202.88771281  .00000605  00000-0  13811-3 0  9997,2 39634  98.1799 209.4948 0001373  89.8945 270.2412 14.59196874548507
2024-07-20T22:57:02.965248+00:00,1 39634U 14016A   24202.95628432  .00000605  00000-0  13803-3 0  9995,2 39634  98.1799 209.5624 0001371  89.8743 270.2614 14.59196978548489
2024-07-21T03:53:16.703232+00:00,1 39634U 14016A   24203.16199888  .00000625  00000-0  14231-3 0  9995,2 39634  98.1799 209.7652 0001374  89.9879 270.1478 14.59197129548549
2024-07-21T12:06:59.595552+00:00,1 39634U 14016A   24203.50485643  .00000654  00000-0  14834-3 0  9991,2 39634  98.1799 210.1031 0001375  89.8756 270.2601 14.59197724548595
2024-07-21T13:45:44.172288+00:00,1 39634U 14016A   24203.57342792  .00000654  00000-0  14835-3 0  9996,2 39634  98.1799 210.1706 0001374  89.8730 270.2628 14.59197802548579
2024-07-21T20:20:42.471456+00:00,1 39634U 14016A   24203.84771379  .00000670  00000-0  15176-3 0  9990,2 39634  98.1799 210.4410 0001374  89.9434 270.1923 14.59198254548643
2024-07-21T21:59:27.044736+00:00,1 39634U 14016A   24203.91628524  .00000675  00000-0  15290-3 0  9993,2 39634  98.1799 210.5085 0001373  89.8876 270.2481 14.59198372548629
2024-07-22T04:34:25.339584+00:00,1 39634U 14016A   24204.19057106  .00000600  00000-0  13699-3 0  9995,2 39634  98.1800 210.7789 0001375  90.2722 269.8635 14.59198460548693
2024-07-22T12:48:08.196480+00:00,1 39634U 14016A   24204.53342820  .00000620  00000-0  14126-3 0  9991,2 39634  98.1800 211.1168 0001375  90.4686 269.6671 14.59199051548718
2024-07-22T12:48:08.196480+00:00,1 39634U 14016A   24204.53342820  .00000619  00000-0  14092-3 0  9991,2 39634  98.1800 211.1168 0001375  90.4121 269.7237 14.59199044548746
2024-07-22T17:44:21.905952+00:00,1 39634U 14016A   24204.73914243  .00000622  00000-0  14154-3 0  9990,2 39634  98.1800 211.3195 0001375  90.4320 269.7037 14.59199308548773
2024-07-22T22:40:35.618016+00:00,1 39634U 14016A   24204.94485669  .00000623  00000-0  14189-3 0  9997,2 39634  98.1800 211.5222 0001372  90.4788 269.6569 14.59199586548778
2024-07-23T03:36:49.327488+00:00,1 39634U 14016A   24205.15057092  .00000601  00000-0  13710-3 0  9991,2 39634  98.1800 211.7250 0001374  90.5178 269.6179 14.59199747548830
2024-07-23T11:50:32.174016+00:00,1 39634U 14016A   24205.49342794  .00000619  00000-0  14106-3 0  9993,2 39634  98.1800 212.0629 0001376  90.4549 269.6809 14.59200241548884
2024-07-23T13:29:16.739520+00:00,1 39634U 14016A   24205.56199930  .00000622  00000-0  14163-3 0  9990,2 39634  98.1800 212.1305 0001376  90.4049 269.7308 14.59200338548861
2024-07-23T20:04:15.001536+00:00,1 39634U 14016A   24205.83628474  .00000610  00000-0  13911-3 0  9997,2 39634  98.1800 212.4008 0001375  90.5907 269.5451 14.59200648548936
2024-07-23T23:21:44.126496+00:00,1 39634U 14016A   24205.97342739  .00000619  00000-0  14098-3 0  9995,2 39634  98.1800 212.5360 0001373  90.4067 269.7289 14.59200871548920
2024-07-24T04:17:57.831648+00:00,1 39634U 14016A   24206.17914157  .00000570  00000-0  13052-3 0  9992,2 39634  98.1800 212.7387 0001376  90.5530 269.5828 14.59200801548986
2024-07-24T10:52:56.091072+00:00,1 39634U 14016A   24206.45342698  .00000555  00000-0  12752-3 0  9997,2 39634  98.1801 213.0091 0001378  90.6263 269.5095 14.59201045549022
2024-07-24T12:31:40.653120+00:00,1 39634U 14016A   24206.52199830  .00000557  00000-0  12780-3 0  9996,2 39634  98.1801 213.0767 0001377  90.6359 269.4999 14.59201134549006
2024-07-24T20:45:23.470272+00:00,1 39634U 14016A   24206.86485498  .00000526  00000-0  12125-3 0  9990,2 39634  98.1801 213.4146 0001378  90.4451 269.6906 14.59201357549088
2024-07-24T22:24:08.030592+00:00,1 39634U 14016A   24206.93342628  .00000529  00000-0  12193-3 0  9993,2 39634  98.1801 213.4821 0001377  90.3732 269.7625 14.59201450549069
2024-07-25T04:59:06.281376+00:00,1 39634U 14016A   24207.20771159  .00000519  00000-0  11973-3 0  9993,2 39634  98.1801 213.7525 0001381  90.4631 269.6726 14.59201644549131
2024-07-25T06:37:50.841696+00:00,1 39634U 14016A   24207.27628289  .00000521  00000-0  12018-3 0  9999,2 39634  98.1801 213.8200 0001382  90.4478 269.6880 14.59201727549113
2024-07-25T13:12:49.086432+00:00,1 39634U 14016A   24207.55056813  .00000503  00000-0  11644-3 0  9992,2 39634  98.1801 214.0904 0001383  90.2609 269.8749 14.59201908549186
2024-07-25T19:47:47.314752+00:00,1 39634U 14016A   24207.82485318  .00000394  00000-0  93258-4 0  9998,2 39634  98.1801 214.3607 0001383  90.4655 269.6703 14.59201655549224
2024-07-25T21:26:31.873344+00:00,1 39634U 14016A   24207.89342446  .00000395  00000-0  93532-4 0  9995,2 39634  98.1801 214.4283 0001382  90.4608 269.6750 14.59201726549201
2024-07-26T02:22:45.545664+00:00,1 39634U 14016A   24208.09913826  .00000392  00000-0  92948-4 0  9991,2 39634  98.1801 214.6311 0001381  90.7141 269.4217 14.59201933549261
2024-07-26T12:15:12.874752+00:00,1 39634U 14016A   24208.51056568  .00000392  00000-0  92875-4 0  9998,2 39634  98.1802 215.0366 0001383  90.8905 269.2453 14.59202424549321
2024-07-26T13:53:57.430752+00:00,1 39634U 14016A   24208.57913693  .00000390  00000-0  92491-4 0  9997,2 39634  98.1802 215.1042 0001384  90.8842 269.2516 14.59202479549302
2024-07-26T20:28:55.648704+00:00,1 39634U 14016A   24208.85342186  .00000388  00000-0  91935-4 0  9990,2 39634  98.1802 215.3745 0001385  91.0719 269.0640 14.59202731549375
2024-07-26T22:07:40.202112+00:00,1 39634U 14016A   24208.92199308  .00000387  00000-0  91866-4 0  9996,2 39634  98.1801 215.4421 0001384  91.0411 269.0947 14.59202804549353
2024-07-27T03:03:53.869248+00:00,1 39634U 14016A   24209.12770682  .00000362  00000-0  86585-4 0  9994,2 39634  98.1802 215.6448 0001387  91.4198 268.7161 14.59202896549382
2024-07-27T03:03:53.869248+00:00,1 39634U 14016A   24209.12770682  .00000362  00000-0  86585-4 0  9994,2 39634  98.1802 215.6448 0001387  91.4198 268.7161 14.59202896549416
2024-07-27T09:38:52.264320+00:00,1 39634U 14016A   24209.40199380  .00000351  00000-0  84183-4 0  9995,2 39634  98.1802 215.9152 0001378  89.6496 270.4862 14.59195616549454
2024-07-27T11:17:36.841056+00:00,1 39634U 14016A   24209.47056529  .00000344  00000-0  82602-4 0  9995,2 39634  98.1802 215.9828 0001379  89.6207 270.5151 14.59195766549464
2024-07-27T22:48:48.929184+00:00,1 39634U 14016A   24209.95056631  .00000365  00000-0  87051-4 0  9998,2 39634  98.1802 216.4559 0001383  89.9084 270.2274 14.59196075549504
2024-07-28T05:23:47.272416+00:00,1 39634U 14016A   24210.22485269  .00000350  00000-0  84003-4 0  9991,2 39634  98.1803 216.7262 0001389  89.7395 270.3964 14.59196177549575
2024-07-28T11:58:45.586272+00:00,1 39634U 14016A   24210.49913873  .00000354  00000-0  84870-4 0  9993,2 39634  98.1803 216.9965 0001388  89.8402 270.2957 14.59196484549613
2024-07-28T20:12:28.487232+00:00,1 39634U 14016A   24210.84199638  .00000395  00000-0  93572-4 0  9991,2 39634  98.1803 217.3345 0001386  89.8511 270.2848 14.59196967549669
2024-07-28T21:51:13.064832+00:00,1 39634U 14016A   24210.91056788  .00000395  00000-0  93582-4 0  9998,2 39634  98.1803 217.4021 0001384  89.8095 270.3263 14.59197040549649
2024-07-29T04:26:11.376960+00:00,1 39634U 14016A   24211.18485390  .00000401  00000-0  94808-4 0  9993,2 39634  98.1804 217.6724 0001383  89.8917 270.2441 14.59197320549710
2024-07-29T12:39:54.266688+00:00,1 39634U 14016A   24211.52771142  .00000412  00000-0  97162-4 0  9992,2 39634  98.1804 218.0103 0001382  89.8532 270.2827 14.59197677549733
2024-07-29T12:39:54.266688+00:00,1 39634U 14016A   24211.52771142  .00000413  00000-0  97220-4 0  9998,2 39634  98.1804 218.0103 0001383  89.8320 270.3038 14.59197676549766
2024-07-29T20:53:37.148640+00:00,1 39634U 14016A   24211.87056885  .00000418  00000-0  98468-4 0  9996,2 39634  98.1804 218.3482 0001382  89.8255 270.3103 14.59197978549819
2024-07-29T22:32:21.723648+00:00,1 39634U 14016A   24211.93914032  .00000419  00000-0  98665-4 0  9990,2 39634  98.1804 218.4158 0001380  89.7815 270.3543 14.59198049549794
2024-07-30T05:07:20.017632+00:00,1 39634U 14016A   24212.21342613  .00000447  00000-0  10451-3 0  9999,2 39634  98.1804 218.6861 0001382  89.9756 270.1602 14.59198398549864
2024-07-30T11:42:18.290880+00:00,1 39634U 14016A   24212.48771170  .00000493  00000-0  11435-3 0  9996,2 39634  98.1805 218.9565 0001382  89.9167 270.2191 14.59198971549901
2024-07-30T13:21:02.861568+00:00,1 39634U 14016A   24212.55628312  .00000493  00000-0  11419-3 0  9995,2 39634  98.1805 219.0241 0001382  89.9384 270.1974 14.59199033549880
2024-07-30T19:56:01.161600+00:00,1 39634U 14016A   24212.83056900  .00000496  00000-0  11502-3 0  9990,2 39634  98.1805 219.2944 0001383  90.0686 270.0673 14.59199234549957
2024-07-30T23:13:30.299520+00:00,1 39634U 14016A   24212.96771180  .00000502  00000-0  11615-3 0  9991,2 39634  98.1805 219.4296 0001380  90.0590 270.0768 14.59199404549943
2024-07-31T04:09:44.016768+00:00,1 39634U 14016A   24213.17342612  .00000496  00000-0  11483-3 0  9994,2 39634  98.1805 219.6323 0001382  90.3092 269.8266 14.59199548550005
2024-07-31T12:23:26.889216+00:00,1 39634U 14016A   24213.51628344  .00000385  00000-0  91357-4 0  9997,2 39634  98.1805 219.9702 0001379  90.4872 269.6486 14.59199261550051
2024-07-31T14:02:11.461632+00:00,1 39634U 14016A   24213.58485488  .00000378  00000-0  89856-4 0  9997,2 39634  98.1805 220.0378 0001379  90.4237 269.7121 14.59199275550038
2024-07-31T14:02:11.461632+00:00,1 39634U 14016A   24213.58485488  .00000378  00000-0  89856-4 0  9997,2 39634  98.1805 220.0378 0001379  90.4237 269.7121 14.59199275550061
2024-08-01T03:12:08.104032+00:00,1 39634U 14016A   24214.13342713  .00001082  00000-0  23915-3 0  9998,2 39634  98.1806 220.5784 0001381  89.1317 271.0041 14.59198785550146
2024-08-01T13:04:35.610240+00:00,1 39634U 14016A   24214.54485660  .00000992  00000-0  22011-3 0  9997,2 39634  98.1805 220.9840 0001363  89.0867 271.0489 14.59198687550171
2024-08-01T21:18:18.496512+00:00,1 39634U 14016A   24214.88771408  .00000439  00000-0  10292-3 0  9996,2 39634  98.1806 221.3219 0001377  90.2664 269.8693 14.59197972550258
2024-08-01T22:57:03.070656+00:00,1 39634U 14016A   24214.95628554  .00000439  00000-0  10283-3 0  9997,2 39634  98.1806 221.3895 0001376  90.2667 269.8691 14.59198037550239
2024-08-02T05:32:01.378464+00:00,1 39634U 14016A   24215.23057151  .00000477  00000-0  11094-3 0  9991,2 39634  98.1806 221.6599 0001379  90.1240 270.0118 14.59198450550307
2024-08-02T12:06:59.675040+00:00,1 39634U 14016A   24215.50485735  .00000498  00000-0  11532-3 0  9994,2 39634  98.1806 221.9302 0001375  89.9818 270.1539 14.59198811550348
2024-08-02T13:45:44.246592+00:00,1 39634U 14016A   24215.57342878  .00000499  00000-0  11551-3 0  9993,2 39634  98.1806 221.9978 0001375  89.9907 270.1450 14.59198878550329
2024-08-02T20:20:42.518976+00:00,1 39634U 14016A   24215.84771434  .00000479  00000-0  11136-3 0  9994,2 39634  98.1806 222.2681 0001376  89.9685 270.1673 14.59199108550399
2024-08-02T21:59:27.088800+00:00,1 39634U 14016A   24215.91628575  .00000479  00000-0  11130-3 0  9993,2 39634  98.1806 222.3357 0001376  89.9659 270.1699 14.59199183550370
2024-08-03T04:34:25.378464+00:00,1 39634U 14016A   24216.19057151  .00000453  00000-0  10575-3 0  9994,2 39634  98.1807 222.6060 0001379  90.0996 270.0361 14.59199320550441
2024-08-03T12:48:08.244000+00:00,1 39634U 14016A   24216.53342875  .00000371  00000-0  88455-4 0  9994,2 39634  98.1807 222.9440 0001379  90.1524 269.9834 14.59199281550497
2024-08-03T14:26:52.814688+00:00,1 39634U 14016A   24216.60200017  .00000358  00000-0  85716-4 0  9995,2 39634  98.1806 223.0116 0001378  90.2740 269.8618 14.59199291550476
2024-08-03T21:01:51.109536+00:00,1 39634U 14016A   24216.87628599  .00000252  00000-0  63266-4 0  9992,2 39634  98.1807 223.2819 0001374  91.3841 268.7516 14.59199102550543
2024-08-03T22:40:35.682816+00:00,1 39634U 14016A   24216.94485744  .00000230  00000-0  58520-4 0  9996,2 39634  98.1807 223.3494 0001375  91.7464 268.3894 14.59199073550529
2024-08-04T03:36:49.406112+00:00,1 39634U 14016A   24217.15057183  .00000164  00000-0  44598-4 0  9998,2 39634  98.1807 223.5522 0001371  91.8626 268.2731 14.59198944550581
2024-08-04T11:50:32.288928+00:00,1 39634U 14016A   24217.49342927  .00000023  00000-0  14490-4 0  9990,2 39634  98.1807 223.8901 0001379  90.4559 269.6798 14.59198568550639
2024-08-04T13:29:16.862208+00:00,1 39634U 14016A   24217.56200072  .00000003  00000-0  10453-4 0  9995,2 39634  98.1807 223.9577 0001379  90.5312 269.6046 14.59198528550617
2024-08-04T20:04:15.125088+00:00,1 39634U 14016A   24217.83628617  .00000068  00000-0  24107-4 0  9996,2 39634  98.1807 224.2281 0001381  90.4998 269.6360 14.59198940550689
2024-08-04T23:21:44.265600+00:00,1 39634U 14016A   24217.97342900  .00000066  00000-0  23742-4 0  9991,2 39634  98.1807 224.3633 0001378  90.4788 269.6569 14.59198978550675
2024-08-05T04:17:57.975072+00:00,1 39634U 14016A   24218.17914323  .00000101  00000-0  31239-4 0  9998,2 39634  98.1807 224.5660 0001369  90.5734 269.5623 14.59199142550730
2024-08-05T12:31:40.773216+00:00,1 39634U 14016A   24218.52199969  .00000261  00000-0  65049-4 0  9991,2 39634  98.1808 224.9040 0001383  91.3320 268.8038 14.59199998550789
2024-08-05T20:45:23.581728+00:00,1 39634U 14016A   24218.86485627  .00000342  00000-0  82279-4 0  9991,2 39634  98.1808 225.2419 0001374  90.8674 269.2683 14.59200461550834
2024-08-05T22:24:08.142048+00:00,1 39634U 14016A   24218.93342757  .00000356  00000-0  85258-4 0  9990,2 39634  98.1808 225.3095 0001370  90.8433 269.2923 14.59200576550816
2024-08-06T04:59:06.387648+00:00,1 39634U 14016A   24219.20771282  .00000439  00000-0  10287-3 0  9991,2 39634  98.1808 225.5798 0001372  90.4122 269.7235 14.59201051550888
2024-08-06T11:34:04.634112+00:00,1 39634U 14016A   24219.48199808  .00000456  00000-0  10649-3 0  9990,2 39634  98.1808 225.8502 0001374  90.4508 269.6849 14.59201312550929
2024-08-06T13:12:49.195296+00:00,1 39634U 14016A   24219.55056939  .00000449  00000-0  10487-3 0  9997,2 39634  98.1808 225.9178 0001374  90.4232 269.7126 14.59201354550906
2024-08-06T19:47:47.422752+00:00,1 39634U 14016A   24219.82485443  .00000458  00000-0  10675-3 0  9992,2 39634  98.1808 226.1881 0001373  90.5620 269.5737 14.59201709550978
2024-08-06T23:05:16.539072+00:00,1 39634U 14016A   24219.96199698  .00000453  00000-0  10573-3 0  9993,2 39634  98.1808 226.3233 0001369  90.4648 269.6708 14.59201846550965
2024-08-07T02:22:45.655392+00:00,1 39634U 14016A   24220.09913953  .00000446  00000-0  10439-3 0  9990,2 39634  98.1808 226.4584 0001371  90.5439 269.5917 14.59201966551018
2024-08-07T12:15:13.162464+00:00,1 39634U 14016A   24220.51056901  .00000492  00000-0  11404-3 0  9992,2 39634  98.1809 226.8640 0001375  90.1087 270.0270 14.59197709551079
2024-08-07T13:53:57.737472+00:00,1 39634U 14016A   24220.57914048  .00000491  00000-0  11388-3 0  9993,2 39634  98.1809 226.9316 0001376  90.1128 270.0229 14.59197812551054
2024-08-07T20:28:56.021088+00:00,1 39634U 14016A   24220.85342617  .00000493  00000-0  11434-3 0  9995,2 39634  98.1809 227.2019 0001376  90.2595 269.8762 14.59198204551095
2024-08-07T20:28:56.021088+00:00,1 39634U 14016A   24220.85342617  .00000493  00000-0  11434-3 0  9995,2 39634  98.1809 227.2019 0001376  90.2595 269.8762 14.59198204551129
2024-08-08T12:56:21.733152+00:00,1 39634U 14016A   24221.53914043  .00000632  00000-0  14369-3 0  9994,2 39634  98.1809 227.8777 0001376  90.2579 269.8778 14.59199784551196
2024-08-08T21:10:04.553760+00:00,1 39634U 14016A   24221.88199715  .00000681  00000-0  15407-3 0  9991,2 39634  98.1809 228.2157 0001369  90.6058 269.5298 14.59200433551278
2024-08-08T22:48:49.112352+00:00,1 39634U 14016A   24221.95056843  .00000689  00000-0  15584-3 0  9997,2 39634  98.1809 228.2832 0001362  91.4265 268.7091 14.59200605551251
2024-08-09T03:45:02.831328+00:00,1 39634U 14016A   24222.15628277  .00000710  00000-0  16033-3 0  9991,2 39634  98.1810 228.4860 0001367  90.8725 269.2632 14.59200932551312
2024-08-09T11:58:45.663168+00:00,1 39634U 14016A   24222.49913962  .00000695  00000-0  15713-3 0  9992,2 39634  98.1810 228.8240 0001371  90.2668 269.8689 14.59201273551365
2024-08-09T13:37:30.226944+00:00,1 39634U 14016A   24222.56771096  .00000676  00000-0  15312-3 0  9994,2 39634  98.1810 228.8916 0001369  90.3265 269.8091 14.59201298551348
2024-08-09T18:33:43.911360+00:00,1 39634U 14016A   24222.77342490  .00000697  00000-0  15747-3 0  9994,2 39634  98.1810 229.0943 0001370  90.4313 269.7044 14.59201632551404
2024-08-09T21:51:13.005216+00:00,1 39634U 14016A   24222.91056719  .00000807  00000-0  18083-3 0  9995,2 39634  98.1810 229.2295 0001367  90.4219 269.7138 14.59202493551395
2024-08-10T02:47:26.688768+00:00,1 39634U 14016A   24223.11628112  .00000757  00000-0  17020-3 0  9994,2 39634  98.1810 229.4322 0001369  90.9551 269.1805 14.59202563551454
2024-08-10T12:39:54.243360+00:00,1 39634U 14016A   24223.52771115  .00000679  00000-0  15383-3 0  9994,2 39634  98.1812 229.8378 0001385  89.9059 270.2300 14.59196157551511
2024-08-10T14:18:38.827872+00:00,1 39634U 14016A   24223.59628273  .00000680  00000-0  15404-3 0  9993,2 39634  98.1811 229.9053 0001389  90.1417 269.9942 14.59196148551491
2024-08-10T19:14:52.554624+00:00,1 39634U 14016A   24223.80199716  .00000737  00000-0  16596-3 0  9998,2 39634  98.1812 230.1081 0001383  89.7253 270.4105 14.59196898551550
2024-08-10T22:32:21.704640+00:00,1 39634U 14016A   24223.93914010  .00000738  00000-0  16634-3 0  9998,2 39634  98.1811 230.2433 0001371  90.0353 270.1004 14.59197257551548
2024-08-11T01:49:50.857248+00:00,1 39634U 14016A   24224.07628307  .00000740  00000-0  16672-3 0  9990,2 39634  98.1811 230.3785 0001367  90.2677 269.8679 14.59197521551597
2024-08-11T11:42:18.297792+00:00,1 39634U 14016A   24224.48771178  .00000916  00000-0  20405-3 0  9994,2 39634  98.1812 230.7840 0001378  90.1191 270.0166 14.59198938551651
2024-08-11T19:56:01.142592+00:00,1 39634U 14016A   24224.83056878  .00001050  00000-0  23241-3 0  9997,2 39634  98.1812 231.1219 0001374  90.6197 269.5160 14.59200182551701
2024-08-11T23:13:30.273600+00:00,1 39634U 14016A   24224.96771150  .00001064  00000-0  23548-3 0  9993,2 39634  98.1812 231.2571 0001372  90.8185 269.3172 14.59200522551697
2024-08-12T04:09:43.993440+00:00,1 39634U 14016A   24225.17342585  .00000881  00000-0  19659-3 0  9997,2 39634  98.1812 231.4598 0001374  91.2610 268.8747 14.59199860551759
2024-08-12T10:44:42.260640+00:00,1 39634U 14016A   24225.44771135  .00000884  00000-0  19728-3 0  9994,2 39634  98.1812 231.7302 0001381  90.7225 269.4133 14.59200328551791
2024-08-12T14:02:11.268960+00:00,1 39634U 14016A   24225.58485265  .00001189  00000-0  26183-3 0  9997,2 39634  98.1812 231.8654 0001380  90.7299 269.4059 14.59202646551783
2024-08-12T18:58:24.868704+00:00,1 39634U 14016A   24225.79056561  .00001438  00000-0  31458-3 0  9991,2 39634  98.1812 232.0682 0001384  90.5724 269.5634 14.59204649551844
2024-08-12T22:15:53.962560+00:00,1 39634U 14016A   24225.92770790  .00001444  00000-0  31593-3 0  9990,2 39634  98.1812 232.2034 0001383  90.5732 269.5626 14.59205051551833
2024-08-13T04:50:52.338624+00:00,1 39634U 14016A   24226.20199466  .00000841  00000-0  18818-3 0  9992,2 39634  98.1813 232.4737 0001388  90.9074 269.2285 14.59201878551903
2024-08-13T11:25:50.520288+00:00,1 39634U 14016A   24226.47627917  .00001042  00000-0  23080-3 0  9999,2 39634  98.1813 232.7441 0001389  90.8187 269.3172 14.59203628551948
2024-08-13T13:04:35.069376+00:00,1 39634U 14016A   24226.54485034  .00001039  00000-0  22997-3 0  9991,2 39634  98.1813 232.8117 0001390  90.7124 269.4235 14.59203777551925
2024-08-13T19:39:33.270048+00:00,1 39634U 14016A   24226.81913507  .00001028  00000-0  22781-3 0  9991,2 39634  98.1813 233.0820 0001390  90.7885 269.3474 14.59204314551992
2024-08-16T20:04:14.928096+00:00,1 39634U 14016A   24229.83628389  .00000954  00000-0  21216-3 0  9996,2 39634  98.1815 236.0559 0001389  89.7942 270.3417 14.59198115552436
2024-08-16T21:42:59.516928+00:00,1 39634U 14016A   24229.90485552  .00000985  00000-0  21863-3 0  9999,2 39634  98.1815 236.1235 0001387  89.7005 270.4354 14.59198369552416
2024-08-17T04:17:57.823008+00:00,1 39634U 14016A   24230.17914147  .00000887  00000-0  19783-3 0  9996,2 39634  98.1816 236.3939 0001384  90.4399 269.6959 14.59198495552480
2024-08-17T05:56:42.395424+00:00,1 39634U 14016A   24230.24771291  .00000870  00000-0  19430-3 0  9996,2 39634  98.1816 236.4615 0001384  90.5919 269.5440 14.59198571552491
2024-08-17T12:31:40.754208+00:00,1 39634U 14016A   24230.52199947  .00000812  00000-0  18200-3 0  9999,2 39634  98.1816 236.7319 0001384  90.4585 269.6773 14.59195088552505
2024-08-17T19:06:39.086208+00:00,1 39634U 14016A   24230.79628572  .00000795  00000-0  17837-3 0  9994,2 39634  98.1816 237.0022 0001385  90.2058 269.9300 14.59195558552572
2024-08-17T22:24:08.233632+00:00,1 39634U 14016A   24230.93342863  .00001627  00000-0  35472-3 0  9996,2 39634  98.1816 237.1374 0001382  89.9110 270.2248 14.59197205552560
2024-08-18T04:59:06.552672+00:00,1 39634U 14016A   24231.20771473  .00000892  00000-0  19896-3 0  9995,2 39634  98.1817 237.4078 0001381  90.6162 269.5196 14.59196690552638
2024-08-18T11:34:04.869120+00:00,1 39634U 14016A   24231.48200080  .00000799  00000-0  17923-3 0  9991,2 39634  98.1817 237.6781 0001393  90.9419 269.1940 14.59196827552671
2024-08-18T19:47:47.746752+00:00,1 39634U 14016A   24231.82485818  .00000777  00000-0  17446-3 0  9999,2 39634  98.1817 238.0161 0001392  90.9551 269.1808 14.59197383552721
2024-08-18T21:26:32.316576+00:00,1 39634U 14016A   24231.89342959  .00000808  00000-0  18109-3 0  9996,2 39634  98.1817 238.0837 0001390  91.0369 269.0990 14.59197701552701
2024-08-19T04:01:30.619200+00:00,1 39634U 14016A   24232.16771550  .00000756  00000-0  17001-3 0  9992,2 39634  98.1817 238.3541 0001390  91.1898 268.9461 14.59197917552771
2024-08-19T12:15:13.476960+00:00,1 39634U 14016A   24232.51057265  .00000724  00000-0  16319-3 0  9997,2 39634  98.1817 238.6921 0001388  90.9733 269.1625 14.59198437552827
2024-08-19T13:53:58.048512+00:00,1 39634U 14016A   24232.57914408  .00000721  00000-0  16269-3 0  9995,2 39634  98.1817 238.7596 0001389  90.9160 269.2199 14.59198539552809
2024-08-19T20:28:56.319168+00:00,1 39634U 14016A   24232.85342962  .00000752  00000-0  16924-3 0  9998,2 39634  98.1817 239.0300 0001388  90.8478 269.2881 14.59199173552876
2024-08-20T03:03:54.583776+00:00,1 39634U 14016A   24233.12771509  .00000770  00000-0  17310-3 0  9992,2 39634  98.1817 239.3004 0001388  91.0115 269.1244 14.59199789552911
2024-08-20T12:56:21.975936+00:00,1 39634U 14016A   24233.53914324  .00000749  00000-0  16854-3 0  9999,2 39634  98.1818 239.7059 0001390  91.1896 268.9463 14.59200419552975
2024-08-20T14:35:06.539712+00:00,1 39634U 14016A   24233.60771458  .00000746  00000-0  16788-3 0  9999,2 39634  98.1818 239.7735 0001390  91.2420 268.8939 14.59200517552954
2024-08-20T21:10:04.786176+00:00,1 39634U 14016A   24233.88199984  .00000757  00000-0  17027-3 0  9996,2 39634  98.1818 240.0439 0001387  91.3252 268.8107 14.59201055553024
2024-08-21T05:23:47.592960+00:00,1 39634U 14016A   24234.22485640  .00000769  00000-0  17284-3 0  9990,2 39634  98.1818 240.3819 0001390  91.6632 268.4727 14.59201727553073
2024-08-21T11:58:45.960384+00:00,1 39634U 14016A   24234.49914306  .00000758  00000-0  17043-3 0  9996,2 39634  98.1819 240.6523 0001367  90.1168 270.0189 14.59197963553113
2024-08-21T13:37:30.535392+00:00,1 39634U 14016A   24234.56771453  .00000757  00000-0  17025-3 0  9997,2 39634  98.1818 240.7199 0001375  91.0065 269.1292 14.59197920553091
2024-08-21T16:54:59.685408+00:00,1 39634U 14016A   24234.70485747  .00000756  00000-0  16998-3 0  9998,2 39634  98.1818 240.8551 0001375  90.7603 269.3754 14.59198103553143
2024-08-21T20:12:28.831968+00:00,1 39634U 14016A   24234.84200037  .00000745  00000-0  16778-3 0  9994,2 39634  98.1818 240.9902 0001377  90.9240 269.2117 14.59198259553161
2024-08-22T04:26:11.696640+00:00,1 39634U 14016A   24235.18485760  .00000491  00000-0  11388-3 0  9990,2 39634  98.1819 241.3282 0001371  90.9846 269.1511 14.59198401553216
2024-08-22T14:18:39.127680+00:00,1 39634U 14016A   24235.59628620  .00000482  00000-0  11186-3 0  9995,2 39634  98.1819 241.7338 0001381  91.1474 268.9884 14.59198790553247
2024-08-22T17:36:08.267328+00:00,1 39634U 14016A   24235.73342902  .00000479  00000-0  11136-3 0  9998,2 39634  98.1819 241.8690 0001379  90.8701 269.2656 14.59198947553295
2024-08-22T20:53:37.402656+00:00,1 39634U 14016A   24235.87057179  .00000479  00000-0  11123-3 0  9998,2 39634  98.1819 242.0042 0001381  90.9694 269.1664 14.59199135553315
2024-08-22T22:32:21.969888+00:00,1 39634U 14016A   24235.93914317  .00000477  00000-0  11094-3 0  9996,2 39634  98.1819 242.0718 0001378  90.8859 269.2498 14.59199233553295
2024-08-23T05:07:20.238816+00:00,1 39634U 14016A   24236.21342869  .00000630  00000-0  14343-3 0  9996,2 39634  98.1819 242.3422 0001380  90.5395 269.5963 14.59199861553360
2024-08-23T11:42:18.509472+00:00,1 39634U 14016A   24236.48771423  .00000567  00000-0  12993-3 0  9995,2 39634  98.1819 242.6125 0001383  90.6458 269.4900 14.59199917553404
2024-08-23T13:21:03.074976+00:00,1 39634U 14016A   24236.55628559  .00000565  00000-0  12958-3 0  9993,2 39634  98.1819 242.6801 0001383  90.6058 269.5300 14.59199999553383
2024-08-23T16:38:32.204256+00:00,1 39634U 14016A   24236.69342829  .00000561  00000-0  12880-3 0  9991,2 39634  98.1819 242.8153 0001382  90.5800 269.5558 14.59200157553438
2024-08-24T04:09:44.143776+00:00,1 39634U 14016A   24237.17342759  .00000564  00000-0  12934-3 0  9990,2 39634  98.1819 243.2885 0001380  90.6800 269.4558 14.59200791553505
2024-08-24T05:48:28.709280+00:00,1 39634U 14016A   24237.24199895  .00000586  00000-0  13391-3 0  9991,2 39634  98.1820 243.3561 0001379  90.6159 269.5199 14.59200988553481
2024-08-24T05:48:28.709280+00:00,1 39634U 14016A   24237.24199895  .00000586  00000-0  13391-3 0  9991,2 39634  98.1820 243.3561 0001379  90.6159 269.5199 14.59200988553515
2024-08-25T11:25:51.223584+00:00,1 39634U 14016A   24238.47628731  .00000429  00000-0  10066-3 0  9995,2 39634  98.1821 244.5728 0001376  91.4195 268.7162 14.59196865553698
2024-08-25T14:43:20.379648+00:00,1 39634U 14016A   24238.61343032  .00000427  00000-0  10036-3 0  9994,2 39634  98.1821 244.7080 0001376  91.3532 268.7825 14.59196995553684
2024-08-25T19:39:34.113312+00:00,1 39634U 14016A   24238.81914483  .00000403  00000-0  95139-4 0  9992,2 39634  98.1821 244.9108 0001377  91.2368 268.8989 14.59197099553749
2024-08-25T22:57:03.265920+00:00,1 39634U 14016A   24238.95628780  .00000400  00000-0  94578-4 0  9992,2 39634  98.1821 245.0460 0001373  91.2251 268.9106 14.59197245553733
2024-08-26T03:53:16.994400+00:00,1 39634U 14016A   24239.16200225  .00000426  00000-0  10009-3 0  9990,2 39634  98.1821 245.2488 0001371  91.2792 268.8565 14.59197620553794
2024-08-26T12:06:59.864256+00:00,1 39634U 14016A   24239.50485954  .00000550  00000-0  12640-3 0  9993,2 39634  98.1821 245.5867 0001378  91.3457 268.7901 14.59198278553843
2024-08-26T13:45:44.437536+00:00,1 39634U 14016A   24239.57343099  .00000550  00000-0  12638-3 0  9990,2 39634  98.1821 245.6543 0001379  91.3140 268.8217 14.59198356553821
2024-08-26T21:59:27.283200+00:00,1 39634U 14016A   24239.91628800  .00000622  00000-0  14170-3 0  9997,2 39634  98.1822 245.9923 0001376  91.1941 268.9417 14.59199138553878
2024-08-27T04:34:25.574592+00:00,1 39634U 14016A   24240.19057378  .00000575  00000-0  13177-3 0  9998,2 39634  98.1822 246.2627 0001379  91.4568 268.6790 14.59199231553947
2024-08-27T11:09:23.848704+00:00,1 39634U 14016A   24240.46485936  .00000590  00000-0  13490-3 0  9998,2 39634  98.1822 246.5330 0001379  91.7114 268.4243 14.59199676553989
2024-08-27T12:48:08.415936+00:00,1 39634U 14016A   24240.53343074  .00000591  00000-0  13510-3 0  9996,2 39634  98.1822 246.6006 0001379  91.7058 268.4300 14.59199764553967
2024-08-27T21:01:51.244320+00:00,1 39634U 14016A   24240.87628755  .00000612  00000-0  13949-3 0  9995,2 39634  98.1822 246.9386 0001377  91.6004 268.5353 14.59200286554040
2024-08-28T05:15:34.061472+00:00,1 39634U 14016A   24241.21914423  .00000655  00000-0  14857-3 0  9990,2 39634  98.1823 247.2766 0001378  91.8681 268.2677 14.59200983554096
2024-08-28T06:54:18.658944+00:00,1 39634U 14016A   24241.28771596  .00000542  00000-0  12476-3 0  9999,2 39634  98.1823 247.3442 0001383  91.3533 268.7825 14.59200485554104
2024-08-28T13:29:16.901952+00:00,1 39634U 14016A   24241.56200118  .00000584  00000-0  13361-3 0  9997,2 39634  98.1823 247.6146 0001381  91.2893 268.8465 14.59201095554114
2024-08-28T13:29:16.901952+00:00,1 39634U 14016A   24241.56200118  .00000584  00000-0  13361-3 0  9997,2 39634  98.1823 247.6146 0001381  91.2893 268.8465 14.59201095554147
2024-08-29T10:52:56.399520+00:00,1 39634U 14016A   24242.45343055  .00000618  00000-0  14082-3 0  9993,2 39634  98.1824 248.4932 0001379  91.5277 268.6080 14.59199953554270
2024-08-29T19:06:39.225312+00:00,1 39634U 14016A   24242.79628733  .00000707  00000-0  15972-3 0  9997,2 39634  98.1824 248.8312 0001384  91.3087 268.8271 14.59200395554322
2024-08-29T20:45:23.789088+00:00,1 39634U 14016A   24242.86485867  .00000708  00000-0  15986-3 0  9990,2 39634  98.1824 248.8988 0001383  91.3092 268.8266 14.59200504554300
2024-08-30T04:59:06.626976+00:00,1 39634U 14016A   24243.20771559  .00000687  00000-0  15549-3 0  9996,2 39634  98.1824 249.2368 0001384  91.3703 268.7656 14.59200819554386
2024-08-30T11:34:04.879488+00:00,1 39634U 14016A   24243.48200092  .00000708  00000-0  15987-3 0  9995,2 39634  98.1824 249.5071 0001385  91.2485 268.8874 14.59201320554423
2024-08-30T13:12:49.440672+00:00,1 39634U 14016A   24243.55057223  .00000709  00000-0  16019-3 0  9997,2 39634  98.1824 249.5747 0001385  91.2133 268.9225 14.59201421554404
2024-08-30T19:47:47.662080+00:00,1 39634U 14016A   24243.82485720  .00000774  00000-0  17387-3 0  9995,2 39634  98.1824 249.8451 0001385  91.1548 268.9810 14.59202157554472
2024-08-30T23:05:16.776672+00:00,1 39634U 14016A   24243.96199973  .00000775  00000-0  17416-3 0  9996,2 39634  98.1824 249.9803 0001383  91.0797 269.0561 14.59202386554465
2024-08-31T02:22:45.891264+00:00,1 39634U 14016A   24244.09914226  .00000777  00000-0  17449-3 0  9995,2 39634  98.1824 250.1155 0001384  91.1362 268.9996 14.59202601554515
2024-08-31T10:36:28.717056+00:00,1 39634U 14016A   24244.44199904  .00000972  00000-0  21593-3 0  9994,2 39634  98.1824 250.4535 0001378  92.3841 267.7517 14.59196704554565
2024-08-31T13:53:57.991488+00:00,1 39634U 14016A   24244.57914342  .00000767  00000-0  17243-3 0  9998,2 39634  98.1824 250.5888 0001384  92.8167 267.3191 14.59195833554555
2024-08-31T20:28:56.327808+00:00,1 39634U 14016A   24244.85342972  .00000755  00000-0  16988-3 0  9995,2 39634  98.1824 250.8591 0001376  92.3232 267.8125 14.59196276554620
2024-08-31T22:07:40.910592+00:00,1 39634U 14016A   24244.92200128  .00000754  00000-0  16975-3 0  9994,2 39634  98.1824 250.9267 0001378  92.1703 267.9654 14.59196357554600
2024-09-01T03:03:54.651168+00:00,1 39634U 14016A   24245.12771587  .00000752  00000-0  16918-3 0  9994,2 39634  98.1824 251.1295 0001381  92.2371 267.8986 14.59196674554665
2024-09-01T11:17:37.546080+00:00,1 39634U 14016A   24245.47057345  .00000834  00000-0  18668-3 0  9996,2 39634  98.1824 251.4674 0001378  91.8224 268.3134 14.59197656554715
2024-09-01T14:35:06.698688+00:00,1 39634U 14016A   24245.60771642  .00000836  00000-0  18708-3 0  9991,2 39634  98.1824 251.6026 0001377  91.7613 268.3745 14.59197878554701
2024-09-01T19:31:20.421984+00:00,1 39634U 14016A   24245.81343081  .00000839  00000-0  18762-3 0  9999,2 39634  98.1824 251.8054 0001375  91.8501 268.2856 14.59198227554766
2024-09-01T22:48:49.568544+00:00,1 39634U 14016A   24245.95057371  .00000801  00000-0  17953-3 0  9998,2 39634  98.1824 251.9406 0001374  91.8423 268.2934 14.59198273554757
2024-09-02T03:45:03.307392+00:00,1 39634U 14016A   24246.15628828  .00000824  00000-0  18441-3 0  9990,2 39634  98.1824 252.1434 0001373  91.8807 268.2550 14.59198664554811
2024-09-02T11:58:46.176384+00:00,1 39634U 14016A   24246.49914556  .00000871  00000-0  19444-3 0  9999,2 39634  98.1824 252.4814 0001374  91.7089 268.4268 14.59199441554865
2024-09-02T13:37:30.745344+00:00,1 39634U 14016A   24246.56771696  .00000873  00000-0  19488-3 0  9993,2 39634  98.1824 252.5489 0001374  91.6840 268.4517 14.59199562554847
2024-09-02T18:33:44.452224+00:00,1 39634U 14016A   24246.77343116  .00000880  00000-0  19637-3 0  9992,2 39634  98.1824 252.7517 0001374  91.7888 268.3469 14.59199928554902
2024-09-02T21:51:13.560768+00:00,1 39634U 14016A   24246.91057362  .00000897  00000-0  19996-3 0  9999,2 39634  98.1824 252.8869 0001372  91.7672 268.3685 14.59200363554896
2024-09-03T04:26:11.828832+00:00,1 39634U 14016A   24247.18485913  .00000916  00000-0  20391-3 0  9999,2 39634  98.1824 253.1573 0001371  92.1080 268.0277 14.59200936554967
2024-09-03T12:39:54.642528+00:00,1 39634U 14016A   24247.52771577  .00000971  00000-0  21563-3 0  9994,2 39634  98.1824 253.4953 0001373  91.6871 268.4486 14.59201854555019
2024-09-03T14:18:39.203712+00:00,1 39634U 14016A   24247.59628708  .00000965  00000-0  21434-3 0  9998,2 39634  98.1824 253.5629 0001373  91.7178 268.4179 14.59201949554991
2024-09-03T17:36:08.320896+00:00,1 39634U 14016A   24247.73342964  .00000987  00000-0  21913-3 0  9997,2 39634  98.1824 253.6981 0001372  91.6928 268.4428 14.59202279555045
2024-09-03T22:32:21.977664+00:00,1 39634U 14016A   24247.93914326  .00001005  00000-0  22280-3 0  9996,2 39634  98.1824 253.9008 0001370  91.7835 268.3521 14.59202823555042
2024-09-04T03:28:35.674176+00:00,1 39634U 14016A   24248.14485734  .00000996  00000-0  22105-3 0  9990,2 39634  98.1824 254.1036 0001369  92.1389 267.9968 14.59203089555105
2024-09-04T13:21:03.218400+00:00,1 39634U 14016A   24248.55628725  .00001022  00000-0  22651-3 0  9991,2 39634  98.1827 254.5086 0001341  88.6835 271.4518 14.59196554555135
2024-09-04T16:38:32.374464+00:00,1 39634U 14016A   24248.69343026  .00001028  00000-0  22769-3 0  9990,2 39634  98.1826 254.6440 0001340  90.1739 269.9615 14.59196845555187
2024-09-04T21:34:46.126272+00:00,1 39634U 14016A   24248.89914498  .00000916  00000-0  20396-3 0  9998,2 39634  98.1825 254.8470 0001345  90.7376 269.3978 14.59196648555186
2024-09-05T04:09:44.460864+00:00,1 39634U 14016A   24249.17343126  .00000930  00000-0  20705-3 0  9994,2 39634  98.1825 255.1174 0001343  90.8620 269.2733 14.59197188555258
2024-09-05T12:23:27.359232+00:00,1 39634U 14016A   24249.51628888  .00000917  00000-0  20426-3 0  9998,2 39634  98.1825 255.4555 0001351  89.9036 270.2319 14.59197751555307
2024-09-05T20:37:10.215264+00:00,1 39634U 14016A   24249.85914601  .00000968  00000-0  21509-3 0  9995,2 39634  98.1825 255.7935 0001353  90.4249 269.7106 14.59198513555356
2024-09-05T22:15:54.786816+00:00,1 39634U 14016A   24249.92771744  .00000956  00000-0  21243-3 0  9994,2 39634  98.1825 255.8611 0001349  90.6706 269.4648 14.59198638555337
2024-09-06T03:12:08.505792+00:00,1 39634U 14016A   24250.13343178  .00000953  00000-0  21193-3 0  9996,2 39634  98.1825 256.0639 0001350  90.7990 269.3364 14.59199032555397
2024-09-06T13:04:35.929056+00:00,1 39634U 14016A   24250.54486029  .00000969  00000-0  21516-3 0  9990,2 39634  98.1825 256.4695 0001357  90.4319 269.7037 14.59199871555451
2024-09-06T14:43:20.496288+00:00,1 39634U 14016A   24250.61343167  .00000970  00000-0  21535-3 0  9996,2 39634  98.1825 256.5371 0001357  90.4373 269.6982 14.59199999555430
2024-09-06T21:18:18.756576+00:00,1 39634U 14016A   24250.88771709  .00000968  00000-0  21503-3 0  9994,2 39634  98.1825 256.8075 0001356  90.5517 269.5838 14.59200540555506
2024-09-07T00:35:47.884128+00:00,1 39634U 14016A   24251.02485977  .00000968  00000-0  21492-3 0  9997,2 39634  98.1825 256.9426 0001358  90.7564 269.3791 14.59200810555521
2024-09-07T10:28:15.439584+00:00,1 39634U 14016A   24251.43628981  .00001024  00000-0  22690-3 0  9991,2 39634  98.1827 257.3483 0001365  88.5971 271.5385 14.59195492555585
2024-09-07T13:45:44.613792+00:00,1 39634U 14016A   24251.57343303  .00001094  00000-0  24178-3 0  9998,2 39634  98.1827 257.4835 0001375  89.2463 270.8894 14.59196202555578
2024-09-07T20:20:42.919008+00:00,1 39634U 14016A   24251.84771897  .00001115  00000-0  24614-3 0  9990,2 39634  98.1826 257.7538 0001371  89.8986 270.2371 14.59197241555648
2024-09-07T21:59:27.494016+00:00,1 39634U 14016A   24251.91629044  .00001115  00000-0  24630-3 0  9992,2 39634  98.1826 257.8214 0001368  89.9149 270.2207 14.59197441555626
2024-09-08T04:34:25.822560+00:00,1 39634U 14016A   24252.19057665  .00001100  00000-0  24294-3 0  9997,2 39634  98.1826 258.0917 0001369  89.8302 270.3054 14.59197880555695
2024-09-08T11:09:24.119136+00:00,1 39634U 14016A   24252.46486249  .00001104  00000-0  24383-3 0  9994,2 39634  98.1827 258.3621 0001369  89.9792 270.1564 14.59198501555735
2024-09-08T14:26:53.277792+00:00,1 39634U 14016A   24252.60200553  .00001012  00000-0  22442-3 0  9994,2 39634  98.1827 258.4973 0001368  90.0274 270.1083 14.59198246555724
2024-09-08T21:01:51.560544+00:00,1 39634U 14016A   24252.87629121  .00001037  00000-0  22969-3 0  9990,2 39634  98.1827 258.7677 0001366  90.0318 270.1039 14.59198974555791
2024-09-08T22:40:36.131232+00:00,1 39634U 14016A   24252.94486263  .00001037  00000-0  22964-3 0  9991,2 39634  98.1827 258.8353 0001365  90.0170 270.1186 14.59199123555776
2024-09-09T05:15:34.413120+00:00,1 39634U 14016A   24253.21914830  .00001114  00000-0  24603-3 0  9996,2 39634  98.1827 259.1057 0001368  89.9812 270.1545 14.59200079555844
2024-09-09T11:50:32.693280+00:00,1 39634U 14016A   24253.49343395  .00001082  00000-0  23913-3 0  9995,2 39634  98.1827 259.3761 0001367  90.0009 270.1347 14.59200448555882
2024-09-09T13:29:17.258784+00:00,1 39634U 14016A   24253.56200531  .00001083  00000-0  23947-3 0  9995,2 39634  98.1827 259.4437 0001366  89.9881 270.1476 14.59200596555862
2024-09-09T18:25:30.950976+00:00,1 39634U 14016A   24253.76771934  .00001088  00000-0  24055-3 0  9993,2 39634  98.1827 259.6464 0001366  90.0498 270.0858 14.59201046555922
2024-09-09T21:43:00.055200+00:00,1 39634U 14016A   24253.90486175  .00001063  00000-0  23527-3 0  9995,2 39634  98.1827 259.7816 0001366  90.3896 269.7460 14.59201291555914
2024-09-10T04:17:58.305984+00:00,1 39634U 14016A   24254.17914706  .00001085  00000-0  23992-3 0  9991,2 39634  98.1828 260.0520 0001361  90.8990 269.2366 14.59201980555989
2024-09-10T12:31:41.099808+00:00,1 39634U 14016A   24254.52200347  .00001072  00000-0  23711-3 0  9994,2 39634  98.1828 260.3900 0001364  90.8364 269.2992 14.59202658556037
2024-09-10T20:45:23.869440+00:00,1 39634U 14016A   24254.86485960  .00001012  00000-0  22428-3 0  9995,2 39634  98.1828 260.7280 0001367  90.7599 269.3758 14.59203110556084
2024-09-10T22:24:08.421120+00:00,1 39634U 14016A   24254.93343080  .00001024  00000-0  22683-3 0  9995,2 39634  98.1828 260.7956 0001365  90.7313 269.4043 14.59203303556066
2024-09-11T01:41:37.529664+00:00,1 39634U 14016A   24255.07057326  .00001014  00000-0  22473-3 0  9992,2 39634  98.1828 260.9308 0001367  90.7219 269.4137 14.59203532556086
2024-09-11T01:41:37.529664+00:00,1 39634U 14016A   24255.07057326  .00001014  00000-0  22473-3 0  9992,2 39634  98.1828 260.9308 0001367  90.7219 269.4137 14.59203532556110
2024-09-11T19:47:48.094944+00:00,1 39634U 14016A   24255.82486221  .00000582  00000-0  13328-3 0  9993,2 39634  98.1829 261.6744 0001359  89.3310 270.8045 14.59194239556229
2024-09-11T23:05:17.271744+00:00,1 39634U 14016A   24255.96200546  .00000583  00000-0  13339-3 0  9995,2 39634  98.1829 261.8096 0001355  89.4050 270.7304 14.59194438556216
2024-09-12T04:01:31.065888+00:00,1 39634U 14016A   24256.16772067  .00000628  00000-0  14287-3 0  9993,2 39634  98.1829 262.0124 0001357  89.4177 270.7178 14.59194807556278
2024-09-12T12:15:13.853664+00:00,1 39634U 14016A   24256.51057701  .00001124  00000-0  24812-3 0  9990,2 39634  98.1829 262.3504 0001367  89.4941 270.6415 14.59197641556321
2024-09-12T13:53:58.430400+00:00,1 39634U 14016A   24256.57914850  .00001126  00000-0  24850-3 0  9997,2 39634  98.1829 262.4179 0001367  89.4985 270.6371 14.59197793556305
2024-09-12T20:28:56.822016+00:00,1 39634U 14016A   24256.85343544  .00001162  00000-0  25620-3 0  9990,2 39634  98.1829 262.6883 0001373  89.6526 270.4831 14.59197549556374
2024-09-12T22:07:41.400480+00:00,1 39634U 14016A   24256.92200695  .00001141  00000-0  25177-3 0  9991,2 39634  98.1830 262.7560 0001371  89.7751 270.3605 14.59197651556358
2024-09-13T04:42:39.703968+00:00,1 39634U 14016A   24257.19629287  .00001169  00000-0  25762-3 0  9993,2 39634  98.1830 263.0263 0001377  89.7029 270.4328 14.59198430556423
2024-09-13T12:56:22.582464+00:00,1 39634U 14016A   24257.53915026  .00001081  00000-0  23903-3 0  9998,2 39634  98.1830 263.3643 0001383  89.5611 270.5747 14.59198682556470
2024-09-13T21:10:05.443680+00:00,1 39634U 14016A   24257.88200745  .00001078  00000-0  23826-3 0  9991,2 39634  98.1830 263.7023 0001386  89.4479 270.6879 14.59199396556526
2024-09-14T03:45:03.691872+00:00,1 39634U 14016A   24258.15629273  .00001160  00000-0  25566-3 0  9998,2 39634  98.1830 263.9727 0001384  89.6165 270.5193 14.59200464556562
2024-09-14T07:02:32.826336+00:00,1 39634U 14016A   24258.29343549  .00001129  00000-0  24910-3 0  9999,2 39634  98.1830 264.1079 0001384  89.7645 270.3714 14.59200632556552
2024-09-14T07:02:32.826336+00:00,1 39634U 14016A   24258.29343549  .00001129  00000-0  24910-3 0  9999,2 39634  98.1830 264.1079 0001384  89.7645 270.3714 14.59200632556585
2024-09-14T18:33:45.007776+00:00,1 39634U 14016A   24258.77343759  .00001050  00000-0  23248-3 0  9991,2 39634  98.1830 264.5809 0001362  89.3837 270.7518 14.59196162556651
2024-09-14T21:51:14.226048+00:00,1 39634U 14016A   24258.91058132  .00000938  00000-0  20873-3 0  9990,2 39634  98.1830 264.7161 0001364  89.4306 270.7050 14.59195694556647
2024-09-15T04:26:12.573600+00:00,1 39634U 14016A   24259.18486775  .00000994  00000-0  22065-3 0  9995,2 39634  98.1831 264.9865 0001366  89.3108 270.8248 14.59196459556710
2024-09-15T12:39:55.461600+00:00,1 39634U 14016A   24259.52772525  .00000999  00000-0  22153-3 0  9997,2 39634  98.1830 265.3245 0001368  89.2582 270.8775 14.59197239556760
2024-09-15T20:53:38.348736+00:00,1 39634U 14016A   24259.87058274  .00000971  00000-0  21557-3 0  9990,2 39634  98.1830 265.6625 0001366  89.4634 270.6722 14.59197764556812
2024-09-15T22:32:22.921152+00:00,1 39634U 14016A   24259.93915418  .00000969  00000-0  21515-3 0  9990,2 39634  98.1830 265.7301 0001366  89.3929 270.7427 14.59197919556792
2024-09-16T05:07:21.248832+00:00,1 39634U 14016A   24260.21344038  .00000905  00000-0  20163-3 0  9995,2 39634  98.1831 266.0005 0001368  89.3863 270.7494 14.59197960556865
2024-09-16T11:42:19.530720+00:00,1 39634U 14016A   24260.48772605  .00000812  00000-0  18192-3 0  9995,2 39634  98.1831 266.2709 0001369  89.6293 270.5064 14.59198068556905
2024-09-16T14:59:48.675552+00:00,1 39634U 14016A   24260.62486893  .00000807  00000-0  18089-3 0  9991,2 39634  98.1830 266.4061 0001368  89.5907 270.5450 14.59198293556894
2024-09-16T19:56:02.389344+00:00,1 39634U 14016A   24260.83058321  .00000790  00000-0  17728-3 0  9995,2 39634  98.1830 266.6089 0001367  89.5525 270.5832 14.59198585556956
2024-09-16T23:13:31.528128+00:00,1 39634U 14016A   24260.96772602  .00000784  00000-0  17603-3 0  9999,2 39634  98.1830 266.7441 0001364  89.5398 270.5958 14.59198823556947
2024-09-17T04:09:45.068256+00:00,1 39634U 14016A   24261.17343829  .00001200  00000-0  26421-3 0  9990,2 39634  98.1831 266.9469 0001362  89.8365 270.2991 14.59202054557009
2024-09-17T12:23:27.871584+00:00,1 39634U 14016A   24261.51629481  .00001200  00000-0  26431-3 0  9990,2 39634  98.1831 267.2849 0001364  89.9301 270.2055 14.59202803557056
2024-09-17T14:02:12.426720+00:00,1 39634U 14016A   24261.58486605  .00001193  00000-0  26272-3 0  9990,2 39634  98.1830 267.3525 0001365  89.9482 270.1874 14.59202936557031
2024-09-17T18:58:26.299488+00:00,1 39634U 14016A   24261.79058217  .00000754  00000-0  16974-3 0  9997,2 39634  98.1831 267.5553 0001364  89.7792 270.3564 14.59200312557096
2024-09-17T22:15:55.425312+00:00,1 39634U 14016A   24261.92772483  .00000749  00000-0  16849-3 0  9995,2 39634  98.1830 267.6905 0001362  89.7560 270.3796 14.59200536557082
2024-09-18T04:50:53.689056+00:00,1 39634U 14016A   24262.20201029  .00000728  00000-0  16417-3 0  9998,2 39634  98.1831 267.9609 0001366  89.8233 270.3123 14.59200874557156
2024-09-18T11:25:52.004640+00:00,1 39634U 14016A   24262.47629635  .00000499  00000-0  11551-3 0  9993,2 39634  98.1831 268.2313 0001369  89.6378 270.4979 14.59200118557165
2024-09-18T11:25:52.004640+00:00,1 39634U 14016A   24262.47629635  .00000499  00000-0  11551-3 0  9993,2 39634  98.1831 268.2313 0001369  89.6378 270.4979 14.59200118557198
2024-09-18T14:43:21.130464+00:00,1 39634U 14016A   24262.61343901  .00000479  00000-0  11125-3 0  9993,2 39634  98.1831 268.3665 0001361  90.1537 269.9819 14.59200240557186
2024-09-18T14:43:21.130464+00:00,1 39634U 14016A   24262.61343901  .00000479  00000-0  11125-3 0  9993,2 39634  98.1831 268.3665 0001361  90.1537 269.9819 14.59200240557210
2024-09-19T03:53:17.740896+00:00,1 39634U 14016A   24263.16201089  .00000455  00000-0  10626-3 0  9993,2 39634  98.1832 268.9073 0001351  87.9907 272.1447 14.59199294557291
2024-09-19T12:07:00.583968+00:00,1 39634U 14016A   24263.50486787  .00000497  00000-0  11510-3 0  9990,2 39634  98.1831 269.2453 0001366  88.9543 271.1813 14.59199887557349
2024-09-19T13:45:45.151200+00:00,1 39634U 14016A   24263.57343925  .00000497  00000-0  11518-3 0  9991,2 39634  98.1831 269.3129 0001367  88.9685 271.1671 14.59199952557321
2024-09-19T20:20:43.401984+00:00,1 39634U 14016A   24263.84772456  .00000467  00000-0  10868-3 0  9990,2 39634  98.1831 269.5832 0001367  89.4500 270.6856 14.59200120557369
2024-09-19T20:20:43.401984+00:00,1 39634U 14016A   24263.84772456  .00000467  00000-0  10868-3 0  9990,2 39634  98.1831 269.5832 0001367  89.4500 270.6856 14.59200120557392
2024-09-20T04:34:26.243328+00:00,1 39634U 14016A   24264.19058152  .00000638  00000-0  14497-3 0  9991,2 39634  98.1831 269.9212 0001372  89.3581 270.7776 14.59200587557447
2024-09-20T11:09:24.501024+00:00,1 39634U 14016A   24264.46486691  .00000543  00000-0  12480-3 0  9999,2 39634  98.1831 270.1916 0001373  89.4587 270.6770 14.59200713557488
2024-09-20T12:48:09.063936+00:00,1 39634U 14016A   24264.53343824  .00000542  00000-0  12469-3 0  9993,2 39634  98.1831 270.2592 0001373  89.4420 270.6937 14.59200796557469
2024-09-20T19:23:07.312128+00:00,1 39634U 14016A   24264.80772352  .00000594  00000-0  13568-3 0  9993,2 39634  98.1830 270.5296 0001373  89.4040 270.7317 14.59201228557532
2024-09-20T22:40:36.427584+00:00,1 39634U 14016A   24264.94486606  .00000583  00000-0  13346-3 0  9994,2 39634  98.1830 270.6648 0001369  89.3242 270.8115 14.59201385557522
2024-09-21T00:19:20.987904+00:00,1 39634U 14016A   24265.01343736  .00000583  00000-0  13331-3 0  9993,2 39634  98.1830 270.7324 0001370  89.3816 270.7540 14.59201474557567
2024-09-21T10:11:48.503616+00:00,1 39634U 14016A   24265.42486694  .00000598  00000-0  13647-3 0  9995,2 39634  98.1831 271.1381 0001388  90.5180 269.6179 14.59196857557623
2024-09-21T13:29:17.668320+00:00,1 39634U 14016A   24265.56201005  .00000539  00000-0  12409-3 0  9991,2 39634  98.1831 271.2732 0001396  90.3238 269.8122 14.59196944557611
2024-09-21T20:04:15.969216+00:00,1 39634U 14016A   24265.83629594  .00000538  00000-0  12387-3 0  9992,2 39634  98.1831 271.5436 0001390  90.1868 269.9491 14.59197500557682
2024-09-22T04:17:58.845120+00:00,1 39634U 14016A   24266.17915330  .00000511  00000-0  11817-3 0  9994,2 39634  98.1831 271.8816 0001379  90.0262 270.1095 14.59197877557738
2024-09-22T10:52:57.141696+00:00,1 39634U 14016A   24266.45343914  .00000510  00000-0  11783-3 0  9999,2 39634  98.1831 272.1520 0001381  90.0660 270.0698 14.59198203557775
2024-09-22T12:31:41.721024+00:00,1 39634U 14016A   24266.52201066  .00000480  00000-0  11153-3 0  9995,2 39634  98.1831 272.2196 0001380  90.1529 269.9829 14.59198106557752
2024-09-22T20:45:24.582240+00:00,1 39634U 14016A   24266.86486785  .00000487  00000-0  11310-3 0  9997,2 39634  98.1831 272.5575 0001381  90.0257 270.1101 14.59198529557839
2024-09-22T22:24:09.153792+00:00,1 39634U 14016A   24266.93343928  .00000488  00000-0  11321-3 0  9999,2 39634  98.1831 272.6251 0001378  90.0098 270.1260 14.59198617557812
2024-09-23T04:59:07.428768+00:00,1 39634U 14016A   24267.20772487  .00000604  00000-0  13789-3 0  9996,2 39634  98.1831 272.8955 0001379  89.9124 270.2233 14.59199584557885
2024-09-23T11:34:05.705472+00:00,1 39634U 14016A   24267.48201048  .00000580  00000-0  13282-3 0  9997,2 39634  98.1831 273.1659 0001380  89.8946 270.2412 14.59199783557928
2024-09-23T13:12:50.273568+00:00,1 39634U 14016A   24267.55058187  .00000582  00000-0  13316-3 0  9999,2 39634  98.1831 273.2335 0001379  89.8226 270.3131 14.59199869557901
2024-09-23T19:47:48.514848+00:00,1 39634U 14016A   24267.82486707  .00000641  00000-0  14574-3 0  9995,2 39634  98.1831 273.5039 0001378  89.8776 270.2581 14.59200578557979
2024-09-23T23:05:17.643264+00:00,1 39634U 14016A   24267.96200976  .00000645  00000-0  14646-3 0  9996,2 39634  98.1831 273.6391 0001376  89.8362 270.2995 14.59200777557969
2024-09-24T04:01:31.410624+00:00,1 39634U 14016A   24268.16772466  .00000571  00000-0  13090-3 0  9997,2 39634  98.1832 273.8419 0001377  89.9584 270.1773 14.59200295558027
2024-09-24T12:15:14.235552+00:00,1 39634U 14016A   24268.51058143  .00000575  00000-0  13163-3 0  9990,2 39634  98.1832 274.1799 0001380  90.0033 270.1325 14.59200727558076
2024-09-24T13:53:58.800192+00:00,1 39634U 14016A   24268.57915278  .00000575  00000-0  13178-3 0  9993,2 39634  98.1832 274.2475 0001380  90.0127 270.1231 14.59200803558051
2024-09-24T18:50:12.492384+00:00,1 39634U 14016A   24268.78486681  .00000583  00000-0  13345-3 0  9992,2 39634  98.1832 274.4502 0001382  90.0894 270.0464 14.59201053558085
2024-09-24T18:50:12.492384+00:00,1 39634U 14016A   24268.78486681  .00000583  00000-0  13345-3 0  9992,2 39634  98.1832 274.4502 0001382  90.0894 270.0464 14.59201053558119
2024-09-25T04:42:39.844800+00:00,1 39634U 14016A   24269.19629450  .00000614  00000-0  13986-3 0  9997,2 39634  98.1832 274.8558 0001381  90.3152 269.8206 14.59201753558176
2024-09-25T08:00:08.966304+00:00,1 39634U 14016A   24269.33343711  .00000621  00000-0  14136-3 0  9992,2 39634  98.1832 274.9910 0001383  90.1977 269.9381 14.59201930558165
2024-09-25T08:00:08.966304+00:00,1 39634U 14016A   24269.33343711  .00000621  00000-0  14136-3 0  9992,2 39634  98.1832 274.9910 0001383  90.1977 269.9381 14.59201930558198
2024-09-26T20:12:29.655360+00:00,1 39634U 14016A   24270.84200990  .00000689  00000-0  15590-3 0  9990,2 39634  98.1832 276.4781 0001384  89.8288 270.3070 14.59199657558410
2024-09-26T23:29:58.791552+00:00,1 39634U 14016A   24270.97915268  .00000693  00000-0  15674-3 0  9993,2 39634  98.1832 276.6133 0001382  89.7523 270.3835 14.59199876558403
2024-09-27T04:26:12.504480+00:00,1 39634U 14016A   24271.18486695  .00000674  00000-0  15268-3 0  9992,2 39634  98.1833 276.8161 0001383  89.6993 270.4365 14.59199998558468
2024-09-27T11:01:10.764768+00:00,1 39634U 14016A   24271.45915237  .00000681  00000-0  15420-3 0  9999,2 39634  98.1833 277.0865 0001385  89.7030 270.4329 14.59200429558504
2024-09-27T12:39:55.329408+00:00,1 39634U 14016A   24271.52772372  .00000683  00000-0  15451-3 0  9994,2 39634  98.1833 277.1541 0001385  89.7360 270.3998 14.59200526558488
2024-09-27T19:14:53.587104+00:00,1 39634U 14016A   24271.80200911  .00000690  00000-0  15606-3 0  9990,2 39634  98.1833 277.4245 0001385  89.6261 270.5098 14.59200910558526
2024-09-27T19:14:53.587104+00:00,1 39634U 14016A   24271.80200911  .00000690  00000-0  15606-3 0  9990,2 39634  98.1833 277.4245 0001385  89.6261 270.5098 14.59200910558559
2024-09-28T01:49:51.838752+00:00,1 39634U 14016A   24272.07629443  .00000666  00000-0  15100-3 0  9997,2 39634  98.1833 277.6949 0001384  89.6406 270.4952 14.59201205558592
2024-09-28T11:42:19.425312+00:00,1 39634U 14016A   24272.48772483  .00000665  00000-0  15079-3 0  9999,2 39634  98.1833 278.1005 0001383  91.2164 268.9194 14.59194451558651
2024-09-28T13:21:03.998592+00:00,1 39634U 14016A   24272.55629628  .00000662  00000-0  15014-3 0  9995,2 39634  98.1832 278.1680 0001371  89.6914 270.4442 14.59194962558639
2024-09-28T18:17:17.747808+00:00,1 39634U 14016A   24272.76201097  .00000665  00000-0  15078-3 0  9997,2 39634  98.1831 278.3708 0001365  90.0903 270.0453 14.59195539558693
2024-09-28T23:13:31.484928+00:00,1 39634U 14016A   24272.96772552  .00000707  00000-0  15968-3 0  9993,2 39634  98.1832 278.5736 0001372  90.0043 270.1314 14.59195977558693
2024-09-29T04:09:45.247968+00:00,1 39634U 14016A   24273.17344037  .00000695  00000-0  15723-3 0  9995,2 39634  98.1833 278.7764 0001373  88.8315 271.3042 14.59196095558755
2024-09-29T10:44:43.574784+00:00,1 39634U 14016A   24273.44772656  .00000696  00000-0  15740-3 0  9997,2 39634  98.1833 279.0468 0001376  88.8605 271.2752 14.59196503558790
2024-09-29T14:02:12.717024+00:00,1 39634U 14016A   24273.58486941  .00000735  00000-0  16555-3 0  9990,2 39634  98.1832 279.1820 0001378  89.1067 271.0290 14.59196969558780
2024-09-29T20:37:11.019648+00:00,1 39634U 14016A   24273.85915532  .00000758  00000-0  17051-3 0  9990,2 39634  98.1832 279.4524 0001377  89.1808 270.9549 14.59197544558826
2024-09-29T20:37:11.019648+00:00,1 39634U 14016A   24273.85915532  .00000758  00000-0  17051-3 0  9990,2 39634  98.1832 279.4524 0001377  89.1808 270.9549 14.59197544558859
2024-09-30T04:50:53.890368+00:00,1 39634U 14016A   24274.20201262  .00000804  00000-0  18021-3 0  9998,2 39634  98.1832 279.7904 0001380  89.4180 270.7178 14.59198355558907
2024-09-30T11:25:52.186944+00:00,1 39634U 14016A   24274.47629846  .00000760  00000-0  17100-3 0  9997,2 39634  98.1832 280.0607 0001381  89.4483 270.6875 14.59198554558947
2024-09-30T13:04:36.759360+00:00,1 39634U 14016A   24274.54486990  .00000761  00000-0  17103-3 0  9990,2 39634  98.1832 280.1283 0001380  89.4399 270.6959 14.59198663558925
2024-09-30T19:39:35.025696+00:00,1 39634U 14016A   24274.81915539  .00000813  00000-0  18216-3 0  9990,2 39634  98.1831 280.3987 0001385  89.5603 270.5756 14.59199417558990
2024-09-30T22:57:04.161024+00:00,1 39634U 14016A   24274.95629816  .00000813  00000-0  18224-3 0  9994,2 39634  98.1831 280.5339 0001381  89.4536 270.6822 14.59199663558980
2024-10-01T03:53:17.863584+00:00,1 39634U 14016A   24275.16201231  .00000842  00000-0  18824-3 0  9993,2 39634  98.1831 280.7367 0001378  89.4489 270.6868 14.59200157559045
2024-10-01T12:07:00.683328+00:00,1 39634U 14016A   24275.50486902  .00000874  00000-0  19510-3 0  9999,2 39634  98.1831 281.0746 0001375  89.7332 270.4025 14.59200881559099
2024-10-01T13:45:45.245376+00:00,1 39634U 14016A   24275.57344034  .00000880  00000-0  19633-3 0  9998,2 39634  98.1831 281.1422 0001375  89.6819 270.4538 14.59201027559070
2024-10-01T20:20:43.477152+00:00,1 39634U 14016A   24275.84772543  .00000918  00000-0  20452-3 0  9991,2 39634  98.1831 281.4126 0001372  89.6347 270.5009 14.59201767559117
2024-10-01T20:20:43.477152+00:00,1 39634U 14016A   24275.84772543  .00000918  00000-0  20452-3 0  9991,2 39634  98.1831 281.4126 0001372  89.6347 270.5009 14.59201767559140
2024-10-02T02:55:41.681280+00:00,1 39634U 14016A   24276.12201020  .00001297  00000-0  28473-3 0  9992,2 39634  98.1830 281.6830 0001370  89.4951 270.6405 14.59204325559188
2024-10-02T11:09:24.634080+00:00,1 39634U 14016A   24276.46486845  .00001242  00000-0  27322-3 0  9991,2 39634  98.1832 282.0211 0001392  88.5562 271.5797 14.59197918559206
2024-10-02T11:09:24.634080+00:00,1 39634U 14016A   24276.46486845  .00001242  00000-0  27322-3 0  9991,2 39634  98.1832 282.0211 0001392  88.5562 271.5797 14.59197918559239
2024-10-02T19:23:07.521216+00:00,1 39634U 14016A   24276.80772594  .00001332  00000-0  29218-3 0  9994,2 39634  98.1831 282.3589 0001388  88.5035 271.6324 14.59198655559280
2024-10-02T22:40:36.663456+00:00,1 39634U 14016A   24276.94486879  .00001338  00000-0  29349-3 0  9998,2 39634  98.1831 282.4941 0001385  88.4983 271.6375 14.59199096559276
2024-10-03T03:36:50.370336+00:00,1 39634U 14016A   24277.15058299  .00001348  00000-0  29567-3 0  9996,2 39634  98.1831 282.6970 0001377  88.9183 271.2174 14.59199709559339
2024-10-03T13:29:17.924064+00:00,1 39634U 14016A   24277.56201301  .00001212  00000-0  26670-3 0  9997,2 39634  98.1830 283.1025 0001373  89.0490 271.0867 14.59199813559360
2024-10-03T20:04:16.161888+00:00,1 39634U 14016A   24277.83629817  .00001555  00000-0  33944-3 0  9995,2 39634  98.1830 283.3728 0001370  88.5392 271.5964 14.59201809559434
2024-10-03T21:43:00.724800+00:00,1 39634U 14016A   24277.90486950  .00001561  00000-0  34065-3 0  9994,2 39634  98.1830 283.4404 0001373  88.5209 271.6148 14.59202005559418
2024-10-04T04:17:59.039520+00:00,1 39634U 14016A   24278.17915555  .00001362  00000-0  29848-3 0  9994,2 39634  98.1830 283.7108 0001372  88.5697 271.5660 14.59201396559489
2024-10-04T12:31:41.849760+00:00,1 39634U 14016A   24278.52201215  .00001399  00000-0  30644-3 0  9990,2 39634  98.1830 284.0487 0001371  88.4507 271.6850 14.59202420559538
2024-10-04T20:45:24.627168+00:00,1 39634U 14016A   24278.86486837  .00001494  00000-0  32653-3 0  9990,2 39634  98.1829 284.3867 0001368  88.5764 271.5592 14.59203781559581
2024-10-04T22:24:09.179712+00:00,1 39634U 14016A   24278.93343958  .00001498  00000-0  32736-3 0  9990,2 39634  98.1829 284.4543 0001367  88.5978 271.5379 14.59203995559567
2024-10-05T01:41:38.283936+00:00,1 39634U 14016A   24279.07058199  .00001507  00000-0  32939-3 0  9992,2 39634  98.1829 284.5894 0001367  88.7611 271.3745 14.59204406559612
2024-10-05T11:34:05.976768+00:00,1 39634U 14016A   24279.48201362  .00001452  00000-0  31768-3 0  9997,2 39634  98.1830 284.9950 0001369  86.9775 273.1582 14.59192385559671
2024-10-05T13:12:50.577696+00:00,1 39634U 14016A   24279.55058539  .00001456  00000-0  31861-3 0  9999,2 39634  98.1830 285.0626 0001371  87.0529 273.0827 14.59192469559657
2024-10-05T19:47:48.947712+00:00,1 39634U 14016A   24279.82487208  .00002002  00000-0  43427-3 0  9997,2 39634  98.1828 285.3328 0001373  87.3846 272.7511 14.59194094559723
2024-10-05T21:26:33.538272+00:00,1 39634U 14016A   24279.89344373  .00002006  00000-0  43523-3 0  9990,2 39634  98.1829 285.4005 0001372  87.5537 272.5820 14.59194383559705
2024-10-06T04:01:31.973952+00:00,1 39634U 14016A   24280.16773118  .00001452  00000-0  31765-3 0  9994,2 39634  98.1830 285.6709 0001374  87.6957 272.4400 14.59193266559778
2024-10-06T12:15:14.946624+00:00,1 39634U 14016A   24280.51058966  .00001414  00000-0  30961-3 0  9995,2 39634  98.1830 286.0089 0001372  87.2407 272.8950 14.59193982559799
2024-10-06T12:15:14.946624+00:00,1 39634U 14016A   24280.51058966  .00001414  00000-0  30961-3 0  9995,2 39634  98.1830 286.0089 0001372  87.2407 272.8950 14.59193982559823
2024-10-06T20:28:57.883008+00:00,1 39634U 14016A   24280.85344772  .00001491  00000-0  32600-3 0  9992,2 39634  98.1830 286.3469 0001364  87.1372 272.9984 14.59195336559844
2024-10-06T20:28:57.883008+00:00,1 39634U 14016A   24280.85344772  .00001491  00000-0  32600-3 0  9992,2 39634  98.1830 286.3469 0001364  87.1372 272.9984 14.59195336559877
2024-10-07T04:42:40.793472+00:00,1 39634U 14016A   24281.19630548  .00001557  00000-0  33985-3 0  9999,2 39634  98.1831 286.6847 0001384  87.6127 272.5231 14.59196652559925
2024-10-07T11:17:39.130656+00:00,1 39634U 14016A   24281.47059179  .00001358  00000-0  29772-3 0  9993,2 39634  98.1830 286.9551 0001385  87.8282 272.3076 14.59196373559963
2024-10-07T12:56:23.709984+00:00,1 39634U 14016A   24281.53916331  .00001355  00000-0  29705-3 0  9995,2 39634  98.1830 287.0227 0001384  87.7781 272.3578 14.59196557559946
2024-10-07T19:31:22.016928+00:00,1 39634U 14016A   24281.81344927  .00001401  00000-0  30678-3 0  9995,2 39634  98.1830 287.2931 0001381  88.2906 271.8452 14.59197557560018
2024-10-07T21:10:06.592800+00:00,1 39634U 14016A   24281.88202075  .00001397  00000-0  30611-3 0  9990,2 39634  98.1829 287.3608 0001371  88.5587 271.5770 14.59197677559993
2024-10-08T03:45:04.537728+00:00,1 39634U 14016A   24282.15630252  .00002271  00000-0  49124-3 0  9994,2 39634  98.1830 287.6311 0001370  87.8329 272.3027 14.59205027560067
2024-10-08T11:58:47.620992+00:00,1 39634U 14016A   24282.49916228  .00001434  00000-0  31382-3 0  9998,2 39634  98.1830 287.9691 0001372  88.1632 271.9725 14.59200642560118
2024-10-08T13:37:32.177856+00:00,1 39634U 14016A   24282.56773354  .00001437  00000-0  31457-3 0  9993,2 39634  98.1830 288.0367 0001372  88.1691 271.9666 14.59200881560091
2024-10-08T18:33:45.889920+00:00,1 39634U 14016A   24282.77344780  .00001339  00000-0  29373-3 0  9998,2 39634  98.1830 288.2394 0001369  87.9357 272.2000 14.59200923560155
2024-10-08T20:12:30.599712+00:00,1 39634U 14016A   24282.84202083  .00001078  00000-0  23839-3 0  9996,2 39634  98.1830 288.3070 0001372  88.1793 271.9564 14.59199111560133
2024-10-09T02:47:28.881600+00:00,1 39634U 14016A   24283.11630650  .00001005  00000-0  22284-3 0  9995,2 39634  98.1831 288.5774 0001374  88.3427 271.7930 14.59199404560203
2024-10-09T12:39:56.302272+00:00,1 39634U 14016A   24283.52773498  .00000929  00000-0  20670-3 0  9999,2 39634  98.1831 288.9830 0001375  88.3918 271.7439 14.59199980560265
2024-10-09T19:14:54.561696+00:00,1 39634U 14016A   24283.80202039  .00000915  00000-0  20386-3 0  9997,2 39634  98.1831 289.2533 0001377  88.1445 271.9913 14.59200677560304
2024-10-09T20:53:39.120288+00:00,1 39634U 14016A   24283.87059167  .00000900  00000-0  20062-3 0  9991,2 39634  98.1831 289.3209 0001375  88.1878 271.9479 14.59200809560284
2024-10-10T03:28:37.373664+00:00,1 39634U 14016A   24284.14487701  .00000948  00000-0  21078-3 0  9991,2 39634  98.1831 289.5913 0001377  88.1868 271.9490 14.59201683560351
2024-10-10T11:42:20.170080+00:00,1 39634U 14016A   24284.48773345  .00000831  00000-0  18596-3 0  9992,2 39634  98.1831 289.9293 0001377  88.4961 271.6396 14.59201906560409
2024-10-10T13:21:04.726944+00:00,1 39634U 14016A   24284.55630471  .00000826  00000-0  18484-3 0  9992,2 39634  98.1831 289.9969 0001377  88.4543 271.6814 14.59202015560389
2024-10-10T19:56:02.766048+00:00,1 39634U 14016A   24284.83058757  .00001249  00000-0  27455-3 0  9992,2 39634  98.1831 290.2672 0001383  87.8486 272.2872 14.59205667560456
2024-10-10T21:34:47.309952+00:00,1 39634U 14016A   24284.89915868  .00001237  00000-0  27212-3 0  9991,2 39634  98.1831 290.3348 0001383  87.7706 272.3652 14.59205804560439
2024-10-11T04:09:45.072576+00:00,1 39634U 14016A   24285.17343834  .00003217  00000-0  69149-3 0  9996,2 39634  98.1831 290.6052 0001367  87.2125 272.9231 14.59218392560509
2024-10-11T12:23:28.290624+00:00,1 39634U 14016A   24285.51629966  .00001055  00000-0  23338-3 0  9995,2 39634  98.1831 290.9432 0001371  88.0227 272.1130 14.59205856560557
2024-10-11T20:37:11.011872+00:00,1 39634U 14016A   24285.85915523  .00001150  00000-0  25368-3 0  9990,2 39634  98.1831 291.2812 0001368  88.0866 272.0490 14.59206684560602
2024-10-12T03:12:09.171072+00:00,1 39634U 14016A   24286.13343948  .00001160  00000-0  25568-3 0  9991,2 39634  98.1831 291.5515 0001369  87.7614 272.3743 14.59207238560614
2024-10-12T03:12:09.171072+00:00,1 39634U 14016A   24286.13343948  .00001160  00000-0  25568-3 0  9991,2 39634  98.1831 291.5515 0001369  87.7614 272.3743 14.59207238560647
2024-10-12T19:39:35.106048+00:00,1 39634U 14016A   24286.81915632  .00001019  00000-0  22581-3 0  9996,2 39634  98.1829 292.2273 0001382  88.3729 271.7629 14.59196517560713
2024-10-13T12:07:00.914880+00:00,1 39634U 14016A   24287.50487170  .00000905  00000-0  20170-3 0  9999,2 39634  98.1830 292.9033 0001382  88.1090 272.0268 14.59197333560816
2024-10-13T17:03:14.640768+00:00,1 39634U 14016A   24287.71058612  .00000896  00000-0  19975-3 0  9997,2 39634  98.1830 293.1060 0001383  88.1566 271.9792 14.59197682560848
2024-10-13T17:03:14.640768+00:00,1 39634U 14016A   24287.71058612  .00000896  00000-0  19975-3 0  9997,2 39634  98.1830 293.1060 0001383  88.1566 271.9792 14.59197682560871
2024-10-14T02:55:42.324096+00:00,1 39634U 14016A   24288.12201764  .00000746  00000-0  16801-3 0  9990,2 39634  98.1825 293.5117 0001416  84.6546 275.4815 14.59190435560939
2024-10-14T11:09:25.168032+00:00,1 39634U 14016A   24288.46487463  .00000697  00000-0  15761-3 0  9998,2 39634  98.1831 293.8496 0001385  87.7283 272.4075 14.59198015560988
2024-10-14T12:48:09.738720+00:00,1 39634U 14016A   24288.53344605  .00000692  00000-0  15644-3 0  9991,2 39634  98.1830 293.9172 0001382  87.5360 272.5998 14.59198177560962
2024-10-14T19:23:08.014560+00:00,1 39634U 14016A   24288.80773165  .00000704  00000-0  15912-3 0  9990,2 39634  98.1830 294.1875 0001376  87.3190 272.8167 14.59198863561039
2024-10-14T21:01:52.582656+00:00,1 39634U 14016A   24288.87630304  .00000700  00000-0  15812-3 0  9999,2 39634  98.1830 294.2551 0001375  87.3339 272.8019 14.59198971561019
2024-10-15T05:15:35.415360+00:00,1 39634U 14016A   24289.21915990  .00000725  00000-0  16345-3 0  9994,2 39634  98.1830 294.5930 0001371  86.8411 273.2945 14.59199755561096
2024-10-15T11:50:33.678240+00:00,1 39634U 14016A   24289.49344535  .00000547  00000-0  12578-3 0  9991,2 39634  98.1830 294.8634 0001367  87.1896 272.9460 14.59199740561133
2024-10-15T13:29:18.243744+00:00,1 39634U 14016A   24289.56201671  .00000545  00000-0  12525-3 0  9992,2 39634  98.1830 294.9310 0001367  87.2514 272.8843 14.59199818561111
2024-10-15T20:04:16.503168+00:00,1 39634U 14016A   24289.83630212  .00000706  00000-0  15936-3 0  9997,2 39634  98.1829 295.2013 0001367  87.1843 272.9513 14.59200503561183
2024-10-15T23:21:45.625536+00:00,1 39634U 14016A   24289.97344474  .00000690  00000-0  15617-3 0  9992,2 39634  98.1829 295.3365 0001366  87.3821 272.7535 14.59200711561173
2024-10-16T01:00:30.187584+00:00,1 39634U 14016A   24290.04201606  .00000686  00000-0  15530-3 0  9990,2 39634  98.1829 295.4041 0001367  87.5052 272.6304 14.59200811561213
2024-10-16T10:52:57.743904+00:00,1 39634U 14016A   24290.45344611  .00001002  00000-0  22217-3 0  9992,2 39634  98.1828 295.8097 0001354  89.1330 271.0025 14.59198349561271
2024-10-16T12:31:42.318048+00:00,1 39634U 14016A   24290.52201757  .00000965  00000-0  21436-3 0  9992,2 39634  98.1828 295.8773 0001362  89.9754 270.1601 14.59198165561253
2024-10-16T14:10:26.893920+00:00,1 39634U 14016A   24290.59058905  .00000969  00000-0  21528-3 0  9990,2 39634  98.1828 295.9449 0001362  90.0628 270.0728 14.59198301561292
2024-10-16T19:06:40.652640+00:00,1 39634U 14016A   24290.79630385  .00000915  00000-0  20369-3 0  9993,2 39634  98.1828 296.1475 0001361  89.2479 270.8877 14.59198310561324
2024-10-16T22:24:09.799200+00:00,1 39634U 14016A   24290.93344675  .00000924  00000-0  20573-3 0  9990,2 39634  98.1827 296.2826 0001351  88.6427 271.4927 14.59198693561315
2024-10-17T03:20:23.534592+00:00,1 39634U 14016A   24291.13916128  .00000990  00000-0  21978-3 0  9994,2 39634  98.1827 296.4854 0001353  88.3061 271.8294 14.59199310561375
2024-10-17T13:12:50.977728+00:00,1 39634U 14016A   24291.55059002  .00001072  00000-0  23706-3 0  9992,2 39634  98.1827 296.8909 0001351  87.9103 272.2251 14.59200361561401
2024-10-17T19:47:49.253568+00:00,1 39634U 14016A   24291.82487562  .00001020  00000-0  22596-3 0  9997,2 39634  98.1827 297.1613 0001350  88.0065 272.1290 14.59200545561478
2024-10-17T23:05:18.388032+00:00,1 39634U 14016A   24291.96201838  .00001035  00000-0  22918-3 0  9996,2 39634  98.1827 297.2965 0001348  87.8912 272.2442 14.59200861561464
2024-10-18T04:01:32.079360+00:00,1 39634U 14016A   24292.16773240  .00001044  00000-0  23111-3 0  9996,2 39634  98.1827 297.4993 0001347  87.9683 272.1671 14.59201309561520
2024-10-18T10:36:30.332736+00:00,1 39634U 14016A   24292.44201774  .00001068  00000-0  23630-3 0  9997,2 39634  98.1827 297.7696 0001347  88.0267 272.1087 14.59201895561535
2024-10-18T10:36:30.332736+00:00,1 39634U 14016A   24292.44201774  .00001068  00000-0  23630-3 0  9997,2 39634  98.1827 297.7696 0001347  88.0267 272.1087 14.59201895561568
2024-10-18T22:07:42.273984+00:00,1 39634U 14016A   24292.92201706  .00000985  00000-0  21858-3 0  9992,2 39634  98.1827 298.2428 0001347  88.0197 272.1157 14.59202145561601
2024-10-19T03:03:55.953216+00:00,1 39634U 14016A   24293.12773094  .00001093  00000-0  24146-3 0  9993,2 39634  98.1827 298.4455 0001348  88.0115 272.1239 14.59203084561664
2024-10-19T11:17:38.782464+00:00,1 39634U 14016A   24293.47058776  .00000897  00000-0  20001-3 0  9991,2 39634  98.1827 298.7834 0001336  87.4873 272.6480 14.59202649561680
2024-10-19T11:17:38.782464+00:00,1 39634U 14016A   24293.47058776  .00000897  00000-0  20001-3 0  9991,2 39634  98.1827 298.7834 0001336  87.4873 272.6480 14.59202649561714
2024-10-19T21:10:06.312864+00:00,1 39634U 14016A   24293.88201751  .00000375  00000-0  89188-4 0  9992,2 39634  98.1827 299.1889 0001341  87.4886 272.6467 14.59200226561779
2024-10-19T22:48:50.885280+00:00,1 39634U 14016A   24293.95058895  .00000343  00000-0  82441-4 0  9999,2 39634  98.1827 299.2565 0001344  87.6287 272.5067 14.59200135561753
2024-10-20T02:06:20.021472+00:00,1 39634U 14016A   24294.08773173  .00000317  00000-0  76952-4 0  9998,2 39634  98.1827 299.3916 0001346  87.8949 272.2405 14.59200128561804
2024-10-20T13:37:32.048256+00:00,1 39634U 14016A   24294.56773204  .00000087  00000-0  28168-4 0  9996,2 39634  98.1827 299.8648 0001352  88.0976 272.0378 14.59199376561844
2024-10-20T18:33:45.744768+00:00,1 39634U 14016A   24294.77344612  .00000114  00000-0  33995-4 0  9991,2 39634  98.1827 300.0676 0001346  87.5786 272.5567 14.59199563561906
2024-10-20T21:51:14.886144+00:00,1 39634U 14016A   24294.91058896  .00000123  00000-0  35859-4 0  9994,2 39634  98.1827 300.2027 0001337  87.4597 272.6755 14.59199613561891
2024-10-21T02:47:28.599936+00:00,1 39634U 14016A   24295.11630324  .00000107  00000-0  32455-4 0  9990,2 39634  98.1827 300.4055 0001331  87.6025 272.5327 14.59199508561950
2024-10-21T11:01:11.416224+00:00,1 39634U 14016A   24295.45915991  .00000188  00000-0  49619-4 0  9992,2 39634  98.1827 300.7434 0001343  87.9292 272.2061 14.59200028562005
2024-10-21T12:39:55.976544+00:00,1 39634U 14016A   24295.52773121  .00000220  00000-0  56468-4 0  9994,2 39634  98.1827 300.8110 0001342  87.9252 272.2101 14.59200186561988
2024-10-21T19:14:54.197088+00:00,1 39634U 14016A   24295.80201617  .00000352  00000-0  84476-4 0  9997,2 39634  98.1826 301.0815 0001334  88.8854 271.2498 14.59200843562058
2024-10-21T22:32:23.312544+00:00,1 39634U 14016A   24295.93915871  .00000397  00000-0  93985-4 0  9999,2 39634  98.1827 301.2166 0001328  88.6024 271.5328 14.59201139562043
2024-10-22T03:28:37.020288+00:00,1 39634U 14016A   24296.14487292  .00000421  00000-0  98947-4 0  9995,2 39634  98.1827 301.4194 0001331  88.1016 272.0336 14.59201097562101
2024-10-22T11:42:19.813248+00:00,1 39634U 14016A   24296.48772932  .00000485  00000-0  11258-3 0  9999,2 39634  98.1827 301.7573 0001334  88.0005 272.1347 14.59201622562157
2024-10-22T13:21:04.372704+00:00,1 39634U 14016A   24296.55630061  .00000481  00000-0  11179-3 0  9991,2 39634  98.1827 301.8248 0001333  87.9883 272.1469 14.59201683562138
2024-10-22T18:17:18.045888+00:00,1 39634U 14016A   24296.76201442  .00000490  00000-0  11367-3 0  9990,2 39634  98.1827 302.0276 0001329  87.8128 272.3224 14.59201921562190
2024-10-22T23:13:31.699200+00:00,1 39634U 14016A   24296.96772800  .00000510  00000-0  11788-3 0  9993,2 39634  98.1827 302.2304 0001324  87.7615 272.3736 14.59202326562197
2024-10-23T07:27:14.471424+00:00,1 39634U 14016A   24297.31058416  .00000522  00000-0  12045-3 0  9993,2 39634  98.1827 302.5684 0001330  88.2724 271.8628 14.59202808562240
2024-10-23T07:27:14.471424+00:00,1 39634U 14016A   24297.31058416  .00000522  00000-0  12045-3 0  9993,2 39634  98.1827 302.5684 0001330  88.2724 271.8628 14.59202808562273
2024-10-23T17:19:41.438496+00:00,1 39634U 14016A   24297.72200739  .00000547  00000-0  12562-3 0  9996,2 39634  98.1824 302.9747 0001427  86.5450 273.5913 14.59208639562306
2024-10-23T17:19:41.438496+00:00,1 39634U 14016A   24297.72200739  .00000547  00000-0  12562-3 0  9996,2 39634  98.1824 302.9747 0001427  86.5450 273.5913 14.59208639562339
2024-10-24T11:25:51.875904+00:00,1 39634U 14016A   24298.47629486  .00000372  00000-0  88644-4 0  9994,2 39634  98.1827 303.7174 0001368  87.3679 272.7677 14.59195734562442
2024-10-24T14:43:21.042336+00:00,1 39634U 14016A   24298.61343799  .00000374  00000-0  88948-4 0  9999,2 39634  98.1827 303.8526 0001371  87.7391 272.3966 14.59195845562432
2024-10-24T21:18:19.362240+00:00,1 39634U 14016A   24298.88772410  .00000356  00000-0  85257-4 0  9994,2 39634  98.1827 304.1228 0001359  87.5207 272.6149 14.59196197562500
2024-10-25T18:41:58.852032+00:00,1 39634U 14016A   24299.77915338  .00000761  00000-0  17109-3 0  9991,2 39634  98.1827 305.0015 0001363  87.8003 272.3353 14.59198158562633
2024-10-25T21:59:27.997728+00:00,1 39634U 14016A   24299.91629627  .00000760  00000-0  17091-3 0  9999,2 39634  98.1827 305.1366 0001362  87.7798 272.3558 14.59198380562625
2024-10-26T02:55:41.742624+00:00,1 39634U 14016A   24300.12201091  .00000681  00000-0  15427-3 0  9999,2 39634  98.1826 305.3394 0001368  87.8249 272.3108 14.59198355562684
2024-10-26T06:13:10.888320+00:00,1 39634U 14016A   24300.25915380  .00000682  00000-0  15434-3 0  9995,2 39634  98.1827 305.4745 0001369  88.0183 272.1173 14.59198536562677
2024-10-26T06:13:10.888320+00:00,1 39634U 14016A   24300.25915380  .00000682  00000-0  15434-3 0  9995,2 39634  98.1827 305.4745 0001369  88.0183 272.1173 14.59198536562701
2024-10-26T19:23:07.712160+00:00,1 39634U 14016A   24300.80772815  .00000778  00000-0  17470-3 0  9998,2 39634  98.1825 306.0153 0001355  87.3975 272.7380 14.59193965562780
2024-10-26T22:40:36.889824+00:00,1 39634U 14016A   24300.94487141  .00000778  00000-0  17474-3 0  9992,2 39634  98.1826 306.1504 0001351  87.1399 272.9956 14.59194293562771
2024-10-27T03:36:50.645088+00:00,1 39634U 14016A   24301.15058617  .00000913  00000-0  20329-3 0  9992,2 39634  98.1826 306.3532 0001338  88.5950 271.5403 14.59195315562832
2024-10-27T11:50:33.588384+00:00,1 39634U 14016A   24301.49344431  .00000973  00000-0  21609-3 0  9999,2 39634  98.1825 306.6910 0001333  88.9563 271.1789 14.59196067562886
2024-10-27T13:29:18.171168+00:00,1 39634U 14016A   24301.56201587  .00000976  00000-0  21679-3 0  9991,2 39634  98.1825 306.7586 0001334  89.2123 270.9229 14.59196206562862
2024-10-27T20:04:16.478976+00:00,1 39634U 14016A   24301.83630184  .00001017  00000-0  22541-3 0  9996,2 39634  98.1825 307.0289 0001334  89.3689 270.7664 14.59196953562932
2024-10-27T23:21:45.635904+00:00,1 39634U 14016A   24301.97344486  .00001020  00000-0  22597-3 0  9993,2 39634  98.1825 307.1641 0001331  89.2315 270.9037 14.59197267562921
2024-10-28T02:39:14.817888+00:00,1 39634U 14016A   24302.11058817  .00001019  00000-0  22595-3 0  9996,2 39634  98.1825 307.2993 0001330  89.1391 270.9961 14.59197446562974
2024-10-28T10:52:57.698976+00:00,1 39634U 14016A   24302.45344559  .00001053  00000-0  23306-3 0  9993,2 39634  98.1825 307.6372 0001331  89.2785 270.8567 14.59198233563021
2024-10-28T12:31:42.260160+00:00,1 39634U 14016A   24302.52201690  .00001071  00000-0  23692-3 0  9997,2 39634  98.1825 307.7048 0001331  89.2449 270.8903 14.59198537563008
2024-10-28T19:06:40.545504+00:00,1 39634U 14016A   24302.79630261  .00001078  00000-0  23843-3 0  9991,2 39634  98.1824 307.9751 0001332  89.2204 270.9148 14.59199120563078
2024-10-28T22:24:09.684288+00:00,1 39634U 14016A   24302.93344542  .00001082  00000-0  23911-3 0  9992,2 39634  98.1824 308.1102 0001330  89.1064 271.0288 14.59199443563066
2024-10-29T01:41:38.818752+00:00,1 39634U 14016A   24303.07058818  .00001091  00000-0  24108-3 0  9995,2 39634  98.1825 308.2454 0001330  89.0303 271.1049 14.59199786563115
2024-10-29T11:34:06.261024+00:00,1 39634U 14016A   24303.48201691  .00001059  00000-0  23434-3 0  9994,2 39634  98.1824 308.6509 0001323  88.5231 271.6120 14.59200343563178
2024-10-29T13:12:50.826528+00:00,1 39634U 14016A   24303.55058827  .00001060  00000-0  23453-3 0  9996,2 39634  98.1824 308.7185 0001323  88.5864 271.5487 14.59200486563152
2024-10-29T14:51:35.390304+00:00,1 39634U 14016A   24303.61915961  .00001065  00000-0  23560-3 0  9998,2 39634  98.1824 308.7861 0001322  88.5766 271.5585 14.59200643563191
2024-10-29T23:05:18.184992+00:00,1 39634U 14016A   24303.96201603  .00001092  00000-0  24129-3 0  9999,2 39634  98.1823 309.1239 0001314  88.3813 271.7537 14.59201583563212
2024-10-30T04:01:31.871136+00:00,1 39634U 14016A   24304.16772999  .00001100  00000-0  24309-3 0  9993,2 39634  98.1823 309.3267 0001316  88.6219 271.5132 14.59202005563275
2024-10-30T04:01:31.872864+00:00,1 39634U 14016A   24304.16773001  .00001089  00000-0  24065-3 0  9993,2 39634  98.1823 309.3266 0001314  88.7433 271.3917 14.59201958563243
2024-10-30T04:01:31.872864+00:00,1 39634U 14016A   24304.16773001  .00001089  00000-0  24065-3 0  9993,2 39634  98.1823 309.3266 0001314  88.7433 271.3917 14.59201958563276
2024-10-31T03:03:56.026656+00:00,1 39634U 14016A   24305.12773179  .00001414  00000-0  30959-3 0  9997,2 39634  98.1824 310.2728 0001336  88.0392 272.0961 14.59198254563419
2024-10-31T12:56:23.442144+00:00,1 39634U 14016A   24305.53916021  .00001367  00000-0  29956-3 0  9999,2 39634  98.1822 310.6783 0001322  88.4608 271.6743 14.59199149563441
2024-10-31T19:31:21.717120+00:00,1 39634U 14016A   24305.81344580  .00001131  00000-0  24954-3 0  9997,2 39634  98.1822 310.9487 0001325  88.6504 271.4847 14.59199698563515
2024-10-31T22:48:50.846400+00:00,1 39634U 14016A   24305.95058850  .00001138  00000-0  25100-3 0  9995,2 39634  98.1821 311.0839 0001319  88.8393 271.2958 14.59200041563503
2024-11-01T03:45:04.516992+00:00,1 39634U 14016A   24306.15630228  .00001237  00000-0  27199-3 0  9993,2 39634  98.1821 311.2867 0001317  89.0318 271.1033 14.59201128563560
2024-11-01T11:58:47.343648+00:00,1 39634U 14016A   24306.49915907  .00001060  00000-0  23449-3 0  9998,2 39634  98.1821 311.6245 0001319  88.8816 271.2535 14.59201225563618
2024-11-01T13:37:31.904832+00:00,1 39634U 14016A   24306.56773038  .00001046  00000-0  23166-3 0  9993,2 39634  98.1821 311.6921 0001318  88.8878 271.2473 14.59201335563596
2024-11-01T20:12:30.121056+00:00,1 39634U 14016A   24306.84201529  .00001123  00000-0  24794-3 0  9999,2 39634  98.1820 311.9624 0001317  88.9903 271.1448 14.59202379563665
2024-11-01T21:51:14.673600+00:00,1 39634U 14016A   24306.91058650  .00001132  00000-0  24987-3 0  9996,2 39634  98.1820 312.0300 0001316  89.2587 270.8764 14.59202586563644
2024-11-02T02:47:28.335552+00:00,1 39634U 14016A   24307.11630018  .00001121  00000-0  24747-3 0  9995,2 39634  98.1820 312.2328 0001313  89.2999 270.8351 14.59203041563706
2024-11-02T06:04:57.463968+00:00,1 39634U 14016A   24307.25344287  .00001080  00000-0  23871-3 0  9991,2 39634  98.1820 312.3679 0001314  89.4245 270.7106 14.59203110563695
2024-11-02T06:04:57.463968+00:00,1 39634U 14016A   24307.25344287  .00001080  00000-0  23871-3 0  9991,2 39634  98.1820 312.3679 0001314  89.4245 270.7106 14.59203110563729
2024-11-02T20:53:38.739264+00:00,1 39634U 14016A   24307.87058726  .00001282  00000-0  28157-3 0  9995,2 39634  98.1820 312.9761 0001340  87.9310 272.2043 14.59197683563816
2024-11-02T22:32:23.307360+00:00,1 39634U 14016A   24307.93915865  .00001280  00000-0  28115-3 0  9990,2 39634  98.1820 313.0437 0001334  88.5458 271.5895 14.59197926563795
2024-11-03T03:28:37.015968+00:00,1 39634U 14016A   24308.14487287  .00001512  00000-0  33038-3 0  9994,2 39634  98.1821 313.2465 0001337  89.5326 270.6027 14.59198803563856
2024-11-03T11:42:19.868544+00:00,1 39634U 14016A   24308.48772996  .00001501  00000-0  32809-3 0  9998,2 39634  98.1820 313.5844 0001329  89.0259 271.1093 14.59199691563901
2024-11-03T13:21:04.466016+00:00,1 39634U 14016A   24308.55630169  .00001511  00000-0  33015-3 0  9992,2 39634  98.1820 313.6519 0001325  88.4950 271.6402 14.59199828563886
2024-11-03T18:17:18.165984+00:00,1 39634U 14016A   24308.76201581  .00001512  00000-0  33036-3 0  9991,2 39634  98.1820 313.8546 0001320  88.4727 271.6624 14.59200429563948
2024-11-03T21:34:47.263296+00:00,1 39634U 14016A   24308.89915814  .00001564  00000-0  34130-3 0  9999,2 39634  98.1820 313.9897 0001319  88.2557 271.8794 14.59201241563937
2024-11-04T02:31:00.945984+00:00,1 39634U 14016A   24309.10487206  .00001559  00000-0  34028-3 0  9993,2 39634  98.1821 314.1926 0001325  88.7787 271.3565 14.59201821563992
2024-11-04T07:27:14.620896+00:00,1 39634U 14016A   24309.31058589  .00001581  00000-0  34496-3 0  9998,2 39634  98.1821 314.3952 0001326  88.3131 271.8220 14.59202562564024
2024-11-04T10:44:43.734624+00:00,1 39634U 14016A   24309.44772841  .00001576  00000-0  34390-3 0  9993,2 39634  98.1821 314.5303 0001307  88.5467 271.5883 14.59202862564046
2024-11-04T14:02:12.866496+00:00,1 39634U 14016A   24309.58487114  .00001398  00000-0  30616-3 0  9993,2 39634  98.1821 314.6654 0001302  88.3991 271.7357 14.59202248564036
2024-11-04T17:19:41.992320+00:00,1 39634U 14016A   24309.72201380  .00001391  00000-0  30464-3 0  9992,2 39634  98.1820 314.8006 0001320  87.8781 272.2570 14.59202531564082
2024-11-04T22:15:55.643904+00:00,1 39634U 14016A   24309.92772736  .00001354  00000-0  29691-3 0  9991,2 39634  98.1820 315.0034 0001319  88.5586 271.5765 14.59202993564085
2024-11-05T03:12:09.319680+00:00,1 39634U 14016A   24310.13344120  .00001084  00000-0  23957-3 0  9997,2 39634  98.1820 315.2061 0001320  88.7136 271.4215 14.59202872564144
2024-11-05T11:25:52.078080+00:00,1 39634U 14016A   24310.47629720  .00001104  00000-0  24386-3 0  9996,2 39634  98.1820 315.5440 0001319  88.2401 271.8950 14.59203849564196
2024-11-05T14:43:21.182304+00:00,1 39634U 14016A   24310.61343961  .00000990  00000-0  21957-3 0  9995,2 39634  98.1820 315.6792 0001319  88.2109 271.9242 14.59203575564182
2024-11-05T18:00:50.276160+00:00,1 39634U 14016A   24310.75058190  .00001001  00000-0  22209-3 0  9992,2 39634  98.1820 315.8144 0001318  88.2247 271.9103 14.59203926564239
2024-11-06T00:35:48.448320+00:00,1 39634U 14016A   24311.02486630  .00000974  00000-0  21626-3 0  9997,2 39634  98.1820 316.0847 0001313  88.0300 272.1049 14.59204524564276
2024-11-06T10:28:16.002912+00:00,1 39634U 14016A   24311.43629633  .00001146  00000-0  25284-3 0  9990,2 39634  98.1823 316.4900 0001333  87.5565 272.5787 14.59195230564335
2024-11-06T13:45:45.166752+00:00,1 39634U 14016A   24311.57343943  .00001159  00000-0  25551-3 0  9993,2 39634  98.1822 316.6251 0001335  87.4796 272.6556 14.59195721564321
2024-11-06T18:41:58.903008+00:00,1 39634U 14016A   24311.77915397  .00001153  00000-0  25427-3 0  9999,2 39634  98.1821 316.8280 0001316  87.6638 272.4712 14.59196347564383
2024-11-06T21:59:28.059072+00:00,1 39634U 14016A   24311.91629698  .00001220  00000-0  26851-3 0  9998,2 39634  98.1821 316.9632 0001313  87.8651 272.2699 14.59196254564377
2024-11-07T02:55:41.788416+00:00,1 39634U 14016A   24312.12201144  .00001202  00000-0  26471-3 0  9992,2 39634  98.1820 317.1660 0001310  88.5466 271.5884 14.59196756564431
2024-11-07T12:48:09.240192+00:00,1 39634U 14016A   24312.53344028  .00001243  00000-0  27341-3 0  9998,2 39634  98.1820 317.5714 0001316  88.5976 271.5375 14.59198100564460
2024-11-07T19:23:07.528128+00:00,1 39634U 14016A   24312.80772602  .00001096  00000-0  24209-3 0  9997,2 39634  98.1820 317.8418 0001311  88.7012 271.4337 14.59198539564533
2024-11-07T22:40:36.668640+00:00,1 39634U 14016A   24312.94486885  .00001051  00000-0  23262-3 0  9996,2 39634  98.1820 317.9769 0001307  88.7728 271.3621 14.59198768564520
2024-11-08T01:58:05.803968+00:00,1 39634U 14016A   24313.08201162  .00001042  00000-0  23069-3 0  9990,2 39634  98.1820 318.1121 0001306  88.9326 271.2024 14.59199074564572
2024-11-08T11:50:33.203040+00:00,1 39634U 14016A   24313.49343985  .00001064  00000-0  23532-3 0  9994,2 39634  98.1820 318.5175 0001306  88.7084 271.4265 14.59200188564639
2024-11-08T20:04:16.035744+00:00,1 39634U 14016A   24313.83629671  .00001087  00000-0  24030-3 0  9990,2 39634  98.1820 318.8554 0001304  88.8898 271.2451 14.59201031564683
2024-11-08T21:43:00.598656+00:00,1 39634U 14016A   24313.90486804  .00001058  00000-0  23410-3 0  9996,2 39634  98.1820 318.9230 0001304  88.9001 271.2348 14.59201036564660
2024-11-09T02:39:14.285664+00:00,1 39634U 14016A   24314.11058201  .00001002  00000-0  22228-3 0  9991,2 39634  98.1820 319.1257 0001304  89.1737 270.9612 14.59201304564726
2024-11-09T07:35:27.947616+00:00,1 39634U 14016A   24314.31629569  .00001052  00000-0  23277-3 0  9994,2 39634  98.1820 319.3284 0001306  89.1411 270.9938 14.59202149564728
2024-11-09T07:35:27.947616+00:00,1 39634U 14016A   24314.31629569  .00001052  00000-0  23277-3 0  9994,2 39634  98.1820 319.3284 0001306  89.1411 270.9938 14.59202149564751
2024-11-09T19:06:40.008096+00:00,1 39634U 14016A   24314.79629639  .00001190  00000-0  26206-3 0  9992,2 39634  98.1820 319.8013 0001353  88.5571 271.5784 14.59198583564828
2024-11-09T22:24:09.218592+00:00,1 39634U 14016A   24314.93344003  .00001123  00000-0  24783-3 0  9991,2 39634  98.1820 319.9364 0001339  88.9241 271.2113 14.59198472564819
2024-11-10T03:20:22.928928+00:00,1 39634U 14016A   24315.13915427  .00001119  00000-0  24698-3 0  9998,2 39634  98.1820 320.1392 0001338  89.6794 270.4559 14.59198925564878
2024-11-10T11:34:05.808288+00:00,1 39634U 14016A   24315.48201167  .00001014  00000-0  22473-3 0  9998,2 39634  98.1819 320.4770 0001336  89.3366 270.7987 14.59199072564927
2024-11-10T13:12:50.401440+00:00,1 39634U 14016A   24315.55058335  .00000902  00000-0  20096-3 0  9997,2 39634  98.1819 320.5446 0001335  89.1569 270.9784 14.59198539564902
2024-11-10T19:47:48.680736+00:00,1 39634U 14016A   24315.82486899  .00000889  00000-0  19820-3 0  9994,2 39634  98.1819 320.8149 0001336  89.0189 271.1164 14.59199032564974
2024-11-10T21:26:33.237600+00:00,1 39634U 14016A   24315.89344025  .00000962  00000-0  21372-3 0  9992,2 39634  98.1819 320.8825 0001333  89.0980 271.0373 14.59199626564959
2024-11-11T04:01:31.497888+00:00,1 39634U 14016A   24316.16772567  .00000950  00000-0  21120-3 0  9997,2 39634  98.1819 321.1528 0001332  89.1543 270.9810 14.59200176565024
2024-11-11T10:36:29.779776+00:00,1 39634U 14016A   24316.44201134  .00000888  00000-0  19806-3 0  9993,2 39634  98.1819 321.4231 0001331  89.2082 270.9270 14.59200328565069
2024-11-11T13:53:58.914240+00:00,1 39634U 14016A   24316.57915410  .00000847  00000-0  18931-3 0  9999,2 39634  98.1819 321.5583 0001332  88.9692 271.1660 14.59200368565053
2024-11-11T18:50:12.600384+00:00,1 39634U 14016A   24316.78486806  .00000837  00000-0  18733-3 0  9993,2 39634  98.1818 321.7610 0001331  89.1809 270.9543 14.59200716565118
2024-11-12T03:03:55.407168+00:00,1 39634U 14016A   24317.12772462  .00000838  00000-0  18747-3 0  9994,2 39634  98.1818 322.0989 0001325  89.3204 270.8147 14.59201189565164
2024-11-12T11:17:38.215680+00:00,1 39634U 14016A   24317.47058120  .00000813  00000-0  18208-3 0  9995,2 39634  98.1818 322.4368 0001324  88.6779 271.4572 14.59201689565217
2024-11-12T12:56:22.779456+00:00,1 39634U 14016A   24317.53915254  .00000828  00000-0  18539-3 0  9995,2 39634  98.1818 322.5044 0001324  88.7009 271.4343 14.59201876565197
2024-11-12T19:31:21.000864+00:00,1 39634U 14016A   24317.81343751  .00000816  00000-0  18275-3 0  9997,2 39634  98.1817 322.7747 0001323  89.2129 270.9222 14.59202367565260
2024-11-12T22:48:50.116320+00:00,1 39634U 14016A   24317.95058005  .00000724  00000-0  16328-3 0  9992,2 39634  98.1817 322.9098 0001319  89.1664 270.9687 14.59202120565250
2024-11-13T00:27:34.673184+00:00,1 39634U 14016A   24318.01915131  .00000709  00000-0  16004-3 0  9996,2 39634  98.1817 322.9774 0001321  89.2791 270.8560 14.59202198565294
2024-11-13T11:58:46.793280+00:00,1 39634U 14016A   24318.49915270  .00000758  00000-0  17053-3 0  9991,2 39634  98.1818 323.4504 0001323  88.3920 271.7431 14.59196621565366
2024-11-13T13:37:31.382112+00:00,1 39634U 14016A   24318.56772433  .00000717  00000-0  16186-3 0  9992,2 39634  98.1818 323.5180 0001325  88.3417 271.7935 14.59196474565343
2024-11-13T15:16:15.962304+00:00,1 39634U 14016A   24318.63629586  .00000715  00000-0  16132-3 0  9999,2 39634  98.1818 323.5855 0001329  88.3144 271.8208 14.59196565565382
2024-11-13T18:33:45.101088+00:00,1 39634U 14016A   24318.77343867  .00000705  00000-0  15920-3 0  9992,2 39634  98.1817 323.7208 0001312  88.9320 271.2030 14.59196992565379
2024-11-13T23:29:58.827840+00:00,1 39634U 14016A   24318.97915310  .00000695  00000-0  15722-3 0  9990,2 39634  98.1816 323.9235 0001308  88.9675 271.1675 14.59197333565439
2024-11-14T11:01:10.864128+00:00,1 39634U 14016A   24319.45915352  .00000653  00000-0  14812-3 0  9993,2 39634  98.1816 324.3965 0001312  89.3596 270.7754 14.59197872565505
2024-11-14T14:18:40.007232+00:00,1 39634U 14016A   24319.59629638  .00000628  00000-0  14299-3 0  9998,2 39634  98.1816 324.5317 0001312  89.2780 270.8570 14.59197975565491
2024-11-14T14:18:40.007232+00:00,1 39634U 14016A   24319.59629638  .00000628  00000-0  14299-3 0  9998,2 39634  98.1816 324.5317 0001312  89.2780 270.8570 14.59197975565525
2024-11-15T01:49:52.013280+00:00,1 39634U 14016A   24320.07629645  .00000577  00000-0  13208-3 0  9993,2 39634  98.1815 325.0046 0001310  89.2232 270.9118 14.59198452565596
2024-11-15T11:42:19.430496+00:00,1 39634U 14016A   24320.48772489  .00000536  00000-0  12334-3 0  9997,2 39634  98.1815 325.4101 0001313  89.3790 270.7560 14.59198869565653
2024-11-15T13:21:03.995136+00:00,1 39634U 14016A   24320.55629624  .00000554  00000-0  12728-3 0  9994,2 39634  98.1814 325.4776 0001314  89.3932 270.7419 14.59199078565633
2024-11-15T19:56:02.267520+00:00,1 39634U 14016A   24320.83058180  .00000542  00000-0  12472-3 0  9991,2 39634  98.1814 325.7479 0001313  89.3752 270.7598 14.59199388565705
2024-11-15T23:13:31.396800+00:00,1 39634U 14016A   24320.96772450  .00000552  00000-0  12685-3 0  9995,2 39634  98.1814 325.8831 0001309  89.2337 270.9012 14.59199659565693
2024-11-16T02:31:00.526080+00:00,1 39634U 14016A   24321.10486720  .00000567  00000-0  12996-3 0  9995,2 39634  98.1814 326.0182 0001311  89.3093 270.8257 14.59199895565746
2024-11-16T07:27:14.258880+00:00,1 39634U 14016A   24321.31058170  .00000459  00000-0  10712-3 0  9996,2 39634  98.1814 326.2209 0001313  89.2677 270.8673 14.59199500565742
2024-11-16T10:44:43.392480+00:00,1 39634U 14016A   24321.44772445  .00000443  00000-0  10364-3 0  9994,2 39634  98.1814 326.3561 0001310  89.2328 270.9022 14.59199616565796
2024-11-16T18:58:26.232096+00:00,1 39634U 14016A   24321.79058139  .00000398  00000-0  94131-4 0  9993,2 39634  98.1814 326.6939 0001309  89.0099 271.1250 14.59199740565849
2024-11-17T03:12:09.071712+00:00,1 39634U 14016A   24322.13343833  .00000332  00000-0  80203-4 0  9993,2 39634  98.1813 327.0318 0001311  89.2075 270.9275 14.59199788565894
2024-11-17T18:00:50.164704+00:00,1 39634U 14016A   24322.75058061  .00000315  00000-0  76570-4 0  9990,2 39634  98.1813 327.6399 0001314  88.8695 271.2655 14.59200348565986
2024-11-17T21:18:19.293984+00:00,1 39634U 14016A   24322.88772331  .00000305  00000-0  74378-4 0  9990,2 39634  98.1813 327.7751 0001310  88.5007 271.6343 14.59200389565971
2024-11-18T02:14:32.985312+00:00,1 39634U 14016A   24323.09343733  .00000299  00000-0  73135-4 0  9996,2 39634  98.1813 327.9778 0001308  88.3314 271.8035 14.59200537566031
2024-11-18T10:28:15.799872+00:00,1 39634U 14016A   24323.43629398  .00000291  00000-0  71377-4 0  9996,2 39634  98.1813 328.3156 0001312  89.0945 271.0405 14.59200794566082
2024-11-18T12:07:00.358464+00:00,1 39634U 14016A   24323.50486526  .00000305  00000-0  74387-4 0  9998,2 39634  98.1813 328.3832 0001312  89.2993 270.8357 14.59200922566062
2024-11-18T18:41:58.603200+00:00,1 39634U 14016A   24323.77915050  .00000334  00000-0  80532-4 0  9997,2 39634  98.1813 328.6535 0001311  89.2250 270.9100 14.59201196566139
2024-11-18T20:20:43.160928+00:00,1 39634U 14016A   24323.84772177  .00000352  00000-0  84453-4 0  9992,2 39634  98.1813 328.7211 0001309  89.2525 270.8825 14.59201328566111
2024-11-19T02:55:41.397888+00:00,1 39634U 14016A   24324.12200692  .00000381  00000-0  90577-4 0  9998,2 39634  98.1813 328.9914 0001309  89.4205 270.7144 14.59201669566188
2024-11-19T11:09:24.189120+00:00,1 39634U 14016A   24324.46486330  .00000417  00000-0  98118-4 0  9999,2 39634  98.1813 329.3292 0001313  89.2756 270.8594 14.59202152566230
2024-11-19T12:48:08.742528+00:00,1 39634U 14016A   24324.53343452  .00000413  00000-0  97353-4 0  9990,2 39634  98.1813 329.3968 0001311  89.2962 270.8388 14.59202219566210
2024-11-19T19:23:06.973440+00:00,1 39634U 14016A   24324.80771960  .00000403  00000-0  95204-4 0  9991,2 39634  98.1813 329.6670 0001310  88.7447 271.3903 14.59202411566284
2024-11-19T22:40:36.074208+00:00,1 39634U 14016A   24324.94486197  .00000480  00000-0  11148-3 0  9990,2 39634  98.1813 329.8022 0001307  88.7819 271.3530 14.59202993566276
2024-11-20T01:58:05.185344+00:00,1 39634U 14016A   24325.08200446  .00000463  00000-0  10797-3 0  9997,2 39634  98.1813 329.9373 0001307  89.0769 271.0580 14.59203065566323
2024-11-20T05:15:34.308576+00:00,1 39634U 14016A   24325.21914709  .00000386  00000-0  91593-4 0  9994,2 39634  98.1813 330.0724 0001307  89.1709 270.9640 14.59202758566346
2024-11-20T13:29:17.212128+00:00,1 39634U 14016A   24325.56200477  .00000376  00000-0  89424-4 0  9991,2 39634  98.1815 330.4098 0001365  86.2584 273.8772 14.59199859566366
2024-11-20T13:29:17.212128+00:00,1 39634U 14016A   24325.56200477  .00000376  00000-0  89424-4 0  9991,2 39634  98.1815 330.4098 0001365  86.2584 273.8772 14.59199859566399
2024-11-20T21:43:00.022368+00:00,1 39634U 14016A   24325.90486137  .00000378  00000-0  89785-4 0  9990,2 39634  98.1813 330.7481 0001298  89.6477 270.4871 14.59200134566414
2024-11-21T02:39:13.712832+00:00,1 39634U 14016A   24326.11057538  .00000378  00000-0  89978-4 0  9997,2 39634  98.1813 330.9509 0001298  90.4169 269.7179 14.59200447566470
2024-11-21T14:10:25.658400+00:00,1 39634U 14016A   24326.59057475  .00000409  00000-0  96492-4 0  9993,2 39634  98.1813 331.4238 0001296  90.2654 269.8694 14.59200990566511
2024-11-21T19:06:39.346272+00:00,1 39634U 14016A   24326.79628873  .00000377  00000-0  89760-4 0  9995,2 39634  98.1813 331.6265 0001297  90.4751 269.6597 14.59201126566572
2024-11-21T20:45:23.899680+00:00,1 39634U 14016A   24326.86485995  .00000555  00000-0  12736-3 0  9995,2 39634  98.1813 331.6941 0001291  90.4678 269.6670 14.59201695566556
2024-11-22T03:20:22.140096+00:00,1 39634U 14016A   24327.13914514  .00000559  00000-0  12825-3 0  9993,2 39634  98.1814 331.9643 0001290  90.6840 269.4507 14.59202017566625
2024-11-22T11:34:04.933056+00:00,1 39634U 14016A   24327.48200154  .00000576  00000-0  13195-3 0  9999,2 39634  98.1814 332.3022 0001288  90.1700 269.9647 14.59202465566670
2024-11-22T13:12:49.500288+00:00,1 39634U 14016A   24327.55057292  .00000540  00000-0  12428-3 0  9999,2 39634  98.1814 332.3698 0001287  90.1016 270.0331 14.59202312566650
2024-11-22T18:09:03.173472+00:00,1 39634U 14016A   24327.75628673  .00000545  00000-0  12529-3 0  9995,2 39634  98.1813 332.5725 0001285  89.9880 270.1467 14.59202530566715
2024-11-22T23:05:16.826784+00:00,1 39634U 14016A   24327.96200031  .00000634  00000-0  14416-3 0  9998,2 39634  98.1813 332.7752 0001282  89.8587 270.2760 14.59203287566714
2024-11-23T02:22:45.936192+00:00,1 39634U 14016A   24328.09914278  .00000638  00000-0  14500-3 0  9996,2 39634  98.1813 332.9103 0001283  89.9744 270.1603 14.59203457566762
2024-11-23T05:40:15.053376+00:00,1 39634U 14016A   24328.23628534  .00000598  00000-0  13646-3 0  9994,2 39634  98.1814 333.0454 0001284  90.3641 269.7706 14.59203347566785
2024-11-23T12:15:13.461408+00:00,1 39634U 14016A   24328.51057247  .00000560  00000-0  12859-3 0  9996,2 39634  98.1813 333.3159 0001267  90.8580 269.2764 14.59197531566794
2024-11-23T18:50:11.776992+00:00,1 39634U 14016A   24328.78485853  .00000562  00000-0  12889-3 0  9998,2 39634  98.1814 333.5861 0001271  89.2861 270.8484 14.59197698566865
2024-11-23T22:07:40.922688+00:00,1 39634U 14016A   24328.92200142  .00000594  00000-0  13563-3 0  9995,2 39634  98.1814 333.7212 0001269  89.1421 270.9924 14.59198069566857
2024-11-24T03:03:54.643392+00:00,1 39634U 14016A   24329.12771578  .00000609  00000-0  13883-3 0  9996,2 39634  98.1814 333.9239 0001271  89.5520 270.5825 14.59198340566910
2024-11-24T09:38:52.933056+00:00,1 39634U 14016A   24329.40200154  .00000592  00000-0  13519-3 0  9991,2 39634  98.1813 334.1942 0001276  89.7410 270.3936 14.59198598566958
2024-11-24T11:17:37.505472+00:00,1 39634U 14016A   24329.47057298  .00000612  00000-0  13959-3 0  9998,2 39634  98.1813 334.2618 0001275  89.6833 270.4512 14.59198796566935
2024-11-24T17:52:35.792544+00:00,1 39634U 14016A   24329.74485871  .00000566  00000-0  12986-3 0  9997,2 39634  98.1813 334.5320 0001275  89.7060 270.4286 14.59199040567001
2024-11-24T21:10:04.926144+00:00,1 39634U 14016A   24329.88200146  .00000615  00000-0  14022-3 0  9990,2 39634  98.1813 334.6671 0001272  89.8410 270.2936 14.59199402566997
2024-11-25T02:06:18.633024+00:00,1 39634U 14016A   24330.08771566  .00000615  00000-0  14024-3 0  9995,2 39634  98.1813 334.8699 0001273  89.9858 270.1487 14.59199653567053
2024-11-25T11:58:46.008768+00:00,1 39634U 14016A   24330.49914362  .00000672  00000-0  15220-3 0  9995,2 39634  98.1813 335.2753 0001272  90.1301 270.0044 14.59200571567112
2024-11-25T13:37:30.586368+00:00,1 39634U 14016A   24330.56771512  .00000662  00000-0  15020-3 0  9998,2 39634  98.1813 335.3428 0001272  90.1176 270.0170 14.59200556567092
2024-11-25T16:54:59.716512+00:00,1 39634U 14016A   24330.70485783  .00000663  00000-0  15033-3 0  9991,2 39634  98.1812 335.4780 0001273  90.0859 270.0486 14.59200721567141
2024-11-25T21:51:13.394016+00:00,1 39634U 14016A   24330.91057169  .00000724  00000-0  16327-3 0  9992,2 39634  98.1812 335.6807 0001272  90.1746 269.9599 14.59201369567149
2024-11-26T02:47:27.082752+00:00,1 39634U 14016A   24331.11628568  .00000679  00000-0  15379-3 0  9997,2 39634  98.1812 335.8834 0001272  90.2029 269.9317 14.59201519567208
2024-11-26T11:01:09.877440+00:00,1 39634U 14016A   24331.45914210  .00000677  00000-0  15336-3 0  9997,2 39634  98.1812 336.2212 0001275  90.2907 269.8439 14.59202003567259
2024-11-26T19:14:52.676448+00:00,1 39634U 14016A   24331.80199857  .00000658  00000-0  14936-3 0  9992,2 39634  98.1811 336.5590 0001273  90.2142 269.9204 14.59202333567302
2024-11-26T20:53:37.228992+00:00,1 39634U 14016A   24331.87056978  .00000663  00000-0  15029-3 0  9995,2 39634  98.1811 336.6266 0001272  90.1322 270.0023 14.59202474567286
2024-11-27T01:49:50.900448+00:00,1 39634U 14016A   24332.07628357  .00000646  00000-0  14676-3 0  9992,2 39634  98.1811 336.8293 0001271  90.0329 270.1016 14.59202702567347
2024-11-27T11:42:18.427392+00:00,1 39634U 14016A   24332.48771328  .00000741  00000-0  16692-3 0  9990,2 39634  98.1810 337.2346 0001274  88.3943 271.7402 14.59197185567372
2024-11-27T11:42:18.427392+00:00,1 39634U 14016A   24332.48771328  .00000741  00000-0  16692-3 0  9990,2 39634  98.1810 337.2346 0001274  88.3943 271.7402 14.59197185567406
2024-11-27T19:56:01.317120+00:00,1 39634U 14016A   24332.83057080  .00000768  00000-0  17267-3 0  9999,2 39634  98.1811 337.5724 0001287  88.5230 271.6117 14.59197681567453
2024-11-27T21:34:45.886080+00:00,1 39634U 14016A   24332.89914220  .00000690  00000-0  15597-3 0  9991,2 39634  98.1810 337.6401 0001271  88.9080 271.2265 14.59197512567436
2024-11-28T02:30:59.608512+00:00,1 39634U 14016A   24333.10485658  .00000726  00000-0  16371-3 0  9995,2 39634  98.1809 337.8429 0001267  89.0321 271.1024 14.59197887567494
2024-11-28T10:44:42.470592+00:00,1 39634U 14016A   24333.44771378  .00000857  00000-0  19147-3 0  9998,2 39634  98.1810 338.1807 0001267  88.7958 271.3387 14.59199104567546
2024-11-28T12:23:27.045600+00:00,1 39634U 14016A   24333.51628525  .00000807  00000-0  18081-3 0  9992,2 39634  98.1809 338.2483 0001268  88.8263 271.3082 14.59199211567525
2024-11-28T18:58:25.328352+00:00,1 39634U 14016A   24333.79057093  .00000756  00000-0  17015-3 0  9997,2 39634  98.1809 338.5185 0001268  88.9399 271.1946 14.59199514567598
2024-11-28T20:37:09.899040+00:00,1 39634U 14016A   24333.85914235  .00000694  00000-0  15698-3 0  9990,2 39634  98.1809 338.5861 0001266  88.9921 271.1423 14.59199215567574
2024-11-29T03:12:08.172288+00:00,1 39634U 14016A   24334.13342792  .00000697  00000-0  15754-3 0  9991,2 39634  98.1809 338.8564 0001265  89.1159 271.0186 14.59199640567647
2024-11-29T09:47:06.438624+00:00,1 39634U 14016A   24334.40771341  .00000762  00000-0  17126-3 0  9995,2 39634  98.1809 339.1266 0001269  89.2074 270.9271 14.59200370567681
2024-11-29T13:04:35.558400+00:00,1 39634U 14016A   24334.54485600  .00000723  00000-0  16303-3 0  9993,2 39634  98.1809 339.2618 0001268  89.2204 270.9141 14.59200425567673
2024-11-29T19:39:33.811776+00:00,1 39634U 14016A   24334.81914134  .00000719  00000-0  16230-3 0  9996,2 39634  98.1808 339.5320 0001268  89.1241 271.0104 14.59200826567749
2024-11-29T22:57:02.937600+00:00,1 39634U 14016A   24334.95628400  .00000735  00000-0  16563-3 0  9996,2 39634  98.1808 339.6671 0001266  88.7446 271.3898 14.59201048567738
2024-11-30T02:14:32.068608+00:00,1 39634U 14016A   24335.09342672  .00000692  00000-0  15639-3 0  9991,2 39634  98.1808 339.8023 0001270  88.7198 271.4147 14.59201084567783
2024-11-30T07:10:45.748704+00:00,1 39634U 14016A   24335.29914061  .00000720  00000-0  16244-3 0  9995,2 39634  98.1808 340.0050 0001271  88.7503 271.3842 14.59201602567819
2024-11-30T12:06:59.552352+00:00,1 39634U 14016A   24335.50485593  .00000655  00000-0  14860-3 0  9991,2 39634  98.1808 340.2076 0001298  88.6549 271.4799 14.59198130567810
2024-11-30T18:41:57.834240+00:00,1 39634U 14016A   24335.77914160  .00000651  00000-0  14777-3 0  9990,2 39634  98.1808 340.4779 0001267  88.7844 271.3501 14.59198527567851
2024-11-30T18:41:57.834240+00:00,1 39634U 14016A   24335.77914160  .00000651  00000-0  14777-3 0  9990,2 39634  98.1808 340.4779 0001267  88.7844 271.3501 14.59198527567884
2024-12-01T11:09:23.514336+00:00,1 39634U 14016A   24336.46485549  .00000761  00000-0  17111-3 0  9998,2 39634  98.1807 341.1535 0001268  88.8177 271.3168 14.59199865567988
2024-12-01T12:48:08.080704+00:00,1 39634U 14016A   24336.53342686  .00000784  00000-0  17596-3 0  9992,2 39634  98.1807 341.2211 0001267  88.6632 271.4713 14.59200103567966
2024-12-01T17:44:21.778944+00:00,1 39634U 14016A   24336.73914096  .00000759  00000-0  17075-3 0  9998,2 39634  98.1807 341.4238 0001267  88.7255 271.4090 14.59200371568022
2024-12-01T21:01:50.905632+00:00,1 39634U 14016A   24336.87628363  .00000737  00000-0  16603-3 0  9994,2 39634  98.1807 341.5589 0001263  88.8670 271.2674 14.59200430568011
2024-12-02T03:36:49.159008+00:00,1 39634U 14016A   24337.15056897  .00000722  00000-0  16275-3 0  9992,2 39634  98.1807 341.8292 0001263  88.9570 271.1774 14.59200833568089
2024-12-02T11:50:31.967520+00:00,1 39634U 14016A   24337.49342555  .00000729  00000-0  16433-3 0  9991,2 39634  98.1807 342.1670 0001265  88.9849 271.1496 14.59201466568101
2024-12-02T11:50:31.967520+00:00,1 39634U 14016A   24337.49342555  .00000729  00000-0  16433-3 0  9991,2 39634  98.1807 342.1670 0001265  88.9849 271.1496 14.59201466568134
2024-12-02T18:25:30.211392+00:00,1 39634U 14016A   24337.76771078  .00000664  00000-0  15062-3 0  9992,2 39634  98.1807 342.4372 0001265  89.2713 270.8631 14.59201518568179
2024-12-02T21:42:59.323392+00:00,1 39634U 14016A   24337.90485328  .00000649  00000-0  14741-3 0  9994,2 39634  98.1807 342.5724 0001265  89.3146 270.8199 14.59201680568160
2024-12-03T02:39:12.995712+00:00,1 39634U 14016A   24338.11056708  .00000640  00000-0  14553-3 0  9996,2 39634  98.1807 342.7751 0001263  89.4297 270.7047 14.59201970568228
2024-12-03T10:52:55.767072+00:00,1 39634U 14016A   24338.45342323  .00000658  00000-0  14925-3 0  9996,2 39634  98.1807 343.1129 0001264  89.4943 270.6402 14.59202651568277
2024-12-03T14:10:24.880800+00:00,1 39634U 14016A   24338.59056575  .00000631  00000-0  14354-3 0  9999,2 39634  98.1807 343.2480 0001263  89.4541 270.6803 14.59202695568263
2024-12-03T19:06:38.542752+00:00,1 39634U 14016A   24338.79627943  .00000620  00000-0  14129-3 0  9992,2 39634  98.1807 343.4507 0001263  89.3055 270.8289 14.59202961568293
2024-12-03T19:06:38.542752+00:00,1 39634U 14016A   24338.79627943  .00000620  00000-0  14129-3 0  9992,2 39634  98.1807 343.4507 0001263  89.3055 270.8289 14.59202961568327
2024-12-04T03:20:21.295968+00:00,1 39634U 14016A   24339.13913537  .00000637  00000-0  14482-3 0  9998,2 39634  98.1807 343.7885 0001265  89.4715 270.6629 14.59203626568375
2024-12-04T08:16:34.958784+00:00,1 39634U 14016A   24339.34484906  .00000593  00000-0  13542-3 0  9991,2 39634  98.1808 343.9912 0001268  89.2002 270.9343 14.59203694568404
2024-12-04T14:51:33.352128+00:00,1 39634U 14016A   24339.61913602  .00000563  00000-0  12918-3 0  9994,2 39634  98.1810 344.2609 0001356  84.2307 275.9047 14.59198927568414
2024-12-04T19:47:47.005440+00:00,1 39634U 14016A   24339.82484960  .00000557  00000-0  12778-3 0  9994,2 39634  98.1807 344.4641 0001268  89.4342 270.7003 14.59199730568470
2024-12-04T23:05:16.123488+00:00,1 39634U 14016A   24339.96199217  .00000584  00000-0  13352-3 0  9996,2 39634  98.1807 344.5993 0001263  89.6199 270.5145 14.59200179568462
2024-12-05T02:22:45.254496+00:00,1 39634U 14016A   24340.09913489  .00000580  00000-0  13267-3 0  9998,2 39634  98.1807 344.7344 0001263  89.8145 270.3199 14.59200264568515
2024-12-05T10:36:28.078560+00:00,1 39634U 14016A   24340.44199165  .00000713  00000-0  16099-3 0  9998,2 39634  98.1807 345.0723 0001269  89.2818 270.8527 14.59200995568563
2024-12-05T13:53:57.202656+00:00,1 39634U 14016A   24340.57913429  .00000668  00000-0  15146-3 0  9990,2 39634  98.1807 345.2074 0001265  89.4368 270.6977 14.59200917568552
2024-12-05T20:28:55.449984+00:00,1 39634U 14016A   24340.85341956  .00000662  00000-0  15018-3 0  9993,2 39634  98.1808 345.4776 0001263  89.0809 271.0536 14.59201290568627
2024-12-05T22:07:40.007712+00:00,1 39634U 14016A   24340.92199083  .00000593  00000-0  13548-3 0  9992,2 39634  98.1807 345.5452 0001263  89.2519 270.8826 14.59201201568607
2024-12-06T03:03:53.684352+00:00,1 39634U 14016A   24341.12770468  .00000586  00000-0  13402-3 0  9998,2 39634  98.1808 345.7479 0001261  89.5762 270.5582 14.59201491568663
2024-12-06T11:17:36.476448+00:00,1 39634U 14016A   24341.47056107  .00000613  00000-0  13981-3 0  9996,2 39634  98.1808 346.0857 0001264  89.6803 270.4541 14.59202144568713
2024-12-06T14:35:05.590176+00:00,1 39634U 14016A   24341.60770359  .00000600  00000-0  13704-3 0  9992,2 39634  98.1808 346.2208 0001264  89.6565 270.4779 14.59202257568707
2024-12-06T19:31:19.260768+00:00,1 39634U 14016A   24341.81341737  .00000577  00000-0  13215-3 0  9999,2 39634  98.1808 346.4235 0001261  89.5898 270.5446 14.59202468568766
2024-12-06T22:48:48.366720+00:00,1 39634U 14016A   24341.95055980  .00000556  00000-0  12757-3 0  9993,2 39634  98.1808 346.5586 0001258  89.5405 270.5939 14.59202563568758
2024-12-07T02:06:17.476992+00:00,1 39634U 14016A   24342.08770228  .00000552  00000-0  12677-3 0  9994,2 39634  98.1808 346.6938 0001259  89.6387 270.4957 14.59202723568804
2024-12-07T10:20:00.447072+00:00,1 39634U 14016A   24342.43056073  .00000586  00000-0  13397-3 0  9995,2 39634  98.1807 347.0314 0001245  87.8360 272.2983 14.59197060568853
2024-12-07T13:37:29.600544+00:00,1 39634U 14016A   24342.56770371  .00000607  00000-0  13837-3 0  9996,2 39634  98.1808 347.1666 0001250  88.0660 272.0683 14.59197186568840
2024-12-07T18:33:43.335936+00:00,1 39634U 14016A   24342.77341824  .00000606  00000-0  13827-3 0  9994,2 39634  98.1808 347.3693 0001252  88.5504 271.5839 14.59197337568908
2024-12-07T21:51:12.484224+00:00,1 39634U 14016A   24342.91056116  .00000591  00000-0  13509-3 0  9997,2 39634  98.1808 347.5045 0001245  88.6924 271.4418 14.59197515568898
2024-12-08T02:47:26.210976+00:00,1 39634U 14016A   24343.11627559  .00000588  00000-0  13452-3 0  9998,2 39634  98.1808 347.7072 0001245  89.0731 271.0611 14.59197778568950
2024-12-08T11:01:09.086880+00:00,1 39634U 14016A   24343.45913295  .00000588  00000-0  13451-3 0  9999,2 39634  98.1808 348.0450 0001251  89.3176 270.8167 14.59198233569004
2024-12-08T12:39:53.659296+00:00,1 39634U 14016A   24343.52770439  .00000583  00000-0  13336-3 0  9995,2 39634  98.1808 348.1125 0001251  89.3342 270.8001 14.59198301568988
2024-12-08T19:14:51.950688+00:00,1 39634U 14016A   24343.80199017  .00000583  00000-0  13334-3 0  9991,2 39634  98.1808 348.3828 0001251  89.1635 270.9708 14.59198641569054
2024-12-08T22:32:21.079968+00:00,1 39634U 14016A   24343.93913287  .00000665  00000-0  15080-3 0  9999,2 39634  98.1808 348.5179 0001246  89.0120 271.1222 14.59199098569047
2024-12-09T03:28:34.791168+00:00,1 39634U 14016A   24344.14484712  .00000663  00000-0  15043-3 0  9996,2 39634  98.1808 348.7206 0001251  89.1872 270.9470 14.59199364569106
2024-12-09T11:42:17.642880+00:00,1 39634U 14016A   24344.48770420  .00000666  00000-0  15091-3 0  9993,2 39634  98.1808 349.0584 0001251  89.2363 270.8980 14.59199830569153
2024-12-09T13:21:02.210112+00:00,1 39634U 14016A   24344.55627558  .00000657  00000-0  14908-3 0  9990,2 39634  98.1808 349.1260 0001251  89.2342 270.9001 14.59199874569133
2024-12-09T19:56:00.477312+00:00,1 39634U 14016A   24344.83056108  .00000659  00000-0  14954-3 0  9991,2 39634  98.1808 349.3962 0001248  89.4329 270.7014 14.59200233569209
2024-12-09T21:34:45.032448+00:00,1 39634U 14016A   24344.89913232  .00000683  00000-0  15448-3 0  9993,2 39634  98.1808 349.4638 0001247  89.5523 270.5820 14.59200499569180
2024-12-10T04:09:43.295328+00:00,1 39634U 14016A   24345.17341777  .00000627  00000-0  14262-3 0  9995,2 39634  98.1808 349.7340 0001248  89.6483 270.4860 14.59200690569254
2024-12-10T10:44:41.557344+00:00,1 39634U 14016A   24345.44770321  .00000610  00000-0  13899-3 0  9993,2 39634  98.1808 350.0043 0001249  89.5552 270.5791 14.59200936569297
2024-12-10T12:23:26.127168+00:00,1 39634U 14016A   24345.51627462  .00000563  00000-0  12914-3 0  9992,2 39634  98.1808 350.0718 0001249  89.5830 270.5513 14.59200745569273
2024-12-10T18:58:24.377088+00:00,1 39634U 14016A   24345.79055992  .00000575  00000-0  13169-3 0  9991,2 39634  98.1808 350.3421 0001248  89.0281 271.1061 14.59201100569340
2024-12-10T22:15:53.497728+00:00,1 39634U 14016A   24345.92770252  .00000527  00000-0  12149-3 0  9993,2 39634  98.1807 350.4772 0001246  88.9428 271.1914 14.59201054569332
2024-12-11T03:12:07.184736+00:00,1 39634U 14016A   24346.13341649  .00000517  00000-0  11940-3 0  9998,2 39634  98.1807 350.6799 0001250  88.8431 271.2912 14.59201249569392
2024-12-11T13:04:34.569120+00:00,1 39634U 14016A   24346.54484455  .00000422  00000-0  99303-4 0  9991,2 39634  98.1807 351.0853 0001250  89.6486 270.4857 14.59201356569429
2024-12-11T13:04:34.569120+00:00,1 39634U 14016A   24346.54484455  .00000422  00000-0  99303-4 0  9991,2 39634  98.1807 351.0853 0001250  89.6486 270.4857 14.59201356569452
2024-12-12T03:53:15.744192+00:00,1 39634U 14016A   24347.16198778  .00000386  00000-0  91642-4 0  9997,2 39634  98.1807 351.6932 0001263  88.9610 271.1734 14.59199675569543
2024-12-12T08:49:29.445888+00:00,1 39634U 14016A   24347.36770192  .00000394  00000-0  93356-4 0  9998,2 39634  98.1807 351.8959 0001263  88.9481 271.1863 14.59199919569577
2024-12-12T13:45:43.143264+00:00,1 39634U 14016A   24347.57341601  .00000321  00000-0  77843-4 0  9993,2 39634  98.1806 352.0986 0001262  89.1163 271.0181 14.59199904569574
2024-12-12T18:41:56.840640+00:00,1 39634U 14016A   24347.77913010  .00000318  00000-0  77075-4 0  9997,2 39634  98.1806 352.3013 0001257  89.1219 271.0125 14.59200043569636
2024-12-12T21:59:25.964736+00:00,1 39634U 14016A   24347.91627274  .00000308  00000-0  74976-4 0  9993,2 39634  98.1806 352.4364 0001255  89.1366 270.9977 14.59200163569622
2024-12-13T02:55:39.655200+00:00,1 39634U 14016A   24348.12198675  .00000302  00000-0  73838-4 0  9995,2 39634  98.1806 352.6391 0001253  89.4965 270.6378 14.59200343569688
2024-12-13T11:09:22.714272+00:00,1 39634U 14016A   24348.46484623  .00000309  00000-0  75196-4 0  9999,2 39634  98.1805 352.9776 0001245  88.2105 271.9237 14.59192220569706
2024-12-13T11:09:22.714272+00:00,1 39634U 14016A   24348.46484623  .00000309  00000-0  75196-4 0  9999,2 39634  98.1805 352.9776 0001245  88.2105 271.9237 14.59192220569739
2024-12-13T17:44:20.907168+00:00,1 39634U 14016A   24348.73913087  .00000323  00000-0  78201-4 0  9996,2 39634  98.1804 353.2474 0001237  90.8665 269.2676 14.59200034569772
2024-12-14T03:36:48.270816+00:00,1 39634U 14016A   24349.15055869  .00000311  00000-0  75745-4 0  9995,2 39634  98.1805 353.6527 0001225  90.5301 269.6039 14.59200907569830
2024-12-14T11:50:31.081056+00:00,1 39634U 14016A   24349.49341529  .00000319  00000-0  77287-4 0  9994,2 39634  98.1805 353.9903 0001250  90.3987 269.7356 14.59201487569889
2024-12-14T13:29:15.636192+00:00,1 39634U 14016A   24349.56198653  .00000331  00000-0  79967-4 0  9991,2 39634  98.1805 354.0579 0001257  90.2138 269.9206 14.59201700569866
2024-12-14T18:25:29.309376+00:00,1 39634U 14016A   24349.76770034  .00000332  00000-0  80077-4 0  9997,2 39634  98.1805 354.2605 0001264  89.7261 270.4083 14.59201997569921
2024-12-14T20:04:13.859328+00:00,1 39634U 14016A   24349.83627152  .00000353  00000-0  84526-4 0  9993,2 39634  98.1805 354.3281 0001261  89.9026 270.2318 14.59202199569902
2024-12-15T02:39:12.080736+00:00,1 39634U 14016A   24350.11055649  .00000353  00000-0  84506-4 0  9990,2 39634  98.1805 354.5984 0001244  89.8628 270.2714 14.59202499569972
2024-12-15T10:52:54.847776+00:00,1 39634U 14016A   24350.45341259  .00000600  00000-0  13704-3 0  9998,2 39634  98.1805 354.9362 0001255  89.9357 270.1986 14.59203458570022
2024-12-15T12:31:39.403776+00:00,1 39634U 14016A   24350.52198384  .00000578  00000-0  13235-3 0  9998,2 39634  98.1805 355.0038 0001253  89.9456 270.1887 14.59203419570007
2024-12-15T19:06:37.614816+00:00,1 39634U 14016A   24350.79626869  .00000581  00000-0  13292-3 0  9998,2 39634  98.1805 355.2740 0001252  89.9089 270.2254 14.59203728570079
2024-12-15T20:45:22.163904+00:00,1 39634U 14016A   24350.86483986  .00000588  00000-0  13443-3 0  9992,2 39634  98.1805 355.3416 0001252  89.9314 270.2030 14.59203868570056
2024-12-16T03:20:20.368032+00:00,1 39634U 14016A   24351.13912463  .00000590  00000-0  13492-3 0  9997,2 39634  98.1805 355.6118 0001254  90.1187 270.0156 14.59204208570126
2024-12-16T11:34:03.141120+00:00,1 39634U 14016A   24351.48198080  .00000509  00000-0  11765-3 0  9997,2 39634  98.1805 355.9496 0001258  89.2790 270.8554 14.59204200570178
2024-12-16T13:12:47.685888+00:00,1 39634U 14016A   24351.55055192  .00000536  00000-0  12338-3 0  9998,2 39634  98.1805 356.0172 0001257  89.3096 270.8248 14.59204431570154
2024-12-16T19:47:45.882240+00:00,1 39634U 14016A   24351.82483660  .00000503  00000-0  11640-3 0  9992,2 39634  98.1805 356.2874 0001252  89.6230 270.5113 14.59204628570227
2024-12-16T21:26:30.432192+00:00,1 39634U 14016A   24351.89340778  .00000496  00000-0  11489-3 0  9993,2 39634  98.1805 356.3550 0001251  89.7797 270.3546 14.59204665570204
2024-12-17T04:01:28.623360+00:00,1 39634U 14016A   24352.16769240  .00000501  00000-0  11589-3 0  9991,2 39634  98.1805 356.6252 0001251  89.7410 270.3933 14.59204960570273
2024-12-17T10:36:26.805024+00:00,1 39634U 14016A   24352.44197691  .00000475  00000-0  11048-3 0  9997,2 39634  98.1805 356.8955 0001255  89.7059 270.4284 14.59205144570318
2024-12-17T13:53:55.894560+00:00,1 39634U 14016A   24352.57911915  .00000483  00000-0  11224-3 0  9999,2 39634  98.1805 357.0306 0001255  89.7307 270.4036 14.59205344570303
2024-12-17T17:11:24.984096+00:00,1 39634U 14016A   24352.71626139  .00000491  00000-0  11379-3 0  9996,2 39634  98.1805 357.1657 0001254  89.7170 270.4173 14.59205491570350
2024-12-17T22:07:38.615808+00:00,1 39634U 14016A   24352.92197472  .00000519  00000-0  11976-3 0  9996,2 39634  98.1805 357.3684 0001251  89.9649 270.1694 14.59205878570356
2024-12-17T23:46:23.157984+00:00,1 39634U 14016A   24352.99054581  .00000522  00000-0  12034-3 0  9996,2 39634  98.1805 357.4360 0001250  90.0743 270.0600 14.59205966570360
2024-12-17T23:46:23.157984+00:00,1 39634U 14016A   24352.99054581  .00000522  00000-0  12034-3 0  9996,2 39634  98.1805 357.4360 0001250  90.0743 270.0600 14.59205966570393
2024-12-18T21:10:02.646912+00:00,1 39634U 14016A   24353.88197508  .00000494  00000-0  11452-3 0  9993,2 39634  98.1806 358.3142 0001251  90.1811 269.9532 14.59198466570522
2024-12-19T03:45:00.937440+00:00,1 39634U 14016A   24354.15626085  .00000496  00000-0  11488-3 0  9992,2 39634  98.1806 358.5845 0001253  90.2016 269.9327 14.59198754570560
2024-12-19T07:02:30.086592+00:00,1 39634U 14016A   24354.29340378  .00000442  00000-0  10345-3 0  9997,2 39634  98.1806 358.7196 0001254  89.7711 270.3633 14.59198592570552
2024-12-19T10:19:59.231424+00:00,1 39634U 14016A   24354.43054666  .00000440  00000-0  10313-3 0  9998,2 39634  98.1806 358.8547 0001252  89.7625 270.3718 14.59198721570609
2024-12-19T13:37:28.377120+00:00,1 39634U 14016A   24354.56768955  .00000415  00000-0  97770-4 0  9990,2 39634  98.1806 358.9898 0001252  89.8334 270.3009 14.59198694570597
2024-12-19T20:12:26.661600+00:00,1 39634U 14016A   24354.84197525  .00000413  00000-0  97273-4 0  9996,2 39634  98.1806 359.2601 0001249  89.9164 270.2178 14.59198930570668
2024-12-19T23:29:55.797792+00:00,1 39634U 14016A   24354.97911803  .00000420  00000-0  98770-4 0  9994,2 39634  98.1806 359.3952 0001244  89.9175 270.2167 14.59199132570657
2024-12-20T02:47:24.934848+00:00,1 39634U 14016A   24355.11626082  .00000418  00000-0  98407-4 0  9997,2 39634  98.1807 359.5303 0001243  90.0480 270.0862 14.59199279570709
2024-12-20T11:01:07.764960+00:00,1 39634U 14016A   24355.45911765  .00000423  00000-0  99425-4 0  9996,2 39634  98.1807 359.8682 0001247  90.2771 269.8572 14.59199700570759
2024-12-20T12:39:52.338240+00:00,1 39634U 14016A   24355.52768910  .00000399  00000-0  94343-4 0  9992,2 39634  98.1807 359.9357 0001247  90.3047 269.8296 14.59199616570733
2024-12-20T17:36:06.040800+00:00,1 39634U 14016A   24355.73340325  .00000396  00000-0  93800-4 0  9995,2 39634  98.1807   0.1384 0001247  90.2844 269.8499 14.59199782570797
2024-12-20T22:32:19.730400+00:00,1 39634U 14016A   24355.93911725  .00000449  00000-0  10497-3 0  9994,2 39634  98.1807   0.3411 0001245  90.2124 269.9218 14.59200305570793
2024-12-21T03:28:33.426912+00:00,1 39634U 14016A   24356.14483133  .00000447  00000-0  10456-3 0  9998,2 39634  98.1807   0.5438 0001250  90.2766 269.8577 14.59200491570852
2024-12-21T06:46:02.581248+00:00,1 39634U 14016A   24356.28197432  .00000319  00000-0  77337-4 0  9997,2 39634  98.1807   0.6789 0001250  89.7912 270.3431 14.59200057570874
2024-12-21T13:21:00.860544+00:00,1 39634U 14016A   24356.55625996  .00000258  00000-0  64369-4 0  9991,2 39634  98.1807   0.9492 0001244  89.8025 270.3317 14.59200032570884
2024-12-21T18:17:14.588160+00:00,1 39634U 14016A   24356.76197440  .00000089  00000-0  28664-4 0  9992,2 39634  98.1807   1.1519 0001233  89.7781 270.3560 14.59199535570945
2024-12-21T23:13:28.324416+00:00,1 39634U 14016A   24356.96768894 -.00000051  00000-0 -10368-5 0  9995,2 39634  98.1807   1.3546 0001232  89.9288 270.2053 14.59199048570945
2024-12-22T02:30:57.464064+00:00,1 39634U 14016A   24357.10483176 -.00000085  00000-0 -84188-5 0  9997,2 39634  98.1805   1.4898 0001174  90.1394 269.9940 14.59198961570999
2024-12-22T10:44:40.337376+00:00,1 39634U 14016A   24357.44768909 -.00000213  00000-0 -35473-4 0  9999,2 39634  98.1805   1.8276 0001180  90.3668 269.7666 14.59198550571040
2024-12-22T12:23:24.908928+00:00,1 39634U 14016A   24357.51626052 -.00000206  00000-0 -34093-4 0  9998,2 39634  98.1804   1.8951 0001193  90.6701 269.4635 14.59198575571022
2024-12-22T18:58:23.178720+00:00,1 39634U 14016A   24357.79054605 -.00000144  00000-0 -20897-4 0  9995,2 39634  98.1804   2.1653 0001197  90.3503 269.7833 14.59198805571092
2024-12-22T20:37:07.747680+00:00,1 39634U 14016A   24357.85911745 -.00000122  00000-0 -16219-4 0  9998,2 39634  98.1805   2.2329 0001202  89.8338 270.2999 14.59198837571073
2024-12-23T03:12:06.015744+00:00,1 39634U 14016A   24358.13340296 -.00000059  00000-0 -28322-5 0  9995,2 39634  98.1805   2.5032 0001206  89.7184 270.4154 14.59199073571145
2024-12-23T11:25:48.818208+00:00,1 39634U 14016A   24358.47625947  .00000185  00000-0  49006-4 0  9990,2 39634  98.1807   2.8410 0001248  90.5979 269.5364 14.59200060571194
2024-12-23T13:04:33.382848+00:00,1 39634U 14016A   24358.54483082  .00000218  00000-0  55867-4 0  9999,2 39634  98.1807   2.9086 0001249  90.3179 269.8163 14.59200149571171
2024-12-23T19:39:31.619808+00:00,1 39634U 14016A   24358.81911597  .00000380  00000-0  90221-4 0  9999,2 39634  98.1808   3.1787 0001265  89.3395 270.7950 14.59200837571246
2024-12-24T02:14:29.849856+00:00,1 39634U 14016A   24359.09340104  .00000493  00000-0  11435-3 0  9994,2 39634  98.1807   3.4490 0001259  89.3709 270.7635 14.59201536571282
2024-12-24T10:28:12.641088+00:00,1 39634U 14016A   24359.43625742  .00000578  00000-0  13228-3 0  9992,2 39634  98.1808   3.7868 0001259  89.6745 270.4599 14.59202262571337
2024-12-24T13:45:41.757408+00:00,1 39634U 14016A   24359.57339997  .00000573  00000-0  13134-3 0  9992,2 39634  98.1807   3.9219 0001259  89.7092 270.4252 14.59202393571324
2024-12-24T18:41:55.428864+00:00,1 39634U 14016A   24359.77911376  .00000571  00000-0  13084-3 0  9993,2 39634  98.1807   4.1246 0001257  89.6560 270.4783 14.59202586571383
2024-12-24T21:59:24.538272+00:00,1 39634U 14016A   24359.91625623  .00000569  00000-0  13039-3 0  9993,2 39634  98.1807   4.2597 0001256  89.5164 270.6179 14.59202757571371
2024-12-25T11:09:21.121056+00:00,1 39634U 14016A   24360.46482779  .00000604  00000-0  13780-3 0  9991,2 39634  98.1808   4.8002 0001246  90.4251 269.7091 14.59198277571481
2024-12-25T14:26:50.277984+00:00,1 39634U 14016A   24360.60197081  .00000613  00000-0  13964-3 0  9990,2 39634  98.1807   4.9353 0001250  90.2192 269.9151 14.59198195571474
2024-12-25T14:26:50.277984+00:00,1 39634U 14016A   24360.60197081  .00000613  00000-0  13964-3 0  9990,2 39634  98.1807   4.9353 0001250  90.2192 269.9151 14.59198195571508
2024-12-26T01:58:02.288352+00:00,1 39634U 14016A   24361.08197093  .00000550  00000-0  12627-3 0  9991,2 39634  98.1806   5.4083 0001241  90.5525 269.5817 14.59198609571578
2024-12-26T06:54:16.009056+00:00,1 39634U 14016A   24361.28768529  .00000592  00000-0  13532-3 0  9993,2 39634  98.1807   5.6110 0001244  90.0537 270.0805 14.59199044571571
2024-12-26T11:50:29.717664+00:00,1 39634U 14016A   24361.49339951  .00000589  00000-0  13472-3 0  9998,2 39634  98.1806   5.8136 0001244  90.1607 269.9736 14.59199312571601
2024-12-26T11:50:29.717664+00:00,1 39634U 14016A   24361.49339951  .00000589  00000-0  13472-3 0  9998,2 39634  98.1806   5.8136 0001244  90.1607 269.9736 14.59199312571634
2024-12-26T20:04:12.555552+00:00,1 39634U 14016A   24361.83625643  .00000616  00000-0  14036-3 0  9990,2 39634  98.1806   6.1514 0001247  90.0757 270.0586 14.59199872571688
2024-12-26T21:42:57.124512+00:00,1 39634U 14016A   24361.90482783  .00000598  00000-0  13661-3 0  9996,2 39634  98.1806   6.2190 0001245  90.0560 270.0783 14.59199808571665
2024-12-27T02:39:10.821024+00:00,1 39634U 14016A   24362.11054191  .00000601  00000-0  13729-3 0  9998,2 39634  98.1806   6.4217 0001242  90.4148 269.7194 14.59200102571728
2024-12-27T12:31:38.213184+00:00,1 39634U 14016A   24362.52197006  .00000612  00000-0  13944-3 0  9997,2 39634  98.1805   6.8270 0001244  90.8177 269.3166 14.59200712571753
2024-12-27T19:06:36.462240+00:00,1 39634U 14016A   24362.79625535  .00000627  00000-0  14277-3 0  9995,2 39634  98.1805   7.0973 0001244  90.5545 269.5797 14.59201107571821
2024-12-27T22:24:05.583744+00:00,1 39634U 14016A   24362.93339796  .00000616  00000-0  14046-3 0  9994,2 39634  98.1805   7.2324 0001241  90.4951 269.6390 14.59201256571814
2024-12-28T03:20:19.268160+00:00,1 39634U 14016A   24363.13911190  .00000615  00000-0  14025-3 0  9997,2 39634  98.1805   7.4351 0001249  89.9529 270.1814 14.59201505571879
2024-12-28T06:37:48.401760+00:00,1 39634U 14016A   24363.27625465  .00000615  00000-0  14011-3 0  9994,2 39634  98.1805   7.5702 0001251  89.9742 270.1601 14.59201682571869
2024-12-28T06:37:48.401760+00:00,1 39634U 14016A   24363.27625465  .00000615  00000-0  14011-3 0  9994,2 39634  98.1805   7.5702 0001251  89.9742 270.1601 14.59201682571892
2024-12-29T10:36:26.165664+00:00,1 39634U 14016A   24364.44196951  .00000571  00000-0  13089-3 0  9992,2 39634  98.1805   8.7188 0001253  89.7656 270.3688 14.59199506572065
2024-12-29T13:53:55.297536+00:00,1 39634U 14016A   24364.57911224  .00000543  00000-0  12491-3 0  9999,2 39634  98.1805   8.8539 0001248  90.1643 269.9699 14.59199689572059
2024-12-29T18:50:08.994912+00:00,1 39634U 14016A   24364.78482633  .00000579  00000-0  13260-3 0  9993,2 39634  98.1805   9.0566 0001248  89.9163 270.2180 14.59200007572119
2024-12-29T22:07:38.119872+00:00,1 39634U 14016A   24364.92196898  .00000608  00000-0  13866-3 0  9999,2 39634  98.1805   9.1917 0001248  89.6605 270.4737 14.59200351572109
2024-12-30T03:03:51.808608+00:00,1 39634U 14016A   24365.12768297  .00000605  00000-0  13809-3 0  9994,2 39634  98.1805   9.3944 0001247  89.8995 270.2347 14.59200643572169
2024-12-30T08:00:05.493888+00:00,1 39634U 14016A   24365.33339692  .00000756  00000-0  17015-3 0  9990,2 39634  98.1805   9.5971 0001248  90.0743 270.0600 14.59201619572194
2024-12-30T11:17:34.611936+00:00,1 39634U 14016A   24365.47053949  .00000757  00000-0  17016-3 0  9995,2 39634  98.1805   9.7322 0001247  90.2114 269.9229 14.59201852572215
2024-12-30T12:56:19.160160+00:00,1 39634U 14016A   24365.53911065  .00000804  00000-0  18028-3 0  9991,2 39634  98.1805   9.7998 0001247  90.2001 269.9342 14.59202246572190
2024-12-30T19:31:17.385024+00:00,1 39634U 14016A   24365.81339566  .00000821  00000-0  18386-3 0  9998,2 39634  98.1805  10.0700 0001247  90.2656 269.8687 14.59202742572262
2024-12-30T21:10:01.958304+00:00,1 39634U 14016A   24365.88196711  .00000699  00000-0  15799-3 0  9996,2 39634  98.1805  10.1375 0001247  90.2973 269.8369 14.59202152572243
