epoch,tle1,tle2
2024-01-01T14:19:48.169056+00:00,1 43437U 18039A   24001.59708529  .00000162  00000-0  85130-4 0  9994,2 43437  98.6209  70.8633 0001169  81.2732 278.8581 14.26744929296132
2024-01-01T19:22:45.727680+00:00,1 43437U 18039A   24001.80747370  .00000160  00000-0  83971-4 0  9994,2 43437  98.6208  71.0705 0001163  80.7105 279.4207 14.26745012296165
2024-01-01T19:22:45.727680+00:00,1 43437U 18039A   24001.80747370  .00000160  00000-0  83971-4 0  9994,2 43437  98.6208  71.0705 0001163  80.7105 279.4207 14.26745012296165
2024-01-02T03:47:41.654400+00:00,1 43437U 18039A   24002.15812100  .00000160  00000-0  84037-4 0  9991,2 43437  98.6208  71.4158 0001152  80.3504 279.7807 14.26745198296218
2024-01-02T18:56:34.318176+00:00,1 43437U 18039A   24002.78928609  .00000160  00000-0  84272-4 0  9993,2 43437  98.6207  72.0376 0001154  80.5448 279.5863 14.26745507296301
2024-01-03T03:21:30.236256+00:00,1 43437U 18039A   24003.13993329  .00000153  00000-0  81059-4 0  9996,2 43437  98.6207  72.3830 0001141  79.9686 280.1623 14.26745629296353
2024-01-03T05:02:29.421600+00:00,1 43437U 18039A   24003.21006275  .00000149  00000-0  79722-4 0  9999,2 43437  98.6207  72.4521 0001140  79.9640 280.1669 14.26745637296360
2024-01-03T18:30:22.889664+00:00,1 43437U 18039A   24003.77109826  .00000146  00000-0  78176-4 0  9995,2 43437  98.6207  73.0047 0001135  79.7467 280.3842 14.26745846296445
2024-01-04T04:36:17.987904+00:00,1 43437U 18039A   24004.19187486  .00000147  00000-0  78564-4 0  9992,2 43437  98.6206  73.4192 0001135  79.7482 280.3826 14.26746023296503
2024-01-04T04:36:17.987904+00:00,1 43437U 18039A   24004.19187486  .00000147  00000-0  78564-4 0  9992,2 43437  98.6206  73.4192 0001135  79.7482 280.3826 14.26746023296503
2024-01-05T04:10:07.051008+00:00,1 43437U 18039A   24005.17369272  .00000146  00000-0  78500-4 0  9995,2 43437  98.6205  74.3865 0001212  83.2014 276.9304 14.26736557296644
2024-01-05T04:10:07.051008+00:00,1 43437U 18039A   24005.17369272  .00000146  00000-0  78500-4 0  9995,2 43437  98.6205  74.3865 0001212  83.2014 276.9304 14.26736557296644
2024-01-05T19:19:00.075936+00:00,1 43437U 18039A   24005.80486199  .00000138  00000-0  75040-4 0  9990,2 43437  98.6206  75.0082 0001157  82.2234 277.9078 14.26736188296734
2024-01-06T03:43:56.191008+00:00,1 43437U 18039A   24006.15551147  .00000143  00000-0  76957-4 0  9999,2 43437  98.6204  75.3537 0001147  79.3381 280.7929 14.26736428296788
2024-01-06T18:52:49.196928+00:00,1 43437U 18039A   24006.78668052  .00000147  00000-0  78625-4 0  9990,2 43437  98.6204  75.9754 0001137  79.8042 280.3267 14.26736674296877
2024-01-06T18:52:49.196928+00:00,1 43437U 18039A   24006.78668052  .00000147  00000-0  78625-4 0  9990,2 43437  98.6204  75.9754 0001137  79.8042 280.3267 14.26736674296877
2024-01-07T03:17:45.309408+00:00,1 43437U 18039A   24007.13732997  .00000124  00000-0  69439-4 0  9998,2 43437  98.6203  76.3207 0001128  79.0907 281.0400 14.26736711296921
2024-01-07T18:26:38.311872+00:00,1 43437U 18039A   24007.76849898  .00000110  00000-0  63412-4 0  9996,2 43437  98.6202  76.9423 0001123  79.0163 281.1143 14.26736901297012
2024-01-08T02:51:34.413984+00:00,1 43437U 18039A   24008.11914831  .00000109  00000-0  63226-4 0  9997,2 43437  98.6201  77.2877 0001101  78.3753 281.7551 14.26736986297068
2024-01-08T14:38:28.947264+00:00,1 43437U 18039A   24008.61005726  .00000138  00000-0  74922-4 0  9993,2 43437  98.6201  77.7711 0001085  78.0769 282.0533 14.26737292297138
2024-01-08T19:41:26.603520+00:00,1 43437U 18039A   24008.82044680  .00000145  00000-0  78004-4 0  9991,2 43437  98.6200  77.9783 0001082  77.7609 282.3693 14.26737392297168
2024-01-09T04:06:22.691808+00:00,1 43437U 18039A   24009.17109597  .00000153  00000-0  81336-4 0  9990,2 43437  98.6199  78.3236 0001059  77.4032 282.7267 14.26737575297214
2024-01-09T04:06:22.691808+00:00,1 43437U 18039A   24009.17109597  .00000153  00000-0  81336-4 0  9990,2 43437  98.6199  78.3236 0001059  77.4032 282.7267 14.26737575297214
2024-01-09T19:15:15.642432+00:00,1 43437U 18039A   24009.80226438  .00000184  00000-0  93912-4 0  9991,2 43437  98.6198  78.9453 0001057  77.7836 282.3463 14.26738011297303
2024-01-10T03:40:11.722944+00:00,1 43437U 18039A   24010.15291346  .00000185  00000-0  94572-4 0  9995,2 43437  98.6197  79.2907 0001043  77.3191 282.8106 14.26738173297358
2024-01-10T18:49:04.657152+00:00,1 43437U 18039A   24010.78408168  .00000204  00000-0  10219-3 0  9993,2 43437  98.6196  79.9124 0001033  77.2409 282.8887 14.26738561297442
2024-01-11T04:54:59.933376+00:00,1 43437U 18039A   24011.20486034  .00000225  00000-0  11082-3 0  9991,2 43437  98.6196  80.3268 0001021  76.9678 283.1616 14.26738891297505
2024-01-11T18:22:53.627808+00:00,1 43437U 18039A   24011.76589847  .00000246  00000-0  11947-3 0  9991,2 43437  98.6195  80.8794 0001018  76.5281 283.6012 14.26739295297587
2024-01-12T02:47:49.683264+00:00,1 43437U 18039A   24012.11654726  .00000249  00000-0  12078-3 0  9999,2 43437  98.6194  81.2247 0001011  76.4887 283.6406 14.26739492297630
2024-01-12T14:34:44.152608+00:00,1 43437U 18039A   24012.60745547  .00000269  00000-0  12932-3 0  9996,2 43437  98.6193  81.7082 0001005  76.1336 283.9956 14.26739880297702
2024-01-12T19:37:41.778624+00:00,1 43437U 18039A   24012.81784466  .00000268  00000-0  12868-3 0  9999,2 43437  98.6192  81.9154 0000996  75.8283 284.3008 14.26739977297731
2024-01-13T04:02:37.820256+00:00,1 43437U 18039A   24013.16849329  .00000265  00000-0  12750-3 0  9995,2 43437  98.6192  82.2607 0000994  76.4227 283.7064 14.26740174297782
2024-01-13T14:08:33.055872+00:00,1 43437U 18039A   24013.58927148  .00000298  00000-0  14094-3 0  9996,2 43437  98.6191  82.6752 0000996  76.9654 283.1638 14.26740639297841
2024-01-14T10:20:23.508960+00:00,1 43437U 18039A   24014.43082765  .00000296  00000-0  14018-3 0  9992,2 43437  98.6190  83.5040 0000989  77.6560 282.4731 14.26741184297961
2024-01-14T13:42:21.915072+00:00,1 43437U 18039A   24014.57108698  .00000307  00000-0  14503-3 0  9993,2 43437  98.6190  83.6422 0000989  77.7082 282.4209 14.26741349297981
2024-01-14T22:07:17.930784+00:00,1 43437U 18039A   24014.92173531  .00000312  00000-0  14684-3 0  9996,2 43437  98.6190  83.9876 0000993  77.5961 282.5330 14.26741588298034
2024-01-15T03:10:15.534336+00:00,1 43437U 18039A   24015.13212424  .00000312  00000-0  14690-3 0  9992,2 43437  98.6189  84.1948 0000990  77.6888 282.4403 14.26741744298068
2024-01-15T18:19:08.345856+00:00,1 43437U 18039A   24015.76329104  .00000284  00000-0  13531-3 0  9996,2 43437  98.6189  84.8164 0000982  77.5709 282.5582 14.26741992298151
2024-01-15T18:19:08.345856+00:00,1 43437U 18039A   24015.76329104  .00000284  00000-0  13531-3 0  9996,2 43437  98.6189  84.8164 0000982  77.5709 282.5582 14.26741992298151
2024-01-16T14:30:58.716864+00:00,1 43437U 18039A   24016.60484626  .00000275  00000-0  13158-3 0  9996,2 43437  98.6188  85.6452 0000959  78.3432 281.7856 14.26742547298270
2024-01-16T19:33:56.311776+00:00,1 43437U 18039A   24016.81523509  .00000263  00000-0  12668-3 0  9995,2 43437  98.6187  85.8523 0000953  78.1745 281.9543 14.26742603298301
2024-01-16T19:33:56.311776+00:00,1 43437U 18039A   24016.81523509  .00000263  00000-0  12668-3 0  9995,2 43437  98.6187  85.8523 0000953  78.1745 281.9543 14.26742603298301
2024-01-17T03:58:52.284288+00:00,1 43437U 18039A   24017.16588292  .00000256  00000-0  12387-3 0  9994,2 43437  98.6187  86.1977 0000936  78.3121 281.8164 14.26742833298357
2024-01-17T19:07:45.266016+00:00,1 43437U 18039A   24017.79705169  .00000261  00000-0  12604-3 0  9995,2 43437  98.6269  86.8361 0001005 102.8392 257.2901 14.26734148298449
2024-01-18T03:32:41.620416+00:00,1 43437U 18039A   24018.14770394  .00000258  00000-0  12457-3 0  9999,2 43437  98.6313  87.1704 0001257  84.5023 275.6301 14.26733601298496
2024-01-18T03:32:41.620416+00:00,1 43437U 18039A   24018.14770394  .00000258  00000-0  12457-3 0  9999,2 43437  98.6313  87.1704 0001257  84.5023 275.6301 14.26733601298496
2024-01-18T18:41:34.877760+00:00,1 43437U 18039A   24018.77887590  .00000262  00000-0  12627-3 0  9999,2 43437  98.6326  87.7924 0000891  74.0011 286.1268 14.26729901298581
2024-01-19T04:47:30.376032+00:00,1 43437U 18039A   24019.19965713  .00000271  00000-0  12986-3 0  9998,2 43437  98.6326  88.2074 0000886  73.3586 286.7691 14.26730183298643
2024-01-19T14:53:25.868256+00:00,1 43437U 18039A   24019.62043829  .00000167  00000-0  87128-4 0  9996,2 43437  98.6326  88.6225 0000876  72.4067 287.7209 14.26730182298700
2024-01-19T18:15:24.360768+00:00,1 43437U 18039A   24019.76069862  .00000203  00000-0  10194-3 0  9995,2 43437  98.6326  88.7609 0000878  72.3384 287.7893 14.26730334298720
2024-01-20T07:43:18.333408+00:00,1 43437U 18039A   24020.32173997  .00000276  00000-0  13218-3 0  9994,2 43437  98.6324  89.3145 0000876  69.4576 290.6699 14.26730871298800
2024-01-20T07:43:18.333408+00:00,1 43437U 18039A   24020.32173997  .00000276  00000-0  13218-3 0  9994,2 43437  98.6324  89.3145 0000876  69.4576 290.6699 14.26730871298800
2024-01-20T19:30:13.048992+00:00,1 43437U 18039A   24020.81265103  .00000256  00000-0  12398-3 0  9995,2 43437  98.6323  89.7987 0000859  69.1587 290.9685 14.26731128298878
2024-01-21T03:55:09.265152+00:00,1 43437U 18039A   24021.16330168  .00000252  00000-0  12215-3 0  9992,2 43437  98.6322  90.1445 0000850  68.3569 291.7701 14.26731341298925
2024-01-21T19:04:02.445600+00:00,1 43437U 18039A   24021.79447275  .00000269  00000-0  12932-3 0  9993,2 43437  98.6321  90.7671 0000835  69.0972 291.0297 14.26731835299012
2024-01-21T19:04:02.445600+00:00,1 43437U 18039A   24021.79447275  .00000269  00000-0  12932-3 0  9993,2 43437  98.6321  90.7671 0000835  69.0972 291.0297 14.26731835299012
2024-01-22T03:28:58.653984+00:00,1 43437U 18039A   24022.14512331  .00000239  00000-0  11669-3 0  9992,2 43437  98.6321  91.1129 0000820  70.3148 289.8121 14.26731876299060
2024-01-22T18:37:51.813696+00:00,1 43437U 18039A   24022.77629414  .00000276  00000-0  13204-3 0  9990,2 43437  98.6320  91.7355 0000808  71.2457 288.8811 14.26732450299159
2024-01-23T03:02:48.011712+00:00,1 43437U 18039A   24023.12694458  .00000238  00000-0  11624-3 0  9992,2 43437  98.6319  92.0813 0000808  72.0752 288.0517 14.26732452299200
2024-01-23T04:43:47.250624+00:00,1 43437U 18039A   24023.19707466  .00000279  00000-0  13355-3 0  9991,2 43437  98.6319  92.1505 0000808  71.9467 288.1801 14.26732715299210
2024-01-23T18:11:41.150688+00:00,1 43437U 18039A   24023.75811517  .00000250  00000-0  12149-3 0  9995,2 43437  98.6318  92.7039 0000791  71.4730 288.6536 14.26732896299294
2024-01-24T04:17:36.565152+00:00,1 43437U 18039A   24024.17889543  .00000246  00000-0  11966-3 0  9997,2 43437  98.6317  93.1189 0000775  71.6990 288.4274 14.26733136299358
2024-01-24T04:17:36.565152+00:00,1 43437U 18039A   24024.17889543  .00000246  00000-0  11966-3 0  9997,2 43437  98.6317  93.1189 0000775  71.6990 288.4274 14.26733136299358
2024-01-24T19:26:29.673888+00:00,1 43437U 18039A   24024.81006567  .00000320  00000-0  15011-3 0  9993,2 43437  98.6315  93.7415 0000773  73.1812 286.9453 14.26733933299449
2024-01-25T03:51:25.839936+00:00,1 43437U 18039A   24025.16071574  .00000287  00000-0  13661-3 0  9993,2 43437  98.6314  94.0873 0000763  73.4821 286.6444 14.26733995299492
2024-01-25T19:00:18.927072+00:00,1 43437U 18039A   24025.79188573  .00000288  00000-0  13704-3 0  9999,2 43437  98.6313  94.7098 0000755  73.8795 286.2468 14.26734412299589
2024-01-25T19:00:18.927072+00:00,1 43437U 18039A   24025.79188573  .00000288  00000-0  13704-3 0  9999,2 43437  98.6313  94.7098 0000755  73.8795 286.2468 14.26734412299589
2024-01-26T03:25:15.076704+00:00,1 43437U 18039A   24026.14253561  .00000269  00000-0  12911-3 0  9997,2 43437  98.6312  95.0557 0000738  73.8055 286.3207 14.26734541299633
2024-01-27T02:59:04.312608+00:00,1 43437U 18039A   24027.12435547  .00000257  00000-0  12422-3 0  9996,2 43437  98.6310  96.0240 0000723  74.8575 285.2685 14.26734982299775
2024-01-27T04:40:03.543744+00:00,1 43437U 18039A   24027.19448546  .00000279  00000-0  13334-3 0  9993,2 43437  98.6310  96.0931 0000721  74.8199 285.3061 14.26735131299789
2024-01-27T18:07:57.366048+00:00,1 43437U 18039A   24027.75552507  .00000269  00000-0  12936-3 0  9994,2 43437  98.6309  96.6464 0000717  76.2580 283.8680 14.26735406299863
2024-01-28T04:13:52.721760+00:00,1 43437U 18039A   24028.17630465  .00000231  00000-0  11362-3 0  9992,2 43437  98.6307  97.0615 0000702  75.0119 285.1140 14.26735468299924
2024-01-28T14:19:48.077472+00:00,1 43437U 18039A   24028.59708423  .00000232  00000-0  11399-3 0  9999,2 43437  98.6307  97.4765 0000691  75.4579 284.6678 14.26735715299986
2024-01-28T19:22:45.752736+00:00,1 43437U 18039A   24028.80747399  .00000231  00000-0  11371-3 0  9997,2 43437  98.6307  97.6841 0000702  75.4038 284.7221 14.26735840300017
2024-01-29T03:47:41.875584+00:00,1 43437U 18039A   24029.15812356  .00000225  00000-0  11100-3 0  9995,2 43437  98.6306  98.0299 0000696  75.7907 284.3350 14.26736009300060
2024-01-30T03:21:30.995712+00:00,1 43437U 18039A   24030.13994208  .00000216  00000-0  10738-3 0  9998,2 43437  98.6304  98.9982 0000688  77.6634 282.4623 14.26736515300205
2024-01-30T05:02:30.214752+00:00,1 43437U 18039A   24030.21007193  .00000220  00000-0  10895-3 0  9994,2 43437  98.6304  99.0673 0000686  77.5471 282.5786 14.26736586300210
2024-01-30T18:30:23.986080+00:00,1 43437U 18039A   24030.77111095  .00000218  00000-0  10802-3 0  9997,2 43437  98.6304  99.6207 0000680  76.9950 283.1307 14.26736862300299
2024-01-31T04:36:19.314144+00:00,1 43437U 18039A   24031.19189021  .00000196  00000-0  98940-4 0  9993,2 43437  98.6303 100.0356 0000677  78.0235 282.1022 14.26736940300352
2024-01-31T04:36:19.314144+00:00,1 43437U 18039A   24031.19189021  .00000196  00000-0  98940-4 0  9993,2 43437  98.6303 100.0356 0000677  78.0235 282.1022 14.26736940300352
2024-02-01T02:29:09.163392+00:00,1 43437U 18039A   24032.10357828  .00000177  00000-0  91243-4 0  9995,2 43437  98.6301 100.9347 0000667  80.5601 279.5655 14.26737286300483
2024-02-01T14:16:04.214208+00:00,1 43437U 18039A   24032.59449322  .00000171  00000-0  88793-4 0  9999,2 43437  98.6311 101.4206 0000898  91.1061 269.0223 14.26729025300553
2024-02-01T14:16:04.214208+00:00,1 43437U 18039A   24032.59449322  .00000171  00000-0  88793-4 0  9999,2 43437  98.6311 101.4206 0000898  91.1061 269.0223 14.26729025300553
2024-02-02T03:43:58.116864+00:00,1 43437U 18039A   24033.15553376  .00000166  00000-0  86492-4 0  9995,2 43437  98.6300 101.9719 0000718  83.0234 277.1028 14.26731581300630
2024-02-02T18:52:51.318912+00:00,1 43437U 18039A   24033.78670508  .00000160  00000-0  84010-4 0  9999,2 43437  98.6300 102.5945 0000715  87.9127 272.2135 14.26731517300723
2024-02-02T18:52:51.318912+00:00,1 43437U 18039A   24033.78670508  .00000160  00000-0  84010-4 0  9999,2 43437  98.6300 102.5945 0000715  87.9127 272.2135 14.26731517300723
2024-02-03T04:58:46.770528+00:00,1 43437U 18039A   24034.20748577  .00000168  00000-0  87520-4 0  9996,2 43437  98.6298 103.0095 0000686  83.9441 276.1817 14.26731850300789
2024-02-03T18:26:40.706016+00:00,1 43437U 18039A   24034.76852669  .00000174  00000-0  89882-4 0  9995,2 43437  98.6298 103.5628 0000682  83.7811 276.3447 14.26732068300863
2024-02-04T02:51:36.894528+00:00,1 43437U 18039A   24035.11917702  .00000198  00000-0  99854-4 0  9991,2 43437  98.6298 103.9087 0000619  80.8753 279.2497 14.26732233300916
2024-02-04T14:38:31.572960+00:00,1 43437U 18039A   24035.61008765  .00000215  00000-0  10702-3 0  9990,2 43437  98.6297 104.3928 0000617  83.1443 276.9808 14.26732607300986
2024-02-04T19:41:29.287968+00:00,1 43437U 18039A   24035.82047787  .00000213  00000-0  10593-3 0  9996,2 43437  98.6296 104.6002 0000604  82.4455 277.6794 14.26732686301016
2024-02-05T04:06:25.484256+00:00,1 43437U 18039A   24036.17112829  .00000182  00000-0  93416-4 0  9996,2 43437  98.6295 104.9460 0000598  83.5773 276.5475 14.26732696301063
2024-02-05T14:12:20.906496+00:00,1 43437U 18039A   24036.59190864  .00000202  00000-0  10157-3 0  9990,2 43437  98.6295 105.3610 0000581  85.5279 274.5968 14.26733007301129
2024-02-05T17:34:19.375680+00:00,1 43437U 18039A   24036.73216870  .00000218  00000-0  10824-3 0  9990,2 43437  98.6294 105.4992 0000588  85.5153 274.6095 14.26733170301145
2024-02-06T03:40:14.797920+00:00,1 43437U 18039A   24037.15294905  .00000204  00000-0  10246-3 0  9995,2 43437  98.6293 105.9141 0000581  86.7022 273.4225 14.26733284301201
2024-02-06T18:49:07.910976+00:00,1 43437U 18039A   24037.78411934  .00000218  00000-0  10809-3 0  9997,2 43437  98.6292 106.5365 0000571  88.1432 271.9814 14.26733666301295
2024-02-06T18:49:07.910976+00:00,1 43437U 18039A   24037.78411934  .00000218  00000-0  10809-3 0  9997,2 43437  98.6292 106.5365 0000571  88.1432 271.9814 14.26733666301295
2024-02-07T09:58:01.023168+00:00,1 43437U 18039A   24038.41528962  .00000235  00000-0  11518-3 0  9995,2 43437  98.6291 107.1590 0000586  91.9009 268.2239 14.26734028301382
2024-02-07T21:44:55.644576+00:00,1 43437U 18039A   24038.90619959  .00000251  00000-0  12184-3 0  9994,2 43437  98.6289 107.6431 0000586  93.3245 266.8003 14.26734367301453
2024-02-08T04:28:52.574304+00:00,1 43437U 18039A   24039.18671961  .00000247  00000-0  12021-3 0  9991,2 43437  98.6289 107.9197 0000592  94.0731 266.0517 14.26734497301490
2024-02-08T14:34:47.956800+00:00,1 43437U 18039A   24039.60749950  .00000281  00000-0  13434-3 0  9999,2 43437  98.6288 108.3346 0000591  95.2992 264.8256 14.26734907301550
2024-02-08T19:37:45.640704+00:00,1 43437U 18039A   24039.81788936  .00000285  00000-0  13599-3 0  9995,2 43437  98.6287 108.5420 0000592  95.6721 264.4527 14.26735052301581
2024-02-09T04:02:41.786016+00:00,1 43437U 18039A   24040.16853919  .00000275  00000-0  13160-3 0  9992,2 43437  98.6286 108.8877 0000596  96.8507 263.2742 14.26735202301637
2024-02-09T19:11:34.830816+00:00,1 43437U 18039A   24040.79970869  .00000287  00000-0  13673-3 0  9997,2 43437  98.6284 109.5100 0000615  98.3231 261.8020 14.26735667301723
2024-02-10T03:36:30.967488+00:00,1 43437U 18039A   24041.15035842  .00000273  00000-0  13066-3 0  9992,2 43437  98.6283 109.8558 0000618  99.2800 260.8450 14.26735784301778
2024-02-10T15:23:25.526688+00:00,1 43437U 18039A   24041.64126767  .00000358  00000-0  16583-3 0  9994,2 43437  98.6283 110.3398 0000629 100.3203 259.8049 14.26736605301843
2024-02-11T04:51:19.503648+00:00,1 43437U 18039A   24042.20230907  .00000288  00000-0  13700-3 0  9999,2 43437  98.6282 110.8928 0000570  98.8911 261.2334 14.26732227301927
2024-02-11T04:51:19.503648+00:00,1 43437U 18039A   24042.20230907  .00000288  00000-0  13700-3 0  9999,2 43437  98.6282 110.8928 0000570  98.8911 261.2334 14.26732227301927
2024-02-11T18:19:13.409760+00:00,1 43437U 18039A   24042.76334965  .00000318  00000-0  14956-3 0  9997,2 43437  98.6281 111.4460 0000576  98.6902 261.4344 14.26732834302005
2024-02-12T14:31:04.257696+00:00,1 43437U 18039A   24043.60491039  .00000339  00000-0  15793-3 0  9990,2 43437  98.6279 112.2759 0000580 100.6823 259.4423 14.26733517302120
2024-02-12T19:34:01.955424+00:00,1 43437U 18039A   24043.81530041  .00000391  00000-0  17953-3 0  9998,2 43437  98.6278 112.4833 0000571  97.9116 262.2129 14.26733849302153
2024-02-12T19:34:01.955424+00:00,1 43437U 18039A   24043.81530041  .00000391  00000-0  17953-3 0  9998,2 43437  98.6278 112.4833 0000571  97.9116 262.2129 14.26733849302153
2024-02-13T10:42:55.061568+00:00,1 43437U 18039A   24044.44647062  .00000360  00000-0  16695-3 0  9998,2 43437  98.6277 113.1056 0000583 100.2739 259.8507 14.26734244302241
2024-02-13T22:29:49.676064+00:00,1 43437U 18039A   24044.93738051  .00000414  00000-0  18922-3 0  9996,2 43437  98.6276 113.5895 0000611 102.4116 257.7133 14.26734936302318
2024-02-14T03:32:47.363424+00:00,1 43437U 18039A   24045.14777041  .00000412  00000-0  18829-3 0  9996,2 43437  98.6276 113.7968 0000613 102.9487 257.1762 14.26735124302344
2024-02-14T10:16:44.274144+00:00,1 43437U 18039A   24045.42829021  .00000374  00000-0  17248-3 0  9994,2 43437  98.6275 114.0735 0000638 105.5587 254.5664 14.26735149302389
2024-02-14T22:03:38.888640+00:00,1 43437U 18039A   24045.91920010  .00000335  00000-0  15664-3 0  9995,2 43437  98.6274 114.5575 0000642 105.8961 254.2290 14.26735322302452
2024-02-15T04:47:35.802816+00:00,1 43437U 18039A   24046.19971994  .00000308  00000-0  14537-3 0  9991,2 43437  98.6274 114.8340 0000643 106.4250 253.7001 14.26735371302496
2024-02-15T04:47:35.802816+00:00,1 43437U 18039A   24046.19971994  .00000308  00000-0  14537-3 0  9991,2 43437  98.6274 114.8340 0000643 106.4250 253.7001 14.26735371302496
2024-02-15T21:37:28.073568+00:00,1 43437U 18039A   24046.90101937  .00000280  00000-0  13359-3 0  9992,2 43437  98.6273 115.5256 0000643 106.1732 253.9519 14.26735698302590
2024-02-16T11:05:21.860448+00:00,1 43437U 18039A   24047.46205857  .00000287  00000-0  13654-3 0  9995,2 43437  98.6272 116.0788 0000638 107.1540 252.9711 14.26736166302670
2024-02-16T14:27:20.312352+00:00,1 43437U 18039A   24047.60231843  .00000253  00000-0  12259-3 0  9998,2 43437  98.6271 116.2170 0000639 107.7174 252.4076 14.26736086302698
2024-02-16T19:30:17.981568+00:00,1 43437U 18039A   24047.81270812  .00000249  00000-0  12092-3 0  9990,2 43437  98.6271 116.4244 0000640 107.9992 252.1258 14.26736203302728
2024-02-17T10:39:10.980576+00:00,1 43437U 18039A   24048.44387709  .00000264  00000-0  12694-3 0  9999,2 43437  98.6270 117.0467 0000643 109.5511 250.5739 14.26736707302814
2024-02-17T19:04:07.082688+00:00,1 43437U 18039A   24048.79452642  .00000253  00000-0  12277-3 0  9991,2 43437  98.6268 117.3923 0000656 110.1008 250.0243 14.26736914302864
2024-02-17T22:26:05.520768+00:00,1 43437U 18039A   24048.93478612  .00000253  00000-0  12270-3 0  9995,2 43437  98.6268 117.5306 0000663 110.5000 249.6251 14.26737011302889
2024-02-18T10:13:00.050592+00:00,1 43437U 18039A   24049.42569503  .00000280  00000-0  13360-3 0  9991,2 43437  98.6267 118.0146 0000673 111.5192 248.6060 14.26737498302954
2024-02-18T21:59:54.576096+00:00,1 43437U 18039A   24049.91660389  .00000259  00000-0  12488-3 0  9995,2 43437  98.6266 118.4985 0000685 112.3979 247.7274 14.26737698303021
2024-02-19T03:02:52.229760+00:00,1 43437U 18039A   24050.12699340  .00000257  00000-0  12420-3 0  9993,2 43437  98.6266 118.7059 0000694 112.6500 247.4754 14.26737825303054
2024-02-19T11:27:48.317184+00:00,1 43437U 18039A   24050.47764256  .00000262  00000-0  12621-3 0  9999,2 43437  98.6265 119.0516 0000708 112.8981 247.2275 14.26738050303109
2024-02-19T21:33:43.619328+00:00,1 43437U 18039A   24050.89842152  .00000216  00000-0  10732-3 0  9997,2 43437  98.6265 119.4664 0000697 113.7621 246.3632 14.26738007303160
2024-02-20T04:17:40.479936+00:00,1 43437U 18039A   24051.17894074  .00000213  00000-0  10601-3 0  9991,2 43437  98.6264 119.7430 0000700 114.2940 245.8313 14.26738169303202
2024-02-20T14:23:35.767392+00:00,1 43437U 18039A   24051.59971953  .00000221  00000-0  10948-3 0  9992,2 43437  98.6264 120.1578 0000707 115.1046 245.0207 14.26738462303261
2024-02-20T19:26:33.406368+00:00,1 43437U 18039A   24051.81010887  .00000224  00000-0  11076-3 0  9993,2 43437  98.6263 120.3652 0000716 115.1519 244.9736 14.26738601303293
2024-02-21T10:35:26.324160+00:00,1 43437U 18039A   24052.44127690  .00000203  00000-0  10190-3 0  9997,2 43437  98.6261 120.9873 0000734 116.1162 244.0094 14.26738851303382
2024-02-21T10:35:26.324160+00:00,1 43437U 18039A   24052.44127690  .00000203  00000-0  10190-3 0  9997,2 43437  98.6261 120.9873 0000734 116.1162 244.0094 14.26738851303382
2024-02-21T19:00:22.389120+00:00,1 43437U 18039A   24052.79192580  .00000177  00000-0  90968-4 0  9997,2 43437  98.6260 121.3330 0000733 116.6541 243.4714 14.26738887303436
2024-02-22T10:09:15.286176+00:00,1 43437U 18039A   24053.42309359  .00000182  00000-0  93071-4 0  9996,2 43437  98.6259 121.9552 0000740 117.6875 242.4381 14.26739235303522
2024-02-22T18:34:11.338176+00:00,1 43437U 18039A   24053.77374234  .00000178  00000-0  91524-4 0  9994,2 43437  98.6258 122.3008 0000754 117.8021 242.3235 14.26739406303574
2024-02-22T18:34:11.338176+00:00,1 43437U 18039A   24053.77374234  .00000178  00000-0  91524-4 0  9994,2 43437  98.6258 122.3008 0000754 117.8021 242.3235 14.26739406303574
2024-02-23T11:24:03.428352+00:00,1 43437U 18039A   24054.47503968  .00000179  00000-0  92134-4 0  9999,2 43437  98.6257 122.9921 0000753 119.0488 241.0768 14.26739736303677
2024-02-23T21:29:58.671744+00:00,1 43437U 18039A   24054.89581796  .00000191  00000-0  97089-4 0  9998,2 43437  98.6256 123.4069 0000754 119.7283 240.3972 14.26740011303730
2024-02-24T04:13:55.497792+00:00,1 43437U 18039A   24055.17633678  .00000195  00000-0  98467-4 0  9992,2 43437  98.6256 123.6834 0000753 120.3047 239.8208 14.26740184303777
2024-02-24T14:19:50.736000+00:00,1 43437U 18039A   24055.59711500  .00000228  00000-0  11206-3 0  9991,2 43437  98.6255 124.0982 0000762 120.9007 239.2249 14.26740576303838
2024-02-25T10:31:41.196000+00:00,1 43437U 18039A   24056.43867125  .00000217  00000-0  10776-3 0  9999,2 43437  98.6254 124.9277 0000780 121.9154 238.2102 14.26740935303956
2024-02-25T10:31:41.196000+00:00,1 43437U 18039A   24056.43867125  .00000217  00000-0  10776-3 0  9999,2 43437  98.6254 124.9277 0000780 121.9154 238.2102 14.26740935303956
2024-02-25T18:56:37.206528+00:00,1 43437U 18039A   24056.78931952  .00000229  00000-0  11266-3 0  9995,2 43437  98.6252 125.2733 0000792 121.9671 238.1587 14.26741218304000
2024-02-26T03:21:33.487488+00:00,1 43437U 18039A   24057.13997092  .00000204  00000-0  10250-3 0  9997,2 43437  98.6250 125.6185 0000863 118.6875 241.4392 14.26733150304053
2024-02-26T18:30:26.618688+00:00,1 43437U 18039A   24057.77114142  .00000203  00000-0  10175-3 0  9999,2 43437  98.6250 126.2406 0000863 118.7977 241.3291 14.26733424304141
2024-02-26T18:30:26.618688+00:00,1 43437U 18039A   24057.77114142  .00000203  00000-0  10175-3 0  9999,2 43437  98.6250 126.2406 0000863 118.7977 241.3291 14.26733424304141
2024-02-27T14:42:17.472672+00:00,1 43437U 18039A   24058.61270223  .00000056  00000-0  41209-4 0  9995,2 43437  98.6247 127.0702 0000904 118.4189 241.7083 14.26733302304264
2024-02-27T19:45:15.181632+00:00,1 43437U 18039A   24058.82309238  .00000041  00000-0  35042-4 0  9999,2 43437  98.6247 127.2776 0000907 118.5413 241.5859 14.26733289304297
2024-02-27T21:26:14.419680+00:00,1 43437U 18039A   24058.89322245  .00000032  00000-0  31430-4 0  9996,2 43437  98.6247 127.3469 0000893 117.6915 242.4356 14.26733275304307
2024-02-28T10:54:08.293824+00:00,1 43437U 18039A   24059.45426266  .00000024  00000-0  27906-4 0  9991,2 43437  98.6248 127.8998 0000900 119.5823 240.5447 14.26733405304381
2024-02-28T19:19:04.451232+00:00,1 43437U 18039A   24059.80491263  .00000103  00000-0  60781-4 0  9995,2 43437  98.6246 128.2454 0000864 119.6325 240.4941 14.26733741304435
2024-02-29T03:44:00.618144+00:00,1 43437U 18039A   24060.15556271  .00000106  00000-0  61700-4 0  9991,2 43437  98.6246 128.5910 0000858 120.2025 239.9241 14.26733869304485
2024-02-29T10:27:57.553056+00:00,1 43437U 18039A   24060.43608279  .00000106  00000-0  61713-4 0  9992,2 43437  98.6246 128.8675 0000863 120.3697 239.7569 14.26733966304522
2024-02-29T22:14:52.177056+00:00,1 43437U 18039A   24060.92699279  .00000119  00000-0  67190-4 0  9995,2 43437  98.6244 129.3513 0000886 120.4408 239.6860 14.26734195304598
2024-03-01T10:01:46.801056+00:00,1 43437U 18039A   24061.41790279  .00000130  00000-0  71551-4 0  9991,2 43437  98.6243 129.8351 0000895 120.6156 239.5112 14.26734434304667
2024-03-01T10:01:46.801056+00:00,1 43437U 18039A   24061.41790279  .00000130  00000-0  71551-4 0  9991,2 43437  98.6243 129.8351 0000895 120.6156 239.5112 14.26734434304667
2024-03-01T18:26:42.952416+00:00,1 43437U 18039A   24061.76855269  .00000137  00000-0  74836-4 0  9996,2 43437  98.6242 130.1807 0000916 120.5197 239.6074 14.26734625304711
2024-03-02T04:32:38.331456+00:00,1 43437U 18039A   24062.18933254  .00000153  00000-0  81258-4 0  9998,2 43437  98.6242 130.5953 0000913 121.1115 239.0155 14.26734871304774
2024-03-02T19:41:31.388352+00:00,1 43437U 18039A   24062.82050218  .00000166  00000-0  86730-4 0  9993,2 43437  98.6240 131.2174 0000952 120.8358 239.2916 14.26735221304860
2024-03-02T19:41:31.388352+00:00,1 43437U 18039A   24062.82050218  .00000166  00000-0  86730-4 0  9993,2 43437  98.6240 131.2174 0000952 120.8358 239.2916 14.26735221304860
2024-03-03T10:50:24.435744+00:00,1 43437U 18039A   24063.45167171  .00000178  00000-0  91469-4 0  9998,2 43437  98.6239 131.8394 0000966 121.2033 238.9242 14.26735560304952
2024-03-03T19:15:20.572416+00:00,1 43437U 18039A   24063.80232144  .00000164  00000-0  85749-4 0  9999,2 43437  98.6238 132.1850 0000976 121.2340 238.8936 14.26735638305006
2024-03-04T03:40:16.649472+00:00,1 43437U 18039A   24064.15297048  .00000254  00000-0  12287-3 0  9998,2 43437  98.6237 132.5305 0000979 121.4373 238.6904 14.26736463305050
2024-03-04T03:40:16.649472+00:00,1 43437U 18039A   24064.15297048  .00000254  00000-0  12287-3 0  9998,2 43437  98.6237 132.5305 0000979 121.4373 238.6904 14.26736463305050
2024-03-04T22:11:08.160000+00:00,1 43437U 18039A   24064.92440000  .00000173  00000-0  89400-4 0  9993,2 43437  98.6236 133.2907 0000990 121.8510 238.2767 14.26736218305168
2024-03-05T04:55:05.045664+00:00,1 43437U 18039A   24065.20491951  .00000185  00000-0  94576-4 0  9999,2 43437  98.6235 133.5672 0000987 122.1418 237.9858 14.26736450305206
2024-03-05T18:22:58.828224+00:00,1 43437U 18039A   24065.76595866  .00000199  00000-0  10035-3 0  9992,2 43437  98.6234 134.1201 0001002 121.9640 238.1638 14.26736772305287
2024-03-06T04:28:54.156288+00:00,1 43437U 18039A   24066.18673792  .00000222  00000-0  10979-3 0  9998,2 43437  98.6233 134.5347 0001012 122.0425 238.0854 14.26737093305348
2024-03-06T19:37:47.128512+00:00,1 43437U 18039A   24066.81790658  .00000225  00000-0  11085-3 0  9991,2 43437  98.6232 135.1567 0001033 122.1786 237.9495 14.26737448305435
2024-03-07T14:08:38.529312+00:00,1 43437U 18039A   24067.58933483  .00000229  00000-0  11249-3 0  9997,2 43437  98.6230 135.9170 0001041 122.5824 237.5457 14.26737887305540
2024-03-08T01:55:33.045312+00:00,1 43437U 18039A   24068.08024358  .00000229  00000-0  11257-3 0  9994,2 43437  98.6229 136.4008 0001053 122.5013 237.6270 14.26738153305616
2024-03-08T10:20:29.124096+00:00,1 43437U 18039A   24068.43089264  .00000233  00000-0  11440-3 0  9999,2 43437  98.6229 136.7463 0001063 122.5640 237.5644 14.26738364305664
2024-03-08T22:07:23.630592+00:00,1 43437U 18039A   24068.92180128  .00000210  00000-0  10497-3 0  9990,2 43437  98.6227 137.2301 0001083 122.2950 237.8335 14.26738502305734
2024-03-09T03:10:21.274752+00:00,1 43437U 18039A   24069.13219068  .00000209  00000-0  10444-3 0  9990,2 43437  98.6227 137.4374 0001092 122.2709 237.8578 14.26738609305768
2024-03-09T09:54:18.122400+00:00,1 43437U 18039A   24069.41270975  .00000241  00000-0  11757-3 0  9999,2 43437  98.6226 137.7138 0001103 122.1282 238.0006 14.26738944305802
2024-03-10T04:25:09.464448+00:00,1 43437U 18039A   24070.18413732  .00000208  00000-0  10382-3 0  9991,2 43437  98.6225 138.4740 0001121 121.9999 238.1291 14.26739165305915
2024-03-10T11:09:06.323328+00:00,1 43437U 18039A   24070.46465652  .00000196  00000-0  98973-4 0  9999,2 43437  98.6224 138.7504 0001143 121.4627 238.6665 14.26739208305954
2024-03-10T19:34:02.378784+00:00,1 43437U 18039A   24070.81530531  .00000180  00000-0  92352-4 0  9995,2 43437  98.6223 139.0959 0001155 121.3282 238.8012 14.26739308306006
2024-03-11T03:58:58.433376+00:00,1 43437U 18039A   24071.16595409  .00000174  00000-0  89882-4 0  9996,2 43437  98.6223 139.4415 0001156 121.7330 238.3963 14.26739442306050
2024-03-12T03:32:47.361696+00:00,1 43437U 18039A   24072.14777039  .00000164  00000-0  85742-4 0  9996,2 43437  98.6221 140.4090 0001186 121.2166 238.9131 14.26739885306193
2024-03-12T22:03:38.651040+00:00,1 43437U 18039A   24072.91919735  .00000166  00000-0  86754-4 0  9998,2 43437  98.6220 141.1691 0001216 120.6413 239.4887 14.26740234306306
2024-03-13T04:47:35.477088+00:00,1 43437U 18039A   24073.19971617  .00000159  00000-0  83539-4 0  9996,2 43437  98.6219 141.4455 0001217 120.5693 239.5607 14.26740333306340
2024-03-13T11:31:32.306592+00:00,1 43437U 18039A   24073.48023503  .00000156  00000-0  82486-4 0  9997,2 43437  98.6219 141.7219 0001227 120.1404 239.9898 14.26740424306389
2024-03-14T04:21:24.358752+00:00,1 43437U 18039A   24074.18153193  .00000174  00000-0  89888-4 0  9997,2 43437  98.6217 142.4129 0001244 119.9206 240.2098 14.26740848306488
2024-03-14T19:30:17.193600+00:00,1 43437U 18039A   24074.81269900  .00000159  00000-0  83846-4 0  9992,2 43437  98.6215 143.0348 0001256 119.7145 240.4160 14.26741062306570
2024-03-14T19:30:17.193600+00:00,1 43437U 18039A   24074.81269900  .00000159  00000-0  83846-4 0  9992,2 43437  98.6215 143.0348 0001256 119.7145 240.4160 14.26741062306570
2024-03-15T03:55:13.204128+00:00,1 43437U 18039A   24075.16334727  .00000166  00000-0  86488-4 0  9994,2 43437  98.6214 143.3802 0001257 119.7220 240.4086 14.26741277306623
2024-03-16T03:29:02.027040+00:00,1 43437U 18039A   24076.14516235  .00000165  00000-0  86087-4 0  9993,2 43437  98.6212 144.3476 0001281 119.2165 240.9143 14.26741737306764
2024-03-16T03:29:02.027040+00:00,1 43437U 18039A   24076.14516235  .00000165  00000-0  86087-4 0  9993,2 43437  98.6212 144.3476 0001281 119.2165 240.9143 14.26741737306764
2024-03-16T18:37:54.836832+00:00,1 43437U 18039A   24076.77632913  .00000159  00000-0  83672-4 0  9994,2 43437  98.6211 144.9694 0001280 119.1636 240.9672 14.26741947306852
2024-03-17T04:43:50.032704+00:00,1 43437U 18039A   24077.19710686  .00000157  00000-0  82977-4 0  9990,2 43437  98.6211 145.3840 0001276 119.2398 240.8911 14.26742111306917
2024-03-17T18:11:43.623456+00:00,1 43437U 18039A   24077.75814379  .00000148  00000-0  79005-4 0  9994,2 43437  98.6210 145.9368 0001274 119.3542 240.7766 14.26742279306997
2024-03-18T04:17:38.813280+00:00,1 43437U 18039A   24078.17892145  .00000147  00000-0  78809-4 0  9998,2 43437  98.6208 146.3513 0001279 119.4758 240.6550 14.26742443307057
2024-03-19T03:51:27.561888+00:00,1 43437U 18039A   24079.16073567  .00000187  00000-0  95167-4 0  9997,2 43437  98.6205 147.3186 0001284 119.0413 241.0896 14.26743089307191
2024-03-20T03:25:16.271616+00:00,1 43437U 18039A   24080.14254944  .00000229  00000-0  11281-3 0  9998,2 43437  98.6203 148.2857 0001299 118.6476 241.4836 14.26743806307335
2024-03-20T15:12:10.620864+00:00,1 43437U 18039A   24080.63345626  .00000256  00000-0  12364-3 0  9993,2 43437  98.6202 148.7693 0001308 118.4195 241.7118 14.26744171307404
2024-03-20T15:12:10.620864+00:00,1 43437U 18039A   24080.63345626  .00000256  00000-0  12364-3 0  9993,2 43437  98.6202 148.7693 0001308 118.4195 241.7118 14.26744171307404
2024-03-21T11:24:01.458432+00:00,1 43437U 18039A   24081.47501688  .00000215  00000-0  10698-3 0  9991,2 43437  98.6205 149.5990 0001339 116.4218 243.7100 14.26736745307528
2024-03-21T14:45:59.909472+00:00,1 43437U 18039A   24081.61527673  .00000234  00000-0  11453-3 0  9990,2 43437  98.6202 149.7368 0001316 115.4377 244.6939 14.26736859307544
2024-03-21T21:29:56.820192+00:00,1 43437U 18039A   24081.89579653 -.00000027  00000-0  67259-5 0  9993,2 43437  98.6201 150.0130 0001332 114.8631 245.2688 14.26736397307588
2024-03-22T14:19:49.039968+00:00,1 43437U 18039A   24082.59709537 -.00000029  00000-0  59105-5 0  9990,2 43437  98.6200 150.7038 0001375 113.9913 246.1412 14.26736736307684
2024-03-22T19:22:46.695360+00:00,1 43437U 18039A   24082.80748490 -.00000030  00000-0  56724-5 0  9991,2 43437  98.6198 150.9111 0001374 114.0543 246.0781 14.26736853307716
2024-03-22T19:22:46.695360+00:00,1 43437U 18039A   24082.80748490 -.00000030  00000-0  56724-5 0  9991,2 43437  98.6198 150.9111 0001374 114.0543 246.0781 14.26736853307716
2024-03-23T13:53:38.098752+00:00,1 43437U 18039A   24083.57891318 -.00000025  00000-0  75209-5 0  9997,2 43437  98.6197 151.6710 0001398 113.7053 246.4274 14.26737224307822
2024-03-24T10:05:28.643424+00:00,1 43437U 18039A   24084.42047041 -.00000021  00000-0  92294-5 0  9997,2 43437  98.6197 152.5002 0001376 113.7250 246.4075 14.26738400307940
2024-03-24T10:05:28.643424+00:00,1 43437U 18039A   24084.42047041 -.00000021  00000-0  92294-5 0  9997,2 43437  98.6197 152.5002 0001376 113.7250 246.4075 14.26738400307940
2024-03-24T21:52:23.095488+00:00,1 43437U 18039A   24084.91137842  .00000012  00000-0  22781-4 0  9992,2 43437  98.6195 152.9838 0001433 113.6740 246.4591 14.26739254308016
2024-03-25T11:20:16.761408+00:00,1 43437U 18039A   24085.47241622 -.00000012  00000-0  12867-4 0  9991,2 43437  98.6195 153.5362 0001435 114.8932 245.2398 14.26739409308095
2024-03-25T14:42:15.181344+00:00,1 43437U 18039A   24085.61267571 -.00000006  00000-0  15497-4 0  9993,2 43437  98.6194 153.6744 0001446 114.6819 245.4512 14.26739499308115
2024-03-26T14:16:03.981792+00:00,1 43437U 18039A   24086.59449053 -.00000019  00000-0  10154-4 0  9997,2 43437  98.6194 154.6417 0001472 113.6602 246.4733 14.26741066308255
2024-03-26T19:19:01.580160+00:00,1 43437U 18039A   24086.80487940 -.00000020  00000-0  96818-5 0  9992,2 43437  98.6193 154.8489 0001494 112.8219 247.3119 14.26741244308283
2024-03-26T22:40:59.982816+00:00,1 43437U 18039A   24086.94513869 -.00000023  00000-0  83958-5 0  9991,2 43437  98.6191 154.9869 0001496 112.1778 247.9561 14.26741308308300
2024-03-27T03:43:57.583776+00:00,1 43437U 18039A   24087.15552759 -.00000022  00000-0  88940-5 0  9991,2 43437  98.6190 155.1942 0001483 112.0519 248.0820 14.26741397308333
2024-03-28T10:01:43.091904+00:00,1 43437U 18039A   24088.41785986 -.00000026  00000-0  73760-5 0  9999,2 43437  98.6188 156.4352 0001472 115.7488 244.3845 14.26742799308515
2024-03-28T10:01:43.091904+00:00,1 43437U 18039A   24088.41785986 -.00000026  00000-0  73760-5 0  9999,2 43437  98.6188 156.4352 0001472 115.7488 244.3845 14.26742799308515
2024-03-29T04:32:35.010240+00:00,1 43437U 18039A   24089.18929410 -.00000026  00000-0  74970-5 0  9990,2 43437  98.6348 157.1989 0001477 108.9868 251.1473 14.26728127308622
2024-03-29T11:16:32.017728+00:00,1 43437U 18039A   24089.46981502 -.00000026  00000-0  71261-5 0  9991,2 43437  98.6346 157.4756 0001512 108.5086 251.6259 14.26728976308666
2024-03-29T21:22:27.518592+00:00,1 43437U 18039A   24089.89059628 -.00000028  00000-0  66112-5 0  9994,2 43437  98.6355 157.8913 0001448 108.1769 251.9569 14.26729320308725
2024-03-30T10:50:21.505056+00:00,1 43437U 18039A   24090.45163779 -.00000032  00000-0  50124-5 0  9992,2 43437  98.6341 158.4447 0001425 102.6419 257.4921 14.26730034308801
2024-03-30T10:50:21.505056+00:00,1 43437U 18039A   24090.45163779 -.00000032  00000-0  50124-5 0  9992,2 43437  98.6341 158.4447 0001425 102.6419 257.4921 14.26730034308801
2024-03-30T22:37:16.256064+00:00,1 43437U 18039A   24090.94254926 -.00000034  00000-0  40822-5 0  9997,2 43437  98.6342 158.9291 0001405 103.1118 257.0219 14.26729905308872
2024-03-31T10:24:11.023488+00:00,1 43437U 18039A   24091.43346092 -.00000036  00000-0  32895-5 0  9991,2 43437  98.6343 159.4133 0001414 102.1449 257.9890 14.26729784308947
2024-03-31T18:49:07.280256+00:00,1 43437U 18039A   24091.78411204 -.00000272  00000-0 -94361-4 0  9995,2 43437  98.6351 159.7592 0001393 101.3228 258.8109 14.26729314308997
2024-03-31T22:11:05.786592+00:00,1 43437U 18039A   24091.92437253 -.00000248  00000-0 -84617-4 0  9999,2 43437  98.6350 159.8976 0001396 101.4453 258.6885 14.26729294309017
2024-04-01T09:58:00.544512+00:00,1 43437U 18039A   24092.41528408 -.00000146  00000-0 -42101-4 0  9996,2 43437  98.6350 160.3819 0001380 101.7050 258.4285 14.26729402309089
2024-04-02T04:28:52.284000+00:00,1 43437U 18039A   24093.18671625 -.00000041  00000-0  12679-5 0  9992,2 43437  98.6349 161.1432 0001376 101.5085 258.6250 14.26729730309198
2024-04-02T11:12:49.288032+00:00,1 43437U 18039A   24093.46723713 -.00000041  00000-0  10891-5 0  9993,2 43437  98.6341 161.4203 0001429 100.9148 259.2193 14.26729766309238
2024-04-02T19:37:45.518880+00:00,1 43437U 18039A   24093.81788795  .00000002  00000-0  18871-4 0  9994,2 43437  98.6340 161.7663 0001445 100.5982 259.5362 14.26730030309282
2024-04-03T10:46:38.732160+00:00,1 43437U 18039A   24094.44905940  .00000033  00000-0  31850-4 0  9993,2 43437  98.6339 162.3890 0001441 100.6079 259.5263 14.26730356309374
2024-04-03T10:46:38.732160+00:00,1 43437U 18039A   24094.44905940  .00000033  00000-0  31850-4 0  9993,2 43437  98.6339 162.3890 0001441 100.6079 259.5263 14.26730356309374
2024-04-03T22:33:33.450336+00:00,1 43437U 18039A   24094.93997049  .00000076  00000-0  49428-4 0  9995,2 43437  98.6337 162.8735 0001472  99.3646 260.7701 14.26730697309440
2024-04-04T10:20:28.159872+00:00,1 43437U 18039A   24095.43088148  .00000133  00000-0  73056-4 0  9990,2 43437  98.6339 163.3579 0001462  98.6682 261.4664 14.26731067309511
2024-04-04T18:45:24.377760+00:00,1 43437U 18039A   24095.78153215  .00000130  00000-0  71911-4 0  9991,2 43437  98.6338 163.7039 0001466  98.3698 261.7648 14.26731216309569
2024-04-04T22:07:22.863360+00:00,1 43437U 18039A   24095.92179240  .00000134  00000-0  73496-4 0  9997,2 43437  98.6337 163.8423 0001471  98.2580 261.8767 14.26731291309589
2024-04-05T09:54:17.560800+00:00,1 43437U 18039A   24096.41270325  .00000148  00000-0  79410-4 0  9995,2 43437  98.6336 164.3267 0001466  98.0118 262.1228 14.26731560309652
2024-04-05T18:19:13.769184+00:00,1 43437U 18039A   24096.76335381  .00000146  00000-0  78537-4 0  9994,2 43437  98.6336 164.6727 0001467  97.7680 262.3667 14.26731709309707
2024-04-06T04:25:09.220800+00:00,1 43437U 18039A   24097.18413450  .00000144  00000-0  77572-4 0  9991,2 43437  98.6335 165.0879 0001470  97.4038 262.7309 14.26731864309762
2024-04-06T11:09:06.185952+00:00,1 43437U 18039A   24097.46465493  .00000141  00000-0  76398-4 0  9998,2 43437  98.6335 165.3647 0001475  97.1840 262.9508 14.26731952309807
2024-04-06T21:15:01.626336+00:00,1 43437U 18039A   24097.88543549  .00000143  00000-0  76993-4 0  9996,2 43437  98.6334 165.7799 0001476  96.9776 263.1572 14.26732134309867
2024-04-07T10:42:55.539360+00:00,1 43437U 18039A   24098.44647615  .00000163  00000-0  85222-4 0  9995,2 43437  98.6334 166.3335 0001472  96.8834 263.2514 14.26732476309945
2024-04-07T10:42:55.539360+00:00,1 43437U 18039A   24098.44647615  .00000163  00000-0  85222-4 0  9995,2 43437  98.6334 166.3335 0001472  96.8834 263.2514 14.26732476309945
2024-04-07T22:29:50.207424+00:00,1 43437U 18039A   24098.93738666  .00000154  00000-0  81842-4 0  9990,2 43437  98.6333 166.8178 0001471  96.7681 263.3667 14.26732638310012
2024-04-08T10:16:44.867712+00:00,1 43437U 18039A   24099.42829708  .00000173  00000-0  89478-4 0  9997,2 43437  98.6332 167.3022 0001471  96.2990 263.8358 14.26732946310084
2024-04-08T22:03:39.525408+00:00,1 43437U 18039A   24099.91920747  .00000172  00000-0  89111-4 0  9999,2 43437  98.6332 167.7866 0001479  95.9782 264.1567 14.26733138310155
2024-04-09T04:47:36.469824+00:00,1 43437U 18039A   24100.19972766  .00000169  00000-0  88056-4 0  9993,2 43437  98.6331 168.0633 0001477  95.8156 264.3192 14.26733246310192
2024-04-09T11:31:33.415104+00:00,1 43437U 18039A   24100.48024786  .00000170  00000-0  88112-4 0  9990,2 43437  98.6331 168.3401 0001484  95.4782 264.6568 14.26733341310238
2024-04-09T21:37:28.818336+00:00,1 43437U 18039A   24100.90102799  .00000175  00000-0  90495-4 0  9990,2 43437  98.6330 168.7553 0001482  95.2837 264.8512 14.26733561310297
2024-04-10T11:05:22.688160+00:00,1 43437U 18039A   24101.46206815  .00000176  00000-0  90911-4 0  9990,2 43437  98.6330 169.3088 0001486  94.8800 265.2550 14.26733818310377
2024-04-10T11:05:22.688160+00:00,1 43437U 18039A   24101.46206815  .00000176  00000-0  90911-4 0  9990,2 43437  98.6330 169.3088 0001486  94.8800 265.2550 14.26733818310377
2024-04-10T19:30:18.855936+00:00,1 43437U 18039A   24101.81271824  .00000163  00000-0  85314-4 0  9998,2 43437  98.6329 169.6548 0001484  94.7031 265.4319 14.26733892310425
2024-04-11T03:55:15.015936+00:00,1 43437U 18039A   24102.16336824  .00000162  00000-0  85027-4 0  9999,2 43437  98.6328 170.0007 0001481  94.5102 265.6248 14.26734056310475
2024-04-11T19:04:08.102208+00:00,1 43437U 18039A   24102.79453822  .00000159  00000-0  83938-4 0  9991,2 43437  98.6327 170.6234 0001470  94.2719 265.8629 14.26734303310561
2024-04-11T19:04:08.102208+00:00,1 43437U 18039A   24102.79453822  .00000159  00000-0  83938-4 0  9991,2 43437  98.6327 170.6234 0001470  94.2719 265.8629 14.26734303310561
2024-04-12T03:29:04.250112+00:00,1 43437U 18039A   24103.14518808  .00000155  00000-0  82193-4 0  9995,2 43437  98.6326 170.9693 0001461  94.1218 266.0129 14.26734450310612
2024-04-12T15:15:58.856832+00:00,1 43437U 18039A   24103.63609788  .00000173  00000-0  89621-4 0  9990,2 43437  98.6326 171.4537 0001460  93.9068 266.2279 14.26734768310681
2024-04-13T04:43:52.673952+00:00,1 43437U 18039A   24104.19713743  .00000189  00000-0  95960-4 0  9999,2 43437  98.6325 172.0072 0001444  93.6247 266.5098 14.26735115310767
2024-04-13T04:43:52.673952+00:00,1 43437U 18039A   24104.19713743  .00000189  00000-0  95960-4 0  9999,2 43437  98.6325 172.0072 0001444  93.6247 266.5098 14.26735115310767
2024-04-13T18:11:46.491936+00:00,1 43437U 18039A   24104.75817699  .00000194  00000-0  98195-4 0  9995,2 43437  98.6324 172.5607 0001444  93.2946 266.8399 14.26735395310843
2024-04-14T19:26:34.849248+00:00,1 43437U 18039A   24105.81012557  .00000247  00000-0  12013-3 0  9996,2 43437  98.6322 173.5985 0001413  93.4454 266.6889 14.26736240310991
2024-04-14T19:26:34.849248+00:00,1 43437U 18039A   24105.81012557  .00000247  00000-0  12013-3 0  9996,2 43437  98.6322 173.5985 0001413  93.4454 266.6889 14.26736240310991
2024-04-15T03:51:30.959136+00:00,1 43437U 18039A   24106.16077499  .00000261  00000-0  12596-3 0  9993,2 43437  98.6321 173.9444 0001397  93.2899 266.8441 14.26736517311046
2024-04-15T15:38:25.502784+00:00,1 43437U 18039A   24106.65168406  .00000276  00000-0  13220-3 0  9997,2 43437  98.6321 174.4287 0001385  93.2907 266.8432 14.26736906311114
2024-04-16T03:25:20.052480+00:00,1 43437U 18039A   24107.14259320  .00000286  00000-0  13614-3 0  9996,2 43437  98.6319 174.9129 0001399  92.1823 267.9518 14.26737220311185
2024-04-16T10:09:16.916544+00:00,1 43437U 18039A   24107.42311246  .00000359  00000-0  16622-3 0  9996,2 43437  98.6319 175.1895 0001390  91.7560 268.3780 14.26737803311220
2024-04-16T18:34:12.977184+00:00,1 43437U 18039A   24107.77376131  .00000407  00000-0  18635-3 0  9998,2 43437  98.6319 175.5355 0001399  91.4105 268.7235 14.26738394311276
2024-04-17T04:40:08.265504+00:00,1 43437U 18039A   24108.19454011  .00000461  00000-0  20858-3 0  9999,2 43437  98.6318 175.9507 0001413  90.7160 269.4182 14.26738997311333
2024-04-17T14:46:03.559872+00:00,1 43437U 18039A   24108.61531898  .00000404  00000-0  18502-3 0  9995,2 43437  98.6318 176.3657 0001416  90.6561 269.4782 14.26738956311398
2024-04-18T04:13:57.695808+00:00,1 43437U 18039A   24109.17636222  .00000435  00000-0  19797-3 0  9995,2 43437  98.6317 176.9192 0001522  87.0009 273.1346 14.26732415311473
2024-04-18T04:13:57.695808+00:00,1 43437U 18039A   24109.17636222  .00000435  00000-0  19797-3 0  9995,2 43437  98.6317 176.9192 0001522  87.0009 273.1346 14.26732415311473
2024-04-18T16:00:52.388064+00:00,1 43437U 18039A   24109.66727301  .00000427  00000-0  19443-3 0  9997,2 43437  98.6318 177.4034 0001497  86.0144 274.1208 14.26732499311543
2024-04-19T03:47:47.107104+00:00,1 43437U 18039A   24110.15818411  .00000452  00000-0  20481-3 0  9998,2 43437  98.6312 177.8872 0001485  82.2274 277.9075 14.26732607311612
2024-04-19T18:56:40.234848+00:00,1 43437U 18039A   24110.78935457  .00000745  00000-0  32600-3 0  9998,2 43437  98.6315 178.5104 0001321  88.4479 271.6853 14.26733197311705
2024-04-19T18:56:40.234848+00:00,1 43437U 18039A   24110.78935457  .00000745  00000-0  32600-3 0  9998,2 43437  98.6315 178.5104 0001321  88.4479 271.6853 14.26733197311705
2024-04-20T03:21:36.330048+00:00,1 43437U 18039A   24111.14000382  .00000839  00000-0  36482-3 0  9995,2 43437  98.6314 178.8563 0001345  87.6289 272.5045 14.26734532311754
2024-04-20T18:30:29.535552+00:00,1 43437U 18039A   24111.77117518  .00000590  00000-0  26171-3 0  9992,2 43437  98.6313 179.4789 0001349  87.8916 272.2419 14.26734110311847
2024-04-21T04:36:24.928416+00:00,1 43437U 18039A   24112.19195519  .00000535  00000-0  23913-3 0  9996,2 43437  98.6313 179.8940 0001352  87.6824 272.4511 14.26734399311901
2024-04-21T18:04:18.727392+00:00,1 43437U 18039A   24112.75299453  .00000615  00000-0  27212-3 0  9995,2 43437  98.6312 180.4475 0001350  88.0499 272.0836 14.26735596311986
2024-04-22T04:10:14.077920+00:00,1 43437U 18039A   24113.17377405  .00000619  00000-0  27372-3 0  9997,2 43437  98.6312 180.8625 0001344  87.5414 272.5920 14.26736172312049
2024-04-22T19:19:07.063104+00:00,1 43437U 18039A   24113.80494286  .00000563  00000-0  25082-3 0  9998,2 43437  98.6311 181.4851 0001334  87.4081 272.7252 14.26736750312136
2024-04-22T19:19:07.063104+00:00,1 43437U 18039A   24113.80494286  .00000563  00000-0  25082-3 0  9998,2 43437  98.6311 181.4851 0001334  87.4081 272.7252 14.26736750312136
2024-04-23T03:44:03.166944+00:00,1 43437U 18039A   24114.15559221  .00000560  00000-0  24961-3 0  9990,2 43437  98.6311 181.8309 0001327  87.2614 272.8718 14.26737169312188
2024-04-23T18:52:56.129664+00:00,1 43437U 18039A   24114.78676076  .00000505  00000-0  22679-3 0  9990,2 43437  98.6310 182.4535 0001366  86.1653 273.9683 14.26737694312275
2024-04-24T03:17:52.198944+00:00,1 43437U 18039A   24115.13740971  .00000503  00000-0  22586-3 0  9991,2 43437  98.6309 182.7994 0001362  86.6589 273.4747 14.26738131312323
2024-04-24T03:17:52.198944+00:00,1 43437U 18039A   24115.13740971  .00000503  00000-0  22586-3 0  9991,2 43437  98.6309 182.7994 0001362  86.6589 273.4747 14.26738131312323
2024-04-24T18:26:45.096864+00:00,1 43437U 18039A   24115.76857751  .00000516  00000-0  23116-3 0  9999,2 43437  98.6309 183.4220 0001344  86.5432 273.5902 14.26739017312417
2024-04-25T04:32:40.345440+00:00,1 43437U 18039A   24116.18935585  .00000520  00000-0  23289-3 0  9994,2 43437  98.6308 183.8370 0001316  86.7172 273.4159 14.26739570312471
2024-04-25T14:38:35.579328+00:00,1 43437U 18039A   24116.61013402  .00000492  00000-0  22133-3 0  9992,2 43437  98.6308 184.2521 0001309  86.5514 273.5816 14.26739986312533
2024-04-26T04:06:29.874240+00:00,1 43437U 18039A   24117.17117910  .00000473  00000-0  21342-3 0  9993,2 43437  98.6294 184.8042 0001579  95.9722 264.1638 14.26730093312612
2024-04-26T14:12:25.430400+00:00,1 43437U 18039A   24117.59196100  .00000462  00000-0  20889-3 0  9990,2 43437  98.6310 185.2209 0001235  79.6352 280.4968 14.26729257312671
2024-04-26T15:53:24.680544+00:00,1 43437U 18039A   24117.66209121  .00000459  00000-0  20779-3 0  9990,2 43437  98.6311 185.2901 0001223  79.3421 280.7897 14.26729343312683
2024-04-27T10:24:16.534080+00:00,1 43437U 18039A   24118.43352470  .00000204  00000-0  10246-3 0  9998,2 43437  98.6308 186.0506 0001261  83.1462 276.9862 14.26728375312794
2024-04-27T10:24:16.534080+00:00,1 43437U 18039A   24118.43352470  .00000204  00000-0  10246-3 0  9998,2 43437  98.6308 186.0506 0001261  83.1462 276.9862 14.26728375312794
2024-04-27T22:11:11.323104+00:00,1 43437U 18039A   24118.92443661 -.00000039  00000-0  21021-5 0  9997,2 43437  98.6308 186.5350 0001252  82.9424 277.1899 14.26728237312869
2024-04-28T09:58:06.097440+00:00,1 43437U 18039A   24119.41534835  .00000095  00000-0  57272-4 0  9993,2 43437  98.6307 187.0190 0001280  82.9774 277.1552 14.26728761312931
2024-04-28T18:23:02.345568+00:00,1 43437U 18039A   24119.76599937  .00000260  00000-0  12550-3 0  9998,2 43437  98.6307 187.3649 0001276  82.9726 277.1600 14.26729108312980
2024-04-28T21:45:00.853632+00:00,1 43437U 18039A   24119.90625988  .00000255  00000-0  12359-3 0  9991,2 43437  98.6306 187.5033 0001282  82.8047 277.3279 14.26729170313007
2024-04-29T14:34:53.353344+00:00,1 43437U 18039A   24120.60756196  .00000237  00000-0  11604-3 0  9998,2 43437  98.6306 188.1950 0001265  82.6313 277.5011 14.26729617313100
2024-04-29T19:37:51.102912+00:00,1 43437U 18039A   24120.81795258  .00000234  00000-0  11464-3 0  9994,2 43437  98.6305 188.4025 0001268  82.4469 277.6856 14.26729731313136
2024-04-29T21:18:50.351328+00:00,1 43437U 18039A   24120.88808277  .00000231  00000-0  11334-3 0  9990,2 43437  98.6305 188.4717 0001266  82.5111 277.6213 14.26729763313140
2024-04-30T04:02:47.339808+00:00,1 43437U 18039A   24121.16860347  .00000232  00000-0  11379-3 0  9998,2 43437  98.6305 188.7483 0001251  82.3286 277.8037 14.26729993313183
2024-04-30T22:33:39.056832+00:00,1 43437U 18039A   24121.94003538  .00000227  00000-0  11202-3 0  9994,2 43437  98.6304 189.5092 0001247  82.1564 277.9758 14.26730529313299
2024-05-01T03:36:36.795168+00:00,1 43437U 18039A   24122.15042587  .00000224  00000-0  11063-3 0  9997,2 43437  98.6304 189.7167 0001244  82.0068 278.1253 14.26730666313328
2024-05-01T10:20:33.770688+00:00,1 43437U 18039A   24122.43094642  .00000239  00000-0  11664-3 0  9990,2 43437  98.6304 189.9934 0001229  82.0905 278.0415 14.26730935313367
2024-05-01T22:07:28.488864+00:00,1 43437U 18039A   24122.92185751  .00000202  00000-0  10168-3 0  9994,2 43437  98.6303 190.4776 0001224  81.9893 278.1426 14.26731034313438
2024-05-02T09:54:23.189760+00:00,1 43437U 18039A   24123.41276840  .00000210  00000-0  10484-3 0  9999,2 43437  98.6303 190.9618 0001209  81.7921 278.3396 14.26731375313505
2024-05-02T09:54:23.189760+00:00,1 43437U 18039A   24123.41276840  .00000210  00000-0  10484-3 0  9999,2 43437  98.6303 190.9618 0001209  81.7921 278.3396 14.26731375313505
2024-05-03T11:09:11.801952+00:00,1 43437U 18039A   24124.46471993  .00000216  00000-0  10723-3 0  9993,2 43437  98.6302 191.9994 0001196  81.8493 278.2823 14.26732053313656
2024-05-03T11:09:11.801952+00:00,1 43437U 18039A   24124.46471993  .00000216  00000-0  10723-3 0  9993,2 43437  98.6302 191.9994 0001196  81.8493 278.2823 14.26732053313656
2024-05-03T19:34:08.003424+00:00,1 43437U 18039A   24124.81537041  .00000197  00000-0  99265-4 0  9996,2 43437  98.6301 192.3452 0001198  81.9114 278.2202 14.26732150313707
2024-05-04T19:07:57.350784+00:00,1 43437U 18039A   24125.79719156  .00000220  00000-0  10905-3 0  9993,2 43437  98.6301 193.3136 0001158  81.9769 278.1542 14.26732770313848
2024-05-05T03:32:53.533248+00:00,1 43437U 18039A   24126.14784182  .00000220  00000-0  10883-3 0  9999,2 43437  98.6300 193.6595 0001151  81.9225 278.2086 14.26732968313897
2024-05-05T22:03:45.137952+00:00,1 43437U 18039A   24126.91927243  .00000230  00000-0  11311-3 0  9999,2 43437  98.6299 194.4203 0001144  81.9491 278.1819 14.26733382314004
2024-05-06T04:47:42.078048+00:00,1 43437U 18039A   24127.19979257  .00000248  00000-0  12071-3 0  9995,2 43437  98.6299 194.6970 0001145  81.9546 278.1764 14.26733639314047
2024-05-06T14:53:37.496832+00:00,1 43437U 18039A   24127.62057288  .00000265  00000-0  12742-3 0  9998,2 43437  98.6300 195.1121 0001151  81.7181 278.4130 14.26733898314108
2024-05-06T18:15:35.963424+00:00,1 43437U 18039A   24127.76083291  .00000265  00000-0  12760-3 0  9996,2 43437  98.6300 195.2504 0001149  81.6557 278.4754 14.26733967314128
2024-05-07T11:05:28.286880+00:00,1 43437U 18039A   24128.46213295  .00000279  00000-0  13344-3 0  9997,2 43437  98.6299 195.9421 0001142  81.7614 278.3696 14.26734420314228
2024-05-07T14:27:26.764704+00:00,1 43437U 18039A   24128.60239311  .00000236  00000-0  11537-3 0  9995,2 43437  98.6299 196.0805 0001137  81.8110 278.3199 14.26734223314243
2024-05-07T19:30:24.454656+00:00,1 43437U 18039A   24128.81278304  .00000217  00000-0  10756-3 0  9994,2 43437  98.6299 196.2880 0001129  81.8457 278.2851 14.26734236314274
2024-05-08T10:39:17.521920+00:00,1 43437U 18039A   24129.44395280  .00000257  00000-0  12413-3 0  9993,2 43437  98.6299 196.9105 0001111  82.2375 277.8932 14.26734803314361
2024-05-08T19:04:13.670688+00:00,1 43437U 18039A   24129.79460267  .00000250  00000-0  12155-3 0  9995,2 43437  98.6298 197.2563 0001096  82.2192 277.9113 14.26734957314419
2024-05-08T22:26:12.123456+00:00,1 43437U 18039A   24129.93486254  .00000216  00000-0  10727-3 0  9990,2 43437  98.6298 197.3947 0001092  82.3454 277.7850 14.26734862314437
2024-05-09T10:13:06.719808+00:00,1 43437U 18039A   24130.42577222  .00000266  00000-0  12790-3 0  9999,2 43437  98.6297 197.8788 0001085  82.3264 277.8039 14.26735393314503
2024-05-09T18:38:02.859936+00:00,1 43437U 18039A   24130.77642199  .00000285  00000-0  13588-3 0  9990,2 43437  98.6297 198.2246 0001077  82.2964 277.8338 14.26735668314556
2024-05-10T04:43:58.211328+00:00,1 43437U 18039A   24131.19720152  .00000365  00000-0  16878-3 0  9997,2 43437  98.6296 198.6396 0001070  82.3919 277.7383 14.26736334314616
2024-05-10T11:27:55.104768+00:00,1 43437U 18039A   24131.47772112  .00000370  00000-0  17101-3 0  9997,2 43437  98.6296 198.9163 0001067  82.2779 277.8522 14.26736536314654
2024-05-10T18:11:51.999072+00:00,1 43437U 18039A   24131.75824073  .00000390  00000-0  17923-3 0  9996,2 43437  98.6296 199.1930 0001063  82.2184 277.9117 14.26736813314698
2024-05-11T11:01:43.849056+00:00,1 43437U 18039A   24132.45953529  .00002013  00000-0  84948-3 0  9998,2 43437  98.6296 199.8846 0001035  81.5261 278.6037 14.26747198314796
2024-05-11T19:26:39.983136+00:00,1 43437U 18039A   24132.81018499  .00000817  00000-0  35564-3 0  9996,2 43437  98.6295 200.2305 0001039  82.1498 277.9800 14.26740972314844
2024-05-12T03:51:36.062784+00:00,1 43437U 18039A   24133.16083406  .00000801  00000-0  34899-3 0  9998,2 43437  98.6296 200.5763 0001028  82.4015 277.7283 14.26741169314899
2024-05-12T10:35:32.886240+00:00,1 43437U 18039A   24133.44135285  .00000779  00000-0  33985-3 0  9991,2 43437  98.6296 200.8530 0001025  82.4800 277.6497 14.26741409314931
2024-05-12T22:22:27.302016+00:00,1 43437U 18039A   24133.93226044  .00000699  00000-0  30686-3 0  9995,2 43437  98.6295 201.3371 0001018  82.8534 277.2762 14.26741667315005
2024-05-13T10:09:21.703104+00:00,1 43437U 18039A   24134.42316786  .00000652  00000-0  28733-3 0  9992,2 43437  98.6295 201.8213 0001016  82.8416 277.2880 14.26742105315078
2024-05-13T10:09:21.703104+00:00,1 43437U 18039A   24134.42316786  .00000652  00000-0  28733-3 0  9992,2 43437  98.6295 201.8213 0001016  82.8416 277.2880 14.26742105315078
2024-05-14T11:24:09.627552+00:00,1 43437U 18039A   24135.47511143  .00000534  00000-0  23875-3 0  9993,2 43437  98.6294 202.8587 0001015  83.2208 276.9088 14.26743022315227
2024-05-14T11:24:09.627552+00:00,1 43437U 18039A   24135.47511143  .00000534  00000-0  23875-3 0  9993,2 43437  98.6294 202.8587 0001015  83.2208 276.9088 14.26743022315227
2024-05-14T21:30:04.764672+00:00,1 43437U 18039A   24135.89588848  .00000542  00000-0  24192-3 0  9997,2 43437  98.6294 203.2737 0001007  83.4594 276.6701 14.26743715315284
2024-05-15T14:19:56.632800+00:00,1 43437U 18039A   24136.59718325  .00000523  00000-0  23392-3 0  9990,2 43437  98.6293 203.9654 0000998  83.8271 276.3023 14.26744702315384
2024-05-15T19:22:54.630336+00:00,1 43437U 18039A   24136.80757674  .00000507  00000-0  22749-3 0  9991,2 43437  98.6296 204.1727 0000988  75.1623 284.9667 14.26728535315414
2024-05-15T19:22:54.630336+00:00,1 43437U 18039A   24136.80757674  .00000507  00000-0  22749-3 0  9991,2 43437  98.6296 204.1727 0000988  75.1623 284.9667 14.26728535315414
2024-05-16T10:31:47.778816+00:00,1 43437U 18039A   24137.43874744  .00000498  00000-0  22388-3 0  9997,2 43437  98.6293 204.7952 0000955  79.8073 280.3215 14.26731635315505
2024-05-16T15:34:45.469632+00:00,1 43437U 18039A   24137.64913738  .00000520  00000-0  23277-3 0  9991,2 43437  98.6293 205.0027 0000953  80.1666 279.9622 14.26732201315532
2024-05-17T10:05:37.120128+00:00,1 43437U 18039A   24138.42056852  .00000373  00000-0  17220-3 0  9990,2 43437  98.6293 205.7634 0000952  81.1807 278.9481 14.26732557315648
2024-05-17T10:05:37.120128+00:00,1 43437U 18039A   24138.42056852  .00000373  00000-0  17220-3 0  9990,2 43437  98.6293 205.7634 0000952  81.1807 278.9481 14.26732557315648
2024-05-17T21:52:31.744992+00:00,1 43437U 18039A   24138.91147853  .00000430  00000-0  19555-3 0  9993,2 43437  98.6292 206.2476 0000955  81.7958 278.3330 14.26733371315713
2024-05-18T11:20:25.596672+00:00,1 43437U 18039A   24139.47251848  .00000474  00000-0  21385-3 0  9997,2 43437  98.6291 206.8008 0000953  81.9402 278.1886 14.26734223315792
2024-05-18T14:42:24.058080+00:00,1 43437U 18039A   24139.61277845  .00000462  00000-0  20875-3 0  9998,2 43437  98.6291 206.9392 0000953  82.1830 277.9459 14.26734327315818
2024-05-18T21:26:20.969664+00:00,1 43437U 18039A   24139.89329826  .00000476  00000-0  21488-3 0  9991,2 43437  98.6291 207.2158 0000948  82.2465 277.8823 14.26734692315854
2024-05-19T04:10:17.899392+00:00,1 43437U 18039A   24140.17381828  .00000466  00000-0  21066-3 0  9995,2 43437  98.6290 207.4925 0000943  82.4078 277.7210 14.26734909315898
2024-05-19T19:19:10.919136+00:00,1 43437U 18039A   24140.80498749  .00000494  00000-0  22197-3 0  9993,2 43437  98.6290 208.1149 0000937  82.8056 277.3231 14.26735805315982
2024-05-20T03:44:07.031616+00:00,1 43437U 18039A   24141.15563694  .00000503  00000-0  22580-3 0  9991,2 43437  98.6289 208.4606 0000926  82.7539 277.3746 14.26736263316031
2024-05-21T03:17:56.124096+00:00,1 43437U 18039A   24142.13745514  .00000454  00000-0  20577-3 0  9992,2 43437  98.6289 209.4289 0000900  83.7890 276.3393 14.26737104316179
2024-05-21T03:17:56.124096+00:00,1 43437U 18039A   24142.13745514  .00000454  00000-0  20577-3 0  9992,2 43437  98.6289 209.4289 0000900  83.7890 276.3393 14.26737104316179
2024-05-21T18:26:49.092000+00:00,1 43437U 18039A   24142.76862375  .00000380  00000-0  17521-3 0  9999,2 43437  98.6289 210.0513 0000894  84.4912 275.6371 14.26737372316267
2024-05-22T04:32:44.380320+00:00,1 43437U 18039A   24143.18940255  .00000391  00000-0  17976-3 0  9996,2 43437  98.6289 210.4663 0000874  85.2336 274.8944 14.26737887316329
2024-05-22T21:22:36.513696+00:00,1 43437U 18039A   24143.89070039  .00000367  00000-0  16983-3 0  9998,2 43437  98.6289 211.1578 0000867  85.8217 274.3063 14.26738486316422
2024-05-23T14:12:28.609056+00:00,1 43437U 18039A   24144.59199779  .00000351  00000-0  16292-3 0  9995,2 43437  98.6289 211.8495 0000845  87.9322 272.1955 14.26739159316528
2024-05-23T19:15:26.234208+00:00,1 43437U 18039A   24144.80238697  .00000345  00000-0  16044-3 0  9990,2 43437  98.6289 212.0569 0000842  87.9767 272.1510 14.26739330316554
2024-05-23T19:15:26.234208+00:00,1 43437U 18039A   24144.80238697  .00000345  00000-0  16044-3 0  9990,2 43437  98.6289 212.0569 0000842  87.9767 272.1510 14.26739330316554
2024-05-24T03:40:22.272384+00:00,1 43437U 18039A   24145.15303556  .00000352  00000-0  16330-3 0  9992,2 43437  98.6288 212.4027 0000834  88.3011 271.8265 14.26739713316608
2024-05-25T09:58:08.873472+00:00,1 43437U 18039A   24146.41538048  .00000340  00000-0  15872-3 0  9995,2 43437  98.6288 213.6477 0000852  85.4241 274.7037 14.26727281316788
2024-05-25T09:58:08.873472+00:00,1 43437U 18039A   24146.41538048  .00000340  00000-0  15872-3 0  9995,2 43437  98.6288 213.6477 0000852  85.4241 274.7037 14.26727281316788
2024-05-26T14:34:56.275392+00:00,1 43437U 18039A   24147.60759578  .00000044  00000-0  36431-4 0  9996,2 43437  98.6288 214.8235 0000815  87.1486 272.9788 14.26727687316954
2024-05-26T19:37:54.039648+00:00,1 43437U 18039A   24147.81798657  .00000043  00000-0  35653-4 0  9994,2 43437  98.6287 215.0310 0000836  87.0532 273.0744 14.26727900316989
2024-05-26T21:18:53.296704+00:00,1 43437U 18039A   24147.88811686  .00000042  00000-0  35250-4 0  9991,2 43437  98.6287 215.1002 0000835  87.2145 272.9131 14.26727912316991
2024-05-27T10:46:47.340192+00:00,1 43437U 18039A   24148.44915903  .00000035  00000-0  32424-4 0  9993,2 43437  98.6287 215.6534 0000798  88.3578 271.7694 14.26728103317070
2024-05-27T22:33:42.105888+00:00,1 43437U 18039A   24148.94007067  .00000247  00000-0  12010-3 0  9994,2 43437  98.6286 216.1375 0000788  84.2576 275.8695 14.26728846317148
2024-05-28T03:36:39.870144+00:00,1 43437U 18039A   24149.15046146  .00000229  00000-0  11259-3 0  9993,2 43437  98.6285 216.3450 0000796  84.6956 275.4315 14.26728930317170
2024-05-28T10:20:36.876768+00:00,1 43437U 18039A   24149.43098237  .00000235  00000-0  11526-3 0  9996,2 43437  98.6286 216.6216 0000792  85.1459 274.9812 14.26729173317215
2024-05-28T18:45:33.143040+00:00,1 43437U 18039A   24149.78163360  .00000200  00000-0  10064-3 0  9992,2 43437  98.6285 216.9674 0000779  85.7673 274.3596 14.26729234317260
2024-05-29T04:51:28.649952+00:00,1 43437U 18039A   24150.20241493  .00000194  00000-0  98286-4 0  9990,2 43437  98.6285 217.3823 0000772  85.9529 274.1739 14.26729472317324
2024-05-29T04:51:28.649952+00:00,1 43437U 18039A   24150.20241493  .00000194  00000-0  98286-4 0  9990,2 43437  98.6285 217.3823 0000772  85.9529 274.1739 14.26729472317324
2024-05-29T18:19:22.650240+00:00,1 43437U 18039A   24150.76345660  .00000243  00000-0  11852-3 0  9990,2 43437  98.6285 217.9355 0000750  87.7002 272.4264 14.26730071317402
2024-05-30T11:09:15.139584+00:00,1 43437U 18039A   24151.46475856  .00000276  00000-0  13191-3 0  9993,2 43437  98.6286 218.6272 0000772  91.1426 268.9843 14.26730622317508
2024-05-30T14:31:13.632960+00:00,1 43437U 18039A   24151.60501890  .00000277  00000-0  13242-3 0  9995,2 43437  98.6287 218.7656 0000770  91.2334 268.8935 14.26730730317526
2024-05-30T22:56:09.853440+00:00,1 43437U 18039A   24151.95566960  .00000295  00000-0  13996-3 0  9998,2 43437  98.6287 219.1113 0000783  91.7387 268.3883 14.26731073317579
2024-05-31T03:59:07.615968+00:00,1 43437U 18039A   24152.16606037  .00000253  00000-0  12256-3 0  9994,2 43437  98.6287 219.3188 0000783  91.6853 268.4417 14.26730902317608
2024-05-31T19:08:00.837888+00:00,1 43437U 18039A   24152.79723192  .00000208  00000-0  10414-3 0  9999,2 43437  98.6286 219.9411 0000778  92.3955 267.7314 14.26730984317694
2024-05-31T19:08:00.837888+00:00,1 43437U 18039A   24152.79723192  .00000208  00000-0  10413-3 0  9998,2 43437  98.6286 219.9411 0000778  92.3957 267.7313 14.26730984317695
2024-06-01T03:32:57.071328+00:00,1 43437U 18039A   24153.14788277  .00000193  00000-0  97705-4 0  9996,2 43437  98.6286 220.2869 0000782  92.8502 267.2768 14.26731061317745
2024-06-02T04:47:45.744000+00:00,1 43437U 18039A   24154.19983500  .00000200  00000-0  10052-3 0  9996,2 43437  98.6286 221.3243 0000782  93.9319 266.1951 14.26731568317891
2024-06-02T04:47:45.746592+00:00,1 43437U 18039A   24154.19983503  .00000188  00000-0  95640-4 0  9991,2 43437  98.6286 221.3243 0000782  93.9398 266.1871 14.26731497317890
2024-06-02T04:47:45.746592+00:00,1 43437U 18039A   24154.19983503  .00000188  00000-0  95640-4 0  9991,2 43437  98.6286 221.3243 0000782  93.9398 266.1871 14.26731497317890
2024-06-03T11:05:32.099712+00:00,1 43437U 18039A   24155.46217708  .00000253  00000-0  12264-3 0  9992,2 43437  98.6285 222.5690 0000790  96.3398 263.7872 14.26732429318075
2024-06-03T11:05:32.099712+00:00,1 43437U 18039A   24155.46217708  .00000253  00000-0  12264-3 0  9992,2 43437  98.6285 222.5690 0000790  96.3398 263.7872 14.26732429318075
2024-06-04T10:39:21.429792+00:00,1 43437U 18039A   24156.44399803  .00000278  00000-0  13296-3 0  9991,2 43437  98.6285 223.5372 0000782  98.3893 261.7376 14.26733126318214
2024-06-04T15:42:19.147392+00:00,1 43437U 18039A   24156.65438828  .00000285  00000-0  13568-3 0  9995,2 43437  98.6285 223.7447 0000785  98.8586 261.2683 14.26733273318248
2024-06-04T22:26:16.089216+00:00,1 43437U 18039A   24156.93490844  .00000282  00000-0  13437-3 0  9994,2 43437  98.6285 224.0213 0000784  99.3379 260.7890 14.26733406318284
2024-06-05T13:35:09.210048+00:00,1 43437U 18039A   24157.56607882  .00000279  00000-0  13342-3 0  9997,2 43437  98.6286 224.6437 0000788 100.5253 259.6016 14.26733754318372
2024-06-05T22:00:05.373504+00:00,1 43437U 18039A   24157.91672886  .00000286  00000-0  13635-3 0  9995,2 43437  98.6285 224.9895 0000788 101.1953 258.9316 14.26733997318426
2024-06-06T04:44:02.312736+00:00,1 43437U 18039A   24158.19724899  .00000290  00000-0  13804-3 0  9991,2 43437  98.6285 225.2661 0000796 101.4563 258.6707 14.26734175318464
2024-06-06T11:27:59.247648+00:00,1 43437U 18039A   24158.47776907  .00000287  00000-0  13662-3 0  9997,2 43437  98.6286 225.5427 0000807 101.4836 258.6435 14.26734299318504
2024-06-07T14:23:46.926816+00:00,1 43437U 18039A   24159.59984869  .00000326  00000-0  15277-3 0  9997,2 43437  98.6285 226.6492 0000810 103.3388 256.7882 14.26735243318666
2024-06-07T14:23:46.926816+00:00,1 43437U 18039A   24159.59984869  .00000326  00000-0  15277-3 0  9997,2 43437  98.6285 226.6492 0000810 103.3388 256.7882 14.26735243318666
2024-06-08T03:51:40.738752+00:00,1 43437U 18039A   24160.16088818  .00000327  00000-0  15336-3 0  9998,2 43437  98.6284 227.2024 0000811 104.3045 255.8225 14.26735652318749
2024-06-08T15:38:35.315232+00:00,1 43437U 18039A   24160.65179763  .00000314  00000-0  14792-3 0  9993,2 43437  98.6284 227.6865 0000817 105.0668 255.0603 14.26735954318816
2024-06-08T22:22:32.209536+00:00,1 43437U 18039A   24160.93231724  .00000311  00000-0  14660-3 0  9991,2 43437  98.6284 227.9631 0000819 105.5665 254.5606 14.26736124318855
2024-06-09T03:25:29.879616+00:00,1 43437U 18039A   24161.14270694  .00000309  00000-0  14566-3 0  9996,2 43437  98.6284 228.1706 0000819 105.7388 254.3883 14.26736276318881
2024-06-09T21:56:21.315840+00:00,1 43437U 18039A   24161.91413560  .00000344  00000-0  16015-3 0  9992,2 43437  98.6284 228.9313 0000831 106.8122 253.3150 14.26737025318996
2024-06-10T04:40:18.200640+00:00,1 43437U 18039A   24162.19465510  .00000337  00000-0  15722-3 0  9991,2 43437  98.6284 229.2079 0000835 107.1827 252.9445 14.26737194319034
2024-06-10T11:24:15.080256+00:00,1 43437U 18039A   24162.47517454  .00000333  00000-0  15560-3 0  9993,2 43437  98.6284 229.4845 0000846 107.1431 252.9842 14.26737365319075
2024-06-10T21:30:10.391904+00:00,1 43437U 18039A   24162.89595361  .00000321  00000-0  15071-3 0  9996,2 43437  98.6283 229.8995 0000847 107.9675 252.1598 14.26737596319136
2024-06-11T10:58:04.120032+00:00,1 43437U 18039A   24163.45699213  .00000310  00000-0  14603-3 0  9998,2 43437  98.6283 230.4527 0000848 109.1888 250.9384 14.26737977319217
2024-06-12T03:47:56.275008+00:00,1 43437U 18039A   24164.15829022  .00000274  00000-0  13116-3 0  9996,2 43437  98.6282 231.1442 0000851 110.1419 249.9853 14.26738301319318
2024-06-12T03:47:56.275008+00:00,1 43437U 18039A   24164.15829022  .00000274  00000-0  13116-3 0  9996,2 43437  98.6282 231.1442 0000851 110.1419 249.9853 14.26738301319318
2024-06-12T18:56:49.199712+00:00,1 43437U 18039A   24164.78945833  .00000232  00000-0  11370-3 0  9998,2 43437  98.6282 231.7666 0000862 110.9582 249.1691 14.26738513319400
2024-06-13T10:05:42.109728+00:00,1 43437U 18039A   24165.42062627  .00000230  00000-0  11317-3 0  9990,2 43437  98.6281 232.3889 0000869 111.5458 248.5815 14.26738915319495
2024-06-13T10:05:42.109728+00:00,1 43437U 18039A   24165.42062627  .00000230  00000-0  11317-3 0  9990,2 43437  98.6281 232.3889 0000869 111.5458 248.5815 14.26738915319495
2024-06-13T18:30:38.168640+00:00,1 43437U 18039A   24165.77127510  .00000206  00000-0  10332-3 0  9990,2 43437  98.6281 232.7347 0000874 111.9088 248.2186 14.26739007319544
2024-06-14T14:42:28.681344+00:00,1 43437U 18039A   24166.61283196  .00000218  00000-0  10826-3 0  9998,2 43437  98.6281 233.5645 0000884 112.5208 247.6066 14.26739598319664
2024-06-14T18:04:27.099552+00:00,1 43437U 18039A   24166.75309143  .00000215  00000-0  10673-3 0  9991,2 43437  98.6281 233.7028 0000884 112.6254 247.5020 14.26739652319685
2024-06-15T14:16:17.588064+00:00,1 43437U 18039A   24167.59464801  .00000220  00000-0  10899-3 0  9993,2 43437  98.6281 234.5326 0000899 113.6327 246.4948 14.26740185319807
2024-06-15T22:41:13.610688+00:00,1 43437U 18039A   24167.94529642  .00000224  00000-0  11050-3 0  9991,2 43437  98.6281 234.8784 0000905 113.8807 246.2468 14.26740419319851
2024-06-16T10:28:08.051520+00:00,1 43437U 18039A   24168.43620430  .00000228  00000-0  11210-3 0  9995,2 43437  98.6281 235.3624 0000912 114.0406 246.0870 14.26740706319928
2024-06-16T22:15:02.485440+00:00,1 43437U 18039A   24168.92711210  .00000221  00000-0  10942-3 0  9990,2 43437  98.6281 235.8465 0000923 114.4131 245.7146 14.26740918319991
2024-06-17T21:48:51.326496+00:00,1 43437U 18039A   24169.90892739  .00000209  00000-0  10422-3 0  9994,2 43437  98.6281 236.8146 0000944 115.1603 244.9675 14.26741341320130
2024-06-18T11:16:44.942304+00:00,1 43437U 18039A   24170.46996461  .00000198  00000-0  99952-4 0  9997,2 43437  98.6281 237.3678 0000955 115.1650 244.9629 14.26741553320213
2024-06-18T11:16:44.942304+00:00,1 43437U 18039A   24170.46996461  .00000198  00000-0  99952-4 0  9997,2 43437  98.6281 237.3678 0000955 115.1650 244.9629 14.26741553320213
2024-06-18T21:22:40.142496+00:00,1 43437U 18039A   24170.89074239  .00000188  00000-0  95689-4 0  9996,2 43437  98.6281 237.7828 0000965 115.3075 244.8206 14.26741713320272
2024-06-19T14:12:32.137632+00:00,1 43437U 18039A   24171.59203863  .00000169  00000-0  87789-4 0  9992,2 43437  98.6281 238.4743 0000982 115.7978 244.3304 14.26741980320372
2024-06-19T19:15:29.732544+00:00,1 43437U 18039A   24171.80242746  .00000167  00000-0  87218-4 0  9994,2 43437  98.6281 238.6817 0000985 115.7847 244.3435 14.26742067320400
2024-06-19T19:15:29.732544+00:00,1 43437U 18039A   24171.80242746  .00000167  00000-0  87218-4 0  9994,2 43437  98.6281 238.6817 0000985 115.7847 244.3435 14.26742067320400
2024-06-20T10:24:22.516416+00:00,1 43437U 18039A   24172.43359394  .00000166  00000-0  86817-4 0  9995,2 43437  98.6280 239.3040 0001006 115.6487 244.4797 14.26742351320496
2024-06-20T15:27:20.106144+00:00,1 43437U 18039A   24172.64398271  .00000177  00000-0  91237-4 0  9999,2 43437  98.6281 239.5115 0001012 116.0425 244.0860 14.26742526320521
2024-06-21T03:14:15.067104+00:00,1 43437U 18039A   24173.13489661  .00000177  00000-0  91053-4 0  9994,2 43437  98.6279 239.9953 0001033 115.4406 244.6882 14.26730327320590
2024-06-21T03:14:15.067104+00:00,1 43437U 18039A   24173.13489661  .00000177  00000-0  91053-4 0  9994,2 43437  98.6279 239.9953 0001033 115.4406 244.6882 14.26730327320590
2024-06-21T18:23:08.319264+00:00,1 43437U 18039A   24173.76606851  .00000200  00000-0  10054-3 0  9993,2 43437  98.6280 240.6178 0000999 114.6823 245.4462 14.26730290320686
2024-06-22T04:29:03.808896+00:00,1 43437U 18039A   24174.18684964  .00000196  00000-0  99040-4 0  9998,2 43437  98.6279 241.0329 0000992 114.3226 245.8058 14.26730508320748
2024-06-22T04:29:03.808896+00:00,1 43437U 18039A   24174.18684964  .00000196  00000-0  99040-4 0  9998,2 43437  98.6279 241.0329 0000992 114.3226 245.8058 14.26730508320748
2024-06-22T19:37:57.035136+00:00,1 43437U 18039A   24174.81802124  .00000199  00000-0  10025-3 0  9996,2 43437  98.6278 241.6552 0000999 114.2414 245.8871 14.26730809320833
2024-06-23T14:08:48.737472+00:00,1 43437U 18039A   24175.58945298  .00000188  00000-0  95601-4 0  9993,2 43437  98.6278 242.4158 0001006 114.8275 245.3010 14.26731138320943
2024-06-23T19:11:46.459392+00:00,1 43437U 18039A   24175.79984328  .00000188  00000-0  95584-4 0  9993,2 43437  98.6278 242.6232 0000998 117.1489 242.9793 14.26731274320975
2024-06-23T19:11:46.459392+00:00,1 43437U 18039A   24175.79984328  .00000188  00000-0  95584-4 0  9993,2 43437  98.6278 242.6232 0000998 117.1489 242.9793 14.26731274320975
2024-06-24T03:36:42.688512+00:00,1 43437U 18039A   24176.15049408  .00000172  00000-0  89217-4 0  9994,2 43437  98.6278 242.9690 0001013 116.5179 243.6106 14.26731363321026
2024-06-24T18:45:35.881920+00:00,1 43437U 18039A   24176.78166530  .00000181  00000-0  92970-4 0  9999,2 43437  98.6278 243.5913 0001028 115.9883 244.1403 14.26731678321117
2024-06-25T04:51:31.329216+00:00,1 43437U 18039A   24177.20244594  .00000192  00000-0  97315-4 0  9994,2 43437  98.6278 244.0061 0001034 116.4105 243.7181 14.26731946321179
2024-06-25T14:57:26.777376+00:00,1 43437U 18039A   24177.62322659  .00000191  00000-0  97139-4 0  9992,2 43437  98.6278 244.4210 0001042 117.2396 242.8890 14.26732143321233
2024-06-25T18:19:25.258656+00:00,1 43437U 18039A   24177.76348679  .00000191  00000-0  96984-4 0  9994,2 43437  98.6278 244.5594 0001043 117.1390 242.9897 14.26732201321258
2024-06-26T04:25:20.691264+00:00,1 43437U 18039A   24178.18426726  .00000205  00000-0  10287-3 0  9998,2 43437  98.6278 244.9742 0001049 117.7090 242.4197 14.26732506321319
2024-06-27T03:59:10.022208+00:00,1 43437U 18039A   24179.16608822  .00000234  00000-0  11483-3 0  9997,2 43437  98.6278 245.9423 0001067 118.1775 241.9514 14.26733181321453
2024-06-27T19:08:03.142176+00:00,1 43437U 18039A   24179.79725859  .00000241  00000-0  11767-3 0  9999,2 43437  98.6277 246.5647 0001077 116.3593 243.7698 14.26733598321541
2024-06-28T10:16:56.240544+00:00,1 43437U 18039A   24180.42842871  .00000275  00000-0  13164-3 0  9995,2 43437  98.6277 247.1870 0001087 116.8591 243.2701 14.26734158321633
2024-06-28T10:16:56.240544+00:00,1 43437U 18039A   24180.42842871  .00000275  00000-0  13164-3 0  9995,2 43437  98.6277 247.1870 0001087 116.8591 243.2701 14.26734158321633
2024-06-28T22:03:50.845536+00:00,1 43437U 18039A   24180.91933849  .00000305  00000-0  14425-3 0  9990,2 43437  98.6277 247.6711 0001111 116.3363 243.7932 14.26734691321703
2024-06-29T11:31:44.701536+00:00,1 43437U 18039A   24181.48037849  .00000324  00000-0  15188-3 0  9996,2 43437  98.6277 248.2244 0001150 115.4758 244.6541 14.26735110321783
2024-06-29T11:31:44.701536+00:00,1 43437U 18039A   24181.48037849  .00000324  00000-0  15188-3 0  9996,2 43437  98.6277 248.2244 0001150 115.4758 244.6541 14.26735110321783
2024-06-29T21:37:40.074528+00:00,1 43437U 18039A   24181.90115827  .00000327  00000-0  15335-3 0  9993,2 43437  98.6277 248.6393 0001156 115.3733 244.7567 14.26735390321846
2024-06-30T14:27:32.340096+00:00,1 43437U 18039A   24182.60245764  .00000296  00000-0  14035-3 0  9996,2 43437  98.6278 249.3308 0001175 115.3862 244.7440 14.26735740321945
2024-06-30T19:30:30.017088+00:00,1 43437U 18039A   24182.81284742  .00000296  00000-0  14053-3 0  9998,2 43437  98.6278 249.5383 0001175 115.2862 244.8440 14.26735873321970
2024-06-30T19:30:30.017088+00:00,1 43437U 18039A   24182.81284742  .00000296  00000-0  14053-3 0  9998,2 43437  98.6278 249.5383 0001175 115.2862 244.8440 14.26735873321970
2024-07-01T10:39:23.037696+00:00,1 43437U 18039A   24183.44401664  .00000285  00000-0  13582-3 0  9996,2 43437  98.6277 250.1606 0001184 115.3668 244.7635 14.26736245322060
2024-07-01T22:26:17.596896+00:00,1 43437U 18039A   24183.93492589  .00000268  00000-0  12872-3 0  9998,2 43437  98.6277 250.6447 0001186 115.8076 244.3227 14.26736487322137
2024-07-02T03:29:15.264384+00:00,1 43437U 18039A   24184.14531556  .00000264  00000-0  12695-3 0  9999,2 43437  98.6277 250.8521 0001190 115.6496 244.4807 14.26736615322162
2024-07-02T10:13:12.157824+00:00,1 43437U 18039A   24184.42583516  .00000258  00000-0  12462-3 0  9998,2 43437  98.6278 251.1287 0001199 115.6701 244.4603 14.26736735322206
2024-07-02T18:38:08.258208+00:00,1 43437U 18039A   24184.77648447  .00000243  00000-0  11854-3 0  9999,2 43437  98.6277 251.4744 0001206 115.7023 244.4282 14.26736911322257
2024-07-03T04:44:03.575040+00:00,1 43437U 18039A   24185.19726360  .00000238  00000-0  11650-3 0  9995,2 43437  98.6277 251.8893 0001209 115.9653 244.1652 14.26737154322315
2024-07-03T21:33:55.762848+00:00,1 43437U 18039A   24185.89856207  .00000220  00000-0  10912-3 0  9997,2 43437  98.6277 252.5808 0001218 115.7926 244.3380 14.26737471322413
2024-07-04T11:01:49.495296+00:00,1 43437U 18039A   24186.45960064  .00000205  00000-0  10264-3 0  9990,2 43437  98.6277 253.1339 0001228 115.9101 244.2206 14.26737750322491
2024-07-04T14:23:47.924736+00:00,1 43437U 18039A   24186.59986024  .00000200  00000-0  10058-3 0  9995,2 43437  98.6277 253.2722 0001231 116.0552 244.0755 14.26737832322515
2024-07-04T19:26:45.568896+00:00,1 43437U 18039A   24186.81024964  .00000196  00000-0  99032-4 0  9990,2 43437  98.6277 253.4797 0001228 116.0894 244.0413 14.26737939322546
2024-07-05T03:51:41.640768+00:00,1 43437U 18039A   24187.16089862  .00000213  00000-0  10597-3 0  9995,2 43437  98.6277 253.8254 0001233 116.0853 244.0454 14.26738251322597
2024-07-05T19:00:34.562880+00:00,1 43437U 18039A   24187.79206670  .00000225  00000-0  11103-3 0  9999,2 43437  98.6277 254.4477 0001246 115.8153 244.3156 14.26738698322682
2024-07-05T22:22:32.987136+00:00,1 43437U 18039A   24187.93232624  .00000226  00000-0  11160-3 0  9997,2 43437  98.6277 254.5860 0001247 115.8235 244.3074 14.26738780322705
2024-07-06T10:09:27.478080+00:00,1 43437U 18039A   24188.42323470  .00000217  00000-0  10771-3 0  9999,2 43437  98.6276 255.0700 0001262 115.5618 244.5693 14.26738993322774
2024-07-06T21:56:21.954336+00:00,1 43437U 18039A   24188.91414299  .00000196  00000-0  99196-4 0  9998,2 43437  98.6276 255.5540 0001271 115.4155 244.7157 14.26739156322843
2024-07-07T04:40:18.793344+00:00,1 43437U 18039A   24189.19466196  .00000197  00000-0  99293-4 0  9991,2 43437  98.6275 255.8306 0001274 115.3917 244.7396 14.26739331322887
2024-07-07T04:40:18.793344+00:00,1 43437U 18039A   24189.19466196  .00000197  00000-0  99293-4 0  9991,2 43437  98.6275 255.8306 0001274 115.3917 244.7396 14.26739331322887
2024-07-08T10:58:04.544256+00:00,1 43437U 18039A   24190.45699704  .00000190  00000-0  96521-4 0  9999,2 43437  98.6275 257.0752 0001298 114.8589 245.2727 14.26739989323065
2024-07-08T14:20:02.957280+00:00,1 43437U 18039A   24190.59725645  .00000199  00000-0  10035-3 0  9992,2 43437  98.6275 257.2135 0001299 114.9578 245.1737 14.26740132323086
2024-07-08T19:23:00.573792+00:00,1 43437U 18039A   24190.80764553  .00000212  00000-0  10569-3 0  9995,2 43437  98.6275 257.4209 0001304 114.6402 245.4914 14.26740320323113
2024-07-09T10:31:53.422464+00:00,1 43437U 18039A   24191.43881276  .00000189  00000-0  96336-4 0  9997,2 43437  98.6274 258.0432 0001316 114.5411 245.5906 14.26740549323204
2024-07-09T18:56:49.440768+00:00,1 43437U 18039A   24191.78946112  .00000194  00000-0  98152-4 0  9990,2 43437  98.6274 258.3889 0001325 114.2601 245.8718 14.26740789323256
2024-07-09T18:56:49.440768+00:00,1 43437U 18039A   24191.78946112  .00000194  00000-0  98152-4 0  9990,2 43437  98.6274 258.3889 0001325 114.2601 245.8718 14.26740789323256
2024-07-10T10:05:42.273024+00:00,1 43437U 18039A   24192.42062816  .00000198  00000-0  99885-4 0  9990,2 43437  98.6273 259.0112 0001338 114.0746 246.0574 14.26741132323340
2024-07-11T01:14:35.085408+00:00,1 43437U 18039A   24193.05179497  .00000193  00000-0  97804-4 0  9998,2 43437  98.6272 259.6334 0001350 113.9090 246.2232 14.26741451323432
2024-07-11T04:36:33.978816+00:00,1 43437U 18039A   24193.19205994  .00000200  00000-0  10062-3 0  9994,2 43437  98.6261 259.7690 0001707 125.4640 234.6700 14.26732834323459
2024-07-11T14:42:29.464128+00:00,1 43437U 18039A   24193.61284102  .00000198  00000-0  99816-4 0  9990,2 43437  98.6275 260.1861 0001252 118.3295 241.8012 14.26732201323513
2024-07-11T14:42:29.464128+00:00,1 43437U 18039A   24193.61284102  .00000198  00000-0  99816-4 0  9990,2 43437  98.6275 260.1861 0001252 118.3295 241.8012 14.26732201323513
2024-07-12T14:16:18.928128+00:00,1 43437U 18039A   24194.59466352  .00000229  00000-0  11279-3 0  9998,2 43437  98.6275 261.1548 0001334 111.7082 248.4241 14.26731747323654
2024-07-12T19:19:16.652640+00:00,1 43437U 18039A   24194.80505385  .00000221  00000-0  10954-3 0  9993,2 43437  98.6273 261.3621 0001341 111.3249 248.8075 14.26731859323681
2024-07-12T19:19:16.652640+00:00,1 43437U 18039A   24194.80505385  .00000221  00000-0  10954-3 0  9993,2 43437  98.6273 261.3621 0001341 111.3249 248.8075 14.26731859323681
2024-07-13T10:28:09.832224+00:00,1 43437U 18039A   24195.43622491  .00000190  00000-0  96703-4 0  9993,2 43437  98.6272 261.9843 0001353 111.4061 248.7264 14.26732089323773
2024-07-13T22:15:04.504608+00:00,1 43437U 18039A   24195.92713547  .00000323  00000-0  15158-3 0  9992,2 43437  98.6271 262.4683 0001379 111.1784 248.9544 14.26732905323845
2024-07-14T04:59:01.473216+00:00,1 43437U 18039A   24196.20765594  .00000286  00000-0  13617-3 0  9999,2 43437  98.6271 262.7448 0001393 110.8972 249.2357 14.26732891323882
2024-07-14T10:01:59.189952+00:00,1 43437U 18039A   24196.41804618  .00000282  00000-0  13469-3 0  9994,2 43437  98.6271 262.9523 0001402 110.8356 249.2975 14.26732987323911
2024-07-14T18:26:55.387968+00:00,1 43437U 18039A   24196.76869662  .00000226  00000-0  11150-3 0  9995,2 43437  98.6271 263.2980 0001406 110.5785 249.5546 14.26732950323961
2024-07-15T11:16:47.745120+00:00,1 43437U 18039A   24197.46999705  .00000270  00000-0  12980-3 0  9996,2 43437  98.6271 263.9894 0001377 110.6014 249.5314 14.26733529324063
2024-07-15T14:38:46.222080+00:00,1 43437U 18039A   24197.61025720  .00000274  00000-0  13126-3 0  9997,2 43437  98.6271 264.1277 0001376 110.6800 249.4528 14.26733617324089
2024-07-15T19:41:43.923264+00:00,1 43437U 18039A   24197.82064726  .00000230  00000-0  11291-3 0  9992,2 43437  98.6270 264.3351 0001378 110.4796 249.6533 14.26733507324117
2024-07-16T04:06:40.083264+00:00,1 43437U 18039A   24198.17129726  .00000254  00000-0  12317-3 0  9999,2 43437  98.6270 264.6808 0001374 110.4368 249.6960 14.26733884324165
2024-07-16T19:15:33.168672+00:00,1 43437U 18039A   24198.80246723  .00000254  00000-0  12305-3 0  9993,2 43437  98.6270 265.3031 0001384 110.1690 249.9639 14.26734298324253
2024-07-17T10:24:26.249760+00:00,1 43437U 18039A   24199.43363715  .00000267  00000-0  12847-3 0  9999,2 43437  98.6270 265.9253 0001396 109.6529 250.4802 14.26734755324349
2024-07-17T22:11:20.827104+00:00,1 43437U 18039A   24199.92454661  .00000399  00000-0  18289-3 0  9996,2 43437  98.6269 266.4093 0001416 109.0986 251.0348 14.26735859324415
2024-07-18T04:55:17.738688+00:00,1 43437U 18039A   24200.20506642  .00000406  00000-0  18587-3 0  9997,2 43437  98.6269 266.6858 0001422 108.8235 251.3100 14.26736096324454
2024-07-18T09:58:15.413952+00:00,1 43437U 18039A   24200.41545618  .00000410  00000-0  18762-3 0  9996,2 43437  98.6269 266.8932 0001428 108.7997 251.3339 14.26736267324486
2024-07-18T18:23:11.542848+00:00,1 43437U 18039A   24200.76610582  .00000424  00000-0  19340-3 0  9995,2 43437  98.6269 267.2389 0001415 108.9530 251.1804 14.26736572324538
2024-07-19T11:13:03.782496+00:00,1 43437U 18039A   24201.46740489  .00000436  00000-0  19811-3 0  9999,2 43437  98.6268 267.9303 0001427 108.3324 251.8011 14.26737126324632
2024-07-19T14:35:02.224896+00:00,1 43437U 18039A   24201.60766464  .00000339  00000-0  15811-3 0  9994,2 43437  98.6268 268.0686 0001428 108.4858 251.6478 14.26736739324658
2024-07-19T21:18:59.100192+00:00,1 43437U 18039A   24201.88818403  .00000349  00000-0  16242-3 0  9995,2 43437  98.6269 268.3452 0001428 108.0937 252.0399 14.26737025324697
2024-07-20T10:46:52.859424+00:00,1 43437U 18039A   24202.44922291  .00000345  00000-0  16038-3 0  9998,2 43437  98.6268 268.8983 0001438 107.5630 252.5707 14.26737441324774
2024-07-20T19:11:48.943392+00:00,1 43437U 18039A   24202.79987203  .00000387  00000-0  17804-3 0  9998,2 43437  98.6268 269.2439 0001439 107.3893 252.7444 14.26737970324828
2024-07-20T22:33:47.377152+00:00,1 43437U 18039A   24202.94013168  .00000383  00000-0  17636-3 0  9994,2 43437  98.6268 269.3822 0001441 107.1667 252.9671 14.26738059324840
2024-07-21T03:36:45.023904+00:00,1 43437U 18039A   24203.15052111  .00000383  00000-0  17635-3 0  9998,2 43437  98.6267 269.5896 0001442 106.9998 253.1340 14.26738249324877
2024-07-21T18:45:37.962432+00:00,1 43437U 18039A   24203.78168938  .00000400  00000-0  18347-3 0  9993,2 43437  98.6267 270.2118 0001454 106.4309 253.7032 14.26738834324961
2024-07-22T04:51:33.233472+00:00,1 43437U 18039A   24204.20246798  .00000384  00000-0  17686-3 0  9998,2 43437  98.6267 270.6266 0001456 106.2245 253.9096 14.26739116325022
2024-07-22T14:57:28.491552+00:00,1 43437U 18039A   24204.62324643  .00000414  00000-0  18897-3 0  9999,2 43437  98.6267 271.0415 0001472 105.8201 254.3142 14.26739655325089
2024-07-23T11:09:19.001664+00:00,1 43437U 18039A   24205.46480326  .00000433  00000-0  19680-3 0  9995,2 43437  98.6265 271.8710 0001464 105.6239 254.5103 14.26740418325205
2024-07-23T14:31:17.409504+00:00,1 43437U 18039A   24205.60506261  .00000432  00000-0  19653-3 0  9997,2 43437  98.6266 272.0094 0001484 105.2801 254.8543 14.26740581325221
2024-07-24T03:59:11.064192+00:00,1 43437U 18039A   24206.16610028  .00000385  00000-0  17724-3 0  9990,2 43437  98.6265 272.5624 0001473 104.9479 255.1865 14.26740767325305
2024-07-25T03:32:59.916480+00:00,1 43437U 18039A   24207.14791570  .00000359  00000-0  16630-3 0  9997,2 43437  98.6264 273.5303 0001501 104.5725 255.5622 14.26741428325446
2024-07-25T05:13:59.129472+00:00,1 43437U 18039A   24207.21804548  .00000342  00000-0  15926-3 0  9994,2 43437  98.6264 273.5994 0001504 104.2724 255.8623 14.26741358325458
2024-07-25T17:00:53.540928+00:00,1 43437U 18039A   24207.70895302  .00000333  00000-0  15575-3 0  9996,2 43437  98.6263 274.0833 0001522 103.7394 256.3955 14.26741705325520
2024-07-26T04:47:47.942880+00:00,1 43437U 18039A   24208.19986045  .00000264  00000-0  12729-3 0  9996,2 43437  98.6263 274.5673 0001528 103.4321 256.7030 14.26741705325595
2024-07-26T06:28:47.143776+00:00,1 43437U 18039A   24208.26999009  .00000262  00000-0  12637-3 0  9994,2 43437  98.6263 274.6364 0001531 103.2923 256.8428 14.26741739325604
2024-07-26T11:31:44.742144+00:00,1 43437U 18039A   24208.48037896  .00000245  00000-0  11933-3 0  9994,2 43437  98.6263 274.8439 0001539 103.4518 256.6834 14.26741787325634
2024-07-27T06:02:36.501504+00:00,1 43437U 18039A   24209.25181136  .00000223  00000-0  11017-3 0  9996,2 43437  98.6259 275.6051 0001492 104.5894 255.5452 14.26731149325742
2024-07-27T17:49:31.204128+00:00,1 43437U 18039A   24209.74272227  .00000227  00000-0  11181-3 0  9998,2 43437  98.6259 276.0890 0001512 104.2478 255.8871 14.26731640325818
2024-07-28T10:39:23.643360+00:00,1 43437U 18039A   24210.44402365  .00000213  00000-0  10592-3 0  9995,2 43437  98.6263 276.7798 0001510 101.1089 259.0262 14.26732037325911
2024-07-28T22:26:18.319200+00:00,1 43437U 18039A   24210.93493425  .00000253  00000-0  12260-3 0  9994,2 43437  98.6262 277.2638 0001515 100.7734 259.3617 14.26732528325985
2024-07-29T10:13:12.988992+00:00,1 43437U 18039A   24211.42584478  .00000296  00000-0  14046-3 0  9999,2 43437  98.6262 277.7477 0001518 100.3143 259.8209 14.26732977326053
2024-07-29T18:38:09.185280+00:00,1 43437U 18039A   24211.77649520  .00000274  00000-0  13143-3 0  9990,2 43437  98.6261 278.0933 0001524 100.0225 260.1128 14.26733130326101
2024-07-29T22:00:07.663968+00:00,1 43437U 18039A   24211.91675537  .00000262  00000-0  12620-3 0  9999,2 43437  98.6261 278.2316 0001519 100.1379 259.9973 14.26733137326126
2024-07-30T11:28:01.555392+00:00,1 43437U 18039A   24212.47779578  .00000274  00000-0  13125-3 0  9995,2 43437  98.6261 278.7846 0001527  99.5726 260.5627 14.26733520326204
2024-07-30T21:33:56.961216+00:00,1 43437U 18039A   24212.89857594  .00000300  00000-0  14220-3 0  9993,2 43437  98.6261 279.1994 0001539  99.3380 260.7974 14.26733929326266
2024-07-31T04:17:53.896992+00:00,1 43437U 18039A   24213.17909603  .00000311  00000-0  14651-3 0  9994,2 43437  98.6261 279.4759 0001534  99.1656 260.9698 14.26734157326301
2024-07-31T14:23:49.305408+00:00,1 43437U 18039A   24213.59987622  .00000265  00000-0  12760-3 0  9994,2 43437  98.6261 279.8907 0001531  99.1461 260.9893 14.26734125326369
2024-07-31T19:26:46.997088+00:00,1 43437U 18039A   24213.81026617  .00000291  00000-0  13842-3 0  9998,2 43437  98.6261 280.0981 0001521  99.0462 261.0891 14.26734401326394
2024-08-01T10:35:40.066080+00:00,1 43437U 18039A   24214.44143595  .00000305  00000-0  14405-3 0  9995,2 43437  98.6261 280.7202 0001519  98.7577 261.3775 14.26734897326480
2024-08-01T22:22:34.694400+00:00,1 43437U 18039A   24214.93234600  .00000260  00000-0  12546-3 0  9991,2 43437  98.6260 281.2041 0001524  98.4571 261.6782 14.26734882326556
2024-08-02T10:09:29.300256+00:00,1 43437U 18039A   24215.42325579  .00000293  00000-0  13896-3 0  9997,2 43437  98.6260 281.6880 0001522  98.1150 262.0203 14.26735330326629
2024-08-02T18:34:25.444704+00:00,1 43437U 18039A   24215.77390561  .00000309  00000-0  14571-3 0  9997,2 43437  98.6260 282.0337 0001520  97.7696 262.3657 14.26735609326679
2024-08-02T21:56:23.888832+00:00,1 43437U 18039A   24215.91416538  .00000300  00000-0  14193-3 0  9997,2 43437  98.6260 282.1719 0001518  97.8493 262.2859 14.26735664326693
2024-08-03T14:46:16.154400+00:00,1 43437U 18039A   24216.61546475  .00000295  00000-0  13993-3 0  9999,2 43437  98.6260 282.8632 0001523  97.4449 262.6904 14.26736058326791
2024-08-03T21:30:13.042656+00:00,1 43437U 18039A   24216.89598429  .00000306  00000-0  14463-3 0  9991,2 43437  98.6260 283.1397 0001520  97.2520 262.8833 14.26736310326837
2024-08-04T04:14:09.937824+00:00,1 43437U 18039A   24217.17650391  .00000310  00000-0  14611-3 0  9990,2 43437  98.6259 283.4162 0001517  97.0701 263.0652 14.26736520326872
2024-08-04T14:20:05.265024+00:00,1 43437U 18039A   24217.59728316  .00000329  00000-0  15377-3 0  9999,2 43437  98.6259 283.8310 0001525  96.8068 263.3286 14.26736933326934
2024-08-04T22:45:01.298016+00:00,1 43437U 18039A   24217.94793169  .00000456  00000-0  20640-3 0  9996,2 43437  98.6259 284.1766 0001525  96.6486 263.4868 14.26738093326986
2024-08-05T18:56:51.978336+00:00,1 43437U 18039A   24218.78949049  .00000322  00000-0  15096-3 0  9990,2 43437  98.6258 285.0061 0001526  96.0963 264.0391 14.26737805327101
2024-08-05T22:18:50.411232+00:00,1 43437U 18039A   24218.92975013  .00000307  00000-0  14483-3 0  9998,2 43437  98.6257 285.1444 0001526  96.1344 264.0010 14.26737824327121
2024-08-06T03:21:48.057984+00:00,1 43437U 18039A   24219.14013956  .00000306  00000-0  14438-3 0  9991,2 43437  98.6257 285.3518 0001523  95.9325 264.2029 14.26737990327157
2024-08-06T18:30:40.998240+00:00,1 43437U 18039A   24219.77130785  .00000293  00000-0  13927-3 0  9997,2 43437  98.6257 285.9739 0001529  95.4032 264.7323 14.26738377327246
2024-08-07T02:55:37.054560+00:00,1 43437U 18039A   24220.12195665  .00000294  00000-0  13952-3 0  9995,2 43437  98.6256 286.3195 0001518  95.2320 264.9033 14.26738670327293
2024-08-07T02:55:37.054560+00:00,1 43437U 18039A   24220.12195665  .00000294  00000-0  13952-3 0  9995,2 43437  98.6256 286.3195 0001518  95.2320 264.9033 14.26738670327293
2024-08-07T18:04:29.955936+00:00,1 43437U 18039A   24220.75312449  .00000320  00000-0  15006-3 0  9997,2 43437  98.6254 286.9416 0001511  95.0573 265.0780 14.26739293327387
2024-08-08T04:10:25.205376+00:00,1 43437U 18039A   24221.17390284  .00000423  00000-0  19264-3 0  9991,2 43437  98.6254 287.3564 0001498  94.9684 265.1667 14.26740183327443
2024-08-08T19:19:18.053184+00:00,1 43437U 18039A   24221.80507006  .00000423  00000-0  19289-3 0  9990,2 43437  98.6253 287.9784 0001493  94.5843 265.5508 14.26740771327531
2024-08-08T22:41:16.459296+00:00,1 43437U 18039A   24221.94532939  .00000426  00000-0  19387-3 0  9990,2 43437  98.6252 288.1167 0001493  94.5323 265.6028 14.26740913327559
2024-08-09T10:28:10.896672+00:00,1 43437U 18039A   24222.43623723  .00000455  00000-0  20612-3 0  9992,2 43437  98.6252 288.6005 0001491  94.2437 265.8913 14.26741465327622
2024-08-09T18:53:06.915840+00:00,1 43437U 18039A   24222.78688560  .00000453  00000-0  20515-3 0  9990,2 43437  98.6251 288.9461 0001485  94.1601 265.9749 14.26741731327674
2024-08-10T03:18:02.894400+00:00,1 43437U 18039A   24223.13753350  .00000529  00000-0  23664-3 0  9992,2 43437  98.6250 289.2916 0001477  94.0264 266.1086 14.26742536327724
2024-08-10T03:18:02.894400+00:00,1 43437U 18039A   24223.13753350  .00000529  00000-0  23664-3 0  9992,2 43437  98.6250 289.2916 0001477  94.0264 266.1086 14.26742536327724
2024-08-10T18:26:55.667904+00:00,1 43437U 18039A   24223.76869986  .00000475  00000-0  21442-3 0  9996,2 43437  98.6249 289.9137 0001472  93.6928 266.4421 14.26742862327819
2024-08-11T11:16:47.593056+00:00,1 43437U 18039A   24224.46999529  .00000595  00000-0  26395-3 0  9996,2 43437  98.6248 290.6050 0001468  92.8451 267.2897 14.26744244327911
2024-08-11T21:22:42.697344+00:00,1 43437U 18039A   24224.89077196  .00000726  00000-0  31776-3 0  9995,2 43437  98.6248 291.0197 0001464  92.3622 267.7726 14.26745514327972
2024-08-12T10:50:36.195648+00:00,1 43437U 18039A   24225.45180782  .00000571  00000-0  25409-3 0  9998,2 43437  98.6248 291.5727 0001455  92.1020 268.0327 14.26745353328058
2024-08-12T15:53:33.628992+00:00,1 43437U 18039A   24225.66219478  .00000836  00000-0  36318-3 0  9991,2 43437  98.6247 291.7800 0001457  91.7294 268.4053 14.26747464328089
2024-08-12T19:15:31.911552+00:00,1 43437U 18039A   24225.80245268  .00001058  00000-0  45491-3 0  9992,2 43437  98.6247 291.9182 0001464  91.3871 268.7477 14.26749110328105
2024-08-13T10:24:24.629760+00:00,1 43437U 18039A   24226.43361840  .00000555  00000-0  24737-3 0  9998,2 43437  98.6247 292.5403 0001469  91.3433 268.7916 14.26746920328190
2024-08-13T22:11:18.807936+00:00,1 43437U 18039A   24226.92452324  .00000694  00000-0  30482-3 0  9998,2 43437  98.6246 293.0241 0001457  90.9198 269.2150 14.26748508328263
2024-08-13T22:11:18.807936+00:00,1 43437U 18039A   24226.92452324  .00000694  00000-0  30482-3 0  9998,2 43437  98.6246 293.0241 0001457  90.9198 269.2150 14.26748508328263
2024-08-14T04:55:16.036608+00:00,1 43437U 18039A   24227.20504672  .00000710  00000-0  31145-3 0  9990,2 43437  98.6254 293.3008 0001440  88.7960 271.3386 14.26733025328308
2024-08-14T09:58:13.738656+00:00,1 43437U 18039A   24227.41543679  .00000701  00000-0  30750-3 0  9994,2 43437  98.6253 293.5079 0001433  88.7048 271.4296 14.26733430328330
2024-08-14T21:45:08.385984+00:00,1 43437U 18039A   24227.90634706  .00000345  00000-0  16054-3 0  9995,2 43437  98.6248 293.9918 0001464  87.8311 272.3037 14.26734428328406
2024-08-15T12:54:01.423872+00:00,1 43437U 18039A   24228.53751648  .00000509  00000-0  22854-3 0  9997,2 43437  98.6246 294.6138 0001455  87.3185 272.8162 14.26735167328494
2024-08-15T12:54:01.423872+00:00,1 43437U 18039A   24228.53751648  .00000509  00000-0  22854-3 0  9997,2 43437  98.6246 294.6138 0001455  87.3185 272.8162 14.26735167328494
2024-08-15T21:18:57.547584+00:00,1 43437U 18039A   24228.88816606  .00000496  00000-0  22277-3 0  9995,2 43437  98.6246 294.9594 0001449  86.9594 273.1753 14.26735595328546
2024-08-16T04:02:54.434976+00:00,1 43437U 18039A   24229.16868559  .00000544  00000-0  24299-3 0  9991,2 43437  98.6246 295.2359 0001444  86.7293 273.4053 14.26736265328583
2024-08-16T19:11:47.414976+00:00,1 43437U 18039A   24229.79985434  .00000562  00000-0  25027-3 0  9992,2 43437  98.6244 295.8579 0001445  86.1948 273.9398 14.26737292328671
2024-08-16T19:11:47.414976+00:00,1 43437U 18039A   24229.79985434  .00000562  00000-0  25027-3 0  9992,2 43437  98.6244 295.8579 0001445  86.1948 273.9398 14.26737292328671
2024-08-17T03:36:43.510176+00:00,1 43437U 18039A   24230.15050359  .00000591  00000-0  26228-3 0  9999,2 43437  98.6244 296.2034 0001442  86.0483 274.0862 14.26737722328724
2024-08-17T15:23:37.999392+00:00,1 43437U 18039A   24230.64141203  .00000532  00000-0  23801-3 0  9991,2 43437  98.6244 296.6872 0001437  85.8029 274.3316 14.26738220328793
2024-08-18T03:10:32.477376+00:00,1 43437U 18039A   24231.13232034  .00000579  00000-0  25720-3 0  9992,2 43437  98.6243 297.1710 0001432  85.3156 274.8188 14.26739162328866
2024-08-18T03:10:32.477376+00:00,1 43437U 18039A   24231.13232034  .00000579  00000-0  25720-3 0  9992,2 43437  98.6243 297.1710 0001432  85.3156 274.8188 14.26739162328866
2024-08-18T18:19:25.371840+00:00,1 43437U 18039A   24231.76348810  .00000482  00000-0  21724-3 0  9994,2 43437  98.6242 297.7930 0001433  84.9617 275.1727 14.26739462328959
2024-08-19T04:25:20.604864+00:00,1 43437U 18039A   24232.18426626  .00000480  00000-0  21637-3 0  9994,2 43437  98.6242 298.2076 0001395  85.1354 274.9986 14.26739980329011
2024-08-19T11:09:17.426592+00:00,1 43437U 18039A   24232.46478503  .00000471  00000-0  21280-3 0  9990,2 43437  98.6242 298.4841 0001389  85.1965 274.9374 14.26740266329058
2024-08-20T03:59:09.451104+00:00,1 43437U 18039A   24233.16608161  .00000494  00000-0  22200-3 0  9991,2 43437  98.6241 299.1752 0001374  84.9293 275.2044 14.26741253329157
2024-08-20T15:46:03.853920+00:00,1 43437U 18039A   24233.65698905  .00000483  00000-0  21751-3 0  9998,2 43437  98.6241 299.6590 0001366  84.8629 275.2707 14.26741779329222
2024-08-21T03:32:58.858080+00:00,1 43437U 18039A   24234.14790345  .00000520  00000-0  23287-3 0  9992,2 43437  98.6242 300.1421 0001350  79.1754 280.9579 14.26729019329293
2024-08-21T03:32:58.858080+00:00,1 43437U 18039A   24234.14790345  .00000520  00000-0  23287-3 0  9992,2 43437  98.6242 300.1421 0001350  79.1754 280.9579 14.26729019329293
2024-08-21T18:41:52.127520+00:00,1 43437U 18039A   24234.77907555  .00000510  00000-0  22858-3 0  9996,2 43437  98.6241 300.7640 0001363  79.7059 280.4275 14.26729997329382
2024-08-22T04:47:47.630112+00:00,1 43437U 18039A   24235.19985683  .00000485  00000-0  21849-3 0  9991,2 43437  98.6239 301.1789 0001367  80.7455 279.3880 14.26730266329441
2024-08-22T11:31:44.632416+00:00,1 43437U 18039A   24235.48037769  .00000228  00000-0  11230-3 0  9994,2 43437  98.6239 301.4554 0001353  79.9613 280.1720 14.26730031329482
2024-08-22T21:37:40.110816+00:00,1 43437U 18039A   24235.90115869  .00000214  00000-0  10663-3 0  9993,2 43437  98.6237 301.8703 0001371  80.4900 279.6435 14.26730421329542
2024-08-23T11:05:34.069632+00:00,1 43437U 18039A   24236.46219988  .00000201  00000-0  10123-3 0  9999,2 43437  98.6237 302.4232 0001334  80.9393 279.1938 14.26730779329624
2024-08-23T14:27:32.564736+00:00,1 43437U 18039A   24236.60246024  .00000178  00000-0  91436-4 0  9996,2 43437  98.6236 302.5614 0001333  80.9321 279.2010 14.26730744329644
2024-08-24T10:39:23.451552+00:00,1 43437U 18039A   24237.44402143  .00000373  00000-0  17201-3 0  9999,2 43437  98.6235 303.3907 0001305  79.9294 280.2034 14.26732050329766
2024-08-24T19:04:19.643520+00:00,1 43437U 18039A   24237.79467180  .00000371  00000-0  17114-3 0  9990,2 43437  98.6235 303.7362 0001302  79.9000 280.2328 14.26732391329817
2024-08-24T22:26:18.120480+00:00,1 43437U 18039A   24237.93493195  .00000357  00000-0  16566-3 0  9995,2 43437  98.6234 303.8744 0001298  80.0338 280.0988 14.26732451329831
2024-08-25T10:13:12.793728+00:00,1 43437U 18039A   24238.42584252  .00000349  00000-0  16219-3 0  9991,2 43437  98.6234 304.3582 0001294  80.2222 279.9104 14.26732838329901
2024-08-25T22:00:07.452288+00:00,1 43437U 18039A   24238.91675292  .00000326  00000-0  15287-3 0  9999,2 43437  98.6233 304.8419 0001286  80.0547 280.0779 14.26733133329970
2024-08-26T04:44:04.404480+00:00,1 43437U 18039A   24239.19727320  .00000342  00000-0  15926-3 0  9998,2 43437  98.6233 305.1183 0001290  79.9768 280.1558 14.26733432330014
2024-08-26T11:28:01.345440+00:00,1 43437U 18039A   24239.47779335  .00000339  00000-0  15812-3 0  9992,2 43437  98.6232 305.3948 0001290  79.8915 280.2411 14.26733634330054
2024-08-26T21:33:56.740896+00:00,1 43437U 18039A   24239.89857339  .00000369  00000-0  17051-3 0  9999,2 43437  98.6232 305.8094 0001283  79.7397 280.3928 14.26734151330112
2024-08-27T04:17:53.675808+00:00,1 43437U 18039A   24240.17909347  .00000345  00000-0  16075-3 0  9998,2 43437  98.6231 306.0858 0001273  79.6391 280.4933 14.26734247330151
2024-08-28T03:51:42.887520+00:00,1 43437U 18039A   24241.16091305  .00000396  00000-0  18179-3 0  9997,2 43437  98.6230 307.0532 0001261  79.3573 280.7749 14.26735358330293
2024-08-28T10:35:39.793920+00:00,1 43437U 18039A   24241.44143280  .00000400  00000-0  18316-3 0  9997,2 43437  98.6230 307.3296 0001256  79.3576 280.7746 14.26735613330336
2024-08-28T22:22:34.372128+00:00,1 43437U 18039A   24241.93234227  .00000421  00000-0  19197-3 0  9994,2 43437  98.6229 307.8133 0001251  79.2012 280.9310 14.26736148330409
2024-08-29T10:09:28.937376+00:00,1 43437U 18039A   24242.42325159  .00000434  00000-0  19742-3 0  9994,2 43437  98.6229 308.2970 0001247  79.0459 281.0862 14.26736648330477
2024-08-29T10:09:28.937376+00:00,1 43437U 18039A   24242.42325159  .00000434  00000-0  19742-3 0  9994,2 43437  98.6229 308.2970 0001247  79.0459 281.0862 14.26736648330477
2024-08-30T04:40:20.391744+00:00,1 43437U 18039A   24243.19468046  .00000439  00000-0  19930-3 0  9996,2 43437  98.6228 309.0570 0001234  78.6784 281.4535 14.26737272330580
2024-08-30T21:30:12.558816+00:00,1 43437U 18039A   24243.89597869  .00000492  00000-0  22112-3 0  9994,2 43437  98.6228 309.7480 0001235  78.5069 281.6250 14.26738222330686
2024-08-31T04:14:09.335616+00:00,1 43437U 18039A   24244.17649694  .00000655  00000-0  28850-3 0  9996,2 43437  98.6228 310.0244 0001233  78.3219 281.8099 14.26739690330720
2024-08-31T10:58:06.166848+00:00,1 43437U 18039A   24244.45701582  .00000656  00000-0  28903-3 0  9992,2 43437  98.6228 310.3008 0001225  78.4173 281.7144 14.26740053330761
2024-09-01T10:31:55.203168+00:00,1 43437U 18039A   24245.43883337  .00000519  00000-0  23255-3 0  9993,2 43437  98.6227 311.2682 0001190  78.4867 281.6447 14.26740023330907
2024-09-01T10:31:55.203168+00:00,1 43437U 18039A   24245.43883337  .00000519  00000-0  23255-3 0  9993,2 43437  98.6227 311.2682 0001190  78.4867 281.6447 14.26740023330907
2024-09-01T22:18:49.659552+00:00,1 43437U 18039A   24245.92974143  .00000519  00000-0  23244-3 0  9991,2 43437  98.6227 311.7519 0001160  78.4721 281.6589 14.26740514330976
2024-09-02T10:05:44.108160+00:00,1 43437U 18039A   24246.42064940  .00000542  00000-0  24188-3 0  9996,2 43437  98.6226 312.2356 0001155  78.4303 281.7007 14.26741117331045
2024-09-02T18:30:40.136832+00:00,1 43437U 18039A   24246.77129788  .00000577  00000-0  25656-3 0  9995,2 43437  98.6226 312.5810 0001143  78.1132 282.0177 14.26741635331099
2024-09-02T21:52:38.522208+00:00,1 43437U 18039A   24246.91155697  .00000588  00000-0  26100-3 0  9996,2 43437  98.6226 312.7192 0001137  77.9959 282.1349 14.26741899331118
2024-09-03T14:42:30.508704+00:00,1 43437U 18039A   24247.61285311  .00000667  00000-0  29365-3 0  9995,2 43437  98.6224 313.4102 0001118  78.1712 281.9593 14.26743147331211
2024-09-03T18:04:28.881120+00:00,1 43437U 18039A   24247.75311205  .00000694  00000-0  30490-3 0  9993,2 43437  98.6224 313.5484 0001120  78.1612 281.9694 14.26743533331230
2024-09-04T02:29:24.844128+00:00,1 43437U 18039A   24248.10375977  .00000695  00000-0  30514-3 0  9997,2 43437  98.6223 313.8938 0001105  78.2805 281.8499 14.26743994331282
2024-09-04T02:29:24.844128+00:00,1 43437U 18039A   24248.10375977  .00000695  00000-0  30514-3 0  9997,2 43437  98.6223 313.8938 0001105  78.2805 281.8499 14.26743994331282
2024-09-05T03:44:13.373376+00:00,1 43437U 18039A   24249.15571034  .00000833  00000-0  36233-3 0  9993,2 43437  98.6217 314.9306 0001198  62.7223 297.4080 14.26738485331435
2024-09-05T03:44:13.373376+00:00,1 43437U 18039A   24249.15571034  .00000833  00000-0  36233-3 0  9993,2 43437  98.6217 314.9306 0001198  62.7223 297.4080 14.26738485331435
2024-09-05T18:53:06.306720+00:00,1 43437U 18039A   24249.78687855  .00000822  00000-0  35772-3 0  9996,2 43437  98.6217 315.5524 0001154  64.0173 296.1127 14.26739262331527
2024-09-06T04:59:01.582944+00:00,1 43437U 18039A   24250.20765721  .00000635  00000-0  28056-3 0  9993,2 43437  98.6216 315.9669 0001146  64.9311 295.1989 14.26739372331587
2024-09-07T11:16:47.304480+00:00,1 43437U 18039A   24251.46999195  .00000671  00000-0  29511-3 0  9993,2 43437  98.6214 317.2101 0001089  67.6788 292.4508 14.26741238331766
2024-09-07T11:16:47.304480+00:00,1 43437U 18039A   24251.46999195  .00000671  00000-0  29511-3 0  9993,2 43437  98.6214 317.2101 0001089  67.6788 292.4508 14.26741238331766
2024-09-07T19:41:43.316736+00:00,1 43437U 18039A   24251.82064024  .00000733  00000-0  32093-3 0  9995,2 43437  98.6214 317.5556 0001079  67.1884 292.9410 14.26742026331813
2024-09-08T14:12:34.496352+00:00,1 43437U 18039A   24252.59206593  .00000663  00000-0  29208-3 0  9995,2 43437  98.6213 318.3156 0001042  68.1546 291.9746 14.26742755331925
2024-09-08T19:15:32.073120+00:00,1 43437U 18039A   24252.80245455  .00000684  00000-0  30044-3 0  9992,2 43437  98.6212 318.5229 0001061  69.2901 290.8393 14.26743188331955
2024-09-08T19:15:32.073120+00:00,1 43437U 18039A   24252.80245455  .00000684  00000-0  30044-3 0  9992,2 43437  98.6212 318.5229 0001061  69.2901 290.8393 14.26743188331955
2024-09-09T10:24:24.808608+00:00,1 43437U 18039A   24253.43362047  .00000750  00000-0  32768-3 0  9998,2 43437  98.6212 319.1446 0001055  69.2913 290.8381 14.26744451332041
2024-09-09T22:11:19.130208+00:00,1 43437U 18039A   24253.92452697  .00000704  00000-0  30893-3 0  9999,2 43437  98.6211 319.6281 0001044  69.2535 290.8757 14.26744933332110
2024-09-10T04:55:15.886272+00:00,1 43437U 18039A   24254.20504498  .00000720  00000-0  31556-3 0  9993,2 43437  98.6210 319.9045 0001040  69.1240 291.0052 14.26745402332155
2024-09-10T16:42:10.177632+00:00,1 43437U 18039A   24254.69595113  .00000716  00000-0  31366-3 0  9994,2 43437  98.6210 320.3880 0001029  69.1658 290.9632 14.26746092332224
2024-09-11T11:13:01.189632+00:00,1 43437U 18039A   24255.46737488  .00000704  00000-0  30894-3 0  9995,2 43437  98.6209 321.1479 0001005  69.0595 291.0693 14.26747036332338
2024-09-11T14:34:59.536992+00:00,1 43437U 18039A   24255.60763353  .00000703  00000-0  30845-3 0  9996,2 43437  98.6210 321.2861 0000996  68.9699 291.1588 14.26747276332359
2024-09-11T19:37:57.067104+00:00,1 43437U 18039A   24255.81802161  .00000676  00000-0  29737-3 0  9997,2 43437  98.6209 321.4933 0000984  68.8411 291.2875 14.26747424332385
2024-09-12T14:08:47.844096+00:00,1 43437U 18039A   24256.58944264  .00001007  00000-0  43398-3 0  9991,2 43437  98.6208 322.2532 0000963  68.9294 291.1989 14.26750805332499
2024-09-12T14:08:47.844096+00:00,1 43437U 18039A   24256.58944264  .00001007  00000-0  43398-3 0  9991,2 43437  98.6208 322.2532 0000963  68.9294 291.1989 14.26750805332499
2024-09-15T04:25:19.436736+00:00,1 43437U 18039A   24259.18425274  .00000689  00000-0  30252-3 0  9995,2 43437  98.6206 324.8092 0000942  66.9865 293.1415 14.26738510332861
2024-09-15T19:34:12.346752+00:00,1 43437U 18039A   24259.81542068  .00000635  00000-0  28052-3 0  9992,2 43437  98.6203 325.4308 0000898  65.7415 294.3859 14.26739212332958
2024-09-16T10:43:05.259360+00:00,1 43437U 18039A   24260.44658865  .00000582  00000-0  25855-3 0  9995,2 43437  98.6204 326.0525 0000876  66.4011 293.7261 14.26739668333049
2024-09-16T10:43:05.259360+00:00,1 43437U 18039A   24260.44658865  .00000582  00000-0  25855-3 0  9995,2 43437  98.6204 326.0525 0000876  66.4011 293.7261 14.26739668333049
2024-09-16T19:08:01.289760+00:00,1 43437U 18039A   24260.79723715  .00000523  00000-0  23417-3 0  9997,2 43437  98.6204 326.3979 0000868  66.9136 293.2136 14.26739819333098
2024-09-17T10:16:53.963904+00:00,1 43437U 18039A   24261.42840236  .00000872  00000-0  37832-3 0  9999,2 43437  98.6203 327.0195 0000847  66.9999 293.1271 14.26743131333180
2024-09-17T18:41:49.940736+00:00,1 43437U 18039A   24261.77905024  .00000898  00000-0  38882-3 0  9998,2 43437  98.6202 327.3649 0000841  67.1833 292.9436 14.26743860333235
2024-09-17T18:41:49.940736+00:00,1 43437U 18039A   24261.77905024  .00000898  00000-0  38882-3 0  9998,2 43437  98.6202 327.3649 0000841  67.1833 292.9436 14.26743860333235
2024-09-18T04:47:45.357792+00:00,1 43437U 18039A   24262.19983053  .00000503  00000-0  22577-3 0  9990,2 43437  98.6202 327.7793 0000844  68.6029 291.5241 14.26741545333298
2024-09-18T18:15:38.974464+00:00,1 43437U 18039A   24262.76086776  .00000441  00000-0  20033-3 0  9995,2 43437  98.6201 328.3319 0000818  68.4295 291.6973 14.26741811333370
2024-09-19T02:40:34.973760+00:00,1 43437U 18039A   24263.11151590  .00000420  00000-0  19156-3 0  9993,2 43437  98.6201 328.6773 0000800  68.4047 291.7219 14.26742052333421
2024-09-19T11:05:30.961824+00:00,1 43437U 18039A   24263.46216391  .00000407  00000-0  18615-3 0  9996,2 43437  98.6200 329.0226 0000778  68.2893 291.8370 14.26742346333479
2024-09-20T10:39:20.216736+00:00,1 43437U 18039A   24264.44398399  .00000419  00000-0  19121-3 0  9990,2 43437  98.6198 329.9897 0000790  69.5021 290.6244 14.26735586333610
2024-09-20T10:39:20.216736+00:00,1 43437U 18039A   24264.44398399  .00000419  00000-0  19121-3 0  9990,2 43437  98.6198 329.9897 0000790  69.5021 290.6244 14.26735586333610
2024-09-21T10:13:09.383520+00:00,1 43437U 18039A   24265.42580305  .00000398  00000-0  18233-3 0  9998,2 43437  98.6197 330.9565 0000753  69.8489 290.2772 14.26736282333754
2024-09-21T15:16:07.058784+00:00,1 43437U 18039A   24265.63619281  .00000356  00000-0  16511-3 0  9998,2 43437  98.6196 331.1637 0000749  70.0927 290.0335 14.26736278333783
2024-09-22T13:08:56.955552+00:00,1 43437U 18039A   24266.54788143  .00000348  00000-0  16189-3 0  9995,2 43437  98.6194 332.0617 0000716  70.8681 289.2577 14.26736863333911
2024-09-22T19:52:53.837760+00:00,1 43437U 18039A   24266.82840090  .00000325  00000-0  15233-3 0  9990,2 43437  98.6194 332.3380 0000706  70.9611 289.1646 14.26737009333957
2024-09-22T21:33:53.061120+00:00,1 43437U 18039A   24266.89853080  .00000316  00000-0  14850-3 0  9994,2 43437  98.6194 332.4071 0000713  71.0242 289.1016 14.26737025333965
2024-09-23T12:42:46.025568+00:00,1 43437U 18039A   24267.52969937  .00000374  00000-0  17270-3 0  9997,2 43437  98.6193 333.0287 0000698  71.8891 288.2365 14.26737880334057
2024-09-24T03:51:39.004704+00:00,1 43437U 18039A   24268.16086811  .00000340  00000-0  15867-3 0  9992,2 43437  98.6192 333.6503 0000681  72.6869 287.4386 14.26738086334142
2024-09-24T10:35:35.872224+00:00,1 43437U 18039A   24268.44138741  .00000347  00000-0  16156-3 0  9992,2 43437  98.6191 333.9265 0000678  73.0299 287.0956 14.26738312334182
2024-09-24T17:19:32.728512+00:00,1 43437U 18039A   24268.72190658  .00000358  00000-0  16600-3 0  9994,2 43437  98.6191 334.2028 0000672  73.4615 286.6639 14.26738604334225
2024-09-25T10:09:24.848064+00:00,1 43437U 18039A   24269.42320426  .00000389  00000-0  17877-3 0  9991,2 43437  98.6190 334.8934 0000658  74.5161 285.6092 14.26739319334325
2024-09-25T13:31:23.274912+00:00,1 43437U 18039A   24269.56346383  .00000412  00000-0  18844-3 0  9998,2 43437  98.6190 335.0315 0000662  74.9588 285.1666 14.26739548334341
2024-09-25T21:56:19.320000+00:00,1 43437U 18039A   24269.91411250  .00000422  00000-0  19222-3 0  9995,2 43437  98.6190 335.3769 0000665  75.6096 284.5158 14.26739884334399
2024-09-26T13:05:12.212736+00:00,1 43437U 18039A   24270.54528024  .00000428  00000-0  19465-3 0  9999,2 43437  98.6189 335.9984 0000652  77.2397 282.8856 14.26740372334480
2024-09-26T21:30:08.241408+00:00,1 43437U 18039A   24270.89592872  .00000441  00000-0  20014-3 0  9996,2 43437  98.6188 336.3437 0000644  77.6870 282.4383 14.26740732334535
2024-09-27T12:39:01.081440+00:00,1 43437U 18039A   24271.52709585  .00000441  00000-0  20018-3 0  9992,2 43437  98.6188 336.9655 0000620  78.6878 281.4372 14.26741285334627
2024-09-27T19:22:57.892800+00:00,1 43437U 18039A   24271.80761450  .00000442  00000-0  20072-3 0  9993,2 43437  98.6188 337.2417 0000615  79.4651 280.6599 14.26741538334666
2024-09-27T19:22:57.892800+00:00,1 43437U 18039A   24271.80761450  .00000442  00000-0  20072-3 0  9993,2 43437  98.6188 337.2417 0000615  79.4651 280.6599 14.26741538334666
2024-09-28T10:31:50.703456+00:00,1 43437U 18039A   24272.43878129  .00000450  00000-0  20411-3 0  9991,2 43437  98.6187 337.8633 0000604  80.8721 279.2528 14.26742145334754
2024-09-28T22:18:45.070848+00:00,1 43437U 18039A   24272.92968832  .00000473  00000-0  21359-3 0  9993,2 43437  98.6187 338.3467 0000595  81.8623 278.2624 14.26742803334821
2024-09-29T01:40:43.463136+00:00,1 43437U 18039A   24273.06994749  .00000476  00000-0  21454-3 0  9994,2 43437  98.6187 338.4848 0000592  82.2888 277.8360 14.26742958334845
2024-09-29T10:05:39.442560+00:00,1 43437U 18039A   24273.42059540  .00000477  00000-0  21526-3 0  9996,2 43437  98.6187 338.8301 0000589  83.2400 276.8847 14.26743301334897
2024-09-29T21:52:33.771072+00:00,1 43437U 18039A   24273.91150198  .00000529  00000-0  23654-3 0  9993,2 43437  98.6186 339.3135 0000564  84.2671 275.8573 14.26744128334962
2024-09-30T04:36:30.554784+00:00,1 43437U 18039A   24274.19202031  .00000542  00000-0  24201-3 0  9992,2 43437  98.6185 339.5898 0000598  85.4957 274.6291 14.26744471335007
2024-09-30T18:04:24.060000+00:00,1 43437U 18039A   24274.75305625  .00000545  00000-0  24309-3 0  9999,2 43437  98.6185 340.1422 0000600  86.9503 273.1746 14.26745115335088
2024-10-01T10:54:15.890112+00:00,1 43437U 18039A   24275.45435058  .00000591  00000-0  26198-3 0  9990,2 43437  98.6184 340.8329 0000566  89.5060 270.6185 14.26746199335181
2024-10-01T10:54:15.890112+00:00,1 43437U 18039A   24275.45435058  .00000591  00000-0  26198-3 0  9990,2 43437  98.6184 340.8329 0000566  89.5060 270.6185 14.26746199335181
2024-10-01T19:19:11.801280+00:00,1 43437U 18039A   24275.80499770  .00000593  00000-0  26316-3 0  9994,2 43437  98.6183 341.1782 0000537  91.0306 269.0936 14.26746609335234
2024-10-02T03:44:07.660608+00:00,1 43437U 18039A   24276.15564422  .00000897  00000-0  38869-3 0  9993,2 43437  98.6182 341.5234 0000570  91.4327 268.6919 14.26748817335287
2024-10-02T17:12:01.048320+00:00,1 43437U 18039A   24276.71667880  .00000870  00000-0  37720-3 0  9993,2 43437  98.6181 342.0759 0000565  93.3190 266.8056 14.26749474335368
2024-10-02T17:12:01.048320+00:00,1 43437U 18039A   24276.71667880  .00000870  00000-0  37720-3 0  9993,2 43437  98.6181 342.0759 0000565  93.3190 266.8056 14.26749474335368
2024-10-03T10:01:52.830048+00:00,1 43437U 18039A   24277.41797257  .00000947  00000-0  40929-3 0  9993,2 43437  98.6179 342.7664 0000555  95.0065 265.1179 14.26750574335468
2024-10-04T04:32:44.667168+00:00,1 43437U 18039A   24278.18940587  .00000901  00000-0  39017-3 0  9990,2 43437  98.6334 343.5274 0000617  84.8609 275.2642 14.26732715335572
2024-10-04T11:16:41.616768+00:00,1 43437U 18039A   24278.46992612  .00000914  00000-0  39551-3 0  9994,2 43437  98.6334 343.8040 0000624  87.0635 273.0617 14.26733348335614
2024-10-04T19:41:37.845024+00:00,1 43437U 18039A   24278.82057691  .00000996  00000-0  42973-3 0  9995,2 43437  98.6338 344.1499 0000472  87.5982 272.5252 14.26732853335665
2024-10-05T10:50:30.980544+00:00,1 43437U 18039A   24279.45174746  .00001024  00000-0  44132-3 0  9998,2 43437  98.6336 344.7725 0000456  90.2296 269.8937 14.26734194335751
2024-10-05T10:50:30.980544+00:00,1 43437U 18039A   24279.45174746  .00001024  00000-0  44132-3 0  9998,2 43437  98.6336 344.7725 0000456  90.2296 269.8937 14.26734194335751
2024-10-05T19:15:27.173376+00:00,1 43437U 18039A   24279.80239784  .00000967  00000-0  41763-3 0  9993,2 43437  98.6334 345.1182 0000445  90.0078 270.1154 14.26734416335804
2024-10-06T10:24:20.262240+00:00,1 43437U 18039A   24280.43356785  .00000885  00000-0  38362-3 0  9995,2 43437  98.6333 345.7409 0000425  93.7999 266.3230 14.26734884335891
2024-10-06T15:27:17.951328+00:00,1 43437U 18039A   24280.64395777  .00000880  00000-0  38147-3 0  9998,2 43437  98.6332 345.9484 0000413  94.3285 265.7943 14.26735255335928
2024-10-06T15:27:17.951328+00:00,1 43437U 18039A   24280.64395777  .00000880  00000-0  38147-3 0  9998,2 43437  98.6332 345.9484 0000413  94.3285 265.7943 14.26735255335928
2024-10-07T09:58:09.394464+00:00,1 43437U 18039A   24281.41538651  .00000936  00000-0  40485-3 0  9994,2 43437  98.6332 346.7094 0000407  98.3952 261.7274 14.26736990336035
2024-10-08T04:29:00.378816+00:00,1 43437U 18039A   24282.18680994  .00001962  00000-0  82841-3 0  9999,2 43437  98.6330 347.4703 0000401 100.6773 259.4452 14.26745364336149
2024-10-08T11:12:57.119328+00:00,1 43437U 18039A   24282.46732777  .00001964  00000-0  82914-3 0  9990,2 43437  98.6330 347.7470 0000402 101.5571 258.5654 14.26746310336180
2024-10-08T21:18:52.850016+00:00,1 43437U 18039A   24282.88811169  .00000820  00000-0  35696-3 0  9994,2 43437  98.6329 348.1621 0000506 106.5353 253.5883 14.26739367336249
2024-10-09T04:02:49.675200+00:00,1 43437U 18039A   24283.16863050  .00000940  00000-0  40623-3 0  9991,2 43437  98.6329 348.4388 0000515 107.3113 252.8124 14.26740576336283
2024-10-09T19:11:42.522144+00:00,1 43437U 18039A   24283.79979771  .00000845  00000-0  36721-3 0  9996,2 43437  98.6329 349.0614 0000523 109.2159 250.9078 14.26741261336371
2024-10-10T10:20:35.306016+00:00,1 43437U 18039A   24284.43096419  .00000915  00000-0  39589-3 0  9990,2 43437  98.6328 349.6840 0000533 110.7356 249.3881 14.26742852336465
2024-10-10T10:20:35.306016+00:00,1 43437U 18039A   24284.43096419  .00000915  00000-0  39589-3 0  9990,2 43437  98.6328 349.6840 0000533 110.7356 249.3881 14.26742852336465
2024-10-11T09:54:25.124256+00:00,1 43437U 18039A   24285.41279079  .00000656  00000-0  28935-3 0  9999,2 43437  98.6334 350.6530 0000528 100.2147 259.9093 14.26727675336600
2024-10-11T09:54:25.124256+00:00,1 43437U 18039A   24285.41279079  .00000656  00000-0  28935-3 0  9999,2 43437  98.6334 350.6530 0000528 100.2147 259.9093 14.26727675336600
2024-10-11T18:19:21.396576+00:00,1 43437U 18039A   24285.76344209  .00000643  00000-0  28388-3 0  9993,2 43437  98.6334 350.9974 0000651 109.9109 250.2142 14.26728533336654
2024-10-12T11:09:13.971456+00:00,1 43437U 18039A   24286.46474504  .00000535  00000-0  23903-3 0  9991,2 43437  98.6330 351.6904 0000579 105.1384 254.9860 14.26728900336750
2024-10-12T11:09:13.971456+00:00,1 43437U 18039A   24286.46474504  .00000535  00000-0  23903-3 0  9991,2 43437  98.6330 351.6904 0000579 105.1384 254.9860 14.26728900336750
2024-10-12T19:34:10.243776+00:00,1 43437U 18039A   24286.81539634  .00000531  00000-0  23750-3 0  9992,2 43437  98.6329 352.0363 0000590 105.8284 254.2961 14.26729344336805
2024-10-13T02:18:07.233120+00:00,1 43437U 18039A   24287.09591705  .00000521  00000-0  23332-3 0  9995,2 43437  98.6328 352.3127 0000571 105.7801 254.3443 14.26729760336840
2024-10-13T17:27:00.493056+00:00,1 43437U 18039A   24287.72708904  .00000391  00000-0  17980-3 0  9993,2 43437  98.6327 352.9352 0000589 109.2332 250.8912 14.26729813336933
2024-10-14T03:32:55.953312+00:00,1 43437U 18039A   24288.14786983  .00000494  00000-0  22209-3 0  9997,2 43437  98.6327 353.3505 0000500 111.3225 248.8009 14.26730471336998
2024-10-15T03:06:45.348192+00:00,1 43437U 18039A   24289.12969153  .00000475  00000-0  21421-3 0  9992,2 43437  98.6326 354.3188 0000482 114.7172 245.4058 14.26731655337131
2024-10-15T11:31:41.547072+00:00,1 43437U 18039A   24289.48034198  .00000493  00000-0  22186-3 0  9992,2 43437  98.6326 354.6646 0000480 115.5858 244.5372 14.26732192337182
2024-10-15T21:37:36.983136+00:00,1 43437U 18039A   24289.90112249  .00000461  00000-0  20839-3 0  9991,2 43437  98.6325 355.0796 0000511 117.6106 242.5126 14.26732504337245
2024-10-16T04:21:33.980256+00:00,1 43437U 18039A   24290.18164329  .00000691  00000-0  30375-3 0  9990,2 43437  98.6324 355.3563 0000518 117.4686 242.6547 14.26733883337280
2024-10-17T14:01:18.669504+00:00,1 43437U 18039A   24291.58424386  .00000790  00000-0  34447-3 0  9991,2 43437  98.6322 356.7396 0000588 119.7380 240.3859 14.26735937337485
2024-10-17T15:42:17.896320+00:00,1 43437U 18039A   24291.65437380  .00000802  00000-0  34956-3 0  9996,2 43437  98.6322 356.8087 0000594 119.0785 241.0455 14.26736102337498
2024-10-17T15:42:17.896320+00:00,1 43437U 18039A   24291.65437380  .00000802  00000-0  34956-3 0  9996,2 43437  98.6322 356.8087 0000594 119.0785 241.0455 14.26736102337498
2024-10-18T10:13:09.367968+00:00,1 43437U 18039A   24292.42580287  .00000824  00000-0  35832-3 0  9995,2 43437  98.6321 357.5695 0000607 121.5753 238.5486 14.26737143337602
2024-10-18T22:00:03.938400+00:00,1 43437U 18039A   24292.91671225  .00000721  00000-0  31610-3 0  9998,2 43437  98.6319 358.0535 0000627 122.2203 237.9038 14.26737127337673
2024-10-19T04:44:00.812832+00:00,1 43437U 18039A   24293.19723163  .00000845  00000-0  36704-3 0  9994,2 43437  98.6318 358.3302 0000638 122.4799 237.6443 14.26738167337718
2024-10-19T11:27:57.720960+00:00,1 43437U 18039A   24293.47775140  .00000831  00000-0  36125-3 0  9999,2 43437  98.6318 358.6068 0000648 122.7542 237.3701 14.26738315337753
2024-10-19T14:49:56.152992+00:00,1 43437U 18039A   24293.61801103  .00000836  00000-0  36341-3 0  9999,2 43437  98.6318 358.7452 0000657 122.7079 237.4164 14.26738543337775
2024-10-20T04:17:49.932960+00:00,1 43437U 18039A   24294.17905015  .00000674  00000-0  29659-3 0  9992,2 43437  98.6316 359.2985 0000681 123.4787 236.6458 14.26738231337851
2024-10-20T17:45:43.776864+00:00,1 43437U 18039A   24294.74009001  .00000578  00000-0  25674-3 0  9991,2 43437  98.6316 359.8519 0000648 125.9756 234.1485 14.26737947337931
2024-10-20T19:26:42.994176+00:00,1 43437U 18039A   24294.81021984  .00000576  00000-0  25584-3 0  9991,2 43437  98.6316 359.9210 0000646 125.9756 234.1484 14.26738006337945
2024-10-21T03:51:39.136032+00:00,1 43437U 18039A   24295.16086963  .00000407  00000-0  18633-3 0  9998,2 43437  98.6315   0.2668 0000649 127.2676 232.8564 14.26737273337990
2024-10-22T03:25:28.164576+00:00,1 43437U 18039A   24296.14268709  .00000339  00000-0  15831-3 0  9998,2 43437  98.6313   1.2350 0000647 129.9681 230.1556 14.26737805338130
2024-10-22T03:25:28.164576+00:00,1 43437U 18039A   24296.14268709  .00000339  00000-0  15831-3 0  9998,2 43437  98.6313   1.2350 0000647 129.9681 230.1556 14.26737805338130
2024-10-22T18:34:21.086688+00:00,1 43437U 18039A   24296.77385517  .00000337  00000-0  15729-3 0  9998,2 43437  98.6313   1.8575 0000670 129.9865 230.1374 14.26738384338226
2024-10-23T04:40:16.362048+00:00,1 43437U 18039A   24297.19463382  .00000338  00000-0  15782-3 0  9992,2 43437  98.6312   2.2724 0000698 129.4637 230.6605 14.26738773338288
2024-10-23T13:05:12.418368+00:00,1 43437U 18039A   24297.54528262  .00000351  00000-0  16300-3 0  9992,2 43437  98.6312   2.6183 0000709 128.8812 231.2432 14.26739153338336
2024-10-24T04:14:05.815680+00:00,1 43437U 18039A   24298.17645620  .00000392  00000-0  18016-3 0  9991,2 43437  98.6308   3.2401 0000629 124.8907 235.2333 14.26729929338427
2024-10-24T12:39:02.040480+00:00,1 43437U 18039A   24298.52710695  .00000446  00000-0  20238-3 0  9994,2 43437  98.6308   3.5861 0000711 126.8461 233.2784 14.26730973338473
2024-10-24T19:22:59.028960+00:00,1 43437U 18039A   24298.80762765  .00000422  00000-0  19236-3 0  9990,2 43437  98.6308   3.8631 0000770 132.0777 228.0469 14.26730768338514
2024-10-25T18:56:48.511968+00:00,1 43437U 18039A   24299.78945037  .00000001  00000-0  18585-4 0  9993,2 43437  98.6307   4.8310 0000772 130.3279 229.7969 14.26730563338659
2024-10-25T18:56:48.511968+00:00,1 43437U 18039A   24299.78945037  .00000001  00000-0  18585-4 0  9993,2 43437  98.6307   4.8310 0000772 130.3279 229.7969 14.26730563338659
2024-10-26T10:05:41.707968+00:00,1 43437U 18039A   24300.42062162  .00000003  00000-0  19296-4 0  9998,2 43437  98.6308   5.4532 0000690 129.6563 230.4678 14.26730836338748
2024-10-26T21:52:36.331104+00:00,1 43437U 18039A   24300.91153161  .00000428  00000-0  19499-3 0  9997,2 43437  98.6307   5.9377 0000740 130.6141 229.5104 14.26732707338819
2024-10-27T02:55:34.039200+00:00,1 43437U 18039A   24301.12192175  .00000438  00000-0  19922-3 0  9991,2 43437  98.6308   6.1451 0000744 131.7072 228.4172 14.26732952338843
2024-10-27T14:42:28.660608+00:00,1 43437U 18039A   24301.61283172  .00000701  00000-0  30765-3 0  9994,2 43437  98.6308   6.6292 0000818 129.4278 230.6975 14.26734839338915
2024-10-27T21:26:25.567872+00:00,1 43437U 18039A   24301.89335148  .00000718  00000-0  31482-3 0  9990,2 43437  98.6307   6.9058 0000813 128.6921 231.4332 14.26735342338958
2024-10-28T12:35:18.610080+00:00,1 43437U 18039A   24302.52452095  .00000762  00000-0  33308-3 0  9990,2 43437  98.6307   7.5282 0000841 128.8595 231.2660 14.26736423339048
2024-10-28T14:16:17.839488+00:00,1 43437U 18039A   24302.59465092  .00000745  00000-0  32580-3 0  9990,2 43437  98.6307   7.5974 0000858 129.4832 230.6424 14.26736419339052
2024-10-28T22:41:13.947648+00:00,1 43437U 18039A   24302.94530032  .00000750  00000-0  32793-3 0  9998,2 43437  98.6307   7.9432 0000871 129.4721 230.6537 14.26736945339102
2024-10-29T10:28:08.507712+00:00,1 43437U 18039A   24303.43620958  .00000704  00000-0  30897-3 0  9992,2 43437  98.6307   8.4272 0000878 129.1832 230.9426 14.26737352339177
2024-10-29T22:15:03.030624+00:00,1 43437U 18039A   24303.92711841  .00000757  00000-0  33072-3 0  9994,2 43437  98.6306   8.9112 0000892 129.1241 231.0019 14.26738328339246
2024-10-30T03:18:00.685152+00:00,1 43437U 18039A   24304.13750793  .00000749  00000-0  32746-3 0  9995,2 43437  98.6306   9.1187 0000878 129.1752 230.9507 14.26738560339273
2024-10-30T10:01:57.524160+00:00,1 43437U 18039A   24304.41802690  .00000779  00000-0  34006-3 0  9994,2 43437  98.6305   9.3953 0000884 129.4098 230.7160 14.26739179339313
2024-10-31T02:51:49.591008+00:00,1 43437U 18039A   24305.11932397  .00000799  00000-0  34823-3 0  9999,2 43437  98.6304  10.0867 0000883 129.9260 230.1998 14.26740469339418
2024-10-31T14:38:44.013696+00:00,1 43437U 18039A   24305.61023164  .00000775  00000-0  33836-3 0  9994,2 43437  98.6304  10.5708 0000886 130.5630 229.5627 14.26741174339481
2024-10-31T14:38:44.013696+00:00,1 43437U 18039A   24305.61023164  .00000775  00000-0  33836-3 0  9994,2 43437  98.6304  10.5708 0000886 130.5630 229.5627 14.26741174339481
2024-11-02T10:24:24.893280+00:00,1 43437U 18039A   24307.43362145  .00000825  00000-0  35898-3 0  9997,2 43437  98.6292  12.3684 0000922 126.6520 233.4746 14.26730146339747
2024-11-02T10:24:24.893280+00:00,1 43437U 18039A   24307.43362145  .00000825  00000-0  35898-3 0  9997,2 43437  98.6292  12.3684 0000922 126.6520 233.4746 14.26730146339747
2024-11-02T22:11:19.533696+00:00,1 43437U 18039A   24307.92453164  .00001190  00000-0  50976-3 0  9993,2 43437  98.6292  12.8526 0000942 126.3476 233.7792 14.26732528339814
2024-11-03T04:55:16.495392+00:00,1 43437U 18039A   24308.20505203  .00001195  00000-0  51181-3 0  9991,2 43437  98.6291  13.1293 0000993 126.1182 234.0090 14.26733174339853
2024-11-03T18:23:10.437792+00:00,1 43437U 18039A   24308.76609303  .00000962  00000-0  41533-3 0  9999,2 43437  98.6292  13.6823 0000959 125.3819 234.7451 14.26733542339934
2024-11-03T21:45:08.881920+00:00,1 43437U 18039A   24308.90635280  .00001007  00000-0  43420-3 0  9996,2 43437  98.6292  13.8205 0000970 125.7860 234.3411 14.26734133339954
2024-11-04T14:35:01.194144+00:00,1 43437U 18039A   24309.60765271  .00000856  00000-0  37176-3 0  9990,2 43437  98.6292  14.5121 0000989 125.1744 234.9529 14.26734803340057
2024-11-04T19:37:58.873728+00:00,1 43437U 18039A   24309.81804252  .00000852  00000-0  37006-3 0  9994,2 43437  98.6293  14.7196 0001015 125.4519 234.6756 14.26735187340084
2024-11-04T21:18:58.091040+00:00,1 43437U 18039A   24309.88817235  .00000843  00000-0  36630-3 0  9998,2 43437  98.6293  14.7887 0001017 125.5838 234.5437 14.26735308340099
2024-11-05T10:46:51.886560+00:00,1 43437U 18039A   24310.44921165  .00000840  00000-0  36494-3 0  9995,2 43437  98.6293  15.3418 0001032 125.0447 235.0830 14.26736404340174
2024-11-06T03:36:44.087328+00:00,1 43437U 18039A   24311.15051027  .00000692  00000-0  30411-3 0  9993,2 43437  98.6291  16.0333 0001063 125.6393 234.4887 14.26736960340279
2024-11-06T10:20:40.941024+00:00,1 43437U 18039A   24311.43102941  .00000834  00000-0  36262-3 0  9994,2 43437  98.6291  16.3099 0001071 125.4571 234.6709 14.26738258340318
2024-11-06T22:07:35.419872+00:00,1 43437U 18039A   24311.92193773  .00000759  00000-0  33158-3 0  9998,2 43437  98.6291  16.7939 0001086 125.4037 234.7245 14.26738820340386
2024-11-07T09:54:29.887488+00:00,1 43437U 18039A   24312.41284592  .00000789  00000-0  34406-3 0  9993,2 43437  98.6290  17.2779 0001097 125.0898 235.0385 14.26739868340456
2024-11-07T14:57:27.490176+00:00,1 43437U 18039A   24312.62323484  .00000785  00000-0  34247-3 0  9999,2 43437  98.6290  17.4853 0001117 124.9770 235.1515 14.26740317340481
2024-11-07T14:57:27.490176+00:00,1 43437U 18039A   24312.62323484  .00000785  00000-0  34247-3 0  9999,2 43437  98.6290  17.4853 0001117 124.9770 235.1515 14.26740317340481
2024-11-08T16:12:15.554592+00:00,1 43437U 18039A   24313.67518003  .00000728  00000-0  31887-3 0  9992,2 43437  98.6290  18.5225 0001150 124.4781 235.6508 14.26741772340630
2024-11-08T22:56:12.346080+00:00,1 43437U 18039A   24313.95569845  .00000718  00000-0  31462-3 0  9991,2 43437  98.6289  18.7991 0001153 124.3021 235.8268 14.26742185340677
2024-11-09T10:43:06.693600+00:00,1 43437U 18039A   24314.44660525  .00000772  00000-0  33698-3 0  9996,2 43437  98.6289  19.2831 0001157 124.2729 235.8561 14.26743373340748
2024-11-09T15:46:04.189152+00:00,1 43437U 18039A   24314.65699293  .00000917  00000-0  39685-3 0  9996,2 43437  98.6289  19.4905 0001166 123.9763 236.1529 14.26744819340773
2024-11-10T03:32:58.554816+00:00,1 43437U 18039A   24315.14789994  .00000861  00000-0  37363-3 0  9998,2 43437  98.6288  19.9745 0001191 123.4824 236.6470 14.26745215340849
2024-11-10T03:32:58.554816+00:00,1 43437U 18039A   24315.14789994  .00000861  00000-0  37363-3 0  9998,2 43437  98.6288  19.9745 0001191 123.4824 236.6470 14.26745215340849
2024-11-10T22:03:49.609152+00:00,1 43437U 18039A   24315.91932418  .00000741  00000-0  32407-3 0  9995,2 43437  98.6288  20.7350 0001217 123.1020 237.0278 14.26745800340958
2024-11-11T03:06:47.163456+00:00,1 43437U 18039A   24316.12971254  .00000729  00000-0  31918-3 0  9992,2 43437  98.6288  20.9425 0001234 122.6318 237.4982 14.26746071340986
2024-11-11T14:53:41.447904+00:00,1 43437U 18039A   24316.62061861  .00000649  00000-0  28619-3 0  9996,2 43437  98.6288  21.4264 0001248 122.3305 237.7996 14.26746363341052
2024-11-12T02:40:35.696064+00:00,1 43437U 18039A   24317.11152426  .00000604  00000-0  26735-3 0  9997,2 43437  98.6287  21.9104 0001248 122.2221 237.9081 14.26746856341127
2024-11-12T16:08:29.120064+00:00,1 43437U 18039A   24317.67255926  .00000584  00000-0  25934-3 0  9994,2 43437  98.6286  22.4634 0001274 121.8338 238.2967 14.26747544341204
2024-11-12T16:08:29.120064+00:00,1 43437U 18039A   24317.67255926  .00000584  00000-0  25934-3 0  9994,2 43437  98.6286  22.4634 0001274 121.8338 238.2967 14.26747544341204
2024-11-13T03:55:24.303072+00:00,1 43437U 18039A   24318.16347573  .00000500  00000-0  22453-3 0  9990,2 43437  98.6293  22.9474 0001145 116.2831 243.8467 14.26726465341275
2024-11-13T03:55:24.303072+00:00,1 43437U 18039A   24318.16347573  .00000500  00000-0  22453-3 0  9990,2 43437  98.6293  22.9474 0001145 116.2831 243.8467 14.26726465341275
2024-11-13T17:23:18.378528+00:00,1 43437U 18039A   24318.72451827  .00000508  00000-0  22798-3 0  9990,2 43437  98.6289  23.5005 0001265 117.9034 242.2275 14.26728022341353
2024-11-14T03:29:13.926912+00:00,1 43437U 18039A   24319.14530008  .00000480  00000-0  21634-3 0  9993,2 43437  98.6289  23.9154 0001285 117.9715 242.1595 14.26728310341411
2024-11-15T03:03:03.492000+00:00,1 43437U 18039A   24320.12712375  .00000422  00000-0  19246-3 0  9994,2 43437  98.6288  24.8832 0001310 117.1189 243.0125 14.26729128341551
2024-11-15T11:27:59.756544+00:00,1 43437U 18039A   24320.47777496  .00000396  00000-0  18150-3 0  9990,2 43437  98.6287  25.2290 0001317 116.2806 243.8510 14.26729346341600
2024-11-15T21:33:55.254816+00:00,1 43437U 18039A   24320.89855619  .00000411  00000-0  18780-3 0  9997,2 43437  98.6286  25.6438 0001322 116.0727 244.0590 14.26729877341669
2024-11-16T04:17:52.255392+00:00,1 43437U 18039A   24321.17907703  .00000371  00000-0  17143-3 0  9998,2 43437  98.6286  25.9204 0001318 115.9282 244.2034 14.26730012341705
2024-11-16T04:17:52.255392+00:00,1 43437U 18039A   24321.17907703  .00000371  00000-0  17143-3 0  9998,2 43437  98.6286  25.9204 0001318 115.9282 244.2034 14.26730012341705
2024-11-17T15:38:36.504096+00:00,1 43437U 18039A   24322.65181139  .00000283  00000-0  13493-3 0  9995,2 43437  98.6283  27.3721 0001341 114.8061 245.3259 14.26730646341918
2024-11-17T19:00:34.998336+00:00,1 43437U 18039A   24322.79207174  .00000270  00000-0  12966-3 0  9998,2 43437  98.6282  27.5104 0001346 114.6161 245.5160 14.26730671341931
2024-11-18T10:09:28.215936+00:00,1 43437U 18039A   24323.42324324  .00000260  00000-0  12559-3 0  9993,2 43437  98.6281  28.1326 0001359 114.1080 246.0242 14.26731041342022
2024-11-18T18:34:24.441600+00:00,1 43437U 18039A   24323.77389400  .00000258  00000-0  12478-3 0  9994,2 43437  98.6281  28.4782 0001363 113.8070 246.3253 14.26731268342072
2024-11-18T21:56:22.929792+00:00,1 43437U 18039A   24323.91415428  .00000261  00000-0  12596-3 0  9995,2 43437  98.6280  28.6165 0001369 113.8391 246.2933 14.26731366342095
2024-11-19T11:24:16.872192+00:00,1 43437U 18039A   24324.47519528  .00000274  00000-0  13109-3 0  9998,2 43437  98.6280  29.1696 0001380 113.5200 246.6126 14.26731811342171
2024-11-19T14:46:15.347424+00:00,1 43437U 18039A   24324.61545541  .00000278  00000-0  13272-3 0  9993,2 43437  98.6280  29.3078 0001371 113.5464 246.5861 14.26731965342196
2024-11-19T18:08:13.829568+00:00,1 43437U 18039A   24324.75571562  .00000281  00000-0  13423-3 0  9992,2 43437  98.6279  29.4461 0001369 113.3951 246.7373 14.26732075342213
2024-11-21T03:47:58.599168+00:00,1 43437U 18039A   24326.15831712  .00000292  00000-0  13868-3 0  9999,2 43437  98.6277  30.8287 0001369 112.6251 247.5074 14.26733131342411
2024-11-21T13:53:54.012768+00:00,1 43437U 18039A   24326.57909737  .00000310  00000-0  14611-3 0  9996,2 43437  98.6277  31.2434 0001384 112.3708 247.7619 14.26733543342471
2024-11-22T05:02:47.112864+00:00,1 43437U 18039A   24327.21026751  .00000359  00000-0  16619-3 0  9997,2 43437  98.6276  31.8656 0001388 111.6854 248.4474 14.26734274342569
2024-11-22T05:02:47.112864+00:00,1 43437U 18039A   24327.21026751  .00000359  00000-0  16619-3 0  9997,2 43437  98.6276  31.8656 0001388 111.6854 248.4474 14.26734274342569
2024-11-22T15:08:42.508320+00:00,1 43437U 18039A   24327.63104755  .00000341  00000-0  15880-3 0  9994,2 43437  98.6276  32.2804 0001397 111.3915 248.7414 14.26734474342620
2024-11-23T09:39:34.031808+00:00,1 43437U 18039A   24328.40247722  .00000384  00000-0  17664-3 0  9991,2 43437  98.6275  33.0408 0001399 110.7351 249.3979 14.26735283342731
2024-11-23T13:01:32.490624+00:00,1 43437U 18039A   24328.54273716  .00000353  00000-0  16379-3 0  9996,2 43437  98.6275  33.1790 0001399 110.8373 249.2958 14.26735217342756
2024-11-23T21:26:28.629024+00:00,1 43437U 18039A   24328.89338691  .00000372  00000-0  17157-3 0  9994,2 43437  98.6274  33.5246 0001408 110.2852 249.8479 14.26735582342807
2024-11-24T14:16:20.877312+00:00,1 43437U 18039A   24329.59468608  .00000370  00000-0  17093-3 0  9991,2 43437  98.6274  34.2158 0001415 109.9953 250.1379 14.26736183342905
2024-11-24T14:16:20.877312+00:00,1 43437U 18039A   24329.59468608  .00000370  00000-0  17093-3 0  9991,2 43437  98.6274  34.2158 0001415 109.9953 250.1379 14.26736183342905
2024-11-25T03:44:14.644320+00:00,1 43437U 18039A   24330.15572505  .00000417  00000-0  19031-3 0  9993,2 43437  98.6274  34.7688 0001415 109.6061 250.5272 14.26736953342984
2024-11-26T03:18:03.707424+00:00,1 43437U 18039A   24331.13754291  .00000454  00000-0  20560-3 0  9996,2 43437  98.6273  35.7365 0001435 108.7542 251.3794 14.26738057343124
2024-11-26T10:02:00.569760+00:00,1 43437U 18039A   24331.41806215  .00000449  00000-0  20370-3 0  9994,2 43437  98.6273  36.0131 0001446 108.6493 251.4844 14.26738295343160
2024-11-27T02:51:52.710048+00:00,1 43437U 18039A   24332.11936007  .00000443  00000-0  20112-3 0  9993,2 43437  98.6272  36.7044 0001453 108.1743 251.9596 14.26738921343266
2024-11-28T10:50:37.667040+00:00,1 43437U 18039A   24333.45182485  .00000560  00000-0  24939-3 0  9995,2 43437  98.6271  38.0178 0001422 107.1280 253.0057 14.26740907343452
2024-11-28T10:50:37.667040+00:00,1 43437U 18039A   24333.45182485  .00000560  00000-0  24939-3 0  9995,2 43437  98.6271  38.0178 0001422 107.1280 253.0057 14.26740907343452
2024-11-28T17:34:34.481856+00:00,1 43437U 18039A   24333.73234354  .00000585  00000-0  25958-3 0  9998,2 43437  98.6270  38.2943 0001453 106.9671 253.1669 14.26741384343492
2024-11-29T10:24:26.502912+00:00,1 43437U 18039A   24334.43364008  .00000554  00000-0  24696-3 0  9990,2 43437  98.6269  38.9855 0001462 106.5043 253.6299 14.26741984343599
2024-11-29T17:08:23.290080+00:00,1 43437U 18039A   24334.71415845  .00000524  00000-0  23443-3 0  9993,2 43437  98.6268  39.2620 0001477 106.3366 253.7977 14.26742202343637
2024-11-29T17:08:23.290080+00:00,1 43437U 18039A   24334.71415845  .00000524  00000-0  23443-3 0  9993,2 43437  98.6268  39.2620 0001477 106.3366 253.7977 14.26742202343637
2024-11-30T09:58:15.250656+00:00,1 43437U 18039A   24335.41545429  .00000562  00000-0  25012-3 0  9999,2 43437  98.6267  39.9532 0001487 105.7857 254.3488 14.26743210343739
2024-11-30T21:45:09.623232+00:00,1 43437U 18039A   24335.90636138  .00000491  00000-0  22105-3 0  9992,2 43437  98.6266  40.4371 0001485 105.2712 254.8633 14.26743336343803
2024-11-30T21:45:09.623232+00:00,1 43437U 18039A   24335.90636138  .00000491  00000-0  22105-3 0  9992,2 43437  98.6266  40.4371 0001485 105.2712 254.8633 14.26743336343803
2024-12-01T11:13:03.166464+00:00,1 43437U 18039A   24336.46739776  .00000518  00000-0  23215-3 0  9999,2 43437  98.6265  40.9901 0001500 104.7287 255.4060 14.26744090343882
2024-12-01T21:18:58.296672+00:00,1 43437U 18039A   24336.88817473  .00000506  00000-0  22713-3 0  9995,2 43437  98.6264  41.4049 0001493 104.5094 255.6252 14.26744515343949
2024-12-02T10:46:51.784608+00:00,1 43437U 18039A   24337.44921047  .00000520  00000-0  23294-3 0  9992,2 43437  98.6263  41.9578 0001487 104.0284 256.1062 14.26745262344024
2024-12-02T10:46:51.784608+00:00,1 43437U 18039A   24337.44921047  .00000520  00000-0  23294-3 0  9992,2 43437  98.6263  41.9578 0001487 104.0284 256.1062 14.26745262344024
2024-12-02T17:30:48.525984+00:00,1 43437U 18039A   24337.72972831  .00000469  00000-0  21180-3 0  9994,2 43437  98.6262  42.2343 0001483 103.7893 256.3453 14.26745324344064
2024-12-03T10:20:40.344000+00:00,1 43437U 18039A   24338.43102250  .00000473  00000-0  21350-3 0  9997,2 43437  98.6261  42.9255 0001488 103.3388 256.7958 14.26746158344163
2024-12-03T18:45:36.253440+00:00,1 43437U 18039A   24338.78166960  .00000442  00000-0  20074-3 0  9991,2 43437  98.6260  43.2711 0001476 102.9189 257.2157 14.26746358344219
2024-12-03T18:45:36.253440+00:00,1 43437U 18039A   24338.78166960  .00000442  00000-0  20074-3 0  9991,2 43437  98.6260  43.2711 0001476 102.9189 257.2157 14.26746358344219
2024-12-04T14:57:26.383392+00:00,1 43437U 18039A   24339.62322203  .00000425  00000-0  19355-3 0  9990,2 43437  98.6259  44.1006 0001475 102.2804 257.8542 14.26747200344334
2024-12-05T04:25:20.559936+00:00,1 43437U 18039A   24340.18426574  .00000435  00000-0  19789-3 0  9991,2 43437  98.6254  44.6534 0001575  98.1065 262.0294 14.26733502344414
2024-12-05T11:09:17.512128+00:00,1 43437U 18039A   24340.46478602  .00000454  00000-0  20542-3 0  9991,2 43437  98.6254  44.9297 0001549  97.0432 263.0925 14.26733504344458
2024-12-05T19:34:13.704960+00:00,1 43437U 18039A   24340.81543640  .00000414  00000-0  18893-3 0  9997,2 43437  98.6256  45.2754 0001511  98.3866 261.7486 14.26733012344503
2024-12-06T10:43:06.820608+00:00,1 43437U 18039A   24341.44660672  .00000403  00000-0  18474-3 0  9995,2 43437  98.6258  45.8975 0001519  97.7963 262.3390 14.26733627344597
2024-12-06T17:27:03.752064+00:00,1 43437U 18039A   24341.72712676  .00000389  00000-0  17877-3 0  9997,2 43437  98.6257  46.1739 0001522  97.5623 262.5730 14.26733873344631
2024-12-07T10:16:56.073792+00:00,1 43437U 18039A   24342.42842678  .00000365  00000-0  16876-3 0  9993,2 43437  98.6258  46.8652 0001538  97.6797 262.4558 14.26734456344739
2024-12-07T18:41:52.221696+00:00,1 43437U 18039A   24342.77907664  .00000372  00000-0  17165-3 0  9998,2 43437  98.6258  47.2108 0001543  97.4036 262.7320 14.26734828344788
2024-12-07T22:03:50.677920+00:00,1 43437U 18039A   24342.91933655  .00000358  00000-0  16609-3 0  9999,2 43437  98.6257  47.3490 0001541  97.3009 262.8347 14.26734886344806
2024-12-08T11:31:44.505408+00:00,1 43437U 18039A   24343.48037622  .00000364  00000-0  16850-3 0  9996,2 43437  98.6257  47.9020 0001543  96.6945 263.4411 14.26735382344883
2024-12-08T21:37:39.855072+00:00,1 43437U 18039A   24343.90115573  .00000372  00000-0  17176-3 0  9996,2 43437  98.6256  48.3167 0001548  96.4304 263.7052 14.26735807344944
2024-12-09T04:21:36.746784+00:00,1 43437U 18039A   24344.18167531  .00000384  00000-0  17657-3 0  9995,2 43437  98.6256  48.5931 0001540  96.0722 264.0633 14.26736129344988
2024-12-09T11:05:33.642816+00:00,1 43437U 18039A   24344.46219494  .00000392  00000-0  18011-3 0  9996,2 43437  98.6256  48.8696 0001542  95.8853 264.2504 14.26736408345028
2024-12-09T17:49:30.531936+00:00,1 43437U 18039A   24344.74271449  .00000382  00000-0  17600-3 0  9997,2 43437  98.6256  49.1460 0001544  95.6794 264.4562 14.26736620345061
2024-12-10T10:39:22.732704+00:00,1 43437U 18039A   24345.44401311  .00000383  00000-0  17625-3 0  9996,2 43437  98.6255  49.8371 0001543  95.1429 264.9927 14.26737260345169
2024-12-10T10:39:22.732704+00:00,1 43437U 18039A   24345.44401311  .00000383  00000-0  17625-3 0  9996,2 43437  98.6255  49.8371 0001543  95.1429 264.9927 14.26737260345169
2024-12-10T17:23:19.614912+00:00,1 43437U 18039A   24345.72453258  .00000346  00000-0  16081-3 0  9998,2 43437  98.6255  50.1136 0001541  94.9109 265.2248 14.26737299345200
2024-12-11T10:13:11.793216+00:00,1 43437U 18039A   24346.42583094  .00000336  00000-0  15697-3 0  9999,2 43437  98.6254  50.8047 0001541  94.2775 265.8581 14.26737814345309
2024-12-11T15:16:09.445152+00:00,1 43437U 18039A   24346.63622043  .00000318  00000-0  14937-3 0  9996,2 43437  98.6254  51.0121 0001541  94.1292 266.0064 14.26737891345335
2024-12-11T22:00:06.304896+00:00,1 43437U 18039A   24346.91673964  .00000304  00000-0  14350-3 0  9999,2 43437  98.6253  51.2885 0001532  93.6805 266.4551 14.26738020345371
2024-12-12T04:44:03.169824+00:00,1 43437U 18039A   24347.19725891  .00000305  00000-0  14421-3 0  9997,2 43437  98.6253  51.5650 0001534  93.3919 266.7437 14.26738243345417
2024-12-12T18:11:56.887584+00:00,1 43437U 18039A   24347.75829731  .00000275  00000-0  13167-3 0  9999,2 43437  98.6252  52.1179 0001541  92.9919 267.1438 14.26738489345498
2024-12-12T18:11:56.887584+00:00,1 43437U 18039A   24347.75829731  .00000275  00000-0  13167-3 0  9999,2 43437  98.6252  52.1179 0001541  92.9919 267.1438 14.26738489345498
2024-12-13T11:01:49.010592+00:00,1 43437U 18039A   24348.45959503  .00000274  00000-0  13141-3 0  9999,2 43437  98.6251  52.8090 0001535  92.3953 267.7403 14.26738983345599
2024-12-14T03:51:41.107680+00:00,1 43437U 18039A   24349.16089245  .00000275  00000-0  13177-3 0  9995,2 43437  98.6250  53.5001 0001525  91.8086 268.3269 14.26739521345695
2024-12-14T10:35:37.948416+00:00,1 43437U 18039A   24349.44141144  .00000288  00000-0  13683-3 0  9999,2 43437  98.6250  53.7765 0001523  91.6019 268.5335 14.26739758345739
2024-12-14T17:19:34.777056+00:00,1 43437U 18039A   24349.72193029  .00000298  00000-0  14126-3 0  9993,2 43437  98.6249  54.0529 0001520  91.2719 268.8635 14.26740038345772
2024-12-15T10:09:26.833536+00:00,1 43437U 18039A   24350.42322724  .00000331  00000-0  15487-3 0  9997,2 43437  98.6249  54.7441 0001515  90.5566 269.5788 14.26740711345874
2024-12-15T10:09:26.833536+00:00,1 43437U 18039A   24350.42322724  .00000331  00000-0  15487-3 0  9997,2 43437  98.6249  54.7441 0001515  90.5566 269.5788 14.26740711345874
2024-12-15T16:53:23.655264+00:00,1 43437U 18039A   24350.70374601  .00000322  00000-0  15088-3 0  9996,2 43437  98.6248  55.0205 0001517  90.4009 269.7346 14.26740857345916
2024-12-16T11:24:14.891904+00:00,1 43437U 18039A   24351.47517236  .00000326  00000-0  15253-3 0  9992,2 43437  98.6247  55.7807 0001508  89.5538 270.5815 14.26741384346026
2024-12-16T11:24:14.891904+00:00,1 43437U 18039A   24351.47517236  .00000326  00000-0  15253-3 0  9992,2 43437  98.6247  55.7807 0001508  89.5538 270.5815 14.26741384346026
2024-12-16T21:30:10.098144+00:00,1 43437U 18039A   24351.89595021  .00000343  00000-0  15954-3 0  9993,2 43437  98.6246  56.1954 0001510  89.2970 270.8384 14.26741771346083
2024-12-17T10:58:03.687168+00:00,1 43437U 18039A   24352.45698712  .00000334  00000-0  15587-3 0  9999,2 43437  98.6245  56.7482 0001502  88.8071 271.3282 14.26742167346164
2024-12-17T16:01:01.278624+00:00,1 43437U 18039A   24352.66737591  .00000341  00000-0  15890-3 0  9996,2 43437  98.6245  56.9556 0001490  88.5716 271.5635 14.26742382346193
2024-12-17T19:22:59.674368+00:00,1 43437U 18039A   24352.80763512  .00000363  00000-0  16792-3 0  9990,2 43437  98.6245  57.0938 0001482  88.3540 271.7810 14.26742581346214
2024-12-18T05:28:54.856416+00:00,1 43437U 18039A   24353.22841269  .00000335  00000-0  15634-3 0  9996,2 43437  98.6244  57.5084 0001477  88.0816 272.0534 14.26742751346279
2024-12-19T03:21:44.392896+00:00,1 43437U 18039A   24354.14009714  .00000332  00000-0  15530-3 0  9991,2 43437  98.6242  58.4067 0001457  87.0691 273.0656 14.26743398346405
2024-12-19T06:43:42.776544+00:00,1 43437U 18039A   24354.28035621  .00000302  00000-0  14263-3 0  9991,2 43437  98.6242  58.5450 0001451  86.8713 273.2634 14.26743345346420
2024-12-19T10:05:41.173152+00:00,1 43437U 18039A   24354.42061543  .00000298  00000-0  14133-3 0  9999,2 43437  98.6243  58.6833 0001471  87.0695 273.0654 14.26743396346449
2024-12-19T15:08:38.747328+00:00,1 43437U 18039A   24354.63100402  .00000279  00000-0  13332-3 0  9999,2 43437  98.6242  58.8905 0001451  86.6736 273.4610 14.26743464346474
2024-12-21T04:10:22.228896+00:00,1 43437U 18039A   24356.17386839  .00000290  00000-0  13785-3 0  9995,2 43437  98.6241  60.4108 0001469  83.7713 276.3635 14.26732710346694
2024-12-21T04:10:22.228896+00:00,1 43437U 18039A   24356.17386839  .00000290  00000-0  13785-3 0  9995,2 43437  98.6241  60.4108 0001469  83.7713 276.3635 14.26732710346694
2024-12-21T19:19:15.357504+00:00,1 43437U 18039A   24356.80503886  .00000274  00000-0  13129-3 0  9992,2 43437  98.6240  61.0327 0001465  83.1088 277.0259 14.26733166346784
2024-12-22T05:25:10.763328+00:00,1 43437U 18039A   24357.22581902  .00000310  00000-0  14602-3 0  9992,2 43437  98.6239  61.4473 0001446  82.6753 277.4592 14.26733592346844
2024-12-22T05:25:10.763328+00:00,1 43437U 18039A   24357.22581902  .00000310  00000-0  14602-3 0  9992,2 43437  98.6239  61.4473 0001446  82.6753 277.4592 14.26733592346844
2024-12-22T18:53:04.627104+00:00,1 43437U 18039A   24357.78685911  .00000326  00000-0  15273-3 0  9990,2 43437  98.6238  62.0000 0001454  82.8209 277.3136 14.26734101346922
2024-12-23T04:59:00.007008+00:00,1 43437U 18039A   24358.20763897  .00000365  00000-0  16902-3 0  9991,2 43437  98.6238  62.4146 0001453  82.6355 277.4990 14.26734693346987
2024-12-23T18:26:53.858688+00:00,1 43437U 18039A   24358.76867892  .00000314  00000-0  14762-3 0  9998,2 43437  98.6237  62.9674 0001436  81.7381 278.3962 14.26734825347063
2024-12-24T11:16:46.125120+00:00,1 43437U 18039A   24359.46997830  .00000377  00000-0  17400-3 0  9993,2 43437  98.6237  63.6585 0001425  80.8628 279.2713 14.26735729347163
2024-12-24T21:22:41.477376+00:00,1 43437U 18039A   24359.89075784  .00000365  00000-0  16896-3 0  9990,2 43437  98.6236  64.0731 0001404  80.1736 279.9603 14.26735985347226
2024-12-25T02:25:39.148320+00:00,1 43437U 18039A   24360.10114755  .00000366  00000-0  16919-3 0  9995,2 43437  98.6236  64.2804 0001397  79.9579 280.1759 14.26736173347250
2024-12-25T14:12:33.704064+00:00,1 43437U 18039A   24360.59205676  .00000418  00000-0  19094-3 0  9996,2 43437  98.6236  64.7641 0001384  79.4567 280.6770 14.26736881347324
2024-12-26T03:40:27.467616+00:00,1 43437U 18039A   24361.15309569  .00000379  00000-0  17454-3 0  9999,2 43437  98.6235  65.3169 0001386  79.3114 280.8223 14.26737162347401
2024-12-26T03:40:27.467616+00:00,1 43437U 18039A   24361.15309569  .00000379  00000-0  17454-3 0  9999,2 43437  98.6235  65.3169 0001386  79.3114 280.8223 14.26737162347401
2024-12-26T10:24:24.345504+00:00,1 43437U 18039A   24361.43361511  .00000412  00000-0  18809-3 0  9998,2 43437  98.6235  65.5933 0001384  79.0859 281.0477 14.26737567347440
2024-12-26T18:49:20.426016+00:00,1 43437U 18039A   24361.78426419  .00000441  00000-0  20009-3 0  9992,2 43437  98.6234  65.9388 0001385  78.9787 281.1549 14.26738068347499
2024-12-27T09:58:13.374912+00:00,1 43437U 18039A   24362.41543258  .00000422  00000-0  19220-3 0  9996,2 43437  98.6233  66.5607 0001386  78.8985 281.2351 14.26738500347582
2024-12-27T09:58:13.374912+00:00,1 43437U 18039A   24362.41543258  .00000422  00000-0  19220-3 0  9996,2 43437  98.6233  66.5607 0001386  78.8985 281.2351 14.26738500347582
2024-12-27T21:45:07.871040+00:00,1 43437U 18039A   24362.90634110  .00000413  00000-0  18860-3 0  9997,2 43437  98.6232  67.0444 0001380  78.5046 281.6289 14.26738880347658
2024-12-28T11:13:01.566336+00:00,1 43437U 18039A   24363.46737924  .00000435  00000-0  19758-3 0  9997,2 43437  98.6230  67.5971 0001377  78.1444 281.9891 14.26739499347738
2024-12-28T11:13:01.566336+00:00,1 43437U 18039A   24363.46737924  .00000435  00000-0  19758-3 0  9997,2 43437  98.6230  67.5971 0001377  78.1444 281.9891 14.26739499347738
2024-12-29T10:46:50.478240+00:00,1 43437U 18039A   24364.44919535  .00000428  00000-0  19482-3 0  9992,2 43437  98.6228  68.5645 0001351  77.4103 282.7228 14.26740387347876
2024-12-29T15:49:48.086112+00:00,1 43437U 18039A   24364.65958433  .00000439  00000-0  19922-3 0  9996,2 43437  98.6228  68.7718 0001345  77.1437 282.9894 14.26740694347905
2024-12-29T19:11:46.488768+00:00,1 43437U 18039A   24364.79984362  .00000460  00000-0  20803-3 0  9995,2 43437  98.6228  68.9099 0001342  76.8868 283.2463 14.26740957347920
2024-12-30T10:20:39.310656+00:00,1 43437U 18039A   24365.43101054  .00000535  00000-0  23917-3 0  9998,2 43437  98.6227  69.5318 0001329  76.4974 283.6354 14.26741983348013
2024-12-30T22:07:33.701376+00:00,1 43437U 18039A   24365.92191784  .00000483  00000-0  21769-3 0  9996,2 43437  98.6225  70.0154 0001321  76.2281 283.9047 14.26742230348082
