epoch,tle1,tle2
2024-01-01T03:58:24.613824+00:00,1 42063U 17013A   24001.16556266  .00000188  00000-0  88290-4 0  9999,2 42063  98.5670  77.8296 0001014 101.4589 258.6707 14.30820591356232
2024-01-01T10:41:12.397632+00:00,1 42063U 17013A   24001.44528238  .00000205  00000-0  94945-4 0  9992,2 42063  98.5670  78.1053 0001019 101.5999 258.5298 14.30820819356279
2024-01-01T12:21:54.339264+00:00,1 42063U 17013A   24001.51521226  .00000197  00000-0  91798-4 0  9993,2 42063  98.5670  78.1742 0001021 101.6221 258.5077 14.30820839356273
2024-01-01T19:04:42.117888+00:00,1 42063U 17013A   24001.79493192  .00000183  00000-0  86416-4 0  9999,2 42063  98.5669  78.4499 0001023 101.8363 258.2934 14.30820945356327
2024-01-01T20:45:24.059520+00:00,1 42063U 17013A   24001.86486180  .00000191  00000-0  89596-4 0  9997,2 42063  98.5669  78.5188 0001023 101.8304 258.2994 14.30821017356325
2024-01-02T03:28:11.835552+00:00,1 42063U 17013A   24002.14458143  .00000187  00000-0  87858-4 0  9991,2 42063  98.5669  78.7944 0001018 101.8455 258.2842 14.30821137356378
2024-01-02T10:10:59.606400+00:00,1 42063U 17013A   24002.42430100  .00000195  00000-0  91069-4 0  9993,2 42063  98.5669  79.0701 0001021 102.0135 258.1162 14.30821340356410
2024-01-02T13:32:23.496576+00:00,1 42063U 17013A   24002.56416084  .00000185  00000-0  87222-4 0  9998,2 42063  98.5669  79.2079 0001022 101.9649 258.1649 14.30821343356423
2024-01-02T18:34:29.324064+00:00,1 42063U 17013A   24002.77395051  .00000181  00000-0  85696-4 0  9990,2 42063  98.5668  79.4146 0001022 102.0477 258.0820 14.30821434356465
2024-01-02T20:15:11.266560+00:00,1 42063U 17013A   24002.84388040  .00000172  00000-0  82094-4 0  9997,2 42063  98.5668  79.4835 0001025 102.0148 258.1150 14.30821410356469
2024-01-03T04:38:40.978176+00:00,1 42063U 17013A   24003.19352984  .00000168  00000-0  80806-4 0  9998,2 42063  98.5668  79.8281 0001023 101.9141 258.2156 14.30821567356524
2024-01-03T11:21:28.749024+00:00,1 42063U 17013A   24003.47324941  .00000164  00000-0  79222-4 0  9997,2 42063  98.5668  80.1037 0001028 101.9172 258.2126 14.30821648356568
2024-01-03T13:02:10.691520+00:00,1 42063U 17013A   24003.54317930  .00000151  00000-0  74200-4 0  9992,2 42063  98.5668  80.1727 0001027 101.9608 258.1690 14.30821633356566
2024-01-03T19:44:58.457184+00:00,1 42063U 17013A   24003.82289881  .00000144  00000-0  71412-4 0  9990,2 42063  98.5667  80.4483 0001025 101.9288 258.2010 14.30821728356617
2024-01-03T21:25:40.397952+00:00,1 42063U 17013A   24003.89282868  .00000155  00000-0  75749-4 0  9994,2 42063  98.5667  80.5172 0001028 102.0189 258.1109 14.30821808356615
2024-01-04T04:08:28.157568+00:00,1 42063U 17013A   24004.17254812  .00000165  00000-0  79430-4 0  9996,2 42063  98.5667  80.7929 0001027 102.1044 258.0254 14.30821979356661
2024-01-04T10:51:15.916320+00:00,1 42063U 17013A   24004.45226755  .00000162  00000-0  78530-4 0  9999,2 42063  98.5667  81.0685 0001032 102.1900 257.9398 14.30822080356707
2024-01-04T12:31:57.857952+00:00,1 42063U 17013A   24004.52219743  .00000156  00000-0  76253-4 0  9999,2 42063  98.5667  81.1374 0001033 102.1230 258.0068 14.30822077356702
2024-01-04T19:14:45.615840+00:00,1 42063U 17013A   24004.80191685  .00000147  00000-0  72892-4 0  9999,2 42063  98.5667  81.4131 0001034 102.1895 257.9403 14.30822172356756
2024-01-04T20:55:27.554880+00:00,1 42063U 17013A   24004.87184670  .00000149  00000-0  73468-4 0  9994,2 42063  98.5667  81.4820 0001034 102.1780 257.9519 14.30822198356750
2024-01-05T03:38:15.310176+00:00,1 42063U 17013A   24005.15156609  .00000144  00000-0  71443-4 0  9993,2 42063  98.5666  81.7576 0001033 102.2038 257.9261 14.30822310356802
2024-01-05T10:21:03.061152+00:00,1 42063U 17013A   24005.43128543  .00000152  00000-0  74643-4 0  9994,2 42063  98.5666  82.0333 0001039 102.4303 257.6996 14.30822492356847
2024-01-05T13:42:26.940096+00:00,1 42063U 17013A   24005.57114514  .00000159  00000-0  77441-4 0  9998,2 42063  98.5666  82.1711 0001040 102.3544 257.7756 14.30822556356853
2024-01-05T18:44:32.754624+00:00,1 42063U 17013A   24005.78093466  .00000149  00000-0  73491-4 0  9993,2 42063  98.5666  82.3779 0001039 102.3948 257.7351 14.30822604356894
2024-01-05T22:05:56.627520+00:00,1 42063U 17013A   24005.92079430  .00000153  00000-0  74902-4 0  9997,2 42063  98.5666  82.5157 0001040 102.4058 257.7241 14.30822676356900
2024-01-06T04:48:44.375040+00:00,1 42063U 17013A   24006.20051360  .00000155  00000-0  75788-4 0  9996,2 42063  98.5665  82.7913 0001039 102.4391 257.6908 14.30822816356959
2024-01-06T11:31:32.123424+00:00,1 42063U 17013A   24006.48023291  .00000158  00000-0  76876-4 0  9990,2 42063  98.5665  83.0670 0001049 102.6789 257.4511 14.30822936356981
2024-01-06T11:31:32.123424+00:00,1 42063U 17013A   24006.48023291  .00000158  00000-0  76876-4 0  9990,2 42063  98.5665  83.0670 0001049 102.6789 257.4511 14.30822936356992
2024-01-06T19:55:01.806528+00:00,1 42063U 17013A   24006.82988202  .00000144  00000-0  71462-4 0  9991,2 42063  98.5664  83.4115 0001048 102.6101 257.5199 14.30823036357048
2024-01-06T21:35:43.742976+00:00,1 42063U 17013A   24006.89981184  .00000133  00000-0  67184-4 0  9994,2 42063  98.5664  83.4804 0001047 102.5604 257.5696 14.30822994357043
2024-01-07T04:18:31.485312+00:00,1 42063U 17013A   24007.17953108  .00000142  00000-0  70883-4 0  9991,2 42063  98.5664  83.7561 0001043 102.4830 257.6470 14.30823141357093
2024-01-07T11:01:19.224192+00:00,1 42063U 17013A   24007.45925028  .00000162  00000-0  78544-4 0  9996,2 42063  98.5664  84.0317 0001044 102.3989 257.7311 14.30823350357133
2024-01-07T12:42:01.158912+00:00,1 42063U 17013A   24007.52918008  .00000175  00000-0  83572-4 0  9995,2 42063  98.5664  84.1006 0001045 102.3656 257.7644 14.30823454357135
2024-01-07T19:24:48.894336+00:00,1 42063U 17013A   24007.80889924  .00000177  00000-0  84267-4 0  9994,2 42063  98.5663  84.3762 0001043 102.3370 257.7930 14.30823589357188
2024-01-07T21:05:30.829056+00:00,1 42063U 17013A   24007.87882904  .00000164  00000-0  79221-4 0  9992,2 42063  98.5663  84.4451 0001044 102.3785 257.7515 14.30823540357181
2024-01-08T03:48:18.562752+00:00,1 42063U 17013A   24008.15854818  .00000167  00000-0  80161-4 0  9995,2 42063  98.5662  84.7208 0001042 102.4736 257.6563 14.30823680357231
2024-01-08T10:31:06.293856+00:00,1 42063U 17013A   24008.43826729  .00000174  00000-0  83191-4 0  9990,2 42063  98.5662  84.9964 0001051 102.7928 257.3372 14.30823836357270
2024-01-08T13:52:30.156384+00:00,1 42063U 17013A   24008.57812681  .00000187  00000-0  88075-4 0  9997,2 42063  98.5662  85.1342 0001050 102.5805 257.5496 14.30823978357281
2024-01-08T18:54:35.952768+00:00,1 42063U 17013A   24008.78791612  .00000183  00000-0  86278-4 0  9999,2 42063  98.5661  85.3409 0001052 102.7655 257.3645 14.30824054357328
2024-01-08T20:35:17.884032+00:00,1 42063U 17013A   24008.85784588  .00000187  00000-0  88102-4 0  9993,2 42063  98.5661  85.4098 0001056 102.8590 257.2711 14.30824101357322
2024-01-09T03:18:05.611680+00:00,1 42063U 17013A   24009.13756495  .00000180  00000-0  85419-4 0  9992,2 42063  98.5660  85.6855 0001058 102.9717 257.1584 14.30824204357374
2024-01-09T11:41:35.266272+00:00,1 42063U 17013A   24009.48721373  .00000194  00000-0  90715-4 0  9997,2 42063  98.5660  86.0300 0001066 103.1517 256.9785 14.30824404357422
2024-01-09T13:22:17.196672+00:00,1 42063U 17013A   24009.55714348  .00000205  00000-0  94735-4 0  9998,2 42063  98.5660  86.0989 0001067 103.1064 257.0238 14.30824503357428
2024-01-09T20:05:04.919136+00:00,1 42063U 17013A   24009.83686249  .00000194  00000-0  90749-4 0  9995,2 42063  98.5659  86.3746 0001062 102.8877 257.2425 14.30824576357478
2024-01-09T21:45:46.850400+00:00,1 42063U 17013A   24009.90679225  .00000192  00000-0  89697-4 0  9997,2 42063  98.5659  86.4435 0001062 102.8840 257.2461 14.30824579357477
2024-01-10T04:28:34.568544+00:00,1 42063U 17013A   24010.18651121  .00000193  00000-0  90382-4 0  9998,2 42063  98.5659  86.7191 0001062 102.8883 257.2418 14.30824731357524
2024-01-10T09:30:40.352832+00:00,1 42063U 17013A   24010.39630038  .00000205  00000-0  94732-4 0  9992,2 42063  98.5659  86.9258 0001065 102.9373 257.1929 14.30824869357548
2024-01-10T09:30:40.352832+00:00,1 42063U 17013A   24010.39630038  .00000205  00000-0  94732-4 0  9992,2 42063  98.5659  86.9258 0001065 102.9373 257.1929 14.30824869357559
2024-01-10T17:54:09.996192+00:00,1 42063U 17013A   24010.74594903  .00000208  00000-0  95943-4 0  9999,2 42063  98.5658  87.2704 0001062 102.7980 257.3321 14.30825067357602
2024-01-11T03:58:21.550080+00:00,1 42063U 17013A   24011.16552720  .00000242  00000-0  10887-3 0  9998,2 42063  98.5657  87.6838 0001060 102.7572 257.3729 14.30825462357665
2024-01-11T10:41:09.251808+00:00,1 42063U 17013A   24011.44524597  .00000244  00000-0  10986-3 0  9992,2 42063  98.5657  87.9594 0001061 102.8870 257.2431 14.30825600357708
2024-01-11T14:02:33.097056+00:00,1 42063U 17013A   24011.58510529  .00000273  00000-0  12065-3 0  9999,2 42063  98.5656  88.0972 0001064 102.9389 257.1912 14.30825829357715
2024-01-11T15:43:15.022272+00:00,1 42063U 17013A   24011.65503498  .00000272  00000-0  12036-3 0  9991,2 42063  98.5656  88.1661 0001066 103.0683 257.0619 14.30825871357723
2024-01-11T15:43:15.022272+00:00,1 42063U 17013A   24011.65503498  .00000272  00000-0  12036-3 0  9991,2 42063  98.5656  88.1661 0001066 103.0683 257.0619 14.30825871357734
2024-01-12T03:28:08.919552+00:00,1 42063U 17013A   24012.14454768  .00000277  00000-0  12242-3 0  9995,2 42063  98.5731  88.6490 0001067  98.5976 261.5328 14.30811645357806
2024-01-12T10:10:56.854560+00:00,1 42063U 17013A   24012.42426915  .00000300  00000-0  13123-3 0  9995,2 42063  98.5731  88.9249 0001067  98.9395 261.1909 14.30811850357843
2024-01-12T13:32:20.819904+00:00,1 42063U 17013A   24012.56412986  .00000316  00000-0  13737-3 0  9991,2 42063  98.5730  89.0628 0001062  98.1560 261.9743 14.30811994357850
2024-01-12T18:34:26.776992+00:00,1 42063U 17013A   24012.77392103  .00000095  00000-0  52890-4 0  9990,2 42063  98.5730  89.2697 0001059  98.1234 262.0069 14.30811801357896
2024-01-12T21:55:50.737152+00:00,1 42063U 17013A   24012.91378168  .00000171  00000-0  82002-4 0  9994,2 42063  98.5730  89.4076 0001064  98.4695 261.6609 14.30811964357906
2024-01-13T04:38:38.661792+00:00,1 42063U 17013A   24013.19350303  .00000198  00000-0  92132-4 0  9990,2 42063  98.5729  89.6834 0001060  98.6269 261.5033 14.30812144357959
2024-01-13T11:21:26.582976+00:00,1 42063U 17013A   24013.47322434  .00000238  00000-0  10736-3 0  9999,2 42063  98.5729  89.9593 0001066  98.8580 261.2724 14.30812374357991
2024-01-13T14:42:50.547456+00:00,1 42063U 17013A   24013.61308504  .00000216  00000-0  99221-4 0  9990,2 42063  98.5729  90.0972 0001060  98.5649 261.5654 14.30812446358000
2024-01-13T19:44:56.482944+00:00,1 42063U 17013A   24013.82287596  .00000260  00000-0  11579-3 0  9998,2 42063  98.5728  90.3040 0001064  98.7637 261.3666 14.30812673358048
2024-01-14T04:08:26.371680+00:00,1 42063U 17013A   24014.17252745  .00000283  00000-0  12456-3 0  9995,2 42063  98.5727  90.6488 0001067  99.3306 260.7997 14.30812955358097
2024-01-14T10:51:14.279040+00:00,1 42063U 17013A   24014.45224860  .00000300  00000-0  13104-3 0  9994,2 42063  98.5727  90.9247 0001069  99.4912 260.6392 14.30813200358136
2024-01-14T12:31:56.253504+00:00,1 42063U 17013A   24014.52217886  .00000318  00000-0  13789-3 0  9990,2 42063  98.5727  90.9936 0001071  99.5017 260.6287 14.30813344358133
2024-01-14T19:14:44.155680+00:00,1 42063U 17013A   24014.80189995  .00000318  00000-0  13804-3 0  9998,2 42063  98.5727  91.2695 0001070  99.5128 260.6176 14.30813551358183
2024-01-14T20:55:26.128416+00:00,1 42063U 17013A   24014.87183019  .00000329  00000-0  14207-3 0  9996,2 42063  98.5726  91.3384 0001072  99.5468 260.5836 14.30813669358189
2024-01-15T03:38:14.025408+00:00,1 42063U 17013A   24015.15155122  .00000326  00000-0  14109-3 0  9990,2 42063  98.5726  91.6143 0001068  99.5850 260.5454 14.30813870358231
2024-01-15T10:21:01.918944+00:00,1 42063U 17013A   24015.43127221  .00000331  00000-0  14295-3 0  9992,2 42063  98.5726  91.8901 0001074  99.6395 260.4909 14.30814105358277
2024-01-15T13:42:25.867872+00:00,1 42063U 17013A   24015.57113273  .00000313  00000-0  13616-3 0  9995,2 42063  98.5726  92.0280 0001076  99.7363 260.3941 14.30814099358286
2024-01-15T18:44:31.784352+00:00,1 42063U 17013A   24015.78092343  .00000318  00000-0  13800-3 0  9992,2 42063  98.5725  92.2349 0001077  99.8392 260.2912 14.30814259358327
2024-01-15T20:25:13.758816+00:00,1 42063U 17013A   24015.85085369  .00000306  00000-0  13335-3 0  9990,2 42063  98.5725  92.3038 0001076  99.8102 260.3203 14.30814232358326
2024-01-16T03:08:01.646304+00:00,1 42063U 17013A   24016.13057461  .00000291  00000-0  12773-3 0  9992,2 42063  98.5725  92.5797 0001073  99.8662 260.2642 14.30814385358378
2024-01-16T11:31:31.491840+00:00,1 42063U 17013A   24016.48022560  .00000319  00000-0  13855-3 0  9995,2 42063  98.5725  92.9245 0001076  99.7792 260.3512 14.30814800358421
2024-01-16T13:12:13.464576+00:00,1 42063U 17013A   24016.55015584  .00000304  00000-0  13277-3 0  9993,2 42063  98.5725  92.9934 0001075  99.5999 260.5305 14.30814782358423
2024-01-16T19:55:01.343424+00:00,1 42063U 17013A   24016.82987666  .00000291  00000-0  12749-3 0  9990,2 42063  98.5724  93.2693 0001073  99.5252 260.6052 14.30814923358470
2024-01-16T21:35:43.312704+00:00,1 42063U 17013A   24016.89980686  .00000281  00000-0  12388-3 0  9990,2 42063  98.5724  93.3382 0001074  99.6154 260.5150 14.30814927358471
2024-01-17T04:18:31.186368+00:00,1 42063U 17013A   24017.17952762  .00000278  00000-0  12276-3 0  9998,2 42063  98.5723  93.6140 0001070  99.6060 260.5244 14.30815121358524
2024-01-17T11:01:19.058304+00:00,1 42063U 17013A   24017.45924836  .00000300  00000-0  13125-3 0  9990,2 42063  98.5723  93.8899 0001074  99.6860 260.4444 14.30815418358563
2024-01-17T12:42:01.026720+00:00,1 42063U 17013A   24017.52917855  .00000312  00000-0  13565-3 0  9992,2 42063  98.5723  93.9588 0001074  99.5049 260.6255 14.30815523358566
2024-01-17T19:24:48.891744+00:00,1 42063U 17013A   24017.80889921  .00000308  00000-0  13432-3 0  9993,2 42063  98.5723  94.2347 0001066  99.3031 260.8273 14.30815711358610
2024-01-17T21:05:30.857568+00:00,1 42063U 17013A   24017.87882937  .00000302  00000-0  13196-3 0  9991,2 42063  98.5723  94.3036 0001072  99.5068 260.6236 14.30815717358618
2024-01-18T03:48:18.719136+00:00,1 42063U 17013A   24018.15854999  .00000289  00000-0  12687-3 0  9998,2 42063  98.5722  94.5794 0001069  99.6487 260.4817 14.30815892358664
2024-01-18T10:31:06.578976+00:00,1 42063U 17013A   24018.43827059  .00000294  00000-0  12875-3 0  9991,2 42063  98.5722  94.8553 0001076  99.8586 260.2718 14.30816103358709
2024-01-18T12:11:48.540480+00:00,1 42063U 17013A   24018.50820070  .00000299  00000-0  13079-3 0  9997,2 42063  98.5722  94.9243 0001074  99.7041 260.4263 14.30816202358706
2024-01-18T18:54:36.393408+00:00,1 42063U 17013A   24018.78792122  .00000292  00000-0  12820-3 0  9999,2 42063  98.5722  95.2001 0001071  99.8646 260.2657 14.30816380358758
2024-01-18T20:35:18.353184+00:00,1 42063U 17013A   24018.85785131  .00000302  00000-0  13188-3 0  9999,2 42063  98.5721  95.2691 0001073  99.9531 260.1773 14.30816443358756
2024-01-19T03:18:06.202656+00:00,1 42063U 17013A   24019.13757179  .00000289  00000-0  12706-3 0  9991,2 42063  98.5721  95.5449 0001073  99.9632 260.1672 14.30816624358807
2024-01-19T10:00:54.051264+00:00,1 42063U 17013A   24019.41729226  .00000312  00000-0  13578-3 0  9999,2 42063  98.5721  95.8207 0001078  99.9921 260.1384 14.30816932358844
2024-01-19T13:22:17.964768+00:00,1 42063U 17013A   24019.55715237  .00000325  00000-0  14048-3 0  9998,2 42063  98.5721  95.9586 0001081  99.9420 260.1885 14.30817057358859
2024-01-19T20:05:05.807328+00:00,1 42063U 17013A   24019.83687277  .00000303  00000-0  13221-3 0  9999,2 42063  98.5720  96.2345 0001080 100.0015 260.1290 14.30817175358905
2024-01-19T21:45:47.771424+00:00,1 42063U 17013A   24019.90680291  .00000286  00000-0  12562-3 0  9993,2 42063  98.5720  96.3034 0001085 100.0715 260.0590 14.30817145358902
2024-01-20T04:28:35.612256+00:00,1 42063U 17013A   24020.18652329  .00000264  00000-0  11743-3 0  9992,2 42063  98.5719  96.5792 0001088 100.1914 259.9392 14.30817284358954
2024-01-20T09:30:41.492448+00:00,1 42063U 17013A   24020.39631357  .00000284  00000-0  12512-3 0  9990,2 42063  98.5719  96.7861 0001092 100.3173 259.8133 14.30817504358987
2024-01-20T14:32:47.371776+00:00,1 42063U 17013A   24020.60610384  .00000282  00000-0  12405-3 0  9990,2 42063  98.5719  96.9929 0001100 100.2913 259.8394 14.30817654359004
2024-01-20T19:34:53.245920+00:00,1 42063U 17013A   24020.81589405  .00000278  00000-0  12281-3 0  9999,2 42063  98.5718  97.1998 0001100 100.2659 259.8648 14.30817775359049
2024-01-20T21:15:35.200512+00:00,1 42063U 17013A   24020.88582408  .00000274  00000-0  12123-3 0  9993,2 42063  98.5718  97.2687 0001102 100.3361 259.7946 14.30817798359043
2024-01-21T03:58:23.027520+00:00,1 42063U 17013A   24021.16554430  .00000270  00000-0  11954-3 0  9996,2 42063  98.5718  97.5445 0001102 100.3534 259.7774 14.30817989359096
2024-01-21T05:39:04.989888+00:00,1 42063U 17013A   24021.23547442  .00000307  00000-0  13364-3 0  9997,2 42063  98.5718  97.6135 0001103 100.3834 259.7473 14.30818203359093
2024-01-21T12:21:52.810848+00:00,1 42063U 17013A   24021.51519457  .00000293  00000-0  12843-3 0  9998,2 42063  98.5717  97.8893 0001110 100.3406 259.7902 14.30818332359144
2024-01-21T19:04:40.631808+00:00,1 42063U 17013A   24021.79491472  .00000274  00000-0  12126-3 0  9997,2 42063  98.5717  98.1651 0001110 100.4096 259.7212 14.30818468359184
2024-01-21T20:45:22.588992+00:00,1 42063U 17013A   24021.86484478  .00000245  00000-0  11007-3 0  9998,2 42063  98.5717  98.2340 0001110 100.4229 259.7079 14.30818335359182
2024-01-22T03:28:10.408224+00:00,1 42063U 17013A   24022.14456491  .00000241  00000-0  10841-3 0  9995,2 42063  98.5716  98.5099 0001106 100.2538 259.8769 14.30818492359238
2024-01-22T05:08:52.365408+00:00,1 42063U 17013A   24022.21449497  .00000279  00000-0  12326-3 0  9992,2 42063  98.5716  98.5788 0001106 100.2870 259.8437 14.30818734359233
2024-01-22T10:10:58.224000+00:00,1 42063U 17013A   24022.42428500  .00000294  00000-0  12881-3 0  9990,2 42063  98.5716  98.7857 0001105 100.2241 259.9066 14.30818898359277
2024-01-22T18:34:27.987456+00:00,1 42063U 17013A   24022.77393504  .00000287  00000-0  12621-3 0  9997,2 42063  98.5715  99.1304 0001104 100.0898 260.0410 14.30819088359327
2024-01-22T21:55:51.890592+00:00,1 42063U 17013A   24022.91379503  .00000248  00000-0  11120-3 0  9996,2 42063  98.5715  99.2683 0001105 100.2335 259.8972 14.30818969359334
2024-01-23T02:57:57.746592+00:00,1 42063U 17013A   24023.12358503  .00000243  00000-0  10919-3 0  9997,2 42063  98.5714  99.4752 0001105 100.2966 259.8341 14.30819099359371
2024-01-23T06:19:21.648864+00:00,1 42063U 17013A   24023.26344501  .00000293  00000-0  12844-3 0  9999,2 42063  98.5714  99.6131 0001104 100.2466 259.8842 14.30819441359386
2024-01-23T09:40:45.551136+00:00,1 42063U 17013A   24023.40330499  .00000293  00000-0  12825-3 0  9995,2 42063  98.5714  99.7510 0001105 100.1599 259.9708 14.30819521359410
2024-01-23T16:23:33.352224+00:00,1 42063U 17013A   24023.68302491  .00000326  00000-0  14088-3 0  9996,2 42063  98.5714 100.0268 0001101  99.9289 260.2018 14.30819854359455
2024-01-23T21:25:39.196128+00:00,1 42063U 17013A   24023.89281477  .00000277  00000-0  12241-3 0  9993,2 42063  98.5713 100.2337 0001105 100.0319 260.0989 14.30819735359470
2024-01-24T04:08:26.990304+00:00,1 42063U 17013A   24024.17253461  .00000271  00000-0  12005-3 0  9999,2 42063  98.5712 100.5094 0001101 100.1540 259.9767 14.30819910359527
2024-01-24T10:51:14.781888+00:00,1 42063U 17013A   24024.45225442  .00000339  00000-0  14614-3 0  9991,2 42063  98.5712 100.7853 0001098  99.9005 260.2301 14.30820438359568
2024-01-24T12:31:56.738208+00:00,1 42063U 17013A   24024.52218447  .00000340  00000-0  14631-3 0  9997,2 42063  98.5712 100.8542 0001101  99.7775 260.3532 14.30820475359569
2024-01-24T19:14:44.521152+00:00,1 42063U 17013A   24024.80190418  .00000346  00000-0  14859-3 0  9993,2 42063  98.5711 101.1300 0001104  99.8586 260.2721 14.30820716359611
2024-01-24T22:36:08.414784+00:00,1 42063U 17013A   24024.94176406  .00000322  00000-0  13967-3 0  9992,2 42063  98.5711 101.2679 0001114 100.1927 259.9382 14.30820660359624
2024-01-25T03:38:14.250048+00:00,1 42063U 17013A   24025.15155382  .00000311  00000-0  13545-3 0  9996,2 42063  98.5710 101.4747 0001115 100.2987 259.8322 14.30820787359666
2024-01-25T10:21:02.040768+00:00,1 42063U 17013A   24025.43127362  .00000323  00000-0  13983-3 0  9993,2 42063  98.5710 101.7505 0001121 100.3022 259.8288 14.30821007359701
2024-01-25T13:42:25.921440+00:00,1 42063U 17013A   24025.57113335  .00000318  00000-0  13808-3 0  9993,2 42063  98.5709 101.8884 0001123 100.1653 259.9657 14.30821113359710
2024-01-25T18:44:31.750656+00:00,1 42063U 17013A   24025.78092304  .00000313  00000-0  13618-3 0  9992,2 42063  98.5709 102.0953 0001124 100.2751 259.8559 14.30821243359759
2024-01-25T22:05:55.639968+00:00,1 42063U 17013A   24025.92078287  .00000288  00000-0  12660-3 0  9999,2 42063  98.5708 102.2331 0001126 100.4718 259.6592 14.30821184359767
2024-01-26T03:08:01.466592+00:00,1 42063U 17013A   24026.13057253  .00000287  00000-0  12598-3 0  9992,2 42063  98.5708 102.4400 0001125 100.4666 259.6644 14.30821335359808
2024-01-26T09:50:49.249536+00:00,1 42063U 17013A   24026.41029224  .00000326  00000-0  14087-3 0  9999,2 42063  98.5708 102.7158 0001128 100.2512 259.8798 14.30821655359843
2024-01-26T13:12:13.142304+00:00,1 42063U 17013A   24026.55015211  .00000288  00000-0  12651-3 0  9997,2 42063  98.5707 102.8537 0001128  99.9567 260.1743 14.30821546359853
2024-01-26T18:14:18.968064+00:00,1 42063U 17013A   24026.75994176  .00000277  00000-0  12213-3 0  9997,2 42063  98.5707 103.0605 0001126  99.8629 260.2681 14.30821647359896
2024-01-27T04:18:30.610944+00:00,1 42063U 17013A   24027.17952096  .00000287  00000-0  12610-3 0  9991,2 42063  98.5706 103.4742 0001125 100.1860 259.9450 14.30821933359957
2024-01-27T11:01:18.374016+00:00,1 42063U 17013A   24027.45924044  .00000317  00000-0  13772-3 0  9998,2 42063  98.5705 103.7500 0001129 100.2003 259.9307 14.30822252359995
2024-01-27T12:42:00.319968+00:00,1 42063U 17013A   24027.52917037  .00000306  00000-0  13356-3 0  9996,2 42063  98.5705 103.8189 0001128 100.0921 260.0389 14.30822208359999
2024-01-27T19:24:48.075264+00:00,1 42063U 17013A   24027.80888976  .00000295  00000-0  12935-3 0  9995,2 42063  98.5704 104.0947 0001126 100.2291 259.9019 14.30822363360040
2024-01-27T21:05:30.013440+00:00,1 42063U 17013A   24027.87881960  .00000254  00000-0  11371-3 0  9996,2 42063  98.5704 104.1636 0001128 100.4367 259.6943 14.30822180360044
2024-01-28T05:28:59.705184+00:00,1 42063U 17013A   24028.22846881  .00000248  00000-0  11111-3 0  9994,2 42063  98.5703 104.5083 0001125 100.4470 259.6840 14.30822393360104
2024-01-28T10:31:05.526624+00:00,1 42063U 17013A   24028.43825841  .00000255  00000-0  11381-3 0  9997,2 42063  98.5703 104.7152 0001130 100.3737 259.7574 14.30822520360134
2024-01-28T12:11:47.461344+00:00,1 42063U 17013A   24028.50818821  .00000253  00000-0  11320-3 0  9996,2 42063  98.5703 104.7841 0001134 100.4243 259.7068 14.30822585360135
2024-01-28T18:54:35.208000+00:00,1 42063U 17013A   24028.78790750  .00000253  00000-0  11302-3 0  9996,2 42063  98.5702 105.0599 0001132 100.3793 259.7518 14.30822761360186
2024-01-28T22:15:59.080896+00:00,1 42063U 17013A   24028.92776714  .00000258  00000-0  11525-3 0  9998,2 42063  98.5702 105.1978 0001136 100.4998 259.6312 14.30822837360196
2024-01-29T03:18:04.889376+00:00,1 42063U 17013A   24029.13755659  .00000249  00000-0  11158-3 0  9999,2 42063  98.5701 105.4046 0001135 100.6105 259.5206 14.30822948360234
2024-01-29T10:00:52.629120+00:00,1 42063U 17013A   24029.41727580  .00000261  00000-0  11625-3 0  9995,2 42063  98.5701 105.6804 0001138 100.2825 259.8486 14.30823193360276
2024-01-29T18:24:22.308768+00:00,1 42063U 17013A   24029.76692487  .00000243  00000-0  10920-3 0  9997,2 42063  98.5701 106.0251 0001138 100.2478 259.8833 14.30823297360328
2024-01-29T21:45:46.178208+00:00,1 42063U 17013A   24029.90678447  .00000241  00000-0  10854-3 0  9997,2 42063  98.5700 106.1630 0001141 100.3065 259.8246 14.30823343360337
2024-01-30T04:28:33.912768+00:00,1 42063U 17013A   24030.18650362  .00000245  00000-0  10993-3 0  9993,2 42063  98.5700 106.4387 0001137 100.2560 259.8751 14.30823535360382
2024-01-30T11:11:21.645600+00:00,1 42063U 17013A   24030.46622275  .00000249  00000-0  11164-3 0  9991,2 42063  98.5700 106.7145 0001131  99.7112 260.4199 14.30823702360421
2024-01-30T12:52:03.579456+00:00,1 42063U 17013A   24030.53615254  .00000245  00000-0  11027-3 0  9992,2 42063  98.5700 106.7835 0001131  99.6543 260.4767 14.30823733360429
2024-01-30T19:34:51.309696+00:00,1 42063U 17013A   24030.81587164  .00000237  00000-0  10700-3 0  9999,2 42063  98.5699 107.0593 0001129  99.5250 260.6060 14.30823865360471
2024-01-30T21:15:33.247008+00:00,1 42063U 17013A   24030.88580147  .00000209  00000-0  96218-4 0  9998,2 42063  98.5699 107.1282 0001135  99.6918 260.4393 14.30823741360476
2024-01-31T03:58:20.972064+00:00,1 42063U 17013A   24031.16552051  .00000212  00000-0  97684-4 0  9995,2 42063  98.5698 107.4040 0001140  99.8888 260.2424 14.30823933360526
2024-01-31T12:21:50.628384+00:00,1 42063U 17013A   24031.51516931  .00000215  00000-0  98514-4 0  9997,2 42063  98.5698 107.7487 0001149  99.8411 260.2902 14.30824142360563
2024-01-31T12:21:50.628384+00:00,1 42063U 17013A   24031.51516931  .00000215  00000-0  98514-4 0  9997,2 42063  98.5698 107.7487 0001149  99.8411 260.2902 14.30824142360574
2024-01-31T19:04:38.350848+00:00,1 42063U 17013A   24031.79488832  .00000208  00000-0  95859-4 0  9996,2 42063  98.5698 108.0244 0001145  99.5301 260.6011 14.30824262360613
2024-01-31T20:45:20.283840+00:00,1 42063U 17013A   24031.86481810  .00000201  00000-0  93280-4 0  9992,2 42063  98.5698 108.0934 0001146  99.4880 260.6432 14.30824252360617
2024-02-01T03:28:08.001984+00:00,1 42063U 17013A   24032.14453706  .00000197  00000-0  91970-4 0  9995,2 42063  98.5697 108.3691 0001145  99.7413 260.3900 14.30824388360665
2024-02-01T10:10:55.724448+00:00,1 42063U 17013A   24032.42425607  .00000171  00000-0  82036-4 0  9990,2 42063  98.5697 108.6449 0001149  99.6765 260.4547 14.30824420360702
2024-02-01T13:32:19.581792+00:00,1 42063U 17013A   24032.56411553  .00000185  00000-0  87220-4 0  9995,2 42063  98.5697 108.7828 0001149  99.4912 260.6401 14.30824558360710
2024-02-01T16:53:43.439136+00:00,1 42063U 17013A   24032.70397499  .00000183  00000-0  86275-4 0  9990,2 42063  98.5697 108.9207 0001144  99.3881 260.7431 14.30824619360736
2024-02-01T16:53:43.439136+00:00,1 42063U 17013A   24032.70397499  .00000183  00000-0  86275-4 0  9990,2 42063  98.5697 108.9207 0001144  99.3881 260.7431 14.30824619360747
2024-02-02T19:44:55.457376+00:00,1 42063U 17013A   24033.82286409  .00000175  00000-0  83318-4 0  9998,2 42063  98.5695 110.0236 0001138  95.8959 264.2353 14.30808720360906
2024-02-02T21:25:37.450848+00:00,1 42063U 17013A   24033.89279457  .00000298  00000-0  13054-3 0  9995,2 42063  98.5695 110.0926 0001136  95.7334 264.3979 14.30808840360904
2024-02-03T04:08:25.429056+00:00,1 42063U 17013A   24034.17251654  .00000299  00000-0  13091-3 0  9998,2 42063  98.5694 110.3683 0001143  96.3540 263.7773 14.30809057360951
2024-02-03T10:51:13.415040+00:00,1 42063U 17013A   24034.45223860  .00000286  00000-0  12567-3 0  9990,2 42063  98.5694 110.6441 0001149  96.2004 263.9310 14.30809294360992
2024-02-03T12:31:55.405920+00:00,1 42063U 17013A   24034.52216905  .00000291  00000-0  12768-3 0  9999,2 42063  98.5694 110.7130 0001150  96.2745 263.8569 14.30809374360996
2024-02-03T19:14:43.378080+00:00,1 42063U 17013A   24034.80189095  .00000290  00000-0  12713-3 0  9998,2 42063  98.5693 110.9888 0001147  96.2857 263.8456 14.30809550361045
2024-02-03T20:55:25.370688+00:00,1 42063U 17013A   24034.87182142  .00000264  00000-0  11743-3 0  9994,2 42063  98.5693 111.0577 0001147  96.4444 263.6870 14.30809441361043
2024-02-04T03:38:13.341120+00:00,1 42063U 17013A   24035.15154330  .00000262  00000-0  11667-3 0  9997,2 42063  98.5693 111.3334 0001145  96.4827 263.6486 14.30809614361090
2024-02-04T10:21:01.307232+00:00,1 42063U 17013A   24035.43126513  .00000314  00000-0  13632-3 0  9992,2 42063  98.5692 111.6092 0001149  96.4900 263.6414 14.30810063361135
2024-02-04T13:42:25.288992+00:00,1 42063U 17013A   24035.57112603  .00000311  00000-0  13546-3 0  9993,2 42063  98.5692 111.7471 0001147  96.3252 263.8062 14.30810147361149
2024-02-04T18:44:31.271136+00:00,1 42063U 17013A   24035.78091749  .00000223  00000-0  10181-3 0  9997,2 42063  98.5692 111.9539 0001130  95.9046 264.2266 14.30809939361186
2024-02-04T20:25:13.266336+00:00,1 42063U 17013A   24035.85084799  .00000199  00000-0  92656-4 0  9992,2 42063  98.5692 112.0228 0001131  95.9078 264.2234 14.30809833361198
2024-02-05T04:48:43.222464+00:00,1 42063U 17013A   24036.20050026  .00000197  00000-0  91811-4 0  9998,2 42063  98.5691 112.3675 0001132  95.9471 264.1841 14.30810000361241
2024-02-05T11:31:31.187712+00:00,1 42063U 17013A   24036.48022208  .00000204  00000-0  94643-4 0  9994,2 42063  98.5691 112.6432 0001138  95.7193 264.4120 14.30810187361283
2024-02-05T14:52:55.167744+00:00,1 42063U 17013A   24036.62008296  .00000211  00000-0  97322-4 0  9996,2 42063  98.5690 112.7811 0001135  95.5303 264.6009 14.30810297361293
2024-02-05T19:55:01.135200+00:00,1 42063U 17013A   24036.82987425  .00000210  00000-0  96817-4 0  9995,2 42063  98.5690 112.9879 0001136  95.6464 264.4849 14.30810388361335
2024-02-05T21:35:43.127808+00:00,1 42063U 17013A   24036.89980472  .00000205  00000-0  94747-4 0  9991,2 42063  98.5689 113.0568 0001137  95.6954 264.4359 14.30810370361332
2024-02-06T04:18:31.082688+00:00,1 42063U 17013A   24037.17952642  .00000210  00000-0  96687-4 0  9992,2 42063  98.5689 113.3326 0001137  95.7976 264.3337 14.30810542361383
2024-02-06T11:01:19.032384+00:00,1 42063U 17013A   24037.45924806  .00000228  00000-0  10353-3 0  9998,2 42063  98.5688 113.6083 0001138  95.7769 264.3543 14.30810773361426
2024-02-06T12:42:01.021536+00:00,1 42063U 17013A   24037.52917849  .00000221  00000-0  10086-3 0  9991,2 42063  98.5688 113.6773 0001141  95.5746 264.5567 14.30810790361426
2024-02-06T19:24:48.972096+00:00,1 42063U 17013A   24037.80890014  .00000215  00000-0  98710-4 0  9990,2 42063  98.5688 113.9530 0001139  95.6099 264.5214 14.30810907361473
2024-02-06T21:05:30.955200+00:00,1 42063U 17013A   24037.87883050  .00000243  00000-0  10952-3 0  9991,2 42063  98.5687 114.0219 0001141  95.6847 264.4466 14.30811085361478
2024-02-07T03:48:18.898848+00:00,1 42063U 17013A   24038.15855207  .00000246  00000-0  11047-3 0  9995,2 42063  98.5687 114.2976 0001142  95.8181 264.3132 14.30811263361527
2024-02-07T10:31:06.845952+00:00,1 42063U 17013A   24038.43827368  .00000248  00000-0  11124-3 0  9991,2 42063  98.5686 114.5734 0001146  95.9282 264.2032 14.30811390361561
2024-02-07T13:52:30.814752+00:00,1 42063U 17013A   24038.57813443  .00000264  00000-0  11724-3 0  9999,2 42063  98.5686 114.7112 0001147  95.8211 264.3103 14.30811557361571
2024-02-07T18:54:36.767520+00:00,1 42063U 17013A   24038.78792555  .00000258  00000-0  11524-3 0  9993,2 42063  98.5685 114.9180 0001145  95.8533 264.2780 14.30811655361616
2024-02-07T20:35:18.749760+00:00,1 42063U 17013A   24038.85785590  .00000257  00000-0  11485-3 0  9997,2 42063  98.5685 114.9869 0001143  95.8371 264.2943 14.30811679361615
2024-02-08T01:37:24.702528+00:00,1 42063U 17013A   24039.06764702  .00000249  00000-0  11159-3 0  9992,2 42063  98.5685 115.1937 0001141  95.8168 264.3145 14.30811769361655
2024-02-08T10:00:54.622368+00:00,1 42063U 17013A   24039.41729887  .00000283  00000-0  12480-3 0  9992,2 42063  98.5684 115.5384 0001142  95.7583 264.3730 14.30812124361707
2024-02-08T13:22:18.585120+00:00,1 42063U 17013A   24039.55715955  .00000285  00000-0  12553-3 0  9991,2 42063  98.5684 115.6762 0001145  95.6837 264.4476 14.30812234361713
2024-02-08T20:05:06.510624+00:00,1 42063U 17013A   24039.83688091  .00000283  00000-0  12467-3 0  9994,2 42063  98.5683 115.9520 0001141  95.6831 264.4482 14.30812382361763
2024-02-08T21:45:48.492864+00:00,1 42063U 17013A   24039.90681126  .00000278  00000-0  12258-3 0  9996,2 42063  98.5683 116.0209 0001140  95.7872 264.3440 14.30812372361766
2024-02-09T04:28:36.414048+00:00,1 42063U 17013A   24040.18653257  .00000279  00000-0  12291-3 0  9990,2 42063  98.5682 116.2966 0001141  95.9329 264.1983 14.30812568361810
2024-02-09T11:11:24.336096+00:00,1 42063U 17013A   24040.46625389  .00000287  00000-0  12632-3 0  9994,2 42063  98.5682 116.5723 0001140  95.7419 264.3894 14.30812759361850
2024-02-09T14:32:48.293664+00:00,1 42063U 17013A   24040.60611451  .00000304  00000-0  13246-3 0  9997,2 42063  98.5682 116.7102 0001138  95.5565 264.5748 14.30812939361861
2024-02-09T19:34:54.229152+00:00,1 42063U 17013A   24040.81590543  .00000301  00000-0  13136-3 0  9993,2 42063  98.5681 116.9170 0001133  95.4451 264.6861 14.30813053361905
2024-02-10T03:58:24.123936+00:00,1 42063U 17013A   24041.16555699  .00000292  00000-0  12823-3 0  9996,2 42063  98.5680 117.2616 0001138  95.8154 264.3158 14.30813211361959
2024-02-10T10:41:12.021792+00:00,1 42063U 17013A   24041.44527803  .00000341  00000-0  14672-3 0  9992,2 42063  98.5680 117.5373 0001144  95.8223 264.3091 14.30813691361998
2024-02-10T12:21:53.999712+00:00,1 42063U 17013A   24041.51520833  .00000369  00000-0  15738-3 0  9990,2 42063  98.5680 117.6063 0001146  95.8713 264.2600 14.30813888361994
2024-02-10T19:04:41.896704+00:00,1 42063U 17013A   24041.79492936  .00000360  00000-0  15387-3 0  9993,2 42063  98.5679 117.8820 0001142  95.8165 264.3148 14.30814066362046
2024-02-10T20:45:23.870304+00:00,1 42063U 17013A   24041.86485961  .00000367  00000-0  15655-3 0  9996,2 42063  98.5679 117.9509 0001141  95.8772 264.2541 14.30814141362044
2024-02-11T03:28:11.762112+00:00,1 42063U 17013A   24042.14458058  .00000359  00000-0  15362-3 0  9991,2 42063  98.5678 118.2266 0001136  95.8193 264.3119 14.30814329362093
2024-02-11T10:10:59.679840+00:00,1 42063U 17013A   24042.42430185  .00000294  00000-0  12898-3 0  9992,2 42063  98.5678 118.5023 0001136  95.7382 264.3931 14.30814074362130
2024-02-11T13:32:23.616672+00:00,1 42063U 17013A   24042.56416223  .00000329  00000-0  14226-3 0  9990,2 42063  98.5678 118.6402 0001137  95.6692 264.4620 14.30814397362141
2024-02-11T18:34:29.532288+00:00,1 42063U 17013A   24042.77395292  .00000323  00000-0  13969-3 0  9992,2 42063  98.5677 118.8470 0001136  95.6331 264.4982 14.30814525362184
2024-02-11T21:55:53.482944+00:00,1 42063U 17013A   24042.91381346  .00000287  00000-0  12616-3 0  9990,2 42063  98.5677 118.9848 0001139  95.7586 264.3727 14.30814393362190
2024-02-12T04:38:41.368704+00:00,1 42063U 17013A   24043.19353436  .00000282  00000-0  12422-3 0  9990,2 42063  98.5676 119.2605 0001139  95.8536 264.2777 14.30814577362244
2024-02-12T11:21:29.246688+00:00,1 42063U 17013A   24043.47325517  .00000357  00000-0  15266-3 0  9992,2 42063  98.5676 119.5362 0001139  95.6460 264.4853 14.30815148362287
2024-02-12T14:42:53.186112+00:00,1 42063U 17013A   24043.61311558  .00000368  00000-0  15688-3 0  9998,2 42063  98.5676 119.6741 0001134  95.3653 264.7659 14.30815301362294
2024-02-12T19:44:59.091360+00:00,1 42063U 17013A   24043.82290615  .00000362  00000-0  15462-3 0  9995,2 42063  98.5675 119.8809 0001133  95.4129 264.7183 14.30815436362334
2024-02-12T21:25:41.064096+00:00,1 42063U 17013A   24043.89283639  .00000301  00000-0  13137-3 0  9990,2 42063  98.5675 119.9498 0001134  95.5429 264.5884 14.30815131362332
2024-02-13T04:08:28.936032+00:00,1 42063U 17013A   24044.17255713  .00000296  00000-0  12967-3 0  9997,2 42063  98.5674 120.2254 0001136  96.0852 264.0460 14.30815334362389
2024-02-13T12:31:58.767744+00:00,1 42063U 17013A   24044.52220796  .00000358  00000-0  15334-3 0  9999,2 42063  98.5674 120.5701 0001142  95.8939 264.2374 14.30815954362428
2024-02-13T12:31:58.767744+00:00,1 42063U 17013A   24044.52220796  .00000358  00000-0  15334-3 0  9999,2 42063  98.5674 120.5701 0001142  95.8939 264.2374 14.30815954362439
2024-02-13T19:14:46.626720+00:00,1 42063U 17013A   24044.80192855  .00000401  00000-0  16964-3 0  9993,2 42063  98.5673 120.8457 0001144  95.9456 264.1857 14.30816419362472
2024-02-13T22:36:10.554912+00:00,1 42063U 17013A   24044.94178883  .00000406  00000-0  17142-3 0  9997,2 42063  98.5673 120.9836 0001147  96.0165 264.1149 14.30816564362482
2024-02-14T05:18:58.405248+00:00,1 42063U 17013A   24045.22150932  .00000400  00000-0  16909-3 0  9998,2 42063  98.5672 121.2593 0001144  96.0174 264.1140 14.30816796362536
2024-02-14T12:01:46.253856+00:00,1 42063U 17013A   24045.50122979  .00000364  00000-0  15541-3 0  9999,2 42063  98.5672 121.5350 0001146  95.7136 264.4178 14.30816825362577
2024-02-14T13:42:28.223136+00:00,1 42063U 17013A   24045.57115999  .00000378  00000-0  16075-3 0  9998,2 42063  98.5672 121.6039 0001145  95.5497 264.5816 14.30816915362579
2024-02-14T18:44:34.107648+00:00,1 42063U 17013A   24045.78095032  .00000364  00000-0  15568-3 0  9997,2 42063  98.5672 121.8107 0001141  95.6067 264.5246 14.30817026362613
2024-02-14T22:05:58.027200+00:00,1 42063U 17013A   24045.92081050  .00000370  00000-0  15769-3 0  9998,2 42063  98.5671 121.9485 0001141  95.7071 264.4242 14.30817147362628
2024-02-15T03:08:03.908256+00:00,1 42063U 17013A   24046.13060079  .00000354  00000-0  15186-3 0  9995,2 42063  98.5671 122.1553 0001138  95.6751 264.4561 14.30817284362667
2024-02-15T11:31:33.720096+00:00,1 42063U 17013A   24046.48025139  .00000316  00000-0  13723-3 0  9994,2 42063  98.5670 122.4999 0001141  95.6393 264.4920 14.30817308362711
2024-02-15T13:12:15.678144+00:00,1 42063U 17013A   24046.55018146  .00000334  00000-0  14421-3 0  9998,2 42063  98.5670 122.5688 0001142  95.5699 264.5614 14.30817465362711
2024-02-15T19:55:03.512928+00:00,1 42063U 17013A   24046.82990177  .00000320  00000-0  13885-3 0  9999,2 42063  98.5670 122.8445 0001136  95.5475 264.5837 14.30817630362766
2024-02-15T21:35:45.474432+00:00,1 42063U 17013A   24046.89983188  .00000301  00000-0  13141-3 0  9994,2 42063  98.5669 122.9134 0001139  95.6567 264.4746 14.30817567362763
2024-02-16T04:18:33.305760+00:00,1 42063U 17013A   24047.17955215  .00000292  00000-0  12821-3 0  9999,2 42063  98.5669 123.1891 0001135  95.6797 264.4516 14.30817769362812
2024-02-16T11:01:21.124992+00:00,1 42063U 17013A   24047.45927228  .00000314  00000-0  13652-3 0  9991,2 42063  98.5668 123.4647 0001137  95.7588 264.3724 14.30818095362851
2024-02-16T12:42:03.086496+00:00,1 42063U 17013A   24047.52920239  .00000280  00000-0  12343-3 0  9992,2 42063  98.5668 123.5337 0001141  95.6424 264.4890 14.30817970362857
2024-02-16T19:24:50.910048+00:00,1 42063U 17013A   24047.80892257  .00000273  00000-0  12062-3 0  9991,2 42063  98.5668 123.8094 0001132  95.5420 264.5891 14.30818143362906
2024-02-16T21:05:32.868960+00:00,1 42063U 17013A   24047.87885265  .00000273  00000-0  12085-3 0  9994,2 42063  98.5668 123.8783 0001135  95.6550 264.4762 14.30818166362900
2024-02-17T03:48:20.689056+00:00,1 42063U 17013A   24048.15857279  .00000270  00000-0  11976-3 0  9995,2 42063  98.5667 124.1540 0001131  95.8950 264.2362 14.30818355362955
2024-02-17T12:11:50.461152+00:00,1 42063U 17013A   24048.50822293  .00000285  00000-0  12524-3 0  9998,2 42063  98.5667 124.4985 0001139  95.8663 264.2650 14.30818729363002
2024-02-17T13:52:32.414016+00:00,1 42063U 17013A   24048.57815294  .00000278  00000-0  12284-3 0  9993,2 42063  98.5666 124.5675 0001137  95.8391 264.2921 14.30818742363000
2024-02-17T18:54:38.273472+00:00,1 42063U 17013A   24048.78794298  .00000275  00000-0  12167-3 0  9993,2 42063  98.5666 124.7742 0001133  95.7516 264.3796 14.30818876363044
2024-02-17T22:16:02.174880+00:00,1 42063U 17013A   24048.92780295  .00000271  00000-0  12003-3 0  9996,2 42063  98.5665 124.9120 0001133  95.9953 264.1359 14.30818970363051
2024-02-18T03:18:08.030880+00:00,1 42063U 17013A   24049.13759295  .00000267  00000-0  11857-3 0  9997,2 42063  98.5665 125.1188 0001131  95.9812 264.1500 14.30819113363092
2024-02-18T13:22:19.739424+00:00,1 42063U 17013A   24049.55717291  .00000282  00000-0  12418-3 0  9994,2 42063  98.5664 125.5323 0001135  95.8567 264.2746 14.30819474363145
2024-02-18T20:05:07.539648+00:00,1 42063U 17013A   24049.83689282  .00000279  00000-0  12306-3 0  9995,2 42063  98.5664 125.8079 0001138  95.9671 264.1641 14.30819664363195
2024-02-18T21:45:49.490784+00:00,1 42063U 17013A   24049.90682281  .00000275  00000-0  12142-3 0  9999,2 42063  98.5664 125.8768 0001139  95.9164 264.2149 14.30819678363197
2024-02-19T04:28:37.290144+00:00,1 42063U 17013A   24050.18654271  .00000268  00000-0  11898-3 0  9998,2 42063  98.5663 126.1525 0001144  96.1403 263.9910 14.30819852363248
2024-02-19T09:30:43.139232+00:00,1 42063U 17013A   24050.39633263  .00000279  00000-0  12299-3 0  9997,2 42063  98.5663 126.3593 0001148  96.1235 264.0078 14.30820029363270
2024-02-19T14:32:48.987456+00:00,1 42063U 17013A   24050.60612254  .00000281  00000-0  12368-3 0  9998,2 42063  98.5662 126.5660 0001150  96.1329 263.9985 14.30820171363298
2024-02-19T19:34:54.831360+00:00,1 42063U 17013A   24050.81591240  .00000276  00000-0  12195-3 0  9994,2 42063  98.5662 126.7727 0001147  96.1313 264.0001 14.30820276363335
2024-02-19T22:56:18.729312+00:00,1 42063U 17013A   24050.95577233  .00000238  00000-0  10745-3 0  9992,2 42063  98.5661 126.9106 0001150  96.3287 263.8026 14.30820138363345
2024-02-20T03:58:24.571488+00:00,1 42063U 17013A   24051.16556217  .00000230  00000-0  10453-3 0  9993,2 42063  98.5661 127.1173 0001147  96.3042 263.8272 14.30820259363388
2024-02-20T12:21:54.307296+00:00,1 42063U 17013A   24051.51521189  .00000242  00000-0  10880-3 0  9999,2 42063  98.5660 127.4619 0001151  96.2717 263.8597 14.30820526363431
2024-02-20T14:02:36.251520+00:00,1 42063U 17013A   24051.58514180  .00000241  00000-0  10868-3 0  9994,2 42063  98.5660 127.5308 0001150  96.2903 263.8410 14.30820594363432
2024-02-20T19:04:42.088512+00:00,1 42063U 17013A   24051.79493158  .00000234  00000-0  10587-3 0  9998,2 42063  98.5660 127.7375 0001148  96.3940 263.7374 14.30820694363470
2024-02-20T22:26:05.978688+00:00,1 42063U 17013A   24051.93479142  .00000220  00000-0  10064-3 0  9996,2 42063  98.5659 127.8754 0001149  96.4592 263.6722 14.30820708363488
2024-02-21T03:28:11.813952+00:00,1 42063U 17013A   24052.14458118  .00000214  00000-0  98295-4 0  9996,2 42063  98.5659 128.0821 0001145  96.4031 263.7283 14.30820817363529
2024-02-21T11:51:41.537664+00:00,1 42063U 17013A   24052.49423076  .00000224  00000-0  10206-3 0  9995,2 42063  98.5658 128.4267 0001144  96.3101 263.8213 14.30821035363574
2024-02-21T13:32:23.482752+00:00,1 42063U 17013A   24052.56416068  .00000207  00000-0  95634-4 0  9996,2 42063  98.5658 128.4956 0001143  96.2260 263.9053 14.30820975363578
2024-02-21T18:34:29.314560+00:00,1 42063U 17013A   24052.77395040  .00000202  00000-0  93528-4 0  9990,2 42063  98.5658 128.7023 0001137  96.2302 263.9010 14.30821065363615
2024-02-21T21:55:53.196960+00:00,1 42063U 17013A   24052.91381015  .00000205  00000-0  95004-4 0  9997,2 42063  98.5657 128.8401 0001139  96.3106 263.8207 14.30821155363628
2024-02-22T04:38:40.969536+00:00,1 42063U 17013A   24053.19352974  .00000205  00000-0  94729-4 0  9993,2 42063  98.5657 129.1158 0001144  96.4174 263.7140 14.30821322363679
2024-02-22T11:21:28.742112+00:00,1 42063U 17013A   24053.47324933  .00000208  00000-0  95858-4 0  9995,2 42063  98.5657 129.3914 0001147  96.2536 263.8777 14.30821485363716
2024-02-22T13:02:10.683744+00:00,1 42063U 17013A   24053.54317921  .00000207  00000-0  95558-4 0  9998,2 42063  98.5657 129.4603 0001145  96.1672 263.9641 14.30821531363713
2024-02-22T19:44:58.451136+00:00,1 42063U 17013A   24053.82289874  .00000208  00000-0  96116-4 0  9996,2 42063  98.5656 129.7360 0001143  96.1725 263.9588 14.30821676363767
2024-02-22T21:25:40.392768+00:00,1 42063U 17013A   24053.89282862  .00000204  00000-0  94410-4 0  9994,2 42063  98.5656 129.8049 0001145  96.1882 263.9431 14.30821669363767
2024-02-23T04:08:28.157568+00:00,1 42063U 17013A   24054.17254812  .00000198  00000-0  92064-4 0  9995,2 42063  98.5655 130.0805 0001144  96.3142 263.8171 14.30821811363815
2024-02-23T10:51:15.923232+00:00,1 42063U 17013A   24054.45226763  .00000198  00000-0  92050-4 0  9995,2 42063  98.5654 130.3562 0001152  96.3580 263.7734 14.30821976363852
2024-02-23T12:31:57.860544+00:00,1 42063U 17013A   24054.52219746  .00000224  00000-0  10224-3 0  9998,2 42063  98.5654 130.4251 0001150  96.1670 263.9644 14.30822161363853
2024-02-23T19:14:45.617568+00:00,1 42063U 17013A   24054.80191687  .00000216  00000-0  99085-4 0  9996,2 42063  98.5654 130.7007 0001147  96.2829 263.8485 14.30822289363907
2024-02-23T22:36:09.497376+00:00,1 42063U 17013A   24054.94177659  .00000201  00000-0  93158-4 0  9993,2 42063  98.5653 130.8385 0001147  96.3976 263.7338 14.30822276363913
2024-02-24T03:38:15.313632+00:00,1 42063U 17013A   24055.15156613  .00000200  00000-0  92804-4 0  9990,2 42063  98.5653 131.0452 0001142  96.2746 263.8567 14.30822391363957
2024-02-24T12:01:45.005376+00:00,1 42063U 17013A   24055.50121534  .00000230  00000-0  10448-3 0  9999,2 42063  98.5652 131.3897 0001145  96.2199 263.9114 14.30822721364000
2024-02-24T13:42:26.940960+00:00,1 42063U 17013A   24055.57114515  .00000243  00000-0  10928-3 0  9994,2 42063  98.5652 131.4586 0001143  96.2277 263.9036 14.30822826364000
2024-02-24T18:44:32.750304+00:00,1 42063U 17013A   24055.78093461  .00000249  00000-0  11168-3 0  9996,2 42063  98.5651 131.6654 0001145  96.2592 263.8721 14.30822973364046
2024-02-24T20:25:14.689344+00:00,1 42063U 17013A   24055.85086446  .00000248  00000-0  11109-3 0  9993,2 42063  98.5651 131.7343 0001144  96.2325 263.8988 14.30822974364041
2024-02-25T04:48:44.369856+00:00,1 42063U 17013A   24056.20051354  .00000248  00000-0  11137-3 0  9994,2 42063  98.5650 132.0788 0001141  96.2692 263.8621 14.30823182364104
2024-02-25T11:31:32.115648+00:00,1 42063U 17013A   24056.48023282  .00000246  00000-0  11045-3 0  9999,2 42063  98.5650 132.3544 0001144  96.1274 264.0039 14.30823279364142
2024-02-25T13:12:14.046048+00:00,1 42063U 17013A   24056.55016257  .00000253  00000-0  11303-3 0  9996,2 42063  98.5650 132.4233 0001148  96.1283 264.0031 14.30823391364149
2024-02-25T19:55:01.784064+00:00,1 42063U 17013A   24056.82988176  .00000251  00000-0  11224-3 0  9994,2 42063  98.5649 132.6989 0001146  96.2018 263.9295 14.30823531364193
2024-02-25T21:35:43.724832+00:00,1 42063U 17013A   24056.89981163  .00000251  00000-0  11223-3 0  9999,2 42063  98.5648 132.7678 0001150  96.3201 263.8113 14.30823549364195
2024-02-26T04:18:31.457664+00:00,1 42063U 17013A   24057.17953076  .00000259  00000-0  11549-3 0  9992,2 42063  98.5648 133.0434 0001149  96.5962 263.5352 14.30823756364241
2024-02-26T11:01:19.187904+00:00,1 42063U 17013A   24057.45924986  .00000269  00000-0  11943-3 0  9990,2 42063  98.5648 133.3190 0001149  96.4356 263.6958 14.30823954364286
2024-02-26T12:42:01.123488+00:00,1 42063U 17013A   24057.52917967  .00000263  00000-0  11704-3 0  9998,2 42063  98.5647 133.3879 0001147  96.2523 263.8790 14.30823955364288
2024-02-26T19:24:48.849408+00:00,1 42063U 17013A   24057.80889872  .00000267  00000-0  11856-3 0  9994,2 42063  98.5647 133.6635 0001147  96.2869 263.8444 14.30824147364330
2024-02-26T21:05:30.782400+00:00,1 42063U 17013A   24057.87882850  .00000265  00000-0  11754-3 0  9995,2 42063  98.5647 133.7324 0001147  96.2529 263.8785 14.30824161364333
2024-02-27T03:48:18.507456+00:00,1 42063U 17013A   24058.15854754  .00000256  00000-0  11432-3 0  9992,2 42063  98.5646 134.0080 0001144  96.5544 263.5769 14.30824304364385
2024-02-27T12:11:48.160320+00:00,1 42063U 17013A   24058.50819630  .00000240  00000-0  10816-3 0  9993,2 42063  98.5646 134.3526 0001145  96.1630 263.9683 14.30824422364432
2024-02-27T13:52:30.095040+00:00,1 42063U 17013A   24058.57812610  .00000226  00000-0  10286-3 0  9996,2 42063  98.5646 134.4215 0001144  96.1959 263.9354 14.30824378364436
2024-02-27T18:54:35.884512+00:00,1 42063U 17013A   24058.78791533  .00000223  00000-0  10165-3 0  9992,2 42063  98.5645 134.6282 0001141  96.2875 263.8438 14.30824483364479
2024-02-27T22:15:59.747040+00:00,1 42063U 17013A   24058.92777485  .00000219  00000-0  10026-3 0  9999,2 42063  98.5645 134.7660 0001143  96.2982 263.8331 14.30824520364486
2024-02-28T03:18:05.534784+00:00,1 42063U 17013A   24059.13756406  .00000219  00000-0  10028-3 0  9995,2 42063  98.5644 134.9727 0001141  96.2872 263.8440 14.30824642364528
2024-02-28T11:41:35.179872+00:00,1 42063U 17013A   24059.48721273  .00000205  00000-0  94992-4 0  9995,2 42063  98.5644 135.3172 0001145  96.0485 264.0828 14.30824780364570
2024-02-28T13:22:17.110272+00:00,1 42063U 17013A   24059.55714248  .00000190  00000-0  89002-4 0  9996,2 42063  98.5644 135.3861 0001146  96.0535 264.0778 14.30824737364578
2024-02-28T18:24:22.896288+00:00,1 42063U 17013A   24059.76693167  .00000185  00000-0  87136-4 0  9995,2 42063  98.5644 135.5928 0001142  95.9950 264.1363 14.30824823364611
2024-02-28T21:45:46.754496+00:00,1 42063U 17013A   24059.90679114  .00000180  00000-0  85466-4 0  9996,2 42063  98.5643 135.7306 0001144  96.0419 264.0894 14.30824859364624
2024-02-29T04:28:34.464864+00:00,1 42063U 17013A   24060.18651001  .00000177  00000-0  84307-4 0  9992,2 42063  98.5643 136.0062 0001144  96.2498 263.8816 14.30825002364673
2024-02-29T11:11:22.174368+00:00,1 42063U 17013A   24060.46622887  .00000187  00000-0  87854-4 0  9994,2 42063  98.5643 136.2819 0001144  96.0368 264.0945 14.30825178364714
2024-02-29T14:32:46.027392+00:00,1 42063U 17013A   24060.60608828  .00000175  00000-0  83230-4 0  9990,2 42063  98.5643 136.4197 0001143  95.9537 264.1776 14.30825200364720
2024-02-29T19:34:51.806496+00:00,1 42063U 17013A   24060.81587739  .00000170  00000-0  81349-4 0  9994,2 42063  98.5642 136.6264 0001140  95.8963 264.2350 14.30825274364769
2024-02-29T21:15:33.734304+00:00,1 42063U 17013A   24060.88580711  .00000171  00000-0  81795-4 0  9990,2 42063  98.5642 136.6953 0001141  95.8430 264.2883 14.30825301364766
2024-03-01T03:58:21.435168+00:00,1 42063U 17013A   24061.16552587  .00000179  00000-0  84755-4 0  9999,2 42063  98.5641 136.9709 0001141  96.0850 264.0463 14.30825478364819
2024-03-01T12:21:51.061248+00:00,1 42063U 17013A   24061.51517432  .00000184  00000-0  86770-4 0  9993,2 42063  98.5641 137.3154 0001146  95.9967 264.1346 14.30825699364850
2024-03-01T12:21:51.061248+00:00,1 42063U 17013A   24061.51517432  .00000184  00000-0  86770-4 0  9993,2 42063  98.5641 137.3154 0001146  95.9967 264.1346 14.30825699364861
2024-03-01T19:04:38.757792+00:00,1 42063U 17013A   24061.79489303  .00000173  00000-0  82642-4 0  9990,2 42063  98.5641 137.5910 0001139  95.9693 264.1620 14.30825792364905
2024-03-01T20:45:20.683872+00:00,1 42063U 17013A   24061.86482273  .00000172  00000-0  82151-4 0  9991,2 42063  98.5641 137.6599 0001138  96.0084 264.1228 14.30825796364902
2024-03-02T03:28:08.379552+00:00,1 42063U 17013A   24062.14454143  .00000163  00000-0  78621-4 0  9995,2 42063  98.5640 137.9355 0001131  95.9856 264.1455 14.30825904364950
2024-03-02T10:10:56.070912+00:00,1 42063U 17013A   24062.42426008  .00000181  00000-0  85849-4 0  9995,2 42063  98.5640 138.2111 0001133  96.0029 264.1283 14.30826137364992
2024-03-02T13:32:19.918752+00:00,1 42063U 17013A   24062.56411943  .00000182  00000-0  85873-4 0  9990,2 42063  98.5640 138.3489 0001135  95.7987 264.3326 14.30826196365000
2024-03-02T18:34:25.685760+00:00,1 42063U 17013A   24062.77390840  .00000182  00000-0  86101-4 0  9990,2 42063  98.5639 138.5556 0001134  95.8383 264.2930 14.30826299365043
2024-03-02T21:55:49.532736+00:00,1 42063U 17013A   24062.91376774  .00000181  00000-0  85648-4 0  9990,2 42063  98.5639 138.6934 0001136  95.8830 264.2482 14.30826324365055
2024-03-03T04:38:37.222368+00:00,1 42063U 17013A   24063.19348637  .00000175  00000-0  83399-4 0  9992,2 42063  98.5638 138.9690 0001138  96.0322 264.0990 14.30826442365106
2024-03-03T11:21:24.905952+00:00,1 42063U 17013A   24063.47320493  .00000198  00000-0  92083-4 0  9998,2 42063  98.5638 139.2446 0001141  95.8109 264.3204 14.30826685365147
2024-03-03T14:42:48.752928+00:00,1 42063U 17013A   24063.61306427  .00000181  00000-0  85724-4 0  9991,2 42063  98.5638 139.3824 0001141  95.7902 264.3411 14.30826662365154
2024-03-03T19:44:54.514752+00:00,1 42063U 17013A   24063.82285318  .00000181  00000-0  85695-4 0  9996,2 42063  98.5637 139.5890 0001143  95.8916 264.2397 14.30826751365180
2024-03-04T04:08:24.051840+00:00,1 42063U 17013A   24064.17250060  .00000304  00000-0  13256-3 0  9991,2 42063  98.5636 139.9335 0001148  96.1869 263.9445 14.30827755365245
2024-03-04T10:51:11.769984+00:00,1 42063U 17013A   24064.45221956  .00000227  00000-0  10317-3 0  9993,2 42063  98.5636 140.2091 0001152  96.3347 263.7967 14.30827325365281
2024-03-04T12:31:53.691744+00:00,1 42063U 17013A   24064.52214921  .00000199  00000-0  92392-4 0  9997,2 42063  98.5636 140.2780 0001154  96.2093 263.9221 14.30827229365283
2024-03-04T19:14:41.365824+00:00,1 42063U 17013A   24064.80186766  .00000189  00000-0  88538-4 0  9999,2 42063  98.5635 140.5536 0001151  96.3824 263.7489 14.30827328365334
2024-03-04T22:36:05.196384+00:00,1 42063U 17013A   24064.94172681  .00000193  00000-0  90345-4 0  9999,2 42063  98.5635 140.6914 0001154  96.6367 263.4948 14.30827426365340
2024-03-05T03:38:10.947840+00:00,1 42063U 17013A   24065.15151560  .00000194  00000-0  90574-4 0  9991,2 42063  98.5634 140.8981 0001151  96.5777 263.5537 14.30827536365387
2024-03-05T13:42:22.436928+00:00,1 42063U 17013A   24065.57109302  .00000223  00000-0  10159-3 0  9997,2 42063  98.5634 141.3114 0001149  96.5255 263.6058 14.30827928365439
2024-03-05T18:44:28.184064+00:00,1 42063U 17013A   24065.78088176  .00000212  00000-0  97449-4 0  9991,2 42063  98.5633 141.5181 0001144  96.4658 263.6655 14.30827994365475
2024-03-06T03:07:57.755712+00:00,1 42063U 17013A   24066.13052958  .00000236  00000-0  10657-3 0  9991,2 42063  98.5633 141.8626 0001140  96.3806 263.7506 14.30828307365523
2024-03-06T11:31:27.324768+00:00,1 42063U 17013A   24066.48017737  .00000233  00000-0  10554-3 0  9998,2 42063  98.5632 142.2071 0001141  96.2928 263.8385 14.30828473365571
2024-03-06T13:12:09.236160+00:00,1 42063U 17013A   24066.55010690  .00000239  00000-0  10790-3 0  9995,2 42063  98.5632 142.2760 0001139  96.2754 263.8559 14.30828553365572
2024-03-06T19:54:56.886048+00:00,1 42063U 17013A   24066.82982507  .00000238  00000-0  10722-3 0  9994,2 42063  98.5631 142.5515 0001139  96.3718 263.7594 14.30828705365626
2024-03-07T04:18:26.451648+00:00,1 42063U 17013A   24067.17947282  .00000227  00000-0  10327-3 0  9993,2 42063  98.5630 142.8960 0001141  96.5493 263.5820 14.30828816365675
2024-03-07T12:41:56.010336+00:00,1 42063U 17013A   24067.52912049  .00000236  00000-0  10682-3 0  9999,2 42063  98.5630 143.2405 0001142  96.2646 263.8667 14.30829078365710
2024-03-07T12:41:56.010336+00:00,1 42063U 17013A   24067.52912049  .00000236  00000-0  10682-3 0  9999,2 42063  98.5630 143.2405 0001142  96.2646 263.8667 14.30829078365721
2024-03-08T12:11:43.856736+00:00,1 42063U 17013A   24068.50814649  .00000239  00000-0  10766-3 0  9991,2 42063  98.5703 144.2056 0001145  91.5835 268.5479 14.30807531365864
2024-03-08T13:52:25.861440+00:00,1 42063U 17013A   24068.57807710  .00000227  00000-0  10337-3 0  9990,2 42063  98.5703 144.2746 0001146  91.3821 268.7493 14.30807545365867
2024-03-08T18:54:31.864320+00:00,1 42063U 17013A   24068.78786880  .00000226  00000-0  10288-3 0  9991,2 42063  98.5703 144.4814 0001138  91.8287 268.3026 14.30807558365904
2024-03-08T22:15:55.865088+00:00,1 42063U 17013A   24068.92772992  .00000071  00000-0  43698-4 0  9996,2 42063  98.5702 144.6193 0001138  91.5160 268.6154 14.30807448365916
2024-03-09T03:18:01.867968+00:00,1 42063U 17013A   24069.13752162  .00000066  00000-0  41847-4 0  9995,2 42063  98.5702 144.8262 0001130  91.4755 268.6558 14.30807502365959
2024-03-09T11:41:31.862112+00:00,1 42063U 17013A   24069.48717433  .00000149  00000-0  73366-4 0  9998,2 42063  98.5702 145.1710 0001121  90.8751 269.2560 14.30807841366003
2024-03-09T13:22:13.863360+00:00,1 42063U 17013A   24069.55710490  .00000172  00000-0  82449-4 0  9990,2 42063  98.5702 145.2399 0001126  90.8624 269.2688 14.30807829366008
2024-03-09T18:24:19.859328+00:00,1 42063U 17013A   24069.76689652  .00000194  00000-0  90754-4 0  9990,2 42063  98.5701 145.4468 0001127  90.9309 269.2003 14.30807975366045
2024-03-09T21:45:43.857504+00:00,1 42063U 17013A   24069.90675761  .00000195  00000-0  90975-4 0  9998,2 42063  98.5701 145.5847 0001125  90.8886 269.2426 14.30808037366054
2024-03-10T04:28:31.848672+00:00,1 42063U 17013A   24070.18647973  .00000212  00000-0  97392-4 0  9994,2 42063  98.5700 145.8605 0001124  91.0262 269.1049 14.30808236366105
2024-03-10T11:11:19.841568+00:00,1 42063U 17013A   24070.46620187  .00000198  00000-0  92161-4 0  9995,2 42063  98.5700 146.1363 0001121  91.0297 269.1014 14.30808313366147
2024-03-10T14:32:43.835424+00:00,1 42063U 17013A   24070.60606291  .00000199  00000-0  92413-4 0  9992,2 42063  98.5700 146.2742 0001121  91.0305 269.1006 14.30808399366155
2024-03-10T19:34:49.825344+00:00,1 42063U 17013A   24070.81585446  .00000200  00000-0  92827-4 0  9995,2 42063  98.5699 146.4810 0001120  91.0436 269.0875 14.30808498366191
2024-03-10T21:15:31.822272+00:00,1 42063U 17013A   24070.88578498  .00000200  00000-0  93052-4 0  9992,2 42063  98.5699 146.5500 0001120  90.9917 269.1394 14.30808529366192
2024-03-11T03:58:19.804800+00:00,1 42063U 17013A   24071.16550700  .00000207  00000-0  95483-4 0  9997,2 42063  98.5698 146.8258 0001120  91.2679 268.8633 14.30808714366247
2024-03-11T12:21:49.783392+00:00,1 42063U 17013A   24071.51515953  .00000202  00000-0  93627-4 0  9990,2 42063  98.5698 147.1705 0001125  91.2323 268.8989 14.30808878366288
2024-03-11T12:21:49.783392+00:00,1 42063U 17013A   24071.51515953  .00000202  00000-0  93627-4 0  9990,2 42063  98.5698 147.1705 0001125  91.2323 268.8989 14.30808878366299
2024-03-11T19:04:37.760736+00:00,1 42063U 17013A   24071.79488149  .00000196  00000-0  91456-4 0  9996,2 42063  98.5698 147.4463 0001120  91.2653 268.8658 14.30809003366333
2024-03-12T05:08:49.728480+00:00,1 42063U 17013A   24072.21446445  .00000186  00000-0  87647-4 0  9993,2 42063  98.5697 147.8600 0001116  91.2902 268.8409 14.30809175366391
2024-03-12T11:51:37.704096+00:00,1 42063U 17013A   24072.49418639  .00000185  00000-0  87426-4 0  9991,2 42063  98.5697 148.1358 0001116  91.1853 268.9457 14.30809314366433
2024-03-12T15:13:01.690176+00:00,1 42063U 17013A   24072.63404734  .00000187  00000-0  88041-4 0  9994,2 42063  98.5696 148.2736 0001115  91.2062 268.9248 14.30809397366456
2024-03-12T21:55:49.658016+00:00,1 42063U 17013A   24072.91376919  .00000191  00000-0  89705-4 0  9991,2 42063  98.5695 148.5494 0001115  91.4081 268.7229 14.30809527366487
2024-03-13T04:38:37.630176+00:00,1 42063U 17013A   24073.19349109  .00000170  00000-0  81571-4 0  9993,2 42063  98.5695 148.8252 0001114  91.5694 268.5616 14.30809580366535
2024-03-13T11:21:25.594560+00:00,1 42063U 17013A   24073.47321290  .00000192  00000-0  89960-4 0  9999,2 42063  98.5695 149.1010 0001112  91.5368 268.5942 14.30809823366573
2024-03-13T14:42:49.576320+00:00,1 42063U 17013A   24073.61307380  .00000195  00000-0  91140-4 0  9995,2 42063  98.5695 149.2388 0001113  91.4724 268.6586 14.30809915366586
2024-03-13T19:44:55.547232+00:00,1 42063U 17013A   24073.82286513  .00000194  00000-0  90721-4 0  9995,2 42063  98.5694 149.4457 0001112  91.5502 268.5808 14.30810005366621
2024-03-13T21:25:37.537248+00:00,1 42063U 17013A   24073.89279557  .00000196  00000-0  91579-4 0  9996,2 42063  98.5694 149.5146 0001112  91.5759 268.5551 14.30810041366626
2024-03-14T04:08:25.499040+00:00,1 42063U 17013A   24074.17251735  .00000203  00000-0  93923-4 0  9990,2 42063  98.5693 149.7904 0001113  91.7967 268.3344 14.30810213366677
2024-03-14T05:49:07.488192+00:00,1 42063U 17013A   24074.24244778  .00000206  00000-0  95343-4 0  9998,2 42063  98.5693 149.8593 0001112  91.8441 268.2870 14.30810265366679
2024-03-14T12:31:55.443072+00:00,1 42063U 17013A   24074.52216948  .00000192  00000-0  89900-4 0  9993,2 42063  98.5693 150.1351 0001114  91.7905 268.3405 14.30810351366729
2024-03-14T19:14:43.396224+00:00,1 42063U 17013A   24074.80189116  .00000187  00000-0  88016-4 0  9991,2 42063  98.5692 150.4108 0001109  92.0215 268.1095 14.30810472366764
2024-03-14T20:55:25.384512+00:00,1 42063U 17013A   24074.87182158  .00000189  00000-0  88664-4 0  9998,2 42063  98.5692 150.4798 0001109  92.1180 268.0129 14.30810499366767
2024-03-15T03:38:13.335936+00:00,1 42063U 17013A   24075.15154324  .00000186  00000-0  87519-4 0  9999,2 42063  98.5691 150.7555 0001108  92.1981 267.9329 14.30810638366819
2024-03-15T12:01:43.273920+00:00,1 42063U 17013A   24075.50119530  .00000185  00000-0  87342-4 0  9991,2 42063  98.5691 151.1002 0001108  92.2724 267.8586 14.30810812366860
2024-03-15T18:44:31.220160+00:00,1 42063U 17013A   24075.78091690  .00000181  00000-0  85526-4 0  9995,2 42063  98.5691 151.3760 0001103  92.2634 267.8675 14.30810928366900
2024-03-15T22:05:55.193280+00:00,1 42063U 17013A   24075.92077770  .00000177  00000-0  84300-4 0  9998,2 42063  98.5690 151.5139 0001104  92.3026 267.8283 14.30810973366914
2024-03-16T04:48:43.140384+00:00,1 42063U 17013A   24076.20049931  .00000171  00000-0  81790-4 0  9992,2 42063  98.5690 151.7897 0001100  92.3618 267.7691 14.30811067366962
2024-03-16T11:31:31.082304+00:00,1 42063U 17013A   24076.48022086  .00000173  00000-0  82725-4 0  9995,2 42063  98.5689 152.0654 0001101  92.3302 267.8007 14.30811202367005
2024-03-16T13:12:13.068000+00:00,1 42063U 17013A   24076.55015125  .00000170  00000-0  81591-4 0  9996,2 42063  98.5689 152.1344 0001098  92.2980 267.8329 14.30811226367001
2024-03-16T19:55:01.008192+00:00,1 42063U 17013A   24076.82987278  .00000177  00000-0  84010-4 0  9999,2 42063  98.5689 152.4101 0001097  92.4225 267.7083 14.30811374367053
2024-03-16T21:35:42.993024+00:00,1 42063U 17013A   24076.89980316  .00000183  00000-0  86322-4 0  9997,2 42063  98.5688 152.4791 0001098  92.4292 267.7017 14.30811419367059
2024-03-17T04:18:30.930624+00:00,1 42063U 17013A   24077.17952466  .00000174  00000-0  83126-4 0  9993,2 42063  98.5688 152.7548 0001095  92.6330 267.4979 14.30811511367107
2024-03-17T11:01:18.869088+00:00,1 42063U 17013A   24077.45924617  .00000168  00000-0  80898-4 0  9997,2 42063  98.5688 153.0306 0001096  92.6555 267.4753 14.30811603367149
2024-03-17T12:42:00.850464+00:00,1 42063U 17013A   24077.52917651  .00000156  00000-0  76168-4 0  9997,2 42063  98.5688 153.0995 0001094  92.5027 267.6281 14.30811592367149
2024-03-17T19:24:48.782016+00:00,1 42063U 17013A   24077.80889794  .00000165  00000-0  79423-4 0  9991,2 42063  98.5687 153.3753 0001090  92.5759 267.5549 14.30811760367199
2024-03-17T21:05:30.765984+00:00,1 42063U 17013A   24077.87882831  .00000163  00000-0  78819-4 0  9999,2 42063  98.5687 153.4442 0001090  92.6880 267.4428 14.30811777367194
2024-03-18T03:48:18.697536+00:00,1 42063U 17013A   24078.15854974  .00000149  00000-0  73665-4 0  9996,2 42063  98.5686 153.7200 0001083  92.5546 267.5761 14.30811853367240
2024-03-18T12:11:48.606144+00:00,1 42063U 17013A   24078.50820146  .00000163  00000-0  78728-4 0  9990,2 42063  98.5686 154.0647 0001084  92.5636 267.5671 14.30812073367289
2024-03-18T12:11:48.606144+00:00,1 42063U 17013A   24078.50820146  .00000163  00000-0  78728-4 0  9990,2 42063  98.5686 154.0647 0001084  92.5636 267.5671 14.30812073367290
2024-03-18T18:54:36.526464+00:00,1 42063U 17013A   24078.78792276  .00000169  00000-0  81238-4 0  9998,2 42063  98.5685 154.3404 0001081  92.7986 267.3321 14.30812251367333
2024-03-18T22:16:00.488352+00:00,1 42063U 17013A   24078.92778343  .00000168  00000-0  80871-4 0  9994,2 42063  98.5685 154.4783 0001082  92.9575 267.1732 14.30812297367346
2024-03-19T04:58:48.407808+00:00,1 42063U 17013A   24079.20750472  .00000203  00000-0  94085-4 0  9991,2 42063  98.5684 154.7540 0001077  93.0433 267.0873 14.30812634367393
2024-03-19T11:41:36.324672+00:00,1 42063U 17013A   24079.48722598  .00000223  00000-0  10166-3 0  9998,2 42063  98.5684 155.0298 0001076  92.9331 267.1975 14.30812861367421
2024-03-19T20:05:06.212544+00:00,1 42063U 17013A   24079.83687746  .00000234  00000-0  10598-3 0  9993,2 42063  98.5683 155.3744 0001076  92.9742 267.1564 14.30813091367481
2024-03-20T02:47:54.123360+00:00,1 42063U 17013A   24080.11659865  .00000242  00000-0  10884-3 0  9994,2 42063  98.5683 155.6502 0001079  93.4140 266.7167 14.30813260367524
2024-03-20T11:11:24.018144+00:00,1 42063U 17013A   24080.46625021  .00000268  00000-0  11891-3 0  9996,2 42063  98.5683 155.9948 0001083  93.4976 266.6331 14.30813562367575
2024-03-20T12:52:05.995200+00:00,1 42063U 17013A   24080.53618050  .00000267  00000-0  11834-3 0  9994,2 42063  98.5682 156.0638 0001086  93.2854 266.8453 14.30813608367576
2024-03-20T19:34:53.893920+00:00,1 42063U 17013A   24080.81590155  .00000274  00000-0  12121-3 0  9998,2 42063  98.5682 156.3395 0001087  93.5027 266.6280 14.30813814367626
2024-03-20T21:15:35.869248+00:00,1 42063U 17013A   24080.88583182  .00000274  00000-0  12102-3 0  9996,2 42063  98.5682 156.4084 0001088  93.5104 266.6203 14.30813844367627
2024-03-21T03:58:23.768832+00:00,1 42063U 17013A   24081.16555288  .00000282  00000-0  12416-3 0  9991,2 42063  98.5681 156.6841 0001085  94.0531 266.0775 14.30814023367679
2024-03-21T12:21:53.641152+00:00,1 42063U 17013A   24081.51520418  .00000304  00000-0  13274-3 0  9995,2 42063  98.5681 157.0288 0001085  94.0677 266.0629 14.30814334367718
2024-03-21T12:21:53.641152+00:00,1 42063U 17013A   24081.51520418  .00000304  00000-0  13274-3 0  9995,2 42063  98.5681 157.0288 0001085  94.0677 266.0629 14.30814334367729
2024-03-21T19:04:41.531232+00:00,1 42063U 17013A   24081.79492513  .00000307  00000-0  13386-3 0  9996,2 42063  98.5680 157.3045 0001084  94.0709 266.0598 14.30814532367766
2024-03-21T22:26:05.462016+00:00,1 42063U 17013A   24081.93478544  .00000324  00000-0  14034-3 0  9990,2 42063  98.5680 157.4424 0001083  94.2296 265.9011 14.30814747367777
2024-03-22T05:08:53.356416+00:00,1 42063U 17013A   24082.21450644  .00000311  00000-0  13523-3 0  9991,2 42063  98.5679 157.7181 0001085  94.3858 265.7449 14.30814837367824
2024-03-22T11:51:41.236992+00:00,1 42063U 17013A   24082.49422728  .00000310  00000-0  13509-3 0  9996,2 42063  98.5679 157.9938 0001084  94.3796 265.7510 14.30814999367868
2024-03-22T13:32:23.207136+00:00,1 42063U 17013A   24082.56415749  .00000313  00000-0  13597-3 0  9999,2 42063  98.5679 158.0628 0001083  94.3784 265.7523 14.30815053367868
2024-03-22T20:15:11.079072+00:00,1 42063U 17013A   24082.84387823  .00000311  00000-0  13523-3 0  9998,2 42063  98.5678 158.3385 0001082  94.6567 265.4739 14.30815240367911
2024-03-22T21:55:53.047488+00:00,1 42063U 17013A   24082.91380842  .00000321  00000-0  13920-3 0  9992,2 42063  98.5678 158.4074 0001083  94.6682 265.4625 14.30815304367911
2024-03-23T04:38:40.927200+00:00,1 42063U 17013A   24083.19352925  .00000381  00000-0  16188-3 0  9999,2 42063  98.5678 158.6831 0001079  94.6997 265.4309 14.30815805367968
2024-03-23T11:21:28.771488+00:00,1 42063U 17013A   24083.47324967  .00000403  00000-0  17037-3 0  9994,2 42063  98.5678 158.9589 0001077  94.5960 265.5346 14.30816202368008
2024-03-23T19:44:58.587648+00:00,1 42063U 17013A   24083.82290032  .00000381  00000-0  16211-3 0  9996,2 42063  98.5677 159.3035 0001081  94.6670 265.4636 14.30816393368059
2024-03-23T21:25:40.551744+00:00,1 42063U 17013A   24083.89283046  .00000386  00000-0  16387-3 0  9999,2 42063  98.5677 159.3724 0001082  94.7055 265.4252 14.30816450368051
2024-03-24T04:08:28.408128+00:00,1 42063U 17013A   24084.17255102  .00000430  00000-0  18057-3 0  9999,2 42063  98.5676 159.6481 0001081  94.8554 265.2752 14.30816914368101
2024-03-24T12:31:58.188000+00:00,1 42063U 17013A   24084.52220125  .00000571  00000-0  23457-3 0  9991,2 42063  98.5676 159.9928 0001084  94.8439 265.2868 14.30818067368148
2024-03-24T12:31:58.188000+00:00,1 42063U 17013A   24084.52220125  .00000571  00000-0  23457-3 0  9991,2 42063  98.5676 159.9928 0001084  94.8439 265.2868 14.30818067368159
2024-03-24T19:14:45.907008+00:00,1 42063U 17013A   24084.80192022  .00001094  00000-0  43401-3 0  9998,2 42063  98.5675 160.2685 0001081  94.7288 265.4018 14.30821517368198
2024-03-24T20:55:27.850368+00:00,1 42063U 17013A   24084.87185012  .00001109  00000-0  43945-3 0  9996,2 42063  98.5675 160.3374 0001082  94.7416 265.3890 14.30821708368197
2024-03-25T05:18:57.739104+00:00,1 42063U 17013A   24085.22150161  .00000548  00000-0  22586-3 0  9997,2 42063  98.5674 160.6821 0001083  95.2875 264.8432 14.30818739368255
2024-03-25T12:01:45.550560+00:00,1 42063U 17013A   24085.50122165  .00000703  00000-0  28482-3 0  9995,2 42063  98.5674 160.9578 0001082  95.1746 264.9561 14.30819856368291
2024-03-25T18:44:33.349056+00:00,1 42063U 17013A   24085.78094154  .00000704  00000-0  28500-3 0  9993,2 42063  98.5673 161.2335 0001077  95.1835 264.9471 14.30820216368335
2024-03-25T22:05:57.272064+00:00,1 42063U 17013A   24085.92080176  .00000635  00000-0  25869-3 0  9996,2 42063  98.5673 161.3713 0001083  95.2579 264.8728 14.30819902368344
2024-03-26T04:48:45.080928+00:00,1 42063U 17013A   24086.20052177  .00000612  00000-0  25000-3 0  9990,2 42063  98.5673 161.6470 0001080  95.2239 264.9067 14.30820097368396
2024-03-26T11:31:32.919168+00:00,1 42063U 17013A   24086.48024212  .00000513  00000-0  21229-3 0  9998,2 42063  98.5673 161.9227 0001080  95.0842 265.0464 14.30819715368430
2024-03-26T14:52:56.817120+00:00,1 42063U 17013A   24086.62010205  .00000510  00000-0  21118-3 0  9995,2 42063  98.5672 162.0606 0001075  95.0927 265.0378 14.30819862368448
2024-03-26T19:55:02.672256+00:00,1 42063U 17013A   24086.82989204  .00000452  00000-0  18900-3 0  9991,2 42063  98.5672 162.2674 0001078  95.2851 264.8455 14.30819744368482
2024-03-26T21:35:44.622528+00:00,1 42063U 17013A   24086.89982202  .00000451  00000-0  18866-3 0  9999,2 42063  98.5672 162.3363 0001079  95.3462 264.7844 14.30819793368483
2024-03-27T04:18:32.424480+00:00,1 42063U 17013A   24087.17954195  .00000467  00000-0  19476-3 0  9996,2 42063  98.5671 162.6120 0001068  95.2160 264.9145 14.30820173368534
2024-03-27T11:01:20.209152+00:00,1 42063U 17013A   24087.45926168  .00000366  00000-0  15624-3 0  9995,2 42063  98.5671 162.8877 0001069  95.4960 264.6345 14.30820000368578
2024-03-27T12:42:02.156832+00:00,1 42063U 17013A   24087.52919163  .00000365  00000-0  15575-3 0  9994,2 42063  98.5671 162.9567 0001069  95.4533 264.6771 14.30820063368573
2024-03-27T19:24:49.941504+00:00,1 42063U 17013A   24087.80891136  .00000364  00000-0  15563-3 0  9990,2 42063  98.5670 163.2324 0001067  95.6281 264.5024 14.30820344368625
2024-03-27T21:05:31.887456+00:00,1 42063U 17013A   24087.87884129  .00000361  00000-0  15448-3 0  9990,2 42063  98.5670 163.3013 0001067  95.6109 264.5196 14.30820394368625
2024-03-28T03:48:19.666080+00:00,1 42063U 17013A   24088.15856095  .00000345  00000-0  14812-3 0  9999,2 42063  98.5670 163.5770 0001062  95.7414 264.3890 14.30820634368673
2024-03-28T12:11:49.394112+00:00,1 42063U 17013A   24088.50821058  .00000363  00000-0  15527-3 0  9993,2 42063  98.5670 163.9216 0001066  95.6228 264.5077 14.30821065368711
2024-03-28T12:11:49.394112+00:00,1 42063U 17013A   24088.50821058  .00000363  00000-0  15527-3 0  9993,2 42063  98.5670 163.9216 0001066  95.6228 264.5077 14.30821065368722
2024-03-28T18:54:37.159776+00:00,1 42063U 17013A   24088.78793009  .00000351  00000-0  15039-3 0  9992,2 42063  98.5669 164.1973 0001066  95.6216 264.5089 14.30821279368764
2024-03-28T22:16:01.043904+00:00,1 42063U 17013A   24088.92778986  .00000335  00000-0  14429-3 0  9999,2 42063  98.5669 164.3352 0001063  95.8437 264.2867 14.30821339368770
2024-03-29T04:58:48.809568+00:00,1 42063U 17013A   24089.20750937  .00000338  00000-0  14551-3 0  9996,2 42063  98.5668 164.6108 0001061  95.9206 264.2098 14.30821617368825
2024-03-29T11:41:36.574368+00:00,1 42063U 17013A   24089.48722887  .00000331  00000-0  14306-3 0  9990,2 42063  98.5668 164.8866 0001063  95.8604 264.2700 14.30821809368868
2024-03-29T13:22:18.501312+00:00,1 42063U 17013A   24089.55715858  .00000358  00000-0  15326-3 0  9990,2 42063  98.5668 164.9555 0001062  95.8386 264.2918 14.30822069368860
2024-03-29T20:05:06.272160+00:00,1 42063U 17013A   24089.83687815  .00000359  00000-0  15363-3 0  9994,2 42063  98.5668 165.2312 0001063  96.0262 264.1042 14.30822248368914
2024-03-29T21:45:48.212064+00:00,1 42063U 17013A   24089.90680801  .00000351  00000-0  15059-3 0  9994,2 42063  98.5668 165.3001 0001064  96.1450 263.9854 14.30822269368912
2024-03-30T04:28:35.965632+00:00,1 42063U 17013A   24090.18652738  .00000345  00000-0  14811-3 0  9992,2 42063  98.5667 165.5758 0001064  96.3741 263.7563 14.30822470368961
2024-03-30T11:11:23.715744+00:00,1 42063U 17013A   24090.46624671  .00000339  00000-0  14602-3 0  9999,2 42063  98.5667 165.8515 0001066  96.2914 263.8391 14.30822678369004
2024-03-30T14:32:47.596416+00:00,1 42063U 17013A   24090.60610644  .00000273  00000-0  12063-3 0  9996,2 42063  98.5667 165.9894 0001063  96.3572 263.7732 14.30822446369015
2024-03-30T19:34:53.397120+00:00,1 42063U 17013A   24090.81589580  .00000359  00000-0  15352-3 0  9992,2 42063  98.5667 166.1961 0001066  96.3938 263.7367 14.30823088369053
2024-03-30T21:15:35.333568+00:00,1 42063U 17013A   24090.88582562  .00000358  00000-0  15325-3 0  9991,2 42063  98.5667 166.2650 0001067  96.3716 263.7589 14.30823134369052
2024-03-31T03:58:23.076768+00:00,1 42063U 17013A   24091.16554487  .00000332  00000-0  14317-3 0  9990,2 42063  98.5666 166.5407 0001061  96.6619 263.4685 14.30823211369109
2024-03-31T12:21:52.773696+00:00,1 42063U 17013A   24091.51519414  .00000249  00000-0  11150-3 0  9999,2 42063  98.5666 166.8853 0001064  96.5954 263.5350 14.30822942369156
2024-03-31T19:04:40.516896+00:00,1 42063U 17013A   24091.79491339  .00000238  00000-0  10733-3 0  9998,2 42063  98.5665 167.1610 0001064  96.8959 263.2345 14.30823074369190
2024-03-31T22:26:04.386336+00:00,1 42063U 17013A   24091.93477299  .00000244  00000-0  10958-3 0  9999,2 42063  98.5665 167.2988 0001067  97.1505 262.9799 14.30823163369203
2024-04-01T05:08:52.126080+00:00,1 42063U 17013A   24092.21449220  .00000238  00000-0  10734-3 0  9999,2 42063  98.5665 167.5745 0001067  97.2194 262.9110 14.30823342369253
2024-04-01T11:51:39.859776+00:00,1 42063U 17013A   24092.49421134  .00000225  00000-0  10245-3 0  9996,2 42063  98.5665 167.8503 0001070  96.9311 263.1993 14.30823460369296
2024-04-01T13:32:21.793632+00:00,1 42063U 17013A   24092.56414113  .00000222  00000-0  10114-3 0  9995,2 42063  98.5665 167.9192 0001070  96.9048 263.2257 14.30823497369292
2024-04-01T20:15:09.529920+00:00,1 42063U 17013A   24092.84386030  .00000208  00000-0  96003-4 0  9998,2 42063  98.5664 168.1949 0001071  97.0949 263.0356 14.30823586369340
2024-04-02T04:38:39.196608+00:00,1 42063U 17013A   24093.19350922  .00000222  00000-0  10145-3 0  9996,2 42063  98.5664 168.5395 0001075  97.3058 262.8247 14.30823818369396
2024-04-02T11:21:26.925984+00:00,1 42063U 17013A   24093.47322831  .00000221  00000-0  10089-3 0  9991,2 42063  98.5664 168.8151 0001078  97.2663 262.8642 14.30823961369436
2024-04-02T13:02:08.856384+00:00,1 42063U 17013A   24093.54315806  .00000206  00000-0  95215-4 0  9991,2 42063  98.5664 168.8841 0001078  97.1490 262.9815 14.30823935369433
2024-04-02T19:44:56.583168+00:00,1 42063U 17013A   24093.82287712  .00000197  00000-0  91823-4 0  9996,2 42063  98.5663 169.1597 0001078  97.4252 262.7053 14.30824060369480
2024-04-02T21:25:38.514432+00:00,1 42063U 17013A   24093.89280688  .00000198  00000-0  92199-4 0  9996,2 42063  98.5663 169.2287 0001079  97.3695 262.7611 14.30824094369485
2024-04-03T04:08:26.240352+00:00,1 42063U 17013A   24094.17252593  .00000210  00000-0  96873-4 0  9990,2 42063  98.5662 169.5043 0001077  97.6337 262.4969 14.30824272369538
2024-04-03T12:31:55.892352+00:00,1 42063U 17013A   24094.52217468  .00000190  00000-0  89190-4 0  9992,2 42063  98.5662 169.8490 0001083  97.6950 262.4356 14.30824374369572
2024-04-03T12:31:55.892352+00:00,1 42063U 17013A   24094.52217468  .00000190  00000-0  89190-4 0  9992,2 42063  98.5662 169.8490 0001083  97.6950 262.4356 14.30824374369583
2024-04-03T19:14:43.611360+00:00,1 42063U 17013A   24094.80189365  .00000183  00000-0  86281-4 0  9997,2 42063  98.5662 170.1247 0001079  97.9695 262.1610 14.30824485369620
2024-04-03T22:36:07.470432+00:00,1 42063U 17013A   24094.94175313  .00000177  00000-0  84162-4 0  9999,2 42063  98.5661 170.2625 0001080  98.1347 261.9958 14.30824525369637
2024-04-04T05:18:55.189440+00:00,1 42063U 17013A   24095.22147210  .00000161  00000-0  77938-4 0  9992,2 42063  98.5661 170.5382 0001076  98.1966 261.9339 14.30824587369688
2024-04-04T12:01:42.902400+00:00,1 42063U 17013A   24095.50119100  .00000154  00000-0  75383-4 0  9994,2 42063  98.5661 170.8139 0001078  97.8950 262.2355 14.30824690369724
2024-04-04T13:42:24.830208+00:00,1 42063U 17013A   24095.57112072  .00000155  00000-0  75605-4 0  9990,2 42063  98.5661 170.8828 0001079  97.9715 262.1591 14.30824731369727
2024-04-04T20:25:12.739296+00:00,1 42063U 17013A   24095.85084189  .00000153  00000-0  75062-4 0  9993,2 42063  98.5657 171.1586 0001129  93.2940 266.8372 14.30810461369770
2024-04-04T22:05:54.723264+00:00,1 42063U 17013A   24095.92077226  .00000152  00000-0  74628-4 0  9991,2 42063  98.5657 171.2271 0001110  94.0553 266.0757 14.30810193369772
2024-04-05T04:48:42.665184+00:00,1 42063U 17013A   24096.20049381  .00000154  00000-0  75374-4 0  9995,2 42063  98.5660 171.5030 0001111  96.2246 263.9064 14.30810679369828
2024-04-05T11:31:30.625248+00:00,1 42063U 17013A   24096.48021557  .00000149  00000-0  73595-4 0  9997,2 42063  98.5660 171.7788 0001114  95.0260 265.1050 14.30810597369868
2024-04-05T14:52:54.600960+00:00,1 42063U 17013A   24096.62007640  .00000148  00000-0  73150-4 0  9996,2 42063  98.5660 171.9166 0001115  95.0090 265.1220 14.30810667369870
2024-04-05T19:55:00.562368+00:00,1 42063U 17013A   24096.82986762  .00000145  00000-0  72145-4 0  9999,2 42063  98.5659 172.1234 0001117  95.2342 264.8968 14.30810749369912
2024-04-05T21:35:42.549792+00:00,1 42063U 17013A   24096.89979803  .00000145  00000-0  71961-4 0  9999,2 42063  98.5659 172.1923 0001117  95.3417 264.7893 14.30810752369911
2024-04-06T04:18:30.507264+00:00,1 42063U 17013A   24097.17951976  .00000034  00000-0  29423-4 0  9995,2 42063  98.5659 172.4679 0001124  95.2465 264.8847 14.30810738369961
2024-04-06T11:01:18.453504+00:00,1 42063U 17013A   24097.45924136  .00000036  00000-0  30234-4 0  9998,2 42063  98.5659 172.7436 0001125  95.4113 264.7198 14.30810863370002
2024-04-06T12:42:00.440928+00:00,1 42063U 17013A   24097.52917177  .00000036  00000-0  30236-4 0  9995,2 42063  98.5658 172.8125 0001125  95.3731 264.7580 14.30810877370002
2024-04-06T19:24:48.388032+00:00,1 42063U 17013A   24097.80889338  .00000034  00000-0  29740-4 0  9999,2 42063  98.5658 173.0882 0001129  95.4864 264.6448 14.30810941370056
2024-04-06T22:46:12.359424+00:00,1 42063U 17013A   24097.94875416  .00000034  00000-0  29693-4 0  9993,2 42063  98.5657 173.2260 0001135  95.4809 264.6504 14.30810993370064
2024-04-07T12:11:48.249312+00:00,1 42063U 17013A   24098.50819733  .00000041  00000-0  32129-4 0  9992,2 42063  98.5657 173.7773 0001132  95.3999 264.7313 14.30811161370151
2024-04-07T13:52:30.235008+00:00,1 42063U 17013A   24098.57812772  .00000040  00000-0  31954-4 0  9999,2 42063  98.5657 173.8462 0001133  95.4261 264.7051 14.30811185370156
2024-04-07T18:54:36.167904+00:00,1 42063U 17013A   24098.78791861  .00000162  00000-0  78278-4 0  9992,2 42063  98.5657 174.0531 0001114  95.8595 264.2715 14.30811639370199
2024-04-07T22:16:00.134112+00:00,1 42063U 17013A   24098.92777933  .00000168  00000-0  80725-4 0  9998,2 42063  98.5656 174.1909 0001116  96.0534 264.0776 14.30811710370203
2024-04-08T04:58:48.066528+00:00,1 42063U 17013A   24099.20750077  .00000184  00000-0  86685-4 0  9999,2 42063  98.5656 174.4665 0001112  95.9871 264.1439 14.30811930370259
2024-04-08T11:41:36.000672+00:00,1 42063U 17013A   24099.48722223  .00000193  00000-0  90151-4 0  9994,2 42063  98.5656 174.7422 0001115  95.8412 264.2898 14.30812063370298
2024-04-08T13:22:17.983776+00:00,1 42063U 17013A   24099.55715259  .00000193  00000-0  90251-4 0  9994,2 42063  98.5656 174.8111 0001114  95.8021 264.3289 14.30812098370292
2024-04-08T18:24:23.930496+00:00,1 42063U 17013A   24099.76694364  .00000192  00000-0  89795-4 0  9990,2 42063  98.5655 175.0178 0001114  95.8782 264.2528 14.30812193370337
2024-04-08T23:26:29.877216+00:00,1 42063U 17013A   24099.97673469  .00000184  00000-0  87000-4 0  9994,2 42063  98.5655 175.2246 0001116  96.2286 263.9024 14.30812226370357
2024-04-09T04:28:35.824800+00:00,1 42063U 17013A   24100.18652575  .00000177  00000-0  84187-4 0  9990,2 42063  98.5655 175.4313 0001114  96.1905 263.9404 14.30812286370391
2024-04-09T11:11:23.747712+00:00,1 42063U 17013A   24100.46624708  .00000190  00000-0  88994-4 0  9993,2 42063  98.5655 175.7070 0001119  96.1119 264.0191 14.30812474370435
2024-04-09T14:32:47.709600+00:00,1 42063U 17013A   24100.60610775  .00000187  00000-0  87886-4 0  9993,2 42063  98.5655 175.8448 0001122  96.1340 263.9970 14.30812547370440
2024-04-09T19:34:53.648544+00:00,1 42063U 17013A   24100.81589871  .00000181  00000-0  85615-4 0  9990,2 42063  98.5654 176.0516 0001121  96.2230 263.9081 14.30812606370489
2024-04-09T21:15:35.629056+00:00,1 42063U 17013A   24100.88582904  .00000180  00000-0  85367-4 0  9990,2 42063  98.5654 176.1205 0001121  96.2153 263.9157 14.30812627370486
2024-04-10T03:58:23.546784+00:00,1 42063U 17013A   24101.16555031  .00000190  00000-0  89192-4 0  9994,2 42063  98.5654 176.3961 0001121  96.4559 263.6752 14.30812805370531
2024-04-10T12:21:53.445888+00:00,1 42063U 17013A   24101.51520192  .00000174  00000-0  83056-4 0  9998,2 42063  98.5654 176.7407 0001124  96.3923 263.7388 14.30812867370586
2024-04-10T14:02:35.424672+00:00,1 42063U 17013A   24101.58513223  .00000176  00000-0  83623-4 0  9994,2 42063  98.5654 176.8096 0001125  96.3788 263.7523 14.30812915370586
2024-04-10T19:04:41.359296+00:00,1 42063U 17013A   24101.79492314  .00000173  00000-0  82783-4 0  9997,2 42063  98.5653 177.0164 0001125  96.5481 263.5830 14.30813000370626
2024-04-10T22:26:05.315136+00:00,1 42063U 17013A   24101.93478374  .00000175  00000-0  83503-4 0  9996,2 42063  98.5653 177.1542 0001123  96.7328 263.3983 14.30813060370631
2024-04-11T05:08:53.225952+00:00,1 42063U 17013A   24102.21450493  .00000172  00000-0  82412-4 0  9995,2 42063  98.5653 177.4298 0001120  96.7765 263.3545 14.30813194370681
2024-04-11T11:51:41.135040+00:00,1 42063U 17013A   24102.49422610  .00000179  00000-0  84854-4 0  9994,2 42063  98.5653 177.7055 0001121  96.6551 263.4760 14.30813350370727
2024-04-11T13:32:23.111232+00:00,1 42063U 17013A   24102.56415638  .00000180  00000-0  85175-4 0  9993,2 42063  98.5653 177.7744 0001121  96.6688 263.4623 14.30813387370721
2024-04-11T20:15:11.018592+00:00,1 42063U 17013A   24102.84387753  .00000166  00000-0  79989-4 0  9990,2 42063  98.5652 178.0501 0001116  96.8269 263.3041 14.30813436370779
2024-04-11T21:55:52.994784+00:00,1 42063U 17013A   24102.91380781  .00000158  00000-0  76843-4 0  9999,2 42063  98.5652 178.1190 0001115  96.9763 263.1546 14.30813436370771
2024-04-12T04:38:40.896096+00:00,1 42063U 17013A   24103.19352889  .00000175  00000-0  83397-4 0  9999,2 42063  98.5652 178.3946 0001112  96.9572 263.1737 14.30813649370821
2024-04-12T11:21:28.796544+00:00,1 42063U 17013A   24103.47324996  .00000190  00000-0  89009-4 0  9991,2 42063  98.5652 178.6703 0001112  96.8246 263.3063 14.30813843370866
2024-04-12T13:02:10.771008+00:00,1 42063U 17013A   24103.54318022  .00000196  00000-0  91292-4 0  9995,2 42063  98.5652 178.7392 0001111  96.8164 263.3145 14.30813894370866
2024-04-12T19:44:58.665408+00:00,1 42063U 17013A   24103.82290122  .00000190  00000-0  89000-4 0  9994,2 42063  98.5651 179.0148 0001111  97.0246 263.1063 14.30814005370910
2024-04-12T21:25:40.639872+00:00,1 42063U 17013A   24103.89283148  .00000188  00000-0  88400-4 0  9991,2 42063  98.5651 179.0837 0001111  97.0717 263.0592 14.30814024370915
2024-04-13T04:08:28.533408+00:00,1 42063U 17013A   24104.17255247  .00000214  00000-0  98156-4 0  9991,2 42063  98.5650 179.3594 0001114  97.3340 262.7969 14.30814292370961
2024-04-13T12:31:58.398816+00:00,1 42063U 17013A   24104.52220369  .00000216  00000-0  98859-4 0  9999,2 42063  98.5650 179.7039 0001118  97.2213 262.9097 14.30814475371004
2024-04-13T12:31:58.398816+00:00,1 42063U 17013A   24104.52220369  .00000216  00000-0  98859-4 0  9999,2 42063  98.5650 179.7039 0001118  97.2213 262.9097 14.30814475371015
2024-04-13T19:14:46.282848+00:00,1 42063U 17013A   24104.80192457  .00000220  00000-0  10038-3 0  9993,2 42063  98.5650 179.9796 0001114  97.4021 262.7288 14.30814654371055
2024-04-13T20:55:28.254720+00:00,1 42063U 17013A   24104.87185480  .00000221  00000-0  10099-3 0  9996,2 42063  98.5650 180.0485 0001114  97.4733 262.6577 14.30814683371055
2024-04-14T03:38:16.139616+00:00,1 42063U 17013A   24105.15157569  .00000229  00000-0  10391-3 0  9998,2 42063  98.5649 180.3241 0001110  97.5401 262.5908 14.30814893371101
2024-04-14T12:01:45.992064+00:00,1 42063U 17013A   24105.50122676  .00000225  00000-0  10260-3 0  9999,2 42063  98.5649 180.6687 0001112  97.3810 262.7499 14.30815059371159
2024-04-14T18:44:33.864864+00:00,1 42063U 17013A   24105.78094751  .00000248  00000-0  11132-3 0  9995,2 42063  98.5649 180.9443 0001111  97.4903 262.6406 14.30815365371196
2024-04-14T20:25:15.831552+00:00,1 42063U 17013A   24105.85087768  .00000256  00000-0  11432-3 0  9995,2 42063  98.5649 181.0132 0001107  97.5193 262.6116 14.30815445371197
2024-04-15T04:48:45.671904+00:00,1 42063U 17013A   24106.20052861  .00000260  00000-0  11593-3 0  9994,2 42063  98.5648 181.3577 0001105  97.7357 262.3951 14.30815670371255
2024-04-15T11:31:33.536928+00:00,1 42063U 17013A   24106.48024927  .00000288  00000-0  12644-3 0  9994,2 42063  98.5648 181.6334 0001102  97.5976 262.5332 14.30815938371297
2024-04-15T13:12:15.501888+00:00,1 42063U 17013A   24106.55017942  .00000295  00000-0  12931-3 0  9998,2 42063  98.5648 181.7023 0001098  97.6467 262.4840 14.30816014371292
2024-04-15T19:55:03.360000+00:00,1 42063U 17013A   24106.82990000  .00000312  00000-0  13553-3 0  9994,2 42063  98.5648 181.9779 0001101  98.0444 262.0864 14.30816287371336
2024-04-15T19:55:03.360000+00:00,1 42063U 17013A   24106.82990000  .00000312  00000-0  13553-3 0  9994,2 42063  98.5648 181.9779 0001101  98.0444 262.0864 14.30816287371347
2024-04-16T04:18:33.180480+00:00,1 42063U 17013A   24107.17955070  .00000382  00000-0  16218-3 0  9999,2 42063  98.5647 182.3225 0001104  97.9634 262.1674 14.30816891371395
2024-04-16T11:01:21.027360+00:00,1 42063U 17013A   24107.45927115  .00000403  00000-0  17055-3 0  9993,2 42063  98.5647 182.5981 0001110  97.8688 262.2620 14.30817228371433
2024-04-16T12:42:02.988864+00:00,1 42063U 17013A   24107.52920126  .00000401  00000-0  16952-3 0  9999,2 42063  98.5647 182.6670 0001112  97.6002 262.5307 14.30817284371436
2024-04-16T19:24:50.829696+00:00,1 42063U 17013A   24107.80892164  .00000414  00000-0  17454-3 0  9992,2 42063  98.5647 182.9426 0001115  97.7869 262.3441 14.30817577371480
2024-04-16T21:05:32.788608+00:00,1 42063U 17013A   24107.87885172  .00000425  00000-0  17876-3 0  9990,2 42063  98.5646 183.0115 0001116  97.7735 262.3575 14.30817673371484
2024-04-17T05:29:02.568480+00:00,1 42063U 17013A   24108.22850195  .00000502  00000-0  20804-3 0  9998,2 42063  98.5646 183.3561 0001126  98.0770 262.0541 14.30818416371549
2024-04-17T12:11:50.417952+00:00,1 42063U 17013A   24108.50822243  .00000437  00000-0  18335-3 0  9995,2 42063  98.5646 183.6317 0001131  97.9903 262.1408 14.30818242371587
2024-04-17T13:52:32.373408+00:00,1 42063U 17013A   24108.57815247  .00000437  00000-0  18342-3 0  9996,2 42063  98.5646 183.7006 0001131  97.9577 262.1734 14.30818319371587
2024-04-17T18:54:38.244096+00:00,1 42063U 17013A   24108.78794264  .00000428  00000-0  17975-3 0  9995,2 42063  98.5646 183.9073 0001131  98.0909 262.0402 14.30818462371629
2024-04-17T22:16:02.142912+00:00,1 42063U 17013A   24108.92780258  .00000458  00000-0  19116-3 0  9991,2 42063  98.5645 184.0451 0001131  98.1416 261.9895 14.30818767371637
2024-04-18T04:58:49.972512+00:00,1 42063U 17013A   24109.20752283  .00000458  00000-0  19120-3 0  9995,2 42063  98.5645 184.3207 0001131  98.0757 262.0554 14.30818997371680
2024-04-18T11:41:37.790016+00:00,1 42063U 17013A   24109.48724294  .00000452  00000-0  18915-3 0  9991,2 42063  98.5645 184.5964 0001132  98.1811 261.9501 14.30819178371722
2024-04-18T13:22:19.741152+00:00,1 42063U 17013A   24109.55717293  .00000457  00000-0  19092-3 0  9992,2 42063  98.5645 184.6653 0001132  98.1733 261.9579 14.30819270371729
2024-04-18T16:43:43.646880+00:00,1 42063U 17013A   24109.69703295  .00000448  00000-0  18749-3 0  9992,2 42063  98.5645 184.8031 0001129  98.1925 261.9386 14.30819372371752
2024-04-18T21:45:49.495104+00:00,1 42063U 17013A   24109.90682286  .00000454  00000-0  18965-3 0  9999,2 42063  98.5644 185.0098 0001126  98.3419 261.7891 14.30819613371773
2024-04-19T04:28:37.299648+00:00,1 42063U 17013A   24110.18654282  .00000472  00000-0  19686-3 0  9997,2 42063  98.5644 185.2854 0001126  98.4853 261.6458 14.30819972371820
2024-04-19T11:11:25.083456+00:00,1 42063U 17013A   24110.46626254  .00000503  00000-0  20843-3 0  9998,2 42063  98.5644 185.5610 0001124  98.4717 261.6594 14.30820450371868
2024-04-19T14:32:48.976224+00:00,1 42063U 17013A   24110.60612241  .00000506  00000-0  20969-3 0  9997,2 42063  98.5644 185.6989 0001122  98.5420 261.5890 14.30820613371878
2024-04-19T19:34:54.754464+00:00,1 42063U 17013A   24110.81591151  .00000593  00000-0  24301-3 0  9996,2 42063  98.5644 185.9056 0001121  98.4954 261.6356 14.30821495371918
2024-04-19T21:15:36.698688+00:00,1 42063U 17013A   24110.88584142  .00000580  00000-0  23802-3 0  9996,2 42063  98.5644 185.9745 0001122  98.5489 261.5821 14.30821528371911
2024-04-20T03:58:24.511008+00:00,1 42063U 17013A   24111.16556147  .00000528  00000-0  21820-3 0  9992,2 42063  98.5643 186.2501 0001127  98.6090 261.5220 14.30821437371965
2024-04-20T12:21:54.225216+00:00,1 42063U 17013A   24111.51521094  .00000553  00000-0  22757-3 0  9992,2 42063  98.5643 186.5946 0001131  98.6406 261.4905 14.30821926372005
2024-04-20T12:21:54.225216+00:00,1 42063U 17013A   24111.51521094  .00000553  00000-0  22757-3 0  9992,2 42063  98.5643 186.5946 0001131  98.6406 261.4905 14.30821926372016
2024-04-20T19:04:41.983968+00:00,1 42063U 17013A   24111.79493037  .00000556  00000-0  22876-3 0  9992,2 42063  98.5643 186.8702 0001132  98.7133 261.4178 14.30822273372050
2024-04-20T20:45:23.916960+00:00,1 42063U 17013A   24111.86486015  .00000556  00000-0  22857-3 0  9997,2 42063  98.5643 186.9391 0001132  98.5881 261.5430 14.30822352372053
2024-04-21T03:28:11.668800+00:00,1 42063U 17013A   24112.14457950  .00000553  00000-0  22747-3 0  9990,2 42063  98.5642 187.2147 0001135  98.7200 261.4112 14.30822678372108
2024-04-21T13:32:23.264160+00:00,1 42063U 17013A   24112.56415815  .00000625  00000-0  25518-3 0  9999,2 42063  98.5642 187.6281 0001140  98.5264 261.6048 14.30823670372153
2024-04-21T18:34:29.064000+00:00,1 42063U 17013A   24112.77394750  .00000612  00000-0  24991-3 0  9996,2 42063  98.5642 187.8348 0001139  98.6401 261.4911 14.30823889372194
2024-04-21T21:55:52.926528+00:00,1 42063U 17013A   24112.91380702  .00000608  00000-0  24852-3 0  9995,2 42063  98.5642 187.9726 0001137  98.6009 261.5302 14.30824073372200
2024-04-22T04:38:40.651584+00:00,1 42063U 17013A   24113.19352606  .00000617  00000-0  25197-3 0  9991,2 42063  98.5642 188.2482 0001140  98.6032 261.5280 14.30824509372257
2024-04-22T09:40:46.434144+00:00,1 42063U 17013A   24113.40331521  .00000636  00000-0  25908-3 0  9999,2 42063  98.5642 188.4550 0001139  98.4820 261.6492 14.30824865372279
2024-04-22T09:40:46.434144+00:00,1 42063U 17013A   24113.40331521  .00000636  00000-0  25908-3 0  9999,2 42063  98.5642 188.4550 0001139  98.4820 261.6492 14.30824865372280
2024-04-22T19:44:58.002720+00:00,1 42063U 17013A   24113.82289355  .00000571  00000-0  23450-3 0  9990,2 42063  98.5641 188.8684 0001134  98.6969 261.4342 14.30825071372341
2024-04-22T21:25:39.927936+00:00,1 42063U 17013A   24113.89282324  .00000566  00000-0  23249-3 0  9996,2 42063  98.5641 188.9373 0001134  98.6337 261.4974 14.30825159372344
2024-04-23T04:08:27.629664+00:00,1 42063U 17013A   24114.17254201  .00000573  00000-0  23503-3 0  9992,2 42063  98.5641 189.2129 0001132  99.0661 261.0650 14.30825591372392
2024-04-23T12:31:57.245376+00:00,1 42063U 17013A   24114.52219034  .00000540  00000-0  22263-3 0  9992,2 42063  98.5641 189.5574 0001137  99.0553 261.0759 14.30825868372447
2024-04-23T14:12:39.167136+00:00,1 42063U 17013A   24114.59211999  .00000540  00000-0  22262-3 0  9990,2 42063  98.5641 189.6263 0001137  99.0343 261.0969 14.30825968372444
2024-04-23T19:14:44.930688+00:00,1 42063U 17013A   24114.80190892  .00000536  00000-0  22124-3 0  9994,2 42063  98.5640 189.8330 0001133  99.2145 260.9166 14.30826232372484
2024-04-23T20:55:26.851584+00:00,1 42063U 17013A   24114.87183856  .00000535  00000-0  22069-3 0  9990,2 42063  98.5640 189.9019 0001133  99.2174 260.9137 14.30826315372481
2024-04-24T03:38:14.529120+00:00,1 42063U 17013A   24115.15155705  .00000556  00000-0  22864-3 0  9990,2 42063  98.5640 190.1775 0001131  99.1278 261.0033 14.30826824372534
2024-04-24T12:01:44.120640+00:00,1 42063U 17013A   24115.50120510  .00000537  00000-0  22139-3 0  9999,2 42063  98.5640 190.5221 0001136  99.0716 261.0595 14.30827217372579
2024-04-24T12:01:44.120640+00:00,1 42063U 17013A   24115.50120510  .00000537  00000-0  22139-3 0  9999,2 42063  98.5640 190.5221 0001136  99.0716 261.0595 14.30827217372580
2024-04-24T18:44:31.787808+00:00,1 42063U 17013A   24115.78092347  .00000520  00000-0  21482-3 0  9997,2 42063  98.5640 190.7977 0001132  99.1464 260.9847 14.30827500372625
2024-04-24T20:25:13.703520+00:00,1 42063U 17013A   24115.85085305  .00000541  00000-0  22300-3 0  9994,2 42063  98.5640 190.8666 0001129  99.0584 261.0727 14.30827696372624
2024-04-25T04:48:43.282080+00:00,1 42063U 17013A   24116.20050095  .00000507  00000-0  20990-3 0  9997,2 42063  98.5640 191.2111 0001127  99.1775 260.9535 14.30827999372682
2024-04-25T11:31:30.927648+00:00,1 42063U 17013A   24116.48021907  .00000509  00000-0  21086-3 0  9996,2 42063  98.5640 191.4867 0001130  98.8842 261.2469 14.30828339372721
2024-04-25T14:52:54.751296+00:00,1 42063U 17013A   24116.62007814  .00000504  00000-0  20877-3 0  9995,2 42063  98.5640 191.6246 0001130  98.8039 261.3272 14.30828505372731
2024-04-25T18:14:18.574944+00:00,1 42063U 17013A   24116.75993721  .00000498  00000-0  20671-3 0  9994,2 42063  98.5640 191.7625 0001117  98.0994 262.0316 14.30828687372750
2024-04-25T18:14:18.574944+00:00,1 42063U 17013A   24116.75993721  .00000498  00000-0  20671-3 0  9994,2 42063  98.5640 191.7625 0001117  98.0994 262.0316 14.30828687372761
2024-04-26T11:01:18.625440+00:00,1 42063U 17013A   24117.45924335  .00000478  00000-0  19908-3 0  9996,2 42063  98.5704 192.4519 0001124  95.6522 264.4789 14.30810475372867
2024-04-26T12:42:00.607680+00:00,1 42063U 17013A   24117.52917370  .00000000  00000-0  16523-4 0  9997,2 42063  98.5704 192.5209 0001120  95.7373 264.3938 14.30810385372860
2024-04-26T16:03:24.584256+00:00,1 42063U 17013A   24117.66903454 -.00000001  00000-0  16223-4 0  9999,2 42063  98.5704 192.6588 0001122  95.6006 264.5305 14.30810457372898
2024-04-26T22:46:12.524448+00:00,1 42063U 17013A   24117.94875607  .00000001  00000-0  17048-4 0  9993,2 42063  98.5703 192.9345 0001143  95.0480 265.0834 14.30810865372924
2024-04-27T03:48:18.481536+00:00,1 42063U 17013A   24118.15854724  .00000002  00000-0  17549-4 0  9991,2 42063  98.5703 193.1414 0001138  95.2211 264.9101 14.30810944372969
2024-04-27T12:11:48.395328+00:00,1 42063U 17013A   24118.50819902  .00000000  00000-0  16781-4 0  9994,2 42063  98.5704 193.4861 0001121  97.1317 262.9993 14.30811067373009
2024-04-27T12:11:48.395328+00:00,1 42063U 17013A   24118.50819902  .00000000  00000-0  16781-4 0  9994,2 42063  98.5704 193.4861 0001121  97.1317 262.9993 14.30811067373010
2024-04-27T20:35:18.309120+00:00,1 42063U 17013A   24118.85785080 -.00000008  00000-0  13585-4 0  9999,2 42063  98.5702 193.8308 0001148  96.4980 263.6333 14.30811327373065
2024-04-27T22:16:00.293952+00:00,1 42063U 17013A   24118.92778118 -.00000009  00000-0  13301-4 0  9998,2 42063  98.5702 193.8998 0001147  95.9605 264.1709 14.30811342373067
2024-04-28T04:58:48.222912+00:00,1 42063U 17013A   24119.20750258 -.00000009  00000-0  13047-4 0  9992,2 42063  98.5702 194.1757 0001139  95.4123 264.7190 14.30811480373114
2024-04-28T11:41:36.134592+00:00,1 42063U 17013A   24119.48722378 -.00000010  00000-0  12739-4 0  9993,2 42063  98.5701 194.4515 0001134  96.8039 263.3273 14.30811670373156
2024-04-28T13:22:18.116832+00:00,1 42063U 17013A   24119.55715413 -.00000017  00000-0  10289-4 0  9998,2 42063  98.5701 194.5205 0001133  96.6695 263.4617 14.30811664373154
2024-04-28T20:05:06.010368+00:00,1 42063U 17013A   24119.83687512  .00000333  00000-0  14374-3 0  9995,2 42063  98.5702 194.7963 0001142  95.9887 264.1426 14.30812467373207
2024-04-28T21:45:47.988288+00:00,1 42063U 17013A   24119.90680542  .00000326  00000-0  14112-3 0  9991,2 42063  98.5702 194.8652 0001139  96.0535 264.0778 14.30812504373202
2024-04-29T04:28:35.903424+00:00,1 42063U 17013A   24120.18652666  .00000305  00000-0  13289-3 0  9990,2 42063  98.5702 195.1410 0001138  96.0767 264.0546 14.30812660373255
2024-04-29T11:11:23.810784+00:00,1 42063U 17013A   24120.46624781  .00000294  00000-0  12886-3 0  9997,2 42063  98.5702 195.4168 0001136  96.1050 264.0262 14.30812855373286
2024-04-29T11:11:23.810784+00:00,1 42063U 17013A   24120.46624781  .00000294  00000-0  12886-3 0  9997,2 42063  98.5702 195.4168 0001136  96.1050 264.0262 14.30812855373297
2024-04-29T19:34:53.694336+00:00,1 42063U 17013A   24120.81589924  .00000282  00000-0  12422-3 0  9998,2 42063  98.5701 195.7616 0001134  96.1775 263.9537 14.30813091373341
2024-04-29T21:15:35.670528+00:00,1 42063U 17013A   24120.88582952  .00000275  00000-0  12141-3 0  9999,2 42063  98.5701 195.8306 0001133  96.1628 263.9684 14.30813118373347
2024-04-30T03:58:23.568384+00:00,1 42063U 17013A   24121.16555056  .00000270  00000-0  11976-3 0  9996,2 42063  98.5701 196.1064 0001129  96.5557 263.5755 14.30813356373396
2024-04-30T12:21:53.443296+00:00,1 42063U 17013A   24121.51520189  .00000272  00000-0  12057-3 0  9997,2 42063  98.5701 196.4511 0001132  96.5502 263.5809 14.30813643373445
2024-04-30T14:02:35.416896+00:00,1 42063U 17013A   24121.58513214  .00000272  00000-0  12051-3 0  9999,2 42063  98.5701 196.5201 0001132  96.4927 263.6385 14.30813704373440
2024-04-30T19:04:41.335968+00:00,1 42063U 17013A   24121.79492287  .00000259  00000-0  11560-3 0  9997,2 42063  98.5701 196.7270 0001128  96.6559 263.4753 14.30813818373483
2024-04-30T22:26:05.281440+00:00,1 42063U 17013A   24121.93478335  .00000265  00000-0  11782-3 0  9994,2 42063  98.5701 196.8649 0001126  96.8305 263.3006 14.30813933373492
2024-05-01T05:08:53.174112+00:00,1 42063U 17013A   24122.21450433  .00000264  00000-0  11727-3 0  9993,2 42063  98.5701 197.1407 0001125  96.8548 263.2763 14.30814170373545
2024-05-01T11:51:41.066784+00:00,1 42063U 17013A   24122.49422531  .00000232  00000-0  10532-3 0  9999,2 42063  98.5701 197.4165 0001130  96.7008 263.4303 14.30814174373585
2024-05-01T13:32:23.038656+00:00,1 42063U 17013A   24122.56415554  .00000232  00000-0  10499-3 0  9996,2 42063  98.5701 197.4854 0001130  96.6576 263.4736 14.30814221373582
2024-05-01T18:34:28.953408+00:00,1 42063U 17013A   24122.77394622  .00000234  00000-0  10581-3 0  9995,2 42063  98.5700 197.6923 0001130  96.6660 263.4652 14.30814370373621
2024-05-01T21:55:52.895424+00:00,1 42063U 17013A   24122.91380666  .00000232  00000-0  10513-3 0  9997,2 42063  98.5700 197.8302 0001133  96.8159 263.3152 14.30814440373635
2024-05-02T04:38:40.782912+00:00,1 42063U 17013A   24123.19352758  .00000232  00000-0  10525-3 0  9992,2 42063  98.5700 198.1060 0001135  96.6660 263.4652 14.30814623373681
2024-05-02T11:21:28.665216+00:00,1 42063U 17013A   24123.47324844  .00000222  00000-0  10152-3 0  9993,2 42063  98.5700 198.3818 0001136  96.7458 263.3854 14.30814718373724
2024-05-02T14:42:52.605504+00:00,1 42063U 17013A   24123.61310886  .00000221  00000-0  10092-3 0  9992,2 42063  98.5700 198.5197 0001137  96.7355 263.3957 14.30814808373738
2024-05-02T19:44:58.513344+00:00,1 42063U 17013A   24123.82289946  .00000222  00000-0  10141-3 0  9993,2 42063  98.5700 198.7266 0001138  96.7980 263.3332 14.30814924373772
2024-05-03T04:08:28.357152+00:00,1 42063U 17013A   24124.17255043  .00000206  00000-0  95186-4 0  9998,2 42063  98.5699 199.0713 0001140  96.8323 263.2990 14.30815067373829
2024-05-03T12:31:58.195776+00:00,1 42063U 17013A   24124.52220134  .00000213  00000-0  97903-4 0  9997,2 42063  98.5699 199.4161 0001144  96.8512 263.2801 14.30815317373867
2024-05-03T12:31:58.195776+00:00,1 42063U 17013A   24124.52220134  .00000213  00000-0  97903-4 0  9997,2 42063  98.5699 199.4161 0001144  96.8512 263.2801 14.30815317373878
2024-05-03T19:14:46.065120+00:00,1 42063U 17013A   24124.80192205  .00000203  00000-0  94194-4 0  9993,2 42063  98.5699 199.6919 0001142  96.9757 263.1556 14.30815445373914
2024-05-03T22:36:09.998496+00:00,1 42063U 17013A   24124.94178239  .00000196  00000-0  91379-4 0  9992,2 42063  98.5699 199.8298 0001144  97.1604 262.9709 14.30815480373929
2024-05-04T05:18:57.871296+00:00,1 42063U 17013A   24125.22150314  .00000194  00000-0  90484-4 0  9992,2 42063  98.5699 200.1056 0001141  97.1527 262.9786 14.30815623373977
2024-05-04T12:01:45.735456+00:00,1 42063U 17013A   24125.50122379  .00000222  00000-0  10143-3 0  9998,2 42063  98.5699 200.3814 0001139  97.0353 263.0959 14.30815896374016
2024-05-04T20:25:15.558528+00:00,1 42063U 17013A   24125.85087452  .00000221  00000-0  10083-3 0  9990,2 42063  98.5699 200.7261 0001133  97.1026 263.0286 14.30816077374068
2024-05-05T04:48:45.387648+00:00,1 42063U 17013A   24126.20052532  .00000224  00000-0  10193-3 0  9996,2 42063  98.5698 201.0709 0001129  97.2902 262.8410 14.30816271374115
2024-05-05T11:31:33.249216+00:00,1 42063U 17013A   24126.48024594  .00000234  00000-0  10574-3 0  9997,2 42063  98.5699 201.3467 0001132  97.1624 262.9688 14.30816429374151
2024-05-05T13:12:15.212448+00:00,1 42063U 17013A   24126.55017607  .00000236  00000-0  10671-3 0  9992,2 42063  98.5699 201.4157 0001131  97.2796 262.8516 14.30816473374156
2024-05-05T19:55:03.062784+00:00,1 42063U 17013A   24126.82989656  .00000229  00000-0  10418-3 0  9995,2 42063  98.5698 201.6914 0001133  97.3826 262.7486 14.30816583374208
2024-05-05T21:35:45.025152+00:00,1 42063U 17013A   24126.89982668  .00000230  00000-0  10441-3 0  9996,2 42063  98.5698 201.7604 0001135  97.3732 262.7580 14.30816619374208
2024-05-06T04:18:32.873760+00:00,1 42063U 17013A   24127.17954715  .00000246  00000-0  11044-3 0  9997,2 42063  98.5698 202.0362 0001131  97.4190 262.7122 14.30816876374250
2024-05-06T11:01:20.730144+00:00,1 42063U 17013A   24127.45926771  .00000258  00000-0  11496-3 0  9993,2 42063  98.5698 202.3120 0001138  97.3897 262.7415 14.30817059374298
2024-05-06T12:42:02.691648+00:00,1 42063U 17013A   24127.52919782  .00000262  00000-0  11669-3 0  9992,2 42063  98.5698 202.3810 0001138  97.2879 262.8434 14.30817118374291
2024-05-06T19:24:50.532480+00:00,1 42063U 17013A   24127.80891820  .00000232  00000-0  10532-3 0  9990,2 42063  98.5698 202.6567 0001137  97.3931 262.7381 14.30817124374345
2024-05-06T21:05:32.493120+00:00,1 42063U 17013A   24127.87884830  .00000234  00000-0  10589-3 0  9994,2 42063  98.5698 202.7257 0001138  97.4165 262.7147 14.30817158374340
2024-05-07T05:29:02.292864+00:00,1 42063U 17013A   24128.22849876  .00000284  00000-0  12513-3 0  9999,2 42063  98.5698 203.0705 0001139  97.6404 262.4908 14.30817621374405
2024-05-07T12:11:50.144064+00:00,1 42063U 17013A   24128.50821926  .00000235  00000-0  10635-3 0  9995,2 42063  98.5698 203.3463 0001142  97.4792 262.6520 14.30817473374442
2024-05-07T13:52:32.103840+00:00,1 42063U 17013A   24128.57814935  .00000234  00000-0  10598-3 0  9991,2 42063  98.5698 203.4152 0001142  97.4741 262.6571 14.30817513374443
2024-05-07T18:54:37.979712+00:00,1 42063U 17013A   24128.78793958  .00000233  00000-0  10572-3 0  9996,2 42063  98.5698 203.6221 0001143  97.5749 262.5563 14.30817627374482
2024-05-07T20:35:19.934304+00:00,1 42063U 17013A   24128.85786961  .00000214  00000-0  98155-4 0  9993,2 42063  98.5698 203.6910 0001141  97.6104 262.5209 14.30817573374488
2024-05-08T04:58:49.724544+00:00,1 42063U 17013A   24129.20751996  .00000248  00000-0  11121-3 0  9997,2 42063  98.5698 204.0358 0001140  97.6559 262.4753 14.30817948374548
2024-05-08T11:41:37.555008+00:00,1 42063U 17013A   24129.48724022  .00000256  00000-0  11416-3 0  9993,2 42063  98.5698 204.3116 0001139  97.7233 262.4079 14.30818112374580
2024-05-08T13:22:19.511328+00:00,1 42063U 17013A   24129.55717027  .00000257  00000-0  11468-3 0  9996,2 42063  98.5698 204.3805 0001139  97.7440 262.3872 14.30818158374585
2024-05-08T20:05:07.331424+00:00,1 42063U 17013A   24129.83689041  .00000221  00000-0  10109-3 0  9993,2 42063  98.5698 204.6563 0001134  97.9218 262.2093 14.30818138374637
2024-05-08T21:45:49.286880+00:00,1 42063U 17013A   24129.90682045  .00000218  00000-0  99690-4 0  9997,2 42063  98.5698 204.7253 0001135  98.0884 262.0427 14.30818160374630
2024-05-09T04:28:37.113024+00:00,1 42063U 17013A   24130.18654066  .00000268  00000-0  11880-3 0  9990,2 42063  98.5697 205.0011 0001135  98.0738 262.0573 14.30818569374683
2024-05-09T11:11:24.929664+00:00,1 42063U 17013A   24130.46626076  .00000267  00000-0  11859-3 0  9996,2 42063  98.5698 205.2769 0001137  98.1869 261.9443 14.30818727374729
2024-05-09T12:52:06.891168+00:00,1 42063U 17013A   24130.53619087  .00000288  00000-0  12653-3 0  9994,2 42063  98.5698 205.3458 0001134  98.2105 261.9207 14.30818841374721
2024-05-09T19:34:54.695712+00:00,1 42063U 17013A   24130.81591083  .00000361  00000-0  15438-3 0  9996,2 42063  98.5697 205.6216 0001131  98.3532 261.7779 14.30819409374775
2024-05-09T21:15:36.647712+00:00,1 42063U 17013A   24130.88584083  .00000367  00000-0  15662-3 0  9990,2 42063  98.5697 205.6906 0001132  98.3643 261.7668 14.30819471374771
2024-05-10T03:58:24.464352+00:00,1 42063U 17013A   24131.16556093  .00000392  00000-0  16609-3 0  9992,2 42063  98.5697 205.9663 0001135  98.5345 261.5967 14.30819751374825
2024-05-10T12:21:54.227808+00:00,1 42063U 17013A   24131.51521097  .00000390  00000-0  16541-3 0  9990,2 42063  98.5697 206.3111 0001144  98.5151 261.6162 14.30819957374863
2024-05-10T12:21:54.227808+00:00,1 42063U 17013A   24131.51521097  .00000390  00000-0  16541-3 0  9990,2 42063  98.5697 206.3111 0001144  98.5151 261.6162 14.30819957374874
2024-05-10T19:04:41.987424+00:00,1 42063U 17013A   24131.79493041  .00000457  00000-0  19089-3 0  9991,2 42063  98.5697 206.5869 0001143  98.4512 261.6800 14.30820652374913
2024-05-10T20:45:23.933376+00:00,1 42063U 17013A   24131.86486034  .00000463  00000-0  19344-3 0  9994,2 42063  98.5697 206.6558 0001144  98.4851 261.6461 14.30820730374916
2024-05-11T05:08:53.740896+00:00,1 42063U 17013A   24132.21451089  .00000689  00000-0  27944-3 0  9991,2 42063  98.5697 207.0005 0001143  98.3937 261.7375 14.30821912374975
2024-05-11T11:51:41.296608+00:00,1 42063U 17013A   24132.49422797  .00000771  00000-0  31076-3 0  9998,2 42063  98.5697 207.2763 0001152  98.3029 261.8284 14.30823427375019
2024-05-11T20:15:10.946880+00:00,1 42063U 17013A   24132.84387670  .00000805  00000-0  32376-3 0  9999,2 42063  98.5697 207.6211 0001155  98.2575 261.8739 14.30824147375069
2024-05-11T21:55:52.880736+00:00,1 42063U 17013A   24132.91380649  .00000803  00000-0  32299-3 0  9998,2 42063  98.5696 207.6900 0001156  98.3876 261.7438 14.30824216375061
2024-05-12T04:38:40.629120+00:00,1 42063U 17013A   24133.19352580  .00000828  00000-0  33239-3 0  9994,2 42063  98.5696 207.9658 0001159  98.3828 261.7486 14.30824656375111
2024-05-12T11:21:28.375776+00:00,1 42063U 17013A   24133.47324509  .00000724  00000-0  29283-3 0  9994,2 42063  98.5696 208.2416 0001162  98.5897 261.5418 14.30824402375155
2024-05-12T13:02:10.306176+00:00,1 42063U 17013A   24133.54317484  .00000720  00000-0  29118-3 0  9999,2 42063  98.5696 208.3105 0001163  98.4480 261.6835 14.30824490375150
2024-05-12T19:44:58.015680+00:00,1 42063U 17013A   24133.82289370  .00000717  00000-0  29031-3 0  9992,2 42063  98.5696 208.5863 0001162  98.6392 261.4922 14.30824913375207
2024-05-12T21:25:39.943488+00:00,1 42063U 17013A   24133.89282342  .00000714  00000-0  28901-3 0  9993,2 42063  98.5696 208.6553 0001163  98.5880 261.5435 14.30824992375203
2024-05-13T04:08:27.656448+00:00,1 42063U 17013A   24134.17254232  .00000686  00000-0  27818-3 0  9996,2 42063  98.5696 208.9310 0001161  98.6109 261.5205 14.30825229375254
2024-05-13T12:31:57.275616+00:00,1 42063U 17013A   24134.52219069  .00000619  00000-0  25292-3 0  9994,2 42063  98.5696 209.2758 0001163  98.8377 261.2938 14.30825414375295
2024-05-13T12:31:57.275616+00:00,1 42063U 17013A   24134.52219069  .00000619  00000-0  25292-3 0  9994,2 42063  98.5696 209.2758 0001163  98.8377 261.2938 14.30825414375307
2024-05-13T19:14:44.966976+00:00,1 42063U 17013A   24134.80190934  .00000580  00000-0  23790-3 0  9992,2 42063  98.5696 209.5516 0001161  99.0861 261.0453 14.30825647375343
2024-05-13T20:55:26.890464+00:00,1 42063U 17013A   24134.87183901  .00000578  00000-0  23697-3 0  9998,2 42063  98.5695 209.6205 0001162  99.0340 261.0974 14.30825715375345
2024-05-14T05:18:56.499264+00:00,1 42063U 17013A   24135.22148726  .00000552  00000-0  22710-3 0  9991,2 42063  98.5695 209.9653 0001156  99.1107 261.0207 14.30826191375405
2024-05-14T12:01:44.171616+00:00,1 42063U 17013A   24135.50120569  .00000560  00000-0  23041-3 0  9994,2 42063  98.5695 210.2411 0001158  99.0585 261.0729 14.30826761375449
2024-05-14T13:42:26.087328+00:00,1 42063U 17013A   24135.57113527  .00000543  00000-0  22388-3 0  9991,2 42063  98.5695 210.3100 0001158  99.1169 261.0144 14.30826851375445
2024-05-14T20:25:13.752768+00:00,1 42063U 17013A   24135.85085362  .00000484  00000-0  20144-3 0  9999,2 42063  98.5695 210.5858 0001152  99.3495 260.7818 14.30827048375493
2024-05-14T22:05:55.666752+00:00,1 42063U 17013A   24135.92078318  .00000485  00000-0  20163-3 0  9992,2 42063  98.5695 210.6548 0001152  99.3719 260.7594 14.30827129375490
2024-05-15T04:48:43.332192+00:00,1 42063U 17013A   24136.20050153  .00000508  00000-0  21027-3 0  9997,2 42063  98.5695 210.9306 0001149  99.2784 260.8529 14.30827578375545
2024-05-15T11:31:30.982944+00:00,1 42063U 17013A   24136.48021971  .00000500  00000-0  20724-3 0  9998,2 42063  98.5695 211.2064 0001148  99.3629 260.7684 14.30827939375584
2024-05-15T13:12:12.894336+00:00,1 42063U 17013A   24136.55014924  .00000494  00000-0  20499-3 0  9997,2 42063  98.5695 211.2753 0001149  99.4624 260.6689 14.30828018375589
2024-05-15T19:55:00.536448+00:00,1 42063U 17013A   24136.82986732  .00000496  00000-0  20565-3 0  9998,2 42063  98.5695 211.5511 0001151  99.6014 260.5299 14.30828401375629
2024-05-15T19:55:00.536448+00:00,1 42063U 17013A   24136.82986732  .00000496  00000-0  20565-3 0  9998,2 42063  98.5695 211.5511 0001151  99.6014 260.5299 14.30828401375630
2024-05-16T04:18:30.084768+00:00,1 42063U 17013A   24137.17951487  .00000493  00000-0  20471-3 0  9999,2 42063  98.5694 211.8958 0001151  99.4474 260.6839 14.30828915375681
2024-05-16T11:01:17.717376+00:00,1 42063U 17013A   24137.45923284  .00000485  00000-0  20175-3 0  9996,2 42063  98.5695 212.1716 0001153  99.4039 260.7274 14.30829236375723
2024-05-16T12:41:59.601984+00:00,1 42063U 17013A   24137.52916206  .00000518  00000-0  21403-3 0  9992,2 42063  98.5695 212.2406 0001157  99.4032 260.7281 14.30829595375723
2024-05-16T17:44:05.315424+00:00,1 42063U 17013A   24137.73895041  .00000510  00000-0  21117-3 0  9992,2 42063  98.5695 212.4474 0001151  99.3744 260.7569 14.30829865375755
2024-05-16T17:44:05.315424+00:00,1 42063U 17013A   24137.73895041  .00000510  00000-0  21117-3 0  9992,2 42063  98.5695 212.4474 0001151  99.3744 260.7569 14.30829865375766
2024-05-17T12:11:47.364576+00:00,1 42063U 17013A   24138.50818709  .00000417  00000-0  17568-3 0  9995,2 42063  98.5695 213.2058 0001222  95.8073 264.3249 14.30809095375878
2024-05-17T18:54:35.329824+00:00,1 42063U 17013A   24138.78790891  .00000406  00000-0  17140-3 0  9990,2 42063  98.5694 213.4815 0001224  96.1627 263.9696 14.30809428375917
2024-05-17T22:15:59.296896+00:00,1 42063U 17013A   24138.92776964  .00000489  00000-0  20311-3 0  9996,2 42063  98.5694 213.6194 0001217  95.9958 264.1363 14.30809758375926
2024-05-18T04:58:47.244864+00:00,1 42063U 17013A   24139.20749126  .00000542  00000-0  22358-3 0  9991,2 42063  98.5693 213.8953 0001221  95.6542 264.4780 14.30810397375973
2024-05-18T11:41:35.200608+00:00,1 42063U 17013A   24139.48721297  .00000503  00000-0  20854-3 0  9996,2 42063  98.5694 214.1710 0001228  95.6940 264.4383 14.30810603376013
2024-05-18T13:22:17.187168+00:00,1 42063U 17013A   24139.55714337  .00000507  00000-0  21002-3 0  9991,2 42063  98.5694 214.2400 0001228  95.5860 264.5463 14.30810694376010
2024-05-18T20:05:05.129952+00:00,1 42063U 17013A   24139.83686493  .00000489  00000-0  20338-3 0  9993,2 42063  98.5693 214.5158 0001223  95.6282 264.5040 14.30810994376065
2024-05-18T21:45:47.113056+00:00,1 42063U 17013A   24139.90679529  .00000496  00000-0  20573-3 0  9992,2 42063  98.5693 214.5847 0001218  95.7185 264.4136 14.30811087376066
2024-05-19T04:28:35.065344+00:00,1 42063U 17013A   24140.18651696  .00000500  00000-0  20753-3 0  9995,2 42063  98.5693 214.8604 0001215  95.5970 264.5352 14.30811373376112
2024-05-19T14:32:46.951872+00:00,1 42063U 17013A   24140.60609898  .00000516  00000-0  21340-3 0  9999,2 42063  98.5694 215.2741 0001207  95.7986 264.3335 14.30812025376169
2024-05-19T19:34:52.895136+00:00,1 42063U 17013A   24140.81588999  .00000527  00000-0  21771-3 0  9990,2 42063  98.5693 215.4809 0001208  95.7631 264.3690 14.30812298376204
2024-05-20T03:58:22.802016+00:00,1 42063U 17013A   24141.16554169  .00000496  00000-0  20606-3 0  9992,2 42063  98.5693 215.8256 0001209  95.7184 264.4136 14.30812514376250
2024-05-20T10:41:10.718880+00:00,1 42063U 17013A   24141.44526295  .00000478  00000-0  19916-3 0  9994,2 42063  98.5694 216.1014 0001208  95.9181 264.2140 14.30812749376292
2024-05-20T12:21:52.689024+00:00,1 42063U 17013A   24141.51519316  .00000491  00000-0  20394-3 0  9995,2 42063  98.5694 216.1703 0001208  95.7389 264.3931 14.30812900376293
2024-05-20T19:04:40.593792+00:00,1 42063U 17013A   24141.79491428  .00000468  00000-0  19538-3 0  9990,2 42063  98.5693 216.4461 0001203  95.9357 264.1963 14.30813164376340
2024-05-21T05:08:52.461312+00:00,1 42063U 17013A   24142.21449608  .00000432  00000-0  18131-3 0  9990,2 42063  98.5693 216.8598 0001199  95.9433 264.1887 14.30813403376402
2024-05-21T11:51:40.360032+00:00,1 42063U 17013A   24142.49421713  .00000386  00000-0  16374-3 0  9992,2 42063  98.5694 217.1355 0001201  95.5678 264.5642 14.30813499376441
2024-05-21T13:32:22.334496+00:00,1 42063U 17013A   24142.56414739  .00000388  00000-0  16469-3 0  9997,2 42063  98.5694 217.2044 0001205  95.3900 264.7420 14.30813581376445
2024-05-21T20:15:10.224576+00:00,1 42063U 17013A   24142.84386834  .00000393  00000-0  16667-3 0  9998,2 42063  98.5694 217.4802 0001199  95.3894 264.7426 14.30813907376496
2024-05-21T21:55:52.197312+00:00,1 42063U 17013A   24142.91379858  .00000392  00000-0  16619-3 0  9990,2 42063  98.5694 217.5491 0001199  95.2008 264.9312 14.30813970376493
2024-05-22T04:38:40.086528+00:00,1 42063U 17013A   24143.19351952  .00000397  00000-0  16802-3 0  9995,2 42063  98.5693 217.8249 0001204  95.6659 264.4661 14.30814270376541
2024-05-22T11:21:27.968832+00:00,1 42063U 17013A   24143.47324038  .00000389  00000-0  16501-3 0  9998,2 42063  98.5694 218.1007 0001206  95.4212 264.7109 14.30814517376581
2024-05-22T13:02:09.938112+00:00,1 42063U 17013A   24143.54317058  .00000391  00000-0  16572-3 0  9991,2 42063  98.5694 218.1697 0001207  95.3502 264.7818 14.30814591376587
2024-05-22T19:44:57.817824+00:00,1 42063U 17013A   24143.82289141  .00000386  00000-0  16407-3 0  9994,2 42063  98.5694 218.4454 0001212  95.4276 264.7045 14.30814848376628
2024-05-22T19:44:57.817824+00:00,1 42063U 17013A   24143.82289141  .00000386  00000-0  16407-3 0  9994,2 42063  98.5694 218.4454 0001212  95.4276 264.7045 14.30814848376639
2024-05-23T04:08:27.658176+00:00,1 42063U 17013A   24144.17254234  .00000387  00000-0  16434-3 0  9999,2 42063  98.5693 218.7901 0001208  95.5712 264.5608 14.30815195376683
2024-05-23T12:31:57.490752+00:00,1 42063U 17013A   24144.52219318  .00000366  00000-0  15620-3 0  9995,2 42063  98.5694 219.1348 0001213  95.4231 264.7090 14.30815478376721
2024-05-23T12:31:57.490752+00:00,1 42063U 17013A   24144.52219318  .00000366  00000-0  15620-3 0  9995,2 42063  98.5694 219.1348 0001213  95.4231 264.7090 14.30815478376732
2024-05-23T19:14:45.352320+00:00,1 42063U 17013A   24144.80191380  .00000345  00000-0  14818-3 0  9999,2 42063  98.5694 219.4106 0001208  95.4118 264.7202 14.30815687376765
2024-05-23T19:14:45.352320+00:00,1 42063U 17013A   24144.80191380  .00000345  00000-0  14818-3 0  9999,2 42063  98.5694 219.4106 0001208  95.4118 264.7202 14.30815687376776
2024-05-24T03:38:15.174528+00:00,1 42063U 17013A   24145.15156452  .00000348  00000-0  14924-3 0  9990,2 42063  98.5693 219.7553 0001210  95.2772 264.8549 14.30816058376825
2024-05-24T12:01:44.989824+00:00,1 42063U 17013A   24145.50121516  .00000339  00000-0  14606-3 0  9999,2 42063  98.5694 220.1001 0001214  95.2462 264.8860 14.30816348376873
2024-05-24T13:42:26.952192+00:00,1 42063U 17013A   24145.57114528  .00000336  00000-0  14476-3 0  9993,2 42063  98.5694 220.1690 0001214  95.2598 264.8723 14.30816404376878
2024-05-24T20:25:14.803392+00:00,1 42063U 17013A   24145.85086578  .00000314  00000-0  13643-3 0  9998,2 42063  98.5693 220.4448 0001214  95.4298 264.7023 14.30816540376929
2024-05-24T22:05:56.764896+00:00,1 42063U 17013A   24145.92079589  .00000312  00000-0  13572-3 0  9999,2 42063  98.5693 220.5138 0001212  95.3853 264.7468 14.30816584376921
2024-05-25T04:48:44.613504+00:00,1 42063U 17013A   24146.20051636  .00000292  00000-0  12814-3 0  9999,2 42063  98.5693 220.7895 0001213  95.3644 264.7677 14.30816713376973
2024-05-25T11:31:32.452608+00:00,1 42063U 17013A   24146.48023672  .00000312  00000-0  13579-3 0  9990,2 42063  98.5694 221.0653 0001211  95.4201 264.7121 14.30816995377010
2024-05-25T13:12:14.412384+00:00,1 42063U 17013A   24146.55016681  .00000311  00000-0  13518-3 0  9992,2 42063  98.5694 221.1343 0001210  95.3872 264.7449 14.30817046377010
2024-05-25T19:55:02.249760+00:00,1 42063U 17013A   24146.82988715  .00000309  00000-0  13464-3 0  9995,2 42063  98.5693 221.4100 0001209  95.5285 264.6036 14.30817279377065
2024-05-26T04:18:32.044320+00:00,1 42063U 17013A   24147.17953755  .00000295  00000-0  12926-3 0  9996,2 42063  98.5693 221.7548 0001209  95.6539 264.4782 14.30817456377116
2024-05-26T11:01:19.877376+00:00,1 42063U 17013A   24147.45925784  .00000285  00000-0  12527-3 0  9994,2 42063  98.5693 222.0305 0001213  95.6139 264.5182 14.30817623377157
2024-05-26T12:42:01.838016+00:00,1 42063U 17013A   24147.52918794  .00000270  00000-0  11979-3 0  9999,2 42063  98.5693 222.0995 0001211  95.6692 264.4629 14.30817596377158
2024-05-26T19:24:49.664160+00:00,1 42063U 17013A   24147.80890815  .00000264  00000-0  11752-3 0  9995,2 42063  98.5693 222.3753 0001207  95.8782 264.2539 14.30817783377202
2024-05-26T22:46:13.576800+00:00,1 42063U 17013A   24147.94876825  .00000265  00000-0  11766-3 0  9991,2 42063  98.5693 222.5132 0001208  95.8961 264.2360 14.30817879377214
2024-05-27T05:29:01.402080+00:00,1 42063U 17013A   24148.22848845  .00000254  00000-0  11364-3 0  9996,2 42063  98.5693 222.7889 0001204  96.0120 264.1200 14.30818046377265
2024-05-27T12:11:49.225632+00:00,1 42063U 17013A   24148.50820863  .00000220  00000-0  10060-3 0  9992,2 42063  98.5693 223.0647 0001209  95.9538 264.1783 14.30818060377292
2024-05-27T12:11:49.225632+00:00,1 42063U 17013A   24148.50820863  .00000220  00000-0  10060-3 0  9992,2 42063  98.5693 223.0647 0001209  95.9538 264.1783 14.30818060377304
2024-05-27T18:54:37.045728+00:00,1 42063U 17013A   24148.78792877  .00000207  00000-0  95647-4 0  9995,2 42063  98.5693 223.3405 0001207  95.9999 264.1321 14.30818205377341
2024-05-27T20:35:18.996864+00:00,1 42063U 17013A   24148.85785876  .00000212  00000-0  97408-4 0  9997,2 42063  98.5693 223.4094 0001207  95.9924 264.1397 14.30818269377347
2024-05-28T04:58:48.764640+00:00,1 42063U 17013A   24149.20750885  .00000211  00000-0  97065-4 0  9997,2 42063  98.5693 223.7541 0001205  96.0315 264.1005 14.30818526377400
2024-05-28T11:41:36.584736+00:00,1 42063U 17013A   24149.48722899  .00000190  00000-0  89290-4 0  9998,2 42063  98.5693 224.0299 0001208  95.9054 264.2267 14.30818567377445
2024-05-28T13:22:18.538464+00:00,1 42063U 17013A   24149.55715901  .00000186  00000-0  87608-4 0  9998,2 42063  98.5693 224.0989 0001207  95.8882 264.2438 14.30818599377443
2024-05-28T20:05:06.348192+00:00,1 42063U 17013A   24149.83687903  .00000181  00000-0  85644-4 0  9992,2 42063  98.5693 224.3746 0001203  95.8487 264.2833 14.30818736377491
2024-05-28T21:45:48.301056+00:00,1 42063U 17013A   24149.90680904  .00000177  00000-0  84280-4 0  9994,2 42063  98.5693 224.4436 0001204  95.8635 264.2685 14.30818764377490
2024-05-29T04:28:36.110784+00:00,1 42063U 17013A   24150.18652906  .00000174  00000-0  83140-4 0  9998,2 42063  98.5693 224.7194 0001203  95.8646 264.2674 14.30818912377544
2024-05-29T11:11:23.918784+00:00,1 42063U 17013A   24150.46624906  .00000171  00000-0  81701-4 0  9996,2 42063  98.5693 224.9951 0001204  95.8397 264.2923 14.30819038377582
2024-05-29T12:52:05.869056+00:00,1 42063U 17013A   24150.53617904  .00000188  00000-0  88410-4 0  9996,2 42063  98.5693 225.0641 0001203  95.8823 264.2497 14.30819193377581
2024-05-29T16:13:29.771328+00:00,1 42063U 17013A   24150.67603902  .00000184  00000-0  86799-4 0  9998,2 42063  98.5693 225.2020 0001201  95.9486 264.1833 14.30819264377603
2024-05-29T16:13:29.771328+00:00,1 42063U 17013A   24150.67603902  .00000184  00000-0  86799-4 0  9998,2 42063  98.5693 225.2020 0001201  95.9486 264.1833 14.30819264377614
2024-05-30T03:58:23.705760+00:00,1 42063U 17013A   24151.16555215  .00000209  00000-0  96324-4 0  9999,2 42063  98.5692 225.6846 0001192  94.3948 265.7371 14.30810276377683
2024-05-30T12:21:53.670528+00:00,1 42063U 17013A   24151.51520452  .00000244  00000-0  10960-3 0  9993,2 42063  98.5692 226.0293 0001202  93.9637 266.1684 14.30810172377728
2024-05-30T12:21:53.670528+00:00,1 42063U 17013A   24151.51520452  .00000244  00000-0  10960-3 0  9993,2 42063  98.5692 226.0293 0001202  93.9637 266.1684 14.30810172377739
2024-05-30T19:04:41.629728+00:00,1 42063U 17013A   24151.79492627  .00000243  00000-0  10955-3 0  9998,2 42063  98.5692 226.3050 0001197  94.1639 265.9680 14.30810295377774
2024-05-30T22:26:05.588160+00:00,1 42063U 17013A   24151.93478690  .00000269  00000-0  11910-3 0  9998,2 42063  98.5692 226.4429 0001197  94.1955 265.9365 14.30810588377782
2024-05-31T05:08:53.564640+00:00,1 42063U 17013A   24152.21450885  .00000232  00000-0  10531-3 0  9994,2 42063  98.5692 226.7187 0001194  94.3074 265.8246 14.30810485377836
2024-05-31T11:51:41.510880+00:00,1 42063U 17013A   24152.49423045  .00000259  00000-0  11543-3 0  9995,2 42063  98.5692 226.9945 0001195  93.8185 266.3134 14.30810790377873
2024-05-31T13:32:23.498304+00:00,1 42063U 17013A   24152.56416086  .00000259  00000-0  11547-3 0  9994,2 42063  98.5692 227.0634 0001195  93.7997 266.3323 14.30810835377870
2024-05-31T20:15:11.474784+00:00,1 42063U 17013A   24152.84388281  .00000188  00000-0  88397-4 0  9999,2 42063  98.5692 227.3392 0001200  93.7715 266.3605 14.30810527377926
2024-05-31T21:55:53.462208+00:00,1 42063U 17013A   24152.91381322  .00000198  00000-0  92202-4 0  9997,2 42063  98.5692 227.4081 0001200  93.6260 266.5060 14.30810581377923
2024-06-01T04:38:41.416224+00:00,1 42063U 17013A   24153.19353491  .00000201  00000-0  93158-4 0  9990,2 42063  98.5692 227.6839 0001201  93.7020 266.4301 14.30810701377978
2024-06-01T11:21:29.365920+00:00,1 42063U 17013A   24153.47325655  .00000204  00000-0  94379-4 0  9991,2 42063  98.5692 227.9597 0001203  93.5810 266.5511 14.30810840378013
2024-06-01T13:02:11.356800+00:00,1 42063U 17013A   24153.54318700  .00000202  00000-0  93617-4 0  9994,2 42063  98.5692 228.0286 0001199  93.6736 266.4584 14.30810872378016
2024-06-01T19:44:59.300448+00:00,1 42063U 17013A   24153.82290857  .00000205  00000-0  94734-4 0  9991,2 42063  98.5692 228.3044 0001196  93.8605 266.2715 14.30811040378062
2024-06-02T04:08:29.228928+00:00,1 42063U 17013A   24154.17256052  .00000210  00000-0  96795-4 0  9994,2 42063  98.5692 228.6491 0001196  93.8297 266.3022 14.30811241378119
2024-06-02T12:31:59.166048+00:00,1 42063U 17013A   24154.52221257  .00000212  00000-0  97535-4 0  9997,2 42063  98.5692 228.9938 0001196  93.8005 266.3315 14.30811365378151
2024-06-02T12:31:59.166048+00:00,1 42063U 17013A   24154.52221257  .00000212  00000-0  97535-4 0  9997,2 42063  98.5692 228.9938 0001196  93.8005 266.3315 14.30811365378162
2024-06-02T19:14:47.097600+00:00,1 42063U 17013A   24154.80193400  .00000209  00000-0  96292-4 0  9991,2 42063  98.5692 229.2696 0001192  93.9240 266.2079 14.30811527378206
2024-06-02T22:36:11.065536+00:00,1 42063U 17013A   24154.94179474  .00000205  00000-0  94742-4 0  9995,2 42063  98.5692 229.4075 0001190  93.9653 266.1666 14.30811572378217
2024-06-03T05:18:59.001408+00:00,1 42063U 17013A   24155.22151622  .00000243  00000-0  10929-3 0  9998,2 42063  98.5692 229.6833 0001184  93.9087 266.2232 14.30811923378260
2024-06-03T12:01:46.936416+00:00,1 42063U 17013A   24155.50123769  .00000249  00000-0  11174-3 0  9999,2 42063  98.5692 229.9591 0001188  93.6644 266.4675 14.30812082378309
2024-06-03T13:42:28.918656+00:00,1 42063U 17013A   24155.57116804  .00000248  00000-0  11113-3 0  9990,2 42063  98.5692 230.0280 0001188  93.7330 266.3989 14.30812125378305
2024-06-03T18:44:34.861920+00:00,1 42063U 17013A   24155.78095905  .00000248  00000-0  11112-3 0  9990,2 42063  98.5692 230.2349 0001185  93.8612 266.2706 14.30812240378342
2024-06-03T22:05:58.824672+00:00,1 42063U 17013A   24155.92081973  .00000249  00000-0  11155-3 0  9994,2 42063  98.5692 230.3728 0001184  93.8130 266.3188 14.30812307378358
2024-06-04T04:48:46.745856+00:00,1 42063U 17013A   24156.20054104  .00000270  00000-0  11953-3 0  9992,2 42063  98.5692 230.6485 0001183  93.8509 266.2809 14.30812584378402
2024-06-04T11:31:34.671360+00:00,1 42063U 17013A   24156.48026240  .00000280  00000-0  12355-3 0  9990,2 42063  98.5692 230.9243 0001185  93.8085 266.3234 14.30812756378446
2024-06-04T13:12:16.651872+00:00,1 42063U 17013A   24156.55019273  .00000274  00000-0  12114-3 0  9992,2 42063  98.5693 230.9932 0001184  93.7969 266.3350 14.30812778378444
2024-06-04T18:14:22.589088+00:00,1 42063U 17013A   24156.75998367  .00000276  00000-0  12212-3 0  9995,2 42063  98.5692 231.2001 0001185  93.7542 266.3776 14.30812916378482
2024-06-04T21:35:46.545792+00:00,1 42063U 17013A   24156.89984428  .00000269  00000-0  11912-3 0  9991,2 42063  98.5692 231.3380 0001186  93.8152 266.3166 14.30812947378490
2024-06-05T04:18:34.466976+00:00,1 42063U 17013A   24157.17956559  .00000246  00000-0  11059-3 0  9994,2 42063  98.5692 231.6137 0001185  93.9062 266.2257 14.30812960378544
2024-06-05T11:01:22.377792+00:00,1 42063U 17013A   24157.45928678  .00000262  00000-0  11651-3 0  9992,2 42063  98.5693 231.8895 0001189  93.8167 266.3151 14.30813207378580
2024-06-05T12:42:04.355712+00:00,1 42063U 17013A   24157.52921708  .00000264  00000-0  11736-3 0  9993,2 42063  98.5693 231.9585 0001189  93.7344 266.3975 14.30813256378581
2024-06-05T19:24:52.259616+00:00,1 42063U 17013A   24157.80893819  .00000266  00000-0  11823-3 0  9994,2 42063  98.5693 232.2342 0001188  93.8306 266.3012 14.30813439378635
2024-06-05T21:05:34.235808+00:00,1 42063U 17013A   24157.87886847  .00000267  00000-0  11848-3 0  9992,2 42063  98.5693 232.3032 0001188  93.8208 266.3111 14.30813476378634
2024-06-06T05:29:04.112448+00:00,1 42063U 17013A   24158.22851982  .00000278  00000-0  12278-3 0  9994,2 42063  98.5692 232.6479 0001184  94.0007 266.1312 14.30813753378692
2024-06-06T12:11:52.012032+00:00,1 42063U 17013A   24158.50824088  .00000291  00000-0  12778-3 0  9992,2 42063  98.5693 232.9237 0001184  93.8966 266.2352 14.30813991378733
2024-06-06T13:52:33.985632+00:00,1 42063U 17013A   24158.57817113  .00000287  00000-0  12623-3 0  9994,2 42063  98.5693 232.9926 0001183  93.9527 266.1791 14.30814028378739
2024-06-07T01:37:27.801696+00:00,1 42063U 17013A   24159.06768289  .00000277  00000-0  12218-3 0  9997,2 42063  98.5693 233.4752 0001179  94.1213 266.0105 14.30814259378815
2024-06-07T11:41:39.628608+00:00,1 42063U 17013A   24159.48726422  .00000318  00000-0  13800-3 0  9990,2 42063  98.5693 233.8889 0001180  93.9542 266.1776 14.30814746378876
2024-06-07T13:22:21.599616+00:00,1 42063U 17013A   24159.55719444  .00000318  00000-0  13801-3 0  9995,2 42063  98.5693 233.9578 0001180  93.9093 266.2225 14.30814799378871
2024-06-07T20:05:09.470688+00:00,1 42063U 17013A   24159.83691517  .00000336  00000-0  14485-3 0  9995,2 42063  98.5693 234.2336 0001177  93.9862 266.1455 14.30815108378922
2024-06-07T21:45:51.439968+00:00,1 42063U 17013A   24159.90684537  .00000333  00000-0  14383-3 0  9991,2 42063  98.5693 234.3025 0001177  94.0246 266.1072 14.30815143378920
2024-06-08T04:28:39.323136+00:00,1 42063U 17013A   24160.18656624  .00000326  00000-0  14092-3 0  9998,2 42063  98.5693 234.5783 0001175  94.0424 266.0893 14.30815282378978
2024-06-08T14:32:51.134496+00:00,1 42063U 17013A   24160.60614739  .00000308  00000-0  13407-3 0  9995,2 42063  98.5693 234.9920 0001177  94.0932 266.0385 14.30815496379021
2024-06-08T19:34:57.036288+00:00,1 42063U 17013A   24160.81593792  .00000304  00000-0  13276-3 0  9993,2 42063  98.5693 235.1988 0001177  94.1041 266.0277 14.30815616379068
2024-06-08T21:15:39.002976+00:00,1 42063U 17013A   24160.88586809  .00000306  00000-0  13327-3 0  9990,2 42063  98.5693 235.2677 0001177  94.0675 266.0643 14.30815664379066
2024-06-09T03:58:26.862816+00:00,1 42063U 17013A   24161.16558869  .00000319  00000-0  13843-3 0  9994,2 42063  98.5693 235.5435 0001178  94.1698 265.9620 14.30815929379111
2024-06-09T12:21:56.694528+00:00,1 42063U 17013A   24161.51523952  .00000346  00000-0  14859-3 0  9996,2 42063  98.5693 235.8882 0001180  94.0417 266.0901 14.30816309379163
2024-06-09T14:02:38.657760+00:00,1 42063U 17013A   24161.58516965  .00000342  00000-0  14728-3 0  9990,2 42063  98.5693 235.9571 0001180  94.0629 266.0689 14.30816363379167
2024-06-09T19:04:44.546592+00:00,1 42063U 17013A   24161.79496003  .00000341  00000-0  14658-3 0  9994,2 42063  98.5693 236.1640 0001179  94.0960 266.0358 14.30816522379208
2024-06-09T22:26:08.471328+00:00,1 42063U 17013A   24161.93482027  .00000339  00000-0  14608-3 0  9993,2 42063  98.5693 236.3019 0001175  94.1213 266.0104 14.30816613379219
2024-06-10T05:08:56.325120+00:00,1 42063U 17013A   24162.21454080  .00000333  00000-0  14365-3 0  9997,2 42063  98.5693 236.5776 0001171  94.2685 265.8631 14.30816776379268
2024-06-10T11:51:44.178048+00:00,1 42063U 17013A   24162.49426132  .00000317  00000-0  13773-3 0  9998,2 42063  98.5693 236.8534 0001174  94.1943 265.9375 14.30816878379306
2024-06-10T13:32:26.138688+00:00,1 42063U 17013A   24162.56419142  .00000316  00000-0  13722-3 0  9992,2 42063  98.5693 236.9223 0001174  94.2014 265.9303 14.30816930379302
2024-06-10T20:15:13.976064+00:00,1 42063U 17013A   24162.84391176  .00000322  00000-0  13945-3 0  9993,2 42063  98.5692 237.1981 0001170  94.3181 265.8135 14.30817182379354
2024-06-10T21:55:55.935840+00:00,1 42063U 17013A   24162.91384185  .00000318  00000-0  13814-3 0  9993,2 42063  98.5692 237.2670 0001170  94.2954 265.8362 14.30817223379355
2024-06-11T04:38:43.777536+00:00,1 42063U 17013A   24163.19356224  .00000299  00000-0  13069-3 0  9997,2 42063  98.5692 237.5428 0001165  94.4140 265.7176 14.30817353379404
2024-06-11T13:02:13.569504+00:00,1 42063U 17013A   24163.54321261  .00000301  00000-0  13152-3 0  9996,2 42063  98.5692 237.8875 0001170  94.3514 265.7803 14.30817630379442
2024-06-12T04:08:31.191936+00:00,1 42063U 17013A   24164.17258324  .00000293  00000-0  12860-3 0  9990,2 42063  98.5692 238.5080 0001167  94.4918 265.6398 14.30817960379548
2024-06-12T05:49:13.149120+00:00,1 42063U 17013A   24164.24251330  .00000290  00000-0  12746-3 0  9998,2 42063  98.5692 238.5770 0001168  94.5583 265.5734 14.30817999379549
2024-06-12T10:51:19.020672+00:00,1 42063U 17013A   24164.45230348  .00000260  00000-0  11599-3 0  9999,2 42063  98.5692 238.7838 0001172  94.6632 265.4684 14.30817977379580
2024-06-12T19:14:48.798816+00:00,1 42063U 17013A   24164.80195369  .00000248  00000-0  11135-3 0  9993,2 42063  98.5692 239.1285 0001165  94.7636 265.3680 14.30818171379636
2024-06-12T20:55:30.749952+00:00,1 42063U 17013A   24164.87188368  .00000257  00000-0  11458-3 0  9999,2 42063  98.5691 239.1974 0001163  94.8091 265.3225 14.30818264379632
2024-06-13T05:19:00.524640+00:00,1 42063U 17013A   24165.22153385  .00000250  00000-0  11206-3 0  9994,2 42063  98.5691 239.5421 0001158  94.9517 265.1798 14.30818481379691
2024-06-13T12:01:48.344736+00:00,1 42063U 17013A   24165.50125399  .00000216  00000-0  98942-4 0  9994,2 42063  98.5691 239.8180 0001169  94.7559 265.3758 14.30818504379731
2024-06-13T13:42:30.299328+00:00,1 42063U 17013A   24165.57118402  .00000209  00000-0  96367-4 0  9999,2 42063  98.5691 239.8869 0001169  94.6206 265.5111 14.30818537379734
2024-06-13T20:25:18.109920+00:00,1 42063U 17013A   24165.85090405  .00000201  00000-0  93249-4 0  9990,2 42063  98.5691 240.1627 0001165  94.7368 265.3948 14.30818677379772
2024-06-14T13:12:17.632512+00:00,1 42063U 17013A   24166.55020408  .00000217  00000-0  99403-4 0  9999,2 42063  98.5691 240.8520 0001164  94.9613 265.1703 14.30819166379877
2024-06-14T21:35:47.387328+00:00,1 42063U 17013A   24166.89985402  .00000216  00000-0  98982-4 0  9990,2 42063  98.5691 241.1967 0001163  94.9596 265.1720 14.30819342379926
2024-06-15T12:42:04.937184+00:00,1 42063U 17013A   24167.52922381  .00000233  00000-0  10551-3 0  9992,2 42063  98.5691 241.8172 0001171  95.2975 264.8341 14.30819811380013
2024-06-15T21:05:34.673856+00:00,1 42063U 17013A   24167.87887354  .00000234  00000-0  10610-3 0  9997,2 42063  98.5691 242.1619 0001170  95.3351 264.7966 14.30820042380066
2024-06-16T12:11:52.210752+00:00,1 42063U 17013A   24168.50824318  .00000229  00000-0  10388-3 0  9995,2 42063  98.5691 242.7824 0001174  95.4491 264.6826 14.30820351380157
2024-06-16T22:16:03.888192+00:00,1 42063U 17013A   24168.92782278  .00000221  00000-0  10082-3 0  9992,2 42063  98.5691 243.1960 0001169  95.6340 264.4977 14.30820561380217
2024-06-17T20:05:09.183840+00:00,1 42063U 17013A   24169.83691185  .00000194  00000-0  90656-4 0  9994,2 42063  98.5691 244.0922 0001173  95.6323 264.4994 14.30820882380351
2024-06-17T21:45:51.128928+00:00,1 42063U 17013A   24169.90684177  .00000192  00000-0  89925-4 0  9990,2 42063  98.5691 244.1611 0001173  95.7087 264.4230 14.30820902380351
2024-06-18T04:28:38.907552+00:00,1 42063U 17013A   24170.18656143  .00000184  00000-0  87026-4 0  9995,2 42063  98.5691 244.4369 0001176  95.7869 264.3448 14.30821010380402
2024-06-18T11:11:26.680128+00:00,1 42063U 17013A   24170.46628102  .00000181  00000-0  85805-4 0  9990,2 42063  98.5691 244.7127 0001174  95.7916 264.3400 14.30821118380449
2024-06-18T12:52:08.624352+00:00,1 42063U 17013A   24170.53621093  .00000180  00000-0  85255-4 0  9998,2 42063  98.5691 244.7816 0001175  95.7210 264.4107 14.30821152380445
2024-06-18T19:34:56.398656+00:00,1 42063U 17013A   24170.81593054  .00000179  00000-0  84875-4 0  9999,2 42063  98.5691 245.0574 0001175  95.7186 264.4131 14.30821269380493
2024-06-18T21:15:38.341152+00:00,1 42063U 17013A   24170.88586043  .00000180  00000-0  85380-4 0  9990,2 42063  98.5691 245.1263 0001175  95.6895 264.4421 14.30821300380493
2024-06-19T03:58:26.109408+00:00,1 42063U 17013A   24171.16557997  .00000185  00000-0  87153-4 0  9993,2 42063  98.5691 245.4021 0001173  95.7393 264.3923 14.30821445380542
2024-06-19T12:21:55.820160+00:00,1 42063U 17013A   24171.51522940  .00000176  00000-0  83765-4 0  9997,2 42063  98.5692 245.7468 0001179  95.8621 264.2697 14.30821572380584
2024-06-19T12:21:55.820160+00:00,1 42063U 17013A   24171.51522940  .00000176  00000-0  83765-4 0  9997,2 42063  98.5692 245.7468 0001179  95.8621 264.2697 14.30821572380595
2024-06-19T19:04:43.584096+00:00,1 42063U 17013A   24171.79494889  .00000169  00000-0  81121-4 0  9993,2 42063  98.5691 246.0226 0001177  95.9686 264.1631 14.30821690380633
2024-06-19T20:45:25.525728+00:00,1 42063U 17013A   24171.86487877  .00000158  00000-0  77064-4 0  9999,2 42063  98.5691 246.0915 0001176  95.9629 264.1688 14.30821659380631
2024-06-20T05:08:55.226112+00:00,1 42063U 17013A   24172.21452808  .00000170  00000-0  81375-4 0  9999,2 42063  98.5691 246.4362 0001172  96.0336 264.0980 14.30821893380694
2024-06-20T13:32:24.928224+00:00,1 42063U 17013A   24172.56417741  .00000165  00000-0  79563-4 0  9994,2 42063  98.5692 246.7809 0001174  95.8777 264.2539 14.30822049380733
2024-06-20T16:53:48.807168+00:00,1 42063U 17013A   24172.70403712  .00000163  00000-0  78981-4 0  9994,2 42063  98.5692 246.9188 0001172  95.9247 264.2070 14.30822112380759
2024-06-20T16:53:48.807168+00:00,1 42063U 17013A   24172.70403712  .00000163  00000-0  78981-4 0  9994,2 42063  98.5692 246.9188 0001172  95.9247 264.2070 14.30822112380760
2024-06-21T04:38:42.720000+00:00,1 42063U 17013A   24173.19355000  .00000173  00000-0  82649-4 0  9991,2 42063  98.5690 247.4015 0001196  94.5625 265.5695 14.30812281380835
2024-06-21T11:21:30.652416+00:00,1 42063U 17013A   24173.47327144  .00000173  00000-0  82823-4 0  9994,2 42063  98.5692 247.6771 0001199  94.0542 266.0778 14.30812225380874
2024-06-21T13:02:12.634656+00:00,1 42063U 17013A   24173.54320179  .00000191  00000-0  89452-4 0  9998,2 42063  98.5692 247.7461 0001195  94.2579 265.8740 14.30812303380872
2024-06-21T19:45:00.557568+00:00,1 42063U 17013A   24173.82292312  .00000185  00000-0  87188-4 0  9993,2 42063  98.5692 248.0218 0001198  94.0777 266.0542 14.30812437380924
2024-06-21T21:25:42.536352+00:00,1 42063U 17013A   24173.89285343  .00000275  00000-0  12167-3 0  9990,2 42063  98.5692 248.0908 0001199  94.0152 266.1168 14.30812595380928
2024-06-22T04:08:30.457536+00:00,1 42063U 17013A   24174.17257474  .00000276  00000-0  12193-3 0  9996,2 42063  98.5691 248.3665 0001202  94.2902 265.8418 14.30812750380972
2024-06-22T12:32:00.357504+00:00,1 42063U 17013A   24174.52222636  .00000227  00000-0  10310-3 0  9992,2 42063  98.5692 248.7112 0001209  94.2458 265.8863 14.30812876381016
2024-06-22T12:32:00.357504+00:00,1 42063U 17013A   24174.52222636  .00000227  00000-0  10310-3 0  9992,2 42063  98.5692 248.7112 0001209  94.2458 265.8863 14.30812876381027
2024-06-22T19:14:48.270912+00:00,1 42063U 17013A   24174.80194758  .00000222  00000-0  10150-3 0  9993,2 42063  98.5692 248.9870 0001207  94.4120 265.7201 14.30813008381063
2024-06-22T22:36:12.226752+00:00,1 42063U 17013A   24174.94180818  .00000216  00000-0  99176-4 0  9999,2 42063  98.5692 249.1249 0001204  94.4693 265.6627 14.30813026381070
2024-06-23T03:38:18.163104+00:00,1 42063U 17013A   24175.15159911  .00000209  00000-0  96456-4 0  9993,2 42063  98.5691 249.3317 0001202  94.4457 265.6863 14.30813094381115
2024-06-23T12:01:48.046656+00:00,1 42063U 17013A   24175.50125054  .00000206  00000-0  95173-4 0  9995,2 42063  98.5692 249.6764 0001204  94.2568 265.8753 14.30813261381169
2024-06-23T13:42:30.023712+00:00,1 42063U 17013A   24175.57118083  .00000205  00000-0  94974-4 0  9993,2 42063  98.5692 249.7453 0001205  94.2717 265.8604 14.30813300381161
2024-06-23T20:25:17.927616+00:00,1 42063U 17013A   24175.85090194  .00000177  00000-0  83999-4 0  9999,2 42063  98.5692 250.0211 0001194  94.4200 265.7119 14.30813348381212
2024-06-23T22:05:59.904672+00:00,1 42063U 17013A   24175.92083223  .00000174  00000-0  82875-4 0  9991,2 42063  98.5692 250.0900 0001194  94.3630 265.7689 14.30813361381210
2024-06-24T04:48:47.810304+00:00,1 42063U 17013A   24176.20055336  .00000175  00000-0  83569-4 0  9999,2 42063  98.5691 250.3658 0001192  94.4410 265.6909 14.30813497381266
2024-06-24T11:31:35.714208+00:00,1 42063U 17013A   24176.48027447  .00000175  00000-0  83299-4 0  9991,2 42063  98.5692 250.6415 0001195  94.5499 265.5821 14.30813596381309
2024-06-24T13:12:17.690400+00:00,1 42063U 17013A   24176.55020475  .00000173  00000-0  82568-4 0  9999,2 42063  98.5692 250.7104 0001196  94.4411 265.6909 14.30813626381301
2024-06-24T19:55:05.587392+00:00,1 42063U 17013A   24176.82992578  .00000170  00000-0  81662-4 0  9992,2 42063  98.5691 250.9862 0001193  94.5246 265.6073 14.30813747381358
2024-06-24T21:35:47.561856+00:00,1 42063U 17013A   24176.89985604  .00000172  00000-0  82121-4 0  9994,2 42063  98.5691 251.0551 0001194  94.5761 265.5558 14.30813774381355
2024-06-25T04:18:35.455392+00:00,1 42063U 17013A   24177.17957703  .00000187  00000-0  88179-4 0  9990,2 42063  98.5691 251.3309 0001190  94.6464 265.4855 14.30813983381403
2024-06-25T11:01:23.350656+00:00,1 42063U 17013A   24177.45929804  .00000186  00000-0  87552-4 0  9995,2 42063  98.5691 251.6066 0001196  94.6440 265.4880 14.30814101381441
2024-06-25T14:22:47.296128+00:00,1 42063U 17013A   24177.59915852  .00000191  00000-0  89509-4 0  9998,2 42063  98.5691 251.7445 0001196  94.4231 265.7089 14.30814214381459
2024-06-25T19:24:53.207424+00:00,1 42063U 17013A   24177.80894916  .00000192  00000-0  90038-4 0  9999,2 42063  98.5691 251.9513 0001192  94.4641 265.6678 14.30814348381493
2024-06-25T21:05:35.179296+00:00,1 42063U 17013A   24177.87887939  .00000192  00000-0  89866-4 0  9990,2 42063  98.5691 252.0203 0001193  94.3984 265.7335 14.30814373381490
2024-06-26T05:29:05.035200+00:00,1 42063U 17013A   24178.22853050  .00000208  00000-0  96127-4 0  9993,2 42063  98.5691 252.3650 0001189  94.5413 265.5906 14.30814640381559
2024-06-26T12:11:52.914048+00:00,1 42063U 17013A   24178.50825132  .00000217  00000-0  99420-4 0  9993,2 42063  98.5691 252.6407 0001192  94.4916 265.6402 14.30814835381595
2024-06-26T13:52:34.883328+00:00,1 42063U 17013A   24178.57818152  .00000220  00000-0  10052-3 0  9991,2 42063  98.5691 252.7097 0001193  94.3706 265.7613 14.30814894381598
2024-06-26T18:54:40.787712+00:00,1 42063U 17013A   24178.78797208  .00000213  00000-0  98023-4 0  9999,2 42063  98.5691 252.9165 0001189  94.4248 265.7071 14.30814993381636
2024-06-26T20:35:22.756992+00:00,1 42063U 17013A   24178.85790228  .00000212  00000-0  97641-4 0  9996,2 42063  98.5691 252.9854 0001190  94.4605 265.6713 14.30815025381639
2024-06-27T04:58:52.603392+00:00,1 42063U 17013A   24179.20755328  .00000239  00000-0  10786-3 0  9991,2 42063  98.5691 253.3301 0001188  94.7512 265.3807 14.30815361381698
2024-06-27T11:41:40.482240+00:00,1 42063U 17013A   24179.48727410  .00000236  00000-0  10654-3 0  9993,2 42063  98.5691 253.6059 0001192  94.5088 265.6231 14.30815471381733
2024-06-27T20:05:10.316544+00:00,1 42063U 17013A   24179.83692496  .00000229  00000-0  10411-3 0  9990,2 42063  98.5690 253.9506 0001189  94.5147 265.6171 14.30815642381782
2024-06-27T21:45:52.283232+00:00,1 42063U 17013A   24179.90685513  .00000230  00000-0  10457-3 0  9992,2 42063  98.5690 254.0196 0001191  94.4486 265.6833 14.30815681381785
2024-06-28T04:28:40.143072+00:00,1 42063U 17013A   24180.18657573  .00000265  00000-0  11764-3 0  9999,2 42063  98.5690 254.2953 0001190  94.4352 265.6967 14.30816044381837
2024-06-28T11:11:27.993408+00:00,1 42063U 17013A   24180.46629622  .00000302  00000-0  13182-3 0  9992,2 42063  98.5690 254.5711 0001189  94.4520 265.6798 14.30816432381874
2024-06-28T12:52:09.957504+00:00,1 42063U 17013A   24180.53622636  .00000302  00000-0  13184-3 0  9990,2 42063  98.5690 254.6400 0001189  94.4241 265.7078 14.30816479381873
2024-06-28T19:34:57.812160+00:00,1 42063U 17013A   24180.81594690  .00000287  00000-0  12607-3 0  9990,2 42063  98.5690 254.9158 0001190  94.5019 265.6300 14.30816580381928
2024-06-28T21:15:39.775392+00:00,1 42063U 17013A   24180.88587703  .00000286  00000-0  12590-3 0  9994,2 42063  98.5690 254.9847 0001191  94.4770 265.6548 14.30816617381922
2024-06-29T03:58:27.627456+00:00,1 42063U 17013A   24181.16559754  .00000312  00000-0  13570-3 0  9990,2 42063  98.5690 255.2605 0001190  94.5102 265.6217 14.30816929381971
2024-06-29T12:21:57.434976+00:00,1 42063U 17013A   24181.51524809  .00000328  00000-0  14183-3 0  9990,2 42063  98.5690 255.6051 0001192  94.4500 265.6819 14.30817220382012
2024-06-29T12:21:57.434976+00:00,1 42063U 17013A   24181.51524809  .00000328  00000-0  14183-3 0  9990,2 42063  98.5690 255.6051 0001192  94.4500 265.6819 14.30817220382023
2024-06-29T19:04:45.274080+00:00,1 42063U 17013A   24181.79496845  .00000327  00000-0  14123-3 0  9991,2 42063  98.5690 255.8809 0001188  94.5831 265.5488 14.30817420382066
2024-06-29T22:26:09.195360+00:00,1 42063U 17013A   24181.93482865  .00000332  00000-0  14329-3 0  9998,2 42063  98.5690 256.0188 0001188  94.6392 265.4927 14.30817495382072
2024-06-30T05:08:57.034464+00:00,1 42063U 17013A   24182.21454901  .00000296  00000-0  12953-3 0  9990,2 42063  98.5689 256.2945 0001187  94.6093 265.5226 14.30817537382126
2024-06-30T11:51:44.870112+00:00,1 42063U 17013A   24182.49426933  .00000289  00000-0  12673-3 0  9995,2 42063  98.5690 256.5703 0001191  94.4820 265.6499 14.30817687382167
2024-06-30T13:32:26.828160+00:00,1 42063U 17013A   24182.56419940  .00000282  00000-0  12418-3 0  9993,2 42063  98.5690 256.6393 0001193  94.4449 265.6870 14.30817715382167
2024-06-30T20:15:14.656032+00:00,1 42063U 17013A   24182.84391963  .00000284  00000-0  12517-3 0  9990,2 42063  98.5690 256.9150 0001190  94.4374 265.6945 14.30817919382210
2024-06-30T21:55:56.613216+00:00,1 42063U 17013A   24182.91384969  .00000282  00000-0  12409-3 0  9994,2 42063  98.5690 256.9840 0001191  94.4063 265.7256 14.30817952382215
2024-07-01T04:38:44.446272+00:00,1 42063U 17013A   24183.19356998  .00000271  00000-0  12008-3 0  9999,2 42063  98.5689 257.2597 0001188  94.4474 265.6845 14.30818080382269
2024-07-01T11:21:32.268960+00:00,1 42063U 17013A   24183.47329015  .00000279  00000-0  12318-3 0  9992,2 42063  98.5690 257.5355 0001191  94.4027 265.7292 14.30818289382307
2024-07-01T13:02:14.222688+00:00,1 42063U 17013A   24183.54322017  .00000265  00000-0  11768-3 0  9998,2 42063  98.5690 257.6044 0001192  94.3324 265.7995 14.30818288382302
2024-07-01T19:45:02.041920+00:00,1 42063U 17013A   24183.82294030  .00000267  00000-0  11832-3 0  9996,2 42063  98.5690 257.8802 0001190  94.4231 265.7088 14.30818479382352
2024-07-01T21:25:43.996512+00:00,1 42063U 17013A   24183.89287033  .00000267  00000-0  11846-3 0  9993,2 42063  98.5689 257.9491 0001191  94.3861 265.7458 14.30818520382352
2024-07-02T04:08:31.818336+00:00,1 42063U 17013A   24184.17259049  .00000267  00000-0  11847-3 0  9992,2 42063  98.5689 258.2249 0001187  94.5082 265.6236 14.30818678382402
2024-07-02T12:32:01.579200+00:00,1 42063U 17013A   24184.52224050  .00000262  00000-0  11655-3 0  9997,2 42063  98.5690 258.5695 0001188  94.6304 265.5014 14.30818888382441
2024-07-02T12:32:01.579200+00:00,1 42063U 17013A   24184.52224050  .00000262  00000-0  11655-3 0  9997,2 42063  98.5690 258.5695 0001188  94.6304 265.5014 14.30818888382452
2024-07-02T19:14:49.386336+00:00,1 42063U 17013A   24184.80196049  .00000252  00000-0  11271-3 0  9997,2 42063  98.5689 258.8453 0001184  94.8899 265.2419 14.30819041382494
2024-07-02T20:55:31.339200+00:00,1 42063U 17013A   24184.87189050  .00000261  00000-0  11604-3 0  9998,2 42063  98.5689 258.9142 0001183  94.8901 265.2417 14.30819117382495
2024-07-03T03:38:19.144608+00:00,1 42063U 17013A   24185.15161047  .00000234  00000-0  10592-3 0  9991,2 42063  98.5689 259.1900 0001175  95.0084 265.1233 14.30819195382543
2024-07-03T12:01:48.897696+00:00,1 42063U 17013A   24185.50126039  .00000221  00000-0  10081-3 0  9991,2 42063  98.5690 259.5347 0001177  94.7958 265.3359 14.30819363382595
2024-07-03T18:44:36.697056+00:00,1 42063U 17013A   24185.78098029  .00000211  00000-0  97021-4 0  9997,2 42063  98.5690 259.8105 0001177  94.8921 265.2396 14.30819514382634
2024-07-03T22:06:00.599328+00:00,1 42063U 17013A   24185.92084027  .00000209  00000-0  96252-4 0  9998,2 42063  98.5690 259.9483 0001173  94.8946 265.2371 14.30819562382644
2024-07-04T04:48:48.393504+00:00,1 42063U 17013A   24186.20056011  .00000199  00000-0  92497-4 0  9997,2 42063  98.5689 260.2241 0001174  94.8735 265.2582 14.30819707382696
2024-07-04T11:31:36.186816+00:00,1 42063U 17013A   24186.48027994  .00000198  00000-0  92033-4 0  9990,2 42063  98.5690 260.4998 0001174  94.9848 265.1469 14.30819849382730
2024-07-04T13:12:18.134496+00:00,1 42063U 17013A   24186.55020989  .00000197  00000-0  91682-4 0  9993,2 42063  98.5690 260.5688 0001175  94.9554 265.1763 14.30819892382737
2024-07-04T19:55:05.924352+00:00,1 42063U 17013A   24186.82992968  .00000213  00000-0  97818-4 0  9994,2 42063  98.5690 260.8445 0001175  94.9306 265.2011 14.30820136382781
2024-07-04T21:35:47.871168+00:00,1 42063U 17013A   24186.89985962  .00000223  00000-0  10159-3 0  9990,2 42063  98.5690 260.9135 0001177  94.9178 265.2139 14.30820191382789
2024-07-05T04:18:35.658432+00:00,1 42063U 17013A   24187.17957938  .00000220  00000-0  10062-3 0  9994,2 42063  98.5690 261.1892 0001177  94.9260 265.2057 14.30820356382832
2024-07-05T11:01:23.443104+00:00,1 42063U 17013A   24187.45929911  .00000219  00000-0  10005-3 0  9990,2 42063  98.5690 261.4650 0001177  95.0631 265.0686 14.30820499382879
2024-07-05T12:42:05.386464+00:00,1 42063U 17013A   24187.52922901  .00000227  00000-0  10338-3 0  9998,2 42063  98.5690 261.5339 0001178  94.9652 265.1666 14.30820617382877
2024-07-05T19:24:53.168544+00:00,1 42063U 17013A   24187.80894871  .00000231  00000-0  10464-3 0  9998,2 42063  98.5690 261.8097 0001173  95.0474 265.0843 14.30820800382926
2024-07-05T21:05:35.114496+00:00,1 42063U 17013A   24187.87887864  .00000232  00000-0  10508-3 0  9999,2 42063  98.5690 261.8786 0001174  95.0355 265.0962 14.30820831382926
2024-07-06T05:29:04.835616+00:00,1 42063U 17013A   24188.22852819  .00000223  00000-0  10177-3 0  9993,2 42063  98.5690 262.2233 0001169  95.2233 264.9083 14.30820999382982
2024-07-06T12:11:52.610784+00:00,1 42063U 17013A   24188.50824781  .00000186  00000-0  87551-4 0  9990,2 42063  98.5690 262.4990 0001170  95.2843 264.8473 14.30820962383010
2024-07-06T12:11:52.610784+00:00,1 42063U 17013A   24188.50824781  .00000186  00000-0  87551-4 0  9990,2 42063  98.5690 262.4990 0001170  95.2843 264.8473 14.30820962383021
2024-07-06T18:54:40.382496+00:00,1 42063U 17013A   24188.78796739  .00000175  00000-0  83434-4 0  9995,2 42063  98.5690 262.7748 0001169  95.4549 264.6767 14.30821090383069
2024-07-06T20:35:22.323264+00:00,1 42063U 17013A   24188.85789726  .00000191  00000-0  89445-4 0  9997,2 42063  98.5690 262.8437 0001168  95.4827 264.6489 14.30821208383065
2024-07-07T04:58:52.033152+00:00,1 42063U 17013A   24189.20754668  .00000188  00000-0  88541-4 0  9996,2 42063  98.5689 263.1884 0001166  95.6081 264.5234 14.30821401383124
2024-07-07T10:00:57.860640+00:00,1 42063U 17013A   24189.41733635  .00000186  00000-0  87477-4 0  9995,2 42063  98.5690 263.3952 0001169  95.5164 264.6152 14.30821481383159
2024-07-07T13:22:21.739584+00:00,1 42063U 17013A   24189.55719606  .00000200  00000-0  93071-4 0  9996,2 42063  98.5690 263.5331 0001172  95.4123 264.7194 14.30821656383162
2024-07-07T20:05:09.505248+00:00,1 42063U 17013A   24189.83691557  .00000209  00000-0  96511-4 0  9992,2 42063  98.5689 263.8088 0001169  95.5382 264.5934 14.30821841383218
2024-07-07T21:45:51.446016+00:00,1 42063U 17013A   24189.90684544  .00000217  00000-0  99304-4 0  9990,2 42063  98.5689 263.8778 0001171  95.4745 264.6571 14.30821889383220
2024-07-08T11:11:26.962656+00:00,1 42063U 17013A   24190.46628429  .00000203  00000-0  94057-4 0  9998,2 42063  98.5689 264.4293 0001173  95.5466 264.5851 14.30822142383304
2024-07-08T12:52:08.901696+00:00,1 42063U 17013A   24190.53621414  .00000201  00000-0  93198-4 0  9996,2 42063  98.5689 264.4982 0001175  95.4921 264.6396 14.30822182383305
2024-07-08T19:34:56.654400+00:00,1 42063U 17013A   24190.81593350  .00000211  00000-0  97272-4 0  9992,2 42063  98.5689 264.7740 0001174  95.5591 264.5726 14.30822396383351
2024-07-08T21:15:38.592576+00:00,1 42063U 17013A   24190.88586334  .00000213  00000-0  97950-4 0  9998,2 42063  98.5689 264.8429 0001174  95.5104 264.6213 14.30822433383350
2024-07-09T03:58:26.342688+00:00,1 42063U 17013A   24191.16558267  .00000203  00000-0  94066-4 0  9998,2 42063  98.5688 265.1186 0001167  95.5043 264.6273 14.30822527383403
2024-07-09T12:21:56.027520+00:00,1 42063U 17013A   24191.51523180  .00000204  00000-0  94590-4 0  9996,2 42063  98.5688 265.4633 0001173  95.6976 264.4341 14.30822729383459
2024-07-09T14:02:37.963968+00:00,1 42063U 17013A   24191.58516162  .00000201  00000-0  93141-4 0  9993,2 42063  98.5688 265.5323 0001173  95.6747 264.4570 14.30822766383457
2024-07-09T19:04:43.771584+00:00,1 42063U 17013A   24191.79495106  .00000194  00000-0  90797-4 0  9995,2 42063  98.5688 265.7391 0001173  95.8084 264.3233 14.30822858383491
2024-07-09T22:26:07.642752+00:00,1 42063U 17013A   24191.93481068  .00000208  00000-0  96004-4 0  9996,2 42063  98.5688 265.8769 0001175  95.7580 264.3737 14.30822971383500
2024-07-10T05:08:55.385952+00:00,1 42063U 17013A   24192.21452993  .00000207  00000-0  95788-4 0  9990,2 42063  98.5687 266.1527 0001174  95.7538 264.3779 14.30823130383556
2024-07-10T11:51:43.121376+00:00,1 42063U 17013A   24192.49424909  .00000215  00000-0  98706-4 0  9998,2 42063  98.5687 266.4284 0001176  95.6985 264.4332 14.30823316383592
2024-07-10T13:32:25.055232+00:00,1 42063U 17013A   24192.56417888  .00000212  00000-0  97538-4 0  9993,2 42063  98.5687 266.4973 0001177  95.6251 264.5066 14.30823352383599
2024-07-10T20:15:12.787200+00:00,1 42063U 17013A   24192.84389800  .00000206  00000-0  95182-4 0  9992,2 42063  98.5687 266.7731 0001176  95.7522 264.3795 14.30823480383640
2024-07-10T21:55:54.721920+00:00,1 42063U 17013A   24192.91382780  .00000209  00000-0  96488-4 0  9993,2 42063  98.5687 266.8420 0001182  95.6865 264.4452 14.30823513383640
2024-07-11T04:38:42.454752+00:00,1 42063U 17013A   24193.19354693  .00000213  00000-0  97792-4 0  9990,2 42063  98.5686 267.1178 0001178  95.7322 264.3995 14.30823703383694
2024-07-11T13:02:12.117984+00:00,1 42063U 17013A   24193.54319581  .00000200  00000-0  92801-4 0  9998,2 42063  98.5686 267.4624 0001180  95.9236 264.2082 14.30823839383733
2024-07-11T16:23:35.980512+00:00,1 42063U 17013A   24193.68305533  .00000199  00000-0  92429-4 0  9998,2 42063  98.5686 267.6003 0001180  95.9241 264.2076 14.30823922383750
2024-07-11T16:23:35.980512+00:00,1 42063U 17013A   24193.68305533  .00000199  00000-0  92429-4 0  9998,2 42063  98.5686 267.6003 0001180  95.9241 264.2076 14.30823922383761
2024-07-12T10:51:17.805024+00:00,1 42063U 17013A   24194.45228941  .00000105  00000-0  56534-4 0  9995,2 42063  98.5685 268.3584 0001182  94.3050 265.8268 14.30811630383870
2024-07-12T12:31:59.788992+00:00,1 42063U 17013A   24194.52221978  .00000104  00000-0  56403-4 0  9990,2 42063  98.5685 268.4273 0001184  94.2885 265.8434 14.30811674383876
2024-07-12T19:14:47.715360+00:00,1 42063U 17013A   24194.80194115  .00000099  00000-0  54306-4 0  9996,2 42063  98.5684 268.7031 0001179  93.9814 266.1504 14.30811881383920
2024-07-12T20:55:29.695872+00:00,1 42063U 17013A   24194.87187148  .00000099  00000-0  54267-4 0  9997,2 42063  98.5684 268.7720 0001174  93.9009 266.2308 14.30811952383928
2024-07-13T05:18:59.601888+00:00,1 42063U 17013A   24195.22152317  .00000099  00000-0  54521-4 0  9990,2 42063  98.5684 269.1167 0001170  94.2424 265.8892 14.30812126383982
2024-07-13T12:01:47.524800+00:00,1 42063U 17013A   24195.50124450  .00000104  00000-0  56181-4 0  9999,2 42063  98.5685 269.3925 0001166  93.7594 266.3722 14.30812280384029
2024-07-13T13:42:29.505312+00:00,1 42063U 17013A   24195.57117483  .00000103  00000-0  55915-4 0  9997,2 42063  98.5685 269.4614 0001166  93.6100 266.5216 14.30812317384028
2024-07-13T20:25:17.425632+00:00,1 42063U 17013A   24195.85089613  .00000120  00000-0  62389-4 0  9993,2 42063  98.5684 269.7371 0001168  93.5253 266.6063 14.30812510384071
2024-07-13T22:05:59.405280+00:00,1 42063U 17013A   24195.92082645  .00000120  00000-0  62309-4 0  9991,2 42063  98.5684 269.8061 0001167  93.3186 266.8130 14.30812538384077
2024-07-14T04:48:47.325600+00:00,1 42063U 17013A   24196.20054775  .00000113  00000-0  59774-4 0  9990,2 42063  98.5684 270.0818 0001168  93.2199 266.9117 14.30812638384128
2024-07-14T11:31:35.222592+00:00,1 42063U 17013A   24196.48026878  .00000284  00000-0  12518-3 0  9996,2 42063  98.5685 270.3576 0001166  93.0849 267.0467 14.30813301384163
2024-07-14T13:12:17.199648+00:00,1 42063U 17013A   24196.55019907  .00000283  00000-0  12460-3 0  9994,2 42063  98.5685 270.4265 0001165  93.0584 267.0732 14.30813343384165
2024-07-14T19:55:05.103552+00:00,1 42063U 17013A   24196.82992018  .00000276  00000-0  12195-3 0  9994,2 42063  98.5684 270.7022 0001158  93.2313 266.9002 14.30813504384215
2024-07-14T21:35:47.080608+00:00,1 42063U 17013A   24196.89985047  .00000275  00000-0  12155-3 0  9990,2 42063  98.5684 270.7712 0001159  93.2268 266.9047 14.30813534384213
2024-07-15T04:18:34.985376+00:00,1 42063U 17013A   24197.17957159  .00000289  00000-0  12691-3 0  9995,2 42063  98.5684 271.0469 0001160  93.4544 266.6771 14.30813771384266
2024-07-15T11:01:22.892736+00:00,1 42063U 17013A   24197.45929274  .00000281  00000-0  12403-3 0  9996,2 42063  98.5684 271.3226 0001162  93.6282 266.5034 14.30813895384306
2024-07-15T12:42:04.868064+00:00,1 42063U 17013A   24197.52922301  .00000282  00000-0  12427-3 0  9995,2 42063  98.5684 271.3915 0001162  93.5854 266.5462 14.30813945384306
2024-07-15T19:24:52.761600+00:00,1 42063U 17013A   24197.80894400  .00000227  00000-0  10340-3 0  9995,2 42063  98.5684 271.6673 0001157  93.6951 266.4364 14.30813849384351
2024-07-15T21:05:34.736064+00:00,1 42063U 17013A   24197.87887426  .00000228  00000-0  10360-3 0  9995,2 42063  98.5684 271.7362 0001157  93.6704 266.4611 14.30813885384358
2024-07-16T05:29:04.588512+00:00,1 42063U 17013A   24198.22852533  .00000262  00000-0  11657-3 0  9994,2 42063  98.5684 272.0808 0001154  93.8925 266.2390 14.30814312384416
2024-07-16T12:11:52.476000+00:00,1 42063U 17013A   24198.50824625  .00000256  00000-0  11425-3 0  9992,2 42063  98.5684 272.3566 0001160  93.8866 266.2449 14.30814462384445
2024-07-16T12:11:52.476000+00:00,1 42063U 17013A   24198.50824625  .00000256  00000-0  11425-3 0  9992,2 42063  98.5684 272.3566 0001160  93.8866 266.2449 14.30814462384456
2024-07-16T18:54:40.360032+00:00,1 42063U 17013A   24198.78796713  .00000249  00000-0  11165-3 0  9991,2 42063  98.5684 272.6323 0001157  93.9422 266.1893 14.30814617384493
2024-07-16T20:35:22.325856+00:00,1 42063U 17013A   24198.85789729  .00000263  00000-0  11713-3 0  9993,2 42063  98.5684 272.7012 0001155  93.9329 266.1986 14.30814741384494
2024-07-17T04:58:52.178304+00:00,1 42063U 17013A   24199.20754836  .00000270  00000-0  11958-3 0  9993,2 42063  98.5684 273.0459 0001152  94.1128 266.0186 14.30814991384555
2024-07-17T11:41:40.050240+00:00,1 42063U 17013A   24199.48726910  .00000391  00000-0  16588-3 0  9993,2 42063  98.5684 273.3216 0001155  94.0661 266.0654 14.30815805384592
2024-07-17T13:22:22.016928+00:00,1 42063U 17013A   24199.55719927  .00000393  00000-0  16641-3 0  9993,2 42063  98.5684 273.3905 0001156  93.9827 266.1488 14.30815876384594
2024-07-17T20:05:09.886272+00:00,1 42063U 17013A   24199.83691998  .00000378  00000-0  16094-3 0  9996,2 42063  98.5684 273.6663 0001153  94.1210 266.0105 14.30815993384645
2024-07-17T21:45:51.852096+00:00,1 42063U 17013A   24199.90685014  .00000380  00000-0  16156-3 0  9998,2 42063  98.5684 273.7352 0001155  94.1330 265.9985 14.30816045384649
2024-07-18T11:11:27.581280+00:00,1 42063U 17013A   24200.46629145  .00000385  00000-0  16346-3 0  9991,2 42063  98.5684 274.2866 0001161  94.4354 265.6962 14.30816475384730
2024-07-18T12:52:09.547968+00:00,1 42063U 17013A   24200.53622162  .00000397  00000-0  16794-3 0  9991,2 42063  98.5684 274.3556 0001162  94.2454 265.8862 14.30816602384730
2024-07-18T19:34:57.401760+00:00,1 42063U 17013A   24200.81594215  .00000398  00000-0  16860-3 0  9994,2 42063  98.5684 274.6313 0001158  94.2480 265.8835 14.30816825384780
2024-07-18T21:15:39.366720+00:00,1 42063U 17013A   24200.88587230  .00000406  00000-0  17168-3 0  9992,2 42063  98.5683 274.7002 0001158  94.2276 265.9040 14.30816903384784
2024-07-19T03:58:27.220512+00:00,1 42063U 17013A   24201.16559283  .00000418  00000-0  17593-3 0  9996,2 42063  98.5683 274.9759 0001155  94.4373 265.6942 14.30817156384837
2024-07-19T12:21:57.025440+00:00,1 42063U 17013A   24201.51524335  .00000334  00000-0  14401-3 0  9997,2 42063  98.5683 275.3206 0001158  94.6545 265.4770 14.30816983384873
2024-07-19T12:21:57.025440+00:00,1 42063U 17013A   24201.51524335  .00000334  00000-0  14401-3 0  9997,2 42063  98.5683 275.3206 0001158  94.6545 265.4770 14.30816983384884
2024-07-19T19:04:44.867136+00:00,1 42063U 17013A   24201.79496374  .00000328  00000-0  14195-3 0  9991,2 42063  98.5683 275.5963 0001153  94.7306 265.4008 14.30817185384921
2024-07-19T22:26:08.781504+00:00,1 42063U 17013A   24201.93482386  .00000341  00000-0  14669-3 0  9996,2 42063  98.5683 275.7342 0001153  94.7102 265.4213 14.30817355384936
2024-07-20T05:08:56.617152+00:00,1 42063U 17013A   24202.21454418  .00000339  00000-0  14595-3 0  9998,2 42063  98.5683 276.0099 0001148  94.7622 265.3692 14.30817594384980
2024-07-20T11:51:44.447616+00:00,1 42063U 17013A   24202.49426444  .00000382  00000-0  16241-3 0  9994,2 42063  98.5683 276.2856 0001151  94.7131 265.4183 14.30818036385026
2024-07-20T13:32:26.403936+00:00,1 42063U 17013A   24202.56419449  .00000381  00000-0  16201-3 0  9994,2 42063  98.5683 276.3546 0001151  94.6750 265.4564 14.30818099385021
2024-07-20T20:15:14.230944+00:00,1 42063U 17013A   24202.84391471  .00000383  00000-0  16268-3 0  9994,2 42063  98.5683 276.6303 0001148  94.6450 265.4864 14.30818319385071
2024-07-20T21:55:56.187264+00:00,1 42063U 17013A   24202.91384476  .00000384  00000-0  16326-3 0  9995,2 42063  98.5683 276.6992 0001148  94.6220 265.5094 14.30818374385077
2024-07-21T02:58:02.051040+00:00,1 42063U 17013A   24203.12363485  .00000386  00000-0  16371-3 0  9998,2 42063  98.5683 276.9060 0001144  94.6056 265.5258 14.30818571385115
2024-07-21T11:21:31.827456+00:00,1 42063U 17013A   24203.47328504  .00000403  00000-0  17028-3 0  9999,2 42063  98.5683 277.2507 0001142  94.6630 265.4683 14.30818911385165
2024-07-21T13:02:13.780320+00:00,1 42063U 17013A   24203.54321505  .00000404  00000-0  17062-3 0  9990,2 42063  98.5683 277.3196 0001145  94.5674 265.5639 14.30818992385161
2024-07-21T19:45:01.591776+00:00,1 42063U 17013A   24203.82293509  .00000416  00000-0  17525-3 0  9990,2 42063  98.5683 277.5953 0001141  94.6242 265.5072 14.30819277385216
2024-07-21T21:25:43.543776+00:00,1 42063U 17013A   24203.89286509  .00000423  00000-0  17799-3 0  9990,2 42063  98.5683 277.6643 0001142  94.6170 265.5143 14.30819349385213
2024-07-22T04:08:31.349184+00:00,1 42063U 17013A   24204.17258506  .00000401  00000-0  16965-3 0  9998,2 42063  98.5682 277.9400 0001138  94.6249 265.5063 14.30819489385269
2024-07-22T12:32:01.103136+00:00,1 42063U 17013A   24204.52223499  .00000415  00000-0  17499-3 0  9998,2 42063  98.5683 278.2846 0001144  94.5561 265.5753 14.30819863385319
2024-07-22T17:34:06.947904+00:00,1 42063U 17013A   24204.73202486  .00000419  00000-0  17654-3 0  9991,2 42063  98.5682 278.4914 0001144  94.5673 265.5641 14.30820089385341
2024-07-22T20:55:30.848448+00:00,1 42063U 17013A   24204.87188482  .00000422  00000-0  17773-3 0  9991,2 42063  98.5682 278.6293 0001145  94.5749 265.5565 14.30820192385359
2024-07-23T03:38:18.638304+00:00,1 42063U 17013A   24205.15160461  .00000426  00000-0  17921-3 0  9999,2 42063  98.5682 278.9050 0001142  94.3920 265.7393 14.30820464385408
2024-07-23T12:01:48.380160+00:00,1 42063U 17013A   24205.50125440  .00000431  00000-0  18101-3 0  9993,2 42063  98.5682 279.2496 0001149  94.2977 265.8337 14.30820790385450
2024-07-23T13:42:30.324384+00:00,1 42063U 17013A   24205.57118431  .00000429  00000-0  18036-3 0  9996,2 42063  98.5682 279.3185 0001149  94.3660 265.7655 14.30820858385453
2024-07-23T20:25:18.109920+00:00,1 42063U 17013A   24205.85090405  .00000418  00000-0  17598-3 0  9997,2 42063  98.5682 279.5942 0001147  94.3938 265.7375 14.30821025385504
2024-07-23T22:06:00.054144+00:00,1 42063U 17013A   24205.92083396  .00000413  00000-0  17433-3 0  9999,2 42063  98.5682 279.6632 0001147  94.3682 265.7632 14.30821069385501
2024-07-24T04:48:47.838816+00:00,1 42063U 17013A   24206.20055369  .00000380  00000-0  16153-3 0  9991,2 42063  98.5681 279.9389 0001146  94.5285 265.6029 14.30821105385557
2024-07-24T11:31:35.619168+00:00,1 42063U 17013A   24206.48027337  .00000383  00000-0  16285-3 0  9994,2 42063  98.5681 280.2145 0001150  94.7299 265.4016 14.30821297385594
2024-07-24T13:12:17.561664+00:00,1 42063U 17013A   24206.55020326  .00000383  00000-0  16256-3 0  9991,2 42063  98.5681 280.2835 0001151  94.6790 265.4524 14.30821363385594
2024-07-24T19:55:05.338560+00:00,1 42063U 17013A   24206.82992290  .00000363  00000-0  15506-3 0  9994,2 42063  98.5681 280.5592 0001151  94.7046 265.4268 14.30821472385644
2024-07-24T21:35:47.280192+00:00,1 42063U 17013A   24206.89985278  .00000368  00000-0  15705-3 0  9995,2 42063  98.5681 280.6281 0001152  94.6538 265.4777 14.30821544385641
2024-07-25T04:18:35.054496+00:00,1 42063U 17013A   24207.17957239  .00000347  00000-0  14884-3 0  9997,2 42063  98.5680 280.9038 0001149  94.8957 265.2357 14.30821652385693
2024-07-25T05:59:16.996128+00:00,1 42063U 17013A   24207.24950227  .00000346  00000-0  14863-3 0  9991,2 42063  98.5680 280.9727 0001150  94.9733 265.1582 14.30821702385698
2024-07-25T11:01:22.818432+00:00,1 42063U 17013A   24207.45929188  .00000351  00000-0  15041-3 0  9991,2 42063  98.5680 281.1795 0001151  95.0191 265.1123 14.30821875385734
2024-07-25T19:24:52.520544+00:00,1 42063U 17013A   24207.80894121  .00000255  00000-0  11389-3 0  9992,2 42063  98.5680 281.5242 0001147  95.3810 264.7504 14.30821653385788
2024-07-25T21:05:34.460448+00:00,1 42063U 17013A   24207.87887107  .00000255  00000-0  11399-3 0  9996,2 42063  98.5680 281.5931 0001147  95.4174 264.7139 14.30821695385787
2024-07-26T03:48:22.210560+00:00,1 42063U 17013A   24208.15859040  .00000279  00000-0  12292-3 0  9992,2 42063  98.5679 281.8688 0001144  95.4828 264.6485 14.30822066385832
2024-07-26T12:11:51.904896+00:00,1 42063U 17013A   24208.50823964  .00000255  00000-0  11392-3 0  9991,2 42063  98.5679 282.2134 0001147  95.4903 264.6411 14.30822202385886
2024-07-26T13:52:33.842208+00:00,1 42063U 17013A   24208.57816947  .00000253  00000-0  11319-3 0  9998,2 42063  98.5679 282.2824 0001149  95.5555 264.5759 14.30822258385883
2024-07-26T18:54:39.655008+00:00,1 42063U 17013A   24208.78795897  .00000246  00000-0  11056-3 0  9991,2 42063  98.5679 282.4891 0001146  95.6147 264.5166 14.30822378385924
2024-07-26T22:16:03.528768+00:00,1 42063U 17013A   24208.92781862  .00000245  00000-0  10994-3 0  9993,2 42063  98.5679 282.6270 0001148  95.6112 264.5202 14.30822456385930
2024-07-27T04:58:51.281472+00:00,1 42063U 17013A   24209.20753798  .00000237  00000-0  10718-3 0  9997,2 42063  98.5678 282.9027 0001149  95.6725 264.4589 14.30822604385980
2024-07-27T06:39:33.218784+00:00,1 42063U 17013A   24209.27746781  .00000235  00000-0  10616-3 0  9993,2 42063  98.5678 282.9716 0001150  95.7105 264.4209 14.30822639385987
2024-07-27T11:41:39.028992+00:00,1 42063U 17013A   24209.48725728  .00000228  00000-0  10370-3 0  9993,2 42063  98.5678 283.1784 0001152  95.5379 264.5936 14.30822739386023
2024-07-27T21:45:50.643360+00:00,1 42063U 17013A   24209.90683615  .00000241  00000-0  10844-3 0  9999,2 42063  98.5678 283.5920 0001151  95.7089 264.4225 14.30823061386072
2024-07-28T04:28:38.393472+00:00,1 42063U 17013A   24210.18655548  .00000232  00000-0  10524-3 0  9990,2 42063  98.5677 283.8677 0001148  95.7472 264.3842 14.30823178386124
2024-07-28T11:11:26.124576+00:00,1 42063U 17013A   24210.46627459  .00000231  00000-0  10462-3 0  9991,2 42063  98.5677 284.1434 0001150  95.8191 264.3123 14.30823377386168
2024-07-28T19:34:55.791264+00:00,1 42063U 17013A   24210.81592351  .00000227  00000-0  10320-3 0  9990,2 42063  98.5677 284.4880 0001150  95.8063 264.3251 14.30823582386210
2024-07-28T21:15:37.725984+00:00,1 42063U 17013A   24210.88585331  .00000261  00000-0  11609-3 0  9996,2 42063  98.5677 284.5569 0001149  95.8035 264.3279 14.30823787386219
2024-07-29T03:58:25.453632+00:00,1 42063U 17013A   24211.16557238  .00000266  00000-0  11826-3 0  9999,2 42063  98.5676 284.8326 0001142  95.8933 264.2381 14.30824003386262
2024-07-29T12:21:55.116864+00:00,1 42063U 17013A   24211.51522126  .00000274  00000-0  12104-3 0  9995,2 42063  98.5677 285.1773 0001145  95.9588 264.1726 14.30824228386309
2024-07-29T12:21:55.116864+00:00,1 42063U 17013A   24211.51522126  .00000274  00000-0  12104-3 0  9995,2 42063  98.5677 285.1773 0001145  95.9588 264.1726 14.30824228386310
2024-07-29T19:04:42.837600+00:00,1 42063U 17013A   24211.79494025  .00000275  00000-0  12172-3 0  9997,2 42063  98.5676 285.4530 0001142  96.1685 263.9628 14.30824415386351
2024-07-29T22:26:06.701856+00:00,1 42063U 17013A   24211.93479979  .00000280  00000-0  12329-3 0  9994,2 42063  98.5676 285.5908 0001141  96.2194 263.9118 14.30824484386367
2024-07-30T05:08:54.419136+00:00,1 42063U 17013A   24212.21451874  .00000279  00000-0  12292-3 0  9997,2 42063  98.5676 285.8665 0001138  96.2133 263.9180 14.30824678386419
2024-07-30T11:51:42.123456+00:00,1 42063U 17013A   24212.49423754  .00000304  00000-0  13246-3 0  9992,2 42063  98.5676 286.1422 0001145  96.0816 264.0497 14.30825035386453
2024-07-30T13:32:24.050400+00:00,1 42063U 17013A   24212.56416725  .00000301  00000-0  13148-3 0  9998,2 42063  98.5676 286.2112 0001145  96.0835 264.0478 14.30825082386452
2024-07-30T20:15:11.772864+00:00,1 42063U 17013A   24212.84388626  .00000302  00000-0  13191-3 0  9996,2 42063  98.5676 286.4868 0001146  96.1233 264.0081 14.30825202386506
2024-07-30T21:55:53.699808+00:00,1 42063U 17013A   24212.91381597  .00000302  00000-0  13187-3 0  9999,2 42063  98.5676 286.5558 0001146  96.1701 263.9613 14.30825239386502
2024-07-31T04:38:41.411904+00:00,1 42063U 17013A   24213.19353486  .00000311  00000-0  13535-3 0  9993,2 42063  98.5675 286.8315 0001145  96.1304 264.0009 14.30825449386552
2024-07-31T11:21:29.133504+00:00,1 42063U 17013A   24213.47325386  .00000255  00000-0  11407-3 0  9995,2 42063  98.5676 287.1072 0001148  96.1687 263.9627 14.30825268386591
2024-07-31T14:42:52.985664+00:00,1 42063U 17013A   24213.61311326  .00000259  00000-0  11531-3 0  9992,2 42063  98.5676 287.2450 0001150  96.0666 264.0648 14.30825382386605
2024-07-31T19:44:58.752672+00:00,1 42063U 17013A   24213.82290223  .00000299  00000-0  13055-3 0  9994,2 42063  98.5675 287.4518 0001151  96.0457 264.0857 14.30825740386644
2024-07-31T23:06:22.598784+00:00,1 42063U 17013A   24213.96276156  .00000313  00000-0  13588-3 0  9996,2 42063  98.5675 287.5896 0001152  96.1285 264.0029 14.30825875386656
2024-08-01T04:08:28.369248+00:00,1 42063U 17013A   24214.17255057  .00000317  00000-0  13759-3 0  9991,2 42063  98.5675 287.7964 0001149  96.1495 263.9819 14.30826048386695
2024-08-01T12:31:58.011744+00:00,1 42063U 17013A   24214.52219921  .00000297  00000-0  12981-3 0  9993,2 42063  98.5675 288.1410 0001152  96.1798 263.9516 14.30826058386736
2024-08-01T12:31:58.011744+00:00,1 42063U 17013A   24214.52219921  .00000297  00000-0  12981-3 0  9993,2 42063  98.5675 288.1410 0001152  96.1798 263.9516 14.30826058386747
2024-08-01T17:34:03.781344+00:00,1 42063U 17013A   24214.73198821  .00000294  00000-0  12891-3 0  9998,2 42063  98.5675 288.3477 0001150  96.2800 263.8514 14.30826197386768
2024-08-01T17:34:03.781344+00:00,1 42063U 17013A   24214.73198821  .00000294  00000-0  12891-3 0  9998,2 42063  98.5675 288.3477 0001150  96.2800 263.8514 14.30826197386779
2024-08-02T12:01:45.903072+00:00,1 42063U 17013A   24215.50122573  .00000320  00000-0  13870-3 0  9993,2 42063  98.5675 289.1059 0001202  92.9830 267.1491 14.30807443386884
2024-08-02T13:42:27.904320+00:00,1 42063U 17013A   24215.57115630  .00000320  00000-0  13888-3 0  9995,2 42063  98.5675 289.1748 0001202  93.0322 267.0998 14.30807497386887
2024-08-02T20:25:15.903264+00:00,1 42063U 17013A   24215.85087851  .00000310  00000-0  13498-3 0  9995,2 42063  98.5675 289.4505 0001195  93.3352 266.7967 14.30807571386939
2024-08-02T22:05:57.904512+00:00,1 42063U 17013A   24215.92080908  .00000310  00000-0  13504-3 0  9997,2 42063  98.5675 289.5194 0001194  93.3170 266.8149 14.30807612386930
2024-08-03T04:48:45.912960+00:00,1 42063U 17013A   24216.20053140  .00000310  00000-0  13485-3 0  9995,2 42063  98.5675 289.7951 0001194  93.1593 266.9726 14.30807794386988
2024-08-03T11:31:33.916224+00:00,1 42063U 17013A   24216.48025366  .00000333  00000-0  14372-3 0  9995,2 42063  98.5675 290.0707 0001200  92.8778 267.2542 14.30808002387020
2024-08-03T14:52:57.914400+00:00,1 42063U 17013A   24216.62011475  .00000333  00000-0  14373-3 0  9998,2 42063  98.5675 290.2086 0001200  92.8541 267.2779 14.30808112387035
2024-08-03T19:55:03.901728+00:00,1 42063U 17013A   24216.82990627  .00000346  00000-0  14885-3 0  9997,2 42063  98.5675 290.4153 0001201  92.8635 267.2685 14.30808357387078
2024-08-03T21:35:45.899520+00:00,1 42063U 17013A   24216.89983680  .00000347  00000-0  14887-3 0  9998,2 42063  98.5675 290.4843 0001202  92.7933 267.3387 14.30808404387078
2024-08-04T04:18:33.893280+00:00,1 42063U 17013A   24217.17955895  .00000351  00000-0  15061-3 0  9997,2 42063  98.5674 290.7599 0001200  92.7514 267.3807 14.30808632387127
2024-08-04T11:01:21.876672+00:00,1 42063U 17013A   24217.45928098  .00000376  00000-0  16013-3 0  9998,2 42063  98.5674 291.0356 0001204  92.9595 267.1726 14.30808965387168
2024-08-04T12:42:03.872736+00:00,1 42063U 17013A   24217.52921149  .00000376  00000-0  16014-3 0  9997,2 42063  98.5674 291.1045 0001205  92.9261 267.2059 14.30809024387162
2024-08-04T19:24:51.799104+00:00,1 42063U 17013A   24217.80893286  .00000461  00000-0  19241-3 0  9998,2 42063  98.5674 291.3802 0001199  93.0893 267.0427 14.30809978387211
2024-08-04T22:46:15.780000+00:00,1 42063U 17013A   24217.94879375  .00000460  00000-0  19212-3 0  9993,2 42063  98.5674 291.5181 0001198  93.2291 266.9029 14.30810095387225
2024-08-05T05:29:03.814368+00:00,1 42063U 17013A   24218.22851637  .00000377  00000-0  16063-3 0  9994,2 42063  98.5673 291.7937 0001197  93.2208 266.9112 14.30809661387277
2024-08-05T12:11:51.783936+00:00,1 42063U 17013A   24218.50823824  .00000337  00000-0  14505-3 0  9997,2 42063  98.5673 292.0694 0001197  93.1777 266.9543 14.30809658387310
2024-08-05T18:54:39.748320+00:00,1 42063U 17013A   24218.78796005  .00000332  00000-0  14318-3 0  9994,2 42063  98.5673 292.3451 0001196  93.2263 266.9057 14.30809871387355
2024-08-05T22:16:03.729216+00:00,1 42063U 17013A   24218.92782094  .00000316  00000-0  13731-3 0  9993,2 42063  98.5673 292.4829 0001194  93.2617 266.8702 14.30809895387369
2024-08-06T04:58:51.691008+00:00,1 42063U 17013A   24219.20754272  .00000322  00000-0  13951-3 0  9993,2 42063  98.5672 292.7586 0001190  93.2128 266.9191 14.30810157387416
2024-08-06T11:41:39.649344+00:00,1 42063U 17013A   24219.48726446  .00000314  00000-0  13653-3 0  9995,2 42063  98.5672 293.0343 0001190  93.2946 266.8373 14.30810304387458
2024-08-06T13:22:21.638496+00:00,1 42063U 17013A   24219.55719489  .00000313  00000-0  13595-3 0  9996,2 42063  98.5672 293.1032 0001189  93.3079 266.8240 14.30810354387458
2024-08-06T20:05:09.586464+00:00,1 42063U 17013A   24219.83691651  .00000307  00000-0  13377-3 0  9998,2 42063  98.5672 293.3789 0001184  93.3794 266.7524 14.30810556387502
2024-08-06T21:45:51.574752+00:00,1 42063U 17013A   24219.90684693  .00000304  00000-0  13280-3 0  9994,2 42063  98.5671 293.4478 0001185  93.3546 266.7772 14.30810599387505
2024-08-07T02:47:57.535296+00:00,1 42063U 17013A   24220.11663814  .00000302  00000-0  13190-3 0  9999,2 42063  98.5671 293.6545 0001181  93.4768 266.6550 14.30810756387547
2024-08-07T11:11:27.472416+00:00,1 42063U 17013A   24220.46629019  .00000314  00000-0  13658-3 0  9998,2 42063  98.5671 293.9991 0001183  93.4792 266.6527 14.30811076387599
2024-08-07T12:52:09.454656+00:00,1 42063U 17013A   24220.53622054  .00000331  00000-0  14294-3 0  9994,2 42063  98.5671 294.0681 0001183  93.5251 266.6067 14.30811250387591
2024-08-07T19:34:57.387072+00:00,1 42063U 17013A   24220.81594198  .00000327  00000-0  14137-3 0  9993,2 42063  98.5670 294.3437 0001180  93.5595 266.5723 14.30811476387633
2024-08-07T19:34:57.387072+00:00,1 42063U 17013A   24220.81594198  .00000327  00000-0  14137-3 0  9993,2 42063  98.5670 294.3437 0001180  93.5595 266.5723 14.30811476387644
2024-08-08T12:21:57.212928+00:00,1 42063U 17013A   24221.51524552  .00000441  00000-0  18494-3 0  9995,2 42063  98.5669 295.0329 0001175  93.3717 266.7600 14.30812636387733
2024-08-08T19:04:45.125472+00:00,1 42063U 17013A   24221.79496673  .00000436  00000-0  18286-3 0  9990,2 42063  98.5669 295.3085 0001170  93.4749 266.6567 14.30812904387780
2024-08-08T22:26:09.082176+00:00,1 42063U 17013A   24221.93482734  .00000431  00000-0  18108-3 0  9997,2 42063  98.5668 295.4464 0001169  93.5249 266.6068 14.30813009387799
2024-08-09T05:08:57.009408+00:00,1 42063U 17013A   24222.21454872  .00000461  00000-0  19257-3 0  9990,2 42063  98.5668 295.7220 0001166  93.4151 266.7165 14.30813376387842
2024-08-09T11:51:44.925408+00:00,1 42063U 17013A   24222.49426997  .00000462  00000-0  19295-3 0  9990,2 42063  98.5668 295.9977 0001168  93.2615 266.8701 14.30813604387883
2024-08-09T13:32:26.901600+00:00,1 42063U 17013A   24222.56420025  .00000463  00000-0  19313-3 0  9996,2 42063  98.5668 296.0666 0001170  93.1475 266.9841 14.30813683387889
2024-08-09T18:34:32.829312+00:00,1 42063U 17013A   24222.77399108  .00000460  00000-0  19209-3 0  9997,2 42063  98.5667 296.2733 0001165  93.2208 266.9109 14.30813859387921
2024-08-09T20:15:14.789952+00:00,1 42063U 17013A   24222.84392118  .00000524  00000-0  21662-3 0  9996,2 42063  98.5667 296.3422 0001164  93.1404 266.9912 14.30814314387922
2024-08-10T04:38:44.662272+00:00,1 42063U 17013A   24223.19357248  .00000441  00000-0  18481-3 0  9993,2 42063  98.5667 296.6868 0001164  93.1903 266.9413 14.30814199387986
2024-08-10T11:21:32.554944+00:00,1 42063U 17013A   24223.47329346  .00000448  00000-0  18747-3 0  9994,2 42063  98.5667 296.9625 0001166  93.0755 267.0562 14.30814463388023
2024-08-10T14:42:56.485728+00:00,1 42063U 17013A   24223.61315377  .00000480  00000-0  19978-3 0  9992,2 42063  98.5667 297.1003 0001166  92.9766 267.1551 14.30814839388033
2024-08-10T19:45:02.386656+00:00,1 42063U 17013A   24223.82294429  .00000514  00000-0  21275-3 0  9990,2 42063  98.5666 297.3070 0001164  93.0354 267.0962 14.30815264388073
2024-08-10T21:25:44.355072+00:00,1 42063U 17013A   24223.89287448  .00000514  00000-0  21284-3 0  9990,2 42063  98.5666 297.3759 0001166  92.9390 267.1927 14.30815342388076
2024-08-11T02:27:50.257728+00:00,1 42063U 17013A   24224.10266502  .00000525  00000-0  21698-3 0  9994,2 42063  98.5666 297.5826 0001172  93.0292 267.1025 14.30815624388110
2024-08-11T12:32:02.037120+00:00,1 42063U 17013A   24224.52224580  .00000651  00000-0  26494-3 0  9999,2 42063  98.5665 297.9961 0001170  93.2873 266.8443 14.30816780388178
2024-08-11T19:14:49.884864+00:00,1 42063U 17013A   24224.80196626  .00000725  00000-0  29320-3 0  9992,2 42063  98.5665 298.2718 0001169  93.2633 266.8684 14.30817528388217
2024-08-11T20:55:31.844640+00:00,1 42063U 17013A   24224.87189635  .00000730  00000-0  29498-3 0  9993,2 42063  98.5665 298.3407 0001169  93.2572 266.8744 14.30817638388214
2024-08-12T05:19:01.659936+00:00,1 42063U 17013A   24225.22154699  .00000579  00000-0  23768-3 0  9990,2 42063  98.5664 298.6852 0001167  93.3942 266.7375 14.30817255388270
2024-08-12T12:01:49.393632+00:00,1 42063U 17013A   24225.50126613  .00000850  00000-0  34078-3 0  9994,2 42063  98.5664 298.9609 0001172  93.1974 266.9342 14.30819388388312
2024-08-12T13:42:31.343040+00:00,1 42063U 17013A   24225.57119610  .00000853  00000-0  34208-3 0  9998,2 42063  98.5664 299.0298 0001174  93.1518 266.9799 14.30819532388311
2024-08-12T20:25:19.075872+00:00,1 42063U 17013A   24225.85091523  .00001063  00000-0  42194-3 0  9998,2 42063  98.5664 299.3055 0001174  93.0327 267.0991 14.30821338388360
2024-08-12T22:06:01.016640+00:00,1 42063U 17013A   24225.92084510  .00001076  00000-0  42709-3 0  9990,2 42063  98.5664 299.3744 0001173  93.0354 267.0963 14.30821529388365
2024-08-13T04:48:48.947328+00:00,1 42063U 17013A   24226.20056652  .00000593  00000-0  24302-3 0  9990,2 42063  98.5663 299.6500 0001176  93.3417 266.7901 14.30818956388417
2024-08-13T11:31:36.709536+00:00,1 42063U 17013A   24226.48028599  .00000758  00000-0  30579-3 0  9995,2 42063  98.5663 299.9256 0001175  93.2749 266.8569 14.30820336388454
2024-08-13T13:12:18.655488+00:00,1 42063U 17013A   24226.55021592  .00000752  00000-0  30331-3 0  9999,2 42063  98.5663 299.9946 0001177  93.2258 266.9059 14.30820439388456
2024-08-13T19:55:06.437568+00:00,1 42063U 17013A   24226.82993562  .00000746  00000-0  30135-3 0  9999,2 42063  98.5663 300.2702 0001175  93.3243 266.8074 14.30820861388494
2024-08-13T19:55:06.437568+00:00,1 42063U 17013A   24226.82993562  .00000746  00000-0  30135-3 0  9999,2 42063  98.5663 300.2702 0001175  93.3243 266.8074 14.30820861388506
2024-08-16T20:05:09.577824+00:00,1 42063U 17013A   24229.83691641  .00000669  00000-0  27173-3 0  9998,2 42063  98.5661 303.2333 0001146  93.9994 266.1320 14.30825674388924
2024-08-16T20:05:09.577824+00:00,1 42063U 17013A   24229.83691641  .00000669  00000-0  27173-3 0  9998,2 42063  98.5661 303.2333 0001146  93.9994 266.1320 14.30825674388935
2024-08-17T04:28:39.209952+00:00,1 42063U 17013A   24230.18656493  .00000620  00000-0  25300-3 0  9991,2 42063  98.5661 303.5779 0001145  94.0423 266.0891 14.30825922388983
2024-08-17T11:11:26.882304+00:00,1 42063U 17013A   24230.46628336  .00000565  00000-0  23218-3 0  9991,2 42063  98.5661 303.8535 0001144  94.3049 265.8265 14.30826158389011
2024-08-17T11:11:26.882304+00:00,1 42063U 17013A   24230.46628336  .00000565  00000-0  23218-3 0  9991,2 42063  98.5661 303.8535 0001144  94.3049 265.8265 14.30826158389022
2024-08-17T19:34:56.476416+00:00,1 42063U 17013A   24230.81593144  .00000624  00000-0  25470-3 0  9996,2 42063  98.5660 304.1980 0001149  93.9795 266.1519 14.30827003389078
2024-08-17T21:15:38.394720+00:00,1 42063U 17013A   24230.88586105  .00000621  00000-0  25341-3 0  9996,2 42063  98.5660 304.2670 0001149  93.9918 266.1396 14.30827082389072
2024-08-18T03:58:26.064480+00:00,1 42063U 17013A   24231.16557945  .00000589  00000-0  24143-3 0  9990,2 42063  98.5660 304.5426 0001149  93.9772 266.1543 14.30827308389123
2024-08-18T10:41:13.730784+00:00,1 42063U 17013A   24231.44529781  .00000567  00000-0  23275-3 0  9999,2 42063  98.5660 304.8182 0001153  94.1073 266.0242 14.30827605389166
2024-08-18T19:04:43.310208+00:00,1 42063U 17013A   24231.79494572  .00000508  00000-0  21057-3 0  9997,2 42063  98.5660 305.1628 0001152  94.0980 266.0334 14.30827778389219
2024-08-18T20:45:25.222464+00:00,1 42063U 17013A   24231.86487526  .00000528  00000-0  21808-3 0  9992,2 42063  98.5660 305.2317 0001149  94.1344 265.9970 14.30827978389212
2024-08-19T05:08:54.794112+00:00,1 42063U 17013A   24232.21452308  .00000499  00000-0  20690-3 0  9997,2 42063  98.5659 305.5762 0001144  94.1435 265.9878 14.30828238389276
2024-08-19T11:51:42.438816+00:00,1 42063U 17013A   24232.49424119  .00000493  00000-0  20478-3 0  9994,2 42063  98.5659 305.8518 0001142  94.1577 265.9736 14.30828573389313
2024-08-19T13:32:24.349344+00:00,1 42063U 17013A   24232.56417071  .00000490  00000-0  20340-3 0  9996,2 42063  98.5659 305.9207 0001141  94.1884 265.9430 14.30828646389311
2024-08-19T20:15:11.991456+00:00,1 42063U 17013A   24232.84388879  .00000501  00000-0  20779-3 0  9999,2 42063  98.5659 306.1964 0001138  94.2984 265.8329 14.30829018389367
2024-08-20T04:38:41.532000+00:00,1 42063U 17013A   24233.19353625  .00000509  00000-0  21083-3 0  9996,2 42063  98.5658 306.5409 0001135  94.5579 265.5733 14.30829516389419
2024-08-20T11:21:29.166336+00:00,1 42063U 17013A   24233.47325424  .00000503  00000-0  20848-3 0  9995,2 42063  98.5658 306.8165 0001134  94.4980 265.6332 14.30829794389453
2024-08-20T14:42:52.977888+00:00,1 42063U 17013A   24233.61311317  .00000505  00000-0  20918-3 0  9997,2 42063  98.5658 306.9543 0001133  94.4230 265.7082 14.30829973389464
2024-08-20T19:44:58.692192+00:00,1 42063U 17013A   24233.82290153  .00000523  00000-0  21627-3 0  9992,2 42063  98.5658 307.1610 0001129  94.5990 265.5321 14.30830291389505
2024-08-21T04:08:28.212000+00:00,1 42063U 17013A   24234.17254875  .00000553  00000-0  22767-3 0  9991,2 42063  98.5657 307.5056 0001126  94.5940 265.5372 14.30830873389551
2024-08-21T12:31:57.737856+00:00,1 42063U 17013A   24234.52219604  .00000531  00000-0  21905-3 0  9990,2 42063  98.5657 307.8501 0001134  94.4683 265.6630 14.30831159389591
2024-08-21T12:31:57.737856+00:00,1 42063U 17013A   24234.52219604  .00000531  00000-0  21905-3 0  9990,2 42063  98.5657 307.8501 0001134  94.4683 265.6630 14.30831159389603
2024-08-21T17:34:03.440064+00:00,1 42063U 17013A   24234.73198426  .00000525  00000-0  21679-3 0  9992,2 42063  98.5656 308.0568 0001133  94.6351 265.4961 14.30831400389638
2024-08-21T19:14:45.339360+00:00,1 42063U 17013A   24234.80191365  .00000524  00000-0  21650-3 0  9993,2 42063  98.5656 308.1257 0001133  94.4647 265.6665 14.30831464389644
2024-08-22T05:18:56.739456+00:00,1 42063U 17013A   24235.22149004  .00000507  00000-0  21018-3 0  9992,2 42063  98.5656 308.5391 0001139  94.6362 265.4951 14.30831851389702
2024-08-22T12:01:44.333184+00:00,1 42063U 17013A   24235.50120756  .00000489  00000-0  20326-3 0  9996,2 42063  98.5655 308.8147 0001141  94.9263 265.2050 14.30832052389734
2024-08-22T17:03:50.022432+00:00,1 42063U 17013A   24235.71099563  .00000485  00000-0  20153-3 0  9994,2 42063  98.5655 309.0215 0001140  94.8397 265.2916 14.30832294389761
2024-08-22T17:03:50.022432+00:00,1 42063U 17013A   24235.71099563  .00000485  00000-0  20153-3 0  9994,2 42063  98.5655 309.0215 0001140  94.8397 265.2916 14.30832294389772
2024-08-23T04:48:44.146944+00:00,1 42063U 17013A   24236.20051096  .00000462  00000-0  19302-3 0  9997,2 42063  98.5654 309.5037 0001209  90.5574 269.5748 14.30807528389844
2024-08-23T11:31:32.154528+00:00,1 42063U 17013A   24236.48023327  .00000436  00000-0  18281-3 0  9999,2 42063  98.5654 309.7793 0001212  91.0547 269.0775 14.30807551389880
2024-08-23T13:12:14.154912+00:00,1 42063U 17013A   24236.55016383  .00000433  00000-0  18200-3 0  9999,2 42063  98.5654 309.8482 0001214  91.0839 269.0483 14.30807628389883
2024-08-23T18:14:20.153472+00:00,1 42063U 17013A   24236.75995548  .00000427  00000-0  17972-3 0  9998,2 42063  98.5654 310.0549 0001213  91.0446 269.0876 14.30807825389924
2024-08-24T04:18:32.146272+00:00,1 42063U 17013A   24237.17953873  .00000405  00000-0  17113-3 0  9993,2 42063  98.5653 310.4683 0001211  90.7654 269.3668 14.30808174389987
2024-08-24T11:01:20.136576+00:00,1 42063U 17013A   24237.45926084  .00000411  00000-0  17354-3 0  9992,2 42063  98.5653 310.7439 0001215  90.8441 269.2881 14.30808483390024
2024-08-24T12:42:02.133504+00:00,1 42063U 17013A   24237.52919136  .00000410  00000-0  17305-3 0  9995,2 42063  98.5653 310.8128 0001216  90.7409 269.3914 14.30808549390025
2024-08-24T19:24:50.116032+00:00,1 42063U 17013A   24237.80891338  .00000402  00000-0  17020-3 0  9994,2 42063  98.5652 311.0884 0001214  90.7136 269.4186 14.30808800390078
2024-08-24T21:05:32.110368+00:00,1 42063U 17013A   24237.87884387  .00000392  00000-0  16612-3 0  9991,2 42063  98.5652 311.1573 0001213  90.7577 269.3745 14.30808811390074
2024-08-25T05:29:02.087232+00:00,1 42063U 17013A   24238.22849638  .00000387  00000-0  16440-3 0  9994,2 42063  98.5651 311.5018 0001209  90.6781 269.4540 14.30809133390131
2024-08-25T12:11:50.063712+00:00,1 42063U 17013A   24238.50821833  .00000380  00000-0  16163-3 0  9997,2 42063  98.5651 311.7774 0001211  90.7549 269.3773 14.30809355390164
2024-08-25T12:11:50.063712+00:00,1 42063U 17013A   24238.50821833  .00000380  00000-0  16163-3 0  9997,2 42063  98.5651 311.7774 0001211  90.7549 269.3773 14.30809355390175
2024-08-25T18:54:38.033280+00:00,1 42063U 17013A   24238.78794020  .00000353  00000-0  15119-3 0  9994,2 42063  98.5651 312.0530 0001201  90.7546 269.3774 14.30809533390219
2024-08-25T22:16:02.019360+00:00,1 42063U 17013A   24238.92780115  .00000329  00000-0  14232-3 0  9998,2 42063  98.5650 312.1908 0001197  90.8138 269.3183 14.30809515390225
2024-08-26T04:58:49.990656+00:00,1 42063U 17013A   24239.20752304  .00000350  00000-0  15020-3 0  9999,2 42063  98.5650 312.4664 0001194  90.6838 269.4481 14.30809862390271
2024-08-26T11:41:37.954176+00:00,1 42063U 17013A   24239.48724484  .00000359  00000-0  15361-3 0  9994,2 42063  98.5650 312.7420 0001194  90.7121 269.4199 14.30810125390315
2024-08-26T13:22:19.943328+00:00,1 42063U 17013A   24239.55717527  .00000360  00000-0  15396-3 0  9992,2 42063  98.5650 312.8109 0001195  90.6629 269.4690 14.30810195390316
2024-08-26T20:05:07.896480+00:00,1 42063U 17013A   24239.83689695  .00000387  00000-0  16431-3 0  9997,2 42063  98.5649 313.0865 0001190  90.6655 269.4664 14.30810586390360
2024-08-26T21:45:49.884768+00:00,1 42063U 17013A   24239.90682737  .00000391  00000-0  16568-3 0  9991,2 42063  98.5649 313.1554 0001191  90.6515 269.4804 14.30810651390361
2024-08-27T04:28:37.845696+00:00,1 42063U 17013A   24240.18654914  .00000363  00000-0  15503-3 0  9996,2 42063  98.5649 313.4310 0001186  90.4905 269.6414 14.30810736390418
2024-08-27T11:11:25.797120+00:00,1 42063U 17013A   24240.46627080  .00000358  00000-0  15341-3 0  9995,2 42063  98.5649 313.7066 0001188  90.5328 269.5991 14.30810939390459
2024-08-27T12:52:07.782816+00:00,1 42063U 17013A   24240.53620119  .00000370  00000-0  15773-3 0  9992,2 42063  98.5649 313.7755 0001189  90.4499 269.6820 14.30811070390452
2024-08-27T19:34:55.722144+00:00,1 42063U 17013A   24240.81592271  .00000380  00000-0  16146-3 0  9996,2 42063  98.5648 314.0511 0001190  90.4898 269.6421 14.30811385390502
2024-08-27T21:15:37.707840+00:00,1 42063U 17013A   24240.88585310  .00000379  00000-0  16111-3 0  9999,2 42063  98.5648 314.1200 0001190  90.5356 269.5964 14.30811432390502
2024-08-28T03:58:25.639392+00:00,1 42063U 17013A   24241.16557453  .00000421  00000-0  17729-3 0  9992,2 42063  98.5648 314.3955 0001184  90.4646 269.6673 14.30811909390557
2024-08-28T10:41:13.571808+00:00,1 42063U 17013A   24241.44529597  .00000420  00000-0  17681-3 0  9997,2 42063  98.5648 314.6711 0001184  90.6392 269.4927 14.30812144390585
2024-08-28T22:26:07.439712+00:00,1 42063U 17013A   24241.93480833  .00000440  00000-0  18459-3 0  9996,2 42063  98.5647 315.1534 0001184  90.7439 269.3880 14.30812691390658
2024-08-29T05:08:55.362624+00:00,1 42063U 17013A   24242.21452966  .00000439  00000-0  18423-3 0  9993,2 42063  98.5647 315.4290 0001189  90.5861 269.5458 14.30812956390705
2024-08-29T11:51:43.273440+00:00,1 42063U 17013A   24242.49425085  .00000515  00000-0  21306-3 0  9994,2 42063  98.5647 315.7045 0001182  90.6699 269.4619 14.30813575390749
2024-08-29T20:15:13.158720+00:00,1 42063U 17013A   24242.84390230  .00000482  00000-0  20060-3 0  9995,2 42063  98.5647 316.0490 0001177  90.6871 269.4447 14.30813716390794
2024-08-29T21:55:55.134912+00:00,1 42063U 17013A   24242.91383258  .00000480  00000-0  19982-3 0  9994,2 42063  98.5647 316.1179 0001177  90.6916 269.4401 14.30813769390797
2024-08-30T04:38:43.052640+00:00,1 42063U 17013A   24243.19355385  .00000465  00000-0  19390-3 0  9991,2 42063  98.5647 316.3935 0001175  90.6678 269.4640 14.30813896390844
2024-08-30T11:21:30.951360+00:00,1 42063U 17013A   24243.47327490  .00000486  00000-0  20209-3 0  9992,2 42063  98.5647 316.6691 0001175  90.6504 269.4813 14.30814254390889
2024-08-30T13:02:12.924960+00:00,1 42063U 17013A   24243.54320515  .00000490  00000-0  20374-3 0  9999,2 42063  98.5647 316.7380 0001176  90.5668 269.5649 14.30814344390884
2024-08-30T19:45:00.803808+00:00,1 42063U 17013A   24243.82292597  .00000521  00000-0  21527-3 0  9994,2 42063  98.5646 317.0135 0001172  90.6161 269.5156 14.30814811390938
2024-08-30T21:25:42.774816+00:00,1 42063U 17013A   24243.89285619  .00000523  00000-0  21628-3 0  9992,2 42063  98.5646 317.0824 0001173  90.5775 269.5542 14.30814891390931
2024-08-31T04:08:30.575040+00:00,1 42063U 17013A   24244.17257610  .00000675  00000-0  27431-3 0  9990,2 42063  98.5646 317.3580 0001171  90.5053 269.6264 14.30816314390989
2024-08-31T10:51:18.529056+00:00,1 42063U 17013A   24244.45229779  .00000505  00000-0  20918-3 0  9991,2 42063  98.5646 317.6336 0001172  90.8477 269.2840 14.30815420391024
2024-08-31T12:32:00.497472+00:00,1 42063U 17013A   24244.52222798  .00000505  00000-0  20915-3 0  9990,2 42063  98.5646 317.7024 0001173  90.8520 269.2797 14.30815498391025
2024-08-31T19:14:48.365952+00:00,1 42063U 17013A   24244.80194868  .00000504  00000-0  20876-3 0  9992,2 42063  98.5646 317.9780 0001172  90.8804 269.2513 14.30815809391077
2024-08-31T22:36:12.300192+00:00,1 42063U 17013A   24244.94180903  .00000500  00000-0  20723-3 0  9999,2 42063  98.5646 318.1158 0001169  90.8599 269.2718 14.30815924391082
2024-09-01T03:38:18.195072+00:00,1 42063U 17013A   24245.15159948  .00000495  00000-0  20560-3 0  9990,2 42063  98.5645 318.3225 0001164  90.7090 269.4226 14.30816152391123
2024-09-01T12:01:48.015552+00:00,1 42063U 17013A   24245.50125018  .00000566  00000-0  23240-3 0  9997,2 42063  98.5645 318.6669 0001161  90.7238 269.4078 14.30816884391171
2024-09-01T13:42:29.977056+00:00,1 42063U 17013A   24245.57118029  .00000564  00000-0  23191-3 0  9991,2 42063  98.5645 318.7358 0001160  90.7669 269.3647 14.30816966391176
2024-09-01T20:25:17.824800+00:00,1 42063U 17013A   24245.85090075  .00000539  00000-0  22225-3 0  9991,2 42063  98.5645 319.0114 0001156  90.7387 269.3929 14.30817125391229
2024-09-01T22:05:59.785440+00:00,1 42063U 17013A   24245.92083085  .00000539  00000-0  22210-3 0  9996,2 42063  98.5645 319.0803 0001154  90.7669 269.3646 14.30817197391220
2024-09-02T04:48:47.639232+00:00,1 42063U 17013A   24246.20055138  .00000564  00000-0  23160-3 0  9999,2 42063  98.5645 319.3559 0001152  90.6168 269.5147 14.30817613391278
2024-09-02T11:31:35.485248+00:00,1 42063U 17013A   24246.48027182  .00000607  00000-0  24832-3 0  9992,2 42063  98.5644 319.6314 0001152  90.6259 269.5056 14.30818104391310
2024-09-02T14:52:59.399616+00:00,1 42063U 17013A   24246.62013194  .00000612  00000-0  25002-3 0  9992,2 42063  98.5644 319.7692 0001147  90.5448 269.5867 14.30818289391328
2024-09-02T19:55:05.255616+00:00,1 42063U 17013A   24246.82992194  .00000618  00000-0  25239-3 0  9998,2 42063  98.5644 319.9759 0001141  90.6056 269.5257 14.30818615391364
2024-09-02T21:35:47.211072+00:00,1 42063U 17013A   24246.89985198  .00000620  00000-0  25304-3 0  9997,2 42063  98.5644 320.0448 0001142  90.5590 269.5724 14.30818704391363
2024-09-03T04:18:35.036352+00:00,1 42063U 17013A   24247.17957218  .00000630  00000-0  25693-3 0  9993,2 42063  98.5643 320.3204 0001141  90.7241 269.4072 14.30819111391413
2024-09-03T11:01:22.848672+00:00,1 42063U 17013A   24247.45929223  .00000679  00000-0  27559-3 0  9995,2 42063  98.5643 320.5959 0001141  90.7672 269.3642 14.30819705391455
2024-09-03T12:42:04.799808+00:00,1 42063U 17013A   24247.52922222  .00000681  00000-0  27626-3 0  9993,2 42063  98.5643 320.6648 0001141  90.7762 269.3552 14.30819808391455
2024-09-03T16:03:28.701216+00:00,1 42063U 17013A   24247.66908219  .00000678  00000-0  27514-3 0  9990,2 42063  98.5643 320.8026 0001137  90.8260 269.3053 14.30819989391485
2024-09-03T21:05:34.537344+00:00,1 42063U 17013A   24247.87887196  .00000690  00000-0  27991-3 0  9996,2 42063  98.5642 321.0093 0001130  90.8311 269.3001 14.30820353391504
2024-09-04T03:48:22.344480+00:00,1 42063U 17013A   24248.15859195  .00000715  00000-0  28934-3 0  9992,2 42063  98.5642 321.2849 0001126  90.6665 269.4647 14.30820799391556
2024-09-04T13:52:34.007232+00:00,1 42063U 17013A   24248.57817138  .00000753  00000-0  30404-3 0  9996,2 42063  98.5642 321.6982 0001124  90.7675 269.3637 14.30821602391606
2024-09-04T17:13:57.899136+00:00,1 42063U 17013A   24248.71803124  .00000735  00000-0  29687-3 0  9993,2 42063  98.5641 321.8360 0001119  90.7496 269.3815 14.30821701391622
2024-09-04T17:13:57.899136+00:00,1 42063U 17013A   24248.71803124  .00000735  00000-0  29687-3 0  9993,2 42063  98.5641 321.8360 0001119  90.7496 269.3815 14.30821701391633
2024-09-05T03:18:09.563616+00:00,1 42063U 17013A   24249.13761069  .00000649  00000-0  26435-3 0  9993,2 42063  98.5640 322.2493 0001113  90.7318 269.3992 14.30821762391690
2024-09-05T11:41:39.292512+00:00,1 42063U 17013A   24249.48726033  .00000664  00000-0  26994-3 0  9990,2 42063  98.5640 322.5938 0001120  90.6396 269.4915 14.30822207391747
2024-09-05T13:22:21.232416+00:00,1 42063U 17013A   24249.55719019  .00000661  00000-0  26875-3 0  9999,2 42063  98.5640 322.6627 0001117  90.5797 269.5514 14.30822292391743
2024-09-05T16:43:45.110496+00:00,1 42063U 17013A   24249.69704989  .00000663  00000-0  26951-3 0  9991,2 42063  98.5640 322.8005 0001115  90.5971 269.5340 14.30822498391764
2024-09-05T16:43:45.110496+00:00,1 42063U 17013A   24249.69704989  .00000663  00000-0  26951-3 0  9991,2 42063  98.5640 322.8005 0001115  90.5971 269.5340 14.30822498391775
2024-09-06T11:11:26.700000+00:00,1 42063U 17013A   24250.46628125  .00000663  00000-0  26970-3 0  9996,2 42063  98.5638 323.5582 0001142  89.8566 270.2747 14.30817757391885
2024-09-06T14:32:50.616096+00:00,1 42063U 17013A   24250.60614139  .00000688  00000-0  27907-3 0  9990,2 42063  98.5637 323.6960 0001140  89.9711 270.1603 14.30818098391896
2024-09-06T19:34:56.502336+00:00,1 42063U 17013A   24250.81593174  .00000308  00000-0  13408-3 0  9998,2 42063  98.5637 323.9026 0001147  89.9456 270.1858 14.30817899391930
2024-09-07T03:58:26.264064+00:00,1 42063U 17013A   24251.16558176  .00000615  00000-0  25126-3 0  9991,2 42063  98.5636 324.2471 0001138  90.2328 269.8985 14.30818757391985
2024-09-07T12:21:56.033568+00:00,1 42063U 17013A   24251.51523187  .00000775  00000-0  31221-3 0  9994,2 42063  98.5636 324.5915 0001139  90.2055 269.9258 14.30819805392024
2024-09-07T12:21:56.033568+00:00,1 42063U 17013A   24251.51523187  .00000775  00000-0  31221-3 0  9994,2 42063  98.5636 324.5915 0001139  90.2055 269.9258 14.30819805392035
2024-09-07T19:04:43.832064+00:00,1 42063U 17013A   24251.79495176  .00000787  00000-0  31697-3 0  9990,2 42063  98.5635 324.8670 0001137  90.2514 269.8799 14.30820268392071
2024-09-07T20:45:25.771104+00:00,1 42063U 17013A   24251.86488161  .00000803  00000-0  32275-3 0  9996,2 42063  98.5635 324.9359 0001136  90.2503 269.8810 14.30820481392074
2024-09-08T05:08:55.521600+00:00,1 42063U 17013A   24252.21453150  .00000790  00000-0  31815-3 0  9990,2 42063  98.5634 325.2803 0001133  90.1200 270.0112 14.30820911392135
2024-09-08T11:51:43.310592+00:00,1 42063U 17013A   24252.49425128  .00000723  00000-0  29260-3 0  9991,2 42063  98.5634 325.5558 0001135  90.1182 270.0131 14.30820948392171
2024-09-08T13:32:25.254816+00:00,1 42063U 17013A   24252.56418119  .00000723  00000-0  29226-3 0  9993,2 42063  98.5634 325.6247 0001134  90.0427 270.0886 14.30821055392174
2024-09-08T20:15:13.032576+00:00,1 42063U 17013A   24252.84390084  .00000696  00000-0  28219-3 0  9994,2 42063  98.5634 325.9003 0001116  89.9731 270.1579 14.30821398392228
2024-09-08T21:55:54.975072+00:00,1 42063U 17013A   24252.91383073  .00000696  00000-0  28209-3 0  9991,2 42063  98.5633 325.9692 0001115  90.0807 270.0503 14.30821491392227
2024-09-09T04:38:42.746784+00:00,1 42063U 17013A   24253.19355031  .00000760  00000-0  30634-3 0  9992,2 42063  98.5633 326.2447 0001116  90.0215 270.1096 14.30822220392277
2024-09-09T11:21:30.515040+00:00,1 42063U 17013A   24253.47326985  .00000753  00000-0  30401-3 0  9993,2 42063  98.5633 326.5203 0001111  90.0284 270.1026 14.30822521392313
2024-09-09T13:02:12.454080+00:00,1 42063U 17013A   24253.54319970  .00000754  00000-0  30438-3 0  9998,2 42063  98.5633 326.5891 0001110  89.9633 270.1677 14.30822637392310
2024-09-09T19:45:00.185184+00:00,1 42063U 17013A   24253.82291881  .00000736  00000-0  29732-3 0  9994,2 42063  98.5632 326.8647 0001109  90.0454 270.0856 14.30823060392367
2024-09-09T21:25:42.119040+00:00,1 42063U 17013A   24253.89284860  .00000745  00000-0  30061-3 0  9997,2 42063  98.5632 326.9335 0001109  90.0233 270.1077 14.30823204392363
2024-09-10T04:08:29.870016+00:00,1 42063U 17013A   24254.17256794  .00000751  00000-0  30311-3 0  9999,2 42063  98.5632 327.2090 0001109  90.1904 269.9406 14.30823659392413
2024-09-10T12:31:59.542752+00:00,1 42063U 17013A   24254.52221693  .00000751  00000-0  30292-3 0  9996,2 42063  98.5632 327.5535 0001109  90.1333 269.9977 14.30824130392469
2024-09-10T19:14:47.263488+00:00,1 42063U 17013A   24254.80193592  .00000747  00000-0  30143-3 0  9993,2 42063  98.5631 327.8290 0001105  90.1552 269.9758 14.30824573392501
2024-09-10T20:55:29.193888+00:00,1 42063U 17013A   24254.87186567  .00000699  00000-0  28306-3 0  9998,2 42063  98.5631 327.8979 0001105  90.2242 269.9067 14.30824420392506
2024-09-11T00:16:53.053824+00:00,1 42063U 17013A   24255.01172516  .00000694  00000-0  28126-3 0  9999,2 42063  98.5631 328.0356 0001104  90.3971 269.7339 14.30824605392535
2024-09-11T12:01:46.565760+00:00,1 42063U 17013A   24255.50123340  .00000745  00000-0  30064-3 0  9995,2 42063  98.5631 328.5178 0001101  90.5275 269.6034 14.30825524392608
2024-09-11T13:42:28.490112+00:00,1 42063U 17013A   24255.57116308  .00000736  00000-0  29752-3 0  9990,2 42063  98.5631 328.5867 0001101  90.5721 269.5588 14.30825619392607
2024-09-11T20:25:16.188384+00:00,1 42063U 17013A   24255.85088181  .00000698  00000-0  28280-3 0  9990,2 42063  98.5630 328.8622 0001093  90.5516 269.5792 14.30825860392649
2024-09-11T20:25:16.188384+00:00,1 42063U 17013A   24255.85088181  .00000698  00000-0  28280-3 0  9990,2 42063  98.5630 328.8622 0001093  90.5516 269.5792 14.30825860392650
2024-09-12T04:48:45.835200+00:00,1 42063U 17013A   24256.20053050  .00000748  00000-0  30193-3 0  9999,2 42063  98.5630 329.2066 0001092  90.5389 269.5919 14.30826572392702
2024-09-12T11:31:33.367584+00:00,1 42063U 17013A   24256.48024731  .00001037  00000-0  41199-3 0  9993,2 42063  98.5630 329.4821 0001094  90.4081 269.7227 14.30829027392749
2024-09-12T13:12:15.277248+00:00,1 42063U 17013A   24256.55017682  .00001046  00000-0  41562-3 0  9992,2 42063  98.5630 329.5510 0001097  90.2812 269.8496 14.30829222392744
2024-09-12T19:55:03.047232+00:00,1 42063U 17013A   24256.82989638  .00000799  00000-0  32138-3 0  9994,2 42063  98.5629 329.8265 0001098  90.6126 269.5183 14.30828006392799
2024-09-12T21:35:44.961216+00:00,1 42063U 17013A   24256.89982594  .00000804  00000-0  32339-3 0  9995,2 42063  98.5629 329.8954 0001100  90.5639 269.5669 14.30828148392792
2024-09-13T04:18:32.611968+00:00,1 42063U 17013A   24257.17954412  .00000868  00000-0  34765-3 0  9990,2 42063  98.5629 330.1709 0001100  90.5355 269.5954 14.30828904392843
2024-09-13T11:01:20.273088+00:00,1 42063U 17013A   24257.45926242  .00000793  00000-0  31917-3 0  9994,2 42063  98.5629 330.4464 0001099  90.9652 269.1656 14.30828934392887
2024-09-13T19:24:49.820544+00:00,1 42063U 17013A   24257.80890996  .00000782  00000-0  31468-3 0  9998,2 42063  98.5628 330.7908 0001101  91.0519 269.0790 14.30829491392933
2024-09-14T03:48:19.349856+00:00,1 42063U 17013A   24258.15855729  .00000859  00000-0  34433-3 0  9992,2 42063  98.5628 331.1352 0001100  91.0507 269.0801 14.30830474392988
2024-09-14T12:11:48.906816+00:00,1 42063U 17013A   24258.50820494  .00000796  00000-0  32012-3 0  9993,2 42063  98.5628 331.4796 0001101  91.2089 268.9220 14.30830592393021
2024-09-14T12:11:48.906816+00:00,1 42063U 17013A   24258.50820494  .00000796  00000-0  32012-3 0  9993,2 42063  98.5628 331.4796 0001101  91.2089 268.9220 14.30830592393032
2024-09-14T18:54:36.562752+00:00,1 42063U 17013A   24258.78792318  .00000688  00000-0  27895-3 0  9999,2 42063  98.5628 331.7551 0001097  91.4104 268.7204 14.30830370393076
2024-09-14T22:16:00.371712+00:00,1 42063U 17013A   24258.92778208  .00000675  00000-0  27419-3 0  9995,2 42063  98.5627 331.8928 0001101  91.6028 268.5281 14.30830550393081
2024-09-15T04:58:47.996544+00:00,1 42063U 17013A   24259.20749996  .00000731  00000-0  29527-3 0  9994,2 42063  98.5627 332.1684 0001096  91.3547 268.7761 14.30831230393137
2024-09-15T11:41:35.595456+00:00,1 42063U 17013A   24259.48721754  .00000743  00000-0  29989-3 0  9991,2 42063  98.5627 332.4439 0001096  91.5236 268.6072 14.30831709393174
2024-09-15T20:05:05.097120+00:00,1 42063U 17013A   24259.83686455  .00000703  00000-0  28478-3 0  9996,2 42063  98.5627 332.7883 0001088  91.6315 268.4993 14.30832020393223
2024-09-15T21:45:46.995552+00:00,1 42063U 17013A   24259.90679393  .00000701  00000-0  28413-3 0  9994,2 42063  98.5627 332.8572 0001089  91.7085 268.4223 14.30832117393228
2024-09-16T04:28:34.607424+00:00,1 42063U 17013A   24260.18651166  .00000641  00000-0  26099-3 0  9995,2 42063  98.5626 333.1327 0001088  91.6279 268.5028 14.30832161393270
2024-09-16T11:11:22.189056+00:00,1 42063U 17013A   24260.46622904  .00000568  00000-0  23323-3 0  9999,2 42063  98.5626 333.4082 0001089  91.9273 268.2034 14.30832193393313
2024-09-16T14:32:45.981600+00:00,1 42063U 17013A   24260.60608775  .00000557  00000-0  22902-3 0  9995,2 42063  98.5626 333.5459 0001087  92.0643 268.0664 14.30832357393323
2024-09-16T19:34:51.666528+00:00,1 42063U 17013A   24260.81587577  .00000551  00000-0  22658-3 0  9996,2 42063  98.5626 333.7525 0001088  92.0191 268.1117 14.30832591393366
2024-09-16T22:56:15.456480+00:00,1 42063U 17013A   24260.95573445  .00000534  00000-0  22044-3 0  9990,2 42063  98.5625 333.8903 0001086  91.9611 268.1697 14.30832728393375
2024-09-17T03:58:20.992800+00:00,1 42063U 17013A   24261.16552075  .00000906  00000-0  36201-3 0  9993,2 42063  98.5625 334.0969 0001083  91.7970 268.3336 14.30835474393411
2024-09-17T12:21:50.422752+00:00,1 42063U 17013A   24261.51516693  .00000924  00000-0  36892-3 0  9994,2 42063  98.5625 334.4413 0001085  92.0212 268.1095 14.30836145393454
2024-09-17T12:21:50.422752+00:00,1 42063U 17013A   24261.51516693  .00000924  00000-0  36892-3 0  9994,2 42063  98.5625 334.4413 0001085  92.0212 268.1095 14.30836145393465
2024-09-17T19:04:38.135712+00:00,1 42063U 17013A   24261.79488583  .00000540  00000-0  22254-3 0  9991,2 42063  98.5624 334.7168 0001084  92.0067 268.1240 14.30833923393509
2024-09-17T20:45:20.025504+00:00,1 42063U 17013A   24261.86481511  .00000539  00000-0  22230-3 0  9995,2 42063  98.5624 334.7857 0001084  92.0063 268.1244 14.30834002393503
2024-09-18T03:28:07.577760+00:00,1 42063U 17013A   24262.14453215  .00000529  00000-0  21832-3 0  9993,2 42063  98.5624 335.0612 0001080  91.9894 268.1413 14.30834324393552
2024-09-18T11:51:37.036224+00:00,1 42063U 17013A   24262.49417866  .00000492  00000-0  20409-3 0  9991,2 42063  98.5624 335.4055 0001081  92.0717 268.0590 14.30834473393600
2024-09-18T13:32:18.922560+00:00,1 42063U 17013A   24262.56410790  .00000492  00000-0  20429-3 0  9990,2 42063  98.5624 335.4744 0001082  91.9621 268.1685 14.30834564393605
2024-09-18T20:15:06.476544+00:00,1 42063U 17013A   24262.84382496  .00000460  00000-0  19208-3 0  9990,2 42063  98.5623 335.7499 0001073  91.9946 268.1360 14.30834694393653
2024-09-18T21:55:48.362880+00:00,1 42063U 17013A   24262.91375420  .00000456  00000-0  19065-3 0  9993,2 42063  98.5623 335.8188 0001072  91.9376 268.1929 14.30834761393651
2024-09-19T04:38:35.898720+00:00,1 42063U 17013A   24263.19347105  .00000455  00000-0  19007-3 0  9998,2 42063  98.5623 336.0943 0001068  91.9267 268.2038 14.30835106393709
2024-09-19T11:21:23.445792+00:00,1 42063U 17013A   24263.47318803  .00000502  00000-0  20810-3 0  9999,2 42063  98.5622 336.3698 0001070  92.0645 268.0661 14.30835601393747
2024-09-19T13:02:05.328672+00:00,1 42063U 17013A   24263.54311723  .00000507  00000-0  20998-3 0  9993,2 42063  98.5622 336.4386 0001069  92.0508 268.0797 14.30835695393741
2024-09-19T14:42:47.211552+00:00,1 42063U 17013A   24263.61304643  .00000505  00000-0  20925-3 0  9992,2 42063  98.5622 336.5075 0001068  92.1181 268.0124 14.30835776393759
2024-09-19T14:42:47.211552+00:00,1 42063U 17013A   24263.61304643  .00000505  00000-0  20925-3 0  9992,2 42063  98.5622 336.5075 0001068  92.1181 268.0124 14.30835776393760
2024-09-20T04:08:23.199936+00:00,1 42063U 17013A   24264.17249074  .00000477  00000-0  19875-3 0  9990,2 42063  98.5716 337.0589 0001076  85.2682 274.8623 14.30804328393845
2024-09-20T12:31:53.270976+00:00,1 42063U 17013A   24264.52214434  .00000458  00000-0  19151-3 0  9997,2 42063  98.5716 337.4037 0001073  85.4083 274.7222 14.30804598393888
2024-09-20T12:31:53.270976+00:00,1 42063U 17013A   24264.52214434  .00000458  00000-0  19151-3 0  9997,2 42063  98.5716 337.4037 0001073  85.4083 274.7222 14.30804598393899
2024-09-20T19:14:41.319168+00:00,1 42063U 17013A   24264.80186712  .00000439  00000-0  18428-3 0  9990,2 42063  98.5715 337.6795 0001065  85.2572 274.8733 14.30804792393932
2024-09-20T22:36:05.339808+00:00,1 42063U 17013A   24264.94172847  .00000329  00000-0  14236-3 0  9990,2 42063  98.5715 337.8174 0001060  85.2652 274.8651 14.30804780393946
2024-09-21T03:38:11.374656+00:00,1 42063U 17013A   24265.15152054  .00000343  00000-0  14737-3 0  9994,2 42063  98.5714 338.0242 0001052  85.2521 274.8782 14.30804975393985
2024-09-21T12:01:41.441376+00:00,1 42063U 17013A   24265.50117409  .00000383  00000-0  16290-3 0  9998,2 42063  98.5714 338.3690 0001047  84.9637 275.1665 14.30805204394029
2024-09-21T12:01:41.441376+00:00,1 42063U 17013A   24265.50117409  .00000383  00000-0  16290-3 0  9998,2 42063  98.5714 338.3690 0001047  84.9637 275.1665 14.30805204394030
2024-09-21T20:25:11.489952+00:00,1 42063U 17013A   24265.85082743  .00000390  00000-0  16563-3 0  9999,2 42063  98.5714 338.7137 0001044  85.1811 274.9491 14.30805503394085
2024-09-22T04:48:41.535072+00:00,1 42063U 17013A   24266.20048073  .00000355  00000-0  15201-3 0  9996,2 42063  98.5713 339.0584 0001039  85.3916 274.7385 14.30805678394135
2024-09-22T11:31:29.569440+00:00,1 42063U 17013A   24266.48020335  .00000345  00000-0  14844-3 0  9998,2 42063  98.5713 339.3342 0001037  85.4669 274.6632 14.30805830394172
2024-09-22T13:12:11.577600+00:00,1 42063U 17013A   24266.55013400  .00000344  00000-0  14781-3 0  9990,2 42063  98.5713 339.4032 0001035  85.3759 274.7542 14.30805886394178
2024-09-22T19:54:59.603328+00:00,1 42063U 17013A   24266.82985652  .00000350  00000-0  15014-3 0  9994,2 42063  98.5712 339.6789 0001035  85.5312 274.5990 14.30806133394222
2024-09-22T21:35:41.610624+00:00,1 42063U 17013A   24266.89978716  .00000349  00000-0  14975-3 0  9997,2 42063  98.5712 339.7479 0001034  85.4990 274.6311 14.30806180394229
2024-09-23T04:18:29.625984+00:00,1 42063U 17013A   24267.17950956  .00000436  00000-0  18311-3 0  9990,2 42063  98.5711 340.0236 0001027  85.4677 274.6623 14.30806920394271
2024-09-23T11:01:17.645664+00:00,1 42063U 17013A   24267.45923201  .00000401  00000-0  16985-3 0  9991,2 42063  98.5711 340.2994 0001026  85.6527 274.4773 14.30806992394317
2024-09-23T12:41:59.648640+00:00,1 42063U 17013A   24267.52916260  .00000400  00000-0  16942-3 0  9998,2 42063  98.5711 340.3684 0001025  85.6210 274.5090 14.30807051394312
2024-09-23T19:24:47.641536+00:00,1 42063U 17013A   24267.80888474  .00000439  00000-0  18429-3 0  9998,2 42063  98.5711 340.6441 0001023  85.5130 274.6169 14.30807553394364
2024-09-23T21:05:29.643648+00:00,1 42063U 17013A   24267.87881532  .00000436  00000-0  18285-3 0  9990,2 42063  98.5711 340.7131 0001022  85.5696 274.5604 14.30807592394363
2024-09-24T03:48:17.701344+00:00,1 42063U 17013A   24268.15853821  .00000358  00000-0  15338-3 0  9991,2 42063  98.5710 340.9888 0001017  85.7294 274.4005 14.30807252394416
2024-09-24T12:11:47.706720+00:00,1 42063U 17013A   24268.50819105  .00000371  00000-0  15838-3 0  9997,2 42063  98.5710 341.3335 0001015  85.9113 274.2185 14.30807597394451
2024-09-24T12:11:47.706720+00:00,1 42063U 17013A   24268.50819105  .00000371  00000-0  15838-3 0  9997,2 42063  98.5710 341.3335 0001015  85.9113 274.2185 14.30807597394462
2024-09-24T17:13:53.707872+00:00,1 42063U 17013A   24268.71798273  .00000383  00000-0  16282-3 0  9999,2 42063  98.5710 341.5404 0001016  85.9488 274.1811 14.30807832394486
2024-09-24T18:54:35.705664+00:00,1 42063U 17013A   24268.78791326  .00000383  00000-0  16291-3 0  9998,2 42063  98.5710 341.6093 0001017  86.0145 274.1154 14.30807891394502
2024-09-25T04:58:47.688960+00:00,1 42063U 17013A   24269.20749640  .00000405  00000-0  17123-3 0  9998,2 42063  98.5709 342.0229 0001011  86.2315 273.8983 14.30808379394565
2024-09-25T11:41:35.681856+00:00,1 42063U 17013A   24269.48721854  .00000439  00000-0  18413-3 0  9995,2 42063  98.5709 342.2987 0001010  86.2577 273.8721 14.30808741394605
2024-09-25T13:22:17.678784+00:00,1 42063U 17013A   24269.55714906  .00000446  00000-0  18677-3 0  9993,2 42063  98.5709 342.3676 0001011  86.1757 273.9542 14.30808829394600
2024-09-25T20:05:05.659584+00:00,1 42063U 17013A   24269.83687106  .00000441  00000-0  18481-3 0  9993,2 42063  98.5709 342.6434 0001007  86.4737 273.6561 14.30809042394652
2024-09-25T21:45:47.654784+00:00,1 42063U 17013A   24269.90680156  .00000441  00000-0  18473-3 0  9990,2 42063  98.5709 342.7123 0001009  86.5174 273.6124 14.30809100394656
2024-09-26T04:28:35.632992+00:00,1 42063U 17013A   24270.18652353  .00000472  00000-0  19666-3 0  9999,2 42063  98.5708 342.9881 0001008  86.7615 273.3683 14.30809503394709
2024-09-26T11:11:23.616384+00:00,1 42063U 17013A   24270.46624556  .00000464  00000-0  19384-3 0  9992,2 42063  98.5708 343.2639 0001005  87.0372 273.0926 14.30809667394747
2024-09-26T19:34:53.569920+00:00,1 42063U 17013A   24270.81589780  .00000470  00000-0  19609-3 0  9997,2 42063  98.5708 343.6086 0001003  87.3057 272.8241 14.30810048394795
2024-09-26T22:56:17.552544+00:00,1 42063U 17013A   24270.95575871  .00000473  00000-0  19714-3 0  9998,2 42063  98.5708 343.7464 0001002  87.3109 272.8188 14.30810177394808
2024-09-27T03:58:23.530368+00:00,1 42063U 17013A   24271.16555012  .00000459  00000-0  19167-3 0  9993,2 42063  98.5707 343.9532 0000996  87.5772 272.5524 14.30810259394840
2024-09-27T12:21:53.473536+00:00,1 42063U 17013A   24271.51520224  .00000467  00000-0  19485-3 0  9991,2 42063  98.5708 344.2980 0000995  87.7256 272.4041 14.30810636394886
2024-09-27T12:21:53.473536+00:00,1 42063U 17013A   24271.51520224  .00000467  00000-0  19485-3 0  9991,2 42063  98.5708 344.2980 0000995  87.7256 272.4041 14.30810636394897
2024-09-27T19:04:41.423232+00:00,1 42063U 17013A   24271.79492388  .00000474  00000-0  19769-3 0  9993,2 42063  98.5707 344.5737 0000993  87.9016 272.2281 14.30810943394922
2024-09-27T19:04:41.423232+00:00,1 42063U 17013A   24271.79492388  .00000474  00000-0  19769-3 0  9993,2 42063  98.5707 344.5737 0000993  87.9016 272.2281 14.30810943394933
2024-09-28T01:47:29.371200+00:00,1 42063U 17013A   24272.07464550  .00000460  00000-0  19231-3 0  9994,2 42063  98.5707 344.8495 0000986  88.0989 272.0306 14.30811131394970
2024-09-28T11:51:41.281056+00:00,1 42063U 17013A   24272.49422779  .00000457  00000-0  19101-3 0  9999,2 42063  98.5707 345.2631 0000983  88.4362 271.6933 14.30811531395036
2024-09-28T13:32:23.264160+00:00,1 42063U 17013A   24272.56415815  .00000460  00000-0  19228-3 0  9994,2 42063  98.5707 345.3320 0000981  88.4191 271.7104 14.30811608395036
2024-09-28T20:15:11.183616+00:00,1 42063U 17013A   24272.84387944  .00000492  00000-0  20428-3 0  9995,2 42063  98.5707 345.6078 0000979  88.5981 271.5314 14.30812084395089
2024-09-28T21:55:53.165856+00:00,1 42063U 17013A   24272.91380979  .00000489  00000-0  20339-3 0  9991,2 42063  98.5707 345.6767 0000978  88.6725 271.4570 14.30812145395081
2024-09-29T04:38:41.095680+00:00,1 42063U 17013A   24273.19353120  .00000478  00000-0  19901-3 0  9991,2 42063  98.5707 345.9525 0000971  88.6184 271.5110 14.30812386395132
2024-09-29T11:21:29.002176+00:00,1 42063U 17013A   24273.47325234  .00000515  00000-0  21332-3 0  9990,2 42063  98.5707 346.2282 0000970  88.7040 271.4254 14.30812904395175
2024-09-29T13:02:10.980960+00:00,1 42063U 17013A   24273.54318265  .00000517  00000-0  21384-3 0  9993,2 42063  98.5707 346.2972 0000970  88.6473 271.4821 14.30812985395179
2024-09-29T19:44:58.886592+00:00,1 42063U 17013A   24273.82290378  .00000536  00000-0  22133-3 0  9992,2 42063  98.5706 346.5729 0000969  88.7762 271.3532 14.30813395395221
2024-09-29T21:25:40.862784+00:00,1 42063U 17013A   24273.89283406  .00000540  00000-0  22269-3 0  9998,2 42063  98.5706 346.6418 0000969  88.7214 271.4080 14.30813483395226
2024-09-30T04:08:28.760640+00:00,1 42063U 17013A   24274.17255510  .00000579  00000-0  23741-3 0  9993,2 42063  98.5706 346.9176 0000968  89.1312 270.9982 14.30814010395270
2024-09-30T12:31:58.632096+00:00,1 42063U 17013A   24274.52220639  .00000552  00000-0  22736-3 0  9990,2 42063  98.5706 347.2623 0000969  89.4546 270.6748 14.30814252395314
2024-09-30T12:31:58.632096+00:00,1 42063U 17013A   24274.52220639  .00000552  00000-0  22736-3 0  9990,2 42063  98.5706 347.2623 0000969  89.4546 270.6748 14.30814252395325
2024-09-30T19:14:46.506624+00:00,1 42063U 17013A   24274.80192716  .00000597  00000-0  24442-3 0  9990,2 42063  98.5706 347.5380 0000966  89.4474 270.6820 14.30814851395365
2024-09-30T20:55:28.475904+00:00,1 42063U 17013A   24274.87185736  .00000600  00000-0  24556-3 0  9992,2 42063  98.5705 347.6070 0000966  89.5159 270.6135 14.30814942395362
2024-10-01T05:18:58.324032+00:00,1 42063U 17013A   24275.22150838  .00000611  00000-0  24966-3 0  9994,2 42063  98.5705 347.9516 0000956  89.6635 270.4657 14.30815453395421
2024-10-01T12:01:46.195968+00:00,1 42063U 17013A   24275.50122912  .00000614  00000-0  25100-3 0  9991,2 42063  98.5705 348.2274 0000954  90.0207 270.1085 14.30815778395461
2024-10-01T13:42:28.160928+00:00,1 42063U 17013A   24275.57115927  .00000621  00000-0  25363-3 0  9995,2 42063  98.5705 348.2963 0000954  89.9756 270.1536 14.30815904395464
2024-10-01T20:25:16.013856+00:00,1 42063U 17013A   24275.85087979  .00000637  00000-0  25949-3 0  9998,2 42063  98.5704 348.5721 0000951  90.1819 269.9473 14.30816384395514
2024-10-02T04:48:45.799776+00:00,1 42063U 17013A   24276.20053009  .00000924  00000-0  36929-3 0  9994,2 42063  98.5704 348.9167 0000949  89.9826 270.1465 14.30818470395561
2024-10-02T11:31:33.633696+00:00,1 42063U 17013A   24276.48025039  .00000913  00000-0  36485-3 0  9991,2 42063  98.5704 349.1925 0000948  89.8771 270.2521 14.30818784395598
2024-10-02T11:31:33.633696+00:00,1 42063U 17013A   24276.48025039  .00000913  00000-0  36485-3 0  9991,2 42063  98.5704 349.1925 0000948  89.8771 270.2521 14.30818784395600
2024-10-02T19:55:03.400608+00:00,1 42063U 17013A   24276.82990047  .00000979  00000-0  39027-3 0  9996,2 42063  98.5703 349.5372 0000944  90.2294 269.8997 14.30819698395652
2024-10-02T21:35:45.350880+00:00,1 42063U 17013A   24276.89983045  .00000985  00000-0  39241-3 0  9998,2 42063  98.5703 349.6061 0000948  90.4803 269.6488 14.30819851395654
2024-10-03T04:18:33.251328+00:00,1 42063U 17013A   24277.17955152  .00000999  00000-0  39786-3 0  9997,2 42063  98.5702 349.8818 0000943  90.6130 269.5161 14.30820031395700
2024-10-03T12:42:03.006144+00:00,1 42063U 17013A   24277.52920146  .00000993  00000-0  39525-3 0  9996,2 42063  98.5702 350.2265 0000933  90.3147 269.8142 14.30820580395741
2024-10-03T19:24:50.795136+00:00,1 42063U 17013A   24277.80892124  .00001013  00000-0  40317-3 0  9996,2 42063  98.5701 350.5023 0000932  90.2294 269.8995 14.30821157395798
2024-10-03T21:05:32.719488+00:00,1 42063U 17013A   24277.87885092  .00001124  00000-0  44524-3 0  9996,2 42063  98.5701 350.5712 0000933  90.1883 269.9407 14.30821927395791
2024-10-04T03:48:20.544768+00:00,1 42063U 17013A   24278.15857112  .00000954  00000-0  38059-3 0  9996,2 42063  98.5700 350.8469 0000932  90.8746 269.2543 14.30821353395849
2024-10-04T12:11:50.261568+00:00,1 42063U 17013A   24278.50822062  .00000989  00000-0  39407-3 0  9997,2 42063  98.5700 351.1916 0000930  91.0666 269.0623 14.30822123395890
2024-10-04T18:54:38.018592+00:00,1 42063U 17013A   24278.78794003  .00001017  00000-0  40441-3 0  9993,2 42063  98.5699 351.4673 0000929  91.4759 268.6531 14.30822755395934
2024-10-04T20:35:19.949856+00:00,1 42063U 17013A   24278.85786979  .00001097  00000-0  43491-3 0  9990,2 42063  98.5699 351.5363 0000928  91.3999 268.7290 14.30823297395930
2024-10-05T04:58:49.650240+00:00,1 42063U 17013A   24279.20751910  .00001089  00000-0  43208-3 0  9994,2 42063  98.5698 351.8809 0000926  91.7876 268.3413 14.30823903395996
2024-10-05T11:41:37.408992+00:00,1 42063U 17013A   24279.48723853  .00001051  00000-0  41752-3 0  9990,2 42063  98.5698 352.1566 0000926  91.7471 268.3818 14.30824100396036
2024-10-05T13:22:19.341984+00:00,1 42063U 17013A   24279.55716831  .00001058  00000-0  42015-3 0  9996,2 42063  98.5698 352.2256 0000926  91.7209 268.4080 14.30824255396035
2024-10-05T20:05:07.066176+00:00,1 42063U 17013A   24279.83688734  .00001064  00000-0  42262-3 0  9998,2 42063  98.5697 352.5013 0000921  92.0619 268.0669 14.30824807396089
2024-10-05T21:45:48.995712+00:00,1 42063U 17013A   24279.90681708  .00001080  00000-0  42863-3 0  9995,2 42063  98.5697 352.5702 0000922  92.1889 267.9399 14.30824988396083
2024-10-06T04:28:36.738912+00:00,1 42063U 17013A   24280.18653633  .00000930  00000-0  37132-3 0  9999,2 42063  98.5696 352.8459 0000923  92.4275 267.7014 14.30824656396137
2024-10-06T11:11:24.462240+00:00,1 42063U 17013A   24280.46625535  .00000889  00000-0  35586-3 0  9994,2 42063  98.5696 353.1217 0000926  92.4692 267.6597 14.30824927396179
2024-10-06T12:52:06.388320+00:00,1 42063U 17013A   24280.53618505  .00000891  00000-0  35647-3 0  9992,2 42063  98.5696 353.1906 0000926  92.4569 267.6720 14.30825070396175
2024-10-06T19:34:54.084864+00:00,1 42063U 17013A   24280.81590376  .00000914  00000-0  36533-3 0  9999,2 42063  98.5695 353.4663 0000930  92.8440 267.2850 14.30825804396214
2024-10-06T19:34:54.084864+00:00,1 42063U 17013A   24280.81590376  .00000914  00000-0  36533-3 0  9999,2 42063  98.5695 353.4663 0000930  92.8440 267.2850 14.30825804396225
2024-10-07T03:58:23.681568+00:00,1 42063U 17013A   24281.16555187  .00000976  00000-0  38880-3 0  9994,2 42063  98.5694 353.8110 0000921  93.0773 267.0515 14.30826805396270
2024-10-07T12:21:53.279136+00:00,1 42063U 17013A   24281.51519999  .00000865  00000-0  34646-3 0  9997,2 42063  98.5694 354.1557 0000920  93.4003 266.7285 14.30826869396313
2024-10-07T12:21:53.279136+00:00,1 42063U 17013A   24281.51519999  .00000865  00000-0  34646-3 0  9997,2 42063  98.5694 354.1557 0000920  93.4003 266.7285 14.30826869396324
2024-10-07T19:04:40.938528+00:00,1 42063U 17013A   24281.79491827  .00000912  00000-0  36441-3 0  9994,2 42063  98.5694 354.4314 0000919  93.4657 266.6630 14.30827660396357
2024-10-07T19:04:40.938528+00:00,1 42063U 17013A   24281.79491827  .00000912  00000-0  36441-3 0  9994,2 42063  98.5694 354.4314 0000919  93.4657 266.6630 14.30827660396368
2024-10-08T05:08:51.981792+00:00,1 42063U 17013A   24282.21449053  .00002073  00000-0  80696-3 0  9997,2 42063  98.5693 354.8449 0000923  92.8147 267.3141 14.30836242396420
2024-10-08T11:51:39.892608+00:00,1 42063U 17013A   24282.49421172  .00001202  00000-0  47492-3 0  9999,2 42063  98.5693 355.1207 0000927  93.5833 266.5456 14.30831185396454
2024-10-08T11:51:39.892608+00:00,1 42063U 17013A   24282.49421172  .00001202  00000-0  47492-3 0  9999,2 42063  98.5693 355.1207 0000927  93.5833 266.5456 14.30831185396465
2024-10-08T18:34:27.488928+00:00,1 42063U 17013A   24282.77392927  .00001171  00000-0  46309-3 0  9996,2 42063  98.5693 355.3964 0000927  93.9371 266.1918 14.30831732396500
2024-10-08T20:15:09.563616+00:00,1 42063U 17013A   24282.84386069  .00000859  00000-0  34436-3 0  9994,2 42063  98.5692 355.4653 0000930  93.9395 266.1895 14.30829584396501
2024-10-09T04:38:39.074784+00:00,1 42063U 17013A   24283.19350781  .00001003  00000-0  39932-3 0  9993,2 42063  98.5692 355.8099 0000931  94.1955 265.9335 14.30831085396566
2024-10-09T11:21:26.670240+00:00,1 42063U 17013A   24283.47322535  .00001005  00000-0  39972-3 0  9996,2 42063  98.5692 356.0856 0000934  94.1706 265.9584 14.30831667396604
2024-10-09T13:02:08.609280+00:00,1 42063U 17013A   24283.54315520  .00000844  00000-0  33840-3 0  9998,2 42063  98.5692 356.1546 0000934  94.4518 265.6771 14.30830849396601
2024-10-09T19:44:56.196096+00:00,1 42063U 17013A   24283.82287264  .00000897  00000-0  35864-3 0  9998,2 42063  98.5691 356.4303 0000933  94.9454 265.1835 14.30831792396645
2024-10-09T19:44:56.196096+00:00,1 42063U 17013A   24283.82287264  .00000897  00000-0  35864-3 0  9998,2 42063  98.5691 356.4303 0000933  94.9454 265.1835 14.30831792396656
2024-10-10T04:08:25.683936+00:00,1 42063U 17013A   24284.17251949  .00000956  00000-0  38131-3 0  9994,2 42063  98.5691 356.7749 0000926  94.7369 265.3919 14.30832863396709
2024-10-10T12:31:55.159680+00:00,1 42063U 17013A   24284.52216620  .00000875  00000-0  35046-3 0  9992,2 42063  98.5691 357.1196 0000928  95.2676 264.8612 14.30833117396740
2024-10-10T12:31:55.159680+00:00,1 42063U 17013A   24284.52216620  .00000875  00000-0  35046-3 0  9992,2 42063  98.5691 357.1196 0000928  95.2676 264.8612 14.30833117396751
2024-10-10T14:12:37.048608+00:00,1 42063U 17013A   24284.59209547  .00000872  00000-0  34904-3 0  9998,2 42063  98.5691 357.1885 0000927  95.2909 264.8379 14.30833262396755
2024-10-10T14:12:37.048608+00:00,1 42063U 17013A   24284.59209547  .00000872  00000-0  34904-3 0  9998,2 42063  98.5691 357.1885 0000927  95.2909 264.8379 14.30833262396766
2024-10-11T12:01:42.967200+00:00,1 42063U 17013A   24285.50119175  .00001366  00000-0  53769-3 0  9996,2 42063  98.5687 358.0845 0001008  91.9698 268.1600 14.30808077396889
2024-10-11T12:01:42.967200+00:00,1 42063U 17013A   24285.50119175  .00001366  00000-0  53769-3 0  9996,2 42063  98.5687 358.0845 0001008  91.9698 268.1600 14.30808077396890
2024-10-11T20:25:12.944064+00:00,1 42063U 17013A   24285.85084426  .00001087  00000-0  43155-3 0  9992,2 42063  98.5689 358.4291 0001005  91.0835 269.0463 14.30808097396947
2024-10-12T04:48:42.955488+00:00,1 42063U 17013A   24286.20049717  .00001001  00000-0  39859-3 0  9998,2 42063  98.5689 358.7737 0001010  91.1928 268.9370 14.30808152396997
2024-10-12T11:31:30.967392+00:00,1 42063U 17013A   24286.48021953  .00000957  00000-0  38174-3 0  9998,2 42063  98.5690 359.0495 0001011  90.8608 269.2691 14.30808438397028
2024-10-12T11:31:30.967392+00:00,1 42063U 17013A   24286.48021953  .00000957  00000-0  38174-3 0  9998,2 42063  98.5690 359.0495 0001011  90.8608 269.2691 14.30808438397039
2024-10-12T19:55:00.932160+00:00,1 42063U 17013A   24286.82987190  .00000918  00000-0  36696-3 0  9994,2 42063  98.5689 359.3941 0001013  90.9604 269.1695 14.30809260397076
2024-10-13T11:01:18.890688+00:00,1 42063U 17013A   24287.45924642  .00000808  00000-0  32488-3 0  9990,2 42063  98.5689   0.0144 0001009  90.9528 269.1770 14.30809813397170
2024-10-13T12:42:00.879840+00:00,1 42063U 17013A   24287.52917685  .00000804  00000-0  32321-3 0  9999,2 42063  98.5689   0.0833 0001009  90.9725 269.1573 14.30809934397179
2024-10-13T19:24:48.838176+00:00,1 42063U 17013A   24287.80889859  .00000682  00000-0  27702-3 0  9992,2 42063  98.5689   0.3590 0001006  91.1857 268.9441 14.30809828397227
2024-10-13T21:05:30.828192+00:00,1 42063U 17013A   24287.87882903  .00000608  00000-0  24871-3 0  9994,2 42063  98.5688   0.4279 0000995  91.2116 268.9181 14.30809767397229
2024-10-14T03:48:18.789984+00:00,1 42063U 17013A   24288.15855081  .00000583  00000-0  23904-3 0  9991,2 42063  98.5688   0.7036 0000988  91.2065 268.9231 14.30810087397276
2024-10-14T12:11:48.722784+00:00,1 42063U 17013A   24288.50820281  .00000527  00000-0  21781-3 0  9993,2 42063  98.5688   1.0482 0000985  91.2121 268.9174 14.30810447397316
2024-10-14T12:11:48.722784+00:00,1 42063U 17013A   24288.50820281  .00000527  00000-0  21781-3 0  9993,2 42063  98.5688   1.0482 0000985  91.2121 268.9174 14.30810447397327
2024-10-14T18:54:36.662976+00:00,1 42063U 17013A   24288.78792434  .00000519  00000-0  21464-3 0  9990,2 42063  98.5688   1.3239 0000981  91.4802 268.6493 14.30810886397366
2024-10-14T20:35:18.647808+00:00,1 42063U 17013A   24288.85785472  .00000514  00000-0  21273-3 0  9995,2 42063  98.5688   1.3928 0000980  91.4504 268.6791 14.30810963397366
2024-10-15T04:58:48.565056+00:00,1 42063U 17013A   24289.20750654  .00000533  00000-0  22018-3 0  9998,2 42063  98.5687   1.7374 0000972  91.2430 268.8864 14.30811554397428
2024-10-15T11:41:36.500064+00:00,1 42063U 17013A   24289.48722801  .00000486  00000-0  20202-3 0  9991,2 42063  98.5687   2.0131 0000974  91.4833 268.6461 14.30811664397461
2024-10-15T13:22:18.481440+00:00,1 42063U 17013A   24289.55715835  .00000489  00000-0  20331-3 0  9994,2 42063  98.5687   2.0821 0000973  91.5067 268.6228 14.30811760397464
2024-10-15T20:05:06.412128+00:00,1 42063U 17013A   24289.83687977  .00000488  00000-0  20298-3 0  9991,2 42063  98.5687   2.3577 0000972  91.5543 268.5751 14.30812071397515
2024-10-15T21:45:48.390912+00:00,1 42063U 17013A   24289.90681008  .00000490  00000-0  20358-3 0  9998,2 42063  98.5687   2.4266 0000973  91.9013 268.2281 14.30812163397515
2024-10-16T04:28:36.358752+00:00,1 42063U 17013A   24290.18653193  .00000728  00000-0  29438-3 0  9996,2 42063  98.5686   2.7023 0000974  91.7396 268.3898 14.30813602397560
2024-10-16T11:11:24.268704+00:00,1 42063U 17013A   24290.46625311  .00000742  00000-0  29955-3 0  9998,2 42063  98.5686   2.9780 0000979  92.0104 268.1191 14.30814043397607
2024-10-16T14:32:48.219360+00:00,1 42063U 17013A   24290.60611365  .00000710  00000-0  28746-3 0  9990,2 42063  98.5686   3.1158 0000981  91.8812 268.2484 14.30814089397612
2024-10-16T14:32:48.219360+00:00,1 42063U 17013A   24290.60611365  .00000710  00000-0  28746-3 0  9990,2 42063  98.5686   3.1158 0000981  91.8812 268.2484 14.30814089397623
2024-10-16T19:34:54.173856+00:00,1 42063U 17013A   24290.81590479  .00000679  00000-0  27582-3 0  9996,2 42063  98.5686   3.3226 0000985  92.0590 268.0706 14.30814069397657
2024-10-16T21:15:36.150912+00:00,1 42063U 17013A   24290.88583508  .00000686  00000-0  27847-3 0  9990,2 42063  98.5686   3.3915 0000985  92.0421 268.0875 14.30814172397657
2024-10-17T03:58:24.057408+00:00,1 42063U 17013A   24291.16555622  .00000755  00000-0  30473-3 0  9994,2 42063  98.5685   3.6672 0000982  92.3608 267.7687 14.30814844397705
2024-10-17T12:21:53.933184+00:00,1 42063U 17013A   24291.51520756  .00000828  00000-0  33263-3 0  9994,2 42063  98.5685   4.0118 0000987  92.6483 267.4813 14.30815605397742
2024-10-17T19:04:41.816352+00:00,1 42063U 17013A   24291.79492843  .00000771  00000-0  31084-3 0  9995,2 42063  98.5684   4.2874 0000983  92.8382 267.2913 14.30815663397796
2024-10-17T20:45:23.787360+00:00,1 42063U 17013A   24291.86485865  .00000767  00000-0  30941-3 0  9995,2 42063  98.5684   4.3564 0000985  93.1070 267.0226 14.30815728397790
2024-10-18T05:08:53.621664+00:00,1 42063U 17013A   24292.21450951  .00000812  00000-0  32644-3 0  9996,2 42063  98.5684   4.7009 0000979  93.3384 266.7911 14.30816424397859
2024-10-18T11:51:41.484960+00:00,1 42063U 17013A   24292.49423015  .00000833  00000-0  33434-3 0  9998,2 42063  98.5684   4.9766 0000982  93.3876 266.7419 14.30816879397881
2024-10-18T11:51:41.484960+00:00,1 42063U 17013A   24292.49423015  .00000833  00000-0  33434-3 0  9998,2 42063  98.5684   4.9766 0000982  93.3876 266.7419 14.30816879397892
2024-10-18T21:55:53.289408+00:00,1 42063U 17013A   24292.91381122  .00000732  00000-0  29582-3 0  9994,2 42063  98.5683   5.3901 0000978  94.1165 266.0130 14.30816757397946
2024-10-19T04:38:41.134560+00:00,1 42063U 17013A   24293.19353165  .00000852  00000-0  34150-3 0  9991,2 42063  98.5682   5.6658 0000980  94.2005 265.9290 14.30817788397999
2024-10-19T09:40:47.007840+00:00,1 42063U 17013A   24293.40332185  .00000880  00000-0  35248-3 0  9994,2 42063  98.5682   5.8725 0000977  94.1668 265.9627 14.30818216398022
2024-10-19T11:21:29.009952+00:00,1 42063U 17013A   24293.47325243  .00000862  00000-0  34551-3 0  9994,2 42063  98.5682   5.9415 0000980  94.1887 265.9408 14.30818056398025
2024-10-19T19:44:58.862400+00:00,1 42063U 17013A   24293.82290350  .00000681  00000-0  27657-3 0  9991,2 42063  98.5681   6.2860 0000984  94.6140 265.5156 14.30817355398086
2024-10-19T21:25:40.823040+00:00,1 42063U 17013A   24293.89283360  .00000682  00000-0  27691-3 0  9990,2 42063  98.5681   6.3549 0000983  94.5673 265.5622 14.30817436398088
2024-10-20T04:08:28.644864+00:00,1 42063U 17013A   24294.17255376  .00000714  00000-0  28908-3 0  9996,2 42063  98.5681   6.6306 0000983  94.7224 265.4071 14.30818034398134
2024-10-20T12:31:58.494720+00:00,1 42063U 17013A   24294.52220480  .00000691  00000-0  28037-3 0  9990,2 42063  98.5681   6.9752 0000978  95.0315 265.0980 14.30818125398171
2024-10-20T19:14:46.383072+00:00,1 42063U 17013A   24294.80192573  .00000610  00000-0  24933-3 0  9994,2 42063  98.5680   7.2509 0000971  94.7612 265.3682 14.30817868398224
2024-10-20T20:55:28.340256+00:00,1 42063U 17013A   24294.87185579  .00000613  00000-0  25035-3 0  9996,2 42063  98.5680   7.3198 0000971  94.8771 265.2523 14.30817954398225
2024-10-21T03:38:16.164672+00:00,1 42063U 17013A   24295.15157598  .00000611  00000-0  24979-3 0  9992,2 42063  98.5679   7.5955 0000967  95.0471 265.0822 14.30818314398277
2024-10-21T12:01:46.017120+00:00,1 42063U 17013A   24295.50122705  .00000469  00000-0  19568-3 0  9992,2 42063  98.5679   7.9400 0000963  95.1513 264.9780 14.30817667398316
2024-10-21T12:01:46.017120+00:00,1 42063U 17013A   24295.50122705  .00000469  00000-0  19568-3 0  9992,2 42063  98.5679   7.9400 0000963  95.1513 264.9780 14.30817667398327
2024-10-21T18:44:33.845856+00:00,1 42063U 17013A   24295.78094729  .00000433  00000-0  18199-3 0  9996,2 42063  98.5679   8.2157 0000964  95.5924 264.5368 14.30817786398365
2024-10-21T22:05:57.759360+00:00,1 42063U 17013A   24295.92080740  .00000437  00000-0  18341-3 0  9993,2 42063  98.5679   8.3535 0000966  95.4659 264.6634 14.30817933398374
2024-10-22T04:48:45.617472+00:00,1 42063U 17013A   24296.20052798  .00000364  00000-0  15547-3 0  9991,2 42063  98.5678   8.6293 0000960  95.4529 264.6764 14.30817723398424
2024-10-22T11:31:33.440160+00:00,1 42063U 17013A   24296.48024815  .00000371  00000-0  15831-3 0  9994,2 42063  98.5679   8.9050 0000965  95.3369 264.7924 14.30818008398454
2024-10-22T11:31:33.440160+00:00,1 42063U 17013A   24296.48024815  .00000371  00000-0  15831-3 0  9994,2 42063  98.5679   8.9050 0000965  95.3369 264.7924 14.30818008398465
2024-10-22T19:55:03.209664+00:00,1 42063U 17013A   24296.82989826  .00000366  00000-0  15636-3 0  9991,2 42063  98.5678   9.2495 0000960  95.3834 264.7459 14.30818360398513
2024-10-22T21:35:45.166848+00:00,1 42063U 17013A   24296.89982832  .00000359  00000-0  15367-3 0  9991,2 42063  98.5678   9.3184 0000964  95.5103 264.6190 14.30818385398512
2024-10-23T07:39:56.888352+00:00,1 42063U 17013A   24297.31940843  .00000350  00000-0  15031-3 0  9994,2 42063  98.5677   9.7319 0000969  96.2464 263.8830 14.30818760398584
2024-10-23T11:01:20.791488+00:00,1 42063U 17013A   24297.45926842  .00000362  00000-0  15479-3 0  9991,2 42063  98.5677   9.8698 0000970  96.2826 263.8468 14.30818971398603
2024-10-23T12:42:02.743488+00:00,1 42063U 17013A   24297.52919842  .00000363  00000-0  15504-3 0  9991,2 42063  98.5677   9.9387 0000971  96.2327 263.8967 14.30819039398606
2024-10-23T19:24:50.541984+00:00,1 42063U 17013A   24297.80891831  .00000357  00000-0  15287-3 0  9990,2 42063  98.5677  10.2143 0000966  95.8556 264.2737 14.30819334398646
2024-10-24T03:48:20.284704+00:00,1 42063U 17013A   24298.15856811  .00000397  00000-0  16808-3 0  9992,2 42063  98.5676  10.5589 0000960  96.1744 263.9548 14.30819881398709
2024-10-24T10:31:08.065920+00:00,1 42063U 17013A   24298.43828780  .00000481  00000-0  20010-3 0  9991,2 42063  98.5677  10.8346 0000955  96.2739 263.8553 14.30820558398745
2024-10-24T12:11:50.011008+00:00,1 42063U 17013A   24298.50821772  .00000491  00000-0  20406-3 0  9993,2 42063  98.5677  10.9036 0000959  96.2342 263.8950 14.30820681398744
2024-10-24T18:54:37.802592+00:00,1 42063U 17013A   24298.78793753  .00000429  00000-0  18018-3 0  9997,2 42063  98.5677  11.1792 0000953  96.4693 263.6599 14.30820659398787
2024-10-24T18:54:37.802592+00:00,1 42063U 17013A   24298.78793753  .00000429  00000-0  18018-3 0  9997,2 42063  98.5677  11.1792 0000953  96.4693 263.6599 14.30820659398798
2024-10-25T11:41:37.577472+00:00,1 42063U 17013A   24299.48724048 -.00000728  00000-0 -26120-3 0  9993,2 42063  98.5680  11.8683 0000971  88.5275 271.6019 14.30815235398897
2024-10-25T20:05:07.438560+00:00,1 42063U 17013A   24299.83689165 -.00000702  00000-0 -25130-3 0  9994,2 42063  98.5677  12.2127 0000964  88.1512 271.9782 14.30815263398940
2024-10-25T21:45:49.408704+00:00,1 42063U 17013A   24299.90682186 -.00000702  00000-0 -25108-3 0  9993,2 42063  98.5677  12.2817 0000959  88.2950 271.8343 14.30815162398947
2024-10-26T04:28:37.240896+00:00,1 42063U 17013A   24300.18654214 -.00000712  00000-0 -25523-3 0  9999,2 42063  98.5677  12.5574 0000932  88.2852 271.8437 14.30814975398992
2024-10-26T11:11:25.093824+00:00,1 42063U 17013A   24300.46626266 -.00000759  00000-0 -27293-3 0  9993,2 42063  98.5677  12.8331 0000921  90.0658 270.0630 14.30814435399021
2024-10-26T11:11:25.093824+00:00,1 42063U 17013A   24300.46626266 -.00000759  00000-0 -27293-3 0  9993,2 42063  98.5677  12.8331 0000921  90.0658 270.0630 14.30814435399032
2024-10-26T21:15:36.887904+00:00,1 42063U 17013A   24300.88584361 -.00000767  00000-0 -27592-3 0  9999,2 42063  98.5674  13.2464 0000980  87.5270 272.6025 14.30817328399082
2024-10-27T03:58:24.758112+00:00,1 42063U 17013A   24301.16556433 -.00000870  00000-0 -31539-3 0  9991,2 42063  98.5677  13.5221 0000973  90.8092 269.3203 14.30816411399139
2024-10-27T10:41:12.564384+00:00,1 42063U 17013A   24301.44528431 -.00000921  00000-0 -33478-3 0  9990,2 42063  98.5677  13.7979 0000992  92.8043 267.3254 14.30816439399178
2024-10-27T14:02:36.483936+00:00,1 42063U 17013A   24301.58514449 -.00000925  00000-0 -33620-3 0  9992,2 42063  98.5677  13.9358 0000991  92.8084 267.3212 14.30816265399187
2024-10-27T19:04:42.382272+00:00,1 42063U 17013A   24301.79493498 -.00000939  00000-0 -34161-3 0  9991,2 42063  98.5674  14.1424 0000996  90.4070 269.7227 14.30816530399227
2024-10-27T22:26:06.296640+00:00,1 42063U 17013A   24301.93479510 -.00000941  00000-0 -34259-3 0  9997,2 42063  98.5674  14.2801 0000983  90.8995 269.2300 14.30816398399233
2024-10-28T03:28:12.113760+00:00,1 42063U 17013A   24302.14458465 -.00000946  00000-0 -34414-3 0  9995,2 42063  98.5675  14.4868 0000919  92.7040 267.4248 14.30817815399270
2024-10-28T11:51:41.846976+00:00,1 42063U 17013A   24302.49423434 -.00000980  00000-0 -35737-3 0  9998,2 42063  98.5676  14.8316 0000965  90.9467 269.1827 14.30818275399326
2024-10-28T13:32:23.799840+00:00,1 42063U 17013A   24302.56416435 -.00000982  00000-0 -35790-3 0  9990,2 42063  98.5676  14.9005 0000965  90.6003 269.5290 14.30818200399321
2024-10-28T18:34:29.649792+00:00,1 42063U 17013A   24302.77395428 -.00000977  00000-0 -35627-3 0  9994,2 42063  98.5675  15.1073 0000977  89.7032 270.4263 14.30818328399368
2024-10-28T21:55:53.533056+00:00,1 42063U 17013A   24302.91381404 -.00000980  00000-0 -35712-3 0  9998,2 42063  98.5674  15.2450 0000981  91.1099 269.0197 14.30818518399374
2024-10-28T21:55:53.533056+00:00,1 42063U 17013A   24302.91381404 -.00000980  00000-0 -35712-3 0  9998,2 42063  98.5674  15.2450 0000981  91.1099 269.0197 14.30818518399385
2024-10-29T11:21:28.897632+00:00,1 42063U 17013A   24303.47325113 -.00000673  00000-0 -24028-3 0  9992,2 42063  98.5677  15.7967 0000898  93.0809 267.0477 14.30822120399465
2024-10-29T13:02:10.835808+00:00,1 42063U 17013A   24303.54318097 -.00000674  00000-0 -24067-3 0  9997,2 42063  98.5677  15.8655 0000896  92.9020 267.2265 14.30822038399466
2024-10-29T14:42:52.773120+00:00,1 42063U 17013A   24303.61311080 -.00000675  00000-0 -24104-3 0  9993,2 42063  98.5676  15.9343 0000896  92.2695 267.8591 14.30822096399485
2024-10-29T23:06:22.461408+00:00,1 42063U 17013A   24303.96275997 -.00000686  00000-0 -24525-3 0  9996,2 42063  98.5675  16.2787 0000887  93.0111 267.1174 14.30822058399525
2024-10-30T04:08:28.281120+00:00,1 42063U 17013A   24304.17254955 -.00000696  00000-0 -24893-3 0  9990,2 42063  98.5675  16.4855 0000869  91.7574 268.3708 14.30821970399563
2024-10-30T10:51:16.018272+00:00,1 42063U 17013A   24304.45226873 -.00000698  00000-0 -24961-3 0  9997,2 42063  98.5675  16.7612 0000849  92.1319 267.9961 14.30821952399608
2024-10-30T12:31:57.936576+00:00,1 42063U 17013A   24304.52219834 -.00000699  00000-0 -24996-3 0  9993,2 42063  98.5675  16.8301 0000887  94.1223 266.0061 14.30822035399606
2024-10-30T12:31:57.936576+00:00,1 42063U 17013A   24304.52219834 -.00000699  00000-0 -24996-3 0  9993,2 42063  98.5675  16.8301 0000887  94.1223 266.0061 14.30822035399617
2024-11-01T11:31:31.578240+00:00,1 42063U 17013A   24306.48022660  .00000962  00000-0  38334-3 0  9991,2 42063  98.5672  18.7595 0000970  97.1500 262.9793 14.30828358399895
2024-11-01T13:12:13.489632+00:00,1 42063U 17013A   24306.55015613  .00000993  00000-0  39533-3 0  9995,2 42063  98.5671  18.8284 0000966  96.8428 263.2865 14.30828551399899
2024-11-01T19:55:01.129152+00:00,1 42063U 17013A   24306.82987418  .00000955  00000-0  38092-3 0  9993,2 42063  98.5670  19.1039 0000970  96.4456 263.6837 14.30829241399948
2024-11-01T21:35:43.041408+00:00,1 42063U 17013A   24306.89980372  .00000932  00000-0  37224-3 0  9993,2 42063  98.5670  19.1728 0000966  96.1737 263.9556 14.30829306399940
2024-11-02T02:37:48.766080+00:00,1 42063U 17013A   24307.10959220  .00000927  00000-0  37022-3 0  9996,2 42063  98.5669  19.3795 0000965  96.9106 263.2187 14.30829693399987
2024-11-02T11:01:18.287616+00:00,1 42063U 17013A   24307.45923944  .00000954  00000-0  38038-3 0  9996,2 42063  98.5670  19.7242 0000957  96.9434 263.1857 14.30830533400032
2024-11-02T12:42:00.192096+00:00,1 42063U 17013A   24307.52916889  .00000948  00000-0  37800-3 0  9993,2 42063  98.5669  19.7930 0000952  96.5007 263.6284 14.30830654400034
2024-11-02T19:24:47.782368+00:00,1 42063U 17013A   24307.80888637  .00000987  00000-0  39301-3 0  9994,2 42063  98.5668  20.0685 0000969  96.8380 263.2913 14.30831546400081
2024-11-02T21:05:29.683392+00:00,1 42063U 17013A   24307.87881578  .00000982  00000-0  39130-3 0  9993,2 42063  98.5668  20.1374 0000970  96.9626 263.1667 14.30831663400088
2024-11-03T03:48:17.270208+00:00,1 42063U 17013A   24308.15853322  .00000955  00000-0  38094-3 0  9999,2 42063  98.5668  20.4133 0000981  98.5529 261.5765 14.30832204400135
2024-11-03T12:11:46.738176+00:00,1 42063U 17013A   24308.50817984  .00000958  00000-0  38192-3 0  9994,2 42063  98.5668  20.7578 0000985  99.2967 260.8328 14.30832961400170
2024-11-03T12:11:46.738176+00:00,1 42063U 17013A   24308.50817984  .00000958  00000-0  38192-3 0  9994,2 42063  98.5668  20.7578 0000985  99.2967 260.8328 14.30832961400181
2024-11-03T18:54:34.337088+00:00,1 42063U 17013A   24308.78789742  .00000960  00000-0  38259-3 0  9991,2 42063  98.5666  21.0333 0000984  99.4819 260.6475 14.30833422400228
2024-11-03T22:15:58.093344+00:00,1 42063U 17013A   24308.92775571  .00001010  00000-0  40194-3 0  9990,2 42063  98.5666  21.1711 0000988  99.5976 260.5318 14.30834048400239
2024-11-04T06:39:27.518976+00:00,1 42063U 17013A   24309.27740184  .00001045  00000-0  41504-3 0  9995,2 42063  98.5666  21.5157 0000979  99.7452 260.3841 14.30834966400292
2024-11-04T11:41:33.179712+00:00,1 42063U 17013A   24309.48718958  .00001025  00000-0  40735-3 0  9995,2 42063  98.5666  21.7224 0000984  99.6297 260.4997 14.30835318400320
2024-11-04T15:02:56.959296+00:00,1 42063U 17013A   24309.62704814  .00000908  00000-0  36285-3 0  9991,2 42063  98.5666  21.8602 0000982  99.3107 260.8187 14.30834929400339
2024-11-04T18:24:20.728512+00:00,1 42063U 17013A   24309.76690658  .00000884  00000-0  35371-3 0  9994,2 42063  98.5665  21.9981 0000980  99.4297 260.6997 14.30835121400363
2024-11-04T21:45:44.487360+00:00,1 42063U 17013A   24309.90676490  .00000871  00000-0  34893-3 0  9992,2 42063  98.5665  22.1359 0000986  99.6147 260.5147 14.30835365400374
2024-11-05T04:28:32.018016+00:00,1 42063U 17013A   24310.18648169  .00000823  00000-0  33045-3 0  9991,2 42063  98.5665  22.4115 0000995 100.1662 259.9633 14.30835736400427
2024-11-05T11:11:19.536576+00:00,1 42063U 17013A   24310.46619834  .00000857  00000-0  34351-3 0  9997,2 42063  98.5665  22.6872 0000998 100.0903 260.0393 14.30836441400463
2024-11-05T12:52:01.418592+00:00,1 42063U 17013A   24310.53612753  .00000765  00000-0  30832-3 0  9996,2 42063  98.5665  22.7561 0000995 100.2309 259.8986 14.30836098400460
2024-11-05T17:54:07.051680+00:00,1 42063U 17013A   24310.74591495  .00000741  00000-0  29908-3 0  9994,2 42063  98.5665  22.9629 0000991 100.1441 259.9853 14.30836407400502
2024-11-06T03:58:18.292800+00:00,1 42063U 17013A   24311.16548950  .00000706  00000-0  28593-3 0  9999,2 42063  98.5664  23.3763 0000988 100.3519 259.7775 14.30837098400563
2024-11-06T05:39:00.158400+00:00,1 42063U 17013A   24311.23541850  .00000859  00000-0  34436-3 0  9991,2 42063  98.5664  23.4452 0000989 100.2710 259.8585 14.30838062400575
2024-11-06T10:41:05.769888+00:00,1 42063U 17013A   24311.44520567  .00000850  00000-0  34085-3 0  9997,2 42063  98.5664  23.6519 0000996 100.5092 259.6203 14.30838430400603
2024-11-06T12:21:47.638080+00:00,1 42063U 17013A   24311.51513470  .00000860  00000-0  34470-3 0  9999,2 42063  98.5664  23.7208 0000998 100.3961 259.7334 14.30838631400603
2024-11-06T19:04:35.107392+00:00,1 42063U 17013A   24311.79485078  .00000856  00000-0  34284-3 0  9999,2 42063  98.5663  23.9964 0001003 100.4164 259.7132 14.30839165400651
2024-11-06T22:25:58.839456+00:00,1 42063U 17013A   24311.93470879  .00000771  00000-0  31056-3 0  9998,2 42063  98.5663  24.1342 0001007 100.7568 259.3728 14.30839015400661
2024-11-07T03:28:04.440576+00:00,1 42063U 17013A   24312.14449584  .00000748  00000-0  30191-3 0  9994,2 42063  98.5663  24.3409 0001004 100.6854 259.4442 14.30839298400703
2024-11-07T13:32:15.621216+00:00,1 42063U 17013A   24312.56406969  .00000795  00000-0  31972-3 0  9990,2 42063  98.5663  24.7544 0001001 100.5387 259.5909 14.30840264400753
2024-11-07T16:53:39.341184+00:00,1 42063U 17013A   24312.70392756  .00000794  00000-0  31938-3 0  9995,2 42063  98.5663  24.8923 0000996 100.3416 259.7879 14.30840526400779
2024-11-07T16:53:39.341184+00:00,1 42063U 17013A   24312.70392756  .00000794  00000-0  31938-3 0  9995,2 42063  98.5663  24.8923 0000996 100.3416 259.7879 14.30840526400780
2024-11-09T10:51:09.646272+00:00,1 42063U 17013A   24314.45219498  .00000958  00000-0  38196-3 0  9995,2 42063  98.5662  26.6147 0001109  93.6778 266.4532 14.30808180401039
2024-11-09T12:31:51.578400+00:00,1 42063U 17013A   24314.52212475  .00001113  00000-0  44144-3 0  9995,2 42063  98.5662  26.6836 0001111  93.5049 266.6261 14.30809402401036
2024-11-09T19:14:39.547968+00:00,1 42063U 17013A   24314.80184662  .00001066  00000-0  42349-3 0  9994,2 42063  98.5661  26.9592 0001114  93.8986 266.2324 14.30809882401086
2024-11-09T20:55:21.617472+00:00,1 42063U 17013A   24314.87177798  .00001003  00000-0  39937-3 0  9993,2 42063  98.5661  27.0281 0001117  93.9357 266.1954 14.30809416401080
2024-11-10T03:38:09.582720+00:00,1 42063U 17013A   24315.15149980  .00000997  00000-0  39701-3 0  9997,2 42063  98.5661  27.3038 0001119  94.4185 265.7126 14.30809973401130
2024-11-10T12:01:39.562176+00:00,1 42063U 17013A   24315.50115234  .00000899  00000-0  35954-3 0  9998,2 42063  98.5661  27.6483 0001124  94.2687 265.8625 14.30810063401180
2024-11-10T13:42:21.577248+00:00,1 42063U 17013A   24315.57108307  .00000784  00000-0  31571-3 0  9992,2 42063  98.5661  27.7172 0001125  94.4896 265.6416 14.30809519401181
2024-11-10T18:44:27.551616+00:00,1 42063U 17013A   24315.78087444  .00000755  00000-0  30477-3 0  9995,2 42063  98.5661  27.9239 0001123  94.4150 265.7161 14.30809781401222
2024-11-10T22:05:51.521280+00:00,1 42063U 17013A   24315.92073520  .00000821  00000-0  33000-3 0  9990,2 42063  98.5661  28.0617 0001124  94.3817 265.7494 14.30810412401237
2024-11-11T03:07:57.486144+00:00,1 42063U 17013A   24316.13052646  .00000799  00000-0  32162-3 0  9992,2 42063  98.5661  28.2684 0001123  94.2489 265.8822 14.30810700401276
2024-11-11T06:29:21.479136+00:00,1 42063U 17013A   24316.27038749  .00000754  00000-0  30416-3 0  9996,2 42063  98.5661  28.4062 0001124  94.3783 265.7529 14.30810643401298
2024-11-11T13:12:09.427968+00:00,1 42063U 17013A   24316.55010912  .00000718  00000-0  29040-3 0  9990,2 42063  98.5661  28.6818 0001127  94.3711 265.7601 14.30810919401324
2024-11-11T18:14:15.382464+00:00,1 42063U 17013A   24316.75990026  .00000703  00000-0  28487-3 0  9993,2 42063  98.5661  28.8885 0001126  94.3257 265.8054 14.30811221401368
2024-11-12T04:18:27.299232+00:00,1 42063U 17013A   24317.17948263  .00000601  00000-0  24592-3 0  9996,2 42063  98.5660  29.3018 0001132  94.3875 265.7437 14.30811464401424
2024-11-12T11:01:15.240288+00:00,1 42063U 17013A   24317.45920417  .00000602  00000-0  24618-3 0  9998,2 42063  98.5660  29.5775 0001129  94.5917 265.5395 14.30811780401467
2024-11-12T12:41:57.227712+00:00,1 42063U 17013A   24317.52913458  .00000616  00000-0  25166-3 0  9997,2 42063  98.5660  29.6464 0001127  94.3494 265.7817 14.30811927401463
2024-11-12T19:24:45.150624+00:00,1 42063U 17013A   24317.80885591  .00000599  00000-0  24507-3 0  9992,2 42063  98.5660  29.9219 0001123  94.2338 265.8973 14.30812270401518
2024-11-12T22:46:09.115104+00:00,1 42063U 17013A   24317.94871661  .00000524  00000-0  21655-3 0  9999,2 42063  98.5659  30.0597 0001120  94.6671 265.4639 14.30812035401524
2024-11-13T03:48:15.055776+00:00,1 42063U 17013A   24318.15850759  .00000504  00000-0  20883-3 0  9998,2 42063  98.5659  30.2664 0001120  94.7234 265.4077 14.30812267401564
2024-11-13T12:11:44.958336+00:00,1 42063U 17013A   24318.50815924  .00000539  00000-0  22212-3 0  9998,2 42063  98.5659  30.6109 0001122  94.7479 265.3832 14.30812940401606
2024-11-13T12:11:44.958336+00:00,1 42063U 17013A   24318.50815924  .00000539  00000-0  22212-3 0  9998,2 42063  98.5659  30.6109 0001122  94.7479 265.3832 14.30812940401617
2024-11-13T17:13:50.898144+00:00,1 42063U 17013A   24318.71795021  .00000503  00000-0  20858-3 0  9991,2 42063  98.5659  30.8176 0001121  94.6778 265.4533 14.30813010401633
2024-11-13T17:13:50.898144+00:00,1 42063U 17013A   24318.71795021  .00000503  00000-0  20858-3 0  9991,2 42063  98.5659  30.8176 0001121  94.6778 265.4533 14.30813010401644
2024-11-13T22:15:56.824128+00:00,1 42063U 17013A   24318.92774102  .00000470  00000-0  19603-3 0  9990,2 42063  98.5658  31.0243 0001121  94.7660 265.3651 14.30813178401670
2024-11-14T10:00:50.662656+00:00,1 42063U 17013A   24319.41725304  .00000454  00000-0  18991-3 0  9996,2 42063  98.5658  31.5066 0001117  94.7094 265.4216 14.30813615401746
2024-11-14T13:22:14.608128+00:00,1 42063U 17013A   24319.55711352  .00000456  00000-0  19061-3 0  9990,2 42063  98.5658  31.6444 0001117  94.7548 265.3762 14.30813748401754
2024-11-14T13:22:14.608128+00:00,1 42063U 17013A   24319.55711352  .00000456  00000-0  19061-3 0  9990,2 42063  98.5658  31.6444 0001117  94.7548 265.3762 14.30813748401765
2024-11-15T04:28:32.649600+00:00,1 42063U 17013A   24320.18648900  .00000419  00000-0  17644-3 0  9993,2 42063  98.5741  32.2650 0001133  93.7877 266.3435 14.30805759401857
2024-11-15T11:11:20.678784+00:00,1 42063U 17013A   24320.46621156  .00000106  00000-0  57072-4 0  9991,2 42063  98.5741  32.5407 0001135  93.6232 266.5081 14.30805663401893
2024-11-15T14:32:44.691648+00:00,1 42063U 17013A   24320.60607282  .00000135  00000-0  68028-4 0  9996,2 42063  98.5741  32.6787 0001136  94.4148 265.7164 14.30805774401909
2024-11-15T17:54:08.708832+00:00,1 42063U 17013A   24320.74593413  .00000134  00000-0  67707-4 0  9993,2 42063  98.5741  32.8165 0001136  93.7163 266.4150 14.30805833401932
2024-11-15T21:15:32.720832+00:00,1 42063U 17013A   24320.88579538  .00000138  00000-0  69383-4 0  9996,2 42063  98.5740  32.9544 0001140  93.6382 266.4931 14.30805961401940
2024-11-16T03:58:20.745696+00:00,1 42063U 17013A   24321.16551789  .00000137  00000-0  68778-4 0  9992,2 42063  98.5740  33.2304 0001127  93.1877 266.9434 14.30806100401991
2024-11-16T05:39:02.757312+00:00,1 42063U 17013A   24321.23544858  .00000116  00000-0  60900-4 0  9995,2 42063  98.5740  33.2994 0001125  93.4017 266.7295 14.30806024401991
2024-11-16T10:41:08.774016+00:00,1 42063U 17013A   24321.44524044  .00000114  00000-0  60058-4 0  9995,2 42063  98.5740  33.5063 0001123  93.1584 266.9728 14.30806137402039
2024-11-16T19:04:38.800128+00:00,1 42063U 17013A   24321.79489352  .00000106  00000-0  56977-4 0  9991,2 42063  98.5740  33.8511 0001125  92.9152 267.2160 14.30806291402080
2024-11-17T03:28:08.822784+00:00,1 42063U 17013A   24322.14454656  .00000092  00000-0  51806-4 0  9990,2 42063  98.5739  34.1959 0001132  93.1446 266.9866 14.30806395402135
2024-11-17T18:34:26.826240+00:00,1 42063U 17013A   24322.77392160  .00000321  00000-0  13915-3 0  9993,2 42063  98.5739  34.8166 0001115  93.0154 267.1157 14.30807365402222
2024-11-17T21:55:50.830464+00:00,1 42063U 17013A   24322.91378276  .00000303  00000-0  13219-3 0  9998,2 42063  98.5738  34.9545 0001114  92.8595 267.2716 14.30807359402234
2024-11-18T02:57:56.832480+00:00,1 42063U 17013A   24323.12357445  .00000298  00000-0  13045-3 0  9997,2 42063  98.5738  35.1614 0001110  92.8020 267.3290 14.30807504402277
2024-11-18T11:21:26.836128+00:00,1 42063U 17013A   24323.47322727  .00000296  00000-0  12978-3 0  9992,2 42063  98.5738  35.5063 0001113  92.7007 267.4303 14.30807720402328
2024-11-18T13:02:08.835648+00:00,1 42063U 17013A   24323.54315782  .00000294  00000-0  12893-3 0  9997,2 42063  98.5738  35.5752 0001114  92.7874 267.3436 14.30807781402329
2024-11-18T18:04:14.832480+00:00,1 42063U 17013A   24323.75294945  .00000288  00000-0  12650-3 0  9991,2 42063  98.5737  35.7821 0001112  92.7425 267.3885 14.30807914402367
2024-11-18T21:25:38.828928+00:00,1 42063U 17013A   24323.89281052  .00000290  00000-0  12749-3 0  9993,2 42063  98.5737  35.9200 0001119  92.8661 267.2650 14.30808024402373
2024-11-19T04:08:26.821824+00:00,1 42063U 17013A   24324.17253266  .00000280  00000-0  12336-3 0  9992,2 42063  98.5737  36.1959 0001108  92.5829 267.5480 14.30808183402424
2024-11-19T10:51:14.806080+00:00,1 42063U 17013A   24324.45225470  .00000295  00000-0  12920-3 0  9994,2 42063  98.5737  36.4718 0001108  92.7429 267.3881 14.30808469402462
2024-11-19T12:31:56.798688+00:00,1 42063U 17013A   24324.52218517  .00000295  00000-0  12920-3 0  9996,2 42063  98.5737  36.5407 0001108  92.8188 267.3122 14.30808542402461
2024-11-19T19:14:44.779488+00:00,1 42063U 17013A   24324.80190717  .00000292  00000-0  12809-3 0  9991,2 42063  98.5736  36.8166 0001105  92.8449 267.2860 14.30808741402517
2024-11-19T20:55:26.768640+00:00,1 42063U 17013A   24324.87183760  .00000337  00000-0  14541-3 0  9993,2 42063  98.5736  36.8855 0001104  92.8426 267.2883 14.30809055402510
2024-11-20T03:38:14.744256+00:00,1 42063U 17013A   24325.15155954  .00000330  00000-0  14276-3 0  9997,2 42063  98.5736  37.1614 0001100  92.7816 267.3493 14.30809248402562
2024-11-20T10:21:02.725056+00:00,1 42063U 17013A   24325.43128154  .00000294  00000-0  12882-3 0  9990,2 42063  98.5736  37.4372 0001098  93.0248 267.1061 14.30809195402600
2024-11-20T13:42:26.701632+00:00,1 42063U 17013A   24325.57114238  .00000318  00000-0  13781-3 0  9999,2 42063  98.5736  37.5752 0001096  92.8788 267.2520 14.30809440402612
2024-11-20T17:03:50.683392+00:00,1 42063U 17013A   24325.71100328  .00000322  00000-0  13968-3 0  9992,2 42063  98.5735  37.7131 0001096  92.8569 267.2739 14.30809579402649
2024-11-20T22:05:56.668128+00:00,1 42063U 17013A   24325.92079477  .00000318  00000-0  13817-3 0  9993,2 42063  98.5735  37.9200 0001097  92.8124 267.3185 14.30809670402666
2024-11-21T03:08:02.640768+00:00,1 42063U 17013A   24326.13058612  .00000318  00000-0  13786-3 0  9990,2 42063  98.5735  38.1268 0001091  92.7926 267.3382 14.30809834402702
2024-11-21T13:12:14.579136+00:00,1 42063U 17013A   24326.55016874  .00000344  00000-0  14794-3 0  9999,2 42063  98.5735  38.5406 0001096  92.9269 267.2040 14.30810282402751
2024-11-21T14:52:56.568288+00:00,1 42063U 17013A   24326.62009917  .00000344  00000-0  14790-3 0  9993,2 42063  98.5735  38.6096 0001096  92.9739 267.1570 14.30810342402775
2024-11-21T19:55:02.534016+00:00,1 42063U 17013A   24326.82989044  .00000379  00000-0  16120-3 0  9990,2 42063  98.5734  38.8164 0001096  92.9706 267.1602 14.30810672402790
2024-11-22T02:37:50.484576+00:00,1 42063U 17013A   24327.10961209  .00000381  00000-0  16194-3 0  9999,2 42063  98.5734  39.0923 0001091  92.9190 267.2117 14.30810899402847
2024-11-22T11:01:20.413920+00:00,1 42063U 17013A   24327.45926405  .00000380  00000-0  16182-3 0  9992,2 42063  98.5734  39.4371 0001089  93.0344 267.0964 14.30811192402898
2024-11-22T12:42:02.405664+00:00,1 42063U 17013A   24327.52919451  .00000356  00000-0  15234-3 0  9993,2 42063  98.5734  39.5061 0001084  93.0221 267.1086 14.30811082402898
2024-11-22T17:44:08.360160+00:00,1 42063U 17013A   24327.73898565  .00000362  00000-0  15495-3 0  9994,2 42063  98.5734  39.7129 0001086  92.9280 267.2027 14.30811293402935
2024-11-22T21:05:32.320320+00:00,1 42063U 17013A   24327.87884630  .00000421  00000-0  17717-3 0  9992,2 42063  98.5734  39.8508 0001085  92.8655 267.2652 14.30811742402945
2024-11-23T02:07:38.269632+00:00,1 42063U 17013A   24328.08863738  .00000420  00000-0  17681-3 0  9991,2 42063  98.5734  40.0577 0001084  93.0161 267.1146 14.30811926402984
2024-11-23T10:31:08.181696+00:00,1 42063U 17013A   24328.43828914  .00000402  00000-0  16996-3 0  9995,2 42063  98.5734  40.4025 0001084  93.2058 266.9249 14.30812121403039
2024-11-23T12:11:50.166528+00:00,1 42063U 17013A   24328.50821952  .00000372  00000-0  15841-3 0  9992,2 42063  98.5734  40.4715 0001086  93.3627 266.7680 14.30812008403031
2024-11-23T18:54:38.088576+00:00,1 42063U 17013A   24328.78794084  .00000378  00000-0  16103-3 0  9995,2 42063  98.5734  40.7473 0001089  93.3179 266.8129 14.30812282403088
2024-11-23T20:35:20.069088+00:00,1 42063U 17013A   24328.85787117  .00000394  00000-0  16706-3 0  9999,2 42063  98.5733  40.8163 0001086  93.1781 266.9526 14.30812415403088
2024-11-24T03:18:07.987680+00:00,1 42063U 17013A   24329.13759245  .00000389  00000-0  16507-3 0  9995,2 42063  98.5733  41.0921 0001082  93.2817 266.8490 14.30812639403133
2024-11-24T11:41:37.877280+00:00,1 42063U 17013A   24329.48724395  .00000380  00000-0  16150-3 0  9996,2 42063  98.5733  41.4369 0001086  93.4920 266.6387 14.30812892403183
2024-11-24T13:22:19.855200+00:00,1 42063U 17013A   24329.55717425  .00000396  00000-0  16774-3 0  9999,2 42063  98.5733  41.5059 0001086  93.5928 266.5379 14.30813038403182
2024-11-24T18:24:25.786368+00:00,1 42063U 17013A   24329.76696512  .00000398  00000-0  16841-3 0  9992,2 42063  98.5733  41.7128 0001081  93.1948 266.9359 14.30813230403225
2024-11-24T21:45:49.738752+00:00,1 42063U 17013A   24329.90682568  .00000416  00000-0  17529-3 0  9999,2 42063  98.5733  41.8507 0001081  93.1195 267.0111 14.30813422403233
2024-11-25T02:47:55.665600+00:00,1 42063U 17013A   24330.11661650  .00000405  00000-0  17114-3 0  9991,2 42063  98.5733  42.0576 0001077  93.1866 266.9440 14.30813585403279
2024-11-25T11:11:25.520640+00:00,1 42063U 17013A   24330.46626760  .00000442  00000-0  18516-3 0  9990,2 42063  98.5733  42.4024 0001080  93.2012 266.9295 14.30814162403325
2024-11-25T12:52:07.504608+00:00,1 42063U 17013A   24330.53619797  .00000426  00000-0  17925-3 0  9995,2 42063  98.5733  42.4713 0001077  93.2738 266.8568 14.30814108403323
2024-11-25T16:13:31.449216+00:00,1 42063U 17013A   24330.67605844  .00000426  00000-0  17916-3 0  9998,2 42063  98.5733  42.6092 0001077  93.2328 266.8978 14.30814254403350
2024-11-25T21:15:37.353600+00:00,1 42063U 17013A   24330.88584900  .00000480  00000-0  19963-3 0  9994,2 42063  98.5733  42.8161 0001083  93.2436 266.8871 14.30814764403376
2024-11-26T03:58:25.230720+00:00,1 42063U 17013A   24331.16556980  .00000486  00000-0  20206-3 0  9991,2 42063  98.5733  43.0919 0001072  92.9244 267.2062 14.30815078403423
2024-11-26T10:41:13.103520+00:00,1 42063U 17013A   24331.44529055  .00000488  00000-0  20292-3 0  9992,2 42063  98.5733  43.3678 0001075  93.1111 267.0195 14.30815352403461
2024-11-26T19:04:42.946464+00:00,1 42063U 17013A   24331.79494151  .00000474  00000-0  19765-3 0  9996,2 42063  98.5732  43.7126 0001078  93.3214 266.8092 14.30815617403514
2024-11-26T20:45:24.913152+00:00,1 42063U 17013A   24331.86487168  .00000478  00000-0  19887-3 0  9993,2 42063  98.5732  43.7815 0001078  93.4352 266.6954 14.30815688403516
2024-11-27T03:28:12.775584+00:00,1 42063U 17013A   24332.14459231  .00000465  00000-0  19392-3 0  9992,2 42063  98.5732  44.0574 0001076  93.5841 266.5465 14.30815945403561
2024-11-27T11:51:42.596064+00:00,1 42063U 17013A   24332.49424301  .00000535  00000-0  22076-3 0  9991,2 42063  98.5732  44.4022 0001080  93.5406 266.5900 14.30816674403615
2024-11-27T13:32:24.557568+00:00,1 42063U 17013A   24332.56417312  .00000554  00000-0  22800-3 0  9999,2 42063  98.5732  44.4711 0001081  93.4602 266.6704 14.30816858403615
2024-11-27T18:34:30.442080+00:00,1 42063U 17013A   24332.77396345  .00000552  00000-0  22709-3 0  9990,2 42063  98.5732  44.6780 0001083  93.4641 266.6666 14.30817088403655
2024-11-27T21:55:54.367680+00:00,1 42063U 17013A   24332.91382370  .00000487  00000-0  20259-3 0  9994,2 42063  98.5732  44.8159 0001081  93.4138 266.7168 14.30816880403664
2024-11-28T04:38:42.208512+00:00,1 42063U 17013A   24333.19354408  .00000484  00000-0  20122-3 0  9992,2 42063  98.5731  45.0917 0001072  93.2959 266.8346 14.30817180403716
2024-11-28T11:21:30.037248+00:00,1 42063U 17013A   24333.47326432  .00000576  00000-0  23635-3 0  9993,2 42063  98.5731  45.3676 0001075  93.3907 266.7399 14.30818011403753
2024-11-28T13:02:11.997888+00:00,1 42063U 17013A   24333.54319442  .00000600  00000-0  24546-3 0  9994,2 42063  98.5731  45.4366 0001073  93.3421 266.7885 14.30818189403755
2024-11-28T18:04:17.865120+00:00,1 42063U 17013A   24333.75298455  .00000605  00000-0  24739-3 0  9996,2 42063  98.5731  45.6434 0001076  93.3879 266.7427 14.30818474403796
2024-11-28T21:25:41.780352+00:00,1 42063U 17013A   24333.89284468  .00000535  00000-0  22058-3 0  9994,2 42063  98.5731  45.7814 0001078  93.4291 266.7015 14.30818226403800
2024-11-29T02:27:47.645856+00:00,1 42063U 17013A   24334.10263479  .00000535  00000-0  22092-3 0  9996,2 42063  98.5730  45.9882 0001073  93.4458 266.6847 14.30818458403849
2024-11-29T10:51:17.416224+00:00,1 42063U 17013A   24334.45228491  .00000581  00000-0  23821-3 0  9991,2 42063  98.5730  46.3331 0001075  93.5999 266.5307 14.30819082403895
2024-11-29T12:31:59.362176+00:00,1 42063U 17013A   24334.52221484  .00000542  00000-0  22356-3 0  9993,2 42063  98.5730  46.4020 0001073  93.5839 266.5467 14.30818992403898
2024-11-29T19:14:47.165856+00:00,1 42063U 17013A   24334.80193479  .00000539  00000-0  22231-3 0  9994,2 42063  98.5729  46.6778 0001077  93.7406 266.3900 14.30819335403942
2024-11-29T20:55:29.120448+00:00,1 42063U 17013A   24334.87186482  .00000522  00000-0  21564-3 0  9997,2 42063  98.5729  46.7468 0001076  93.8347 266.2959 14.30819316403945
2024-11-30T03:38:16.919808+00:00,1 42063U 17013A   24335.15158472  .00000514  00000-0  21262-3 0  9993,2 42063  98.5729  47.0226 0001070  93.5412 266.5894 14.30819623403992
2024-11-30T12:01:46.646112+00:00,1 42063U 17013A   24335.50123433  .00000575  00000-0  23588-3 0  9991,2 42063  98.5729  47.3674 0001066  93.2890 266.8415 14.30820378404042
2024-11-30T12:01:46.660800+00:00,1 42063U 17013A   24335.50123450  .00000527  00000-0  21761-3 0  9998,2 42063  98.5729  47.3674 0001066  93.3163 266.8141 14.30820058404036
2024-11-30T18:44:34.446336+00:00,1 42063U 17013A   24335.78095424  .00000530  00000-0  21888-3 0  9991,2 42063  98.5728  47.6432 0001068  93.3851 266.7454 14.30820410404089
2024-11-30T22:05:58.333920+00:00,1 42063U 17013A   24335.92081405  .00000516  00000-0  21354-3 0  9993,2 42063  98.5728  47.7811 0001068  93.3866 266.7439 14.30820503404094
2024-12-01T04:48:46.117728+00:00,1 42063U 17013A   24336.20053377  .00000494  00000-0  20494-3 0  9991,2 42063  98.5727  48.0570 0001065  93.3516 266.7789 14.30820748404143
2024-12-01T11:31:33.888576+00:00,1 42063U 17013A   24336.48025334  .00000541  00000-0  22298-3 0  9990,2 42063  98.5727  48.3328 0001073  93.4295 266.7011 14.30821319404188
2024-12-01T13:12:15.831072+00:00,1 42063U 17013A   24336.55018323  .00000556  00000-0  22871-3 0  9991,2 42063  98.5727  48.4017 0001066  93.2794 266.8511 14.30821470404182
2024-12-01T18:14:21.655104+00:00,1 42063U 17013A   24336.75997286  .00000560  00000-0  23011-3 0  9999,2 42063  98.5726  48.6086 0001070  93.3951 266.7354 14.30821747404226
2024-12-01T21:35:45.535776+00:00,1 42063U 17013A   24336.89983259  .00000531  00000-0  21914-3 0  9997,2 42063  98.5726  48.7465 0001071  93.4471 266.6835 14.30821747404231
2024-12-02T04:18:33.294528+00:00,1 42063U 17013A   24337.17955202  .00000520  00000-0  21500-3 0  9995,2 42063  98.5726  49.0223 0001064  93.3779 266.7526 14.30822050404280
2024-12-02T11:01:21.048096+00:00,1 42063U 17013A   24337.45927139  .00000543  00000-0  22375-3 0  9990,2 42063  98.5725  49.2981 0001065  93.6424 266.4881 14.30822483404329
2024-12-02T12:42:02.987136+00:00,1 42063U 17013A   24337.52920124  .00000495  00000-0  20566-3 0  9991,2 42063  98.5725  49.3671 0001065  93.6846 266.4459 14.30822314404328
2024-12-02T17:44:08.798208+00:00,1 42063U 17013A   24337.73899072  .00000490  00000-0  20363-3 0  9991,2 42063  98.5725  49.5739 0001064  93.7390 266.3914 14.30822552404362
2024-12-02T21:05:32.667648+00:00,1 42063U 17013A   24337.87885032  .00000479  00000-0  19952-3 0  9996,2 42063  98.5724  49.7118 0001066  93.7887 266.3417 14.30822663404379
2024-12-03T03:48:20.409120+00:00,1 42063U 17013A   24338.15856955  .00000465  00000-0  19401-3 0  9994,2 42063  98.5724  49.9877 0001061  93.8269 266.3035 14.30822939404421
2024-12-03T10:31:08.134176+00:00,1 42063U 17013A   24338.43828859  .00000500  00000-0  20724-3 0  9997,2 42063  98.5724  50.2635 0001061  94.0011 266.1293 14.30823438404469
2024-12-03T12:11:50.069760+00:00,1 42063U 17013A   24338.50821840  .00000487  00000-0  20226-3 0  9999,2 42063  98.5724  50.3324 0001062  93.9640 266.1664 14.30823432404468
2024-12-03T18:54:37.798272+00:00,1 42063U 17013A   24338.78793748  .00000471  00000-0  19642-3 0  9997,2 42063  98.5723  50.6083 0001060  94.1439 265.9865 14.30823697404507
2024-12-03T18:54:37.798272+00:00,1 42063U 17013A   24338.78793748  .00000471  00000-0  19642-3 0  9997,2 42063  98.5723  50.6083 0001060  94.1439 265.9865 14.30823697404518
2024-12-04T03:18:07.443360+00:00,1 42063U 17013A   24339.13758615  .00000487  00000-0  20256-3 0  9991,2 42063  98.5722  50.9530 0001058  94.3569 265.7734 14.30824228404569
2024-12-04T11:41:37.091904+00:00,1 42063U 17013A   24339.48723486  .00000469  00000-0  19553-3 0  9995,2 42063  98.5722  51.2978 0001060  94.5452 265.5852 14.30824517404611
2024-12-04T15:03:00.948384+00:00,1 42063U 17013A   24339.62709431  .00000446  00000-0  18689-3 0  9999,2 42063  98.5722  51.4357 0001060  94.6169 265.5135 14.30824565404628
2024-12-04T20:05:06.731808+00:00,1 42063U 17013A   24339.83688347  .00000442  00000-0  18515-3 0  9998,2 42063  98.5722  51.6425 0001060  94.6610 265.4694 14.30824749404664
2024-12-04T21:45:48.650112+00:00,1 42063U 17013A   24339.90681308  .00000460  00000-0  19196-3 0  9992,2 42063  98.5721  51.7115 0001061  94.7091 265.4213 14.30824972404660
2024-12-05T04:28:36.350976+00:00,1 42063U 17013A   24340.18653184  .00000458  00000-0  19123-3 0  9992,2 42063  98.5721  51.9873 0001057  94.6690 265.4613 14.30825284404719
2024-12-05T11:11:24.050976+00:00,1 42063U 17013A   24340.46625059  .00000488  00000-0  20275-3 0  9996,2 42063  98.5721  52.2631 0001060  94.7296 265.4008 14.30825729404758
2024-12-05T12:52:05.975328+00:00,1 42063U 17013A   24340.53618027  .00000458  00000-0  19132-3 0  9998,2 42063  98.5721  52.3321 0001058  94.7756 265.3547 14.30825633404754
2024-12-05T16:13:29.821440+00:00,1 42063U 17013A   24340.67603960  .00000455  00000-0  19028-3 0  9994,2 42063  98.5721  52.4700 0001057  94.7253 265.4050 14.30825787404779
2024-12-05T16:13:29.821440+00:00,1 42063U 17013A   24340.67603960  .00000455  00000-0  19028-3 0  9994,2 42063  98.5721  52.4700 0001057  94.7253 265.4050 14.30825787404780
2024-12-06T03:58:23.781792+00:00,1 42063U 17013A   24341.16555303  .00000423  00000-0  17798-3 0  9993,2 42063  98.5721  52.9527 0001112  90.5969 269.5341 14.30811416404852
2024-12-06T10:41:11.706432+00:00,1 42063U 17013A   24341.44527438  .00000156  00000-0  76100-4 0  9998,2 42063  98.5720  53.2286 0001112  91.6154 268.5156 14.30811697404893
2024-12-06T15:43:17.652288+00:00,1 42063U 17013A   24341.65506542  .00000495  00000-0  20562-3 0  9990,2 42063  98.5719  53.4354 0001110  91.5612 268.5698 14.30812039404910
2024-12-06T19:04:41.615904+00:00,1 42063U 17013A   24341.79492611  .00000465  00000-0  19411-3 0  9994,2 42063  98.5719  53.5733 0001115  92.1645 267.9666 14.30812113404944
2024-12-06T20:45:23.595552+00:00,1 42063U 17013A   24341.86485643  .00000449  00000-0  18815-3 0  9998,2 42063  98.5719  53.6422 0001113  92.0853 268.0458 14.30812042404940
2024-12-07T03:28:11.519328+00:00,1 42063U 17013A   24342.14457777  .00000212  00000-0  97570-4 0  9991,2 42063  98.5719  53.9180 0001112  92.0892 268.0418 14.30812108404990
2024-12-07T11:51:41.411520+00:00,1 42063U 17013A   24342.49422930  .00000226  00000-0  10277-3 0  9995,2 42063  98.5720  54.2627 0001105  92.6720 267.4589 14.30812476405036
2024-12-07T11:51:41.411520+00:00,1 42063U 17013A   24342.49422930  .00000226  00000-0  10277-3 0  9995,2 42063  98.5720  54.2627 0001105  92.6720 267.4589 14.30812476405047
2024-12-07T18:34:29.324928+00:00,1 42063U 17013A   24342.77395052  .00000231  00000-0  10463-3 0  9993,2 42063  98.5719  54.5385 0001108  92.6356 267.4954 14.30812703405080
2024-12-07T21:55:53.279904+00:00,1 42063U 17013A   24342.91381111  .00000225  00000-0  10268-3 0  9996,2 42063  98.5719  54.6764 0001111  92.3314 267.7996 14.30812780405092
2024-12-08T04:38:41.187264+00:00,1 42063U 17013A   24343.19353226  .00000224  00000-0  10213-3 0  9992,2 42063  98.5719  54.9522 0001110  92.1237 268.0073 14.30812997405144
2024-12-08T11:21:29.093760+00:00,1 42063U 17013A   24343.47325340  .00000226  00000-0  10287-3 0  9992,2 42063  98.5719  55.2280 0001111  92.2896 267.8414 14.30813189405186
2024-12-08T13:02:11.069952+00:00,1 42063U 17013A   24343.54318368  .00000223  00000-0  10167-3 0  9996,2 42063  98.5719  55.2970 0001113  92.1871 267.9439 14.30813234405185
2024-12-08T18:04:16.977792+00:00,1 42063U 17013A   24343.75297428  .00000381  00000-0  16208-3 0  9999,2 42063  98.5719  55.5038 0001094  91.6955 268.4353 14.30813839405225
2024-12-08T21:25:40.916352+00:00,1 42063U 17013A   24343.89283468  .00000401  00000-0  16977-3 0  9999,2 42063  98.5719  55.6417 0001095  91.6729 268.4579 14.30814076405232
2024-12-09T04:08:28.803840+00:00,1 42063U 17013A   24344.17255560  .00000403  00000-0  17048-3 0  9995,2 42063  98.5718  55.9175 0001089  91.6850 268.4457 14.30814358405286
2024-12-09T10:51:16.690464+00:00,1 42063U 17013A   24344.45227651  .00000418  00000-0  17610-3 0  9997,2 42063  98.5718  56.1933 0001091  91.8648 268.2660 14.30814660405326
2024-12-09T12:31:58.663200+00:00,1 42063U 17013A   24344.52220675  .00000401  00000-0  16946-3 0  9997,2 42063  98.5718  56.2623 0001085  91.7107 268.4200 14.30814640405325
2024-12-09T19:14:46.540320+00:00,1 42063U 17013A   24344.80192755  .00000414  00000-0  17447-3 0  9996,2 42063  98.5718  56.5381 0001087  91.7817 268.3490 14.30814963405372
2024-12-09T20:55:28.500960+00:00,1 42063U 17013A   24344.87185765  .00000432  00000-0  18151-3 0  9999,2 42063  98.5718  56.6070 0001087  91.7899 268.3408 14.30815161405378
2024-12-10T03:38:16.373760+00:00,1 42063U 17013A   24345.15157840  .00000415  00000-0  17491-3 0  9991,2 42063  98.5718  56.8828 0001083  91.7928 268.3379 14.30815372405427
2024-12-10T12:01:46.214976+00:00,1 42063U 17013A   24345.50122934  .00000398  00000-0  16846-3 0  9999,2 42063  98.5718  57.2275 0001086  91.9250 268.2057 14.30815595405475
2024-12-10T13:42:28.187712+00:00,1 42063U 17013A   24345.57115958  .00000366  00000-0  15612-3 0  9999,2 42063  98.5718  57.2965 0001086  91.9507 268.1800 14.30815462405474
2024-12-10T18:44:34.085184+00:00,1 42063U 17013A   24345.78095006  .00000368  00000-0  15701-3 0  9994,2 42063  98.5718  57.5033 0001085  91.8557 268.2750 14.30815666405512
2024-12-10T22:05:58.019424+00:00,1 42063U 17013A   24345.92081041  .00000334  00000-0  14402-3 0  9994,2 42063  98.5717  57.6412 0001087  91.9426 268.1882 14.30815596405529
2024-12-11T03:08:03.916032+00:00,1 42063U 17013A   24346.13060088  .00000331  00000-0  14284-3 0  9991,2 42063  98.5717  57.8481 0001083  91.9272 268.2035 14.30815759405568
2024-12-11T13:12:15.704064+00:00,1 42063U 17013A   24346.55018176  .00000338  00000-0  14552-3 0  9993,2 42063  98.5717  58.2617 0001087  91.9762 268.1546 14.30816152405612
2024-12-11T14:52:57.668160+00:00,1 42063U 17013A   24346.62011190  .00000336  00000-0  14483-3 0  9991,2 42063  98.5717  58.3307 0001087  92.0243 268.1064 14.30816208405634
2024-12-11T21:35:45.520224+00:00,1 42063U 17013A   24346.89983241  .00000310  00000-0  13496-3 0  9990,2 42063  98.5716  58.6065 0001092  92.2276 267.9032 14.30816313405663
2024-12-12T04:18:33.370560+00:00,1 42063U 17013A   24347.17955290  .00000308  00000-0  13416-3 0  9994,2 42063  98.5716  58.8823 0001088  92.1620 267.9687 14.30816533405710
2024-12-12T11:01:21.218304+00:00,1 42063U 17013A   24347.45927336  .00000324  00000-0  14030-3 0  9996,2 42063  98.5716  59.1581 0001089  92.3783 267.7525 14.30816807405755
2024-12-12T12:42:03.183264+00:00,1 42063U 17013A   24347.52920351  .00000296  00000-0  12966-3 0  9998,2 42063  98.5716  59.2270 0001088  92.2584 267.8723 14.30816703405754
2024-12-12T17:44:09.066048+00:00,1 42063U 17013A   24347.73899382  .00000289  00000-0  12709-3 0  9997,2 42063  98.5715  59.4338 0001088  92.3674 267.7633 14.30816858405795
2024-12-12T21:05:32.983008+00:00,1 42063U 17013A   24347.87885397  .00000285  00000-0  12556-3 0  9999,2 42063  98.5715  59.5717 0001086  92.3080 267.8228 14.30816934405804
2024-12-13T03:48:20.822112+00:00,1 42063U 17013A   24348.15857433  .00000274  00000-0  12110-3 0  9995,2 42063  98.5715  59.8475 0001085  92.4178 267.7129 14.30817122405850
2024-12-13T12:11:50.620992+00:00,1 42063U 17013A   24348.50822478  .00000295  00000-0  12927-3 0  9994,2 42063  98.5715  60.1922 0001083  92.3406 267.7900 14.30817450405898
2024-12-13T12:11:50.620992+00:00,1 42063U 17013A   24348.50822478  .00000295  00000-0  12927-3 0  9994,2 42063  98.5715  60.1922 0001083  92.3406 267.7900 14.30817450405900
2024-12-13T17:13:56.492544+00:00,1 42063U 17013A   24348.71801496  .00000316  00000-0  13710-3 0  9999,2 42063  98.5714  60.3991 0001084  92.4471 267.6836 14.30817724405935
2024-12-14T03:18:08.232192+00:00,1 42063U 17013A   24349.13759528  .00000303  00000-0  13242-3 0  9990,2 42063  98.5714  60.8128 0001078  92.5243 267.6063 14.30817975405999
2024-12-14T11:41:38.018112+00:00,1 42063U 17013A   24349.48724558  .00000316  00000-0  13721-3 0  9999,2 42063  98.5713  61.1575 0001083  92.7238 267.4069 14.30818283406044
2024-12-14T13:22:19.970976+00:00,1 42063U 17013A   24349.55717559  .00000330  00000-0  14257-3 0  9991,2 42063  98.5713  61.2264 0001082  92.7113 267.4193 14.30818411406042
2024-12-14T18:24:25.836480+00:00,1 42063U 17013A   24349.76696570  .00000323  00000-0  13978-3 0  9994,2 42063  98.5713  61.4333 0001077  92.7111 267.4195 14.30818539406080
2024-12-14T20:05:07.785024+00:00,1 42063U 17013A   24349.83689566  .00000344  00000-0  14796-3 0  9991,2 42063  98.5713  61.5022 0001076  92.6412 267.4894 14.30818714406089
2024-12-15T04:28:37.552800+00:00,1 42063U 17013A   24350.18654575  .00000345  00000-0  14836-3 0  9999,2 42063  98.5712  61.8470 0001071  92.5238 267.6067 14.30818993406148
2024-12-15T11:11:25.362528+00:00,1 42063U 17013A   24350.46626577  .00000357  00000-0  15285-3 0  9993,2 42063  98.5712  62.1227 0001075  92.5902 267.5404 14.30819248406186
2024-12-15T12:52:07.319712+00:00,1 42063U 17013A   24350.53619583  .00000335  00000-0  14457-3 0  9996,2 42063  98.5712  62.1917 0001072  92.6325 267.4980 14.30819174406185
2024-12-15T17:54:13.173984+00:00,1 42063U 17013A   24350.74598581  .00000338  00000-0  14547-3 0  9996,2 42063  98.5711  62.3985 0001070  92.5775 267.5530 14.30819349406228
2024-12-15T21:15:37.073664+00:00,1 42063U 17013A   24350.88584576  .00000349  00000-0  14991-3 0  9995,2 42063  98.5711  62.5364 0001071  92.6041 267.5265 14.30819507406231
2024-12-16T03:58:24.873024+00:00,1 42063U 17013A   24351.16556566  .00000356  00000-0  15250-3 0  9992,2 42063  98.5710  62.8122 0001071  92.7454 267.3851 14.30819762406281
2024-12-16T10:41:12.674112+00:00,1 42063U 17013A   24351.44528558  .00000350  00000-0  15003-3 0  9993,2 42063  98.5710  63.0879 0001072  92.8816 267.2490 14.30819910406325
2024-12-16T12:21:54.621792+00:00,1 42063U 17013A   24351.51521553  .00000368  00000-0  15704-3 0  9996,2 42063  98.5710  63.1569 0001071  92.8027 267.3278 14.30820062406320
2024-12-16T19:04:42.412512+00:00,1 42063U 17013A   24351.79493533  .00000378  00000-0  16095-3 0  9997,2 42063  98.5710  63.4327 0001069  92.7908 267.3398 14.30820327406371
2024-12-16T20:45:24.361920+00:00,1 42063U 17013A   24351.86486530  .00000378  00000-0  16069-3 0  9995,2 42063  98.5709  63.5016 0001070  92.8745 267.2560 14.30820345406377
2024-12-17T03:28:12.150048+00:00,1 42063U 17013A   24352.14458507  .00000375  00000-0  15953-3 0  9998,2 42063  98.5709  63.7774 0001067  92.8993 267.2311 14.30820560406420
2024-12-17T11:51:41.875488+00:00,1 42063U 17013A   24352.49423467  .00000362  00000-0  15484-3 0  9998,2 42063  98.5709  64.1221 0001071  93.0682 267.0624 14.30820785406474
2024-12-17T13:32:23.817984+00:00,1 42063U 17013A   24352.56416456  .00000373  00000-0  15901-3 0  9992,2 42063  98.5708  64.1911 0001070  92.9863 267.1442 14.30820908406473
2024-12-17T16:53:47.708160+00:00,1 42063U 17013A   24352.70402440  .00000368  00000-0  15685-3 0  9999,2 42063  98.5708  64.3289 0001071  93.1028 267.0277 14.30821003406506
2024-12-17T21:55:53.543424+00:00,1 42063U 17013A   24352.91381416  .00000385  00000-0  16360-3 0  9991,2 42063  98.5708  64.5357 0001072  93.0442 267.0864 14.30821242406523
2024-12-18T02:57:59.373504+00:00,1 42063U 17013A   24353.12360386  .00000384  00000-0  16308-3 0  9999,2 42063  98.5707  64.7426 0001068  92.9505 267.1800 14.30821412406568
2024-12-18T08:00:05.206176+00:00,1 42063U 17013A   24353.33339359  .00000356  00000-0  15235-3 0  9995,2 42063  98.5707  64.9494 0001073  93.1378 266.9928 14.30821412406582
2024-12-18T21:25:40.744416+00:00,1 42063U 17013A   24353.89283269  .00000353  00000-0  15142-3 0  9998,2 42063  98.5706  65.5009 0001064  92.8005 267.3299 14.30821813406674
2024-12-19T04:08:28.503168+00:00,1 42063U 17013A   24354.17255212  .00000360  00000-0  15409-3 0  9991,2 42063  98.5706  65.7767 0001058  92.7007 267.4297 14.30822072406713
2024-12-19T05:49:10.441344+00:00,1 42063U 17013A   24354.24248196  .00000328  00000-0  14185-3 0  9996,2 42063  98.5706  65.8457 0001057  92.8349 267.2955 14.30821958406710
2024-12-19T10:51:16.260192+00:00,1 42063U 17013A   24354.45227153  .00000327  00000-0  14148-3 0  9997,2 42063  98.5706  66.0525 0001060  92.9505 267.1799 14.30822112406750
2024-12-19T12:31:58.200960+00:00,1 42063U 17013A   24354.52220140  .00000313  00000-0  13604-3 0  9995,2 42063  98.5706  66.1214 0001061  92.8403 267.2901 14.30822072406754
2024-12-19T17:34:04.017216+00:00,1 42063U 17013A   24354.73199094  .00000306  00000-0  13335-3 0  9994,2 42063  98.5705  66.3282 0001055  92.7649 267.3655 14.30822212406780
2024-12-19T17:34:04.017216+00:00,1 42063U 17013A   24354.73199094  .00000306  00000-0  13335-3 0  9994,2 42063  98.5705  66.3282 0001055  92.7649 267.3655 14.30822212406791
2024-12-21T03:08:03.665472+00:00,1 42063U 17013A   24356.13059798  .00000315  00000-0  13694-3 0  9994,2 42063  98.5704  67.7070 0001088  91.0263 269.1044 14.30812810406997
2024-12-21T09:50:51.578016+00:00,1 42063U 17013A   24356.41031919  .00000291  00000-0  12757-3 0  9992,2 42063  98.5704  67.9828 0001081  90.7883 269.3424 14.30812881407035
2024-12-21T13:12:15.530400+00:00,1 42063U 17013A   24356.55017975  .00000321  00000-0  13900-3 0  9998,2 42063  98.5704  68.1207 0001081  90.7009 269.4297 14.30813101407045
2024-12-21T18:14:21.458112+00:00,1 42063U 17013A   24356.75997058  .00000333  00000-0  14365-3 0  9998,2 42063  98.5704  68.3275 0001080  90.8946 269.2360 14.30813301407087
2024-12-21T21:35:45.407904+00:00,1 42063U 17013A   24356.89983111  .00000344  00000-0  14784-3 0  9995,2 42063  98.5703  68.4654 0001084  90.9756 269.1552 14.30813541407091
2024-12-22T04:18:33.308352+00:00,1 42063U 17013A   24357.17955218  .00000337  00000-0  14504-3 0  9996,2 42063  98.5703  68.7411 0001079  90.8225 269.3082 14.30813750407147
2024-12-22T11:01:21.206208+00:00,1 42063U 17013A   24357.45927322  .00000312  00000-0  13564-3 0  9990,2 42063  98.5703  69.0169 0001077  91.0223 269.1083 14.30813835407187
2024-12-22T12:42:03.179808+00:00,1 42063U 17013A   24357.52920347  .00000311  00000-0  13546-3 0  9997,2 42063  98.5703  69.0858 0001076  91.0393 269.0913 14.30813894407185
2024-12-22T19:24:51.070752+00:00,1 42063U 17013A   24357.80892443  .00000314  00000-0  13629-3 0  9998,2 42063  98.5703  69.3615 0001075  91.0777 269.0529 14.30814120407225
2024-12-23T03:48:20.919744+00:00,1 42063U 17013A   24358.15857546  .00000360  00000-0  15392-3 0  9992,2 42063  98.5702  69.7062 0001076  91.2190 268.9116 14.30814673407285
2024-12-23T12:11:50.764416+00:00,1 42063U 17013A   24358.50822644  .00000366  00000-0  15631-3 0  9994,2 42063  98.5702  70.0509 0001079  91.3934 268.7373 14.30815017407338
2024-12-23T13:52:32.740608+00:00,1 42063U 17013A   24358.57815672  .00000342  00000-0  14724-3 0  9990,2 42063  98.5702  70.1199 0001080  91.4841 268.6465 14.30814931407339
2024-12-23T18:54:38.647584+00:00,1 42063U 17013A   24358.78794731  .00000338  00000-0  14564-3 0  9992,2 42063  98.5702  70.3267 0001076  91.4684 268.6622 14.30815084407376
2024-12-24T03:18:08.477568+00:00,1 42063U 17013A   24359.13759812  .00000375  00000-0  15958-3 0  9992,2 42063  98.5702  70.6714 0001072  91.5396 268.5909 14.30815585407422
2024-12-24T11:41:38.303232+00:00,1 42063U 17013A   24359.48724888  .00000418  00000-0  17601-3 0  9990,2 42063  98.5702  71.0160 0001077  91.7014 268.4292 14.30816104407473
2024-12-24T13:22:20.272512+00:00,1 42063U 17013A   24359.55717908  .00000406  00000-0  17149-3 0  9997,2 42063  98.5702  71.0850 0001074  91.4885 268.6421 14.30816098407477
2024-12-24T18:24:26.168256+00:00,1 42063U 17013A   24359.76696954  .00000393  00000-0  16650-3 0  9998,2 42063  98.5702  71.2918 0001067  91.3462 268.7843 14.30816222407519
2024-12-24T21:45:50.096448+00:00,1 42063U 17013A   24359.90682982  .00000392  00000-0  16625-3 0  9991,2 42063  98.5701  71.4297 0001066  91.2436 268.8869 14.30816323407521
2024-12-25T02:47:55.987872+00:00,1 42063U 17013A   24360.11662023  .00000384  00000-0  16324-3 0  9997,2 42063  98.5701  71.6365 0001061  91.2816 268.8488 14.30816477407567
2024-12-25T11:11:25.855872+00:00,1 42063U 17013A   24360.46627148  .00000441  00000-0  18472-3 0  9994,2 42063  98.5702  71.9813 0001098  94.1382 265.9926 14.30816851407616
2024-12-25T14:32:49.783200+00:00,1 42063U 17013A   24360.60613175  .00000445  00000-0  18626-3 0  9990,2 42063  98.5702  72.1191 0001096  93.7723 266.3586 14.30816996407628
2024-12-25T16:13:31.742976+00:00,1 42063U 17013A   24360.67606184  .00000445  00000-0  18629-3 0  9992,2 42063  98.5701  72.1879 0001093  92.6338 267.4970 14.30817228407647
2024-12-26T03:58:25.460544+00:00,1 42063U 17013A   24361.16557246  .00000504  00000-0  20882-3 0  9991,2 42063  98.5700  72.6705 0001090  93.6402 266.4906 14.30817530407711
2024-12-26T05:39:07.420320+00:00,1 42063U 17013A   24361.23550255  .00000548  00000-0  22552-3 0  9996,2 42063  98.5700  72.7394 0001091  93.7520 266.3787 14.30817834407712
2024-12-26T12:21:55.251648+00:00,1 42063U 17013A   24361.51522282  .00000465  00000-0  19397-3 0  9997,2 42063  98.5700  73.0152 0001093  94.0567 266.0741 14.30818007407759
2024-12-26T12:21:55.251648+00:00,1 42063U 17013A   24361.51522282  .00000465  00000-0  19397-3 0  9997,2 42063  98.5700  73.0152 0001093  94.0567 266.0741 14.30818007407760
2024-12-26T19:04:43.072608+00:00,1 42063U 17013A   24361.79494297  .00000493  00000-0  20472-3 0  9998,2 42063  98.5699  73.2910 0001091  93.9802 266.1506 14.30818445407800
2024-12-26T20:45:25.031520+00:00,1 42063U 17013A   24361.86487305  .00000461  00000-0  19261-3 0  9997,2 42063  98.5699  73.3599 0001091  94.0632 266.0676 14.30818323407809
2024-12-27T03:28:12.854208+00:00,1 42063U 17013A   24362.14459322  .00000414  00000-0  17469-3 0  9993,2 42063  98.5699  73.6356 0001089  94.1027 266.0280 14.30818503407855
2024-12-27T11:51:42.624576+00:00,1 42063U 17013A   24362.49424334  .00000426  00000-0  17909-3 0  9998,2 42063  98.5699  73.9803 0001092  94.0747 266.0561 14.30818893407907
2024-12-27T13:32:24.580032+00:00,1 42063U 17013A   24362.56417338  .00000427  00000-0  17956-3 0  9995,2 42063  98.5699  74.0493 0001091  93.8889 266.2419 14.30818963407909
2024-12-27T18:34:30.436896+00:00,1 42063U 17013A   24362.77396339  .00000426  00000-0  17911-3 0  9995,2 42063  98.5698  74.2561 0001090  93.7854 266.3453 14.30819158407946
2024-12-27T21:55:54.339168+00:00,1 42063U 17013A   24362.91382337  .00000423  00000-0  17801-3 0  9999,2 42063  98.5698  74.3939 0001090  93.8098 266.3209 14.30819262407953
2024-12-28T02:58:00.192576+00:00,1 42063U 17013A   24363.12361334  .00000423  00000-0  17783-3 0  9996,2 42063  98.5697  74.6007 0001089  93.8163 266.3145 14.30819463407998
2024-12-28T11:21:29.943936+00:00,1 42063U 17013A   24363.47326324  .00000453  00000-0  18947-3 0  9990,2 42063  98.5697  74.9454 0001083  93.5557 266.5750 14.30819917408040
2024-12-28T13:02:11.892480+00:00,1 42063U 17013A   24363.54319320  .00000447  00000-0  18733-3 0  9992,2 42063  98.5697  75.0144 0001080  93.3957 266.7349 14.30819968408049
2024-12-28T18:04:17.736384+00:00,1 42063U 17013A   24363.75298306  .00000442  00000-0  18527-3 0  9991,2 42063  98.5697  75.2212 0001079  93.4267 266.7039 14.30820167408083
2024-12-29T04:08:29.416416+00:00,1 42063U 17013A   24364.17256269  .00000430  00000-0  18082-3 0  9993,2 42063  98.5696  75.6348 0001069  93.3139 266.8166 14.30820505408147
2024-12-29T12:31:59.142720+00:00,1 42063U 17013A   24364.52221230  .00000452  00000-0  18920-3 0  9997,2 42063  98.5695  75.9795 0001072  93.4075 266.7230 14.30820952408180
2024-12-29T12:31:59.142720+00:00,1 42063U 17013A   24364.52221230  .00000452  00000-0  18920-3 0  9997,2 42063  98.5695  75.9795 0001072  93.4075 266.7230 14.30820952408191
2024-12-29T17:34:04.968480+00:00,1 42063U 17013A   24364.73200195  .00000464  00000-0  19374-3 0  9994,2 42063  98.5695  76.1863 0001071  93.4370 266.6935 14.30821257408221
2024-12-29T22:36:10.790784+00:00,1 42063U 17013A   24364.94179156  .00000484  00000-0  20120-3 0  9992,2 42063  98.5694  76.3931 0001072  93.3699 266.7607 14.30821577408246
2024-12-30T01:57:34.674912+00:00,1 42063U 17013A   24365.08165133  .00000472  00000-0  19678-3 0  9991,2 42063  98.5694  76.5309 0001067  93.3858 266.7447 14.30821684408272
2024-12-30T08:40:22.438848+00:00,1 42063U 17013A   24365.36137082  .00000556  00000-0  22876-3 0  9991,2 42063  98.5694  76.8067 0001064  93.3618 266.7686 14.30822404408318
2024-12-30T13:42:28.241280+00:00,1 42063U 17013A   24365.57116020  .00000611  00000-0  24978-3 0  9990,2 42063  98.5693  77.0135 0001066  93.1851 266.9454 14.30822956408334
2024-12-30T18:44:34.048032+00:00,1 42063U 17013A   24365.78094963  .00000612  00000-0  25004-3 0  9996,2 42063  98.5693  77.2203 0001065  93.2389 266.8916 14.30823217408375
2024-12-30T20:25:15.997440+00:00,1 42063U 17013A   24365.85087960  .00000516  00000-0  21342-3 0  9997,2 42063  98.5693  77.2892 0001065  93.2916 266.8388 14.30822731408378
