epoch,tle1,tle2
2024-01-01T03:11:52.507104+00:00,1 41335U 16011A   24001.13324661  .00000163  00000-0  85262-4 0  9995,2 41335  98.6302  70.3338 0000851 109.6638 250.4634 14.26740211410004
2024-01-01T11:36:48.537504+00:00,1 41335U 16011A   24001.48389511  .00000177  00000-0  91083-4 0  9991,2 41335  98.6302  70.6795 0000859 109.8694 250.2579 14.26740438410058
2024-01-01T13:17:47.740128+00:00,1 41335U 16011A   24001.55402477  .00000170  00000-0  88204-4 0  9990,2 41335  98.6302  70.7487 0000860 109.9731 250.1542 14.26740454410060
2024-01-01T20:01:44.560128+00:00,1 41335U 16011A   24001.83454352  .00000160  00000-0  84353-4 0  9990,2 41335  98.6302  71.0253 0000862 110.2451 249.8823 14.26740537410105
2024-01-01T21:42:43.762752+00:00,1 41335U 16011A   24001.90467318  .00000164  00000-0  85748-4 0  9997,2 41335  98.6301  71.0944 0000862 110.3823 249.7450 14.26740586410115
2024-01-02T04:26:40.579296+00:00,1 41335U 16011A   24002.18519189  .00000160  00000-0  84173-4 0  9999,2 41335  98.6301  71.3710 0000862 110.3944 249.7329 14.26740721410153
2024-01-02T11:10:37.390656+00:00,1 41335U 16011A   24002.46571054  .00000178  00000-0  91485-4 0  9992,2 41335  98.6301  71.6477 0000866 110.5979 249.5294 14.26740932410197
2024-01-02T14:32:35.800224+00:00,1 41335U 16011A   24002.60596991  .00000167  00000-0  87243-4 0  9990,2 41335  98.6301  71.7860 0000868 110.7983 249.3290 14.26740943410212
2024-01-02T17:54:34.207200+00:00,1 41335U 16011A   24002.74622925  .00000157  00000-0  83061-4 0  9995,2 41335  98.6301  71.9243 0000867 110.7305 249.3968 14.26740964410233
2024-01-02T21:16:32.611584+00:00,1 41335U 16011A   24002.88648856  .00000148  00000-0  79108-4 0  9998,2 41335  98.6301  72.0626 0000869 110.9850 249.1424 14.26740963410255
2024-01-03T04:00:29.420352+00:00,1 41335U 16011A   24003.16700718  .00000149  00000-0  79585-4 0  9996,2 41335  98.6300  72.3392 0000868 111.2382 248.8891 14.26741096410296
2024-01-03T10:44:26.230848+00:00,1 41335U 16011A   24003.44752582  .00000144  00000-0  77444-4 0  9990,2 41335  98.6300  72.6158 0000873 111.4544 248.6729 14.26741179410332
2024-01-03T14:06:24.634368+00:00,1 41335U 16011A   24003.58778512  .00000139  00000-0  75367-4 0  9992,2 41335  98.6300  72.7541 0000873 111.6587 248.4686 14.26741230410358
2024-01-03T19:09:22.239648+00:00,1 41335U 16011A   24003.79817407  .00000133  00000-0  72843-4 0  9992,2 41335  98.6300  72.9616 0000873 111.5995 248.5278 14.26741285410386
2024-01-03T22:31:20.642304+00:00,1 41335U 16011A   24003.93843336  .00000139  00000-0  75666-4 0  9990,2 41335  98.6300  73.0999 0000876 111.7380 248.3893 14.26741376410400
2024-01-04T03:34:18.244128+00:00,1 41335U 16011A   24004.14882227  .00000144  00000-0  77359-4 0  9993,2 41335  98.6299  73.3073 0000882 111.9230 248.2044 14.26741497410430
2024-01-04T10:18:15.045120+00:00,1 41335U 16011A   24004.42934080  .00000142  00000-0  76554-4 0  9993,2 41335  98.6300  73.5839 0000886 112.0518 248.0756 14.26741588410473
2024-01-04T10:18:15.045120+00:00,1 41335U 16011A   24004.42934080  .00000142  00000-0  76554-4 0  9993,2 41335  98.6300  73.5839 0000886 112.0518 248.0756 14.26741588410473
2024-01-04T20:24:10.620288+00:00,1 41335U 16011A   24004.85012292  .00000180  00000-0  92562-4 0  9991,2 41335  98.6299  73.9988 0000918 109.4894 250.6386 14.26730786410535
2024-01-04T22:05:09.866112+00:00,1 41335U 16011A   24004.92025308  .00000180  00000-0  92491-4 0  9992,2 41335  98.6298  74.0679 0000919 109.5820 250.5460 14.26730821410547
2024-01-05T04:49:06.849408+00:00,1 41335U 16011A   24005.20077372  .00000272  00000-0  13036-3 0  9991,2 41335  98.6298  74.3445 0000924 109.3664 250.7616 14.26731013410584
2024-01-05T11:33:03.827520+00:00,1 41335U 16011A   24005.48129430  .00000293  00000-0  13913-3 0  9991,2 41335  98.6298  74.6211 0000934 109.1423 250.9859 14.26731281410623
2024-01-05T13:14:03.079392+00:00,1 41335U 16011A   24005.55142453  .00000287  00000-0  13672-3 0  9994,2 41335  98.6298  74.6903 0000933 109.1921 250.9360 14.26731278410637
2024-01-05T19:58:00.058368+00:00,1 41335U 16011A   24005.83194512  .00000287  00000-0  13650-3 0  9994,2 41335  98.6298  74.9669 0000932 109.2039 250.9243 14.26731406410676
2024-01-05T21:38:59.296416+00:00,1 41335U 16011A   24005.90207519  .00000296  00000-0  14027-3 0  9993,2 41335  98.6298  75.0361 0000932 109.3307 250.7974 14.26731505410686
2024-01-06T04:22:56.269344+00:00,1 41335U 16011A   24006.18259571  .00000294  00000-0  13970-3 0  9993,2 41335  98.6297  75.3127 0000935 109.6671 250.4611 14.26731686410728
2024-01-06T11:06:53.245728+00:00,1 41335U 16011A   24006.46311627  .00000295  00000-0  13980-3 0  9997,2 41335  98.6297  75.5893 0000940 110.0793 250.0489 14.26731792410768
2024-01-06T11:06:53.245728+00:00,1 41335U 16011A   24006.46311627  .00000295  00000-0  13980-3 0  9997,2 41335  98.6297  75.5893 0000940 110.0793 250.0489 14.26731792410768
2024-01-06T19:31:49.461888+00:00,1 41335U 16011A   24006.81376692  .00000298  00000-0  14140-3 0  9991,2 41335  98.6296  75.9350 0000942 110.2924 249.8358 14.26731971410815
2024-01-06T19:31:49.461888+00:00,1 41335U 16011A   24006.81376692  .00000298  00000-0  14140-3 0  9991,2 41335  98.6296  75.9350 0000942 110.2924 249.8358 14.26731971410815
2024-01-07T03:56:45.672864+00:00,1 41335U 16011A   24007.16441751  .00000276  00000-0  13209-3 0  9990,2 41335  98.6295  76.2808 0000949 111.0362 249.0920 14.26732041410869
2024-01-07T10:40:42.652704+00:00,1 41335U 16011A   24007.44493811  .00000143  00000-0  77011-4 0  9990,2 41335  98.6295  76.5574 0000940 110.4353 249.6928 14.26731846410907
2024-01-07T14:02:41.136576+00:00,1 41335U 16011A   24007.58519834  .00000153  00000-0  81149-4 0  9997,2 41335  98.6295  76.6957 0000938 110.4903 249.6378 14.26731967410926
2024-01-07T19:05:38.861088+00:00,1 41335U 16011A   24007.79558867  .00000151  00000-0  80445-4 0  9995,2 41335  98.6295  76.9031 0000939 110.4628 249.6653 14.26732033410951
2024-01-07T22:27:37.343232+00:00,1 41335U 16011A   24007.93584888  .00000144  00000-0  77652-4 0  9991,2 41335  98.6294  77.0414 0000946 110.6840 249.4442 14.26732044410971
2024-01-08T03:30:35.066016+00:00,1 41335U 16011A   24008.14623919  .00000149  00000-0  79618-4 0  9993,2 41335  98.6294  77.2488 0000945 110.6779 249.4503 14.26732152411007
2024-01-08T10:14:32.029440+00:00,1 41335U 16011A   24008.42675960  .00000157  00000-0  82916-4 0  9991,2 41335  98.6294  77.5254 0000950 110.6215 249.5067 14.26732283411047
2024-01-08T13:36:30.508128+00:00,1 41335U 16011A   24008.56701977  .00000167  00000-0  86894-4 0  9994,2 41335  98.6294  77.6637 0000951 110.6523 249.4760 14.26732398411064
2024-01-08T18:39:28.228320+00:00,1 41335U 16011A   24008.77741005  .00000164  00000-0  85890-4 0  9995,2 41335  98.6293  77.8711 0000955 110.6454 249.4829 14.26732470411095
2024-01-08T22:01:26.707008+00:00,1 41335U 16011A   24008.91767022  .00000170  00000-0  88475-4 0  9997,2 41335  98.6293  78.0094 0000957 110.7626 249.3657 14.26732544411119
2024-01-09T03:04:24.423744+00:00,1 41335U 16011A   24009.12806046  .00000173  00000-0  89567-4 0  9997,2 41335  98.6292  78.2169 0000957 110.8260 249.3023 14.26732648411143
2024-01-09T11:29:20.618304+00:00,1 41335U 16011A   24009.47871086  .00000179  00000-0  92161-4 0  9991,2 41335  98.6292  78.5626 0000966 110.7054 249.4230 14.26732812411193
2024-01-09T13:10:19.856352+00:00,1 41335U 16011A   24009.54884093  .00000191  00000-0  96804-4 0  9993,2 41335  98.6292  78.6317 0000966 110.6560 249.4724 14.26732908411208
2024-01-09T18:13:17.570496+00:00,1 41335U 16011A   24009.75923114  .00000185  00000-0  94305-4 0  9991,2 41335  98.6291  78.8392 0000964 110.5995 249.5288 14.26732971411230
2024-01-09T21:35:16.047456+00:00,1 41335U 16011A   24009.89949129  .00000179  00000-0  92085-4 0  9996,2 41335  98.6291  78.9775 0000963 110.5569 249.5715 14.26732984411253
2024-01-10T04:19:12.994464+00:00,1 41335U 16011A   24010.18001151  .00000179  00000-0  92084-4 0  9993,2 41335  98.6290  79.2541 0000964 110.6753 249.4531 14.26733125411291
2024-01-10T11:03:09.938016+00:00,1 41335U 16011A   24010.46053169  .00000188  00000-0  95708-4 0  9996,2 41335  98.6290  79.5307 0000969 110.6799 249.4486 14.26733280411335
2024-01-10T11:03:09.938016+00:00,1 41335U 16011A   24010.46053169  .00000188  00000-0  95708-4 0  9996,2 41335  98.6290  79.5307 0000969 110.6799 249.4486 14.26733280411335
2024-01-10T19:28:06.116160+00:00,1 41335U 16011A   24010.81118190  .00000195  00000-0  98743-4 0  9991,2 41335  98.6289  79.8764 0000971 110.6314 249.4971 14.26733490411386
2024-01-11T03:53:02.283072+00:00,1 41335U 16011A   24011.16183198  .00000216  00000-0  10729-3 0  9991,2 41335  98.6288  80.2221 0000967 110.6135 249.5149 14.26733791411433
2024-01-11T10:36:59.217120+00:00,1 41335U 16011A   24011.44235205  .00000217  00000-0  10759-3 0  9993,2 41335  98.6288  80.4987 0000976 110.8003 249.3282 14.26733919411472
2024-01-11T13:58:57.681120+00:00,1 41335U 16011A   24011.58261205  .00000230  00000-0  11309-3 0  9994,2 41335  98.6288  80.6370 0000977 110.8393 249.2892 14.26734076411496
2024-01-11T19:01:55.378848+00:00,1 41335U 16011A   24011.79300207  .00000232  00000-0  11393-3 0  9998,2 41335  98.6287  80.8444 0000981 110.7762 249.3523 14.26734191411527
2024-01-11T22:23:53.841984+00:00,1 41335U 16011A   24011.93326206  .00000234  00000-0  11487-3 0  9997,2 41335  98.6287  80.9827 0000984 110.9239 249.2047 14.26734271411548
2024-01-12T03:26:51.536256+00:00,1 41335U 16011A   24012.14365204  .00000238  00000-0  11659-3 0  9997,2 41335  98.6286  81.1901 0000987 110.9841 249.1445 14.26734415411579
2024-01-12T10:10:48.461664+00:00,1 41335U 16011A   24012.42417201  .00000263  00000-0  12668-3 0  9992,2 41335  98.6286  81.4667 0000994 110.9760 249.1527 14.26734679411617
2024-01-12T13:32:46.923072+00:00,1 41335U 16011A   24012.56443198  .00000263  00000-0  12687-3 0  9992,2 41335  98.6286  81.6050 0000998 111.0027 249.1261 14.26734769411634
2024-01-12T18:35:44.613888+00:00,1 41335U 16011A   24012.77482192  .00000257  00000-0  12435-3 0  9996,2 41335  98.6285  81.8124 0000998 110.9302 249.1985 14.26734853411661
2024-01-12T21:57:43.071840+00:00,1 41335U 16011A   24012.91508185  .00000258  00000-0  12451-3 0  9992,2 41335  98.6285  81.9507 0001001 111.0421 249.0867 14.26734928411680
2024-01-13T03:00:40.757472+00:00,1 41335U 16011A   24013.12547173  .00000258  00000-0  12459-3 0  9994,2 41335  98.6285  82.1581 0001002 111.1399 248.9888 14.26735065411719
2024-01-13T11:25:36.898464+00:00,1 41335U 16011A   24013.47612151  .00000269  00000-0  12903-3 0  9997,2 41335  98.6284  82.5038 0001011 111.0284 249.1005 14.26735310411763
2024-01-13T14:47:35.354688+00:00,1 41335U 16011A   24013.61638142  .00000288  00000-0  13710-3 0  9999,2 41335  98.6284  82.6421 0001012 111.0439 249.0850 14.26735501411784
2024-01-13T19:50:33.034272+00:00,1 41335U 16011A   24013.82677123  .00000286  00000-0  13623-3 0  9995,2 41335  98.6284  82.8495 0001014 111.0571 249.0718 14.26735609411812
2024-01-14T04:15:29.163168+00:00,1 41335U 16011A   24014.17742087  .00000274  00000-0  13141-3 0  9998,2 41335  98.6283  83.1952 0001013 111.3144 248.8144 14.26735791411868
2024-01-14T10:59:26.060928+00:00,1 41335U 16011A   24014.45794052  .00000279  00000-0  13339-3 0  9992,2 41335  98.6283  83.4718 0001017 111.3048 248.8241 14.26735994411906
2024-01-14T14:21:24.507648+00:00,1 41335U 16011A   24014.59820032  .00000291  00000-0  13816-3 0  9999,2 41335  98.6283  83.6101 0001017 111.3666 248.7623 14.26736162411923
2024-01-14T19:24:22.180320+00:00,1 41335U 16011A   24014.80859005  .00000281  00000-0  13431-3 0  9997,2 41335  98.6282  83.8175 0001017 111.2780 248.8509 14.26736248411953
2024-01-14T21:05:21.399360+00:00,1 41335U 16011A   24014.87871990  .00000292  00000-0  13890-3 0  9992,2 41335  98.6282  83.8866 0001018 111.3093 248.8197 14.26736367411965
2024-01-15T03:49:18.286752+00:00,1 41335U 16011A   24015.15923943  .00000297  00000-0  14089-3 0  9996,2 41335  98.6282  84.1632 0001021 111.4233 248.7056 14.26736602412002
2024-01-15T10:33:15.169824+00:00,1 41335U 16011A   24015.43975891  .00000309  00000-0  14569-3 0  9993,2 41335  98.6282  84.4398 0001026 111.3250 248.8040 14.26736854412044
2024-01-15T13:55:13.615680+00:00,1 41335U 16011A   24015.58001870  .00000289  00000-0  13765-3 0  9990,2 41335  98.6281  84.5780 0001026 111.3704 248.7586 14.26736839412062
2024-01-15T18:58:11.277120+00:00,1 41335U 16011A   24015.79040830  .00000284  00000-0  13547-3 0  9995,2 41335  98.6281  84.7855 0001029 111.3375 248.7915 14.26736952412099
2024-01-15T22:20:09.722112+00:00,1 41335U 16011A   24015.93066808  .00000262  00000-0  12618-3 0  9998,2 41335  98.6281  84.9237 0001031 111.6185 248.5105 14.26736922412119
2024-01-16T03:23:07.377504+00:00,1 41335U 16011A   24016.14105761  .00000271  00000-0  12991-3 0  9998,2 41335  98.6280  85.1311 0001038 111.7000 248.4291 14.26737129412146
2024-01-16T11:48:03.464928+00:00,1 41335U 16011A   24016.49170677  .00000302  00000-0  14264-3 0  9994,2 41335  98.6280  85.4768 0001043 111.6654 248.4637 14.26737521412190
2024-01-16T13:29:02.685696+00:00,1 41335U 16011A   24016.56183664  .00000286  00000-0  13613-3 0  9990,2 41335  98.6280  85.5460 0001044 111.7345 248.3946 14.26737489412206
2024-01-16T18:32:00.341088+00:00,1 41335U 16011A   24016.77222617  .00000274  00000-0  13139-3 0  9995,2 41335  98.6280  85.7534 0001047 111.6525 248.4767 14.26737576412234
2024-01-16T21:53:58.774848+00:00,1 41335U 16011A   24016.91248582  .00000273  00000-0  13073-3 0  9996,2 41335  98.6279  85.8917 0001051 111.8262 248.3030 14.26737640412259
2024-01-17T02:56:56.425056+00:00,1 41335U 16011A   24017.12287529  .00000264  00000-0  12724-3 0  9996,2 41335  98.6279  86.0991 0001052 111.9055 248.2238 14.26737766412287
2024-01-17T11:21:52.506432+00:00,1 41335U 16011A   24017.47352438  .00000284  00000-0  13518-3 0  9990,2 41335  98.6279  86.4448 0001061 111.7275 248.4019 14.26738094412330
2024-01-17T14:43:50.937600+00:00,1 41335U 16011A   24017.61378400  .00000290  00000-0  13790-3 0  9992,2 41335  98.6278  86.5830 0001061 111.7627 248.3666 14.26738238412355
2024-01-17T19:46:48.581760+00:00,1 41335U 16011A   24017.82417340  .00000282  00000-0  13451-3 0  9997,2 41335  98.6278  86.7904 0001061 111.7644 248.3649 14.26738334412389
2024-01-17T21:27:47.797344+00:00,1 41335U 16011A   24017.89430321  .00000274  00000-0  13123-3 0  9995,2 41335  98.6278  86.8596 0001061 111.8478 248.2816 14.26738323412397
2024-01-18T04:11:44.651040+00:00,1 41335U 16011A   24018.17482235  .00000271  00000-0  12992-3 0  9998,2 41335  98.6277  87.1361 0001064 112.0353 248.0941 14.26738520412439
2024-01-18T10:55:41.506464+00:00,1 41335U 16011A   24018.45534151  .00000271  00000-0  13020-3 0  9997,2 41335  98.6277  87.4127 0001069 111.9361 248.1933 14.26738693412471
2024-01-18T14:17:39.927264+00:00,1 41335U 16011A   24018.59560101  .00000276  00000-0  13203-3 0  9994,2 41335  98.6277  87.5510 0001067 111.9746 248.1547 14.26738840412490
2024-01-18T19:20:37.565376+00:00,1 41335U 16011A   24018.80599034  .00000262  00000-0  12614-3 0  9995,2 41335  98.6277  87.7584 0001070 111.9913 248.1381 14.26738915412526
2024-01-18T21:01:36.775776+00:00,1 41335U 16011A   24018.87612009  .00000255  00000-0  12337-3 0  9994,2 41335  98.6276  87.8275 0001072 112.0523 248.0771 14.26738928412531
2024-01-19T03:45:33.618240+00:00,1 41335U 16011A   24019.15663910  .00000252  00000-0  12196-3 0  9993,2 41335  98.6276  88.1040 0001079 112.2721 247.8573 14.26739132412573
2024-01-19T10:29:30.462432+00:00,1 41335U 16011A   24019.43715813  .00000282  00000-0  13470-3 0  9993,2 41335  98.6276  88.3805 0001083 111.9530 248.1765 14.26739432412618
2024-01-19T13:51:28.877184+00:00,1 41335U 16011A   24019.57741756  .00000272  00000-0  13042-3 0  9997,2 41335  98.6276  88.5188 0001086 111.9948 248.1348 14.26739488412630
2024-01-19T18:54:26.507520+00:00,1 41335U 16011A   24019.78780680  .00000257  00000-0  12442-3 0  9995,2 41335  98.6275  88.7262 0001088 111.8019 248.3277 14.26739565412666
2024-01-19T22:16:24.925728+00:00,1 41335U 16011A   24019.92806627  .00000247  00000-0  12016-3 0  9997,2 41335  98.6275  88.8645 0001091 111.7784 248.3513 14.26739613412683
2024-01-20T03:19:22.552608+00:00,1 41335U 16011A   24020.13845547  .00000243  00000-0  11841-3 0  9997,2 41335  98.6274  89.0719 0001093 111.7149 248.4148 14.26739741412715
2024-01-20T10:03:19.391616+00:00,1 41335U 16011A   24020.41897444  .00000256  00000-0  12362-3 0  9994,2 41335  98.6274  89.3484 0001101 111.5219 248.6079 14.26739948412751
2024-01-20T13:25:17.808096+00:00,1 41335U 16011A   24020.55923389  .00000266  00000-0  12782-3 0  9994,2 41335  98.6274  89.4867 0001103 111.3792 248.7506 14.26740088412778
2024-01-20T18:28:15.429792+00:00,1 41335U 16011A   24020.76962303  .00000260  00000-0  12566-3 0  9990,2 41335  98.6274  89.6941 0001104 111.2443 248.8856 14.26740194412807
2024-01-20T21:50:13.841952+00:00,1 41335U 16011A   24020.90988243  .00000253  00000-0  12263-3 0  9993,2 41335  98.6273  89.8324 0001108 111.3454 248.7845 14.26740235412825
2024-01-21T04:34:10.665408+00:00,1 41335U 16011A   24021.19040122  .00000251  00000-0  12189-3 0  9995,2 41335  98.6273  90.1089 0001108 111.3509 248.7790 14.26740420412868
2024-01-21T06:15:09.876672+00:00,1 41335U 16011A   24021.26053098  .00000288  00000-0  13695-3 0  9992,2 41335  98.6273  90.1780 0001109 111.2499 248.8800 14.26740619412878
2024-01-21T11:18:07.493184+00:00,1 41335U 16011A   24021.47092006  .00000283  00000-0  13509-3 0  9996,2 41335  98.6272  90.3854 0001114 111.1157 249.0142 14.26740727412903
2024-01-21T12:59:06.694944+00:00,1 41335U 16011A   24021.54104971  .00000270  00000-0  12956-3 0  9990,2 41335  98.6272  90.4546 0001113 111.1252 249.0048 14.26740717412912
2024-01-21T19:43:03.511488+00:00,1 41335U 16011A   24021.82156842  .00000264  00000-0  12725-3 0  9992,2 41335  98.6272  90.7311 0001117 111.1288 249.0011 14.26740870412952
2024-01-21T21:24:02.718432+00:00,1 41335U 16011A   24021.89169813  .00000233  00000-0  11440-3 0  9990,2 41335  98.6271  90.8002 0001118 111.1199 249.0101 14.26740742412960
2024-01-22T04:07:59.531520+00:00,1 41335U 16011A   24022.17221680  .00000232  00000-0  11380-3 0  9995,2 41335  98.6271  91.0767 0001123 111.5288 248.6012 14.26740924413004
2024-01-22T05:48:58.737600+00:00,1 41335U 16011A   24022.24234650  .00000272  00000-0  13049-3 0  9992,2 41335  98.6271  91.1459 0001124 111.5046 248.6254 14.26741156413013
2024-01-22T10:51:56.345472+00:00,1 41335U 16011A   24022.45273548  .00000278  00000-0  13298-3 0  9996,2 41335  98.6270  91.3533 0001126 111.3357 248.7943 14.26741301413043
2024-01-22T19:16:52.356000+00:00,1 41335U 16011A   24022.80338375  .00000257  00000-0  12433-3 0  9992,2 41335  98.6270  91.6990 0001127 111.3118 248.8182 14.26741420413092
2024-01-22T20:57:51.556896+00:00,1 41335U 16011A   24022.87351339  .00000226  00000-0  11160-3 0  9996,2 41335  98.6270  91.7681 0001128 111.3585 248.7716 14.26741288413105
2024-01-23T03:41:48.361344+00:00,1 41335U 16011A   24023.15403196  .00000227  00000-0  11162-3 0  9990,2 41335  98.6269  92.0446 0001137 111.6400 248.4901 14.26741480413146
2024-01-23T07:03:46.761408+00:00,1 41335U 16011A   24023.29429122  .00000273  00000-0  13075-3 0  9998,2 41335  98.6269  92.1828 0001136 111.6102 248.5200 14.26741796413164
2024-01-23T10:25:45.161472+00:00,1 41335U 16011A   24023.43455048  .00000272  00000-0  13045-3 0  9996,2 41335  98.6268  92.3211 0001140 111.5843 248.5459 14.26741876413184
2024-01-23T15:28:42.761568+00:00,1 41335U 16011A   24023.64493937  .00000294  00000-0  13943-3 0  9999,2 41335  98.6268  92.5285 0001142 111.5216 248.6087 14.26742126413214
2024-01-23T22:12:39.554784+00:00,1 41335U 16011A   24023.92545781  .00000249  00000-0  12071-3 0  9996,2 41335  98.6267  92.8050 0001146 111.5002 248.6301 14.26742050413252
2024-01-24T03:15:37.147968+00:00,1 41335U 16011A   24024.13584662  .00000251  00000-0  12188-3 0  9993,2 41335  98.6267  93.0124 0001147 111.4381 248.6922 14.26742212413289
2024-01-24T11:40:33.137760+00:00,1 41335U 16011A   24024.48649465  .00000315  00000-0  14819-3 0  9998,2 41335  98.6266  93.3580 0001152 111.2386 248.8918 14.26742736413330
2024-01-24T11:40:33.137760+00:00,1 41335U 16011A   24024.48649465  .00000315  00000-0  14819-3 0  9998,2 41335  98.6266  93.3580 0001152 111.2386 248.8918 14.26742736413330
2024-01-24T20:05:29.467968+00:00,1 41335U 16011A   24024.83714662  .00000328  00000-0  15338-3 0  9990,2 41335  98.6267  93.7040 0001177 108.7337 251.3972 14.26731319413389
2024-01-24T21:46:28.716384+00:00,1 41335U 16011A   24024.90727681  .00000296  00000-0  14024-3 0  9998,2 41335  98.6267  93.7731 0001172 108.5763 251.5545 14.26731192413390
2024-01-25T02:49:26.445216+00:00,1 41335U 16011A   24025.11766719  .00000295  00000-0  14002-3 0  9992,2 41335  98.6265  93.9803 0001165 108.8317 251.2990 14.26731477413421
2024-01-25T11:14:22.670880+00:00,1 41335U 16011A   24025.46831795  .00000461  00000-0  20870-3 0  9992,2 41335  98.6264  94.3259 0001177 108.4590 251.6718 14.26732047413473
2024-01-25T14:36:21.144384+00:00,1 41335U 16011A   24025.60857806  .00000449  00000-0  20371-3 0  9991,2 41335  98.6264  94.4641 0001180 108.5175 251.6134 14.26732168413491
2024-01-25T19:39:18.868032+00:00,1 41335U 16011A   24025.81896838  .00000447  00000-0  20281-3 0  9990,2 41335  98.6263  94.6715 0001181 108.7825 251.3483 14.26732273413524
2024-01-25T21:20:18.112128+00:00,1 41335U 16011A   24025.88909852  .00000415  00000-0  18969-3 0  9993,2 41335  98.6263  94.7407 0001181 108.8621 251.2688 14.26732144413532
2024-01-26T04:04:15.076416+00:00,1 41335U 16011A   24026.16961894  .00000409  00000-0  18722-3 0  9999,2 41335  98.6262  95.0170 0001180 108.5251 251.6058 14.26732330413573
2024-01-26T10:48:12.052800+00:00,1 41335U 16011A   24026.45013950  .00000446  00000-0  20226-3 0  9995,2 41335  98.6262  95.2936 0001182 108.3485 251.7824 14.26732722413616
2024-01-26T14:10:10.541856+00:00,1 41335U 16011A   24026.59039979  .00000408  00000-0  18666-3 0  9992,2 41335  98.6261  95.4318 0001189 108.6081 251.5229 14.26732602413639
2024-01-26T19:13:08.259456+00:00,1 41335U 16011A   24026.80079004  .00000407  00000-0  18605-3 0  9991,2 41335  98.6261  95.6392 0001191 108.6876 251.4434 14.26732754413666
2024-01-27T03:38:04.457472+00:00,1 41335U 16011A   24027.15144048  .00000389  00000-0  17893-3 0  9998,2 41335  98.6260  95.9848 0001193 108.7268 251.4042 14.26732937413716
2024-01-27T12:03:00.661536+00:00,1 41335U 16011A   24027.50209099  .00000285  00000-0  13578-3 0  9996,2 41335  98.6259  96.3304 0001185 108.1654 251.9656 14.26732927413760
2024-01-27T13:43:59.905632+00:00,1 41335U 16011A   24027.57222113  .00000274  00000-0  13141-3 0  9999,2 41335  98.6259  96.3995 0001186 108.1737 251.9573 14.26732897413774
2024-01-27T18:46:57.619776+00:00,1 41335U 16011A   24027.78261134  .00000267  00000-0  12838-3 0  9992,2 41335  98.6259  96.6069 0001186 107.9654 252.1655 14.26732992413808
2024-01-27T22:08:56.095872+00:00,1 41335U 16011A   24027.92287148  .00000226  00000-0  11161-3 0  9994,2 41335  98.6258  96.7451 0001188 107.9615 252.1695 14.26732851413822
2024-01-28T04:52:53.044608+00:00,1 41335U 16011A   24028.20339172  .00000232  00000-0  11395-3 0  9997,2 41335  98.6258  97.0216 0001192 107.8477 252.2834 14.26733053413860
2024-01-28T09:55:50.764800+00:00,1 41335U 16011A   24028.41378200  .00000238  00000-0  11626-3 0  9998,2 41335  98.6257  97.2290 0001200 107.7404 252.3908 14.26733156413892
2024-01-28T13:17:49.235712+00:00,1 41335U 16011A   24028.55404208  .00000240  00000-0  11716-3 0  9994,2 41335  98.6257  97.3672 0001200 107.6373 252.4939 14.26733259413913
2024-01-28T18:20:46.944672+00:00,1 41335U 16011A   24028.76443223  .00000231  00000-0  11341-3 0  9991,2 41335  98.6257  97.5746 0001202 107.5098 252.6214 14.26733353413948
2024-01-28T18:20:46.944672+00:00,1 41335U 16011A   24028.76443223  .00000231  00000-0  11341-3 0  9991,2 41335  98.6257  97.5746 0001202 107.5098 252.6214 14.26733353413948
2024-01-29T04:26:42.358272+00:00,1 41335U 16011A   24029.18521248  .00000226  00000-0  11153-3 0  9997,2 41335  98.6256  97.9893 0001201 107.3835 252.7477 14.26733555414004
2024-01-29T11:10:39.292320+00:00,1 41335U 16011A   24029.46573255  .00000249  00000-0  12090-3 0  9999,2 41335  98.6256  98.2658 0001204 107.1796 252.9517 14.26733812414041
2024-01-29T19:35:35.469600+00:00,1 41335U 16011A   24029.81638275  .00000213  00000-0  10624-3 0  9994,2 41335  98.6255  98.6114 0001204 106.9040 253.2273 14.26733839414097
2024-01-29T21:16:34.704192+00:00,1 41335U 16011A   24029.88651278  .00000210  00000-0  10476-3 0  9991,2 41335  98.6255  98.6805 0001204 106.9282 253.2031 14.26733851414100
2024-01-30T04:00:31.634784+00:00,1 41335U 16011A   24030.16703281  .00000211  00000-0  10513-3 0  9999,2 41335  98.6254  98.9570 0001208 107.0959 253.0354 14.26734032414140
2024-01-30T10:44:28.562784+00:00,1 41335U 16011A   24030.44755281  .00000223  00000-0  11024-3 0  9998,2 41335  98.6254  99.2335 0001210 106.9314 253.2000 14.26734222414184
2024-01-30T14:06:27.028512+00:00,1 41335U 16011A   24030.58781283  .00000216  00000-0  10719-3 0  9996,2 41335  98.6254  99.3718 0001210 106.9686 253.1627 14.26734278414200
2024-01-30T19:09:24.723648+00:00,1 41335U 16011A   24030.79820282  .00000209  00000-0  10432-3 0  9996,2 41335  98.6254  99.5791 0001212 106.8068 253.3245 14.26734358414238
2024-01-30T22:31:23.191968+00:00,1 41335U 16011A   24030.93846287  .00000179  00000-0  91957-4 0  9993,2 41335  98.6253  99.7174 0001212 106.8759 253.2555 14.26734262414250
2024-01-31T03:34:20.884512+00:00,1 41335U 16011A   24031.14885283  .00000188  00000-0  95642-4 0  9991,2 41335  98.6253  99.9247 0001215 106.8373 253.2940 14.26734419414283
2024-01-31T11:59:17.038464+00:00,1 41335U 16011A   24031.49950276  .00000195  00000-0  98612-4 0  9992,2 41335  98.6253 100.2703 0001222 106.6058 253.5257 14.26734630414337
2024-01-31T13:40:16.268736+00:00,1 41335U 16011A   24031.56963274  .00000188  00000-0  95674-4 0  9999,2 41335  98.6253 100.3394 0001221 106.6740 253.4574 14.26734635414348
2024-01-31T18:43:13.960416+00:00,1 41335U 16011A   24031.78002269  .00000181  00000-0  92645-4 0  9999,2 41335  98.6252 100.5468 0001223 106.5307 253.6008 14.26734705414376
2024-01-31T22:05:12.422688+00:00,1 41335U 16011A   24031.92028267  .00000173  00000-0  89395-4 0  9990,2 41335  98.6252 100.6850 0001227 106.5742 253.5573 14.26734723414397
2024-02-01T03:08:10.110912+00:00,1 41335U 16011A   24032.13067258  .00000172  00000-0  89305-4 0  9997,2 41335  98.6251 100.8923 0001226 106.4760 253.6556 14.26734831414423
2024-02-01T11:33:06.261408+00:00,1 41335U 16011A   24032.48132247  .00000166  00000-0  86432-4 0  9997,2 41335  98.6251 101.2380 0001233 106.2623 253.8693 14.26734923414470
2024-02-01T13:14:05.489952+00:00,1 41335U 16011A   24032.55145243  .00000175  00000-0  90291-4 0  9993,2 41335  98.6251 101.3071 0001232 106.2804 253.8512 14.26735015414482
2024-02-01T19:58:02.404992+00:00,1 41335U 16011A   24032.83197228  .00000161  00000-0  84482-4 0  9994,2 41335  98.6251 101.5835 0001233 106.2244 253.9073 14.26735084414525
2024-02-01T21:39:01.633536+00:00,1 41335U 16011A   24032.90210224  .00000158  00000-0  83391-4 0  9998,2 41335  98.6250 101.6526 0001233 106.2484 253.8832 14.26735098414536
2024-02-02T04:22:58.544256+00:00,1 41335U 16011A   24033.18262204  .00000157  00000-0  83016-4 0  9997,2 41335  98.6250 101.9291 0001232 106.1730 253.9586 14.26735239414578
2024-02-02T11:06:55.456704+00:00,1 41335U 16011A   24033.46314186  .00000160  00000-0  84335-4 0  9994,2 41335  98.6250 102.2056 0001237 106.0423 254.0894 14.26735339414614
2024-02-02T14:28:53.909472+00:00,1 41335U 16011A   24033.60340173  .00000158  00000-0  83368-4 0  9997,2 41335  98.6250 102.3438 0001235 106.0658 254.0659 14.26735418414636
2024-02-02T19:31:51.589920+00:00,1 41335U 16011A   24033.81379155  .00000154  00000-0  81713-4 0  9990,2 41335  98.6249 102.5512 0001233 105.9136 254.2181 14.26735484414664
2024-02-02T21:12:50.815872+00:00,1 41335U 16011A   24033.88392148  .00000148  00000-0  79302-4 0  9998,2 41335  98.6249 102.6203 0001233 106.0647 254.0670 14.26735472414670
2024-02-03T03:56:47.719680+00:00,1 41335U 16011A   24034.16444120  .00000151  00000-0  80571-4 0  9992,2 41335  98.6248 102.8967 0001235 105.9512 254.1804 14.26735622414711
2024-02-03T10:40:44.628672+00:00,1 41335U 16011A   24034.44496098  .00000171  00000-0  88486-4 0  9999,2 41335  98.6248 103.1732 0001241 105.8413 254.2904 14.26735819414755
2024-02-03T12:21:43.852032+00:00,1 41335U 16011A   24034.51509088  .00000174  00000-0  89782-4 0  9994,2 41335  98.6248 103.2423 0001241 105.8208 254.3110 14.26735877414760
2024-02-03T19:05:40.752384+00:00,1 41335U 16011A   24034.79561056  .00000166  00000-0  86631-4 0  9998,2 41335  98.6248 103.5188 0001240 105.6986 254.4331 14.26735973414809
2024-02-03T22:27:39.201696+00:00,1 41335U 16011A   24034.93587039  .00000150  00000-0  79971-4 0  9995,2 41335  98.6247 103.6570 0001242 105.7435 254.3883 14.26735944414827
2024-02-04T03:30:36.875232+00:00,1 41335U 16011A   24035.14626013  .00000152  00000-0  81025-4 0  9990,2 41335  98.6247 103.8644 0001241 105.6721 254.4596 14.26736057414858
2024-02-04T11:55:32.996352+00:00,1 41335U 16011A   24035.49690968  .00000195  00000-0  98654-4 0  9991,2 41335  98.6247 104.2099 0001247 105.4730 254.6588 14.26736412414905
2024-02-04T13:36:32.219712+00:00,1 41335U 16011A   24035.56703958  .00000192  00000-0  97329-4 0  9998,2 41335  98.6246 104.2791 0001247 105.4653 254.6665 14.26736437414911
2024-02-04T18:39:29.890656+00:00,1 41335U 16011A   24035.77742929  .00000183  00000-0  93725-4 0  9998,2 41335  98.6246 104.4864 0001251 105.2769 254.8550 14.26736495414947
2024-02-04T20:20:29.116608+00:00,1 41335U 16011A   24035.84755922  .00000163  00000-0  85365-4 0  9992,2 41335  98.6246 104.5555 0001252 105.2777 254.8542 14.26736409414952
2024-02-04T22:01:28.340832+00:00,1 41335U 16011A   24035.91768913  .00000159  00000-0  83837-4 0  9991,2 41335  98.6245 104.6246 0001253 105.2851 254.8468 14.26736418414961
2024-02-05T04:45:25.229952+00:00,1 41335U 16011A   24036.19820868  .00000170  00000-0  88276-4 0  9995,2 41335  98.6245 104.9010 0001252 105.1610 254.9709 14.26736588415007
2024-02-05T11:29:22.119072+00:00,1 41335U 16011A   24036.47872823  .00000195  00000-0  98739-4 0  9996,2 41335  98.6244 105.1775 0001259 104.9484 255.1836 14.26736822415049
2024-02-05T14:51:20.562336+00:00,1 41335U 16011A   24036.61898799  .00000198  00000-0  10004-3 0  9993,2 41335  98.6244 105.3158 0001258 104.9078 255.2242 14.26736911415067
2024-02-05T19:54:18.227232+00:00,1 41335U 16011A   24036.82937763  .00000195  00000-0  98465-4 0  9996,2 41335  98.6244 105.5231 0001257 104.7877 255.3443 14.26736971415098
2024-02-05T21:35:17.452320+00:00,1 41335U 16011A   24036.89950755  .00000183  00000-0  93651-4 0  9998,2 41335  98.6243 105.5922 0001259 105.0210 255.1110 14.26736922415108
2024-02-06T04:19:14.331936+00:00,1 41335U 16011A   24037.18002699  .00000196  00000-0  98998-4 0  9999,2 41335  98.6242 105.8686 0001260 104.8437 255.2883 14.26737124415144
2024-02-06T11:03:11.207232+00:00,1 41335U 16011A   24037.46054638  .00000213  00000-0  10591-3 0  9992,2 41335  98.6242 106.1451 0001263 104.7714 255.3606 14.26737348415184
2024-02-06T14:25:09.647904+00:00,1 41335U 16011A   24037.60080611  .00000201  00000-0  10117-3 0  9999,2 41335  98.6242 106.2833 0001266 104.7582 255.3739 14.26737376415206
2024-02-06T19:28:07.306752+00:00,1 41335U 16011A   24037.81119568  .00000194  00000-0  98337-4 0  9998,2 41335  98.6241 106.4906 0001267 104.6753 255.4568 14.26737430415233
2024-02-06T21:09:06.523200+00:00,1 41335U 16011A   24037.88132550  .00000216  00000-0  10712-3 0  9996,2 41335  98.6241 106.5598 0001267 104.8133 255.3188 14.26737569415246
2024-02-07T03:53:03.393312+00:00,1 41335U 16011A   24038.16184483  .00000221  00000-0  10951-3 0  9991,2 41335  98.6240 106.8362 0001264 104.6035 255.5285 14.26737754415283
2024-02-07T10:37:00.267744+00:00,1 41335U 16011A   24038.44236421  .00000227  00000-0  11165-3 0  9996,2 41335  98.6240 107.1126 0001269 104.4750 255.6571 14.26737886415322
2024-02-07T12:17:59.483328+00:00,1 41335U 16011A   24038.51249402  .00000241  00000-0  11771-3 0  9996,2 41335  98.6240 107.1818 0001270 104.4238 255.7084 14.26738004415337
2024-02-07T19:01:56.349984+00:00,1 41335U 16011A   24038.79301331  .00000233  00000-0  11441-3 0  9991,2 41335  98.6239 107.4582 0001268 104.2316 255.9005 14.26738120415376
2024-02-07T20:42:55.565568+00:00,1 41335U 16011A   24038.86314312  .00000229  00000-0  11275-3 0  9992,2 41335  98.6239 107.5273 0001268 104.2264 255.9057 14.26738133415388
2024-02-08T01:45:53.211456+00:00,1 41335U 16011A   24039.07353254  .00000233  00000-0  11450-3 0  9994,2 41335  98.6238 107.7346 0001268 104.2203 255.9119 14.26738270415418
2024-02-08T10:10:49.293696+00:00,1 41335U 16011A   24039.42418164  .00000267  00000-0  12822-3 0  9996,2 41335  98.6237 108.0802 0001275 103.9663 256.1659 14.26738596415460
2024-02-08T13:32:47.719680+00:00,1 41335U 16011A   24039.56444120  .00000270  00000-0  12946-3 0  9993,2 41335  98.6237 108.2184 0001276 103.9222 256.2101 14.26738705415484
2024-02-08T18:35:45.362112+00:00,1 41335U 16011A   24039.77483058  .00000267  00000-0  12820-3 0  9996,2 41335  98.6237 108.4257 0001276 103.7634 256.3689 14.26738803415517
2024-02-08T21:57:43.789824+00:00,1 41335U 16011A   24039.91509016  .00000258  00000-0  12474-3 0  9990,2 41335  98.6236 108.5639 0001276 103.7634 256.3688 14.26738821415532
2024-02-09T03:00:41.427936+00:00,1 41335U 16011A   24040.12547949  .00000256  00000-0  12400-3 0  9999,2 41335  98.6235 108.7712 0001275 103.7243 256.4080 14.26738950415563
2024-02-09T11:25:37.492032+00:00,1 41335U 16011A   24040.47612838  .00000268  00000-0  12879-3 0  9990,2 41335  98.6235 109.1168 0001280 103.4978 256.6345 14.26739176415614
2024-02-09T14:47:35.915424+00:00,1 41335U 16011A   24040.61638791  .00000274  00000-0  13103-3 0  9990,2 41335  98.6235 109.2550 0001281 103.4359 256.6964 14.26739306415638
2024-02-09T18:09:34.337088+00:00,1 41335U 16011A   24040.75664742  .00000271  00000-0  12998-3 0  9998,2 41335  98.6234 109.3932 0001280 103.2892 256.8431 14.26739373415658
2024-02-10T04:15:29.603808+00:00,1 41335U 16011A   24041.17742597  .00000257  00000-0  12408-3 0  9990,2 41335  98.6233 109.8079 0001275 103.2911 256.8412 14.26739537415718
2024-02-10T10:59:26.428992+00:00,1 41335U 16011A   24041.45794478  .00000311  00000-0  14642-3 0  9999,2 41335  98.6233 110.0843 0001278 103.1569 256.9754 14.26740015415759
2024-02-10T12:40:25.639392+00:00,1 41335U 16011A   24041.52807453  .00000341  00000-0  15909-3 0  9995,2 41335  98.6233 110.1534 0001277 103.1026 257.0297 14.26740214415760
2024-02-10T19:24:22.466304+00:00,1 41335U 16011A   24041.80859336  .00000332  00000-0  15511-3 0  9992,2 41335  98.6232 110.4299 0001272 102.8000 257.3323 14.26740371415805
2024-02-10T21:05:21.671520+00:00,1 41335U 16011A   24041.87872305  .00000341  00000-0  15898-3 0  9998,2 41335  98.6232 110.4990 0001273 103.0983 257.0340 14.26740452415814
2024-02-11T03:49:18.489792+00:00,1 41335U 16011A   24042.15924178  .00000345  00000-0  16053-3 0  9994,2 41335  98.6231 110.7753 0001279 103.2156 256.9167 14.26740710415859
2024-02-11T10:33:15.340896+00:00,1 41335U 16011A   24042.43976089  .00000272  00000-0  13043-3 0  9998,2 41335  98.6231 111.0518 0001282 103.1585 256.9739 14.26740401415897
2024-02-11T13:55:13.742688+00:00,1 41335U 16011A   24042.58002017  .00000302  00000-0  14271-3 0  9993,2 41335  98.6231 111.1900 0001281 103.0816 257.0507 14.26740701415919
2024-02-11T18:58:11.357472+00:00,1 41335U 16011A   24042.79040923  .00000294  00000-0  13947-3 0  9993,2 41335  98.6230 111.3973 0001285 102.7779 257.3545 14.26740815415942
2024-02-11T22:20:09.774816+00:00,1 41335U 16011A   24042.93066869  .00000251  00000-0  12180-3 0  9997,2 41335  98.6230 111.5355 0001285 102.9473 257.1851 14.26740645415962
2024-02-12T03:23:07.386144+00:00,1 41335U 16011A   24043.14105771  .00000261  00000-0  12586-3 0  9998,2 41335  98.6229 111.7428 0001289 102.8395 257.2929 14.26740839415994
2024-02-12T11:48:03.398400+00:00,1 41335U 16011A   24043.49170600  .00000324  00000-0  15189-3 0  9991,2 41335  98.6229 112.0883 0001292 102.6554 257.4771 14.26741403416044
2024-02-12T13:29:02.602752+00:00,1 41335U 16011A   24043.56183568  .00000334  00000-0  15588-3 0  9990,2 41335  98.6229 112.1574 0001292 102.6159 257.5166 14.26741499416058
2024-02-12T18:32:00.208032+00:00,1 41335U 16011A   24043.77222463  .00000328  00000-0  15359-3 0  9990,2 41335  98.6228 112.3648 0001293 102.3940 257.7385 14.26741620416081
2024-02-12T21:53:58.616736+00:00,1 41335U 16011A   24043.91248399  .00000265  00000-0  12747-3 0  9990,2 41335  98.6228 112.5029 0001296 102.5330 257.5995 14.26741360416103
2024-02-13T02:56:56.220288+00:00,1 41335U 16011A   24044.12287292  .00000264  00000-0  12730-3 0  9990,2 41335  98.6227 112.7102 0001296 102.3194 257.8132 14.26741509416136
2024-02-13T11:21:52.216128+00:00,1 41335U 16011A   24044.47352102  .00000334  00000-0  15599-3 0  9995,2 41335  98.6227 113.0558 0001297 102.0833 258.0493 14.26742120416181
2024-02-13T14:43:50.615328+00:00,1 41335U 16011A   24044.61378027  .00000372  00000-0  17180-3 0  9995,2 41335  98.6227 113.1940 0001294 101.9847 258.1479 14.26742428416206
2024-02-13T19:46:48.210240+00:00,1 41335U 16011A   24044.82416910  .00000366  00000-0  16934-3 0  9991,2 41335  98.6226 113.4012 0001293 101.5743 258.5582 14.26742553416239
2024-02-13T21:27:47.408544+00:00,1 41335U 16011A   24044.89429871  .00000368  00000-0  17015-3 0  9991,2 41335  98.6226 113.4703 0001292 101.6060 258.5265 14.26742613416244
2024-02-14T04:11:44.190528+00:00,1 41335U 16011A   24045.17481702  .00000377  00000-0  17359-3 0  9995,2 41335  98.6225 113.7467 0001292 101.5614 258.5711 14.26742902416288
2024-02-14T10:55:41.043360+00:00,1 41335U 16011A   24045.45533615  .00000339  00000-0  15798-3 0  9990,2 41335  98.6227 114.0234 0001311  99.5499 260.5829 14.26734371416324
2024-02-14T14:17:39.510816+00:00,1 41335U 16011A   24045.59559619  .00000343  00000-0  15973-3 0  9997,2 41335  98.6227 114.1616 0001308  99.5376 260.5952 14.26734682416343
2024-02-14T19:20:37.197312+00:00,1 41335U 16011A   24045.80598608  .00000341  00000-0  15875-3 0  9991,2 41335  98.6226 114.3688 0001310  99.0710 261.0618 14.26735031416370
2024-02-14T21:01:36.412896+00:00,1 41335U 16011A   24045.87611589  .00000660  00000-0  29092-3 0  9992,2 41335  98.6225 114.4379 0001306  98.9251 261.2078 14.26735373416382
2024-02-15T03:45:33.309792+00:00,1 41335U 16011A   24046.15663553  .00000879  00000-0  38099-3 0  9991,2 41335  98.6223 114.7141 0001306  98.8542 261.2787 14.26736013416426
2024-02-15T10:29:30.247296+00:00,1 41335U 16011A   24046.43715564  .00000305  00000-0  14391-3 0  9995,2 41335  98.6223 114.9905 0001308  99.2230 260.9098 14.26735474416462
2024-02-15T13:51:28.698336+00:00,1 41335U 16011A   24046.57741549  .00000319  00000-0  14975-3 0  9995,2 41335  98.6223 115.1287 0001308  99.2314 260.9014 14.26735675416484
2024-02-15T18:54:26.377056+00:00,1 41335U 16011A   24046.78780529  .00000316  00000-0  14875-3 0  9995,2 41335  98.6223 115.3360 0001306  99.1077 261.0251 14.26735784416511
2024-02-15T22:16:24.830688+00:00,1 41335U 16011A   24046.92806517  .00000297  00000-0  14085-3 0  9998,2 41335  98.6222 115.4742 0001309  99.2054 260.9274 14.26735774416538
2024-02-16T03:19:22.506816+00:00,1 41335U 16011A   24047.13845494  .00000296  00000-0  14022-3 0  9999,2 41335  98.6222 115.6815 0001309  99.0761 261.0568 14.26735937416566
2024-02-16T11:44:18.621024+00:00,1 41335U 16011A   24047.48910441  .00000308  00000-0  14518-3 0  9996,2 41335  98.6222 116.0270 0001313  98.7476 261.3854 14.26736289416618
2024-02-16T13:25:17.850432+00:00,1 41335U 16011A   24047.55923438  .00000275  00000-0  13182-3 0  9993,2 41335  98.6221 116.0961 0001313  98.7692 261.3637 14.26736155416626
2024-02-16T18:28:15.523104+00:00,1 41335U 16011A   24047.76962411  .00000272  00000-0  13055-3 0  9996,2 41335  98.6221 116.3034 0001314  98.5899 261.5430 14.26736271416653
2024-02-16T21:50:13.975008+00:00,1 41335U 16011A   24047.90988397  .00000265  00000-0  12738-3 0  9992,2 41335  98.6220 116.4416 0001315  98.6029 261.5300 14.26736289416671
2024-02-17T04:34:10.865856+00:00,1 41335U 16011A   24048.19040354  .00000260  00000-0  12536-3 0  9997,2 41335  98.6219 116.7180 0001315  98.5135 261.6194 14.26736470416716
2024-02-17T11:18:07.754112+00:00,1 41335U 16011A   24048.47092308  .00000258  00000-0  12445-3 0  9990,2 41335  98.6219 116.9943 0001303  98.3437 261.7891 14.26736713416754
2024-02-17T14:40:06.196512+00:00,1 41335U 16011A   24048.61118283  .00000246  00000-0  11959-3 0  9993,2 41335  98.6219 117.1325 0001298  98.2769 261.8559 14.26736759416775
2024-02-17T19:43:03.859680+00:00,1 41335U 16011A   24048.82157245  .00000242  00000-0  11786-3 0  9991,2 41335  98.6219 117.3398 0001296  98.1455 261.9872 14.26736862416804
2024-02-17T21:24:03.077856+00:00,1 41335U 16011A   24048.89170229  .00000239  00000-0  11681-3 0  9995,2 41335  98.6218 117.4089 0001294  98.2378 261.8950 14.26736905416819
2024-02-18T04:07:59.954880+00:00,1 41335U 16011A   24049.17222170  .00000243  00000-0  11837-3 0  9998,2 41335  98.6217 117.6853 0001295  98.2939 261.8389 14.26737125416858
2024-02-18T10:51:56.829312+00:00,1 41335U 16011A   24049.45274108  .00000269  00000-0  12936-3 0  9996,2 41335  98.6217 117.9617 0001297  98.0801 262.0527 14.26737446416894
2024-02-18T14:13:55.269984+00:00,1 41335U 16011A   24049.59300081  .00000251  00000-0  12185-3 0  9998,2 41335  98.6217 118.0999 0001292  98.0730 262.0597 14.26737442416911
2024-02-18T19:16:52.923648+00:00,1 41335U 16011A   24049.80339032  .00000250  00000-0  12140-3 0  9990,2 41335  98.6216 118.3071 0001296  97.9448 262.1879 14.26737572416943
2024-02-18T22:38:51.358272+00:00,1 41335U 16011A   24049.94364998  .00000259  00000-0  12524-3 0  9999,2 41335  98.6216 118.4453 0001300  98.1131 262.0197 14.26737673416962
2024-02-19T03:41:49.011072+00:00,1 41335U 16011A   24050.15403948  .00000255  00000-0  12355-3 0  9991,2 41335  98.6215 118.6526 0001301  98.0033 262.1295 14.26737807416997
2024-02-19T10:25:45.883776+00:00,1 41335U 16011A   24050.43455884  .00000263  00000-0  12651-3 0  9996,2 41335  98.6215 118.9289 0001309  97.8201 262.3128 14.26737992417036
2024-02-19T13:47:44.319264+00:00,1 41335U 16011A   24050.57481851  .00000254  00000-0  12290-3 0  9993,2 41335  98.6215 119.0671 0001309  97.7250 262.4079 14.26738062417053
2024-02-19T18:50:41.967744+00:00,1 41335U 16011A   24050.78520796  .00000253  00000-0  12242-3 0  9994,2 41335  98.6214 119.2744 0001311  97.6339 262.4990 14.26738175417085
2024-02-19T22:12:40.403232+00:00,1 41335U 16011A   24050.92546763  .00000205  00000-0  10254-3 0  9990,2 41335  98.6214 119.4126 0001311  97.7904 262.3425 14.26738007417109
2024-02-20T03:15:38.050848+00:00,1 41335U 16011A   24051.13585707  .00000205  00000-0  10281-3 0  9995,2 41335  98.6213 119.6198 0001308  97.6261 262.5068 14.26738137417132
2024-02-20T11:40:34.129632+00:00,1 41335U 16011A   24051.48650613  .00000217  00000-0  10776-3 0  9994,2 41335  98.6213 119.9653 0001312  97.3040 262.8289 14.26738383417184
2024-02-20T15:02:32.556480+00:00,1 41335U 16011A   24051.62676570  .00000219  00000-0  10835-3 0  9998,2 41335  98.6213 120.1035 0001311  97.2359 262.8971 14.26738490417203
2024-02-20T18:24:30.985920+00:00,1 41335U 16011A   24051.76702530  .00000212  00000-0  10554-3 0  9990,2 41335  98.6212 120.2417 0001309  97.1183 263.0146 14.26738530417222
2024-02-20T21:46:29.413632+00:00,1 41335U 16011A   24051.90728488  .00000196  00000-0  99062-4 0  9999,2 41335  98.6212 120.3798 0001309  97.1510 262.9819 14.26738538417244
2024-02-21T04:30:26.267328+00:00,1 41335U 16011A   24052.18780402  .00000194  00000-0  98154-4 0  9993,2 41335  98.6211 120.6562 0001307  96.9711 263.1618 14.26738692417288
2024-02-21T11:14:23.120160+00:00,1 41335U 16011A   24052.46832315  .00000212  00000-0  10553-3 0  9992,2 41335  98.6211 120.9326 0001306  96.7640 263.3689 14.26738871417321
2024-02-21T14:36:21.546144+00:00,1 41335U 16011A   24052.60858271  .00000190  00000-0  96496-4 0  9993,2 41335  98.6210 121.0708 0001304  96.7984 263.3345 14.26738842417344
2024-02-21T19:39:19.183392+00:00,1 41335U 16011A   24052.81897203  .00000187  00000-0  95135-4 0  9999,2 41335  98.6210 121.2780 0001302  96.6472 263.4857 14.26738924417378
2024-02-21T21:20:18.391200+00:00,1 41335U 16011A   24052.88910175  .00000186  00000-0  94716-4 0  9993,2 41335  98.6209 121.3471 0001301  96.7073 263.4256 14.26738963417388
2024-02-22T04:04:15.236256+00:00,1 41335U 16011A   24053.16962079  .00000188  00000-0  95560-4 0  9995,2 41335  98.6209 121.6235 0001301  96.6741 263.4588 14.26739128417427
2024-02-22T10:48:12.082176+00:00,1 41335U 16011A   24053.45013984  .00000188  00000-0  95727-4 0  9994,2 41335  98.6208 121.8998 0001305  96.4598 263.6731 14.26739281417462
2024-02-22T14:10:10.502976+00:00,1 41335U 16011A   24053.59039934  .00000186  00000-0  95008-4 0  9992,2 41335  98.6208 122.0380 0001299  96.4285 263.7044 14.26739360417483
2024-02-22T19:13:08.133312+00:00,1 41335U 16011A   24053.80078858  .00000182  00000-0  93078-4 0  9995,2 41335  98.6208 122.2453 0001298  96.2688 263.8640 14.26739441417517
2024-02-22T22:35:06.553248+00:00,1 41335U 16011A   24053.94104807  .00000177  00000-0  91214-4 0  9998,2 41335  98.6207 122.3834 0001302  96.4811 263.6517 14.26739472417533
2024-02-23T03:38:04.182720+00:00,1 41335U 16011A   24054.15143730  .00000174  00000-0  90034-4 0  9996,2 41335  98.6206 122.5907 0001299  96.3781 263.7547 14.26739583417565
2024-02-23T12:03:00.232992+00:00,1 41335U 16011A   24054.50208603  .00000180  00000-0  92429-4 0  9993,2 41335  98.6206 122.9361 0001303  96.0586 264.0743 14.26739772417617
2024-02-23T13:43:59.438208+00:00,1 41335U 16011A   24054.57221572  .00000198  00000-0  10001-3 0  9994,2 41335  98.6206 123.0052 0001302  96.1139 264.0190 14.26739934417627
2024-02-23T18:46:57.064224+00:00,1 41335U 16011A   24054.78260491  .00000189  00000-0  96217-4 0  9994,2 41335  98.6205 123.2124 0001302  96.0392 264.0937 14.26739999417651
2024-02-23T22:08:55.481568+00:00,1 41335U 16011A   24054.92286437  .00000179  00000-0  91898-4 0  9997,2 41335  98.6204 123.3506 0001305  96.1778 263.9551 14.26740000417674
2024-02-24T03:11:53.104992+00:00,1 41335U 16011A   24055.13325353  .00000183  00000-0  93770-4 0  9998,2 41335  98.6204 123.5578 0001302  96.0170 264.1159 14.26740123417704
2024-02-24T11:36:49.142304+00:00,1 41335U 16011A   24055.48390211  .00000216  00000-0  10712-3 0  9992,2 41335  98.6203 123.9032 0001303  95.7984 264.3345 14.26740433417750
2024-02-24T13:17:48.347520+00:00,1 41335U 16011A   24055.55403180  .00000225  00000-0  11080-3 0  9999,2 41335  98.6203 123.9723 0001303  95.8563 264.2766 14.26740526417761
2024-02-24T20:01:45.170976+00:00,1 41335U 16011A   24055.83455059  .00000232  00000-0  11370-3 0  9992,2 41335  98.6202 124.2486 0001306  95.6885 264.4444 14.26740691417801
2024-02-24T20:01:45.170976+00:00,1 41335U 16011A   24055.83455059  .00000232  00000-0  11370-3 0  9992,2 41335  98.6202 124.2486 0001306  95.6885 264.4444 14.26740691417801
2024-02-25T04:26:41.201376+00:00,1 41335U 16011A   24056.18519909  .00000221  00000-0  10935-3 0  9990,2 41335  98.6201 124.5940 0001301  95.6396 264.4933 14.26740805417855
2024-02-25T11:10:38.021376+00:00,1 41335U 16011A   24056.46571784  .00000221  00000-0  10920-3 0  9994,2 41335  98.6201 124.8704 0001296  95.3769 264.7560 14.26740904417893
2024-02-25T14:32:36.425760+00:00,1 41335U 16011A   24056.60597715  .00000219  00000-0  10868-3 0  9990,2 41335  98.6200 125.0085 0001296  95.4760 264.6568 14.26741021417910
2024-02-25T16:13:35.629248+00:00,1 41335U 16011A   24056.67610682  .00000218  00000-0  10828-3 0  9991,2 41335  98.6200 125.0776 0001295  95.4223 264.7105 14.26741055417926
2024-02-25T16:13:35.629248+00:00,1 41335U 16011A   24056.67610682  .00000218  00000-0  10828-3 0  9991,2 41335  98.6200 125.0776 0001295  95.4223 264.7105 14.26741055417926
2024-02-26T04:00:30.238560+00:00,1 41335U 16011A   24057.16701665  .00000220  00000-0  10881-3 0  9990,2 41335  98.6198 125.5612 0001312  94.1346 265.9985 14.26737513417998
2024-02-26T10:44:27.111264+00:00,1 41335U 16011A   24057.44753601  .00000212  00000-0  10553-3 0  9995,2 41335  98.6199 125.8375 0001304  94.1821 265.9509 14.26737622418036
2024-02-26T14:06:25.550208+00:00,1 41335U 16011A   24057.58779572  .00000177  00000-0  91326-4 0  9993,2 41335  98.6199 125.9757 0001292  93.5813 266.5515 14.26737626418051
2024-02-26T19:09:23.204736+00:00,1 41335U 16011A   24057.79818524  .00000152  00000-0  80675-4 0  9995,2 41335  98.6198 126.1829 0001294  93.8819 266.2509 14.26737658418082
2024-02-26T22:31:21.640224+00:00,1 41335U 16011A   24057.93844491  .00000196  00000-0  98952-4 0  9998,2 41335  98.6197 126.3210 0001305  94.6466 265.4863 14.26737760418108
2024-02-27T03:34:19.293024+00:00,1 41335U 16011A   24058.14883441  .00000196  00000-0  99087-4 0  9990,2 41335  98.6197 126.5283 0001304  94.4924 265.6406 14.26737878418134
2024-02-27T11:59:15.375264+00:00,1 41335U 16011A   24058.49948351  .00000186  00000-0  94763-4 0  9995,2 41335  98.6197 126.8736 0001304  94.2583 265.8746 14.26738021418184
2024-02-27T13:40:14.596032+00:00,1 41335U 16011A   24058.56961338  .00000176  00000-0  90760-4 0  9995,2 41335  98.6197 126.9427 0001302  94.1004 266.0326 14.26737998418197
2024-02-27T18:43:12.245376+00:00,1 41335U 16011A   24058.78000284  .00000175  00000-0  90476-4 0  9996,2 41335  98.6196 127.1500 0001303  94.1813 265.9516 14.26738073418228
2024-02-27T22:05:10.680000+00:00,1 41335U 16011A   24058.92026250  .00000171  00000-0  88518-4 0  9993,2 41335  98.6196 127.2881 0001304  94.2929 265.8401 14.26738094418248
2024-02-28T03:08:08.328480+00:00,1 41335U 16011A   24059.13065195  .00000171  00000-0  88614-4 0  9995,2 41335  98.6195 127.4954 0001304  94.0852 266.0478 14.26738200418272
2024-02-28T11:33:04.404672+00:00,1 41335U 16011A   24059.48130098  .00000168  00000-0  87325-4 0  9992,2 41335  98.6195 127.8408 0001304  93.5690 266.5640 14.26738351418323
2024-02-28T13:14:03.620256+00:00,1 41335U 16011A   24059.55143079  .00000168  00000-0  87432-4 0  9992,2 41335  98.6195 127.9099 0001295  93.4656 266.6673 14.26738340418336
2024-02-28T19:58:00.478272+00:00,1 41335U 16011A   24059.83194998  .00000162  00000-0  85031-4 0  9996,2 41335  98.6194 128.1862 0001292  93.3409 266.7920 14.26738436418374
2024-02-28T21:38:59.695584+00:00,1 41335U 16011A   24059.90207981  .00000157  00000-0  82978-4 0  9992,2 41335  98.6194 128.2553 0001291  93.4025 266.7303 14.26738434418380
2024-02-29T04:22:56.551008+00:00,1 41335U 16011A   24060.18259897  .00000157  00000-0  82878-4 0  9996,2 41335  98.6193 128.5316 0001288  93.2956 266.8372 14.26738571418420
2024-02-29T11:06:53.405568+00:00,1 41335U 16011A   24060.46311812  .00000162  00000-0  85021-4 0  9992,2 41335  98.6193 128.8079 0001290  93.0233 267.1095 14.26738731418466
2024-02-29T14:28:51.830688+00:00,1 41335U 16011A   24060.60337767  .00000150  00000-0  79976-4 0  9994,2 41335  98.6193 128.9461 0001286  93.0346 267.0981 14.26738743418480
2024-02-29T19:31:49.469664+00:00,1 41335U 16011A   24060.81376701  .00000140  00000-0  75979-4 0  9996,2 41335  98.6193 129.1533 0001281  92.9307 267.2020 14.26738787418511
2024-02-29T21:12:48.682656+00:00,1 41335U 16011A   24060.88389679  .00000140  00000-0  75716-4 0  9990,2 41335  98.6193 129.2224 0001280  92.9453 267.1874 14.26738805418528
2024-03-01T03:56:45.531168+00:00,1 41335U 16011A   24061.16441587  .00000143  00000-0  76894-4 0  9990,2 41335  98.6192 129.4987 0001279  92.9690 267.1636 14.26738954418561
2024-03-01T10:40:42.377952+00:00,1 41335U 16011A   24061.44493493  .00000161  00000-0  84640-4 0  9992,2 41335  98.6192 129.7750 0001278  92.5704 267.5623 14.26739160418608
2024-03-01T14:02:40.799616+00:00,1 41335U 16011A   24061.58519444  .00000153  00000-0  81079-4 0  9996,2 41335  98.6192 129.9132 0001271  92.4913 267.6413 14.26739199418620
2024-03-01T19:05:38.433408+00:00,1 41335U 16011A   24061.79558372  .00000145  00000-0  78106-4 0  9990,2 41335  98.6191 130.1204 0001268  92.3082 267.8244 14.26739257418657
2024-03-01T20:46:37.646400+00:00,1 41335U 16011A   24061.86571350  .00000142  00000-0  76610-4 0  9994,2 41335  98.6191 130.1895 0001268  92.3771 267.7554 14.26739255418660
2024-03-02T03:30:34.488864+00:00,1 41335U 16011A   24062.14623251  .00000139  00000-0  75327-4 0  9994,2 41335  98.6190 130.4658 0001260  92.2158 267.9167 14.26739375418709
2024-03-02T10:14:31.326144+00:00,1 41335U 16011A   24062.42675146  .00000177  00000-0  90981-4 0  9990,2 41335  98.6190 130.7421 0001262  91.9341 268.1984 14.26739660418743
2024-03-02T13:36:29.748672+00:00,1 41335U 16011A   24062.56701098  .00000169  00000-0  88018-4 0  9990,2 41335  98.6190 130.8802 0001263  91.8915 268.2410 14.26739692418766
2024-03-02T18:39:27.377280+00:00,1 41335U 16011A   24062.77740020  .00000167  00000-0  87009-4 0  9998,2 41335  98.6190 131.0875 0001264  91.7803 268.3522 14.26739772418792
2024-03-02T22:01:25.797216+00:00,1 41335U 16011A   24062.91765969  .00000166  00000-0  86431-4 0  9990,2 41335  98.6189 131.2256 0001269  91.9776 268.1550 14.26739806418811
2024-03-03T03:04:23.424096+00:00,1 41335U 16011A   24063.12804889  .00000168  00000-0  87372-4 0  9996,2 41335  98.6189 131.4328 0001267  91.9361 268.1964 14.26739913418842
2024-03-03T11:29:19.467456+00:00,1 41335U 16011A   24063.47869754  .00000180  00000-0  92271-4 0  9994,2 41335  98.6188 131.7781 0001273  91.6305 268.5021 14.26740130418895
2024-03-03T14:51:17.886528+00:00,1 41335U 16011A   24063.61895702  .00000167  00000-0  86884-4 0  9990,2 41335  98.6188 131.9163 0001273  91.5949 268.5378 14.26740122418913
2024-03-03T19:54:15.508224+00:00,1 41335U 16011A   24063.82934616  .00000171  00000-0  88473-4 0  9992,2 41335  98.6187 132.1235 0001274  91.5564 268.5762 14.26740215418942
2024-03-03T19:54:15.508224+00:00,1 41335U 16011A   24063.82934616  .00000171  00000-0  88473-4 0  9992,2 41335  98.6187 132.1235 0001274  91.5564 268.5762 14.26740215418942
2024-03-04T04:19:11.496288+00:00,1 41335U 16011A   24064.17999417  .00000243  00000-0  11839-3 0  9992,2 41335  98.6186 132.4688 0001272  91.5665 268.5661 14.26740943418997
2024-03-04T11:03:08.352576+00:00,1 41335U 16011A   24064.46051334  .00000190  00000-0  96329-4 0  9990,2 41335  98.6186 132.7451 0001274  91.3997 268.7329 14.26740652419032
2024-03-04T14:25:06.767328+00:00,1 41335U 16011A   24064.60077277  .00000165  00000-0  86303-4 0  9993,2 41335  98.6186 132.8833 0001273  91.4731 268.6596 14.26740605419058
2024-03-04T19:28:04.382976+00:00,1 41335U 16011A   24064.81116184  .00000159  00000-0  83653-4 0  9995,2 41335  98.6185 133.0905 0001270  91.4794 268.6532 14.26740658419087
2024-03-04T22:50:02.789088+00:00,1 41335U 16011A   24064.95142117  .00000164  00000-0  85926-4 0  9996,2 41335  98.6185 133.2286 0001270  91.7224 268.4102 14.26740751419100
2024-03-05T03:53:00.401280+00:00,1 41335U 16011A   24065.16181020  .00000167  00000-0  87130-4 0  9998,2 41335  98.6184 133.4358 0001265  91.6082 268.5243 14.26740873419131
2024-03-05T13:58:55.611840+00:00,1 41335U 16011A   24065.58258810  .00000207  00000-0  10365-3 0  9996,2 41335  98.6184 133.8503 0001254  91.4031 268.7293 14.26741280419193
2024-03-05T19:01:53.221440+00:00,1 41335U 16011A   24065.79297710  .00000197  00000-0  99592-4 0  9999,2 41335  98.6183 134.0575 0001248  91.2239 268.9085 14.26741333419229
2024-03-06T03:26:49.230240+00:00,1 41335U 16011A   24066.14362535  .00000224  00000-0  11055-3 0  9995,2 41335  98.6182 134.4028 0001242  91.1517 268.9806 14.26741654419279
2024-03-06T11:51:45.239904+00:00,1 41335U 16011A   24066.49427361  .00000221  00000-0  10926-3 0  9995,2 41335  98.6182 134.7482 0001245  90.8641 269.2682 14.26741791419327
2024-03-06T13:32:44.438208+00:00,1 41335U 16011A   24066.56440322  .00000225  00000-0  11077-3 0  9997,2 41335  98.6181 134.8173 0001241  90.8944 269.2378 14.26741864419330
2024-03-06T18:35:42.039168+00:00,1 41335U 16011A   24066.77479212  .00000223  00000-0  11021-3 0  9997,2 41335  98.6181 135.0245 0001240  90.8157 269.3165 14.26741966419369
2024-03-07T03:00:38.041920+00:00,1 41335U 16011A   24067.12544030  .00000209  00000-0  10419-3 0  9992,2 41335  98.6180 135.3698 0001235  90.9771 269.1550 14.26742057419414
2024-03-07T09:44:34.842912+00:00,1 41335U 16011A   24067.40595883  .00000212  00000-0  10564-3 0  9990,2 41335  98.6179 135.6461 0001239  90.7706 269.3616 14.26742239419454
2024-03-07T09:44:34.842912+00:00,1 41335U 16011A   24067.40595883  .00000212  00000-0  10564-3 0  9990,2 41335  98.6179 135.6461 0001239  90.7706 269.3616 14.26742239419454
2024-03-08T10:59:23.525952+00:00,1 41335U 16011A   24068.45791118  .00000214  00000-0  10646-3 0  9998,2 41335  98.6344 136.6852 0001237  87.4912 272.6410 14.26730322419609
2024-03-08T14:21:22.024512+00:00,1 41335U 16011A   24068.59817158  .00000140  00000-0  75795-4 0  9991,2 41335  98.6344 136.8236 0001235  87.7259 272.4063 14.26730263419620
2024-03-08T19:24:19.766304+00:00,1 41335U 16011A   24068.80856211  .00000139  00000-0  75490-4 0  9998,2 41335  98.6343 137.0311 0001234  87.9089 272.2233 14.26730320419652
2024-03-08T21:05:19.014720+00:00,1 41335U 16011A   24068.87869230  .00000110  00000-0  63379-4 0  9992,2 41335  98.6343 137.1003 0001234  88.0445 272.0877 14.26730258419662
2024-03-09T03:49:16.001472+00:00,1 41335U 16011A   24069.15921298  .00000176  00000-0  90902-4 0  9991,2 41335  98.6342 137.3771 0001229  88.1710 271.9611 14.26730483419704
2024-03-09T10:33:12.976992+00:00,1 41335U 16011A   24069.43973353  .00000212  00000-0  10583-3 0  9998,2 41335  98.6342 137.6540 0001221  87.8344 272.2976 14.26730817419745
2024-03-09T13:55:11.472960+00:00,1 41335U 16011A   24069.57999390  .00000178  00000-0  91699-4 0  9991,2 41335  98.6341 137.7923 0001217  87.7418 272.3902 14.26730716419766
2024-03-09T18:58:09.207840+00:00,1 41335U 16011A   24069.79038435  .00000188  00000-0  95744-4 0  9995,2 41335  98.6341 137.9999 0001217  87.6695 272.4625 14.26730835419795
2024-03-09T22:20:07.700352+00:00,1 41335U 16011A   24069.93064468  .00000175  00000-0  90489-4 0  9993,2 41335  98.6340 138.1383 0001214  87.7605 272.3715 14.26730860419813
2024-03-10T03:23:05.432640+00:00,1 41335U 16011A   24070.14103510  .00000195  00000-0  98678-4 0  9990,2 41335  98.6340 138.3459 0001215  87.8232 272.3087 14.26731033419845
2024-03-10T11:48:01.657440+00:00,1 41335U 16011A   24070.49168585  .00000189  00000-0  96171-4 0  9990,2 41335  98.6340 138.6919 0001217  87.6203 272.5117 14.26731162419891
2024-03-10T13:29:00.901536+00:00,1 41335U 16011A   24070.56181599  .00000186  00000-0  95047-4 0  9996,2 41335  98.6339 138.7611 0001214  87.5987 272.5332 14.26731192419908
2024-03-10T20:12:57.877056+00:00,1 41335U 16011A   24070.84233654  .00000180  00000-0  92270-4 0  9996,2 41335  98.6339 139.0379 0001213  87.5254 272.6066 14.26731285419941
2024-03-10T21:53:57.119424+00:00,1 41335U 16011A   24070.91246666  .00000184  00000-0  93906-4 0  9992,2 41335  98.6338 139.1070 0001216  87.7378 272.3941 14.26731329419950
2024-03-11T04:37:54.092352+00:00,1 41335U 16011A   24071.19298718  .00000182  00000-0  93172-4 0  9991,2 41335  98.6338 139.3838 0001212  87.6539 272.4780 14.26731468419998
2024-03-11T11:21:51.062688+00:00,1 41335U 16011A   24071.47350767  .00000182  00000-0  93341-4 0  9993,2 41335  98.6337 139.6606 0001213  87.4307 272.7013 14.26731596420036
2024-03-11T13:02:50.305056+00:00,1 41335U 16011A   24071.54363779  .00000181  00000-0  92667-4 0  9997,2 41335  98.6337 139.7298 0001211  87.4175 272.7144 14.26731624420043
2024-03-11T19:46:47.271936+00:00,1 41335U 16011A   24071.82415824  .00000169  00000-0  87739-4 0  9997,2 41335  98.6337 140.0066 0001205  87.3985 272.7334 14.26731697420087
2024-03-12T04:11:43.478592+00:00,1 41335U 16011A   24072.17480878  .00000164  00000-0  85751-4 0  9994,2 41335  98.6336 140.3525 0001198  87.3595 272.7723 14.26731850420136
2024-03-12T12:36:39.682656+00:00,1 41335U 16011A   24072.52545929  .00000167  00000-0  86899-4 0  9999,2 41335  98.6336 140.6985 0001194  87.1142 273.0175 14.26732022420183
2024-03-12T15:58:38.162208+00:00,1 41335U 16011A   24072.66571947  .00000164  00000-0  85888-4 0  9997,2 41335  98.6335 140.8369 0001192  87.1865 272.9452 14.26732090420204
2024-03-12T21:01:35.880672+00:00,1 41335U 16011A   24072.87610973  .00000153  00000-0  81110-4 0  9995,2 41335  98.6334 141.0445 0001187  87.2504 272.8813 14.26732133420237
2024-03-13T03:45:32.837184+00:00,1 41335U 16011A   24073.15663006  .00000156  00000-0  82455-4 0  9998,2 41335  98.6334 141.3212 0001184  87.2235 272.9081 14.26732283420278
2024-03-13T12:10:29.030016+00:00,1 41335U 16011A   24073.50728044  .00000172  00000-0  89279-4 0  9990,2 41335  98.6334 141.6672 0001180  86.9866 273.1449 14.26732513420326
2024-03-13T13:51:28.268064+00:00,1 41335U 16011A   24073.57741051  .00000172  00000-0  89212-4 0  9997,2 41335  98.6333 141.7364 0001178  86.9710 273.1606 14.26732552420338
2024-03-13T20:35:25.220256+00:00,1 41335U 16011A   24073.85793079  .00000165  00000-0  86213-4 0  9995,2 41335  98.6333 142.0131 0001174  86.9449 273.1866 14.26732633420371
2024-03-13T22:16:24.456576+00:00,1 41335U 16011A   24073.92806084  .00000171  00000-0  88898-4 0  9992,2 41335  98.6332 142.0823 0001179  87.0935 273.0381 14.26732695420385
2024-03-14T03:19:22.168992+00:00,1 41335U 16011A   24074.13845103  .00000172  00000-0  89125-4 0  9996,2 41335  98.6332 142.2899 0001176  87.0948 273.0367 14.26732803420410
2024-03-14T05:00:21.407904+00:00,1 41335U 16011A   24074.20858111  .00000176  00000-0  90974-4 0  9995,2 41335  98.6332 142.3591 0001175  87.0512 273.0803 14.26732854420428
2024-03-14T11:44:18.354912+00:00,1 41335U 16011A   24074.48910133  .00000169  00000-0  87890-4 0  9993,2 41335  98.6332 142.6358 0001177  86.8360 273.2955 14.26732945420467
2024-03-14T20:09:14.536512+00:00,1 41335U 16011A   24074.83975158  .00000162  00000-0  84954-4 0  9991,2 41335  98.6331 142.9818 0001173  86.8283 273.3032 14.26733065420517
2024-03-14T21:50:13.772832+00:00,1 41335U 16011A   24074.90988163  .00000162  00000-0  85072-4 0  9991,2 41335  98.6331 143.0510 0001173  86.8745 273.2569 14.26733089420522
2024-03-15T04:34:10.714656+00:00,1 41335U 16011A   24075.19040179  .00000169  00000-0  87735-4 0  9994,2 41335  98.6330 143.3277 0001167  86.9554 273.1759 14.26733256420566
2024-03-15T11:18:07.656480+00:00,1 41335U 16011A   24075.47092195  .00000170  00000-0  88332-4 0  9996,2 41335  98.6330 143.6045 0001167  86.8681 273.2633 14.26733365420600
2024-03-15T19:43:03.829440+00:00,1 41335U 16011A   24075.82157210  .00000160  00000-0  84249-4 0  9997,2 41335  98.6329 143.9504 0001160  87.0166 273.1147 14.26733479420655
2024-03-15T21:24:03.064032+00:00,1 41335U 16011A   24075.89170213  .00000154  00000-0  81657-4 0  9995,2 41335  98.6328 144.0196 0001157  87.0231 273.1082 14.26733482420665
2024-03-16T04:07:59.999808+00:00,1 41335U 16011A   24076.17222222  .00000155  00000-0  82276-4 0  9994,2 41335  98.6328 144.2963 0001150  87.1017 273.0295 14.26733601420708
2024-03-16T12:32:56.164992+00:00,1 41335U 16011A   24076.52287228  .00000155  00000-0  82288-4 0  9993,2 41335  98.6327 144.6423 0001142  86.9462 273.1849 14.26733754420754
2024-03-16T14:13:55.397856+00:00,1 41335U 16011A   24076.59300229  .00000154  00000-0  81535-4 0  9990,2 41335  98.6327 144.7115 0001140  86.9833 273.1478 14.26733784420765
2024-03-16T19:16:53.096448+00:00,1 41335U 16011A   24076.80339232  .00000152  00000-0  80892-4 0  9993,2 41335  98.6327 144.9190 0001137  86.9720 273.1590 14.26733862420796
2024-03-16T22:38:51.561312+00:00,1 41335U 16011A   24076.94365233  .00000157  00000-0  82899-4 0  9992,2 41335  98.6326 145.0574 0001139  87.3603 272.7708 14.26733938420813
2024-03-17T03:41:49.257312+00:00,1 41335U 16011A   24077.15404233  .00000156  00000-0  82688-4 0  9995,2 41335  98.6326 145.2649 0001133  87.2926 272.8384 14.26734019420844
2024-03-17T12:06:45.417312+00:00,1 41335U 16011A   24077.50469233  .00000144  00000-0  77514-4 0  9994,2 41335  98.6326 145.6109 0001133  86.9017 273.2293 14.26734111420898
2024-03-17T13:47:44.649312+00:00,1 41335U 16011A   24077.57482233  .00000141  00000-0  76275-4 0  9996,2 41335  98.6325 145.6801 0001131  86.9850 273.1460 14.26734137420904
2024-03-17T20:31:41.575584+00:00,1 41335U 16011A   24077.85534231  .00000139  00000-0  75567-4 0  9993,2 41335  98.6325 145.9568 0001124  87.1353 272.9956 14.26734228420942
2024-03-17T22:12:40.805856+00:00,1 41335U 16011A   24077.92547229  .00000143  00000-0  77014-4 0  9996,2 41335  98.6324 146.0260 0001126  87.3501 272.7809 14.26734269420952
2024-03-18T04:56:37.729536+00:00,1 41335U 16011A   24078.20599224  .00000138  00000-0  75255-4 0  9999,2 41335  98.6324 146.3027 0001121  87.2602 272.8707 14.26734366420992
2024-03-18T11:40:34.651488+00:00,1 41335U 16011A   24078.48651217  .00000146  00000-0  78449-4 0  9997,2 41335  98.6323 146.5794 0001120  87.0318 273.0990 14.26734510421039
2024-03-18T15:02:33.112032+00:00,1 41335U 16011A   24078.62677213  .00000143  00000-0  77158-4 0  9990,2 41335  98.6323 146.7178 0001118  87.1888 272.9420 14.26734561421051
2024-03-18T20:05:30.798528+00:00,1 41335U 16011A   24078.83716202  .00000143  00000-0  77100-4 0  9992,2 41335  98.6322 146.9253 0001115  87.3268 272.8040 14.26734642421087
2024-03-18T21:46:30.028800+00:00,1 41335U 16011A   24078.90729200  .00000141  00000-0  76163-4 0  9998,2 41335  98.6322 146.9945 0001113  87.3177 272.8130 14.26734655421097
2024-03-19T04:30:26.942976+00:00,1 41335U 16011A   24079.18781184  .00000171  00000-0  88741-4 0  9996,2 41335  98.6322 147.2712 0001108  87.2908 272.8399 14.26734947421134
2024-03-19T11:14:23.853696+00:00,1 41335U 16011A   24079.46833164  .00000188  00000-0  95702-4 0  9996,2 41335  98.6321 147.5480 0001106  87.2020 272.9287 14.26735124421170
2024-03-19T21:20:19.210272+00:00,1 41335U 16011A   24079.88911123  .00000208  00000-0  10415-3 0  9994,2 41335  98.6320 147.9630 0001106  87.4371 272.6936 14.26735427421232
2024-03-20T02:23:16.888128+00:00,1 41335U 16011A   24080.09950102  .00000213  00000-0  10604-3 0  9995,2 41335  98.6320 148.1705 0001103  87.6936 272.4371 14.26735553421268
2024-03-20T10:48:13.016160+00:00,1 41335U 16011A   24080.45015065  .00000240  00000-0  11710-3 0  9994,2 41335  98.6319 148.5165 0001101  87.4038 272.7269 14.26735843421316
2024-03-20T12:29:12.244704+00:00,1 41335U 16011A   24080.52028061  .00000255  00000-0  12332-3 0  9999,2 41335  98.6319 148.5857 0001098  87.2241 272.9065 14.26735958421327
2024-03-20T20:54:08.364096+00:00,1 41335U 16011A   24080.87093014  .00000246  00000-0  11965-3 0  9998,2 41335  98.6318 148.9315 0001093  87.6773 272.4533 14.26736104421372
2024-03-20T22:35:07.586592+00:00,1 41335U 16011A   24080.94106003  .00000251  00000-0  12196-3 0  9992,2 41335  98.6318 149.0007 0001097  88.0550 272.0756 14.26736168421388
2024-03-21T03:38:05.256672+00:00,1 41335U 16011A   24081.15144973  .00000257  00000-0  12444-3 0  9996,2 41335  98.6318 149.2082 0001089  88.0557 272.0749 14.26736311421417
2024-03-21T12:03:01.373472+00:00,1 41335U 16011A   24081.50209923  .00000282  00000-0  13446-3 0  9993,2 41335  98.6317 149.5541 0001087  87.8013 272.3291 14.26736604421466
2024-03-21T12:03:01.373472+00:00,1 41335U 16011A   24081.50209923  .00000282  00000-0  13446-3 0  9993,2 41335  98.6317 149.5541 0001087  87.8013 272.3291 14.26736604421466
2024-03-21T20:27:57.664800+00:00,1 41335U 16011A   24081.85275075  .00000303  00000-0  14339-3 0  9998,2 41335  98.6317 149.9000 0001087  85.6234 274.5071 14.26730446421515
2024-03-21T22:08:56.911488+00:00,1 41335U 16011A   24081.92288092  .00000305  00000-0  14390-3 0  9998,2 41335  98.6317 149.9692 0001089  86.0074 274.1231 14.26730528421527
2024-03-22T04:52:53.911200+00:00,1 41335U 16011A   24082.20340175  .00000298  00000-0  14123-3 0  9996,2 41335  98.6316 150.2458 0001091  86.2948 273.8357 14.26730583421566
2024-03-22T11:36:50.906592+00:00,1 41335U 16011A   24082.48392253  .00000069  00000-0  46522-4 0  9995,2 41335  98.6316 150.5225 0001085  87.0381 273.0924 14.26730555421600
2024-03-22T13:17:50.148960+00:00,1 41335U 16011A   24082.55405265  .00000173  00000-0  89723-4 0  9997,2 41335  98.6315 150.5917 0001086  87.1083 273.0221 14.26730693421612
2024-03-22T20:01:47.127936+00:00,1 41335U 16011A   24082.83457324  .00000212  00000-0  10554-3 0  9990,2 41335  98.6314 150.8684 0001089  87.0377 273.0928 14.26730907421659
2024-03-22T21:42:46.372896+00:00,1 41335U 16011A   24082.90470339  .00000212  00000-0  10573-3 0  9990,2 41335  98.6314 150.9376 0001088  87.0900 273.0405 14.26730936421662
2024-03-23T04:26:43.357920+00:00,1 41335U 16011A   24083.18522405  .00000258  00000-0  12456-3 0  9995,2 41335  98.6314 151.2142 0001085  86.7356 273.3949 14.26731335421700
2024-03-23T11:10:40.312704+00:00,1 41335U 16011A   24083.46574436  .00000271  00000-0  13021-3 0  9991,2 41335  98.6313 151.4910 0001084  86.4852 273.6453 14.26731677421747
2024-03-23T19:35:36.520224+00:00,1 41335U 16011A   24083.81639491  .00000250  00000-0  12124-3 0  9993,2 41335  98.6312 151.8368 0001085  86.6355 273.4949 14.26731783421799
2024-03-23T21:16:35.761728+00:00,1 41335U 16011A   24083.88652502  .00000250  00000-0  12122-3 0  9996,2 41335  98.6312 151.9060 0001082  86.8233 273.3072 14.26731811421803
2024-03-24T04:00:32.725152+00:00,1 41335U 16011A   24084.16704543  .00000284  00000-0  13538-3 0  9990,2 41335  98.6312 152.1827 0001081  86.6037 273.5267 14.26732195421844
2024-03-24T12:25:28.870464+00:00,1 41335U 16011A   24084.51769526  .00000529  00000-0  23667-3 0  9997,2 41335  98.6311 152.5286 0001056  86.6907 273.4395 14.26733648421894
2024-03-24T14:06:28.104192+00:00,1 41335U 16011A   24084.58782528  .00000532  00000-0  23791-3 0  9993,2 41335  98.6311 152.5978 0001056  86.7592 273.3709 14.26733740421906
2024-03-24T20:50:24.917280+00:00,1 41335U 16011A   24084.86834395  .00001073  00000-0  46153-3 0  9992,2 41335  98.6310 152.8744 0001059  86.2836 273.8466 14.26737280421940
2024-03-24T22:31:24.140640+00:00,1 41335U 16011A   24084.93847385  .00001072  00000-0  46092-3 0  9994,2 41335  98.6310 152.9436 0001058  86.5762 273.5539 14.26737376421954
2024-03-25T03:34:21.804672+00:00,1 41335U 16011A   24085.14886348  .00001060  00000-0  45613-3 0  9995,2 41335  98.6309 153.1511 0001055  86.7118 273.4183 14.26737683421981
2024-03-25T11:59:18.110688+00:00,1 41335U 16011A   24085.49951517  .00000678  00000-0  29824-3 0  9994,2 41335  98.6309 153.4970 0001051  86.8908 273.2393 14.26735447422031
2024-03-25T20:24:14.272416+00:00,1 41335U 16011A   24085.85016519  .00000593  00000-0  26294-3 0  9992,2 41335  98.6308 153.8428 0001047  87.0288 273.1012 14.26735317422089
2024-03-25T22:05:13.497504+00:00,1 41335U 16011A   24085.92029511  .00000607  00000-0  26874-3 0  9996,2 41335  98.6308 153.9120 0001048  87.1211 273.0089 14.26735446422094
2024-03-26T04:49:10.413408+00:00,1 41335U 16011A   24086.20081497  .00000595  00000-0  26378-3 0  9994,2 41335  98.6308 154.1887 0001044  87.1280 273.0020 14.26735681422130
2024-03-26T11:33:07.362144+00:00,1 41335U 16011A   24086.48133521  .00000493  00000-0  22186-3 0  9990,2 41335  98.6308 154.4654 0001041  87.0918 273.0381 14.26735266422172
2024-03-26T14:55:05.814912+00:00,1 41335U 16011A   24086.62159508  .00000488  00000-0  21961-3 0  9993,2 41335  98.6307 154.6037 0001038  87.1852 272.9447 14.26735406422191
2024-03-26T19:58:03.503136+00:00,1 41335U 16011A   24086.83198499  .00000421  00000-0  19195-3 0  9991,2 41335  98.6306 154.8112 0001034  87.4762 272.6537 14.26735236422227
2024-03-26T21:39:02.729088+00:00,1 41335U 16011A   24086.90211492  .00000414  00000-0  18895-3 0  9996,2 41335  98.6306 154.8804 0001031  87.3717 272.7581 14.26735294422236
2024-03-27T04:22:59.638944+00:00,1 41335U 16011A   24087.18263471  .00000422  00000-0  19231-3 0  9995,2 41335  98.6306 155.1571 0001019  87.3179 272.8118 14.26735649422274
2024-03-27T12:47:55.756608+00:00,1 41335U 16011A   24087.53328422  .00000345  00000-0  16051-3 0  9993,2 41335  98.6306 155.5029 0001017  87.3687 272.7610 14.26735595422320
2024-03-27T14:28:54.980832+00:00,1 41335U 16011A   24087.60341413  .00000341  00000-0  15885-3 0  9996,2 41335  98.6306 155.5721 0001014  87.3935 272.7361 14.26735650422338
2024-03-27T19:31:52.651776+00:00,1 41335U 16011A   24087.81380384  .00000336  00000-0  15692-3 0  9999,2 41335  98.6305 155.7796 0001009  87.5697 272.5599 14.26735826422361
2024-03-27T21:12:51.875136+00:00,1 41335U 16011A   24087.88393374  .00000330  00000-0  15438-3 0  9991,2 41335  98.6305 155.8488 0001007  87.5626 272.5670 14.26735870422370
2024-03-28T03:56:48.764256+00:00,1 41335U 16011A   24088.16445329  .00000319  00000-0  14985-3 0  9994,2 41335  98.6304 156.1255 0000999  87.8096 272.3199 14.26736095422417
2024-03-28T12:21:44.869824+00:00,1 41335U 16011A   24088.51510266  .00000315  00000-0  14819-3 0  9998,2 41335  98.6304 156.4713 0000993  87.6209 272.5085 14.26736446422468
2024-03-28T14:02:44.090592+00:00,1 41335U 16011A   24088.58523253  .00000313  00000-0  14738-3 0  9993,2 41335  98.6304 156.5405 0000991  87.6936 272.4358 14.26736503422479
2024-03-28T20:46:40.977984+00:00,1 41335U 16011A   24088.86575206  .00000313  00000-0  14752-3 0  9995,2 41335  98.6303 156.8171 0000986  87.6770 272.4523 14.26736708422517
2024-03-28T22:27:40.196160+00:00,1 41335U 16011A   24088.93588190  .00000323  00000-0  15145-3 0  9997,2 41335  98.6303 156.8863 0000991  88.0369 272.0925 14.26736802422528
2024-03-29T03:30:37.854144+00:00,1 41335U 16011A   24089.14627146  .00000318  00000-0  14934-3 0  9995,2 41335  98.6303 157.0938 0000988  87.9696 272.1598 14.26736973422550
2024-03-29T11:55:33.949344+00:00,1 41335U 16011A   24089.49692071  .00000318  00000-0  14934-3 0  9992,2 41335  98.6303 157.4397 0000989  87.9670 272.1624 14.26737260422602
2024-03-29T13:36:33.153696+00:00,1 41335U 16011A   24089.56705039  .00000339  00000-0  15832-3 0  9990,2 41335  98.6303 157.5089 0000984  88.0499 272.0794 14.26737494422614
2024-03-29T20:20:30.037632+00:00,1 41335U 16011A   24089.84756988  .00000323  00000-0  15158-3 0  9994,2 41335  98.6302 157.7855 0000984  88.2331 271.8962 14.26737596422654
2024-03-29T22:01:29.254944+00:00,1 41335U 16011A   24089.91769971  .00000316  00000-0  14850-3 0  9998,2 41335  98.6302 157.8547 0000982  88.4644 271.6649 14.26737616422664
2024-03-30T04:45:26.120736+00:00,1 41335U 16011A   24090.19821899  .00000316  00000-0  14852-3 0  9990,2 41335  98.6301 158.1313 0000976  88.5329 271.5963 14.26737826422708
2024-03-30T11:29:22.983072+00:00,1 41335U 16011A   24090.47873823  .00000312  00000-0  14694-3 0  9995,2 41335  98.6301 158.4080 0000974  88.3515 271.7777 14.26738013422743
2024-03-30T14:51:21.419424+00:00,1 41335U 16011A   24090.61899791  .00000253  00000-0  12271-3 0  9996,2 41335  98.6301 158.5464 0000971  88.5476 271.5816 14.26737806422768
2024-03-30T19:54:19.055808+00:00,1 41335U 16011A   24090.82938722  .00000327  00000-0  15296-3 0  9999,2 41335  98.6300 158.7538 0000975  88.6978 271.4314 14.26738374422799
2024-03-30T21:35:18.268800+00:00,1 41335U 16011A   24090.89951700  .00000325  00000-0  15253-3 0  9998,2 41335  98.6300 158.8230 0000973  88.8516 271.2776 14.26738417422807
2024-03-31T04:19:15.125088+00:00,1 41335U 16011A   24091.18003617  .00000301  00000-0  14227-3 0  9990,2 41335  98.6300 159.0996 0000969  89.0038 271.1253 14.26738495422845
2024-03-31T12:44:11.211648+00:00,1 41335U 16011A   24091.53068532  .00000225  00000-0  11087-3 0  9992,2 41335  98.6300 159.4455 0000966  88.8702 271.2589 14.26738253422891
2024-03-31T14:25:10.425504+00:00,1 41335U 16011A   24091.60081511  .00000221  00000-0  10948-3 0  9993,2 41335  98.6300 159.5147 0000965  88.9663 271.1628 14.26738293422905
2024-03-31T19:28:08.068800+00:00,1 41335U 16011A   24091.81120450  .00000208  00000-0  10383-3 0  9990,2 41335  98.6299 159.7221 0000966  89.2729 270.8562 14.26738346422930
2024-03-31T22:50:06.494784+00:00,1 41335U 16011A   24091.95146406  .00000206  00000-0  10313-3 0  9995,2 41335  98.6298 159.8605 0000967  89.7928 270.3364 14.26738413422955
2024-04-01T03:53:04.132896+00:00,1 41335U 16011A   24092.16185339  .00000217  00000-0  10783-3 0  9990,2 41335  98.6298 160.0680 0000961  89.8484 270.2806 14.26738589422981
2024-04-01T12:18:00.192672+00:00,1 41335U 16011A   24092.51250223  .00000209  00000-0  10437-3 0  9991,2 41335  98.6298 160.4138 0000961  89.5632 270.5658 14.26738758423038
2024-04-01T13:58:59.403936+00:00,1 41335U 16011A   24092.58263199  .00000206  00000-0  10298-3 0  9996,2 41335  98.6298 160.4830 0000961  89.6315 270.4976 14.26738796423041
2024-04-01T20:42:56.253312+00:00,1 41335U 16011A   24092.86315108  .00000191  00000-0  96920-4 0  9995,2 41335  98.6297 160.7596 0000958  89.8310 270.2980 14.26738870423085
2024-04-02T03:26:53.096640+00:00,1 41335U 16011A   24093.14367010  .00000197  00000-0  99497-4 0  9994,2 41335  98.6296 161.0363 0000963  90.2257 269.9034 14.26739057423120
2024-04-02T11:51:49.152096+00:00,1 41335U 16011A   24093.49431889  .00000196  00000-0  98889-4 0  9991,2 41335  98.6296 161.3821 0000960  90.1164 270.0126 14.26739199423172
2024-04-02T13:32:48.362496+00:00,1 41335U 16011A   24093.56444864  .00000192  00000-0  97547-4 0  9992,2 41335  98.6296 161.4513 0000958  90.2156 269.9134 14.26739229423181
2024-04-02T20:16:45.203232+00:00,1 41335U 16011A   24093.84496763  .00000183  00000-0  93804-4 0  9990,2 41335  98.6296 161.7279 0000958  90.4942 269.6348 14.26739332423222
2024-04-02T21:57:44.413632+00:00,1 41335U 16011A   24093.91509738  .00000179  00000-0  92035-4 0  9995,2 41335  98.6295 161.7971 0000955  90.7206 269.4084 14.26739342423230
2024-04-03T04:41:41.253504+00:00,1 41335U 16011A   24094.19561636  .00000188  00000-0  95639-4 0  9994,2 41335  98.6295 162.0737 0000955  90.9803 269.1487 14.26739502423275
2024-04-03T11:25:38.089920+00:00,1 41335U 16011A   24094.47613530  .00000177  00000-0  91199-4 0  9991,2 41335  98.6295 162.3504 0000953  91.0062 269.1228 14.26739582423313
2024-04-03T13:06:37.297728+00:00,1 41335U 16011A   24094.54626502  .00000173  00000-0  89493-4 0  9992,2 41335  98.6295 162.4196 0000950  91.1714 268.9575 14.26739604423321
2024-04-03T19:50:34.324224+00:00,1 41335U 16011A   24094.82678616  .00000165  00000-0  86293-4 0  9992,2 41335  98.6294 162.6960 0000940  91.9121 268.2167 14.26730122423360
2024-04-03T21:31:33.583008+00:00,1 41335U 16011A   24094.89691647  .00000164  00000-0  86001-4 0  9994,2 41335  98.6293 162.7655 0000954  89.0154 271.1135 14.26730264423376
2024-04-04T04:15:30.578400+00:00,1 41335U 16011A   24095.17743725  .00000162  00000-0  85066-4 0  9999,2 41335  98.6293 163.0420 0000957  88.2591 271.8699 14.26730424423414
2024-04-04T12:40:26.817888+00:00,1 41335U 16011A   24095.52808817  .00000004  00000-0  19633-4 0  9994,2 41335  98.6293 163.3878 0000954  89.1132 271.0158 14.26730282423461
2024-04-04T14:21:26.066304+00:00,1 41335U 16011A   24095.59821836  .00000004  00000-0  19531-4 0  9994,2 41335  98.6293 163.4569 0000953  89.1416 270.9873 14.26730292423477
2024-04-04T19:24:23.811552+00:00,1 41335U 16011A   24095.80860893  .00000003  00000-0  19375-4 0  9999,2 41335  98.6292 163.6644 0000948  89.3952 270.7337 14.26730271423507
2024-04-04T21:05:23.059104+00:00,1 41335U 16011A   24095.87873911  .00000003  00000-0  19384-4 0  9991,2 41335  98.6292 163.7336 0000948  89.3084 270.8205 14.26730298423517
2024-04-05T03:49:20.047584+00:00,1 41335U 16011A   24096.15925981  .00000003  00000-0  19459-4 0  9991,2 41335  98.6292 164.0103 0000950  89.6687 270.4602 14.26730425423551
2024-04-05T12:14:16.279296+00:00,1 41335U 16011A   24096.50991064  .00000002  00000-0  18927-4 0  9993,2 41335  98.6291 164.3561 0000945  89.4643 270.6646 14.26730543423602
2024-04-05T12:14:16.279296+00:00,1 41335U 16011A   24096.50991064  .00000002  00000-0  18927-4 0  9993,2 41335  98.6291 164.3561 0000945  89.4643 270.6646 14.26730543423602
2024-04-05T20:39:12.513600+00:00,1 41335U 16011A   24096.86056150  .00000002  00000-0  18716-4 0  9996,2 41335  98.6290 164.7019 0000946  89.5860 270.5429 14.26730594423655
2024-04-05T22:20:11.761152+00:00,1 41335U 16011A   24096.93069168  .00000002  00000-0  18837-4 0  9991,2 41335  98.6290 164.7711 0000946  89.5936 270.5352 14.26730604423666
2024-04-06T05:04:08.747040+00:00,1 41335U 16011A   24097.21121235  .00000004  00000-0  19757-4 0  9991,2 41335  98.6290 165.0477 0000944  89.5425 270.5864 14.26730687423704
2024-04-06T11:48:05.732064+00:00,1 41335U 16011A   24097.49173301  .00000007  00000-0  21052-4 0  9996,2 41335  98.6290 165.3243 0000948  89.6885 270.4404 14.26730750423747
2024-04-06T13:29:04.953696+00:00,1 41335U 16011A   24097.56186289  .00000150  00000-0  79988-4 0  9993,2 41335  98.6289 165.3935 0000937  90.4535 269.6753 14.26731218423751
2024-04-06T20:13:01.930080+00:00,1 41335U 16011A   24097.84238345  .00000152  00000-0  80823-4 0  9997,2 41335  98.6289 165.6701 0000942  90.7486 269.3802 14.26731327423796
2024-04-06T21:54:01.174176+00:00,1 41335U 16011A   24097.91251359  .00000149  00000-0  79522-4 0  9995,2 41335  98.6288 165.7393 0000939  91.0087 269.1201 14.26731338423805
2024-04-07T11:21:55.126080+00:00,1 41335U 16011A   24098.47355470  .00000169  00000-0  87852-4 0  9993,2 41335  98.6288 166.2925 0000934  91.1943 268.9344 14.26731644423882
2024-04-07T14:43:53.611680+00:00,1 41335U 16011A   24098.61381495  .00000167  00000-0  86911-4 0  9998,2 41335  98.6288 166.4308 0000933  91.3819 268.7468 14.26731706423909
2024-04-07T19:46:51.337920+00:00,1 41335U 16011A   24098.82420530  .00000154  00000-0  81871-4 0  9991,2 41335  98.6287 166.6383 0000930  91.6311 268.4976 14.26731728423938
2024-04-07T21:27:50.580288+00:00,1 41335U 16011A   24098.89433542  .00000152  00000-0  80926-4 0  9993,2 41335  98.6287 166.7074 0000928  91.7368 268.3918 14.26731743423949
2024-04-08T04:11:47.545440+00:00,1 41335U 16011A   24099.17485585  .00000165  00000-0  86230-4 0  9997,2 41335  98.6286 166.9841 0000922  91.9767 268.1519 14.26731942423981
2024-04-08T12:36:43.752096+00:00,1 41335U 16011A   24099.52550639  .00000176  00000-0  90768-4 0  9992,2 41335  98.6286 167.3298 0000922  92.2094 267.9192 14.26732122424031
2024-04-08T14:17:42.991872+00:00,1 41335U 16011A   24099.59563648  .00000174  00000-0  89960-4 0  9993,2 41335  98.6286 167.3990 0000920  92.3394 267.7892 14.26732155424044
2024-04-08T17:39:41.473152+00:00,1 41335U 16011A   24099.73589668  .00000171  00000-0  88868-4 0  9992,2 41335  98.6286 167.5373 0000919  92.4494 267.6792 14.26732205424067
2024-04-09T00:23:38.433120+00:00,1 41335U 16011A   24100.01641705  .00000162  00000-0  84929-4 0  9991,2 41335  98.6285 167.8139 0000915  92.9517 267.1768 14.26732275424106
2024-04-09T03:45:36.914400+00:00,1 41335U 16011A   24100.15667725  .00000161  00000-0  84389-4 0  9995,2 41335  98.6285 167.9522 0000913  93.0425 267.0860 14.26732322424128
2024-04-09T12:10:33.108960+00:00,1 41335U 16011A   24100.50732765  .00000177  00000-0  91172-4 0  9996,2 41335  98.6285 168.2980 0000913  93.1515 266.9770 14.26732548424174
2024-04-09T13:51:32.347872+00:00,1 41335U 16011A   24100.57745773  .00000177  00000-0  91219-4 0  9998,2 41335  98.6285 168.3672 0000912  93.2300 266.8985 14.26732586424185
2024-04-09T20:35:29.300928+00:00,1 41335U 16011A   24100.85797802  .00000172  00000-0  88929-4 0  9998,2 41335  98.6284 168.6438 0000910  93.4312 266.6972 14.26732665424227
2024-04-09T22:16:28.538976+00:00,1 41335U 16011A   24100.92810809  .00000172  00000-0  89300-4 0  9993,2 41335  98.6284 168.7130 0000911  93.6500 266.4785 14.26732696424234
2024-04-10T03:19:26.253120+00:00,1 41335U 16011A   24101.13849830  .00000173  00000-0  89669-4 0  9992,2 41335  98.6284 168.9204 0000910  93.7941 266.3344 14.26732803424260
2024-04-10T11:44:22.447680+00:00,1 41335U 16011A   24101.48914870  .00000162  00000-0  84971-4 0  9996,2 41335  98.6284 169.2662 0000912  93.9339 266.1945 14.26732871424313
2024-04-10T13:25:21.685728+00:00,1 41335U 16011A   24101.55927877  .00000162  00000-0  84871-4 0  9994,2 41335  98.6284 169.3354 0000911  94.0050 266.1235 14.26732904424323
2024-04-10T20:09:18.634464+00:00,1 41335U 16011A   24101.83979901  .00000155  00000-0  81978-4 0  9997,2 41335  98.6283 169.6120 0000911  94.1586 265.9699 14.26732997424368
2024-04-10T21:50:17.871648+00:00,1 41335U 16011A   24101.90992907  .00000152  00000-0  80818-4 0  9995,2 41335  98.6283 169.6811 0000909  94.3936 265.7349 14.26733011424372
2024-04-11T04:34:14.816928+00:00,1 41335U 16011A   24102.19044927  .00000154  00000-0  81538-4 0  9999,2 41335  98.6282 169.9577 0000907  94.6620 265.4664 14.26733148424417
2024-04-11T11:18:11.758752+00:00,1 41335U 16011A   24102.47096943  .00000171  00000-0  88880-4 0  9991,2 41335  98.6282 170.2344 0000908  94.8314 265.2970 14.26733339424451
2024-04-11T14:40:10.229664+00:00,1 41335U 16011A   24102.61122951  .00000170  00000-0  88461-4 0  9990,2 41335  98.6282 170.3727 0000905  95.0404 265.0880 14.26733406424472
2024-04-11T19:43:07.935168+00:00,1 41335U 16011A   24102.82161962  .00000158  00000-0  83415-4 0  9998,2 41335  98.6281 170.5801 0000902  95.2933 264.8350 14.26733426424507
2024-04-11T21:24:07.169760+00:00,1 41335U 16011A   24102.89174965  .00000155  00000-0  82134-4 0  9996,2 41335  98.6281 170.6493 0000901  95.4778 264.6506 14.26733439424519
2024-04-12T04:08:04.104672+00:00,1 41335U 16011A   24103.17226973  .00000168  00000-0  87420-4 0  9992,2 41335  98.6281 170.9259 0000896  95.8709 264.2573 14.26733637424557
2024-04-12T12:33:00.273312+00:00,1 41335U 16011A   24103.52291983  .00000179  00000-0  91855-4 0  9993,2 41335  98.6281 171.2716 0000895  95.9743 264.1540 14.26733850424603
2024-04-12T14:13:59.506176+00:00,1 41335U 16011A   24103.59304984  .00000177  00000-0  91252-4 0  9995,2 41335  98.6281 171.3408 0000895  96.1376 263.9906 14.26733887424611
2024-04-12T19:16:57.203040+00:00,1 41335U 16011A   24103.80343985  .00000169  00000-0  87927-4 0  9998,2 41335  98.6280 171.5482 0000898  96.4874 263.6408 14.26733943424643
2024-04-12T22:38:55.667904+00:00,1 41335U 16011A   24103.94369986  .00000170  00000-0  88102-4 0  9990,2 41335  98.6280 171.6865 0000901  96.9167 263.2116 14.26734003424666
2024-04-13T03:41:53.363904+00:00,1 41335U 16011A   24104.15408986  .00000171  00000-0  88751-4 0  9999,2 41335  98.6279 171.8940 0000898  97.0359 263.0923 14.26734118424694
2024-04-13T12:06:49.523040+00:00,1 41335U 16011A   24104.50473985  .00000194  00000-0  98251-4 0  9990,2 41335  98.6279 172.2397 0000898  96.9627 263.1656 14.26734397424740
2024-04-13T13:47:48.755040+00:00,1 41335U 16011A   24104.57486985  .00000193  00000-0  97882-4 0  9999,2 41335  98.6279 172.3089 0000899  97.0111 263.1172 14.26734435424757
2024-04-13T20:31:45.676992+00:00,1 41335U 16011A   24104.85538978  .00000188  00000-0  95768-4 0  9995,2 41335  98.6278 172.5855 0000896  97.4789 262.6493 14.26734540424792
2024-04-13T20:31:45.676992+00:00,1 41335U 16011A   24104.85538978  .00000188  00000-0  95768-4 0  9995,2 41335  98.6278 172.5855 0000896  97.4789 262.6493 14.26734540424792
2024-04-14T04:56:41.828352+00:00,1 41335U 16011A   24105.20603968  .00000207  00000-0  10367-3 0  9990,2 41335  98.6278 172.9312 0000894  97.9574 262.1708 14.26734810424849
2024-04-14T11:40:38.745120+00:00,1 41335U 16011A   24105.48655955  .00000216  00000-0  10740-3 0  9998,2 41335  98.6278 173.2078 0000895  98.0712 262.0570 14.26734971424887
2024-04-14T20:05:34.881792+00:00,1 41335U 16011A   24105.83720928  .00000250  00000-0  12132-3 0  9995,2 41335  98.6277 173.5535 0000895  98.4094 261.7188 14.26735356424939
2024-04-14T21:46:34.109472+00:00,1 41335U 16011A   24105.90733923  .00000249  00000-0  12108-3 0  9993,2 41335  98.6277 173.6227 0000894  98.5020 261.6262 14.26735387424944
2024-04-15T04:30:31.017600+00:00,1 41335U 16011A   24106.18785900  .00000255  00000-0  12323-3 0  9992,2 41335  98.6276 173.8993 0000892  98.9067 261.2215 14.26735571424981
2024-04-15T11:14:27.919680+00:00,1 41335U 16011A   24106.46837870  .00000277  00000-0  13254-3 0  9995,2 41335  98.6276 174.1759 0000891  99.2508 260.8773 14.26735811425025
2024-04-15T14:36:26.370720+00:00,1 41335U 16011A   24106.60863855  .00000276  00000-0  13216-3 0  9990,2 41335  98.6276 174.3142 0000888  99.5130 260.6151 14.26735900425042
2024-04-15T19:39:24.046848+00:00,1 41335U 16011A   24106.81902832  .00000280  00000-0  13362-3 0  9999,2 41335  98.6275 174.5216 0000892  99.5250 260.6031 14.26736040425079
2024-04-15T21:20:23.271936+00:00,1 41335U 16011A   24106.88915824  .00000279  00000-0  13344-3 0  9999,2 41335  98.6275 174.5908 0000891  99.6266 260.5015 14.26736070425089
2024-04-16T04:04:20.166240+00:00,1 41335U 16011A   24107.16967785  .00000288  00000-0  13694-3 0  9992,2 41335  98.6275 174.8673 0000892  99.8596 260.2685 14.26736293425122
2024-04-16T12:29:16.258848+00:00,1 41335U 16011A   24107.52032707  .00000386  00000-0  17751-3 0  9996,2 41335  98.6275 175.2131 0000895 100.0111 260.1170 14.26737109425177
2024-04-16T14:10:15.478752+00:00,1 41335U 16011A   24107.59045693  .00000388  00000-0  17834-3 0  9995,2 41335  98.6275 175.2823 0000896 100.0849 260.0432 14.26737183425187
2024-04-16T19:13:13.137600+00:00,1 41335U 16011A   24107.80084650  .00000398  00000-0  18242-3 0  9990,2 41335  98.6274 175.4897 0000899 100.2260 259.9022 14.26737389425215
2024-04-16T20:54:12.356640+00:00,1 41335U 16011A   24107.87097635  .00000401  00000-0  18388-3 0  9990,2 41335  98.6274 175.5588 0000898 100.2674 259.8608 14.26737452425222
2024-04-17T03:38:09.227616+00:00,1 41335U 16011A   24108.15149569  .00000413  00000-0  18875-3 0  9990,2 41335  98.6273 175.8354 0000906 100.4990 259.6292 14.26737755425265
2024-04-17T12:03:05.322816+00:00,1 41335U 16011A   24108.50214494  .00000427  00000-0  19431-3 0  9993,2 41335  98.6273 176.1811 0000906 100.5216 259.6067 14.26738028425319
2024-04-17T13:44:04.539264+00:00,1 41335U 16011A   24108.57227476  .00000427  00000-0  19464-3 0  9990,2 41335  98.6273 176.2503 0000907 100.5927 259.5356 14.26738099425327
2024-04-17T20:28:01.398144+00:00,1 41335U 16011A   24108.85279396  .00000432  00000-0  19658-3 0  9990,2 41335  98.6273 176.5268 0000909 100.2681 259.8602 14.26738409425360
2024-04-17T22:09:00.611136+00:00,1 41335U 16011A   24108.92292374  .00000442  00000-0  20077-3 0  9997,2 41335  98.6273 176.5960 0000909 100.3931 259.7352 14.26738503425375
2024-04-18T04:52:57.476928+00:00,1 41335U 16011A   24109.20344302  .00000454  00000-0  20560-3 0  9998,2 41335  98.6272 176.8725 0000909 100.7138 259.4145 14.26738770425417
2024-04-18T11:36:54.331488+00:00,1 41335U 16011A   24109.48396217  .00000451  00000-0  20417-3 0  9998,2 41335  98.6272 177.1491 0000910 100.9277 259.2006 14.26738972425451
2024-04-18T14:58:52.756608+00:00,1 41335U 16011A   24109.62422172  .00000445  00000-0  20195-3 0  9990,2 41335  98.6272 177.2874 0000909 101.1657 258.9625 14.26739080425476
2024-04-18T16:39:51.970464+00:00,1 41335U 16011A   24109.69435151  .00000438  00000-0  19919-3 0  9992,2 41335  98.6272 177.3566 0000907 101.2681 258.8602 14.26739107425486
2024-04-18T21:42:49.596480+00:00,1 41335U 16011A   24109.90474070  .00000443  00000-0  20099-3 0  9996,2 41335  98.6271 177.5640 0000906 101.9604 258.1678 14.26739349425519
2024-04-19T04:26:46.438080+00:00,1 41335U 16011A   24110.18525970  .00000451  00000-0  20447-3 0  9990,2 41335  98.6271 177.8405 0000901 102.1299 257.9982 14.26739675425550
2024-04-19T12:51:42.465888+00:00,1 41335U 16011A   24110.53590817  .00000501  00000-0  22486-3 0  9992,2 41335  98.6271 178.1863 0000903 102.3429 257.7853 14.26740279425604
2024-04-19T14:32:41.671968+00:00,1 41335U 16011A   24110.60603787  .00000500  00000-0  22446-3 0  9996,2 41335  98.6271 178.2554 0000905 102.4592 257.6690 14.26740361425617
2024-04-19T19:35:39.229728+00:00,1 41335U 16011A   24110.81642627  .00000578  00000-0  25672-3 0  9994,2 41335  98.6270 178.4628 0000904 102.7409 257.3872 14.26741200425644
2024-04-19T21:16:38.435808+00:00,1 41335U 16011A   24110.88655597  .00000565  00000-0  25139-3 0  9995,2 41335  98.6270 178.5320 0000905 102.7917 257.3365 14.26741207425654
2024-04-20T04:00:35.286912+00:00,1 41335U 16011A   24111.16707508  .00000511  00000-0  22896-3 0  9995,2 41335  98.6270 178.8085 0000908 103.4833 256.6448 14.26741090425691
2024-04-20T12:25:31.297440+00:00,1 41335U 16011A   24111.51772335  .00000537  00000-0  23992-3 0  9990,2 41335  98.6269 179.1543 0000911 103.7276 256.4006 14.26741603425744
2024-04-20T14:06:30.497472+00:00,1 41335U 16011A   24111.58785298  .00000537  00000-0  23972-3 0  9997,2 41335  98.6269 179.2234 0000911 103.8326 256.2956 14.26741688425755
2024-04-20T19:09:28.094976+00:00,1 41335U 16011A   24111.79824184  .00000538  00000-0  24019-3 0  9992,2 41335  98.6269 179.4308 0000915 103.9606 256.1677 14.26741937425784
2024-04-20T20:50:27.288096+00:00,1 41335U 16011A   24111.86837139  .00000537  00000-0  24007-3 0  9990,2 41335  98.6269 179.4999 0000915 104.1171 256.0111 14.26742013425799
2024-04-21T03:34:24.078720+00:00,1 41335U 16011A   24112.14888980  .00000535  00000-0  23915-3 0  9997,2 41335  98.6268 179.7765 0000920 104.5196 255.6087 14.26742346425830
2024-04-21T13:40:19.236576+00:00,1 41335U 16011A   24112.56966709  .00000616  00000-0  27244-3 0  9998,2 41335  98.6268 180.1913 0000927 104.3408 255.7876 14.26743335425894
2024-04-21T20:24:16.005600+00:00,1 41335U 16011A   24112.85018525  .00000608  00000-0  26910-3 0  9994,2 41335  98.6268 180.4679 0000930 104.5811 255.5472 14.26743682425930
2024-04-21T22:05:15.197856+00:00,1 41335U 16011A   24112.92031479  .00000596  00000-0  26421-3 0  9998,2 41335  98.6267 180.5370 0000934 104.8608 255.2676 14.26743729425945
2024-04-22T04:49:11.964288+00:00,1 41335U 16011A   24113.20083292  .00000605  00000-0  26801-3 0  9993,2 41335  98.6267 180.8136 0000936 104.9608 255.1676 14.26744148425980
2024-04-22T09:52:09.530688+00:00,1 41335U 16011A   24113.41122142  .00000618  00000-0  27336-3 0  9992,2 41335  98.6267 181.0210 0000938 104.9348 255.1937 14.26744452426012
2024-04-22T09:52:09.530688+00:00,1 41335U 16011A   24113.41122142  .00000618  00000-0  27336-3 0  9992,2 41335  98.6267 181.0210 0000938 104.9348 255.1937 14.26744452426012
2024-04-22T19:58:04.660032+00:00,1 41335U 16011A   24113.83199838  .00000552  00000-0  24627-3 0  9991,2 41335  98.6266 181.4359 0000937 105.5118 254.6166 14.26744644426077
2024-04-22T21:39:03.847104+00:00,1 41335U 16011A   24113.90212786  .00000545  00000-0  24319-3 0  9997,2 41335  98.6266 181.5050 0000937 105.6156 254.5128 14.26744713426084
2024-04-23T04:23:00.589344+00:00,1 41335U 16011A   24114.18264571  .00000542  00000-0  24178-3 0  9997,2 41335  98.6266 181.7815 0000934 105.9874 254.1410 14.26745123426123
2024-04-23T11:06:57.320352+00:00,1 41335U 16011A   24114.46316343  .00000523  00000-0  23407-3 0  9996,2 41335  98.6266 182.0581 0000937 106.0899 254.0384 14.26745357426161
2024-04-23T14:28:55.685856+00:00,1 41335U 16011A   24114.60342229  .00000520  00000-0  23285-3 0  9995,2 41335  98.6266 182.1964 0000939 106.2612 253.8672 14.26745530426186
2024-04-23T19:31:53.230656+00:00,1 41335U 16011A   24114.81381054  .00000513  00000-0  23006-3 0  9990,2 41335  98.6265 182.4038 0000938 106.7191 253.4092 14.26745773426211
2024-04-23T21:12:52.411680+00:00,1 41335U 16011A   24114.88393995  .00000505  00000-0  22657-3 0  9996,2 41335  98.6265 182.4729 0000935 106.8656 253.2627 14.26745830426230
2024-04-24T03:56:49.128864+00:00,1 41335U 16011A   24115.16445751  .00000531  00000-0  23743-3 0  9992,2 41335  98.6265 182.7495 0000936 107.2177 252.9106 14.26746358426264
2024-04-24T10:40:45.842592+00:00,1 41335U 16011A   24115.44497503  .00000529  00000-0  23662-3 0  9992,2 41335  98.6265 183.0261 0000935 107.2294 252.8989 14.26746696426306
2024-04-24T10:40:45.842592+00:00,1 41335U 16011A   24115.44497503  .00000529  00000-0  23662-3 0  9992,2 41335  98.6265 183.0261 0000935 107.2294 252.8989 14.26746696426306
2024-04-25T03:30:38.461536+00:00,1 41335U 16011A   24116.14627849  .00000517  00000-0  23158-3 0  9995,2 41335  98.6263 183.7176 0000898 105.1249 255.0031 14.26729218426406
2024-04-25T11:55:34.731264+00:00,1 41335U 16011A   24116.49692976  .00000496  00000-0  22312-3 0  9993,2 41335  98.6264 184.0632 0000907 102.6764 257.4518 14.26729376426459
2024-04-25T13:36:33.982272+00:00,1 41335U 16011A   24116.56705998  .00000494  00000-0  22205-3 0  9999,2 41335  98.6264 184.1324 0000907 102.7417 257.3865 14.26729455426467
2024-04-25T20:20:30.993216+00:00,1 41335U 16011A   24116.84758094  .00000389  00000-0  17879-3 0  9999,2 41335  98.6263 184.4089 0000914 103.4321 256.6961 14.26729853426503
2024-04-25T22:01:30.243360+00:00,1 41335U 16011A   24116.91771115  .00000392  00000-0  18007-3 0  9994,2 41335  98.6263 184.4781 0000916 103.5484 256.5798 14.26729918426515
2024-04-26T04:45:27.243072+00:00,1 41335U 16011A   24117.19823198  .00000326  00000-0  15280-3 0  9991,2 41335  98.6263 184.7545 0000916 103.4873 256.6410 14.26729869426558
2024-04-26T11:29:24.228960+00:00,1 41335U 16011A   24117.47875265  .00000324  00000-0  15186-3 0  9997,2 41335  98.6263 185.0311 0000916 103.4663 256.6620 14.26730175426599
2024-04-26T13:10:23.477376+00:00,1 41335U 16011A   24117.54888284  .00000322  00000-0  15130-3 0  9997,2 41335  98.6263 185.1002 0000917 103.4086 256.7196 14.26730235426605
2024-04-26T16:32:21.972480+00:00,1 41335U 16011A   24117.68914320  .00000319  00000-0  15004-3 0  9999,2 41335  98.6263 185.2385 0000923 103.6127 256.5157 14.26730358426628
2024-04-26T16:32:21.972480+00:00,1 41335U 16011A   24117.68914320  .00000319  00000-0  15004-3 0  9999,2 41335  98.6263 185.2385 0000923 103.6127 256.5157 14.26730358426628
2024-04-27T04:19:16.695840+00:00,1 41335U 16011A   24118.18005435  .00000362  00000-0  16767-3 0  9998,2 41335  98.6262 185.7224 0000933 103.2800 256.8484 14.26731066426699
2024-04-27T12:44:12.892128+00:00,1 41335U 16011A   24118.53070477  .00000423  00000-0  19280-3 0  9996,2 41335  98.6262 186.0681 0000931 104.1305 255.9979 14.26731434426742
2024-04-27T14:25:12.133632+00:00,1 41335U 16011A   24118.60083488  .00000421  00000-0  19192-3 0  9990,2 41335  98.6262 186.1373 0000934 104.2431 255.8854 14.26731511426753
2024-04-27T19:28:09.858144+00:00,1 41335U 16011A   24118.81122521  .00000414  00000-0  18912-3 0  9996,2 41335  98.6261 186.3447 0000938 104.3486 255.7799 14.26731699426788
2024-04-27T21:09:09.100512+00:00,1 41335U 16011A   24118.88135533  .00000428  00000-0  19475-3 0  9990,2 41335  98.6261 186.4138 0000938 104.3637 255.7648 14.26731834426799
2024-04-28T03:53:06.065664+00:00,1 41335U 16011A   24119.16187576  .00000423  00000-0  19276-3 0  9990,2 41335  98.6261 186.6904 0000937 104.9140 255.2144 14.26732088426839
2024-04-28T12:18:02.270592+00:00,1 41335U 16011A   24119.51252628  .00000340  00000-0  15873-3 0  9997,2 41335  98.6261 187.0360 0000941 105.0078 255.1206 14.26731994426885
2024-04-28T13:59:01.509504+00:00,1 41335U 16011A   24119.58265636  .00000334  00000-0  15595-3 0  9991,2 41335  98.6261 187.1052 0000941 105.1028 255.0256 14.26732051426890
2024-04-28T20:42:58.469472+00:00,1 41335U 16011A   24119.86317673  .00000312  00000-0  14691-3 0  9993,2 41335  98.6260 187.3817 0000940 105.2349 254.8936 14.26732224426935
2024-04-28T22:23:57.707520+00:00,1 41335U 16011A   24119.93330680  .00000305  00000-0  14427-3 0  9993,2 41335  98.6260 187.4509 0000943 105.5403 254.5882 14.26732269426948
2024-04-29T03:26:55.422528+00:00,1 41335U 16011A   24120.14369702  .00000299  00000-0  14148-3 0  9997,2 41335  98.6260 187.6583 0000943 105.6631 254.4653 14.26732443426978
2024-04-29T11:51:51.611040+00:00,1 41335U 16011A   24120.49434735  .00000291  00000-0  13840-3 0  9994,2 41335  98.6260 188.0039 0000943 105.9613 254.1672 14.26732654427021
2024-04-29T11:51:51.611040+00:00,1 41335U 16011A   24120.49434735  .00000291  00000-0  13840-3 0  9994,2 41335  98.6260 188.0039 0000943 105.9613 254.1672 14.26732654427021
2024-04-29T20:16:47.800416+00:00,1 41335U 16011A   24120.84499769  .00000264  00000-0  12711-3 0  9997,2 41335  98.6260 188.3496 0000946 106.2194 253.9091 14.26732823427077
2024-04-29T21:57:47.037600+00:00,1 41335U 16011A   24120.91512775  .00000260  00000-0  12553-3 0  9998,2 41335  98.6260 188.4187 0000946 106.2718 253.8566 14.26732862427087
2024-04-30T04:41:43.976832+00:00,1 41335U 16011A   24121.19564788  .00000256  00000-0  12397-3 0  9991,2 41335  98.6259 188.6953 0000945 106.9688 253.1596 14.26733097427122
2024-04-30T11:25:40.922112+00:00,1 41335U 16011A   24121.47616808  .00000264  00000-0  12719-3 0  9990,2 41335  98.6259 188.9718 0000951 106.7726 253.3558 14.26733324427169
2024-04-30T14:47:39.391296+00:00,1 41335U 16011A   24121.61642814  .00000259  00000-0  12510-3 0  9995,2 41335  98.6259 189.1101 0000951 106.9298 253.1986 14.26733419427184
2024-04-30T19:50:37.094208+00:00,1 41335U 16011A   24121.82681822  .00000255  00000-0  12344-3 0  9991,2 41335  98.6259 189.3175 0000950 107.0940 253.0345 14.26733549427218
2024-04-30T21:31:36.327936+00:00,1 41335U 16011A   24121.89694824  .00000256  00000-0  12377-3 0  9991,2 41335  98.6258 189.3866 0000950 107.2355 252.8929 14.26733595427223
2024-05-01T04:15:33.261984+00:00,1 41335U 16011A   24122.17746831  .00000262  00000-0  12634-3 0  9992,2 41335  98.6258 189.6632 0000955 107.3964 252.7321 14.26733855427267
2024-05-01T12:40:29.430624+00:00,1 41335U 16011A   24122.52811841  .00000231  00000-0  11347-3 0  9991,2 41335  98.6258 190.0088 0000961 107.2852 252.8434 14.26733910427314
2024-05-01T19:24:26.358624+00:00,1 41335U 16011A   24122.80863841  .00000225  00000-0  11095-3 0  9992,2 41335  98.6258 190.2854 0000965 107.4643 252.6643 14.26734082427356
2024-05-01T21:05:25.590624+00:00,1 41335U 16011A   24122.87876841  .00000225  00000-0  11102-3 0  9992,2 41335  98.6258 190.3545 0000966 107.5079 252.6207 14.26734119427367
2024-05-02T03:49:22.516032+00:00,1 41335U 16011A   24123.15928838  .00000228  00000-0  11227-3 0  9999,2 41335  98.6257 190.6310 0000969 107.9522 252.1764 14.26734309427408
2024-05-02T12:14:18.676032+00:00,1 41335U 16011A   24123.50993838  .00000211  00000-0  10518-3 0  9994,2 41335  98.6257 190.9767 0000977 108.1443 251.9844 14.26734426427452
2024-05-02T13:55:17.906304+00:00,1 41335U 16011A   24123.58006836  .00000208  00000-0  10418-3 0  9990,2 41335  98.6257 191.0458 0000979 108.1268 252.0019 14.26734472427466
2024-05-02T20:39:14.825664+00:00,1 41335U 16011A   24123.86058826  .00000191  00000-0  97057-4 0  9993,2 41335  98.6257 191.3224 0000981 108.2167 251.9121 14.26734562427509
2024-05-03T05:04:10.970112+00:00,1 41335U 16011A   24124.21123808  .00000211  00000-0  10519-3 0  9996,2 41335  98.6256 191.6681 0000988 108.4032 251.7256 14.26734893427557
2024-05-03T11:48:07.890336+00:00,1 41335U 16011A   24124.49175799  .00000197  00000-0  99367-4 0  9994,2 41335  98.6256 191.9446 0000993 108.4584 251.6704 14.26734949427590
2024-05-03T13:29:07.119744+00:00,1 41335U 16011A   24124.56188796  .00000195  00000-0  98617-4 0  9998,2 41335  98.6256 192.0137 0000995 108.5018 251.6271 14.26734985427605
2024-05-03T20:13:04.033920+00:00,1 41335U 16011A   24124.84240780  .00000184  00000-0  94158-4 0  9995,2 41335  98.6256 192.2903 0000999 108.4673 251.6616 14.26735076427647
2024-05-03T20:13:04.033920+00:00,1 41335U 16011A   24124.84240780  .00000184  00000-0  94158-4 0  9995,2 41335  98.6256 192.2903 0000999 108.4673 251.6616 14.26735076427647
2024-05-04T04:38:00.180096+00:00,1 41335U 16011A   24125.19305764  .00000186  00000-0  94710-4 0  9994,2 41335  98.6255 192.6359 0001000 108.7851 251.3438 14.26735247427694
2024-05-04T11:21:57.089088+00:00,1 41335U 16011A   24125.47357742  .00000218  00000-0  10825-3 0  9998,2 41335  98.6255 192.9124 0001003 108.9952 251.1337 14.26735520427739
2024-05-04T19:46:53.218848+00:00,1 41335U 16011A   24125.82422707  .00000216  00000-0  10712-3 0  9994,2 41335  98.6255 193.2581 0001006 109.2615 250.8674 14.26735693427789
2024-05-05T04:11:49.352064+00:00,1 41335U 16011A   24126.17487676  .00000218  00000-0  10823-3 0  9994,2 41335  98.6254 193.6038 0001006 109.6522 250.4767 14.26735884427837
2024-05-05T12:36:45.479232+00:00,1 41335U 16011A   24126.52552638  .00000228  00000-0  11228-3 0  9995,2 41335  98.6254 193.9495 0001008 110.0166 250.1123 14.26736089427885
2024-05-05T14:17:44.703456+00:00,1 41335U 16011A   24126.59565629  .00000230  00000-0  11321-3 0  9993,2 41335  98.6254 194.0186 0001008 110.1709 249.9579 14.26736136427893
2024-05-05T21:01:41.597760+00:00,1 41335U 16011A   24126.87617590  .00000212  00000-0  10566-3 0  9999,2 41335  98.6254 194.2951 0001009 110.4250 249.7039 14.26736189427932
2024-05-06T03:45:38.488608+00:00,1 41335U 16011A   24127.15669547  .00000234  00000-0  11485-3 0  9995,2 41335  98.6254 194.5716 0001009 110.7014 249.4275 14.26736474427975
2024-05-06T12:10:34.610592+00:00,1 41335U 16011A   24127.50734503  .00000258  00000-0  12449-3 0  9996,2 41335  98.6254 194.9173 0001021 110.5070 249.6220 14.26736738428022
2024-05-06T13:51:33.833088+00:00,1 41335U 16011A   24127.57747492  .00000262  00000-0  12609-3 0  9997,2 41335  98.6254 194.9864 0001024 110.4874 249.6416 14.26736801428032
2024-05-06T20:35:30.717888+00:00,1 41335U 16011A   24127.85799442  .00000233  00000-0  11451-3 0  9992,2 41335  98.6253 195.2629 0001026 110.2998 249.8292 14.26736795428071
2024-05-06T22:16:29.939520+00:00,1 41335U 16011A   24127.92812430  .00000230  00000-0  11301-3 0  9994,2 41335  98.6253 195.3321 0001028 110.6434 249.4857 14.26736811428085
2024-05-07T05:00:26.825184+00:00,1 41335U 16011A   24128.20864381  .00000281  00000-0  13418-3 0  9995,2 41335  98.6253 195.6086 0001031 110.7004 249.4287 14.26737235428127
2024-05-07T11:44:23.722080+00:00,1 41335U 16011A   24128.48916345  .00000234  00000-0  11491-3 0  9990,2 41335  98.6253 195.8852 0001042 110.7021 249.4271 14.26737086428162
2024-05-07T13:25:22.942848+00:00,1 41335U 16011A   24128.55929332  .00000234  00000-0  11486-3 0  9992,2 41335  98.6253 195.9543 0001043 110.7707 249.3586 14.26737126428176
2024-05-07T20:09:19.819872+00:00,1 41335U 16011A   24128.83981273  .00000211  00000-0  10524-3 0  9992,2 41335  98.6253 196.2308 0001047 110.8983 249.2310 14.26737160428217
2024-05-07T21:50:19.039776+00:00,1 41335U 16011A   24128.90994259  .00000211  00000-0  10521-3 0  9995,2 41335  98.6253 196.2999 0001048 110.9092 249.2201 14.26737193428222
2024-05-08T04:34:15.915936+00:00,1 41335U 16011A   24129.19046199  .00000251  00000-0  12168-3 0  9991,2 41335  98.6252 196.5765 0001050 111.1120 249.0173 14.26737555428265
2024-05-08T11:18:12.793824+00:00,1 41335U 16011A   24129.47098141  .00000242  00000-0  11788-3 0  9993,2 41335  98.6252 196.8530 0001056 111.1838 248.9456 14.26737643428305
2024-05-08T11:18:12.793824+00:00,1 41335U 16011A   24129.47098141  .00000242  00000-0  11788-3 0  9993,2 41335  98.6252 196.8530 0001056 111.1838 248.9456 14.26737643428305
2024-05-09T04:08:05.220960+00:00,1 41335U 16011A   24130.17228265  .00000252  00000-0  12226-3 0  9993,2 41335  98.6251 197.5442 0001050 110.4514 249.6779 14.26733149428405
2024-05-09T12:33:01.415520+00:00,1 41335U 16011A   24130.52293305  .00000235  00000-0  11507-3 0  9991,2 41335  98.6252 197.8899 0001053 110.4050 249.7243 14.26733243428450
2024-05-09T14:14:00.651840+00:00,1 41335U 16011A   24130.59306310  .00000235  00000-0  11516-3 0  9999,2 41335  98.6252 197.9590 0001052 110.5153 249.6141 14.26733270428460
2024-05-09T19:16:58.363392+00:00,1 41335U 16011A   24130.80345328  .00000145  00000-0  77830-4 0  9997,2 41335  98.6252 198.1664 0001043 110.4811 249.6481 14.26733213428492
2024-05-09T20:57:57.588480+00:00,1 41335U 16011A   24130.87358320  .00000313  00000-0  14739-3 0  9995,2 41335  98.6252 198.2356 0001052 110.8384 249.2910 14.26733760428502
2024-05-10T03:41:54.533760+00:00,1 41335U 16011A   24131.15410340  .00000428  00000-0  19497-3 0  9991,2 41335  98.6251 198.5120 0001060 110.7841 249.3453 14.26734271428544
2024-05-10T12:06:50.709312+00:00,1 41335U 16011A   24131.50475358  .00000443  00000-0  20124-3 0  9996,2 41335  98.6251 198.8577 0001071 110.8146 249.3149 14.26734552428593
2024-05-10T20:31:46.823520+00:00,1 41335U 16011A   24131.85540305  .00000521  00000-0  23340-3 0  9999,2 41335  98.6251 199.2033 0001076 110.7514 249.3782 14.26735393428641
2024-05-10T22:12:46.052928+00:00,1 41335U 16011A   24131.92553302  .00000523  00000-0  23405-3 0  9992,2 41335  98.6251 199.2725 0001077 110.8359 249.2936 14.26735450428653
2024-05-11T04:56:43.061280+00:00,1 41335U 16011A   24132.20605395  .00000699  00000-0  30684-3 0  9995,2 41335  98.6251 199.5490 0001080 110.5250 249.6047 14.26736389428699
2024-05-11T11:40:39.718848+00:00,1 41335U 16011A   24132.48657082  .00000827  00000-0  35972-3 0  9993,2 41335  98.6251 199.8255 0001091 110.4772 249.6526 14.26738214428737
2024-05-11T20:05:35.805408+00:00,1 41335U 16011A   24132.83721997  .00000814  00000-0  35436-3 0  9990,2 41335  98.6250 200.1711 0001094 110.5427 249.5871 14.26738632428781
2024-05-11T21:46:35.019264+00:00,1 41335U 16011A   24132.90734976  .00000815  00000-0  35485-3 0  9994,2 41335  98.6250 200.2403 0001096 110.6222 249.5077 14.26738737428791
2024-05-12T04:30:31.904928+00:00,1 41335U 16011A   24133.18786927  .00000825  00000-0  35886-3 0  9994,2 41335  98.6250 200.5168 0001098 110.5016 249.6282 14.26739093428834
2024-05-12T11:14:28.783680+00:00,1 41335U 16011A   24133.46838870  .00000721  00000-0  31606-3 0  9991,2 41335  98.6250 200.7933 0001111 110.6805 249.4494 14.26738834428878
2024-05-12T14:36:27.207072+00:00,1 41335U 16011A   24133.60864823  .00000716  00000-0  31366-3 0  9991,2 41335  98.6250 200.9315 0001113 110.7710 249.3590 14.26739026428894
2024-05-12T19:39:24.837408+00:00,1 41335U 16011A   24133.81903747  .00000714  00000-0  31284-3 0  9990,2 41335  98.6249 201.1389 0001113 110.8976 249.2324 14.26739336428923
2024-05-12T23:01:23.255616+00:00,1 41335U 16011A   24133.95929694  .00000707  00000-0  31027-3 0  9991,2 41335  98.6249 201.2771 0001113 110.9420 249.1879 14.26739514428948
2024-05-13T04:04:20.892000+00:00,1 41335U 16011A   24134.16968625  .00000673  00000-0  29607-3 0  9995,2 41335  98.6249 201.4845 0001115 111.0554 249.0745 14.26739623428979
2024-05-13T12:29:16.927584+00:00,1 41335U 16011A   24134.52033481  .00000599  00000-0  26543-3 0  9991,2 41335  98.6249 201.8302 0001122 111.3551 248.7749 14.26739782429022
2024-05-13T14:10:16.131936+00:00,1 41335U 16011A   24134.59046449  .00000592  00000-0  26249-3 0  9992,2 41335  98.6249 201.8993 0001123 111.4607 248.6693 14.26739870429038
2024-05-13T19:13:13.753632+00:00,1 41335U 16011A   24134.80085363  .00000553  00000-0  24630-3 0  9993,2 41335  98.6248 202.1067 0001124 111.5098 248.6202 14.26739976429065
2024-05-13T22:35:12.161472+00:00,1 41335U 16011A   24134.94111298  .00000531  00000-0  23735-3 0  9996,2 41335  98.6248 202.2449 0001123 111.5333 248.5967 14.26740142429087
2024-05-14T03:38:09.779712+00:00,1 41335U 16011A   24135.15150208  .00000533  00000-0  23809-3 0  9998,2 41335  98.6248 202.4523 0001122 111.5963 248.5337 14.26740461429119
2024-05-14T12:03:05.785920+00:00,1 41335U 16011A   24135.50215030  .00000548  00000-0  24460-3 0  9992,2 41335  98.6248 202.7980 0001125 111.8569 248.2731 14.26741129429169
2024-05-14T13:44:04.984224+00:00,1 41335U 16011A   24135.57227991  .00000526  00000-0  23552-3 0  9995,2 41335  98.6248 202.8671 0001124 111.9554 248.1746 14.26741218429176
2024-05-14T20:28:01.781760+00:00,1 41335U 16011A   24135.85279840  .00000494  00000-0  22232-3 0  9994,2 41335  98.6248 203.1436 0001129 111.9576 248.1724 14.26741460429218
2024-05-14T22:09:00.980928+00:00,1 41335U 16011A   24135.92292802  .00000495  00000-0  22234-3 0  9998,2 41335  98.6248 203.2127 0001134 111.9128 248.2173 14.26741542429226
2024-05-15T04:52:57.779328+00:00,1 41335U 16011A   24136.20344652  .00000508  00000-0  22792-3 0  9995,2 41335  98.6247 203.4892 0001135 111.8771 248.2530 14.26741976429262
2024-05-15T11:36:54.562176+00:00,1 41335U 16011A   24136.48396484  .00000510  00000-0  22876-3 0  9991,2 41335  98.6248 203.7657 0001138 111.9610 248.1691 14.26742357429307
2024-05-15T13:17:53.756160+00:00,1 41335U 16011A   24136.55409440  .00000505  00000-0  22683-3 0  9996,2 41335  98.6248 203.8349 0001139 112.0423 248.0878 14.26742446429317
2024-05-15T20:01:50.534688+00:00,1 41335U 16011A   24136.83461267  .00000491  00000-0  22104-3 0  9994,2 41335  98.6247 204.1114 0001141 112.2074 247.9228 14.26742752429358
2024-05-15T21:42:49.729536+00:00,1 41335U 16011A   24136.90474224  .00000486  00000-0  21886-3 0  9999,2 41335  98.6247 204.1805 0001146 112.1340 247.9963 14.26742818429365
2024-05-16T04:26:46.498560+00:00,1 41335U 16011A   24137.18526040  .00000494  00000-0  22214-3 0  9999,2 41335  98.6247 204.4570 0001150 112.0119 248.1184 14.26743283429405
2024-05-16T11:10:43.265856+00:00,1 41335U 16011A   24137.46577854  .00000469  00000-0  21188-3 0  9990,2 41335  98.6247 204.7335 0001159 111.9021 248.2283 14.26743538429444
2024-05-16T11:10:43.265856+00:00,1 41335U 16011A   24137.46577854  .00000469  00000-0  21188-3 0  9990,2 41335  98.6247 204.7335 0001159 111.9021 248.2283 14.26743538429444
2024-05-16T19:35:39.507072+00:00,1 41335U 16011A   24137.81642948  .00000442  00000-0  20075-3 0  9991,2 41335  98.6247 205.0792 0001169 110.9040 249.2266 14.26733780429491
2024-05-16T21:16:38.742528+00:00,1 41335U 16011A   24137.88655952  .00000439  00000-0  19961-3 0  9995,2 41335  98.6247 205.1483 0001171 110.5848 249.5458 14.26733814429500
2024-05-16T21:16:38.742528+00:00,1 41335U 16011A   24137.88655952  .00000439  00000-0  19961-3 0  9995,2 41335  98.6247 205.1483 0001171 110.5848 249.5458 14.26733814429500
2024-05-17T12:25:31.832256+00:00,1 41335U 16011A   24138.51772954  .00000330  00000-0  15426-3 0  9990,2 41335  98.6247 205.7704 0001172 109.8740 250.2566 14.26734318429593
2024-05-17T14:06:31.060800+00:00,1 41335U 16011A   24138.58785950  .00000361  00000-0  16718-3 0  9996,2 41335  98.6247 205.8395 0001172 109.7865 250.3442 14.26734416429602
2024-05-17T20:50:27.966336+00:00,1 41335U 16011A   24138.86837924  .00000416  00000-0  19009-3 0  9993,2 41335  98.6246 206.1160 0001175 109.6705 250.4602 14.26734844429648
2024-05-17T22:31:27.195744+00:00,1 41335U 16011A   24138.93850921  .00000402  00000-0  18402-3 0  9994,2 41335  98.6246 206.1851 0001176 109.7220 250.4087 14.26734887429654
2024-05-18T03:34:24.877056+00:00,1 41335U 16011A   24139.14889904  .00000427  00000-0  19464-3 0  9997,2 41335  98.6246 206.3925 0001178 109.6111 250.5196 14.26735152429689
2024-05-18T11:59:20.991264+00:00,1 41335U 16011A   24139.49954851  .00000471  00000-0  21245-3 0  9998,2 41335  98.6246 206.7381 0001182 109.6197 250.5111 14.26735812429734
2024-05-18T13:40:20.216352+00:00,1 41335U 16011A   24139.56967843  .00000469  00000-0  21185-3 0  9991,2 41335  98.6246 206.8072 0001184 109.6583 250.4725 14.26735885429744
2024-05-18T20:24:17.108064+00:00,1 41335U 16011A   24139.85019801  .00000476  00000-0  21482-3 0  9993,2 41335  98.6246 207.0837 0001187 109.5019 250.6290 14.26736226429785
2024-05-18T22:05:16.330560+00:00,1 41335U 16011A   24139.92032790  .00000475  00000-0  21415-3 0  9998,2 41335  98.6245 207.1528 0001188 109.6156 250.5152 14.26736288429791
2024-05-19T04:49:13.233504+00:00,1 41335U 16011A   24140.20084761  .00000474  00000-0  21388-3 0  9994,2 41335  98.6245 207.4293 0001191 109.5948 250.5361 14.26736554429838
2024-05-19T13:14:09.320928+00:00,1 41335U 16011A   24140.55149677  .00000510  00000-0  22891-3 0  9991,2 41335  98.6245 207.7749 0001182 110.1137 250.0171 14.26737176429885
2024-05-19T19:58:06.197088+00:00,1 41335U 16011A   24140.83201617  .00000510  00000-0  22893-3 0  9997,2 41335  98.6245 208.0514 0001182 110.1815 249.9493 14.26737477429925
2024-05-20T04:23:02.294016+00:00,1 41335U 16011A   24141.18266544  .00000476  00000-0  21469-3 0  9995,2 41335  98.6245 208.3970 0001184 110.2422 249.8886 14.26737662429977
2024-05-20T11:06:59.159808+00:00,1 41335U 16011A   24141.46318472  .00000466  00000-0  21055-3 0  9994,2 41335  98.6245 208.6735 0001193 110.2424 249.8885 14.26737922430016
2024-05-20T14:28:57.583200+00:00,1 41335U 16011A   24141.60344425  .00000463  00000-0  20932-3 0  9997,2 41335  98.6245 208.8118 0001197 110.2402 249.8907 14.26738116430036
2024-05-20T19:31:55.232544+00:00,1 41335U 16011A   24141.81383371  .00000447  00000-0  20276-3 0  9996,2 41335  98.6245 209.0191 0001198 110.3010 249.8299 14.26738264430068
2024-05-21T03:56:51.300960+00:00,1 41335U 16011A   24142.16448265  .00000430  00000-0  19550-3 0  9994,2 41335  98.6244 209.3647 0001197 110.5098 249.6211 14.26738538430115
2024-05-21T12:21:47.359008+00:00,1 41335U 16011A   24142.51513147  .00000393  00000-0  18053-3 0  9990,2 41335  98.6245 209.7104 0001206 110.4650 249.6660 14.26738735430164
2024-05-21T14:02:46.571136+00:00,1 41335U 16011A   24142.58526124  .00000395  00000-0  18131-3 0  9995,2 41335  98.6245 209.7795 0001207 110.4872 249.6438 14.26738804430178
2024-05-21T20:46:43.411872+00:00,1 41335U 16011A   24142.86578023  .00000394  00000-0  18069-3 0  9990,2 41335  98.6244 210.0560 0001206 110.4158 249.7152 14.26739116430214
2024-05-21T22:27:42.619680+00:00,1 41335U 16011A   24142.93590995  .00000400  00000-0  18334-3 0  9993,2 41335  98.6244 210.1251 0001211 110.3222 249.8089 14.26739214430229
2024-05-22T05:11:39.458688+00:00,1 41335U 16011A   24143.21642892  .00000398  00000-0  18258-3 0  9990,2 41335  98.6244 210.4015 0001209 110.4752 249.6559 14.26739504430262
2024-05-22T11:55:36.295104+00:00,1 41335U 16011A   24143.49694786  .00000381  00000-0  17559-3 0  9994,2 41335  98.6244 210.6780 0001216 110.3423 249.7888 14.26739699430301
2024-05-22T13:36:35.502048+00:00,1 41335U 16011A   24143.56707757  .00000376  00000-0  17354-3 0  9992,2 41335  98.6244 210.7472 0001217 110.3910 249.7402 14.26739761430315
2024-05-22T20:20:32.333280+00:00,1 41335U 16011A   24143.84759645  .00000367  00000-0  16979-3 0  9998,2 41335  98.6244 211.0236 0001224 110.1920 249.9392 14.26739990430352
2024-05-23T04:45:28.362816+00:00,1 41335U 16011A   24144.19824494  .00000365  00000-0  16891-3 0  9993,2 41335  98.6243 211.3692 0001226 110.1627 249.9685 14.26740334430401
2024-05-23T11:29:25.177632+00:00,1 41335U 16011A   24144.47876363  .00000358  00000-0  16577-3 0  9999,2 41335  98.6244 211.6457 0001235 110.0710 250.0603 14.26740589430445
2024-05-23T13:10:24.381984+00:00,1 41335U 16011A   24144.54889331  .00000356  00000-0  16494-3 0  9992,2 41335  98.6244 211.7148 0001236 110.0738 250.0575 14.26740650430452
2024-05-23T18:13:21.992448+00:00,1 41335U 16011A   24144.75928232  .00000340  00000-0  15852-3 0  9999,2 41335  98.6243 211.9222 0001235 110.0930 250.0383 14.26740794430488
2024-05-23T19:54:21.194208+00:00,1 41335U 16011A   24144.82941197  .00000356  00000-0  16530-3 0  9993,2 41335  98.6243 211.9913 0001237 110.0872 250.0442 14.26740946430498
2024-05-24T04:19:17.203008+00:00,1 41335U 16011A   24145.18006022  .00000347  00000-0  16151-3 0  9991,2 41335  98.6243 212.3369 0001240 110.0693 250.0621 14.26741241430547
2024-05-24T11:03:14.009184+00:00,1 41335U 16011A   24145.46057881  .00000342  00000-0  15952-3 0  9994,2 41335  98.6243 212.6134 0001247 109.8694 250.2620 14.26741451430582
2024-05-24T14:25:12.407520+00:00,1 41335U 16011A   24145.60083805  .00000342  00000-0  15914-3 0  9993,2 41335  98.6243 212.7517 0001251 110.0444 250.0871 14.26741592430605
2024-05-24T19:28:10.006752+00:00,1 41335U 16011A   24145.81122693  .00000331  00000-0  15491-3 0  9993,2 41335  98.6243 212.9590 0001252 109.8701 250.2614 14.26741734430639
2024-05-24T21:09:09.207648+00:00,1 41335U 16011A   24145.88135657  .00000322  00000-0  15124-3 0  9997,2 41335  98.6243 213.0282 0001253 110.0118 250.1197 14.26741738430646
2024-05-25T03:53:06.006048+00:00,1 41335U 16011A   24146.16187507  .00000304  00000-0  14362-3 0  9993,2 41335  98.6243 213.3046 0001256 110.0005 250.1310 14.26741878430681
2024-05-25T12:18:01.997568+00:00,1 41335U 16011A   24146.51252312  .00000302  00000-0  14291-3 0  9998,2 41335  98.6243 213.6502 0001261 109.7801 250.3516 14.26742162430739
2024-05-25T13:59:01.194144+00:00,1 41335U 16011A   24146.58265271  .00000297  00000-0  14081-3 0  9993,2 41335  98.6243 213.7194 0001262 109.8697 250.2619 14.26742212430742
2024-05-25T20:42:57.983040+00:00,1 41335U 16011A   24146.86317110  .00000296  00000-0  14013-3 0  9998,2 41335  98.6243 213.9958 0001265 109.8143 250.3174 14.26742423430786
2024-05-26T03:26:54.767616+00:00,1 41335U 16011A   24147.14368944  .00000296  00000-0  14016-3 0  9994,2 41335  98.6242 214.2723 0001267 109.7310 250.4007 14.26742646430824
2024-05-26T10:10:51.552192+00:00,1 41335U 16011A   24147.42420778  .00000285  00000-0  13565-3 0  9995,2 41335  98.6242 214.5488 0001268 109.6016 250.5301 14.26742761430868
2024-05-26T10:10:51.552192+00:00,1 41335U 16011A   24147.42420778  .00000285  00000-0  13565-3 0  9995,2 41335  98.6242 214.5488 0001268 109.6016 250.5301 14.26742761430868
2024-05-26T20:16:47.112672+00:00,1 41335U 16011A   24147.84498973  .00000265  00000-0  12752-3 0  9998,2 41335  98.6242 214.9636 0001259 108.6312 251.5006 14.26729609430921
2024-05-26T21:57:46.367136+00:00,1 41335U 16011A   24147.91511999  .00000263  00000-0  12663-3 0  9999,2 41335  98.6242 215.0327 0001253 107.6780 252.4537 14.26729642430939
2024-05-27T04:41:43.375488+00:00,1 41335U 16011A   24148.19564092  .00000254  00000-0  12313-3 0  9994,2 41335  98.6242 215.3091 0001260 107.3626 252.7692 14.26729809430978
2024-05-27T11:25:40.379520+00:00,1 41335U 16011A   24148.47616180  .00000223  00000-0  11002-3 0  9991,2 41335  98.6242 215.5856 0001261 106.7084 253.4235 14.26729817431017
2024-05-27T13:06:39.629664+00:00,1 41335U 16011A   24148.54629201  .00000199  00000-0  10011-3 0  9998,2 41335  98.6242 215.6547 0001268 106.7499 253.3820 14.26729858431027
2024-05-27T19:50:36.625056+00:00,1 41335U 16011A   24148.82681279  .00000193  00000-0  97592-4 0  9996,2 41335  98.6242 215.9312 0001273 106.9073 253.2247 14.26729998431067
2024-05-27T21:31:35.874336+00:00,1 41335U 16011A   24148.89694299  .00000191  00000-0  96938-4 0  9990,2 41335  98.6242 216.0003 0001273 106.8371 253.2949 14.26730031431076
2024-05-28T04:15:32.865408+00:00,1 41335U 16011A   24149.17746372  .00000194  00000-0  98031-4 0  9991,2 41335  98.6242 216.2768 0001276 106.8079 253.3241 14.26730268431117
2024-05-28T12:40:29.106624+00:00,1 41335U 16011A   24149.52811466  .00000171  00000-0  88868-4 0  9999,2 41335  98.6242 216.6224 0001282 106.7451 253.3870 14.26730374431169
2024-05-28T14:21:28.354176+00:00,1 41335U 16011A   24149.59824484  .00000169  00000-0  87894-4 0  9995,2 41335  98.6242 216.6915 0001281 106.6765 253.4556 14.26730411431177
2024-05-28T19:24:26.094240+00:00,1 41335U 16011A   24149.80863535  .00000164  00000-0  85934-4 0  9997,2 41335  98.6242 216.8989 0001281 106.5663 253.5658 14.26730503431206
2024-05-28T19:24:26.094240+00:00,1 41335U 16011A   24149.80863535  .00000164  00000-0  85934-4 0  9997,2 41335  98.6242 216.8989 0001281 106.5663 253.5658 14.26730503431206
2024-05-29T03:49:22.328544+00:00,1 41335U 16011A   24150.15928621  .00000155  00000-0  82141-4 0  9992,2 41335  98.6241 217.2445 0001282 106.3753 253.7569 14.26730665431253
2024-05-29T12:14:18.552480+00:00,1 41335U 16011A   24150.50993695  .00000199  00000-0  10044-3 0  9994,2 41335  98.6242 217.5901 0001275 106.6102 253.5219 14.26731024431303
2024-05-29T13:55:17.797440+00:00,1 41335U 16011A   24150.58006710  .00000198  00000-0  99777-4 0  9995,2 41335  98.6241 217.6592 0001276 106.6612 253.4709 14.26731067431317
2024-05-29T20:39:14.775552+00:00,1 41335U 16011A   24150.86058768  .00000229  00000-0  11249-3 0  9998,2 41335  98.6241 217.9357 0001272 106.6092 253.5228 14.26731398431355
2024-05-29T20:39:14.775552+00:00,1 41335U 16011A   24150.86058768  .00000229  00000-0  11249-3 0  9998,2 41335  98.6241 217.9357 0001272 106.6092 253.5228 14.26731398431355
2024-05-30T03:23:11.748480+00:00,1 41335U 16011A   24151.14110820  .00000236  00000-0  11551-3 0  9992,2 41335  98.6241 218.2122 0001278 106.4863 253.6458 14.26731607431392
2024-05-30T13:29:07.220832+00:00,1 41335U 16011A   24151.56188913  .00000252  00000-0  12214-3 0  9991,2 41335  98.6241 218.6269 0001287 106.1279 254.0043 14.26731909431453
2024-05-30T13:29:07.220832+00:00,1 41335U 16011A   24151.56188913  .00000252  00000-0  12229-3 0  9997,2 41335  98.6241 218.6269 0001288 106.0618 254.0704 14.26731908431453
2024-05-30T20:13:04.172160+00:00,1 41335U 16011A   24151.84240940  .00000272  00000-0  13027-3 0  9996,2 41335  98.6241 218.9033 0001290 106.1300 254.0023 14.26732234431498
2024-05-30T21:54:03.412800+00:00,1 41335U 16011A   24151.91253950  .00000276  00000-0  13193-3 0  9997,2 41335  98.6241 218.9725 0001295 106.2972 253.8351 14.26732284431505
2024-05-31T04:38:00.402144+00:00,1 41335U 16011A   24152.19306021  .00000236  00000-0  11539-3 0  9994,2 41335  98.6240 219.2489 0001297 106.0092 254.1232 14.26732163431540
2024-05-31T11:21:57.368160+00:00,1 41335U 16011A   24152.47358065  .00000236  00000-0  11566-3 0  9990,2 41335  98.6241 219.5254 0001303 105.7860 254.3464 14.26732299431584
2024-05-31T14:43:55.839936+00:00,1 41335U 16011A   24152.61384074  .00000253  00000-0  12267-3 0  9993,2 41335  98.6240 219.6637 0001305 105.5482 254.5842 14.26732533431605
2024-05-31T19:46:53.584320+00:00,1 41335U 16011A   24152.82423130  .00000185  00000-0  94535-4 0  9996,2 41335  98.6240 219.8710 0001307 105.6813 254.4511 14.26732191431635
2024-05-31T21:27:52.825824+00:00,1 41335U 16011A   24152.89436141  .00000186  00000-0  95043-4 0  9995,2 41335  98.6240 219.9402 0001307 105.6187 254.5138 14.26732221431649
2024-06-01T04:11:49.790112+00:00,1 41335U 16011A   24153.17488183  .00000180  00000-0  92352-4 0  9994,2 41335  98.6240 220.2166 0001311 105.6098 254.5227 14.26732321431681
2024-06-01T12:36:45.989856+00:00,1 41335U 16011A   24153.52553229  .00000191  00000-0  96900-4 0  9992,2 41335  98.6240 220.5622 0001311 105.7175 254.4150 14.26732524431733
2024-06-01T14:17:45.229632+00:00,1 41335U 16011A   24153.59566238  .00000188  00000-0  95845-4 0  9996,2 41335  98.6240 220.6314 0001310 105.7553 254.3772 14.26732557431747
2024-06-01T19:20:42.947232+00:00,1 41335U 16011A   24153.80605263  .00000183  00000-0  93853-4 0  9994,2 41335  98.6240 220.8387 0001311 105.7986 254.3339 14.26732630431774
2024-06-02T03:45:39.134880+00:00,1 41335U 16011A   24154.15670295  .00000196  00000-0  98901-4 0  9993,2 41335  98.6240 221.1843 0001314 105.7565 254.3760 14.26732875431826
2024-06-02T12:10:35.335488+00:00,1 41335U 16011A   24154.50735342  .00000199  00000-0  10009-3 0  9992,2 41335  98.6240 221.5299 0001316 105.6530 254.4796 14.26733000431874
2024-06-02T13:51:34.572672+00:00,1 41335U 16011A   24154.57748348  .00000199  00000-0  10009-3 0  9999,2 41335  98.6240 221.5990 0001317 105.6453 254.4873 14.26733042431880
2024-06-02T20:35:31.515360+00:00,1 41335U 16011A   24154.85800365  .00000195  00000-0  98586-4 0  9991,2 41335  98.6240 221.8755 0001320 105.7181 254.4145 14.26733175431929
2024-06-02T22:16:30.752544+00:00,1 41335U 16011A   24154.92813371  .00000197  00000-0  99230-4 0  9999,2 41335  98.6239 221.9446 0001322 105.7117 254.4210 14.26733211431931
2024-06-03T05:00:27.699552+00:00,1 41335U 16011A   24155.20865393  .00000243  00000-0  11849-3 0  9993,2 41335  98.6239 222.2211 0001319 105.6271 254.5055 14.26733588431970
2024-06-03T11:44:24.646560+00:00,1 41335U 16011A   24155.48917415  .00000253  00000-0  12266-3 0  9991,2 41335  98.6240 222.4976 0001325 105.3350 254.7977 14.26733756432012
2024-06-03T13:25:23.881152+00:00,1 41335U 16011A   24155.55930418  .00000254  00000-0  12297-3 0  9992,2 41335  98.6240 222.5667 0001324 105.3199 254.8128 14.26733801432021
2024-06-03T18:28:21.584928+00:00,1 41335U 16011A   24155.76969427  .00000256  00000-0  12366-3 0  9996,2 41335  98.6239 222.7741 0001326 105.2346 254.8981 14.26733915432055
2024-06-03T21:50:20.052384+00:00,1 41335U 16011A   24155.90995431  .00000250  00000-0  12143-3 0  9993,2 41335  98.6239 222.9123 0001327 105.2864 254.8463 14.26733959432072
2024-06-04T04:34:16.983840+00:00,1 41335U 16011A   24156.19047435  .00000274  00000-0  13109-3 0  9996,2 41335  98.6239 223.1888 0001326 105.2350 254.8977 14.26734250432112
2024-06-04T11:18:13.922208+00:00,1 41335U 16011A   24156.47099447  .00000277  00000-0  13254-3 0  9991,2 41335  98.6239 223.4653 0001332 105.0557 255.0771 14.26734386432158
2024-06-04T12:59:13.155072+00:00,1 41335U 16011A   24156.54112448  .00000278  00000-0  13274-3 0  9999,2 41335  98.6239 223.5344 0001332 105.0575 255.0752 14.26734432432168
2024-06-04T18:02:10.850208+00:00,1 41335U 16011A   24156.75151447  .00000280  00000-0  13384-3 0  9999,2 41335  98.6239 223.7418 0001334 104.9514 255.1814 14.26734564432194
2024-06-04T21:24:09.312480+00:00,1 41335U 16011A   24156.89177445  .00000268  00000-0  12896-3 0  9993,2 41335  98.6239 223.8800 0001335 104.9128 255.2200 14.26734585432218
2024-06-05T04:08:06.241344+00:00,1 41335U 16011A   24157.17229446  .00000247  00000-0  12010-3 0  9999,2 41335  98.6239 224.1565 0001337 105.0281 255.1048 14.26734612432258
2024-06-05T12:33:02.393568+00:00,1 41335U 16011A   24157.52294437  .00000257  00000-0  12424-3 0  9990,2 41335  98.6239 224.5021 0001343 104.7205 255.4124 14.26734880432309
2024-06-05T20:57:58.538880+00:00,1 41335U 16011A   24157.87359420  .00000253  00000-0  12274-3 0  9991,2 41335  98.6239 224.8476 0001344 104.6469 255.4860 14.26735067432358
2024-06-05T22:38:57.767424+00:00,1 41335U 16011A   24157.94372416  .00000259  00000-0  12505-3 0  9992,2 41335  98.6239 224.9168 0001348 104.7124 255.4206 14.26735125432360
2024-06-06T03:41:55.451328+00:00,1 41335U 16011A   24158.15411402  .00000261  00000-0  12575-3 0  9995,2 41335  98.6239 225.1241 0001348 104.6659 255.4671 14.26735270432397
2024-06-06T12:06:51.588000+00:00,1 41335U 16011A   24158.50476375  .00000295  00000-0  13990-3 0  9993,2 41335  98.6239 225.4697 0001351 104.5158 255.6172 14.26735649432446
2024-06-06T13:47:50.814816+00:00,1 41335U 16011A   24158.57489369  .00000293  00000-0  13905-3 0  9991,2 41335  98.6239 225.5388 0001351 104.5297 255.6034 14.26735693432455
2024-06-07T01:34:45.401664+00:00,1 41335U 16011A   24159.06580326  .00000282  00000-0  13465-3 0  9990,2 41335  98.6239 226.0226 0001354 104.3943 255.7388 14.26735916432520
2024-06-07T09:59:41.530560+00:00,1 41335U 16011A   24159.41645290  .00000284  00000-0  13544-3 0  9991,2 41335  98.6239 226.3682 0001358 104.1409 255.9922 14.26736120432577
2024-06-07T13:21:39.968640+00:00,1 41335U 16011A   24159.55671260  .00000318  00000-0  14941-3 0  9992,2 41335  98.6239 226.5065 0001357 104.1775 255.9556 14.26736436432594
2024-06-07T20:05:36.850848+00:00,1 41335U 16011A   24159.83723207  .00000335  00000-0  15653-3 0  9992,2 41335  98.6239 226.7829 0001360 104.0663 256.0668 14.26736736432637
2024-06-07T21:46:36.073344+00:00,1 41335U 16011A   24159.90736196  .00000333  00000-0  15560-3 0  9996,2 41335  98.6239 226.8521 0001361 104.0691 256.0641 14.26736773432642
2024-06-08T04:30:32.965920+00:00,1 41335U 16011A   24160.18788155  .00000326  00000-0  15262-3 0  9991,2 41335  98.6239 227.1285 0001361 104.0162 256.1170 14.26736920432682
2024-06-08T11:14:29.851584+00:00,1 41335U 16011A   24160.46840106  .00000318  00000-0  14929-3 0  9997,2 41335  98.6239 227.4050 0001368 103.8684 256.2649 14.26737072432724
2024-06-08T14:36:28.291392+00:00,1 41335U 16011A   24160.60866078  .00000308  00000-0  14532-3 0  9998,2 41335  98.6239 227.5432 0001368 103.8882 256.2451 14.26737138432745
2024-06-08T19:39:25.951968+00:00,1 41335U 16011A   24160.81905037  .00000299  00000-0  14170-3 0  9997,2 41335  98.6239 227.7506 0001369 103.8465 256.2868 14.26737228432772
2024-06-08T21:20:25.171008+00:00,1 41335U 16011A   24160.88918022  .00000296  00000-0  14023-3 0  9996,2 41335  98.6239 227.8197 0001368 103.8570 256.2762 14.26737262432787
2024-06-09T04:04:22.041984+00:00,1 41335U 16011A   24161.16969956  .00000303  00000-0  14305-3 0  9992,2 41335  98.6238 228.0961 0001370 103.7495 256.3838 14.26737504432825
2024-06-09T12:29:18.135456+00:00,1 41335U 16011A   24161.52034879  .00000333  00000-0  15574-3 0  9991,2 41335  98.6239 228.4417 0001372 103.5665 256.5668 14.26737900432873
2024-06-09T14:10:17.351040+00:00,1 41335U 16011A   24161.59047860  .00000331  00000-0  15499-3 0  9996,2 41335  98.6239 228.5109 0001371 103.5833 256.5501 14.26737955432885
2024-06-09T19:13:14.999520+00:00,1 41335U 16011A   24161.80086805  .00000330  00000-0  15418-3 0  9992,2 41335  98.6238 228.7182 0001373 103.4709 256.6624 14.26738098432910
2024-06-09T22:35:13.426368+00:00,1 41335U 16011A   24161.94112762  .00000337  00000-0  15710-3 0  9991,2 41335  98.6238 228.8565 0001376 103.5375 256.5958 14.26738240432939
2024-06-10T03:38:11.069664+00:00,1 41335U 16011A   24162.15151701  .00000338  00000-0  15752-3 0  9998,2 41335  98.6238 229.0638 0001375 103.4026 256.7307 14.26738421432968
2024-06-10T12:03:07.153632+00:00,1 41335U 16011A   24162.50216613  .00000319  00000-0  14999-3 0  9992,2 41335  98.6238 229.4094 0001379 103.3207 256.8127 14.26738530433011
2024-06-10T13:44:06.367488+00:00,1 41335U 16011A   24162.57229592  .00000316  00000-0  14853-3 0  9995,2 41335  98.6238 229.4785 0001379 103.3752 256.7582 14.26738581433024
2024-06-10T20:28:03.215136+00:00,1 41335U 16011A   24162.85281499  .00000321  00000-0  15074-3 0  9992,2 41335  98.6238 229.7550 0001379 103.2881 256.8453 14.26738828433065
2024-06-10T22:09:02.427264+00:00,1 41335U 16011A   24162.92294476  .00000320  00000-0  15030-3 0  9990,2 41335  98.6238 229.8241 0001381 103.3008 256.8326 14.26738878433073
2024-06-11T04:52:59.279232+00:00,1 41335U 16011A   24163.20346388  .00000309  00000-0  14580-3 0  9998,2 41335  98.6237 230.1005 0001381 103.2232 256.9103 14.26739035433118
2024-06-11T13:17:55.334688+00:00,1 41335U 16011A   24163.55411267  .00000306  00000-0  14448-3 0  9995,2 41335  98.6238 230.4461 0001389 103.1204 257.0131 14.26739296433161
2024-06-12T04:26:48.235200+00:00,1 41335U 16011A   24164.18528050  .00000269  00000-0  12935-3 0  9991,2 41335  98.6237 231.0682 0001389 103.0150 257.1185 14.26739515433255
2024-06-12T06:07:47.444736+00:00,1 41335U 16011A   24164.25541024  .00000271  00000-0  13001-3 0  9993,2 41335  98.6237 231.1373 0001390 103.0181 257.1155 14.26739564433261
2024-06-12T11:10:45.075072+00:00,1 41335U 16011A   24164.46579948  .00000245  00000-0  11924-3 0  9995,2 41335  98.6237 231.3447 0001400 102.7976 257.3361 14.26739554433298
2024-06-12T19:35:41.114112+00:00,1 41335U 16011A   24164.81644808  .00000237  00000-0  11614-3 0  9999,2 41335  98.6236 231.6902 0001399 102.8241 257.3096 14.26739781433342
2024-06-12T21:16:40.321920+00:00,1 41335U 16011A   24164.88657780  .00000241  00000-0  11762-3 0  9998,2 41335  98.6236 231.7593 0001400 102.7429 257.3908 14.26739826433352
2024-06-13T04:00:37.153152+00:00,1 41335U 16011A   24165.16709668  .00000242  00000-0  11788-3 0  9992,2 41335  98.6236 232.0358 0001399 102.7491 257.3846 14.26740011433394
2024-06-13T10:44:33.980928+00:00,1 41335U 16011A   24165.44761552  .00000238  00000-0  11643-3 0  9998,2 41335  98.6236 232.3123 0001404 102.5342 257.5995 14.26740171433436
2024-06-13T14:06:32.394816+00:00,1 41335U 16011A   24165.58787494  .00000212  00000-0  10564-3 0  9999,2 41335  98.6236 232.4505 0001404 102.6497 257.4841 14.26740153433454
2024-06-13T22:31:28.423488+00:00,1 41335U 16011A   24165.93852342  .00000208  00000-0  10409-3 0  9996,2 41335  98.6236 232.7961 0001411 102.5242 257.6096 14.26740336433501
2024-06-14T13:40:21.264384+00:00,1 41335U 16011A   24166.56969056  .00000228  00000-0  11236-3 0  9998,2 41335  98.6236 233.4181 0001403 102.3759 257.7579 14.26740835433595
2024-06-14T22:05:17.281824+00:00,1 41335U 16011A   24166.92033891  .00000216  00000-0  10747-3 0  9990,2 41335  98.6236 233.7637 0001399 102.1222 258.0115 14.26740983433641
2024-06-15T14:55:09.309792+00:00,1 41335U 16011A   24167.62163553  .00000225  00000-0  11116-3 0  9998,2 41335  98.6236 234.4548 0001407 101.8866 258.2472 14.26741456433745
2024-06-15T21:39:06.109056+00:00,1 41335U 16011A   24167.90215404  .00000224  00000-0  11048-3 0  9995,2 41335  98.6235 234.7312 0001409 101.7401 258.3938 14.26741614433780
2024-06-16T14:28:58.123200+00:00,1 41335U 16011A   24168.60345050  .00000215  00000-0  10706-3 0  9994,2 41335  98.6236 235.4224 0001417 101.3235 258.8104 14.26741947433881
2024-06-16T21:12:54.920736+00:00,1 41335U 16011A   24168.88396899  .00000213  00000-0  10602-3 0  9994,2 41335  98.6235 235.6988 0001417 101.1453 258.9886 14.26742069433928
2024-06-17T20:46:43.694400+00:00,1 41335U 16011A   24169.86578350  .00000201  00000-0  10091-3 0  9996,2 41335  98.6235 236.6664 0001422 100.8410 259.2930 14.26742501434066
2024-06-17T22:27:42.891840+00:00,1 41335U 16011A   24169.93591310  .00000201  00000-0  10089-3 0  9992,2 41335  98.6235 236.7356 0001423 100.8122 259.3219 14.26742533434073
2024-06-18T03:30:40.483296+00:00,1 41335U 16011A   24170.14630189  .00000192  00000-0  97555-4 0  9998,2 41335  98.6235 236.9429 0001422 100.8761 259.2579 14.26742608434109
2024-06-18T11:55:36.464448+00:00,1 41335U 16011A   24170.49694982  .00000185  00000-0  94665-4 0  9998,2 41335  98.6236 237.2885 0001427 100.7446 259.3896 14.26742735434153
2024-06-18T13:36:35.661024+00:00,1 41335U 16011A   24170.56707941  .00000184  00000-0  94016-4 0  9995,2 41335  98.6236 237.3576 0001427 100.7425 259.3916 14.26742769434169
2024-06-18T20:20:32.446464+00:00,1 41335U 16011A   24170.84759776  .00000180  00000-0  92557-4 0  9993,2 41335  98.6235 237.6340 0001429 100.5357 259.5984 14.26742867434205
2024-06-18T22:01:31.642176+00:00,1 41335U 16011A   24170.91772734  .00000181  00000-0  92643-4 0  9997,2 41335  98.6235 237.7032 0001429 100.5148 259.6193 14.26742893434215
2024-06-19T04:45:28.424160+00:00,1 41335U 16011A   24171.19824565  .00000169  00000-0  87926-4 0  9992,2 41335  98.6235 237.9796 0001428 100.4270 259.7072 14.26742986434252
2024-06-19T11:29:25.205280+00:00,1 41335U 16011A   24171.47876395  .00000165  00000-0  86274-4 0  9992,2 41335  98.6236 238.2561 0001435 100.1078 260.0264 14.26743089434295
2024-06-19T13:10:24.399264+00:00,1 41335U 16011A   24171.54889351  .00000165  00000-0  86169-4 0  9999,2 41335  98.6236 238.3252 0001435 100.0964 260.0378 14.26743124434304
2024-06-19T19:54:21.176064+00:00,1 41335U 16011A   24171.82941176  .00000151  00000-0  80208-4 0  9997,2 41335  98.6235 238.6017 0001436  99.9864 260.1478 14.26743170434348
2024-06-19T21:35:20.370912+00:00,1 41335U 16011A   24171.89954133  .00000147  00000-0  78874-4 0  9992,2 41335  98.6235 238.6708 0001435  99.9511 260.1831 14.26743187434355
2024-06-20T04:19:17.142528+00:00,1 41335U 16011A   24172.18005952  .00000159  00000-0  83747-4 0  9999,2 41335  98.6235 238.9472 0001435  99.9949 260.1393 14.26743393434397
2024-06-20T11:03:13.914144+00:00,1 41335U 16011A   24172.46057771  .00000162  00000-0  84838-4 0  9992,2 41335  98.6235 239.2237 0001437  99.7815 260.3528 14.26743510434430
2024-06-20T21:09:09.428832+00:00,1 41335U 16011A   24172.88135913  .00000168  00000-0  87360-4 0  9992,2 41335  98.6235 239.6383 0001381  97.6733 262.4604 14.26733000434497
2024-06-20T22:50:08.665152+00:00,1 41335U 16011A   24172.95148918  .00000167  00000-0  87015-4 0  9995,2 41335  98.6235 239.7075 0001395  98.5149 261.6189 14.26732979434507
2024-06-21T03:53:06.377568+00:00,1 41335U 16011A   24173.16187937  .00000175  00000-0  90478-4 0  9999,2 41335  98.6235 239.9148 0001395  98.2708 261.8630 14.26733121434534
2024-06-21T12:18:02.567808+00:00,1 41335U 16011A   24173.51252972  .00000000  00000-0  18063-4 0  9997,2 41335  98.6235 240.2604 0001400  97.9881 262.1458 14.26733042434580
2024-06-21T13:59:01.805856+00:00,1 41335U 16011A   24173.58265979  .00000000  00000-0  18185-4 0  9990,2 41335  98.6235 240.3295 0001401  97.9182 262.2157 14.26733057434596
2024-06-21T20:42:58.753728+00:00,1 41335U 16011A   24173.86318002  .00000021  00000-0  26790-4 0  9991,2 41335  98.6235 240.6059 0001401  97.6861 262.4479 14.26733119434631
2024-06-21T22:23:57.987456+00:00,1 41335U 16011A   24173.93331004  .00000021  00000-0  26840-4 0  9992,2 41335  98.6235 240.6750 0001410  97.7705 262.3635 14.26733205434647
2024-06-22T03:26:55.698144+00:00,1 41335U 16011A   24174.14370021  .00000022  00000-0  27299-4 0  9998,2 41335  98.6235 240.8823 0001410  97.5321 262.6019 14.26733273434679
2024-06-22T11:51:51.875424+00:00,1 41335U 16011A   24174.49435041  .00000026  00000-0  28627-4 0  9990,2 41335  98.6236 241.2279 0001407  97.4168 262.7173 14.26733400434724
2024-06-22T13:32:51.111744+00:00,1 41335U 16011A   24174.56448046  .00000026  00000-0  28844-4 0  9998,2 41335  98.6235 241.2970 0001408  97.3806 262.7535 14.26733418434732
2024-06-22T20:16:48.053568+00:00,1 41335U 16011A   24174.84500062  .00000026  00000-0  28770-4 0  9994,2 41335  98.6235 241.5734 0001412  97.0574 263.0767 14.26733461434770
2024-06-22T21:57:47.289888+00:00,1 41335U 16011A   24174.91513067  .00000026  00000-0  28977-4 0  9990,2 41335  98.6235 241.6426 0001412  96.9786 263.1555 14.26733474434783
2024-06-23T04:41:44.229984+00:00,1 41335U 16011A   24175.19565081  .00000026  00000-0  28849-4 0  9992,2 41335  98.6235 241.9190 0001415  96.6716 263.4625 14.26733551434829
2024-06-23T11:25:41.149344+00:00,1 41335U 16011A   24175.47617071  .00000186  00000-0  94894-4 0  9990,2 41335  98.6235 242.1955 0001406  97.0889 263.0451 14.26734094434867
2024-06-23T14:47:39.611616+00:00,1 41335U 16011A   24175.61643069  .00000183  00000-0  93665-4 0  9994,2 41335  98.6235 242.3337 0001405  97.0579 263.0761 14.26734166434884
2024-06-23T19:50:37.305888+00:00,1 41335U 16011A   24175.82682067  .00000178  00000-0  91572-4 0  9997,2 41335  98.6235 242.5411 0001402  97.0288 263.1052 14.26734239434912
2024-06-23T21:31:36.537888+00:00,1 41335U 16011A   24175.89695067  .00000180  00000-0  92238-4 0  9991,2 41335  98.6235 242.6102 0001401  96.9860 263.1480 14.26734269434922
2024-06-24T04:15:33.465024+00:00,1 41335U 16011A   24176.17747066  .00000182  00000-0  93064-4 0  9990,2 41335  98.6234 242.8866 0001401  97.0941 263.0399 14.26734413434965
2024-06-24T12:40:29.622432+00:00,1 41335U 16011A   24176.52812063  .00000176  00000-0  90694-4 0  9998,2 41335  98.6235 243.2322 0001401  96.8296 263.3044 14.26734541435017
2024-06-24T19:24:26.541792+00:00,1 41335U 16011A   24176.80864053  .00000169  00000-0  87694-4 0  9993,2 41335  98.6234 243.5086 0001398  96.8548 263.2791 14.26734647435050
2024-06-24T21:05:25.772064+00:00,1 41335U 16011A   24176.87877051  .00000167  00000-0  87141-4 0  9997,2 41335  98.6234 243.5777 0001398  96.8323 263.3016 14.26734670435066
2024-06-25T03:49:22.688832+00:00,1 41335U 16011A   24177.15929038  .00000171  00000-0  88741-4 0  9994,2 41335  98.6234 243.8542 0001397  96.9439 263.1900 14.26734828435107
2024-06-25T12:14:18.832416+00:00,1 41335U 16011A   24177.50994019  .00000187  00000-0  95141-4 0  9993,2 41335  98.6234 244.1997 0001398  96.6354 263.4985 14.26735072435152
2024-06-25T13:55:18.060960+00:00,1 41335U 16011A   24177.58007015  .00000186  00000-0  94680-4 0  9998,2 41335  98.6234 244.2688 0001398  96.5911 263.5429 14.26735109435164
2024-06-25T20:39:14.967360+00:00,1 41335U 16011A   24177.86058990  .00000187  00000-0  95265-4 0  9998,2 41335  98.6234 244.5453 0001394  96.3513 263.7826 14.26735268435203
2024-06-25T22:20:14.195040+00:00,1 41335U 16011A   24177.93071985  .00000191  00000-0  97049-4 0  9992,2 41335  98.6234 244.6144 0001397  96.3575 263.7764 14.26735313435215
2024-06-26T05:04:11.103168+00:00,1 41335U 16011A   24178.21123962  .00000204  00000-0  10249-3 0  9998,2 41335  98.6234 244.8908 0001394  96.2522 263.8818 14.26735533435252
2024-06-26T11:48:08.007840+00:00,1 41335U 16011A   24178.49175935  .00000214  00000-0  10648-3 0  9999,2 41335  98.6234 245.1673 0001397  95.9978 264.1362 14.26735719435297
2024-06-26T13:29:07.233792+00:00,1 41335U 16011A   24178.56188928  .00000214  00000-0  10645-3 0  9990,2 41335  98.6234 245.2364 0001397  95.9896 264.1443 14.26735760435302
2024-06-26T20:13:04.131552+00:00,1 41335U 16011A   24178.84240893  .00000206  00000-0  10334-3 0  9997,2 41335  98.6234 245.5128 0001399  96.0328 264.1012 14.26735882435348
2024-06-26T21:54:03.357504+00:00,1 41335U 16011A   24178.91253886  .00000206  00000-0  10309-3 0  9993,2 41335  98.6234 245.5820 0001400  96.0725 264.0615 14.26735908435359
2024-06-27T04:38:00.258720+00:00,1 41335U 16011A   24179.19305855  .00000236  00000-0  11569-3 0  9990,2 41335  98.6233 245.8584 0001397  96.0176 264.1164 14.26736219435393
2024-06-27T11:21:57.160800+00:00,1 41335U 16011A   24179.47357825  .00000234  00000-0  11451-3 0  9993,2 41335  98.6233 246.1349 0001404  95.5891 264.5450 14.26736336435430
2024-06-27T19:46:53.274144+00:00,1 41335U 16011A   24179.82422771  .00000224  00000-0  11045-3 0  9993,2 41335  98.6233 246.4804 0001399  95.4976 264.6364 14.26736488435483
2024-06-27T21:27:52.497504+00:00,1 41335U 16011A   24179.89435761  .00000222  00000-0  10969-3 0  9995,2 41335  98.6233 246.5495 0001398  95.4286 264.7054 14.26736514435491
2024-06-28T04:11:49.378848+00:00,1 41335U 16011A   24180.17487707  .00000255  00000-0  12352-3 0  9999,2 41335  98.6233 246.8260 0001396  95.3925 264.7415 14.26736878435530
2024-06-28T12:36:45.468864+00:00,1 41335U 16011A   24180.52552626  .00000298  00000-0  14101-3 0  9992,2 41335  98.6233 247.1715 0001395  95.2543 264.8796 14.26737346435582
2024-06-28T14:17:44.687040+00:00,1 41335U 16011A   24180.59565610  .00000298  00000-0  14101-3 0  9996,2 41335  98.6233 247.2406 0001394  95.2275 264.9064 14.26737400435592
2024-06-28T21:01:41.564064+00:00,1 41335U 16011A   24180.87617551  .00000288  00000-0  13708-3 0  9990,2 41335  98.6232 247.5171 0001396  95.0506 265.0834 14.26737502435635
2024-06-29T03:45:38.441088+00:00,1 41335U 16011A   24181.15669492  .00000308  00000-0  14508-3 0  9995,2 41335  98.6232 247.7935 0001395  95.0411 265.0928 14.26737783435678
2024-06-29T12:10:34.531104+00:00,1 41335U 16011A   24181.50734411  .00000313  00000-0  14745-3 0  9997,2 41335  98.6232 248.1391 0001396  94.8058 265.3282 14.26738024435725
2024-06-29T13:51:33.746688+00:00,1 41335U 16011A   24181.57747392  .00000312  00000-0  14698-3 0  9992,2 41335  98.6232 248.2082 0001395  94.8305 265.3035 14.26738075435730
2024-06-29T18:54:31.395168+00:00,1 41335U 16011A   24181.78786337  .00000309  00000-0  14571-3 0  9993,2 41335  98.6232 248.4155 0001394  94.6452 265.4888 14.26738199435760
2024-06-29T22:16:29.830656+00:00,1 41335U 16011A   24181.92812304  .00000303  00000-0  14321-3 0  9990,2 41335  98.6232 248.5538 0001395  94.6848 265.4492 14.26738241435787
2024-06-30T05:00:26.690400+00:00,1 41335U 16011A   24182.20864225  .00000288  00000-0  13691-3 0  9992,2 41335  98.6232 248.8302 0001392  94.5426 265.5913 14.26738356435828
2024-06-30T10:03:24.333696+00:00,1 41335U 16011A   24182.41903164  .00000288  00000-0  13692-3 0  9992,2 41335  98.6232 249.0376 0001394  94.4430 265.6909 14.26738489435854
2024-06-30T15:06:21.977856+00:00,1 41335U 16011A   24182.62942104  .00000278  00000-0  13269-3 0  9991,2 41335  98.6232 249.2449 0001394  94.3710 265.7630 14.26738589435883
2024-06-30T20:09:19.615104+00:00,1 41335U 16011A   24182.83981036  .00000281  00000-0  13426-3 0  9990,2 41335  98.6232 249.4523 0001394  94.2753 265.8587 14.26738751435911
2024-06-30T21:50:18.827232+00:00,1 41335U 16011A   24182.90994013  .00000275  00000-0  13170-3 0  9996,2 41335  98.6232 249.5214 0001391  94.2796 265.8543 14.26738784435922
2024-07-01T04:34:15.685248+00:00,1 41335U 16011A   24183.19045932  .00000267  00000-0  12814-3 0  9990,2 41335  98.6232 249.7978 0001390  94.2112 265.9228 14.26738904435961
2024-07-01T11:18:12.529440+00:00,1 41335U 16011A   24183.47097835  .00000266  00000-0  12777-3 0  9997,2 41335  98.6232 250.0742 0001391  94.1117 266.0222 14.26739065436001
2024-07-01T14:40:10.951104+00:00,1 41335U 16011A   24183.61123786  .00000262  00000-0  12642-3 0  9995,2 41335  98.6232 250.2125 0001389  94.1606 265.9734 14.26739155436026
2024-07-01T19:43:08.584032+00:00,1 41335U 16011A   24183.82162713  .00000263  00000-0  12672-3 0  9995,2 41335  98.6232 250.4198 0001386  94.0670 266.0669 14.26739279436054
2024-07-02T04:08:04.640352+00:00,1 41335U 16011A   24184.17227593  .00000257  00000-0  12424-3 0  9990,2 41335  98.6231 250.7654 0001379  93.8677 266.2661 14.26739461436102
2024-07-02T12:33:00.680256+00:00,1 41335U 16011A   24184.52292454  .00000249  00000-0  12077-3 0  9992,2 41335  98.6232 251.1110 0001379  93.8029 266.3309 14.26739672436155
2024-07-02T14:13:59.888064+00:00,1 41335U 16011A   24184.59305426  .00000246  00000-0  11975-3 0  9996,2 41335  98.6232 251.1801 0001377  93.8077 266.3261 14.26739718436162
2024-07-02T19:16:57.512352+00:00,1 41335U 16011A   24184.80344343  .00000240  00000-0  11711-3 0  9993,2 41335  98.6232 251.3874 0001376  93.7348 266.3990 14.26739821436190
2024-07-02T20:57:56.721024+00:00,1 41335U 16011A   24184.87357316  .00000247  00000-0  12022-3 0  9997,2 41335  98.6231 251.4565 0001374  93.7112 266.4226 14.26739890436205
2024-07-03T03:41:53.550528+00:00,1 41335U 16011A   24185.15409202  .00000235  00000-0  11515-3 0  9994,2 41335  98.6231 251.7330 0001372  93.7454 266.3883 14.26740011436244
2024-07-03T12:06:49.582656+00:00,1 41335U 16011A   24185.50474054  .00000230  00000-0  11324-3 0  9993,2 41335  98.6232 252.0785 0001373  93.5500 266.5838 14.26740206436297
2024-07-03T20:31:45.615648+00:00,1 41335U 16011A   24185.85538907  .00000216  00000-0  10741-3 0  9995,2 41335  98.6232 252.4241 0001367  93.4675 266.6662 14.26740355436340
2024-07-03T22:12:44.821728+00:00,1 41335U 16011A   24185.92551877  .00000217  00000-0  10770-3 0  9997,2 41335  98.6231 252.4932 0001369  93.4288 266.7049 14.26740400436350
2024-07-04T04:56:41.639136+00:00,1 41335U 16011A   24186.20603749  .00000212  00000-0  10580-3 0  9999,2 41335  98.6231 252.7696 0001366  93.2562 266.8775 14.26740562436390
2024-07-04T11:40:38.456544+00:00,1 41335U 16011A   24186.48655621  .00000205  00000-0  10286-3 0  9990,2 41335  98.6232 253.0460 0001368  93.1385 266.9952 14.26740695436438
2024-07-04T13:21:37.660896+00:00,1 41335U 16011A   24186.55668589  .00000204  00000-0  10215-3 0  9996,2 41335  98.6232 253.1151 0001367  93.1432 266.9905 14.26740735436442
2024-07-04T20:05:34.474848+00:00,1 41335U 16011A   24186.83720457  .00000218  00000-0  10798-3 0  9991,2 41335  98.6232 253.3916 0001366  92.9830 267.1507 14.26740961436487
2024-07-04T21:46:33.678336+00:00,1 41335U 16011A   24186.90733424  .00000215  00000-0  10706-3 0  9993,2 41335  98.6232 253.4607 0001366  92.9493 267.1843 14.26740988436493
2024-07-05T04:30:30.488832+00:00,1 41335U 16011A   24187.18785288  .00000213  00000-0  10583-3 0  9990,2 41335  98.6231 253.7371 0001363  92.9048 267.2289 14.26741148436535
2024-07-05T11:14:27.295872+00:00,1 41335U 16011A   24187.46837148  .00000222  00000-0  10979-3 0  9993,2 41335  98.6232 254.0136 0001364  92.8462 267.2875 14.26741358436577
2024-07-05T14:36:25.698528+00:00,1 41335U 16011A   24187.60863077  .00000220  00000-0  10874-3 0  9991,2 41335  98.6232 254.1518 0001361  92.8458 267.2878 14.26741437436597
2024-07-05T19:39:23.304672+00:00,1 41335U 16011A   24187.81901973  .00000222  00000-0  10991-3 0  9994,2 41335  98.6231 254.3591 0001362  92.7120 267.4216 14.26741562436626
2024-07-05T21:20:22.506432+00:00,1 41335U 16011A   24187.88914938  .00000221  00000-0  10931-3 0  9999,2 41335  98.6231 254.4282 0001362  92.6568 267.4768 14.26741585436637
2024-07-06T04:04:19.307424+00:00,1 41335U 16011A   24188.16966791  .00000217  00000-0  10753-3 0  9992,2 41335  98.6231 254.7046 0001355  92.6712 267.4624 14.26741724436671
2024-07-06T12:29:15.304128+00:00,1 41335U 16011A   24188.52031602  .00000185  00000-0  94319-4 0  9991,2 41335  98.6231 255.0502 0001352  92.5699 267.5636 14.26741760436722
2024-07-06T14:10:14.503296+00:00,1 41335U 16011A   24188.59044564  .00000182  00000-0  93073-4 0  9992,2 41335  98.6231 255.1193 0001351  92.5909 267.5426 14.26741796436739
2024-07-06T19:13:12.099936+00:00,1 41335U 16011A   24188.80083449  .00000189  00000-0  95935-4 0  9997,2 41335  98.6231 255.3266 0001350  92.5215 267.6120 14.26741954436762
2024-07-06T20:54:11.298240+00:00,1 41335U 16011A   24188.87096410  .00000188  00000-0  95538-4 0  9994,2 41335  98.6231 255.3957 0001352  92.5035 267.6300 14.26741986436777
2024-07-07T03:38:08.088864+00:00,1 41335U 16011A   24189.15148251  .00000194  00000-0  98279-4 0  9999,2 41335  98.6231 255.6722 0001350  92.5700 267.5635 14.26742176436814
2024-07-07T12:03:04.075200+00:00,1 41335U 16011A   24189.50213050  .00000211  00000-0  10538-3 0  9999,2 41335  98.6231 256.0177 0001351  92.4153 267.7182 14.26742441436864
2024-07-07T13:44:03.271776+00:00,1 41335U 16011A   24189.57226009  .00000208  00000-0  10381-3 0  9996,2 41335  98.6231 256.0868 0001349  92.4895 267.6440 14.26742477436877
2024-07-07T20:28:00.060672+00:00,1 41335U 16011A   24189.85277848  .00000214  00000-0  10625-3 0  9992,2 41335  98.6231 256.3632 0001348  92.4200 267.7134 14.26742652436919
2024-07-07T22:08:59.257248+00:00,1 41335U 16011A   24189.92290807  .00000216  00000-0  10735-3 0  9994,2 41335  98.6230 256.4323 0001350  92.3756 267.7579 14.26742694436924
2024-07-08T11:36:52.819488+00:00,1 41335U 16011A   24190.48394467  .00000208  00000-0  10394-3 0  9996,2 41335  98.6230 256.9852 0001350  92.2782 267.8553 14.26742970437004
2024-07-08T13:17:52.014336+00:00,1 41335U 16011A   24190.55407424  .00000205  00000-0  10253-3 0  9993,2 41335  98.6230 257.0543 0001349  92.2747 267.8588 14.26743003437019
2024-07-08T20:01:48.791136+00:00,1 41335U 16011A   24190.83459249  .00000210  00000-0  10496-3 0  9991,2 41335  98.6230 257.3307 0001347  92.1870 267.9464 14.26743191437050
2024-07-08T21:42:47.985984+00:00,1 41335U 16011A   24190.90472206  .00000209  00000-0  10433-3 0  9996,2 41335  98.6230 257.3998 0001348  92.1215 268.0120 14.26743216437060
2024-07-09T04:26:44.762784+00:00,1 41335U 16011A   24191.18524031  .00000192  00000-0  97428-4 0  9992,2 41335  98.6229 257.6763 0001346  92.0987 268.0348 14.26743278437109
2024-07-09T12:51:40.725792+00:00,1 41335U 16011A   24191.53588803  .00000195  00000-0  98522-4 0  9997,2 41335  98.6229 258.0218 0001348  92.0948 268.0386 14.26743486437156
2024-07-09T14:32:39.918048+00:00,1 41335U 16011A   24191.60601757  .00000192  00000-0  97506-4 0  9997,2 41335  98.6229 258.0909 0001346  92.1206 268.0129 14.26743522437166
2024-07-09T19:35:37.494816+00:00,1 41335U 16011A   24191.81640619  .00000190  00000-0  96480-4 0  9998,2 41335  98.6229 258.2982 0001344  92.0674 268.0660 14.26743618437194
2024-07-09T21:16:36.686208+00:00,1 41335U 16011A   24191.88653572  .00000191  00000-0  96917-4 0  9993,2 41335  98.6229 258.3673 0001344  92.0045 268.1289 14.26743652437202
2024-07-10T04:00:33.452640+00:00,1 41335U 16011A   24192.16705385  .00000195  00000-0  98489-4 0  9995,2 41335  98.6228 258.6437 0001342  92.0452 268.0882 14.26743825437246
2024-07-10T09:03:31.024224+00:00,1 41335U 16011A   24192.37744241  .00000200  00000-0  10056-3 0  9992,2 41335  98.6228 258.8511 0001341  91.8879 268.2455 14.26743943437272
2024-07-10T09:03:31.024224+00:00,1 41335U 16011A   24192.37744241  .00000200  00000-0  10056-3 0  9992,2 41335  98.6228 258.8511 0001341  91.8879 268.2455 14.26743943437272
2024-07-11T13:40:18.078816+00:00,1 41335U 16011A   24193.56965369  .00000165  00000-0  86238-4 0  9996,2 41335  98.6227 260.0258 0001316  89.1083 271.0248 14.26733554437441
2024-07-11T15:21:17.313408+00:00,1 41335U 16011A   24193.63978372  .00000164  00000-0  85984-4 0  9998,2 41335  98.6227 260.0949 0001318  89.0949 271.0383 14.26733587437457
2024-07-11T15:21:17.313408+00:00,1 41335U 16011A   24193.63978372  .00000164  00000-0  85984-4 0  9998,2 41335  98.6227 260.0949 0001318  89.0949 271.0383 14.26733587437457
2024-07-12T04:49:11.182368+00:00,1 41335U 16011A   24194.20082387  .00000219  00000-0  10864-3 0  9999,2 41335  98.6227 260.6477 0001311  88.9593 271.1737 14.26734038437530
2024-07-12T11:33:08.116416+00:00,1 41335U 16011A   24194.48134394  .00000224  00000-0  11060-3 0  9990,2 41335  98.6227 260.9242 0001312  89.1416 270.9914 14.26734220437572
2024-07-12T13:14:07.349280+00:00,1 41335U 16011A   24194.55147395  .00000215  00000-0  10703-3 0  9996,2 41335  98.6227 260.9933 0001310  89.1645 270.9686 14.26734239437588
2024-07-12T19:58:04.276416+00:00,1 41335U 16011A   24194.83199394  .00000204  00000-0  10220-3 0  9995,2 41335  98.6226 261.2697 0001305  89.1139 271.0191 14.26734326437625
2024-07-12T21:39:03.510144+00:00,1 41335U 16011A   24194.90212396  .00000208  00000-0  10377-3 0  9998,2 41335  98.6226 261.3388 0001309  88.9185 271.2145 14.26734359437633
2024-07-13T04:23:00.433824+00:00,1 41335U 16011A   24195.18264391  .00000229  00000-0  11271-3 0  9998,2 41335  98.6226 261.6152 0001302  88.9018 271.2312 14.26734598437678
2024-07-13T12:47:56.583456+00:00,1 41335U 16011A   24195.53329379  .00000245  00000-0  11927-3 0  9991,2 41335  98.6226 261.9608 0001300  88.8130 271.3200 14.26734870437725
2024-07-13T14:28:55.812000+00:00,1 41335U 16011A   24195.60342375  .00000243  00000-0  11845-3 0  9997,2 41335  98.6226 262.0299 0001298  88.8365 271.2964 14.26734911437732
2024-07-13T19:31:53.499360+00:00,1 41335U 16011A   24195.81381365  .00000271  00000-0  13004-3 0  9992,2 41335  98.6226 262.2372 0001292  88.7771 271.3557 14.26735177437767
2024-07-13T21:12:52.727904+00:00,1 41335U 16011A   24195.88394361  .00000273  00000-0  13070-3 0  9994,2 41335  98.6226 262.3063 0001291  88.7097 271.4231 14.26735219437773
2024-07-14T03:56:49.645536+00:00,1 41335U 16011A   24196.16446349  .00000276  00000-0  13206-3 0  9994,2 41335  98.6225 262.5827 0001289  88.7702 271.3626 14.26735365437816
2024-07-14T12:21:45.782208+00:00,1 41335U 16011A   24196.51511322  .00000271  00000-0  12981-3 0  9991,2 41335  98.6226 262.9282 0001288  88.6800 271.4528 14.26735554437860
2024-07-14T20:46:41.912832+00:00,1 41335U 16011A   24196.86576288  .00000265  00000-0  12737-3 0  9993,2 41335  98.6225 263.2737 0001280  88.6017 271.5310 14.26735748437911
2024-07-14T22:27:41.137056+00:00,1 41335U 16011A   24196.93589279  .00000275  00000-0  13155-3 0  9991,2 41335  98.6225 263.3428 0001285  88.7516 271.3812 14.26735832437929
2024-07-15T03:30:38.812320+00:00,1 41335U 16011A   24197.14628255  .00000275  00000-0  13159-3 0  9997,2 41335  98.6225 263.5501 0001279  88.6922 271.4405 14.26735985437957
2024-07-15T11:55:34.949856+00:00,1 41335U 16011A   24197.49693229  .00000282  00000-0  13445-3 0  9994,2 41335  98.6225 263.8956 0001281  88.5791 271.5536 14.26736194438006
2024-07-15T13:36:34.174080+00:00,1 41335U 16011A   24197.56706220  .00000278  00000-0  13302-3 0  9995,2 41335  98.6225 263.9647 0001279  88.5968 271.5359 14.26736230438012
2024-07-15T20:20:31.070112+00:00,1 41335U 16011A   24197.84758183  .00000223  00000-0  11008-3 0  9992,2 41335  98.6225 264.2411 0001276  88.4956 271.6371 14.26736108438051
2024-07-15T22:01:30.292608+00:00,1 41335U 16011A   24197.91771172  .00000230  00000-0  11293-3 0  9997,2 41335  98.6225 264.3102 0001277  88.4777 271.6549 14.26736171438069
2024-07-16T04:45:27.177408+00:00,1 41335U 16011A   24198.19823122  .00000255  00000-0  12353-3 0  9996,2 41335  98.6225 264.5866 0001273  88.4027 271.7299 14.26736508438104
2024-07-16T11:29:24.064800+00:00,1 41335U 16011A   24198.47875075  .00000257  00000-0  12431-3 0  9990,2 41335  98.6225 264.8630 0001276  88.3293 271.8033 14.26736677438141
2024-07-16T13:10:23.286432+00:00,1 41335U 16011A   24198.54888063  .00000257  00000-0  12421-3 0  9998,2 41335  98.6225 264.9321 0001275  88.3297 271.8030 14.26736724438153
2024-07-16T21:35:19.387680+00:00,1 41335U 16011A   24198.89952995  .00000263  00000-0  12671-3 0  9996,2 41335  98.6225 265.2777 0001270  88.2652 271.8674 14.26736977438201
2024-07-17T04:19:16.271616+00:00,1 41335U 16011A   24199.18004944  .00000268  00000-0  12857-3 0  9992,2 41335  98.6225 265.5541 0001264  88.2842 271.8483 14.26737179438244
2024-07-17T11:03:13.143456+00:00,1 41335U 16011A   24199.46056879  .00000386  00000-0  17749-3 0  9993,2 41335  98.6225 265.8305 0001265  88.0151 272.1175 14.26737984438287
2024-07-17T12:44:12.359904+00:00,1 41335U 16011A   24199.53069861  .00000385  00000-0  17694-3 0  9994,2 41335  98.6225 265.8996 0001262  88.0374 272.0951 14.26738037438299
2024-07-17T19:28:09.226560+00:00,1 41335U 16011A   24199.81121790  .00000380  00000-0  17509-3 0  9995,2 41335  98.6225 266.1760 0001257  88.0368 272.0956 14.26738227438330
2024-07-17T21:09:08.446464+00:00,1 41335U 16011A   24199.88134776  .00000364  00000-0  16841-3 0  9990,2 41335  98.6224 266.2451 0001256  88.1008 272.0316 14.26738174438340
2024-07-18T03:53:05.312256+00:00,1 41335U 16011A   24200.16186704  .00000378  00000-0  17423-3 0  9994,2 41335  98.6224 266.5215 0001251  88.0383 272.0941 14.26738449438384
2024-07-18T12:18:01.388448+00:00,1 41335U 16011A   24200.51251607  .00000391  00000-0  17961-3 0  9990,2 41335  98.6224 266.8670 0001252  88.0154 272.1170 14.26738775438432
2024-07-18T13:59:00.602304+00:00,1 41335U 16011A   24200.58264586  .00000389  00000-0  17885-3 0  9999,2 41335  98.6224 266.9361 0001250  88.0534 272.0790 14.26738831438441
2024-07-18T20:42:57.458592+00:00,1 41335U 16011A   24200.86316503  .00000394  00000-0  18078-3 0  9998,2 41335  98.6224 267.2125 0001245  87.9196 272.2127 14.26739046438488
2024-07-18T22:23:56.669856+00:00,1 41335U 16011A   24200.93329479  .00000401  00000-0  18357-3 0  9991,2 41335  98.6224 267.2816 0001248  87.8755 272.2568 14.26739137438499
2024-07-19T03:26:54.303648+00:00,1 41335U 16011A   24201.14368407  .00000409  00000-0  18719-3 0  9999,2 41335  98.6224 267.4889 0001243  87.9437 272.1886 14.26739363438521
2024-07-19T11:51:50.368608+00:00,1 41335U 16011A   24201.49433297  .00000329  00000-0  15404-3 0  9996,2 41335  98.6224 267.8345 0001242  88.0401 272.0921 14.26739157438579
2024-07-19T13:32:49.579872+00:00,1 41335U 16011A   24201.56446273  .00000327  00000-0  15298-3 0  9991,2 41335  98.6224 267.9036 0001241  88.0713 272.0609 14.26739204438589
2024-07-19T20:16:46.418016+00:00,1 41335U 16011A   24201.84498169  .00000335  00000-0  15627-3 0  9998,2 41335  98.6224 268.1800 0001237  87.9588 272.1734 14.26739460438623
2024-07-19T21:57:45.628416+00:00,1 41335U 16011A   24201.91511144  .00000332  00000-0  15519-3 0  9992,2 41335  98.6224 268.2491 0001237  88.0016 272.1306 14.26739500438639
2024-07-20T04:41:42.464832+00:00,1 41335U 16011A   24202.19563038  .00000338  00000-0  15777-3 0  9994,2 41335  98.6224 268.5254 0001233  87.9208 272.2113 14.26739759438673
2024-07-20T11:25:39.295200+00:00,1 41335U 16011A   24202.47614925  .00000387  00000-0  17799-3 0  9997,2 41335  98.6224 268.8019 0001233  87.9259 272.2063 14.26740220438715
2024-07-20T14:47:37.708224+00:00,1 41335U 16011A   24202.61640866  .00000385  00000-0  17716-3 0  9993,2 41335  98.6224 268.9401 0001230  87.9453 272.1868 14.26740338438738
2024-07-20T19:50:35.330784+00:00,1 41335U 16011A   24202.82679781  .00000379  00000-0  17442-3 0  9993,2 41335  98.6224 269.1474 0001227  87.8676 272.2645 14.26740467438763
2024-07-20T21:31:34.536000+00:00,1 41335U 16011A   24202.89692750  .00000378  00000-0  17421-3 0  9997,2 41335  98.6223 269.2165 0001225  87.8901 272.2420 14.26740520438771
2024-07-21T04:15:31.356000+00:00,1 41335U 16011A   24203.17744625  .00000369  00000-0  17041-3 0  9996,2 41335  98.6223 269.4929 0001218  87.8931 272.2389 14.26740711438817
2024-07-21T12:40:27.377760+00:00,1 41335U 16011A   24203.52809465  .00000398  00000-0  18252-3 0  9996,2 41335  98.6223 269.8384 0001217  87.9753 272.1567 14.26741142438869
2024-07-21T14:21:26.580384+00:00,1 41335U 16011A   24203.59822431  .00000397  00000-0  18212-3 0  9996,2 41335  98.6223 269.9075 0001215  87.9731 272.1589 14.26741205438876
2024-07-21T19:24:24.190848+00:00,1 41335U 16011A   24203.80861332  .00000398  00000-0  18257-3 0  9993,2 41335  98.6223 270.1148 0001211  87.9334 272.1985 14.26741379438902
2024-07-21T21:05:23.392608+00:00,1 41335U 16011A   24203.87874297  .00000401  00000-0  18366-3 0  9990,2 41335  98.6223 270.1839 0001209  87.9086 272.2232 14.26741443438919
2024-07-22T03:49:20.197056+00:00,1 41335U 16011A   24204.15926154  .00000386  00000-0  17744-3 0  9993,2 41335  98.6223 270.4603 0001205  87.9639 272.1680 14.26741612438959
2024-07-22T12:14:16.198080+00:00,1 41335U 16011A   24204.50990970  .00000415  00000-0  18939-3 0  9999,2 41335  98.6223 270.8058 0001206  87.8414 272.2904 14.26742042439003
2024-07-22T13:55:15.397248+00:00,1 41335U 16011A   24204.58003932  .00000414  00000-0  18914-3 0  9992,2 41335  98.6223 270.8749 0001204  87.8769 272.2549 14.26742115439018
2024-07-22T18:58:12.999936+00:00,1 41335U 16011A   24204.79042824  .00000405  00000-0  18544-3 0  9997,2 41335  98.6223 271.0822 0001204  87.5918 272.5400 14.26742242439049
2024-07-22T22:20:11.397408+00:00,1 41335U 16011A   24204.93068747  .00000408  00000-0  18649-3 0  9994,2 41335  98.6222 271.2203 0001204  87.5561 272.5757 14.26742364439069
2024-07-23T03:23:08.989728+00:00,1 41335U 16011A   24205.14107627  .00000410  00000-0  18736-3 0  9999,2 41335  98.6222 271.4276 0001200  87.5462 272.5855 14.26742572439090
2024-07-23T11:48:04.982976+00:00,1 41335U 16011A   24205.49172434  .00000426  00000-0  19395-3 0  9994,2 41335  98.6222 271.7731 0001200  87.5392 272.5926 14.26742908439149
2024-07-23T15:10:03.374400+00:00,1 41335U 16011A   24205.63198350  .00000416  00000-0  19004-3 0  9991,2 41335  98.6222 271.9113 0001199  87.5196 272.6121 14.26743016439165
2024-07-23T20:13:00.965856+00:00,1 41335U 16011A   24205.84237229  .00000412  00000-0  18834-3 0  9999,2 41335  98.6222 272.1186 0001197  87.4261 272.7057 14.26743137439194
2024-07-23T21:54:00.160704+00:00,1 41335U 16011A   24205.91250186  .00000408  00000-0  18677-3 0  9994,2 41335  98.6222 272.1877 0001197  87.4610 272.6708 14.26743184439205
2024-07-24T04:37:56.946144+00:00,1 41335U 16011A   24206.19302021  .00000367  00000-0  16983-3 0  9993,2 41335  98.6221 272.4641 0001194  87.7129 272.4188 14.26743206439240
2024-07-24T11:21:53.726400+00:00,1 41335U 16011A   24206.47353850  .00000373  00000-0  17200-3 0  9990,2 41335  98.6221 272.7405 0001194  87.8363 272.2954 14.26743403439284
2024-07-24T13:02:52.919520+00:00,1 41335U 16011A   24206.54366805  .00000371  00000-0  17123-3 0  9994,2 41335  98.6221 272.8096 0001192  87.8386 272.2931 14.26743460439293
2024-07-24T18:05:50.498016+00:00,1 41335U 16011A   24206.75405669  .00000369  00000-0  17030-3 0  9993,2 41335  98.6221 273.0169 0001190  87.7994 272.3322 14.26743627439323
2024-07-24T21:27:48.891168+00:00,1 41335U 16011A   24206.89431587  .00000348  00000-0  16184-3 0  9992,2 41335  98.6220 273.1550 0001188  87.9004 272.2313 14.26743598439346
2024-07-25T04:11:45.665376+00:00,1 41335U 16011A   24207.17483409  .00000321  00000-0  15076-3 0  9994,2 41335  98.6220 273.4314 0001183  88.2006 271.9309 14.26743691439387
2024-07-25T05:52:44.856768+00:00,1 41335U 16011A   24207.24496362  .00000331  00000-0  15473-3 0  9996,2 41335  98.6220 273.5005 0001181  88.0313 272.1002 14.26743771439395
2024-07-25T09:14:43.236960+00:00,1 41335U 16011A   24207.38522265  .00000343  00000-0  15954-3 0  9990,2 41335  98.6220 273.6387 0001178  88.0147 272.1168 14.26743919439410
2024-07-25T21:01:37.913664+00:00,1 41335U 16011A   24207.87613326  .00000311  00000-0  14657-3 0  9997,2 41335  98.6220 274.1225 0001186  86.2357 273.8959 14.26733817439488
2024-07-26T03:45:34.834752+00:00,1 41335U 16011A   24208.15665318  .00000336  00000-0  15686-3 0  9997,2 41335  98.6219 274.3988 0001180  85.6618 274.4697 14.26734231439523
2024-07-26T12:10:30.988704+00:00,1 41335U 16011A   24208.50730311  .00000358  00000-0  16593-3 0  9994,2 41335  98.6219 274.7443 0001179  85.6477 274.4839 14.26734446439575
2024-07-26T13:51:30.219840+00:00,1 41335U 16011A   24208.57743310  .00000302  00000-0  14272-3 0  9995,2 41335  98.6219 274.8134 0001173  85.7072 274.4242 14.26734439439580
2024-07-26T20:35:27.142656+00:00,1 41335U 16011A   24208.85795304  .00000264  00000-0  12711-3 0  9999,2 41335  98.6219 275.0898 0001171  85.6480 274.4834 14.26734560439627
2024-07-26T22:16:26.372928+00:00,1 41335U 16011A   24208.92808302  .00000256  00000-0  12363-3 0  9994,2 41335  98.6219 275.1589 0001170  85.6580 274.4734 14.26734590439638
2024-07-27T03:19:24.064608+00:00,1 41335U 16011A   24209.13847297  .00000261  00000-0  12576-3 0  9996,2 41335  98.6218 275.3662 0001163  85.6394 274.4919 14.26734730439660
2024-07-27T05:00:23.294016+00:00,1 41335U 16011A   24209.20860294  .00000255  00000-0  12333-3 0  9990,2 41335  98.6218 275.4353 0001164  85.6086 274.5227 14.26734767439671
2024-07-27T10:03:20.985696+00:00,1 41335U 16011A   24209.41899289  .00000226  00000-0  11123-3 0  9993,2 41335  98.6218 275.6426 0001167  85.5626 274.5688 14.26734823439704
2024-07-27T11:44:20.209920+00:00,1 41335U 16011A   24209.48912280  .00000224  00000-0  11069-3 0  9994,2 41335  98.6218 275.7117 0001165  85.5979 274.5334 14.26734870439712
2024-07-27T21:50:15.584640+00:00,1 41335U 16011A   24209.90990260  .00000235  00000-0  11531-3 0  9991,2 41335  98.6218 276.1262 0001160  85.5246 274.6067 14.26735180439775
2024-07-28T04:34:12.506592+00:00,1 41335U 16011A   24210.19042253  .00000224  00000-0  11041-3 0  9998,2 41335  98.6217 276.4026 0001154  85.6318 274.4995 14.26735274439816
2024-07-28T11:18:09.408672+00:00,1 41335U 16011A   24210.47094223  .00000224  00000-0  11039-3 0  9990,2 41335  98.6217 276.6790 0001153  85.6990 274.4322 14.26735463439859
2024-07-28T19:43:05.541888+00:00,1 41335U 16011A   24210.82159192  .00000244  00000-0  11867-3 0  9997,2 41335  98.6217 277.0245 0001145  85.7434 274.3877 14.26735776439901
2024-07-28T21:24:04.767840+00:00,1 41335U 16011A   24210.89172185  .00000241  00000-0  11777-3 0  9998,2 41335  98.6217 277.0935 0001142  85.6977 274.4334 14.26735807439910
2024-07-29T04:08:01.668192+00:00,1 41335U 16011A   24211.17224153  .00000246  00000-0  11953-3 0  9994,2 41335  98.6216 277.3699 0001136  85.8424 274.2886 14.26736011439953
2024-07-29T10:51:58.569408+00:00,1 41335U 16011A   24211.45276122  .00000251  00000-0  12191-3 0  9999,2 41335  98.6216 277.6463 0001133  85.8820 274.2490 14.26736194439999
2024-07-29T12:32:57.793632+00:00,1 41335U 16011A   24211.52289113  .00000251  00000-0  12173-3 0  9991,2 41335  98.6216 277.7154 0001131  85.9261 274.2048 14.26736239440008
2024-07-29T20:57:53.913888+00:00,1 41335U 16011A   24211.87354067  .00000257  00000-0  12422-3 0  9993,2 41335  98.6216 278.0609 0001127  85.8771 274.2538 14.26736440440050
2024-07-30T03:41:50.803872+00:00,1 41335U 16011A   24212.15406023  .00000267  00000-0  12821-3 0  9999,2 41335  98.6215 278.3373 0001123  86.0125 274.1184 14.26736664440090
2024-07-30T12:06:46.898208+00:00,1 41335U 16011A   24212.50470947  .00000309  00000-0  14555-3 0  9997,2 41335  98.6216 278.6827 0001124  85.9165 274.2143 14.26737137440149
2024-07-30T13:47:46.118976+00:00,1 41335U 16011A   24212.57483934  .00000308  00000-0  14519-3 0  9993,2 41335  98.6216 278.7518 0001122  85.9495 274.1814 14.26737187440151
2024-07-30T20:31:43.015008+00:00,1 41335U 16011A   24212.85535897  .00000299  00000-0  14148-3 0  9997,2 41335  98.6215 279.0282 0001121  86.0104 274.1204 14.26737255440193
2024-07-30T22:12:42.234912+00:00,1 41335U 16011A   24212.92548883  .00000302  00000-0  14277-3 0  9992,2 41335  98.6215 279.0973 0001120  86.0298 274.1011 14.26737306440208
2024-07-31T03:15:39.892032+00:00,1 41335U 16011A   24213.13587838  .00000307  00000-0  14499-3 0  9990,2 41335  98.6215 279.3045 0001115  86.1340 273.9968 14.26737476440233
2024-07-31T13:21:35.227872+00:00,1 41335U 16011A   24213.55665773  .00000260  00000-0  12564-3 0  9990,2 41335  98.6215 279.7191 0001113  86.1959 273.9349 14.26737411440291
2024-07-31T21:46:31.311840+00:00,1 41335U 16011A   24213.90730685  .00000294  00000-0  13956-3 0  9997,2 41335  98.6215 280.0646 0001109  86.1490 273.9817 14.26737817440342
2024-08-01T04:30:28.176768+00:00,1 41335U 16011A   24214.18782612  .00000304  00000-0  14380-3 0  9999,2 41335  98.6215 280.3410 0001105  86.1880 273.9427 14.26738071440387
2024-08-01T14:36:23.502240+00:00,1 41335U 16011A   24214.60860535  .00000278  00000-0  13275-3 0  9999,2 41335  98.6215 280.7555 0001097  86.4736 273.6569 14.26738074440448
2024-08-01T19:39:21.140352+00:00,1 41335U 16011A   24214.81899468  .00000259  00000-0  12522-3 0  9992,2 41335  98.6215 280.9628 0001094  86.5338 273.5968 14.26738129440473
2024-08-01T21:20:20.356800+00:00,1 41335U 16011A   24214.88912450  .00000258  00000-0  12472-3 0  9999,2 41335  98.6214 281.0318 0001091  86.5083 273.6222 14.26738162440486
2024-08-02T02:23:18.001824+00:00,1 41335U 16011A   24215.09951391  .00000259  00000-0  12500-3 0  9993,2 41335  98.6214 281.2391 0001087  86.6705 273.4600 14.26738297440517
2024-08-02T12:29:13.300512+00:00,1 41335U 16011A   24215.52029283  .00000302  00000-0  14283-3 0  9996,2 41335  98.6214 281.6537 0001082  86.7881 273.3423 14.26738738440572
2024-08-02T14:10:12.513504+00:00,1 41335U 16011A   24215.59042261  .00000303  00000-0  14333-3 0  9991,2 41335  98.6214 281.7228 0001080  86.8543 273.2761 14.26738793440580
2024-08-02T19:13:10.153344+00:00,1 41335U 16011A   24215.80081196  .00000305  00000-0  14390-3 0  9990,2 41335  98.6214 281.9300 0001077  86.7854 273.3449 14.26738923440616
2024-08-02T22:35:08.570688+00:00,1 41335U 16011A   24215.94107142  .00000288  00000-0  13686-3 0  9992,2 41335  98.6214 282.0682 0001075  87.1298 273.0005 14.26738957440630
2024-08-03T05:19:05.425248+00:00,1 41335U 16011A   24216.22159057  .00000282  00000-0  13454-3 0  9993,2 41335  98.6214 282.3446 0001069  87.1999 272.9304 14.26739094440679
2024-08-03T12:03:02.274624+00:00,1 41335U 16011A   24216.50210966  .00000285  00000-0  13562-3 0  9994,2 41335  98.6214 282.6209 0001069  87.1238 273.0065 14.26739271440713
2024-08-03T13:44:01.485888+00:00,1 41335U 16011A   24216.57223942  .00000283  00000-0  13507-3 0  9996,2 41335  98.6214 282.6900 0001068  87.1480 272.9822 14.26739318440721
2024-08-03T20:27:58.321440+00:00,1 41335U 16011A   24216.85275835  .00000293  00000-0  13890-3 0  9991,2 41335  98.6214 282.9664 0001065  87.1190 273.0112 14.26739560440763
2024-08-03T22:08:57.530112+00:00,1 41335U 16011A   24216.92288808  .00000292  00000-0  13848-3 0  9995,2 41335  98.6213 283.0355 0001064  87.3113 272.8189 14.26739607440771
2024-08-04T04:52:54.371712+00:00,1 41335U 16011A   24217.20340708  .00000299  00000-0  14173-3 0  9994,2 41335  98.6213 283.3118 0001062  87.3021 272.8280 14.26739815440815
2024-08-04T11:36:51.204672+00:00,1 41335U 16011A   24217.48392598  .00000318  00000-0  14958-3 0  9991,2 41335  98.6213 283.5882 0001064  87.3175 272.8127 14.26740103440853
2024-08-04T13:17:50.412480+00:00,1 41335U 16011A   24217.55405570  .00000319  00000-0  14994-3 0  9995,2 41335  98.6213 283.6573 0001064  87.3668 272.7635 14.26740159440863
2024-08-04T20:01:47.181504+00:00,1 41335U 16011A   24217.83457386  .00000449  00000-0  20369-3 0  9995,2 41335  98.6213 283.9336 0001063  87.3703 272.7599 14.26741239440906
2024-08-04T21:42:46.384128+00:00,1 41335U 16011A   24217.90470352  .00000449  00000-0  20342-3 0  9992,2 41335  98.6212 284.0027 0001063  87.4919 272.6383 14.26741291440913
2024-08-05T04:26:43.267200+00:00,1 41335U 16011A   24218.18522300  .00000362  00000-0  16752-3 0  9998,2 41335  98.6212 284.2791 0001060  87.5473 272.5829 14.26740828440959
2024-08-05T11:10:40.083744+00:00,1 41335U 16011A   24218.46574171  .00000366  00000-0  16919-3 0  9991,2 41335  98.6212 284.5554 0001060  87.7537 272.3765 14.26741053440994
2024-08-05T19:35:36.101184+00:00,1 41335U 16011A   24218.81639006  .00000306  00000-0  14459-3 0  9990,2 41335  98.6211 284.9009 0001055  88.0046 272.1256 14.26741016441044
2024-08-05T21:16:35.302944+00:00,1 41335U 16011A   24218.88651971  .00000306  00000-0  14429-3 0  9999,2 41335  98.6211 284.9700 0001054  88.0544 272.0757 14.26741059441057
2024-08-06T04:00:32.112576+00:00,1 41335U 16011A   24219.16703834  .00000313  00000-0  14747-3 0  9998,2 41335  98.6211 285.2463 0001049  88.2947 271.8353 14.26741321441095
2024-08-06T12:25:28.120512+00:00,1 41335U 16011A   24219.51768658  .00000300  00000-0  14199-3 0  9999,2 41335  98.6211 285.5918 0001044  88.4228 271.7072 14.26741509441143
2024-08-06T14:06:27.320544+00:00,1 41335U 16011A   24219.58781621  .00000297  00000-0  14093-3 0  9999,2 41335  98.6210 285.6609 0001043  88.4990 271.6309 14.26741560441155
2024-08-06T19:09:24.918048+00:00,1 41335U 16011A   24219.79820507  .00000291  00000-0  13844-3 0  9996,2 41335  98.6210 285.8681 0001038  88.4599 271.6701 14.26741706441187
2024-08-06T22:31:23.315520+00:00,1 41335U 16011A   24219.93846430  .00000289  00000-0  13740-3 0  9997,2 41335  98.6210 286.0063 0001033  88.5647 271.5651 14.26741799441202
2024-08-07T01:53:21.712128+00:00,1 41335U 16011A   24220.07872352  .00000287  00000-0  13663-3 0  9998,2 41335  98.6209 286.1445 0001026  88.6135 271.5163 14.26741915441220
2024-08-07T06:56:19.308768+00:00,1 41335U 16011A   24220.28911237  .00000309  00000-0  14551-3 0  9999,2 41335  98.6209 286.3517 0001017  88.6737 271.4560 14.26742173441250
2024-08-07T06:56:19.308768+00:00,1 41335U 16011A   24220.28911237  .00000309  00000-0  14551-3 0  9999,2 41335  98.6209 286.3517 0001017  88.6737 271.4560 14.26742173441250
2024-08-07T20:24:13.103424+00:00,1 41335U 16011A   24220.85015166  .00000317  00000-0  14920-3 0  9997,2 41335  98.6210 286.9044 0001019  86.6484 273.4813 14.26736070441333
2024-08-07T20:24:13.103424+00:00,1 41335U 16011A   24220.85015166  .00000317  00000-0  14920-3 0  9997,2 41335  98.6210 286.9044 0001019  86.6484 273.4813 14.26736070441333
2024-08-08T13:14:05.311104+00:00,1 41335U 16011A   24221.55145036  .00000420  00000-0  19157-3 0  9997,2 41335  98.6209 287.5955 0001000  88.2268 271.9027 14.26737420441438
2024-08-08T19:58:02.184672+00:00,1 41335U 16011A   24221.83196973  .00000418  00000-0  19057-3 0  9990,2 41335  98.6208 287.8718 0001007  88.2191 271.9104 14.26737673441479
2024-08-08T21:39:01.405440+00:00,1 41335U 16011A   24221.90209960  .00000388  00000-0  17826-3 0  9997,2 41335  98.6208 287.9409 0001012  88.3464 271.7833 14.26737652441482
2024-08-09T04:22:58.288512+00:00,1 41335U 16011A   24222.18261908  .00000417  00000-0  19014-3 0  9992,2 41335  98.6207 288.2170 0001000  87.1867 272.9428 14.26738037441527
2024-08-09T11:06:55.159488+00:00,1 41335U 16011A   24222.46313842  .00000416  00000-0  19007-3 0  9999,2 41335  98.6206 288.4933 0000998  87.5296 272.5998 14.26738255441564
2024-08-09T14:28:53.590656+00:00,1 41335U 16011A   24222.60339804  .00000418  00000-0  19066-3 0  9998,2 41335  98.6206 288.6315 0000996  87.5935 272.5359 14.26738392441583
2024-08-09T19:31:51.235680+00:00,1 41335U 16011A   24222.81378745  .00000420  00000-0  19172-3 0  9999,2 41335  98.6206 288.8387 0000995  87.5234 272.6060 14.26738573441610
2024-08-09T21:12:50.436576+00:00,1 41335U 16011A   24222.88391709  .00000483  00000-0  21763-3 0  9999,2 41335  98.6206 288.9078 0000994  87.6936 272.4359 14.26739006441629
2024-08-10T03:56:47.292000+00:00,1 41335U 16011A   24223.16443625  .00000399  00000-0  18271-3 0  9992,2 41335  98.6205 289.1842 0000991  88.0862 272.0432 14.26738822441667
2024-08-10T12:21:43.331040+00:00,1 41335U 16011A   24223.51508485  .00000471  00000-0  21249-3 0  9997,2 41335  98.6205 289.5296 0000980  88.3534 271.7759 14.26739521441712
2024-08-10T14:02:42.541440+00:00,1 41335U 16011A   24223.58521460  .00000467  00000-0  21104-3 0  9997,2 41335  98.6205 289.5987 0000978  88.4210 271.7082 14.26739581441724
2024-08-10T19:05:40.171776+00:00,1 41335U 16011A   24223.79560384  .00000462  00000-0  20886-3 0  9999,2 41335  98.6204 289.8059 0000974  88.3621 271.7671 14.26739754441756
2024-08-10T22:27:38.574432+00:00,1 41335U 16011A   24223.93586313  .00000506  00000-0  22702-3 0  9993,2 41335  98.6204 289.9441 0000975  88.5009 271.6283 14.26740180441770
2024-08-11T01:49:36.986592+00:00,1 41335U 16011A   24224.07612253  .00000509  00000-0  22815-3 0  9990,2 41335  98.6204 290.0822 0000970  88.6293 271.4999 14.26740354441794
2024-08-11T11:55:32.210112+00:00,1 41335U 16011A   24224.49690058  .00000627  00000-0  27715-3 0  9990,2 41335  98.6204 290.4967 0000972  88.8771 271.2520 14.26741441441856
2024-08-11T20:20:28.218048+00:00,1 41335U 16011A   24224.84754882  .00000706  00000-0  30958-3 0  9996,2 41335  98.6203 290.8421 0000970  88.9606 271.1686 14.26742271441900
2024-08-11T22:01:27.416352+00:00,1 41335U 16011A   24224.91767843  .00000705  00000-0  30933-3 0  9997,2 41335  98.6203 290.9112 0000969  89.1030 271.0261 14.26742366441914
2024-08-12T04:45:24.228576+00:00,1 41335U 16011A   24225.19819709  .00000567  00000-0  25233-3 0  9990,2 41335  98.6203 291.1875 0000966  89.2939 270.8352 14.26741939441956
2024-08-12T11:29:20.928480+00:00,1 41335U 16011A   24225.47871445  .00000830  00000-0  36107-3 0  9991,2 41335  98.6203 291.4638 0000972  89.1909 270.9383 14.26743994441991
2024-08-12T14:51:19.311264+00:00,1 41335U 16011A   24225.61897351  .00000827  00000-0  35977-3 0  9991,2 41335  98.6202 291.6020 0000972  89.3553 270.7739 14.26744215442018
2024-08-12T18:13:17.687136+00:00,1 41335U 16011A   24225.75923249  .00000838  00000-0  36409-3 0  9995,2 41335  98.6202 291.7402 0000973  89.3356 270.7936 14.26744494442035
2024-08-12T21:35:15.996480+00:00,1 41335U 16011A   24225.89949070  .00001042  00000-0  44836-3 0  9991,2 41335  98.6202 291.8783 0000970  89.2797 270.8494 14.26746042442056
2024-08-13T04:19:12.883872+00:00,1 41335U 16011A   24226.18001023  .00000574  00000-0  25523-3 0  9992,2 41335  98.6202 292.1546 0000968  89.9790 270.1502 14.26743535442095
2024-08-13T11:03:09.603648+00:00,1 41335U 16011A   24226.46052782  .00000741  00000-0  32418-3 0  9998,2 41335  98.6202 292.4310 0000970  90.1471 269.9821 14.26744928442132
2024-08-13T14:25:07.976928+00:00,1 41335U 16011A   24226.60078677  .00000719  00000-0  31508-3 0  9999,2 41335  98.6201 292.5691 0000965  90.4619 269.6672 14.26745060442156
2024-08-13T19:28:05.538144+00:00,1 41335U 16011A   24226.81117521  .00000708  00000-0  31031-3 0  9993,2 41335  98.6201 292.7764 0000963  90.6253 269.5038 14.26745310442189
2024-08-13T22:50:03.904512+00:00,1 41335U 16011A   24226.95143408  .00000695  00000-0  30523-3 0  9991,2 41335  98.6201 292.9145 0000962  90.8615 269.2675 14.26745492442205
2024-08-14T03:53:01.451040+00:00,1 41335U 16011A   24227.16182235  .00000690  00000-0  30301-3 0  9995,2 41335  98.6201 293.1218 0000958  90.8152 269.3138 14.26745811442233
2024-08-14T05:34:00.609600+00:00,1 41335U 16011A   24227.23195150  .00000718  00000-0  31443-3 0  9992,2 41335  98.6201 293.1908 0000958  90.9177 269.2113 14.26746145442241
2024-08-14T12:17:57.352704+00:00,1 41335U 16011A   24227.51246936  .00000643  00000-0  28365-3 0  9998,2 41335  98.6201 293.4672 0000954  91.2956 268.8334 14.26746098442288
2024-08-14T13:58:56.532000+00:00,1 41335U 16011A   24227.58259875  .00000634  00000-0  27998-3 0  9992,2 41335  98.6201 293.5363 0000954  91.3854 268.7436 14.26746187442296
2024-08-14T17:20:54.883680+00:00,1 41335U 16011A   24227.72285745  .00000640  00000-0  28240-3 0  9991,2 41335  98.6201 293.6744 0000957  91.3397 268.7893 14.26746457442315
2024-08-14T17:20:54.883680+00:00,1 41335U 16011A   24227.72285745  .00000640  00000-0  28240-3 0  9991,2 41335  98.6201 293.6744 0000957  91.3397 268.7893 14.26746457442315
2024-08-15T13:32:45.694464+00:00,1 41335U 16011A   24228.56441776  .00000406  00000-0  18590-3 0  9999,2 41335  98.6200 294.5033 0000996  90.5431 269.5863 14.26733339442432
2024-08-15T20:16:42.631104+00:00,1 41335U 16011A   24228.84493786  .00000362  00000-0  16778-3 0  9995,2 41335  98.6200 294.7796 0000999  90.8080 269.3215 14.26733634442477
2024-08-15T21:57:41.863968+00:00,1 41335U 16011A   24228.91506787  .00000359  00000-0  16640-3 0  9993,2 41335  98.6200 294.8487 0000998  90.8759 269.2536 14.26733690442485
2024-08-16T04:41:38.789376+00:00,1 41335U 16011A   24229.19558784  .00000398  00000-0  18261-3 0  9992,2 41335  98.6199 295.1250 0000997  90.9119 269.2176 14.26734236442526
2024-08-16T11:25:35.704416+00:00,1 41335U 16011A   24229.47610769  .00000623  00000-0  27544-3 0  9990,2 41335  98.6199 295.4013 0000992  90.7215 269.4079 14.26734798442567
2024-08-16T13:06:34.929504+00:00,1 41335U 16011A   24229.54623761  .00000637  00000-0  28127-3 0  9997,2 41335  98.6199 295.4704 0000987  90.7524 269.3770 14.26735078442571
2024-08-16T19:50:31.848000+00:00,1 41335U 16011A   24229.82675750  .00000641  00000-0  28295-3 0  9994,2 41335  98.6199 295.7467 0000982  90.8461 269.2832 14.26735498442615
2024-08-16T21:31:31.073952+00:00,1 41335U 16011A   24229.89688743  .00000644  00000-0  28400-3 0  9998,2 41335  98.6199 295.8158 0000982  90.8469 269.2824 14.26735600442628
2024-08-17T04:15:27.988128+00:00,1 41335U 16011A   24230.17740727  .00000613  00000-0  27110-3 0  9995,2 41335  98.6198 296.0921 0000979  91.0222 269.1070 14.26735801442663
2024-08-17T10:59:24.868608+00:00,1 41335U 16011A   24230.45792672  .00000571  00000-0  25403-3 0  9998,2 41335  98.6198 296.3684 0000982  91.3913 268.7380 14.26736068442706
2024-08-17T12:40:24.091104+00:00,1 41335U 16011A   24230.52805661  .00000566  00000-0  25184-3 0  9999,2 41335  98.6198 296.4375 0000981  91.4615 268.6678 14.26736155442710
2024-08-17T19:24:20.975040+00:00,1 41335U 16011A   24230.80857610  .00000610  00000-0  27020-3 0  9992,2 41335  98.6198 296.7138 0000977  91.4813 268.6479 14.26736826442753
2024-08-17T21:05:20.194944+00:00,1 41335U 16011A   24230.87870596  .00000609  00000-0  26955-3 0  9991,2 41335  98.6198 296.7828 0000977  91.5006 268.6286 14.26736915442760
2024-08-18T03:49:17.073696+00:00,1 41335U 16011A   24231.15922539  .00000565  00000-0  25149-3 0  9993,2 41335  98.6197 297.0591 0000977  91.6866 268.4427 14.26737112442805
2024-08-18T05:30:16.292736+00:00,1 41335U 16011A   24231.22935524  .00000559  00000-0  24905-3 0  9991,2 41335  98.6197 297.1282 0000978  91.7128 268.4165 14.26737186442817
2024-08-18T12:14:13.170624+00:00,1 41335U 16011A   24231.50987466  .00000511  00000-0  22913-3 0  9999,2 41335  98.6197 297.4045 0000979  92.0751 268.0542 14.26737302442853
2024-08-18T20:39:09.254592+00:00,1 41335U 16011A   24231.86052378  .00000511  00000-0  22934-3 0  9996,2 41335  98.6197 297.7499 0000973  92.1096 268.0195 14.26737783442909
2024-08-18T22:20:08.468448+00:00,1 41335U 16011A   24231.93065357  .00000514  00000-0  23055-3 0  9993,2 41335  98.6197 297.8189 0000976  92.2706 267.8586 14.26737887442915
2024-08-19T03:23:06.112608+00:00,1 41335U 16011A   24232.14104297  .00000515  00000-0  23089-3 0  9992,2 41335  98.6196 298.0261 0000970  92.2475 267.8817 14.26738163442943
2024-08-19T11:48:02.193120+00:00,1 41335U 16011A   24232.49169205  .00000478  00000-0  21567-3 0  9997,2 41335  98.6196 298.3715 0000971  92.6883 267.4409 14.26738378442994
2024-08-19T13:29:01.406112+00:00,1 41335U 16011A   24232.56182183  .00000472  00000-0  21317-3 0  9992,2 41335  98.6196 298.4406 0000969  92.8314 267.2978 14.26738444443006
2024-08-19T20:12:58.258944+00:00,1 41335U 16011A   24232.84234096  .00000484  00000-0  21809-3 0  9993,2 41335  98.6196 298.7169 0000966  92.8938 267.2353 14.26738805443046
2024-08-20T04:37:54.313536+00:00,1 41335U 16011A   24233.19298974  .00000489  00000-0  22000-3 0  9996,2 41335  98.6195 299.0623 0000962  93.2508 266.8782 14.26739270443091
2024-08-20T11:21:51.157728+00:00,1 41335U 16011A   24233.47350877  .00000486  00000-0  21879-3 0  9998,2 41335  98.6195 299.3385 0000963  93.6149 266.5142 14.26739550443138
2024-08-20T14:43:49.573344+00:00,1 41335U 16011A   24233.61376821  .00000486  00000-0  21888-3 0  9991,2 41335  98.6195 299.4767 0000962  93.8156 266.3135 14.26739722443155
2024-08-20T19:46:47.196768+00:00,1 41335U 16011A   24233.82415737  .00000498  00000-0  22376-3 0  9990,2 41335  98.6195 299.6839 0000962  93.7409 266.3881 14.26740017443187
2024-08-21T04:11:43.229760+00:00,1 41335U 16011A   24234.17480590  .00000521  00000-0  23311-3 0  9995,2 41335  98.6194 300.0293 0000955  93.9941 266.1349 14.26740568443236
2024-08-21T10:55:40.049760+00:00,1 41335U 16011A   24234.45532465  .00000512  00000-0  22956-3 0  9999,2 41335  98.6194 300.3056 0000958  94.1022 266.0268 14.26740848443276
2024-08-21T14:17:38.468832+00:00,1 41335U 16011A   24234.59558413  .00000505  00000-0  22671-3 0  9991,2 41335  98.6194 300.4437 0000955  94.2817 265.8472 14.26740956443296
2024-08-21T17:39:36.875808+00:00,1 41335U 16011A   24234.73584347  .00000504  00000-0  22634-3 0  9990,2 41335  98.6193 300.5818 0000954  94.2714 265.8575 14.26741109443312
2024-08-21T21:01:35.281056+00:00,1 41335U 16011A   24234.87610279  .00000499  00000-0  22436-3 0  9992,2 41335  98.6193 300.7200 0000953  94.3969 265.7320 14.26741219443332
2024-08-22T03:45:32.088096+00:00,1 41335U 16011A   24235.15662139  .00000498  00000-0  22367-3 0  9998,2 41335  98.6192 300.9962 0000952  94.7289 265.4001 14.26741543443373
2024-08-22T12:10:28.102944+00:00,1 41335U 16011A   24235.50726971  .00000461  00000-0  20838-3 0  9993,2 41335  98.6192 301.3416 0000952  94.7507 265.3782 14.26741704443425
2024-08-22T12:10:28.102944+00:00,1 41335U 16011A   24235.50726971  .00000461  00000-0  20838-3 0  9993,2 41335  98.6192 301.3416 0000952  94.7507 265.3782 14.26741704443425
2024-08-23T03:19:21.160704+00:00,1 41335U 16011A   24236.13843936  .00000832  00000-0  36195-3 0  9999,2 41335  98.6191 301.9633 0000946  93.0024 267.1265 14.26736847443518
2024-08-23T11:44:17.291328+00:00,1 41335U 16011A   24236.48908902  .00000744  00000-0  32550-3 0  9995,2 41335  98.6191 302.3086 0000952  93.4708 266.6581 14.26736790443562
2024-08-23T15:06:15.732000+00:00,1 41335U 16011A   24236.62934875  .00000738  00000-0  32301-3 0  9996,2 41335  98.6190 302.4468 0000946  94.0361 266.0927 14.26736945443583
2024-08-23T16:47:14.951904+00:00,1 41335U 16011A   24236.69947861  .00000734  00000-0  32144-3 0  9993,2 41335  98.6190 302.5159 0000944  94.0877 266.0411 14.26737037443593
2024-08-24T04:34:09.496416+00:00,1 41335U 16011A   24237.19038769  .00000727  00000-0  31840-3 0  9991,2 41335  98.6189 302.9992 0000942  94.2922 265.8366 14.26737667443664
2024-08-24T11:18:06.370848+00:00,1 41335U 16011A   24237.47090707  .00000708  00000-0  31056-3 0  9990,2 41335  98.6189 303.2755 0000953  93.9194 266.2095 14.26737945443702
2024-08-24T14:40:04.801152+00:00,1 41335U 16011A   24237.61116668  .00000702  00000-0  30792-3 0  9991,2 41335  98.6189 303.4136 0000951  94.1031 266.0258 14.26738145443722
2024-08-24T19:43:02.447040+00:00,1 41335U 16011A   24237.82155610  .00000680  00000-0  29915-3 0  9994,2 41335  98.6188 303.6209 0000935  94.8910 265.2377 14.26738280443755
2024-08-24T19:43:02.447040+00:00,1 41335U 16011A   24237.82155610  .00000680  00000-0  29915-3 0  9994,2 41335  98.6188 303.6209 0000935  94.8910 265.2377 14.26738280443755
2024-08-25T04:07:58.524960+00:00,1 41335U 16011A   24238.17220515  .00000673  00000-0  29613-3 0  9997,2 41335  98.6187 303.9662 0000927  95.8623 264.2663 14.26738715443809
2024-08-25T12:32:54.630528+00:00,1 41335U 16011A   24238.52285452  .00000341  00000-0  15890-3 0  9991,2 41335  98.6187 304.3116 0000933  95.7764 264.3523 14.26738181443858
2024-08-25T14:13:53.845248+00:00,1 41335U 16011A   24238.59298432  .00000338  00000-0  15770-3 0  9993,2 41335  98.6187 304.3806 0000933  95.8636 264.2651 14.26738238443868
2024-08-25T19:16:51.489408+00:00,1 41335U 16011A   24238.80337372  .00000335  00000-0  15653-3 0  9991,2 41335  98.6187 304.5878 0000932  95.8748 264.2539 14.26738398443897
2024-08-25T22:38:49.919712+00:00,1 41335U 16011A   24238.94363333  .00000314  00000-0  14766-3 0  9993,2 41335  98.6187 304.7260 0000933  96.2189 263.9098 14.26738396443916
2024-08-26T03:41:47.564736+00:00,1 41335U 16011A   24239.15402274  .00000338  00000-0  15755-3 0  9990,2 41335  98.6186 304.9332 0000930  96.3168 263.8118 14.26738687443940
2024-08-26T12:06:43.631424+00:00,1 41335U 16011A   24239.50467166  .00000338  00000-0  15754-3 0  9999,2 41335  98.6186 305.2785 0000932  96.6109 263.5177 14.26738970443998
2024-08-26T13:47:42.843552+00:00,1 41335U 16011A   24239.57480143  .00000336  00000-0  15668-3 0  9998,2 41335  98.6186 305.3476 0000932  96.6858 263.4428 14.26739029444004
2024-08-26T22:12:38.896416+00:00,1 41335U 16011A   24239.92545019  .00000359  00000-0  16631-3 0  9997,2 41335  98.6185 305.6929 0000932  96.8065 263.3221 14.26739451444055
2024-08-27T04:56:35.744928+00:00,1 41335U 16011A   24240.20596927  .00000342  00000-0  15936-3 0  9993,2 41335  98.6185 305.9691 0000928  96.9977 263.1309 14.26739563444095
2024-08-27T11:40:32.586528+00:00,1 41335U 16011A   24240.48648827  .00000351  00000-0  16321-3 0  9999,2 41335  98.6185 306.2454 0000934  97.0696 263.0590 14.26739815444139
2024-08-27T13:21:31.796064+00:00,1 41335U 16011A   24240.55661801  .00000349  00000-0  16225-3 0  9994,2 41335  98.6185 306.3145 0000933  97.1676 262.9611 14.26739868444146
2024-08-27T20:05:28.626432+00:00,1 41335U 16011A   24240.83713688  .00000360  00000-0  16679-3 0  9992,2 41335  98.6184 306.5907 0000936  97.3115 262.8172 14.26740153444180
2024-08-27T21:46:27.834240+00:00,1 41335U 16011A   24240.90726660  .00000362  00000-0  16760-3 0  9997,2 41335  98.6184 306.6598 0000937  97.4118 262.7169 14.26740208444199
2024-08-28T04:30:24.657696+00:00,1 41335U 16011A   24241.18778539  .00000393  00000-0  18022-3 0  9997,2 41335  98.6184 306.9360 0000935  97.4728 262.6559 14.26740628444237
2024-08-28T12:55:20.670816+00:00,1 41335U 16011A   24241.53843369  .00000446  00000-0  20207-3 0  9997,2 41335  98.6184 307.2813 0000940  97.7227 262.4060 14.26741246444284
2024-08-28T14:36:19.874304+00:00,1 41335U 16011A   24241.60856336  .00000442  00000-0  20041-3 0  9995,2 41335  98.6184 307.3504 0000940  97.8090 262.3197 14.26741302444295
2024-08-28T21:20:16.702080+00:00,1 41335U 16011A   24241.88908220  .00000420  00000-0  19134-3 0  9992,2 41335  98.6183 307.6266 0000944  98.0503 262.0785 14.26741355444331
2024-08-29T12:29:09.518784+00:00,1 41335U 16011A   24242.52024906  .00000492  00000-0  22139-3 0  9992,2 41335  98.6183 308.2482 0000941  98.6884 261.4403 14.26742272444422
2024-08-29T19:13:06.320640+00:00,1 41335U 16011A   24242.80076760  .00000447  00000-0  20281-3 0  9994,2 41335  98.6183 308.5244 0000934  98.9604 261.1682 14.26742284444469
2024-08-29T20:54:05.518944+00:00,1 41335U 16011A   24242.87089721  .00000449  00000-0  20335-3 0  9994,2 41335  98.6183 308.5935 0000935  99.0705 261.0581 14.26742347444479
2024-08-30T03:38:02.325984+00:00,1 41335U 16011A   24243.15141581  .00000437  00000-0  19842-3 0  9997,2 41335  98.6182 308.8697 0000932  99.3436 260.7850 14.26742494444510
2024-08-30T12:02:58.313184+00:00,1 41335U 16011A   24243.50206381  .00000464  00000-0  20979-3 0  9999,2 41335  98.6182 309.2150 0000928  99.6405 260.4880 14.26742928444560
2024-08-30T13:43:57.508896+00:00,1 41335U 16011A   24243.57219339  .00000464  00000-0  20978-3 0  9992,2 41335  98.6182 309.2841 0000928  99.7119 260.4167 14.26743002444573
2024-08-30T18:46:55.096896+00:00,1 41335U 16011A   24243.78258214  .00000467  00000-0  21082-3 0  9990,2 41335  98.6182 309.4913 0000928  99.7276 260.4010 14.26743208444608
2024-08-30T22:08:53.473632+00:00,1 41335U 16011A   24243.92284113  .00000483  00000-0  21755-3 0  9998,2 41335  98.6182 309.6294 0000928  99.9529 260.1756 14.26743492444626
2024-08-31T04:52:50.160576+00:00,1 41335U 16011A   24244.20335834  .00000644  00000-0  28420-3 0  9992,2 41335  98.6182 309.9057 0000927 100.0347 260.0938 14.26744964444667
2024-08-31T11:36:46.921824+00:00,1 41335U 16011A   24244.48387641  .00000621  00000-0  27465-3 0  9998,2 41335  98.6182 310.1819 0000939 100.3050 259.8236 14.26745159444703
2024-08-31T13:17:46.201344+00:00,1 41335U 16011A   24244.55400696  .00000482  00000-0  21705-3 0  9998,2 41335  98.6182 310.2510 0000935 100.5247 259.6038 14.26744141444717
2024-08-31T20:01:42.964320+00:00,1 41335U 16011A   24244.83452505  .00000491  00000-0  22064-3 0  9994,2 41335  98.6181 310.5272 0000937 100.5709 259.5577 14.26744441444753
2024-08-31T21:42:42.154848+00:00,1 41335U 16011A   24244.90465457  .00000491  00000-0  22090-3 0  9991,2 41335  98.6181 310.5963 0000938 100.6528 259.4758 14.26744506444764
2024-09-01T04:26:38.908320+00:00,1 41335U 16011A   24245.18517255  .00000513  00000-0  22985-3 0  9994,2 41335  98.6181 310.8725 0000940 100.7623 259.3663 14.26744940444804
2024-09-01T11:10:35.654880+00:00,1 41335U 16011A   24245.46569045  .00000516  00000-0  23124-3 0  9998,2 41335  98.6181 311.1488 0000941 101.0064 259.1223 14.26745246444842
2024-09-01T14:32:34.033344+00:00,1 41335U 16011A   24245.60594946  .00000544  00000-0  24262-3 0  9997,2 41335  98.6180 311.2869 0000940 101.2496 258.8790 14.26745538444866
2024-09-01T19:35:31.587648+00:00,1 41335U 16011A   24245.81633782  .00000546  00000-0  24357-3 0  9999,2 41335  98.6180 311.4941 0000939 101.3315 258.7970 14.26745771444899
2024-09-01T21:16:30.772992+00:00,1 41335U 16011A   24245.88646728  .00000520  00000-0  23302-3 0  9991,2 41335  98.6180 311.5631 0000939 101.4387 258.6899 14.26745697444904
2024-09-02T04:00:27.519552+00:00,1 41335U 16011A   24246.16698518  .00000541  00000-0  24164-3 0  9997,2 41335  98.6179 311.8393 0000937 101.7017 258.4269 14.26746092444944
2024-09-02T05:41:26.702304+00:00,1 41335U 16011A   24246.23711461  .00000543  00000-0  24237-3 0  9991,2 41335  98.6179 311.9084 0000938 101.7102 258.4184 14.26746174444956
2024-09-02T05:41:26.702304+00:00,1 41335U 16011A   24246.23711461  .00000543  00000-0  24237-3 0  9991,2 41335  98.6179 311.9084 0000938 101.7102 258.4184 14.26746174444956
2024-09-02T19:09:20.534112+00:00,1 41335U 16011A   24246.79815433  .00000593  00000-0  26321-3 0  9997,2 41335  98.6339 312.4598 0000903  98.4789 261.6493 14.26733820445038
2024-09-02T22:31:18.997248+00:00,1 41335U 16011A   24246.93841432  .00000594  00000-0  26367-3 0  9992,2 41335  98.6339 312.5982 0000910  99.3067 260.8216 14.26734054445059
2024-09-03T03:34:16.704480+00:00,1 41335U 16011A   24247.14880445  .00000611  00000-0  27055-3 0  9998,2 41335  98.6338 312.8058 0000913  99.5221 260.6063 14.26734341445082
2024-09-03T11:59:12.863616+00:00,1 41335U 16011A   24247.49945444  .00000663  00000-0  29211-3 0  9990,2 41335  98.6338 313.1516 0000922  99.4182 260.7102 14.26734980445130
2024-09-03T13:40:12.092160+00:00,1 41335U 16011A   24247.56958440  .00000665  00000-0  29284-3 0  9990,2 41335  98.6338 313.2208 0000922  99.5266 260.6019 14.26735084445146
2024-09-03T17:02:10.550112+00:00,1 41335U 16011A   24247.70984433  .00000668  00000-0  29414-3 0  9995,2 41335  98.6338 313.3592 0000920  99.3904 260.7381 14.26735266445165
2024-09-03T22:05:08.223648+00:00,1 41335U 16011A   24247.92023407  .00000630  00000-0  27821-3 0  9993,2 41335  98.6337 313.5668 0000925  99.6145 260.5140 14.26735509445199
2024-09-04T04:49:05.147328+00:00,1 41335U 16011A   24248.20075402  .00000652  00000-0  28726-3 0  9996,2 41335  98.6337 313.8435 0000925  99.6046 260.5239 14.26735894445235
2024-09-04T14:55:00.490080+00:00,1 41335U 16011A   24248.62153345  .00000680  00000-0  29891-3 0  9990,2 41335  98.6336 314.2586 0000931  99.8561 260.2725 14.26736574445296
2024-09-04T18:16:58.935072+00:00,1 41335U 16011A   24248.76179323  .00000683  00000-0  30039-3 0  9998,2 41335  98.6336 314.3970 0000930  99.7330 260.3955 14.26736760445312
2024-09-04T18:16:58.935072+00:00,1 41335U 16011A   24248.76179323  .00000683  00000-0  30039-3 0  9998,2 41335  98.6336 314.3970 0000930  99.7330 260.3955 14.26736760445312
2024-09-05T04:22:54.288192+00:00,1 41335U 16011A   24249.18257278  .00000607  00000-0  26898-3 0  9995,2 41335  98.6335 314.8121 0000929 100.3447 259.7838 14.26736799445370
2024-09-05T11:06:51.159168+00:00,1 41335U 16011A   24249.46309212  .00000634  00000-0  27998-3 0  9994,2 41335  98.6334 315.0888 0000920 100.7723 259.3561 14.26737260445412
2024-09-05T12:47:50.386848+00:00,1 41335U 16011A   24249.53322207  .00000625  00000-0  27610-3 0  9992,2 41335  98.6334 315.1580 0000918 100.8480 259.2804 14.26737270445421
2024-09-05T19:31:47.248320+00:00,1 41335U 16011A   24249.81374130  .00000616  00000-0  27266-3 0  9992,2 41335  98.6333 315.4347 0000914 101.1582 258.9701 14.26737632445465
2024-09-05T21:12:46.464768+00:00,1 41335U 16011A   24249.88387112  .00000609  00000-0  26964-3 0  9999,2 41335  98.6333 315.5039 0000912 101.2084 258.9199 14.26737703445471
2024-09-06T03:56:43.326240+00:00,1 41335U 16011A   24250.16439035  .00000633  00000-0  27969-3 0  9997,2 41335  98.6332 315.7806 0000912 101.5002 258.6280 14.26738171445510
2024-09-06T12:21:39.399840+00:00,1 41335U 16011A   24250.51503935  .00000641  00000-0  28305-3 0  9991,2 41335  98.6332 316.1265 0000912 101.5575 258.5708 14.26738677445569
2024-09-06T14:02:38.611968+00:00,1 41335U 16011A   24250.58516912  .00000640  00000-0  28266-3 0  9992,2 41335  98.6332 316.1957 0000912 101.5967 258.5316 14.26738777445579
2024-09-06T20:46:35.458752+00:00,1 41335U 16011A   24250.86568818  .00000642  00000-0  28331-3 0  9990,2 41335  98.6331 316.4724 0000912 101.4671 258.6612 14.26739139445612
2024-09-07T03:30:32.293440+00:00,1 41335U 16011A   24251.14620710  .00000651  00000-0  28711-3 0  9994,2 41335  98.6330 316.7491 0000916 101.9544 258.1739 14.26739583445655
2024-09-07T11:55:28.344576+00:00,1 41335U 16011A   24251.49685584  .00000738  00000-0  32296-3 0  9991,2 41335  98.6330 317.0950 0000922 102.0177 258.1107 14.26740461445702
2024-09-07T13:36:27.549792+00:00,1 41335U 16011A   24251.56698553  .00000735  00000-0  32181-3 0  9999,2 41335  98.6330 317.1642 0000922 102.1394 257.9890 14.26740563445713
2024-09-07T20:20:24.362880+00:00,1 41335U 16011A   24251.84750420  .00000740  00000-0  32386-3 0  9995,2 41335  98.6329 317.4409 0000920 102.1056 258.0228 14.26741012445759
2024-09-07T22:01:23.565504+00:00,1 41335U 16011A   24251.91763386  .00000739  00000-0  32341-3 0  9997,2 41335  98.6329 317.5101 0000922 102.2802 257.8482 14.26741122445763
2024-09-08T04:45:20.387232+00:00,1 41335U 16011A   24252.19815263  .00000726  00000-0  31787-3 0  9999,2 41335  98.6328 317.7867 0000922 102.4116 257.7167 14.26741442445802
2024-09-08T11:29:17.196000+00:00,1 41335U 16011A   24252.47867125  .00000674  00000-0  29655-3 0  9997,2 41335  98.6328 318.0635 0000925 102.7162 257.4122 14.26741505445848
2024-09-08T13:10:16.396896+00:00,1 41335U 16011A   24252.54880089  .00000671  00000-0  29539-3 0  9997,2 41335  98.6328 318.1326 0000924 102.8155 257.3128 14.26741596445854
2024-09-08T19:54:13.195296+00:00,1 41335U 16011A   24252.82931939  .00000667  00000-0  29351-3 0  9996,2 41335  98.6328 318.4093 0000923 102.9783 257.1501 14.26741987445896
2024-09-08T21:35:12.391872+00:00,1 41335U 16011A   24252.89944898  .00000669  00000-0  29433-3 0  9994,2 41335  98.6327 318.4785 0000923 103.0771 257.0513 14.26742100445904
2024-09-09T04:19:09.182496+00:00,1 41335U 16011A   24253.17996739  .00000736  00000-0  32214-3 0  9993,2 41335  98.6327 318.7552 0000922 103.2396 256.8888 14.26742838445947
2024-09-09T09:22:06.763584+00:00,1 41335U 16011A   24253.39035606  .00000755  00000-0  33002-3 0  9991,2 41335  98.6327 318.9627 0000924 103.3649 256.7635 14.26743219445972
2024-09-09T09:22:06.763584+00:00,1 41335U 16011A   24253.39035606  .00000755  00000-0  33002-3 0  9991,2 41335  98.6327 318.9627 0000924 103.3649 256.7635 14.26743219445972
2024-09-09T19:28:02.360352+00:00,1 41335U 16011A   24253.81113843  .00000718  00000-0  31467-3 0  9990,2 41335  98.6326 319.3776 0000922  98.7023 261.4262 14.26728869446033
2024-09-09T21:09:01.613952+00:00,1 41335U 16011A   24253.88126868  .00000718  00000-0  31473-3 0  9995,2 41335  98.6326 319.4468 0000921  98.7514 261.3771 14.26728977446041
2024-09-10T03:52:58.604160+00:00,1 41335U 16011A   24254.16178940  .00001362  00000-0  58064-3 0  9996,2 41335  98.6325 319.7235 0000927  98.6548 261.4737 14.26730222446080
2024-09-10T12:17:54.882528+00:00,1 41335U 16011A   24254.51244077  .00000873  00000-0  37871-3 0  9999,2 41335  98.6325 320.0694 0000921  99.6085 260.5200 14.26730308446131
2024-09-10T20:42:51.119424+00:00,1 41335U 16011A   24254.86309166  .00000818  00000-0  35618-3 0  9994,2 41335  98.6324 320.4153 0000918 100.1643 259.9640 14.26730572446186
2024-09-10T22:23:50.367840+00:00,1 41335U 16011A   24254.93322185  .00000817  00000-0  35576-3 0  9990,2 41335  98.6324 320.4845 0000914 100.4479 259.6805 14.26730627446192
2024-09-11T01:45:48.858624+00:00,1 41335U 16011A   24255.07348216  .00000815  00000-0  35502-3 0  9996,2 41335  98.6324 320.6229 0000914 100.6145 259.5139 14.26730873446217
2024-09-11T11:51:44.352576+00:00,1 41335U 16011A   24255.49426334  .00000701  00000-0  30782-3 0  9999,2 41335  98.6324 321.0379 0000915 101.0099 259.1184 14.26731404446275
2024-09-11T13:32:43.595808+00:00,1 41335U 16011A   24255.56439347  .00000696  00000-0  30553-3 0  9994,2 41335  98.6324 321.1071 0000914 101.0979 259.0304 14.26731497446287
2024-09-11T20:16:40.564416+00:00,1 41335U 16011A   24255.84491394  .00000662  00000-0  29164-3 0  9994,2 41335  98.6324 321.3837 0000913 101.4946 258.6336 14.26731739446320
2024-09-11T21:57:39.806784+00:00,1 41335U 16011A   24255.91504406  .00000664  00000-0  29244-3 0  9992,2 41335  98.6324 321.4529 0000913 101.5123 258.6160 14.26731839446334
2024-09-12T04:41:36.803040+00:00,1 41335U 16011A   24256.19556485  .00000737  00000-0  32241-3 0  9999,2 41335  98.6323 321.7296 0000913 101.3147 258.8136 14.26732474446376
2024-09-12T11:25:33.758688+00:00,1 41335U 16011A   24256.47608517  .00000757  00000-0  33096-3 0  9995,2 41335  98.6323 322.0063 0000914 101.7264 258.4019 14.26732958446415
2024-09-12T14:47:32.054208+00:00,1 41335U 16011A   24256.61634322  .00001037  00000-0  44658-3 0  9992,2 41335  98.6323 322.1446 0000915 101.6723 258.4560 14.26735317446436
2024-09-12T19:50:29.874624+00:00,1 41335U 16011A   24256.82673466  .00000776  00000-0  33885-3 0  9996,2 41335  98.6323 322.3521 0000917 102.0406 258.0877 14.26733836446461
2024-09-12T21:31:29.106624+00:00,1 41335U 16011A   24256.89686466  .00000780  00000-0  34022-3 0  9996,2 41335  98.6323 322.4213 0000916 102.1057 258.0226 14.26733960446479
2024-09-13T04:15:26.033760+00:00,1 41335U 16011A   24257.17738465  .00000808  00000-0  35183-3 0  9995,2 41335  98.6322 322.6980 0000922 102.6870 257.4413 14.26734572446512
2024-09-13T10:59:22.959168+00:00,1 41335U 16011A   24257.45790462  .00000771  00000-0  33676-3 0  9995,2 41335  98.6322 322.9747 0000936 103.1781 256.9504 14.26734768446554
2024-09-13T19:24:19.100160+00:00,1 41335U 16011A   24257.80855440  .00000747  00000-0  32668-3 0  9995,2 41335  98.6322 323.3206 0000942 103.8074 256.3212 14.26735233446602
2024-09-14T03:49:15.223872+00:00,1 41335U 16011A   24258.15920398  .00000811  00000-0  35321-3 0  9990,2 41335  98.6321 323.6664 0000938 103.7402 256.3883 14.26736135446652
2024-09-14T12:14:11.376096+00:00,1 41335U 16011A   24258.50985389  .00000743  00000-0  32489-3 0  9996,2 41335  98.6321 324.0122 0000940 103.9753 256.1532 14.26736187446702
2024-09-14T13:55:10.597728+00:00,1 41335U 16011A   24258.57998377  .00000742  00000-0  32455-3 0  9996,2 41335  98.6321 324.0814 0000941 103.9988 256.1297 14.26736312446710
2024-09-14T20:39:07.527456+00:00,1 41335U 16011A   24258.86050379  .00000644  00000-0  28406-3 0  9991,2 41335  98.6320 324.3581 0000943 104.1073 256.0212 14.26736111446750
2024-09-14T22:20:06.749088+00:00,1 41335U 16011A   24258.93063367  .00000646  00000-0  28500-3 0  9997,2 41335  98.6320 324.4272 0000946 104.2052 255.9234 14.26736229446762
2024-09-15T03:23:04.414848+00:00,1 41335U 16011A   24259.14102332  .00000648  00000-0  28599-3 0  9997,2 41335  98.6320 324.6347 0000947 104.2645 255.8640 14.26736543446798
2024-09-15T11:48:00.526464+00:00,1 41335U 16011A   24259.49167276  .00000711  00000-0  31199-3 0  9994,2 41335  98.6320 324.9806 0000952 104.2469 255.8817 14.26737328446845
2024-09-15T20:12:56.622528+00:00,1 41335U 16011A   24259.84232202  .00000671  00000-0  29509-3 0  9992,2 41335  98.6319 325.3264 0000953 104.4714 255.6572 14.26737628446896
2024-09-15T21:53:55.839840+00:00,1 41335U 16011A   24259.91245185  .00000670  00000-0  29474-3 0  9994,2 41335  98.6319 325.3956 0000952 104.4178 255.7109 14.26737725446904
2024-09-16T04:37:52.726368+00:00,1 41335U 16011A   24260.19297137  .00000604  00000-0  26763-3 0  9995,2 41335  98.6319 325.6722 0000949 104.3131 255.8154 14.26737748446942
2024-09-16T13:02:48.799104+00:00,1 41335U 16011A   24260.54362036  .00000544  00000-0  24274-3 0  9993,2 41335  98.6318 326.0181 0000955 104.7136 255.4151 14.26737883446999
2024-09-16T14:43:48.013824+00:00,1 41335U 16011A   24260.61375016  .00000541  00000-0  24172-3 0  9997,2 41335  98.6318 326.0872 0000956 104.8075 255.3211 14.26737972447008
2024-09-16T19:46:45.657984+00:00,1 41335U 16011A   24260.82413956  .00000521  00000-0  23327-3 0  9995,2 41335  98.6318 326.2947 0000955 104.8798 255.2488 14.26738134447033
2024-09-16T23:08:44.084832+00:00,1 41335U 16011A   24260.96439913  .00000515  00000-0  23100-3 0  9993,2 41335  98.6317 326.4330 0000955 105.0159 255.1127 14.26738293447051
2024-09-17T04:11:41.578656+00:00,1 41335U 16011A   24261.17478679  .00000870  00000-0  37756-3 0  9995,2 41335  98.6317 326.6405 0000953 104.8377 255.2909 14.26740979447089
2024-09-17T12:36:37.603872+00:00,1 41335U 16011A   24261.52543523  .00000882  00000-0  38227-3 0  9992,2 41335  98.6317 326.9863 0000962 105.2161 254.9126 14.26741610447132
2024-09-17T14:17:36.804768+00:00,1 41335U 16011A   24261.59556487  .00000873  00000-0  37860-3 0  9994,2 41335  98.6317 327.0555 0000962 105.3099 254.8188 14.26741700447141
2024-09-17T19:20:34.593216+00:00,1 41335U 16011A   24261.80595594  .00000499  00000-0  22431-3 0  9992,2 41335  98.6316 327.2630 0000966 105.5557 254.5730 14.26739384447179
2024-09-17T21:01:33.801024+00:00,1 41335U 16011A   24261.87608566  .00000501  00000-0  22500-3 0  9994,2 41335  98.6316 327.3322 0000966 105.6265 254.5022 14.26739471447187
2024-09-18T03:45:30.638304+00:00,1 41335U 16011A   24262.15660461  .00000506  00000-0  22712-3 0  9998,2 41335  98.6315 327.6088 0000966 105.8119 254.3168 14.26739808447226
2024-09-18T12:10:26.684256+00:00,1 41335U 16011A   24262.50725329  .00000457  00000-0  20706-3 0  9998,2 41335  98.6315 327.9546 0000967 106.0663 254.0624 14.26739922447272
2024-09-18T13:51:25.890336+00:00,1 41335U 16011A   24262.57738299  .00000453  00000-0  20533-3 0  9999,2 41335  98.6315 328.0238 0000967 106.1574 253.9713 14.26739996447283
2024-09-18T18:54:23.510304+00:00,1 41335U 16011A   24262.78777211  .00000436  00000-0  19820-3 0  9997,2 41335  98.6315 328.2313 0000965 106.2817 253.8470 14.26740147447311
2024-09-18T18:54:23.510304+00:00,1 41335U 16011A   24262.78777211  .00000436  00000-0  19820-3 0  9997,2 41335  98.6315 328.2313 0000965 106.2817 253.8470 14.26740147447311
2024-09-19T05:00:19.084608+00:00,1 41335U 16011A   24263.20855422  .00000414  00000-0  18930-3 0  9993,2 41335  98.6314 328.6463 0000945 102.4957 257.6329 14.26727086447379
2024-09-19T11:44:16.141344+00:00,1 41335U 16011A   24263.48907571  .00000455  00000-0  20605-3 0  9993,2 41335  98.6313 328.9229 0000958 102.7763 257.3525 14.26727451447419
2024-09-19T15:06:14.661504+00:00,1 41335U 16011A   24263.62933636  .00000455  00000-0  20615-3 0  9991,2 41335  98.6313 329.0612 0000957 102.7398 257.3890 14.26727605447438
2024-09-19T20:09:12.428352+00:00,1 41335U 16011A   24263.83972718  .00000452  00000-0  20475-3 0  9999,2 41335  98.6312 329.2687 0000962 103.1927 256.9361 14.26727811447460
2024-09-19T21:50:11.688000+00:00,1 41335U 16011A   24263.90985750  .00000452  00000-0  20488-3 0  9991,2 41335  98.6312 329.3378 0000963 103.1953 256.9335 14.26727882447478
2024-09-20T04:34:08.733504+00:00,1 41335U 16011A   24264.19037886  .00000409  00000-0  18698-3 0  9993,2 41335  98.6312 329.6145 0000970 103.4213 256.7075 14.26727978447513
2024-09-20T12:59:05.025696+00:00,1 41335U 16011A   24264.54103039  .00000407  00000-0  18641-3 0  9992,2 41335  98.6311 329.9602 0000977 103.7077 256.4212 14.26728229447566
2024-09-20T14:40:04.281888+00:00,1 41335U 16011A   24264.61116067  .00000407  00000-0  18621-3 0  9993,2 41335  98.6311 330.0294 0000976 103.7763 256.3526 14.26728295447578
2024-09-20T19:43:02.050464+00:00,1 41335U 16011A   24264.82155151  .00000391  00000-0  17975-3 0  9996,2 41335  98.6311 330.2369 0000975 103.8475 256.2813 14.26728392447603
2024-09-20T21:24:01.306656+00:00,1 41335U 16011A   24264.89168179  .00000391  00000-0  17976-3 0  9998,2 41335  98.6310 330.3061 0000974 103.8438 256.2851 14.26728450447618
2024-09-21T04:07:58.334016+00:00,1 41335U 16011A   24265.17220294  .00000400  00000-0  18346-3 0  9990,2 41335  98.6310 330.5827 0000972 103.8059 256.3229 14.26728749447652
2024-09-21T10:51:55.352736+00:00,1 41335U 16011A   24265.45272399  .00000400  00000-0  18341-3 0  9999,2 41335  98.6309 330.8593 0000977 103.9755 256.1534 14.26728995447696
2024-09-21T14:13:53.866848+00:00,1 41335U 16011A   24265.59298457  .00000357  00000-0  16548-3 0  9995,2 41335  98.6309 330.9976 0000976 104.2512 255.8776 14.26728883447719
2024-09-21T20:57:50.879520+00:00,1 41335U 16011A   24265.87350555  .00000331  00000-0  15500-3 0  9993,2 41335  98.6309 331.2743 0000960 104.5535 255.5752 14.26729008447751
2024-09-22T03:41:47.892192+00:00,1 41335U 16011A   24266.15402653  .00000326  00000-0  15262-3 0  9991,2 41335  98.6308 331.5509 0000962 104.8390 255.2897 14.26729200447792
2024-09-22T12:06:44.156736+00:00,1 41335U 16011A   24266.50467774  .00000308  00000-0  14548-3 0  9991,2 41335  98.6308 331.8967 0000965 105.1199 255.0088 14.26729370447841
2024-09-22T13:47:43.408608+00:00,1 41335U 16011A   24266.57480797  .00000305  00000-0  14396-3 0  9996,2 41335  98.6308 331.9658 0000964 105.2016 254.9271 14.26729418447853
2024-09-22T20:31:40.413504+00:00,1 41335U 16011A   24266.85532886  .00000302  00000-0  14297-3 0  9991,2 41335  98.6307 332.2425 0000964 105.1963 254.9324 14.26729606447890
2024-09-22T22:12:39.665376+00:00,1 41335U 16011A   24266.92545909  .00000302  00000-0  14287-3 0  9998,2 41335  98.6307 332.3116 0000968 105.2808 254.8479 14.26729660447903
2024-09-23T04:56:36.659904+00:00,1 41335U 16011A   24267.20597986  .00000382  00000-0  17598-3 0  9998,2 41335  98.6306 332.5882 0000968 105.2935 254.8352 14.26730330447945
2024-09-23T11:40:33.657024+00:00,1 41335U 16011A   24267.48650066  .00000367  00000-0  16980-3 0  9994,2 41335  98.6306 332.8649 0000971 105.2938 254.8349 14.26730457447986
2024-09-23T15:02:32.152992+00:00,1 41335U 16011A   24267.62676103  .00000369  00000-0  17060-3 0  9992,2 41335  98.6306 333.0032 0000972 105.2979 254.8309 14.26730586448004
2024-09-23T20:05:29.880096+00:00,1 41335U 16011A   24267.83715139  .00000401  00000-0  18362-3 0  9991,2 41335  98.6305 333.2106 0000975 105.3787 254.7501 14.26730949448037
2024-09-23T21:46:29.125920+00:00,1 41335U 16011A   24267.90728155  .00000402  00000-0  18418-3 0  9994,2 41335  98.6305 333.2798 0000976 105.4549 254.6739 14.26731008448042
2024-09-24T04:30:26.159328+00:00,1 41335U 16011A   24268.18780277  .00000346  00000-0  16112-3 0  9994,2 41335  98.6305 333.5564 0000975 105.6340 254.4948 14.26730757448080
2024-09-24T11:14:23.143488+00:00,1 41335U 16011A   24268.46832342  .00000357  00000-0  16576-3 0  9992,2 41335  98.6305 333.8330 0000981 105.7282 254.4007 14.26731017448128
2024-09-24T14:36:21.635136+00:00,1 41335U 16011A   24268.60858374  .00000355  00000-0  16491-3 0  9995,2 41335  98.6304 333.9713 0000984 105.9126 254.2163 14.26731130448144
2024-09-24T17:58:20.125920+00:00,1 41335U 16011A   24268.74884405  .00000359  00000-0  16631-3 0  9994,2 41335  98.6304 334.1097 0000986 105.9266 254.2023 14.26731239448166
2024-09-24T19:39:19.368288+00:00,1 41335U 16011A   24268.81897417  .00000360  00000-0  16684-3 0  9999,2 41335  98.6304 334.1788 0000986 105.9668 254.1621 14.26731297448177
2024-09-25T04:04:15.576672+00:00,1 41335U 16011A   24269.16962473  .00000390  00000-0  17937-3 0  9998,2 41335  98.6303 334.5246 0000990 106.2545 253.8744 14.26731744448227
2024-09-25T12:29:11.792832+00:00,1 41335U 16011A   24269.52027538  .00000414  00000-0  18897-3 0  9995,2 41335  98.6303 334.8703 0000996 106.4879 253.6411 14.26732127448276
2024-09-25T14:10:11.033472+00:00,1 41335U 16011A   24269.59040548  .00000414  00000-0  18919-3 0  9993,2 41335  98.6303 334.9395 0000997 106.5585 253.5705 14.26732195448281
2024-09-25T19:13:08.752800+00:00,1 41335U 16011A   24269.80079575  .00000412  00000-0  18830-3 0  9999,2 41335  98.6303 335.1470 0000999 106.5005 253.6285 14.26732359448317
2024-09-25T20:54:07.993440+00:00,1 41335U 16011A   24269.87092585  .00000414  00000-0  18907-3 0  9999,2 41335  98.6303 335.2161 0000999 106.5561 253.5730 14.26732416448321
2024-09-26T03:38:04.950816+00:00,1 41335U 16011A   24270.15144619  .00000443  00000-0  20125-3 0  9995,2 41335  98.6302 335.4927 0001004 106.7306 253.3985 14.26732809448369
2024-09-26T12:03:01.154016+00:00,1 41335U 16011A   24270.50209669  .00000437  00000-0  19877-3 0  9996,2 41335  98.6303 335.8385 0001006 106.7556 253.3735 14.26733029448415
2024-09-26T18:46:58.104480+00:00,1 41335U 16011A   24270.78261695  .00000438  00000-0  19914-3 0  9996,2 41335  98.6302 336.1151 0001011 106.7940 253.3351 14.26733277448455
2024-09-26T22:08:56.571072+00:00,1 41335U 16011A   24270.92287698  .00000438  00000-0  19919-3 0  9998,2 41335  98.6302 336.2534 0001011 106.9343 253.1949 14.26733415448477
2024-09-27T04:52:53.520672+00:00,1 41335U 16011A   24271.20339723  .00000435  00000-0  19774-3 0  9993,2 41335  98.6302 336.5300 0001012 107.0483 253.0808 14.26733594448515
2024-09-27T11:36:50.459040+00:00,1 41335U 16011A   24271.48391735  .00000444  00000-0  20169-3 0  9994,2 41335  98.6302 336.8066 0001019 106.9114 253.2178 14.26733872448558
2024-09-27T13:17:49.692768+00:00,1 41335U 16011A   24271.55404737  .00000443  00000-0  20109-3 0  9992,2 41335  98.6302 336.8758 0001020 107.0183 253.1109 14.26733938448563
2024-09-27T20:01:46.625088+00:00,1 41335U 16011A   24271.83456742  .00000434  00000-0  19742-3 0  9997,2 41335  98.6301 337.1524 0001022 107.0890 253.0402 14.26734140448600
2024-09-27T20:01:46.625088+00:00,1 41335U 16011A   24271.83456742  .00000434  00000-0  19742-3 0  9997,2 41335  98.6301 337.1524 0001022 107.0890 253.0402 14.26734140448600
2024-09-28T02:45:43.553952+00:00,1 41335U 16011A   24272.11508743  .00000435  00000-0  19765-3 0  9994,2 41335  98.6301 337.4290 0001021 107.2361 252.8931 14.26734409448643
2024-09-28T12:51:38.936448+00:00,1 41335U 16011A   24272.53586732  .00000436  00000-0  19810-3 0  9996,2 41335  98.6301 337.8439 0001029 107.5045 252.6248 14.26734791448702
2024-09-28T12:51:38.936448+00:00,1 41335U 16011A   24272.53586732  .00000436  00000-0  19804-3 0  9999,2 41335  98.6301 337.8439 0001030 107.4459 252.6834 14.26734791448703
2024-09-28T19:35:35.841120+00:00,1 41335U 16011A   24272.81638705  .00000457  00000-0  20688-3 0  9993,2 41335  98.6301 338.1205 0001029 107.5336 252.5957 14.26735204448740
2024-09-28T21:16:35.068800+00:00,1 41335U 16011A   24272.88651700  .00000459  00000-0  20766-3 0  9999,2 41335  98.6301 338.1896 0001029 107.5476 252.5817 14.26735272448752
2024-09-29T04:00:31.978656+00:00,1 41335U 16011A   24273.16703679  .00000457  00000-0  20693-3 0  9991,2 41335  98.6300 338.4662 0001023 107.6241 252.5052 14.26735546448799
2024-09-29T12:25:28.094592+00:00,1 41335U 16011A   24273.51768628  .00000482  00000-0  21707-3 0  9990,2 41335  98.6300 338.8120 0001024 107.7257 252.4035 14.26736073448843
2024-09-29T14:06:27.318816+00:00,1 41335U 16011A   24273.58781619  .00000482  00000-0  21724-3 0  9991,2 41335  98.6300 338.8812 0001025 107.7846 252.3446 14.26736155448853
2024-09-29T19:09:24.988032+00:00,1 41335U 16011A   24273.79820588  .00000485  00000-0  21862-3 0  9999,2 41335  98.6300 339.0886 0001028 107.6913 252.4379 14.26736386448889
2024-09-29T22:31:23.426976+00:00,1 41335U 16011A   24273.93846559  .00000501  00000-0  22501-3 0  9991,2 41335  98.6299 339.2269 0001030 107.9363 252.1929 14.26736626448906
2024-09-30T03:34:21.092736+00:00,1 41335U 16011A   24274.14885524  .00000501  00000-0  22493-3 0  9990,2 41335  98.6299 339.4343 0001033 108.0858 252.0435 14.26736850448938
2024-09-30T11:59:17.189664+00:00,1 41335U 16011A   24274.49950451  .00000525  00000-0  23481-3 0  9994,2 41335  98.6299 339.7801 0001035 108.0238 252.1055 14.26737321448982
2024-09-30T13:40:16.407840+00:00,1 41335U 16011A   24274.56963435  .00000524  00000-0  23444-3 0  9996,2 41335  98.6299 339.8492 0001035 108.0533 252.0761 14.26737404448993
2024-09-30T20:24:13.269312+00:00,1 41335U 16011A   24274.85015358  .00000555  00000-0  24723-3 0  9995,2 41335  98.6299 340.1258 0001042 108.0925 252.0369 14.26737914449037
2024-09-30T22:05:12.486624+00:00,1 41335U 16011A   24274.92028341  .00000551  00000-0  24582-3 0  9998,2 41335  98.6298 340.1949 0001043 108.2481 251.8813 14.26737971449048
2024-10-01T04:49:09.348096+00:00,1 41335U 16011A   24275.20080264  .00000588  00000-0  26094-3 0  9992,2 41335  98.6298 340.4715 0001041 108.1218 252.0076 14.26738470449080
2024-10-01T11:33:06.207840+00:00,1 41335U 16011A   24275.48132185  .00000596  00000-0  26434-3 0  9999,2 41335  98.6298 340.7481 0001043 108.1851 251.9443 14.26738793449127
2024-10-01T13:14:05.420832+00:00,1 41335U 16011A   24275.55145163  .00000597  00000-0  26486-3 0  9995,2 41335  98.6298 340.8173 0001044 108.1888 251.9406 14.26738887449131
2024-10-01T19:58:02.258976+00:00,1 41335U 16011A   24275.83197059  .00000620  00000-0  27405-3 0  9996,2 41335  98.6297 341.0938 0001049 108.3275 251.8019 14.26739383449174
2024-10-01T19:58:02.258976+00:00,1 41335U 16011A   24275.83197059  .00000620  00000-0  27405-3 0  9996,2 41335  98.6297 341.0938 0001049 108.3275 251.8019 14.26739383449174
2024-10-02T04:22:58.277280+00:00,1 41335U 16011A   24276.18261895  .00000907  00000-0  39267-3 0  9992,2 41335  98.6296 341.4396 0001045 108.2158 251.9136 14.26741449449223
2024-10-02T11:06:55.103328+00:00,1 41335U 16011A   24276.46313777  .00000871  00000-0  37788-3 0  9996,2 41335  98.6296 341.7161 0001049 108.0837 252.0458 14.26741624449260
2024-10-02T11:06:55.103328+00:00,1 41335U 16011A   24276.46313777  .00000871  00000-0  37788-3 0  9996,2 41335  98.6296 341.7161 0001049 108.0837 252.0458 14.26741624449260
2024-10-02T19:31:51.107808+00:00,1 41335U 16011A   24276.81378597  .00000913  00000-0  39507-3 0  9994,2 41335  98.6295 342.0619 0001053 108.6317 251.4978 14.26742396449318
2024-10-02T21:12:50.308704+00:00,1 41335U 16011A   24276.88391561  .00000905  00000-0  39171-3 0  9995,2 41335  98.6295 342.1310 0001052 108.7487 251.3808 14.26742460449329
2024-10-03T03:56:47.088960+00:00,1 41335U 16011A   24277.16443390  .00000937  00000-0  40502-3 0  9990,2 41335  98.6294 342.4076 0001053 108.9102 251.2193 14.26743115449365
2024-10-03T12:21:43.174656+00:00,1 41335U 16011A   24277.51508304  .00000946  00000-0  40862-3 0  9995,2 41335  98.6294 342.7534 0001053 108.6883 251.4412 14.26743359449412
2024-10-03T20:46:39.126432+00:00,1 41335U 16011A   24277.86573063  .00001059  00000-0  45564-3 0  9997,2 41335  98.6293 343.0991 0001051 108.3274 251.8021 14.26744592449466
2024-10-04T03:30:35.879904+00:00,1 41335U 16011A   24278.14624861  .00001077  00000-0  46297-3 0  9996,2 41335  98.6292 343.3756 0001054 108.5322 251.5973 14.26745227449500
2024-10-04T11:55:31.895616+00:00,1 41335U 16011A   24278.49689694  .00000946  00000-0  40888-3 0  9993,2 41335  98.6291 343.7214 0001059 108.4869 251.6427 14.26744818449557
2024-10-04T20:20:27.831840+00:00,1 41335U 16011A   24278.84754435  .00001005  00000-0  43328-3 0  9997,2 41335  98.6291 344.0671 0001063 108.5590 251.5706 14.26745737449601
2024-10-05T04:45:23.762880+00:00,1 41335U 16011A   24279.19819170  .00001065  00000-0  45796-3 0  9991,2 41335  98.6289 344.4127 0001067 108.5568 251.5728 14.26746594449658
2024-10-05T11:29:20.513760+00:00,1 41335U 16011A   24279.47870965  .00001015  00000-0  43744-3 0  9997,2 41335  98.6289 344.6893 0001072 108.4729 251.6568 14.26746724449696
2024-10-05T13:10:19.693920+00:00,1 41335U 16011A   24279.54883905  .00001022  00000-0  44013-3 0  9991,2 41335  98.6289 344.7585 0001071 108.4400 251.6897 14.26746885449705
2024-10-05T19:54:16.406784+00:00,1 41335U 16011A   24279.82935656  .00001024  00000-0  44104-3 0  9996,2 41335  98.6288 345.0350 0001078 108.5895 251.5402 14.26747438449744
2024-10-05T21:35:15.584352+00:00,1 41335U 16011A   24279.89948593  .00001034  00000-0  44532-3 0  9993,2 41335  98.6288 345.1042 0001081 108.6997 251.4300 14.26747596449753
2024-10-06T04:19:12.320544+00:00,1 41335U 16011A   24280.18000371  .00000873  00000-0  37876-3 0  9993,2 41335  98.6287 345.3807 0001079 108.7755 251.3542 14.26747189449792
2024-10-06T09:22:09.847200+00:00,1 41335U 16011A   24280.39039175  .00000895  00000-0  38788-3 0  9997,2 41335  98.6287 345.5882 0001082 108.6968 251.4330 14.26747639449826
2024-10-06T09:22:09.847200+00:00,1 41335U 16011A   24280.39039175  .00000895  00000-0  38788-3 0  9997,2 41335  98.6287 345.5882 0001082 108.6968 251.4330 14.26747639449826
2024-10-06T19:28:05.579616+00:00,1 41335U 16011A   24280.81117569  .00000902  00000-0  39058-3 0  9998,2 41335  98.6285 346.0030 0001093 102.8739 257.2563 14.26725488449885
2024-10-06T21:09:04.844448+00:00,1 41335U 16011A   24280.88130607  .00000902  00000-0  39062-3 0  9998,2 41335  98.6285 346.0721 0001108 103.1520 256.9785 14.26725736449890
2024-10-07T03:53:01.908096+00:00,1 41335U 16011A   24281.16182764  .00000898  00000-0  38913-3 0  9999,2 41335  98.6284 346.3487 0001107 103.1377 256.9927 14.26726280449938
2024-10-07T10:36:58.944960+00:00,1 41335U 16011A   24281.44234890  .00001026  00000-0  44190-3 0  9996,2 41335  98.6285 346.6253 0001107 102.8378 257.2926 14.26727294449973
2024-10-07T12:17:58.217568+00:00,1 41335U 16011A   24281.51247937  .00000886  00000-0  38426-3 0  9998,2 41335  98.6285 346.6944 0001109 103.0460 257.0844 14.26726680449983
2024-10-07T19:01:55.257888+00:00,1 41335U 16011A   24281.79300067  .00000916  00000-0  39647-3 0  9992,2 41335  98.6284 346.9709 0001113 103.0900 257.0404 14.26727422450022
2024-10-07T20:42:54.517536+00:00,1 41335U 16011A   24281.86313099  .00000914  00000-0  39576-3 0  9998,2 41335  98.6284 347.0401 0001113 103.0780 257.0525 14.26727543450038
2024-10-08T11:51:47.663424+00:00,1 41335U 16011A   24282.49430166  .00001173  00000-0  50259-3 0  9992,2 41335  98.6283 347.6623 0001122 103.1306 257.0000 14.26730847450123
2024-10-08T13:32:46.907520+00:00,1 41335U 16011A   24282.56443180  .00001169  00000-0  50097-3 0  9995,2 41335  98.6283 347.7315 0001123 103.1120 257.0186 14.26731008450133
2024-10-08T20:16:44.061888+00:00,1 41335U 16011A   24282.84495442  .00000826  00000-0  35941-3 0  9994,2 41335  98.6283 348.0080 0001127 103.1123 257.0184 14.26729217450174
2024-10-08T20:16:44.061888+00:00,1 41335U 16011A   24282.84495442  .00000826  00000-0  35941-3 0  9994,2 41335  98.6283 348.0080 0001127 103.1123 257.0184 14.26729217450174
2024-10-09T04:41:40.294464+00:00,1 41335U 16011A   24283.19560526  .00000964  00000-0  41636-3 0  9990,2 41335  98.6282 348.3537 0001130 103.0273 257.1033 14.26730712450224
2024-10-09T11:25:37.276032+00:00,1 41335U 16011A   24283.47612588  .00000940  00000-0  40625-3 0  9998,2 41335  98.6282 348.6302 0001137 102.9909 257.1399 14.26731173450269
2024-10-09T13:06:36.558144+00:00,1 41335U 16011A   24283.54625646  .00000792  00000-0  34540-3 0  9999,2 41335  98.6282 348.6993 0001134 103.2395 256.8912 14.26730409450274
2024-10-09T19:50:33.529344+00:00,1 41335U 16011A   24283.82677696  .00000846  00000-0  36741-3 0  9997,2 41335  98.6282 348.9759 0001135 103.2874 256.8433 14.26731287450318
2024-10-10T04:15:29.745504+00:00,1 41335U 16011A   24284.17742761  .00000908  00000-0  39312-3 0  9998,2 41335  98.6281 349.3215 0001128 102.8372 257.2934 14.26732329450363
2024-10-10T10:59:26.695968+00:00,1 41335U 16011A   24284.45794787  .00000901  00000-0  39031-3 0  9995,2 41335  98.6281 349.5981 0001130 102.8846 257.2460 14.26732853450405
2024-10-10T12:40:25.946112+00:00,1 41335U 16011A   24284.52807808  .00000831  00000-0  36159-3 0  9992,2 41335  98.6281 349.6673 0001129 103.1836 256.9471 14.26732603450417
2024-10-10T19:24:22.687488+00:00,1 41335U 16011A   24284.80859592  .00001349  00000-0  57545-3 0  9997,2 41335  98.6281 349.9438 0001124 102.8903 257.2403 14.26736640450453
2024-10-10T21:05:21.908256+00:00,1 41335U 16011A   24284.87872579  .00001343  00000-0  57289-3 0  9993,2 41335  98.6281 350.0129 0001123 102.8735 257.2571 14.26736816450467
2024-10-11T03:49:18.258240+00:00,1 41335U 16011A   24285.15923910  .00003808  00000-0  15900-2 0  9992,2 41335  98.6280 350.2895 0001113 101.5357 258.5948 14.26752527450507
2024-10-11T12:14:15.064512+00:00,1 41335U 16011A   24285.50989658  .00001029  00000-0  44303-3 0  9995,2 41335  98.6280 350.6351 0001121 103.3020 256.8286 14.26736088450559
2024-10-11T20:39:11.216736+00:00,1 41335U 16011A   24285.86054649  .00001008  00000-0  43447-3 0  9992,2 41335  98.6280 350.9808 0001128 103.1919 256.9387 14.26736472450607
2024-10-12T03:23:08.106720+00:00,1 41335U 16011A   24286.14106605  .00000977  00000-0  42185-3 0  9996,2 41335  98.6279 351.2573 0001131 103.1034 257.0273 14.26736898450642
2024-10-12T11:48:04.254624+00:00,1 41335U 16011A   24286.49171591  .00000849  00000-0  36881-3 0  9994,2 41335  98.6279 351.6030 0001139 103.2166 256.9142 14.26736793450691
2024-10-12T11:48:04.254624+00:00,1 41335U 16011A   24286.49171591  .00000849  00000-0  36881-3 0  9994,2 41335  98.6279 351.6030 0001139 103.2166 256.9142 14.26736793450691
2024-10-12T20:13:00.341184+00:00,1 41335U 16011A   24286.84236506  .00000858  00000-0  37264-3 0  9997,2 41335  98.6279 351.9487 0001141 103.1534 256.9774 14.26737563450744
2024-10-13T11:21:53.314272+00:00,1 41335U 16011A   24287.47353373  .00000742  00000-0  32459-3 0  9992,2 41335  98.6278 352.5708 0001141 103.2737 256.8571 14.26738050450838
2024-10-13T13:02:52.527264+00:00,1 41335U 16011A   24287.54366351  .00000735  00000-0  32180-3 0  9993,2 41335  98.6278 352.6400 0001142 103.3197 256.8111 14.26738157450849
2024-10-13T19:46:49.383552+00:00,1 41335U 16011A   24287.82418268  .00000612  00000-0  27088-3 0  9994,2 41335  98.6278 352.9165 0001141 103.5487 256.5820 14.26738021450881
2024-10-13T21:27:48.594816+00:00,1 41335U 16011A   24287.89431244  .00000595  00000-0  26402-3 0  9999,2 41335  98.6278 352.9856 0001137 103.4106 256.7201 14.26738119450894
2024-10-14T04:11:45.448512+00:00,1 41335U 16011A   24288.17483158  .00000551  00000-0  24550-3 0  9996,2 41335  98.6277 353.2621 0001131 103.2641 256.8665 14.26738463450935
2024-10-14T12:36:41.503968+00:00,1 41335U 16011A   24288.52548037  .00000491  00000-0  22101-3 0  9996,2 41335  98.6277 353.6078 0001134 103.3207 256.8100 14.26738764450980
2024-10-14T19:20:38.341248+00:00,1 41335U 16011A   24288.80599932  .00000493  00000-0  22159-3 0  9992,2 41335  98.6276 353.8843 0001135 103.3609 256.7698 14.26739184451022
2024-10-14T21:01:37.549920+00:00,1 41335U 16011A   24288.87612905  .00000482  00000-0  21713-3 0  9998,2 41335  98.6276 353.9534 0001133 103.3110 256.8197 14.26739246451030
2024-10-15T03:45:34.381152+00:00,1 41335U 16011A   24289.15664793  .00000515  00000-0  23071-3 0  9998,2 41335  98.6276 354.2299 0001130 103.1803 256.9504 14.26739763451077
2024-10-15T12:10:30.421920+00:00,1 41335U 16011A   24289.50729655  .00000445  00000-0  20175-3 0  9990,2 41335  98.6276 354.5755 0001137 103.2879 256.8428 14.26739888451126
2024-10-15T13:51:29.628864+00:00,1 41335U 16011A   24289.57742626  .00000446  00000-0  20245-3 0  9999,2 41335  98.6276 354.6447 0001138 103.2047 256.9260 14.26739980451132
2024-10-15T20:35:26.454912+00:00,1 41335U 16011A   24289.85794508  .00000446  00000-0  20247-3 0  9998,2 41335  98.6275 354.9212 0001138 103.0074 257.1233 14.26740279451172
2024-10-15T22:16:25.658400+00:00,1 41335U 16011A   24289.92807475  .00000441  00000-0  20024-3 0  9992,2 41335  98.6275 354.9903 0001139 103.1572 256.9736 14.26740347451186
2024-10-16T05:00:22.522464+00:00,1 41335U 16011A   24290.20859401  .00000678  00000-0  29820-3 0  9996,2 41335  98.6274 355.2668 0001140 102.8310 257.2998 14.26741735451226
2024-10-16T11:44:19.327776+00:00,1 41335U 16011A   24290.48911259  .00000667  00000-0  29376-3 0  9990,2 41335  98.6274 355.5433 0001147 102.8201 257.3108 14.26742024451265
2024-10-16T13:25:18.527808+00:00,1 41335U 16011A   24290.55924222  .00000669  00000-0  29461-3 0  9999,2 41335  98.6274 355.6124 0001148 102.8372 257.2937 14.26742129451279
2024-10-16T15:06:17.728704+00:00,1 41335U 16011A   24290.62937186  .00000677  00000-0  29773-3 0  9995,2 41335  98.6274 355.6816 0001147 102.7162 257.4147 14.26742253451286
2024-10-16T20:09:15.358176+00:00,1 41335U 16011A   24290.83976109  .00000647  00000-0  28545-3 0  9999,2 41335  98.6273 355.8889 0001155 102.6502 257.4808 14.26742214451318
2024-10-16T21:50:14.559936+00:00,1 41335U 16011A   24290.90989074  .00000650  00000-0  28668-3 0  9992,2 41335  98.6273 355.9581 0001156 102.7545 257.3765 14.26742298451321
2024-10-17T04:34:11.366112+00:00,1 41335U 16011A   24291.19040933  .00000713  00000-0  31248-3 0  9994,2 41335  98.6273 356.2346 0001155 102.5748 257.5562 14.26742925451364
2024-10-17T11:18:08.170560+00:00,1 41335U 16011A   24291.47092790  .00000774  00000-0  33766-3 0  9997,2 41335  98.6273 356.5111 0001161 102.6706 257.4605 14.26743494451403
2024-10-17T11:18:08.170560+00:00,1 41335U 16011A   24291.47092790  .00000774  00000-0  33766-3 0  9997,2 41335  98.6273 356.5111 0001161 102.6706 257.4605 14.26743494451403
2024-10-19T10:25:46.771968+00:00,1 41335U 16011A   24293.43456912  .00000826  00000-0  35910-3 0  9996,2 41335  98.6269 358.4466 0001180 100.6474 259.4839 14.26736238451682
2024-10-19T12:06:46.039392+00:00,1 41335U 16011A   24293.50469953  .00000804  00000-0  35024-3 0  9995,2 41335  98.6269 358.5157 0001180 100.5624 259.5689 14.26736072451697
2024-10-19T20:31:42.228768+00:00,1 41335U 16011A   24293.85534987  .00000624  00000-0  27593-3 0  9995,2 41335  98.6268 358.8613 0001182 100.5889 259.5425 14.26735357451740
2024-10-19T22:12:41.456448+00:00,1 41335U 16011A   24293.92547982  .00000625  00000-0  27636-3 0  9991,2 41335  98.6268 358.9304 0001183 100.5700 259.5614 14.26735438451752
2024-10-20T03:15:39.122208+00:00,1 41335U 16011A   24294.13586947  .00000658  00000-0  28992-3 0  9991,2 41335  98.6268 359.1378 0001183 100.5319 259.5995 14.26735934451788
2024-10-20T13:21:34.524576+00:00,1 41335U 16011A   24294.55664959  .00000666  00000-0  29302-3 0  9992,2 41335  98.6267 359.5526 0001178 100.4811 259.6502 14.26736243451842
2024-10-20T20:05:31.484544+00:00,1 41335U 16011A   24294.83716996  .00000592  00000-0  26251-3 0  9990,2 41335  98.6267 359.8290 0001182 100.4246 259.7067 14.26735967451883
2024-10-20T21:46:30.710496+00:00,1 41335U 16011A   24294.90729989  .00000590  00000-0  26188-3 0  9991,2 41335  98.6267 359.8982 0001181 100.3841 259.7473 14.26736036451890
2024-10-21T04:30:27.679104+00:00,1 41335U 16011A   24295.18782036  .00000421  00000-0  19210-3 0  9995,2 41335  98.6266   0.1746 0001181 100.5259 259.6055 14.26735208451938
2024-10-21T11:14:24.569952+00:00,1 41335U 16011A   24295.46833993  .00000452  00000-0  20485-3 0  9995,2 41335  98.6266   0.4512 0001185 100.5786 259.5528 14.26735672451974
2024-10-21T12:55:23.795904+00:00,1 41335U 16011A   24295.53846986  .00000448  00000-0  20332-3 0  9995,2 41335  98.6266   0.5203 0001186 100.6408 259.4906 14.26735736451986
2024-10-21T19:39:20.698848+00:00,1 41335U 16011A   24295.81898957  .00000402  00000-0  18424-3 0  9990,2 41335  98.6265   0.7968 0001185 100.6197 259.5117 14.26735767452024
2024-10-21T21:20:19.923936+00:00,1 41335U 16011A   24295.88911949  .00000398  00000-0  18265-3 0  9991,2 41335  98.6265   0.8659 0001183 100.5762 259.5552 14.26735811452031
2024-10-22T04:04:16.845888+00:00,1 41335U 16011A   24296.16963942  .00000337  00000-0  15739-3 0  9999,2 41335  98.6265   1.1423 0001177 100.8743 259.2570 14.26735671452074
2024-10-22T12:29:12.964416+00:00,1 41335U 16011A   24296.52028894  .00000320  00000-0  15019-3 0  9990,2 41335  98.6265   1.4880 0001181 101.0629 259.0684 14.26735931452124
2024-10-22T12:29:12.964416+00:00,1 41335U 16011A   24296.52028894  .00000320  00000-0  15019-3 0  9990,2 41335  98.6265   1.4880 0001181 101.0629 259.0684 14.26735931452124
2024-10-22T19:13:09.857856+00:00,1 41335U 16011A   24296.80080854  .00000317  00000-0  14890-3 0  9997,2 41335  98.6264   1.7645 0001183 101.0407 259.0906 14.26736145452160
2024-10-22T22:35:08.294208+00:00,1 41335U 16011A   24296.94106822  .00000326  00000-0  15254-3 0  9991,2 41335  98.6264   1.9027 0001186 101.0628 259.0686 14.26736337452184
2024-10-23T07:00:04.401504+00:00,1 41335U 16011A   24297.29171761  .00000324  00000-0  15187-3 0  9997,2 41335  98.6264   2.2483 0001181 100.8515 259.2798 14.26736648452238
2024-10-23T12:03:02.060352+00:00,1 41335U 16011A   24297.50210718  .00000342  00000-0  15924-3 0  9996,2 41335  98.6264   2.4556 0001180 100.8952 259.2361 14.26736920452267
2024-10-23T13:44:01.279392+00:00,1 41335U 16011A   24297.57223703  .00000345  00000-0  16043-3 0  9997,2 41335  98.6263   2.5248 0001181 100.8292 259.3021 14.26736998452273
2024-10-23T22:08:57.366816+00:00,1 41335U 16011A   24297.92288619  .00000341  00000-0  15893-3 0  9991,2 41335  98.6263   2.8703 0001182 100.7055 259.4258 14.26737327452325
2024-10-24T04:52:54.234336+00:00,1 41335U 16011A   24298.20340549  .00000379  00000-0  17463-3 0  9990,2 41335  98.6262   3.1468 0001181 100.6060 259.5254 14.26737790452365
2024-10-24T11:36:51.091488+00:00,1 41335U 16011A   24298.48392467  .00000459  00000-0  20785-3 0  9996,2 41335  98.6263   3.4233 0001185 100.4763 259.6551 14.26738435452404
2024-10-24T13:17:50.305344+00:00,1 41335U 16011A   24298.55405446  .00000461  00000-0  20846-3 0  9997,2 41335  98.6263   3.4924 0001184 100.4682 259.6632 14.26738514452419
2024-10-24T20:01:47.166816+00:00,1 41335U 16011A   24298.83457369  .00000421  00000-0  19200-3 0  9997,2 41335  98.6262   3.7689 0001185 100.3883 259.7431 14.26738569452454
2024-10-25T19:35:36.133152+00:00,1 41335U 16011A   24299.81639043  .00000440  00000-0  19990-3 0  9994,2 41335  98.6261   4.7365 0001188 100.1539 259.9776 14.26739570452596
2024-10-25T19:35:36.133152+00:00,1 41335U 16011A   24299.81639043  .00000440  00000-0  19990-3 0  9994,2 41335  98.6261   4.7365 0001188 100.1539 259.9776 14.26739570452596
2024-10-26T04:00:32.183424+00:00,1 41335U 16011A   24300.16703916  .00000430  00000-0  19568-3 0  9996,2 41335  98.6261   5.0821 0001177 100.1681 259.9632 14.26739830452649
2024-10-26T10:44:29.015520+00:00,1 41335U 16011A   24300.44755805  .00000427  00000-0  19453-3 0  9990,2 41335  98.6261   5.3586 0001184 100.2356 259.8958 14.26740078452688
2024-10-26T12:25:28.223328+00:00,1 41335U 16011A   24300.51768777  .00000455  00000-0  20594-3 0  9999,2 41335  98.6261   5.4277 0001184 100.2797 259.8517 14.26740291452694
2024-10-26T20:50:24.227808+00:00,1 41335U 16011A   24300.86833597  .00000481  00000-0  21662-3 0  9996,2 41335  98.6261   5.7733 0001192 100.1567 259.9748 14.26740877452740
2024-10-26T22:31:23.430432+00:00,1 41335U 16011A   24300.93846563  .00000483  00000-0  21746-3 0  9996,2 41335  98.6261   5.8424 0001191 100.1971 259.9344 14.26740957452758
2024-10-27T03:34:21.030528+00:00,1 41335U 16011A   24301.14885452  .00000591  00000-0  26221-3 0  9993,2 41335  98.6261   6.0497 0001189 100.0255 260.1060 14.26741782452781
2024-10-27T11:59:17.037600+00:00,1 41335U 16011A   24301.49950275  .00000681  00000-0  29933-3 0  9990,2 41335  98.6261   6.3953 0001197  99.7596 260.3720 14.26742551452838
2024-10-27T13:40:16.235040+00:00,1 41335U 16011A   24301.56963235  .00000688  00000-0  30222-3 0  9998,2 41335  98.6261   6.4644 0001199  99.7404 260.3912 14.26742679452841
2024-10-27T20:24:13.004064+00:00,1 41335U 16011A   24301.85015051  .00000718  00000-0  31462-3 0  9995,2 41335  98.6260   6.7408 0001184  98.6967 261.4347 14.26743260452882
2024-10-27T22:05:12.200640+00:00,1 41335U 16011A   24301.92028010  .00000716  00000-0  31381-3 0  9990,2 41335  98.6260   6.8100 0001189  98.7525 261.3790 14.26743343452892
2024-10-28T04:49:08.997312+00:00,1 41335U 16011A   24302.20079858  .00000714  00000-0  31319-3 0  9997,2 41335  98.6260   7.0864 0001189  98.5808 261.5507 14.26743660452939
2024-10-28T11:33:05.749056+00:00,1 41335U 16011A   24302.48131654  .00000785  00000-0  34249-3 0  9993,2 41335  98.6260   7.3629 0001190  98.6184 261.5131 14.26744383452971
2024-10-28T13:14:04.945632+00:00,1 41335U 16011A   24302.55144613  .00000763  00000-0  33321-3 0  9996,2 41335  98.6260   7.4320 0001189  98.7071 261.4244 14.26744367452981
2024-10-28T18:17:02.511168+00:00,1 41335U 16011A   24302.76183462  .00000767  00000-0  33499-3 0  9994,2 41335  98.6259   7.6394 0001184  98.4598 261.6716 14.26744694453012
2024-10-28T21:39:00.883584+00:00,1 41335U 16011A   24302.90209356  .00000792  00000-0  34513-3 0  9997,2 41335  98.6259   7.7776 0001200  98.7475 261.3841 14.26745020453035
2024-10-29T04:22:57.644832+00:00,1 41335U 16011A   24303.18261163  .00000736  00000-0  32187-3 0  9995,2 41335  98.6259   8.0541 0001202  99.0353 261.0963 14.26745128453075
2024-10-29T11:06:54.392256+00:00,1 41335U 16011A   24303.46312954  .00000792  00000-0  34511-3 0  9996,2 41335  98.6259   8.3306 0001193  98.9021 261.2294 14.26745742453112
2024-10-29T14:28:52.759488+00:00,1 41335U 16011A   24303.60338842  .00000782  00000-0  34112-3 0  9992,2 41335  98.6259   8.4688 0001188  98.8447 261.2868 14.26745943453133
2024-10-29T16:09:51.943968+00:00,1 41335U 16011A   24303.67351787  .00000775  00000-0  33814-3 0  9992,2 41335  98.6259   8.5380 0001187  98.8561 261.2754 14.26746020453141
2024-10-29T21:12:49.479264+00:00,1 41335U 16011A   24303.88390601  .00000785  00000-0  34223-3 0  9999,2 41335  98.6258   8.7453 0001190  99.1004 261.0311 14.26746434453172
2024-10-30T03:56:46.192128+00:00,1 41335U 16011A   24304.16442352  .00000803  00000-0  34966-3 0  9997,2 41335  98.6258   9.0217 0001178  98.5774 261.5540 14.26747007453218
2024-10-30T08:59:43.728288+00:00,1 41335U 16011A   24304.37481167  .00000790  00000-0  34419-3 0  9995,2 41335  98.6258   9.2291 0001177  98.6065 261.5249 14.26747272453248
2024-10-30T08:59:43.728288+00:00,1 41335U 16011A   24304.37481167  .00000790  00000-0  34419-3 0  9995,2 41335  98.6258   9.2291 0001177  98.6065 261.5249 14.26747272453248
2024-10-31T05:11:34.907136+00:00,1 41335U 16011A   24305.21637624  .00000804  00000-0  35009-3 0  9992,2 41335  98.6256  10.0583 0001200  93.7816 266.3502 14.26729086453368
2024-10-31T13:36:31.158720+00:00,1 41335U 16011A   24305.56702730  .00001038  00000-0  44704-3 0  9993,2 41335  98.6256  10.4038 0001206  93.8826 266.2493 14.26729798453419
2024-10-31T20:20:28.166208+00:00,1 41335U 16011A   24305.84754822  .00000797  00000-0  34741-3 0  9994,2 41335  98.6254  10.6803 0001207  93.5414 266.5905 14.26730143453451
2024-10-31T22:01:27.416352+00:00,1 41335U 16011A   24305.91767843  .00000797  00000-0  34740-3 0  9998,2 41335  98.6254  10.7494 0001204  93.3179 266.8140 14.26730252453467
2024-11-01T04:45:24.385824+00:00,1 41335U 16011A   24306.19819891  .00000871  00000-0  37785-3 0  9995,2 41335  98.6254  11.0258 0001203  93.3847 266.7471 14.26731211453507
2024-11-01T11:29:21.376896+00:00,1 41335U 16011A   24306.47871964  .00000795  00000-0  34669-3 0  9998,2 41335  98.6254  11.3023 0001204  93.5744 266.5574 14.26731269453548
2024-11-01T13:10:20.620992+00:00,1 41335U 16011A   24306.54884978  .00000794  00000-0  34592-3 0  9999,2 41335  98.6253  11.3714 0001203  93.4231 266.7087 14.26731387453556
2024-11-01T19:54:17.580960+00:00,1 41335U 16011A   24306.82937015  .00000839  00000-0  36473-3 0  9991,2 41335  98.6252  11.6478 0001202  93.0203 267.1115 14.26732147453595
2024-11-01T21:35:16.821600+00:00,1 41335U 16011A   24306.89950025  .00000838  00000-0  36442-3 0  9999,2 41335  98.6252  11.7169 0001202  93.0016 267.1302 14.26732264453605
2024-11-02T02:38:14.538336+00:00,1 41335U 16011A   24307.10989049  .00000835  00000-0  36309-3 0  9991,2 41335  98.6252  11.9243 0001199  92.9883 267.1435 14.26732640453633
2024-11-02T11:03:10.711296+00:00,1 41335U 16011A   24307.46054064  .00000867  00000-0  37625-3 0  9997,2 41335  98.6252  12.2699 0001184  92.5107 267.6209 14.26733440453689
2024-11-02T12:44:09.944160+00:00,1 41335U 16011A   24307.53067065  .00000872  00000-0  37844-3 0  9999,2 41335  98.6251  12.3390 0001188  92.6705 267.4612 14.26733601453692
2024-11-02T19:28:06.858336+00:00,1 41335U 16011A   24307.81119049  .00000920  00000-0  39796-3 0  9992,2 41335  98.6251  12.6154 0001190  92.5217 267.6099 14.26734455453737
2024-11-02T21:09:06.088608+00:00,1 41335U 16011A   24307.88132047  .00000921  00000-0  39851-3 0  9995,2 41335  98.6250  12.6845 0001187  92.4653 267.6664 14.26734588453748
2024-11-03T03:53:02.998464+00:00,1 41335U 16011A   24308.16184026  .00000918  00000-0  39735-3 0  9998,2 41335  98.6250  12.9609 0001185  92.7253 267.4063 14.26735177453786
2024-11-03T10:36:59.904864+00:00,1 41335U 16011A   24308.44236001  .00000919  00000-0  39766-3 0  9995,2 41335  98.6250  13.2374 0001188  92.7428 267.3888 14.26735716453824
2024-11-03T13:58:58.380096+00:00,1 41335U 16011A   24308.58262014  .00000914  00000-0  39568-3 0  9998,2 41335  98.6249  13.3756 0001184  92.7027 267.4289 14.26735882453840
2024-11-03T19:01:56.050176+00:00,1 41335U 16011A   24308.79300984  .00000934  00000-0  40409-3 0  9998,2 41335  98.6249  13.5828 0001179  92.0433 268.0882 14.26736362453873
2024-11-03T22:23:54.473568+00:00,1 41335U 16011A   24308.93326937  .00000966  00000-0  41720-3 0  9992,2 41335  98.6248  13.7210 0001183  92.1240 268.0075 14.26736895453898
2024-11-04T06:48:50.555808+00:00,1 41335U 16011A   24309.28391847  .00000983  00000-0  42413-3 0  9992,2 41335  98.6248  14.0665 0001171  92.2072 267.9243 14.26737750453949
2024-11-04T10:10:48.987840+00:00,1 41335U 16011A   24309.42417810  .00000998  00000-0  43049-3 0  9999,2 41335  98.6248  14.2048 0001169  92.1245 268.0069 14.26738063453962
2024-11-04T13:32:47.431104+00:00,1 41335U 16011A   24309.56443786  .00000862  00000-0  37402-3 0  9991,2 41335  98.6248  14.3430 0001166  92.3362 267.7952 14.26737625453989
2024-11-04T18:35:45.084768+00:00,1 41335U 16011A   24309.77482737  .00000832  00000-0  36188-3 0  9990,2 41335  98.6247  14.5503 0001163  92.1103 268.0210 14.26737878454015
2024-11-04T21:57:43.510752+00:00,1 41335U 16011A   24309.91508693  .00000811  00000-0  35312-3 0  9991,2 41335  98.6247  14.6885 0001172  92.2630 267.8684 14.26738061454034
2024-11-05T03:00:41.146272+00:00,1 41335U 16011A   24310.12547623  .00000797  00000-0  34733-3 0  9991,2 41335  98.6247  14.8959 0001179  93.2338 266.8977 14.26738421454068
2024-11-05T11:25:37.201728+00:00,1 41335U 16011A   24310.47612502  .00000822  00000-0  35779-3 0  9998,2 41335  98.6247  15.2415 0001186  93.3324 266.7992 14.26739223454117
2024-11-05T14:47:35.624256+00:00,1 41335U 16011A   24310.61638454  .00000733  00000-0  32088-3 0  9999,2 41335  98.6246  15.3797 0001182  93.3863 266.7453 14.26739024454137
2024-11-05T18:09:34.046784+00:00,1 41335U 16011A   24310.75664406  .00000711  00000-0  31181-3 0  9999,2 41335  98.6246  15.5179 0001182  93.3316 266.8000 14.26739162454150
2024-11-06T04:15:29.280672+00:00,1 41335U 16011A   24311.17742223  .00000669  00000-0  29430-3 0  9996,2 41335  98.6245  15.9324 0001166  93.1926 266.9388 14.26739768454211
2024-11-06T05:56:28.478976+00:00,1 41335U 16011A   24311.24755184  .00000808  00000-0  35184-3 0  9992,2 41335  98.6245  16.0015 0001166  93.1370 266.9943 14.26740669454223
2024-11-06T10:59:26.084256+00:00,1 41335U 16011A   24311.45794079  .00000800  00000-0  34847-3 0  9998,2 41335  98.6245  16.2089 0001170  93.1980 266.9334 14.26741054454254
2024-11-06T14:21:24.484320+00:00,1 41335U 16011A   24311.59820005  .00000800  00000-0  34844-3 0  9999,2 41335  98.6245  16.3471 0001169  93.1677 266.9637 14.26741353454271
2024-11-06T19:24:22.084416+00:00,1 41335U 16011A   24311.80858894  .00000790  00000-0  34437-3 0  9996,2 41335  98.6245  16.5544 0001167  93.0284 267.1030 14.26741684454306
2024-11-06T22:46:20.479296+00:00,1 41335U 16011A   24311.94884814  .00000722  00000-0  31643-3 0  9993,2 41335  98.6244  16.6927 0001166  93.1643 266.9671 14.26741580454325
2024-11-07T03:49:18.074208+00:00,1 41335U 16011A   24312.15923697  .00000699  00000-0  30662-3 0  9993,2 41335  98.6244  16.9000 0001166  93.0392 267.0922 14.26741884454351
2024-11-07T13:55:13.251936+00:00,1 41335U 16011A   24312.58001449  .00000745  00000-0  32570-3 0  9994,2 41335  98.6244  17.3147 0001165  92.8836 267.2478 14.26742791454410
2024-11-07T18:58:10.828704+00:00,1 41335U 16011A   24312.79040311  .00000740  00000-0  32370-3 0  9991,2 41335  98.6244  17.5220 0001168  92.6002 267.5312 14.26743169454443
2024-11-07T22:20:09.213216+00:00,1 41335U 16011A   24312.93066219  .00000729  00000-0  31902-3 0  9999,2 41335  98.6243  17.6602 0001166  92.4847 267.6467 14.26743361454468
2024-11-08T03:23:06.785664+00:00,1 41335U 16011A   24313.14105076  .00000720  00000-0  31556-3 0  9994,2 41335  98.6243  17.8675 0001165  92.3167 267.8147 14.26743700454490
2024-11-08T11:48:02.735712+00:00,1 41335U 16011A   24313.49169833  .00000735  00000-0  32158-3 0  9998,2 41335  98.6243  18.2130 0001170  92.4556 267.6758 14.26744358454542
2024-11-08T18:31:59.496960+00:00,1 41335U 16011A   24313.77221640  .00000739  00000-0  32322-3 0  9991,2 41335  98.6243  18.4894 0001170  92.3502 267.7812 14.26744849454582
2024-11-08T21:53:57.871968+00:00,1 41335U 16011A   24313.91247537  .00000709  00000-0  31072-3 0  9998,2 41335  98.6242  18.6276 0001170  92.4020 267.7294 14.26744918454607
2024-11-09T02:56:55.422816+00:00,1 41335U 16011A   24314.12286369  .00000712  00000-0  31234-3 0  9992,2 41335  98.6242  18.8349 0001170  92.3536 267.7778 14.26745300454637
2024-11-09T11:21:51.309792+00:00,1 41335U 16011A   24314.47351053  .00000814  00000-0  35419-3 0  9995,2 41335  98.6242  19.1805 0001166  91.8313 268.3001 14.26746435454681
2024-11-09T13:02:50.426880+00:00,1 41335U 16011A   24314.54363920  .00000965  00000-0  41680-3 0  9993,2 41335  98.6242  19.2496 0001167  91.6887 268.4427 14.26747577454695
2024-11-09T19:46:47.124192+00:00,1 41335U 16011A   24314.82415653  .00000948  00000-0  40943-3 0  9997,2 41335  98.6242  19.5260 0001167  91.5119 268.6195 14.26748055454735
2024-11-09T21:27:46.367424+00:00,1 41335U 16011A   24314.89428666  .00000903  00000-0  39105-3 0  9991,2 41335  98.6242  19.5951 0001167  91.5177 268.6137 14.26747683454749
2024-11-10T04:11:43.063008+00:00,1 41335U 16011A   24315.17480397  .00000867  00000-0  37614-3 0  9994,2 41335  98.6242  19.8715 0001163  91.6055 268.5259 14.26748098454781
2024-11-10T10:55:39.775008+00:00,1 41335U 16011A   24315.45532147  .00000807  00000-0  35149-3 0  9991,2 41335  98.6242  20.1479 0001161  91.7418 268.3896 14.26748135454827
2024-11-10T14:17:38.140512+00:00,1 41335U 16011A   24315.59558033  .00000706  00000-0  30977-3 0  9990,2 41335  98.6241  20.2861 0001160  91.8659 268.2654 14.26747781454848
2024-11-10T19:20:35.658528+00:00,1 41335U 16011A   24315.80596827  .00000696  00000-0  30561-3 0  9994,2 41335  98.6241  20.4934 0001159  91.6750 268.4563 14.26748071454876
2024-11-10T22:42:33.992064+00:00,1 41335U 16011A   24315.94622676  .00000773  00000-0  33722-3 0  9999,2 41335  98.6241  20.6316 0001158  91.7668 268.3645 14.26748693454892
2024-11-11T03:45:31.497984+00:00,1 41335U 16011A   24316.15661456  .00000767  00000-0  33470-3 0  9995,2 41335  98.6241  20.8389 0001156  91.5656 268.5657 14.26749034454926
2024-11-11T07:07:29.853984+00:00,1 41335U 16011A   24316.29687331  .00000718  00000-0  31460-3 0  9993,2 41335  98.6241  20.9771 0001155  91.6355 268.4958 14.26748962454942
2024-11-11T07:07:29.853984+00:00,1 41335U 16011A   24316.29687331  .00000718  00000-0  31460-3 0  9993,2 41335  98.6241  20.9771 0001155  91.6355 268.4958 14.26748962454942
2024-11-11T18:54:24.491808+00:00,1 41335U 16011A   24316.78778347  .00000678  00000-0  29836-3 0  9994,2 41335  98.6240  21.4603 0001183  87.3839 272.7477 14.26731300455012
2024-11-12T03:19:20.706240+00:00,1 41335U 16011A   24317.13843410  .00000627  00000-0  27716-3 0  9997,2 41335  98.6239  21.8063 0001189  87.5327 272.5989 14.26731847455061
2024-11-12T11:44:16.916352+00:00,1 41335U 16011A   24317.48908468  .00000434  00000-0  19746-3 0  9990,2 41335  98.6240  22.1517 0001185  88.1768 271.9548 14.26732106455112
2024-11-12T13:25:16.159584+00:00,1 41335U 16011A   24317.55921481  .00000443  00000-0  20117-3 0  9992,2 41335  98.6240  22.2208 0001186  88.0979 272.0337 14.26732263455127
2024-11-12T20:09:13.116960+00:00,1 41335U 16011A   24317.83973515  .00000437  00000-0  19872-3 0  9997,2 41335  98.6239  22.4972 0001186  87.9328 272.1988 14.26732512455165
2024-11-12T21:50:12.356736+00:00,1 41335U 16011A   24317.90986524  .00000385  00000-0  17723-3 0  9994,2 41335  98.6239  22.5662 0001187  87.9915 272.1401 14.26732329455172
2024-11-13T02:53:10.073472+00:00,1 41335U 16011A   24318.12025548  .00000379  00000-0  17473-3 0  9994,2 41335  98.6239  22.7735 0001186  87.8308 272.3008 14.26732515455205
2024-11-13T11:18:06.268032+00:00,1 41335U 16011A   24318.47090588  .00000417  00000-0  19028-3 0  9999,2 41335  98.6238  23.1191 0001186  87.7128 272.4188 14.26733062455257
2024-11-13T14:40:04.747584+00:00,1 41335U 16011A   24318.61116606  .00000390  00000-0  17938-3 0  9993,2 41335  98.6238  23.2573 0001187  87.6319 272.4997 14.26733058455279
2024-11-13T16:21:03.983040+00:00,1 41335U 16011A   24318.68129610  .00000389  00000-0  17864-3 0  9995,2 41335  98.6238  23.3264 0001186  87.6200 272.5116 14.26733121455281
2024-11-13T19:43:02.452224+00:00,1 41335U 16011A   24318.82155616  .00000382  00000-0  17601-3 0  9998,2 41335  98.6238  23.4646 0001186  87.5464 272.5852 14.26733226455303
2024-11-13T23:05:00.921408+00:00,1 41335U 16011A   24318.96181622  .00000379  00000-0  17480-3 0  9990,2 41335  98.6237  23.6028 0001184  87.5719 272.5597 14.26733352455327
2024-11-14T10:51:55.560960+00:00,1 41335U 16011A   24319.45272640  .00000432  00000-0  19661-3 0  9999,2 41335  98.6237  24.0864 0001166  87.2916 272.8397 14.26733907455390
2024-11-14T14:13:54.020640+00:00,1 41335U 16011A   24319.59298635  .00000418  00000-0  19070-3 0  9994,2 41335  98.6237  24.2246 0001164  87.3733 272.7580 14.26734019455413
2024-11-14T14:13:54.020640+00:00,1 41335U 16011A   24319.59298635  .00000418  00000-0  19070-3 0  9994,2 41335  98.6237  24.2246 0001164  87.3733 272.7580 14.26734019455413
2024-11-15T03:41:47.871456+00:00,1 41335U 16011A   24320.15402629  .00000390  00000-0  17908-3 0  9995,2 41335  98.6236  24.7774 0001160  87.1917 272.9396 14.26734448455492
2024-11-15T10:25:44.788224+00:00,1 41335U 16011A   24320.43454616  .00000371  00000-0  17130-3 0  9995,2 41335  98.6236  25.0538 0001156  87.1852 272.9460 14.26734623455539
2024-11-15T13:47:43.243584+00:00,1 41335U 16011A   24320.57480606  .00000384  00000-0  17658-3 0  9997,2 41335  98.6236  25.1919 0001156  87.1898 272.9415 14.26734851455558
2024-11-15T18:50:40.929216+00:00,1 41335U 16011A   24320.78519594  .00000373  00000-0  17231-3 0  9994,2 41335  98.6235  25.3992 0001153  87.0405 273.0907 14.26735004455582
2024-11-15T22:12:39.381120+00:00,1 41335U 16011A   24320.92545580  .00000386  00000-0  17770-3 0  9996,2 41335  98.6235  25.5374 0001153  87.1188 273.0124 14.26735200455609
2024-11-16T03:15:37.062432+00:00,1 41335U 16011A   24321.13584563  .00000376  00000-0  17325-3 0  9999,2 41335  98.6234  25.7447 0001150  86.8393 273.2919 14.26735370455637
2024-11-16T06:37:35.534208+00:00,1 41335U 16011A   24321.27610572  .00000327  00000-0  15304-3 0  9995,2 41335  98.6234  25.8829 0001148  86.8497 273.2815 14.26735168455656
2024-11-16T11:40:33.213792+00:00,1 41335U 16011A   24321.48649553  .00000331  00000-0  15474-3 0  9992,2 41335  98.6234  26.0902 0001148  86.9595 273.1717 14.26735355455682
2024-11-16T18:24:30.122784+00:00,1 41335U 16011A   24321.76701531  .00000311  00000-0  14648-3 0  9998,2 41335  98.6234  26.3666 0001144  86.8865 273.2446 14.26735478455728
2024-11-17T04:30:25.484544+00:00,1 41335U 16011A   24322.18779496  .00000276  00000-0  13225-3 0  9990,2 41335  98.6233  26.7811 0001139  86.7304 273.4007 14.26735602455784
2024-11-17T19:39:18.507744+00:00,1 41335U 16011A   24322.81896421  .00000301  00000-0  14246-3 0  9991,2 41335  98.6232  27.4030 0001134  86.6945 273.4365 14.26736170455877
2024-11-17T21:20:17.732832+00:00,1 41335U 16011A   24322.88909413  .00000286  00000-0  13600-3 0  9999,2 41335  98.6232  27.4721 0001133  86.7797 273.3513 14.26736129455888
2024-11-18T04:04:14.624544+00:00,1 41335U 16011A   24323.16961371  .00000274  00000-0  13129-3 0  9995,2 41335  98.6231  27.7485 0001126  86.7729 273.3580 14.26736309455923
2024-11-18T10:48:11.517120+00:00,1 41335U 16011A   24323.45013330  .00000264  00000-0  12715-3 0  9999,2 41335  98.6231  28.0249 0001124  86.9171 273.2138 14.26736451455966
2024-11-18T14:10:09.961248+00:00,1 41335U 16011A   24323.59039307  .00000262  00000-0  12648-3 0  9999,2 41335  98.6231  28.1630 0001124  86.9577 273.1732 14.26736563455986
2024-11-18T19:13:07.625280+00:00,1 41335U 16011A   24323.80078270  .00000261  00000-0  12602-3 0  9994,2 41335  98.6230  28.3703 0001122  86.8735 273.2574 14.26736697456019
2024-11-18T20:54:06.846048+00:00,1 41335U 16011A   24323.87091257  .00000262  00000-0  12639-3 0  9992,2 41335  98.6230  28.4394 0001122  86.8400 273.2908 14.26736750456027
2024-11-19T03:38:03.728256+00:00,1 41335U 16011A   24324.15143204  .00000258  00000-0  12474-3 0  9996,2 41335  98.6230  28.7158 0001114  86.7366 273.3942 14.26736936456068
2024-11-19T10:22:00.605280+00:00,1 41335U 16011A   24324.43195145  .00000274  00000-0  13104-3 0  9997,2 41335  98.6230  28.9922 0001109  86.7797 273.3510 14.26737200456102
2024-11-19T13:43:59.039904+00:00,1 41335U 16011A   24324.57221111  .00000282  00000-0  13447-3 0  9994,2 41335  98.6230  29.1303 0001107  86.7399 273.3908 14.26737345456127
2024-11-19T18:46:56.695296+00:00,1 41335U 16011A   24324.78260064  .00000283  00000-0  13500-3 0  9998,2 41335  98.6229  29.3376 0001107  86.6025 273.5282 14.26737492456155
2024-11-19T22:08:55.125600+00:00,1 41335U 16011A   24324.92286025  .00000321  00000-0  15073-3 0  9999,2 41335  98.6229  29.4758 0001105  86.5319 273.5988 14.26737820456173
2024-11-20T03:11:52.778400+00:00,1 41335U 16011A   24325.13324975  .00000313  00000-0  14753-3 0  9995,2 41335  98.6229  29.6831 0001102  86.4559 273.6748 14.26737949456200
2024-11-20T11:36:48.870144+00:00,1 41335U 16011A   24325.48389896  .00000272  00000-0  13044-3 0  9992,2 41335  98.6228  30.0285 0001098  86.5672 273.5634 14.26737924456250
2024-11-20T13:17:48.078816+00:00,1 41335U 16011A   24325.55402869  .00000285  00000-0  13588-3 0  9993,2 41335  98.6228  30.0976 0001096  86.5794 273.5512 14.26738075456264
2024-11-20T18:20:45.723840+00:00,1 41335U 16011A   24325.76441810  .00000296  00000-0  14025-3 0  9994,2 41335  98.6228  30.3049 0001098  86.4910 273.6396 14.26738258456296
2024-11-20T21:42:44.161056+00:00,1 41335U 16011A   24325.90467779  .00000296  00000-0  14014-3 0  9990,2 41335  98.6228  30.4431 0001093  86.4719 273.6587 14.26738314456312
2024-11-21T04:26:41.017344+00:00,1 41335U 16011A   24326.18519696  .00000298  00000-0  14102-3 0  9997,2 41335  98.6227  30.7194 0001090  86.5607 273.5698 14.26738536456356
2024-11-21T14:32:36.295296+00:00,1 41335U 16011A   24326.60597564  .00000316  00000-0  14879-3 0  9996,2 41335  98.6227  31.1340 0001087  86.7160 273.4145 14.26738937456414
2024-11-21T19:35:33.931680+00:00,1 41335U 16011A   24326.81636495  .00000313  00000-0  14747-3 0  9997,2 41335  98.6227  31.3413 0001084  86.6450 273.4854 14.26739060456443
2024-11-21T19:35:33.931680+00:00,1 41335U 16011A   24326.81636495  .00000313  00000-0  14747-3 0  9997,2 41335  98.6227  31.3413 0001084  86.6450 273.4854 14.26739060456443
2024-11-22T04:00:29.984544+00:00,1 41335U 16011A   24327.16701371  .00000354  00000-0  16444-3 0  9993,2 41335  98.6226  31.6867 0001077  86.6723 273.4581 14.26739532456499
2024-11-22T10:44:26.819232+00:00,1 41335U 16011A   24327.44753263  .00000361  00000-0  16724-3 0  9990,2 41335  98.6227  31.9631 0001073  86.7763 273.3540 14.26739791456539
2024-11-22T14:06:25.242624+00:00,1 41335U 16011A   24327.58779216  .00000340  00000-0  15862-3 0  9990,2 41335  98.6227  32.1012 0001071  86.8396 273.2907 14.26739768456558
2024-11-22T19:09:22.868640+00:00,1 41335U 16011A   24327.79818135  .00000340  00000-0  15857-3 0  9991,2 41335  98.6226  32.3085 0001070  86.6842 273.4460 14.26739917456587
2024-11-22T22:31:21.273024+00:00,1 41335U 16011A   24327.93844066  .00000406  00000-0  18558-3 0  9993,2 41335  98.6226  32.4467 0001064  86.7050 273.4252 14.26740384456609
2024-11-23T03:34:18.892992+00:00,1 41335U 16011A   24328.14882978  .00000401  00000-0  18362-3 0  9999,2 41335  98.6226  32.6540 0001061  86.7303 273.3999 14.26740557456633
2024-11-23T10:18:15.719904+00:00,1 41335U 16011A   24328.42934861  .00000377  00000-0  17381-3 0  9991,2 41335  98.6226  32.9303 0001058  86.8985 273.2317 14.26740642456678
2024-11-23T11:59:14.928576+00:00,1 41335U 16011A   24328.49947834  .00000350  00000-0  16255-3 0  9992,2 41335  98.6226  32.9994 0001056  86.9175 273.2126 14.26740542456682
2024-11-23T18:43:11.748576+00:00,1 41335U 16011A   24328.77999709  .00000353  00000-0  16366-3 0  9997,2 41335  98.6226  33.2758 0001055  86.8122 273.3179 14.26740768456728
2024-11-23T20:24:10.952064+00:00,1 41335U 16011A   24328.85012676  .00000366  00000-0  16908-3 0  9991,2 41335  98.6226  33.3449 0001055  86.7912 273.3389 14.26740904456738
2024-11-23T20:24:10.952064+00:00,1 41335U 16011A   24328.85012676  .00000366  00000-0  16908-3 0  9991,2 41335  98.6226  33.3449 0001055  86.7912 273.3389 14.26740904456738
2024-11-24T11:33:03.779136+00:00,1 41335U 16011A   24329.48129374  .00000356  00000-0  16491-3 0  9991,2 41335  98.6226  33.9667 0001052  86.9073 273.2227 14.26741358456827
2024-11-24T13:14:02.980896+00:00,1 41335U 16011A   24329.55142339  .00000372  00000-0  17151-3 0  9997,2 41335  98.6226  34.0357 0001051  86.8951 273.2350 14.26741505456830
2024-11-24T18:17:00.583584+00:00,1 41335U 16011A   24329.76181231  .00000371  00000-0  17112-3 0  9990,2 41335  98.6225  34.2430 0001050  86.8413 273.2887 14.26741676456862
2024-11-24T21:38:58.984512+00:00,1 41335U 16011A   24329.90207158  .00000382  00000-0  17600-3 0  9997,2 41335  98.6225  34.3812 0001044  86.5944 273.5355 14.26741842456886
2024-11-25T02:41:56.583744+00:00,1 41335U 16011A   24330.11246046  .00000377  00000-0  17393-3 0  9994,2 41335  98.6225  34.5885 0001038  86.4996 273.6303 14.26742008456910
2024-11-25T11:06:52.555392+00:00,1 41335U 16011A   24330.46310828  .00000424  00000-0  19306-3 0  9991,2 41335  98.6225  34.9339 0001036  86.6424 273.4874 14.26742603456961
2024-11-25T14:28:50.958912+00:00,1 41335U 16011A   24330.60336758  .00000411  00000-0  18785-3 0  9993,2 41335  98.6225  35.0721 0001035  86.7170 273.4129 14.26742633456984
2024-11-25T17:50:49.350336+00:00,1 41335U 16011A   24330.74362674  .00000414  00000-0  18923-3 0  9991,2 41335  98.6225  35.2103 0001033  86.6836 273.4463 14.26742773457006
2024-11-25T22:53:46.927104+00:00,1 41335U 16011A   24330.95401536  .00000459  00000-0  20749-3 0  9993,2 41335  98.6225  35.4175 0001027  86.5565 273.5733 14.26743225457035
2024-11-26T03:56:44.505600+00:00,1 41335U 16011A   24331.16440400  .00000461  00000-0  20846-3 0  9991,2 41335  98.6224  35.6248 0001024  86.7899 273.3398 14.26743468457063
2024-11-26T10:40:41.278080+00:00,1 41335U 16011A   24331.44492220  .00000455  00000-0  20604-3 0  9994,2 41335  98.6224  35.9012 0001024  87.0039 273.1259 14.26743697457108
2024-11-26T19:05:37.242816+00:00,1 41335U 16011A   24331.79556994  .00000441  00000-0  20025-3 0  9993,2 41335  98.6224  36.2466 0001021  86.9662 273.1635 14.26743940457156
2024-11-26T20:46:36.432480+00:00,1 41335U 16011A   24331.86569945  .00000448  00000-0  20307-3 0  9991,2 41335  98.6224  36.3157 0001020  86.9767 273.1530 14.26744034457169
2024-11-27T03:30:33.192000+00:00,1 41335U 16011A   24332.14621750  .00000443  00000-0  20123-3 0  9997,2 41335  98.6223  36.5920 0001015  86.8884 273.2413 14.26744313457207
2024-11-27T11:55:29.136000+00:00,1 41335U 16011A   24332.49686500  .00000510  00000-0  22853-3 0  9996,2 41335  98.6223  36.9375 0001014  86.9924 273.1373 14.26745000457253
2024-11-27T11:55:29.136000+00:00,1 41335U 16011A   24332.49686500  .00000510  00000-0  22853-3 0  9996,2 41335  98.6223  36.9375 0001014  86.9924 273.1373 14.26745000457253
2024-11-28T11:29:18.617280+00:00,1 41335U 16011A   24333.47868770  .00000641  00000-0  28273-3 0  9993,2 41335  98.6222  37.9047 0001036  83.6125 276.5173 14.26733253457397
2024-11-28T13:10:17.860512+00:00,1 41335U 16011A   24333.54881783  .00000607  00000-0  26877-3 0  9990,2 41335  98.6222  37.9738 0001035  83.8325 276.2973 14.26733326457405
2024-11-28T19:54:14.809248+00:00,1 41335U 16011A   24333.82933807  .00000542  00000-0  24189-3 0  9998,2 41335  98.6222  38.2501 0001033  83.9184 276.2114 14.26733523457449
2024-11-28T21:35:14.049888+00:00,1 41335U 16011A   24333.89946817  .00000471  00000-0  21253-3 0  9990,2 41335  98.6221  38.3192 0001031  84.0005 276.1293 14.26733210457458
2024-11-29T04:19:10.992576+00:00,1 41335U 16011A   24334.17998834  .00000468  00000-0  21128-3 0  9995,2 41335  98.6221  38.5956 0001025  84.1066 276.0232 14.26733513457491
2024-11-29T11:03:07.930080+00:00,1 41335U 16011A   24334.46050845  .00000503  00000-0  22575-3 0  9995,2 41335  98.6220  38.8719 0001025  84.4455 275.6842 14.26733993457534
2024-11-29T12:44:07.157760+00:00,1 41335U 16011A   24334.53063840  .00000473  00000-0  21327-3 0  9992,2 41335  98.6220  38.9410 0001024  84.5763 275.5534 14.26733939457543
2024-11-29T19:28:04.087488+00:00,1 41335U 16011A   24334.81115842  .00000470  00000-0  21212-3 0  9993,2 41335  98.6220  39.2173 0001022  84.4292 275.7005 14.26734229457589
2024-11-29T22:50:02.554080+00:00,1 41335U 16011A   24334.95141845  .00000460  00000-0  20821-3 0  9994,2 41335  98.6219  39.3555 0001019  84.4769 275.6528 14.26734306457605
2024-11-30T03:53:00.244896+00:00,1 41335U 16011A   24335.16180839  .00000457  00000-0  20686-3 0  9999,2 41335  98.6219  39.5628 0001016  84.8176 275.3120 14.26734537457635
2024-11-30T10:36:57.141792+00:00,1 41335U 16011A   24335.44232803  .00000555  00000-0  24715-3 0  9995,2 41335  98.6219  39.8391 0001005  84.1921 275.9373 14.26735313457677
2024-11-30T13:58:55.612704+00:00,1 41335U 16011A   24335.58258811  .00000501  00000-0  22507-3 0  9995,2 41335  98.6219  39.9773 0001002  84.3009 275.8286 14.26735148457698
2024-11-30T19:01:53.297472+00:00,1 41335U 16011A   24335.79297798  .00000494  00000-0  22209-3 0  9995,2 41335  98.6218  40.1845 0000999  84.2044 275.9250 14.26735344457727
2024-11-30T22:23:51.747648+00:00,1 41335U 16011A   24335.93323782  .00000480  00000-0  21645-3 0  9992,2 41335  98.6218  40.3227 0000996  84.2925 275.8369 14.26735429457744
2024-12-01T03:26:49.425504+00:00,1 41335U 16011A   24336.14362761  .00000477  00000-0  21500-3 0  9992,2 41335  98.6217  40.5299 0000993  84.2282 275.9012 14.26735668457771
2024-12-01T11:51:45.548352+00:00,1 41335U 16011A   24336.49427718  .00000519  00000-0  23257-3 0  9992,2 41335  98.6217  40.8753 0000991  84.2997 275.8297 14.26736269457828
2024-12-01T13:32:44.772576+00:00,1 41335U 16011A   24336.56440709  .00000537  00000-0  23989-3 0  9997,2 41335  98.6217  40.9444 0000989  84.2830 275.8463 14.26736437457832
2024-12-01T18:35:42.440064+00:00,1 41335U 16011A   24336.77479676  .00000537  00000-0  24006-3 0  9996,2 41335  98.6216  41.1517 0000986  84.1673 275.9619 14.26736675457867
2024-12-01T21:57:40.884192+00:00,1 41335U 16011A   24336.91505653  .00000506  00000-0  22713-3 0  9996,2 41335  98.6216  41.2898 0000984  84.2431 275.8862 14.26736665457881
2024-12-02T04:41:37.768128+00:00,1 41335U 16011A   24337.19557602  .00000493  00000-0  22170-3 0  9990,2 41335  98.6215  41.5662 0000981  84.3029 275.8263 14.26736965457926
2024-12-02T11:25:34.648608+00:00,1 41335U 16011A   24337.47609547  .00000515  00000-0  23060-3 0  9991,2 41335  98.6215  41.8425 0000979  84.4099 275.7193 14.26737361457967
2024-12-02T13:06:33.868512+00:00,1 41335U 16011A   24337.54622533  .00000473  00000-0  21327-3 0  9996,2 41335  98.6215  41.9116 0000979  84.4752 275.6540 14.26737221457972
2024-12-02T18:09:31.525632+00:00,1 41335U 16011A   24337.75661488  .00000463  00000-0  20916-3 0  9993,2 41335  98.6215  42.1188 0000975  84.3526 275.7765 14.26737414458007
2024-12-02T21:31:29.956800+00:00,1 41335U 16011A   24337.89687450  .00000450  00000-0  20408-3 0  9997,2 41335  98.6214  42.2570 0000972  84.4579 275.6712 14.26737515458023
2024-12-03T04:15:26.822592+00:00,1 41335U 16011A   24338.17739378  .00000446  00000-0  20227-3 0  9990,2 41335  98.6214  42.5333 0000965  84.4526 275.6764 14.26737816458062
2024-12-03T10:59:23.677152+00:00,1 41335U 16011A   24338.45791293  .00000466  00000-0  21059-3 0  9991,2 41335  98.6213  42.8096 0000964  84.7122 275.4169 14.26738247458105
2024-12-03T14:21:22.108320+00:00,1 41335U 16011A   24338.59817255  .00000448  00000-0  20306-3 0  9997,2 41335  98.6213  42.9477 0000959  84.8209 275.3080 14.26738304458127
2024-12-03T19:24:19.750752+00:00,1 41335U 16011A   24338.80856193  .00000435  00000-0  19771-3 0  9995,2 41335  98.6213  43.1550 0000954  84.6726 275.4563 14.26738470458153
2024-12-03T19:24:19.750752+00:00,1 41335U 16011A   24338.80856193  .00000435  00000-0  19771-3 0  9995,2 41335  98.6213  43.1550 0000954  84.6726 275.4563 14.26738470458153
2024-12-04T03:49:15.801024+00:00,1 41335U 16011A   24339.15921066  .00000463  00000-0  20933-3 0  9999,2 41335  98.6212  43.5004 0000951  84.9252 275.2036 14.26739046458203
2024-12-04T10:33:12.649536+00:00,1 41335U 16011A   24339.43972974  .00000449  00000-0  20363-3 0  9995,2 41335  98.6212  43.7767 0000950  85.0497 275.0792 14.26739246458246
2024-12-04T13:55:11.071200+00:00,1 41335U 16011A   24339.57998925  .00000424  00000-0  19311-3 0  9998,2 41335  98.6212  43.9149 0000949  85.2166 274.9123 14.26739275458265
2024-12-04T17:17:09.491136+00:00,1 41335U 16011A   24339.72024874  .00000410  00000-0  18762-3 0  9992,2 41335  98.6212  44.0530 0000950  85.2511 274.8778 14.26739393458285
2024-12-04T22:20:07.110240+00:00,1 41335U 16011A   24339.93063785  .00000432  00000-0  19646-3 0  9995,2 41335  98.6211  44.2602 0000948  85.4231 274.7057 14.26739732458314
2024-12-05T03:23:04.733664+00:00,1 41335U 16011A   24340.14102701  .00000424  00000-0  19339-3 0  9992,2 41335  98.6211  44.4675 0000944  85.2072 274.9216 14.26739931458346
2024-12-05T11:48:00.768384+00:00,1 41335U 16011A   24340.49167556  .00000455  00000-0  20582-3 0  9995,2 41335  98.6211  44.8129 0000938  85.2424 274.8863 14.26740418458392
2024-12-05T13:28:59.974464+00:00,1 41335U 16011A   24340.56180526  .00000426  00000-0  19396-3 0  9994,2 41335  98.6211  44.8820 0000937  85.3625 274.7663 14.26740342458408
2024-12-05T20:12:56.795328+00:00,1 41335U 16011A   24340.84232402  .00000425  00000-0  19354-3 0  9999,2 41335  98.6210  45.1583 0000936  85.4046 274.7241 14.26740610458448
2024-12-05T21:53:55.997952+00:00,1 41335U 16011A   24340.91245368  .00000401  00000-0  18377-3 0  9990,2 41335  98.6210  45.2274 0000935  85.4814 274.6473 14.26740566458455
2024-12-06T04:37:52.814496+00:00,1 41335U 16011A   24341.19297239  .00000390  00000-0  17935-3 0  9991,2 41335  98.6210  45.5037 0000931  85.3818 274.7469 14.26740817458493
2024-12-06T11:21:49.626720+00:00,1 41335U 16011A   24341.47349105  .00000416  00000-0  18980-3 0  9992,2 41335  98.6210  45.7800 0000931  85.5815 274.5472 14.26741208458534
2024-12-06T16:24:47.232000+00:00,1 41335U 16011A   24341.68388000  .00000398  00000-0  18248-3 0  9998,2 41335  98.6210  45.9873 0000929  85.6001 274.5285 14.26741354458568
2024-12-06T19:46:45.634656+00:00,1 41335U 16011A   24341.82413929  .00000397  00000-0  18224-3 0  9996,2 41335  98.6209  46.1254 0000927  85.6167 274.5119 14.26741466458585
2024-12-06T21:27:44.831232+00:00,1 41335U 16011A   24341.89426888  .00000381  00000-0  17546-3 0  9990,2 41335  98.6209  46.1945 0000925  85.7706 274.3580 14.26741463458598
2024-12-07T04:11:41.631360+00:00,1 41335U 16011A   24342.17478740  .00000368  00000-0  17024-3 0  9992,2 41335  98.6209  46.4708 0000917  85.6316 274.4969 14.26741706458632
2024-12-07T10:55:38.428032+00:00,1 41335U 16011A   24342.45530588  .00000395  00000-0  18137-3 0  9998,2 41335  98.6209  46.7471 0000915  85.8287 274.2998 14.26742099458679
2024-12-07T14:17:36.821184+00:00,1 41335U 16011A   24342.59556506  .00000407  00000-0  18596-3 0  9994,2 41335  98.6209  46.8853 0000912  85.9171 274.2114 14.26742315458697
2024-12-07T19:20:34.413504+00:00,1 41335U 16011A   24342.80595386  .00000396  00000-0  18170-3 0  9992,2 41335  98.6209  47.0925 0000909  85.7846 274.3439 14.26742481458722
2024-12-07T21:01:33.608352+00:00,1 41335U 16011A   24342.87608343  .00000386  00000-0  17756-3 0  9995,2 41335  98.6209  47.1615 0000907  85.8363 274.2921 14.26742498458736
2024-12-08T03:45:30.392928+00:00,1 41335U 16011A   24343.15660177  .00000377  00000-0  17374-3 0  9996,2 41335  98.6208  47.4379 0000905  86.4233 273.7051 14.26742749458777
2024-12-08T10:29:27.176640+00:00,1 41335U 16011A   24343.43712010  .00000379  00000-0  17464-3 0  9993,2 41335  98.6208  47.7142 0000904  86.6809 273.4475 14.26743005458816
2024-12-08T13:51:25.566336+00:00,1 41335U 16011A   24343.57737924  .00000376  00000-0  17342-3 0  9991,2 41335  98.6208  47.8523 0000903  86.7462 273.3821 14.26743116458834
2024-12-08T18:54:23.148288+00:00,1 41335U 16011A   24343.78776792  .00000374  00000-0  17269-3 0  9996,2 41335  98.6208  48.0595 0000902  86.6841 273.4443 14.26743300458864
2024-12-08T22:16:21.528480+00:00,1 41335U 16011A   24343.92802695  .00000387  00000-0  17773-3 0  9998,2 41335  98.6208  48.1977 0000900  86.8074 273.3209 14.26743502458882
2024-12-09T03:19:19.106112+00:00,1 41335U 16011A   24344.13841558  .00000383  00000-0  17614-3 0  9993,2 41335  98.6208  48.4049 0000896  86.7757 273.3526 14.26743687458916
2024-12-09T11:44:15.068256+00:00,1 41335U 16011A   24344.48906329  .00000388  00000-0  17837-3 0  9991,2 41335  98.6208  48.7503 0000896  87.0259 273.1024 14.26744009458960
2024-12-09T13:25:14.260512+00:00,1 41335U 16011A   24344.55919283  .00000379  00000-0  17468-3 0  9992,2 41335  98.6207  48.8194 0000895  87.0980 273.0302 14.26744026458974
2024-12-09T18:28:11.832096+00:00,1 41335U 16011A   24344.76958139  .00000381  00000-0  17559-3 0  9992,2 41335  98.6207  49.0266 0000894  87.0464 273.0818 14.26744216459001
2024-12-09T21:50:10.202784+00:00,1 41335U 16011A   24344.90984031  .00000403  00000-0  18433-3 0  9995,2 41335  98.6207  49.1647 0000892  87.1884 272.9399 14.26744472459028
2024-12-10T02:53:07.769184+00:00,1 41335U 16011A   24345.12022881  .00000398  00000-0  18248-3 0  9993,2 41335  98.6207  49.3720 0000890  87.2880 272.8402 14.26744650459052
2024-12-10T11:18:03.714912+00:00,1 41335U 16011A   24345.47087633  .00000385  00000-0  17698-3 0  9991,2 41335  98.6206  49.7173 0000890  87.6247 272.5035 14.26744860459106
2024-12-10T12:59:02.908032+00:00,1 41335U 16011A   24345.54100588  .00000350  00000-0  16252-3 0  9991,2 41335  98.6206  49.7864 0000888  87.7377 272.3905 14.26744719459113
2024-12-10T19:42:59.658048+00:00,1 41335U 16011A   24345.82152382  .00000343  00000-0  15964-3 0  9992,2 41335  98.6206  50.0627 0000882  87.7482 272.3800 14.26744913459150
2024-12-10T21:23:58.844256+00:00,1 41335U 16011A   24345.89165329  .00000316  00000-0  14868-3 0  9996,2 41335  98.6206  50.1318 0000879  87.7957 272.3324 14.26744819459168
2024-12-11T04:07:55.588224+00:00,1 41335U 16011A   24346.17217116  .00000313  00000-0  14718-3 0  9991,2 41335  98.6206  50.4081 0000874  87.9972 272.1309 14.26745049459204
2024-12-11T14:13:50.699424+00:00,1 41335U 16011A   24346.59294791  .00000315  00000-0  14797-3 0  9990,2 41335  98.6205  50.8225 0000870  88.3860 271.7420 14.26745405459265
2024-12-11T15:54:49.883904+00:00,1 41335U 16011A   24346.66307736  .00000316  00000-0  14842-3 0  9994,2 41335  98.6205  50.8916 0000870  88.3616 271.7664 14.26745467459270
2024-12-11T20:57:47.433024+00:00,1 41335U 16011A   24346.87346566  .00000296  00000-0  14047-3 0  9995,2 41335  98.6205  51.0988 0000868  88.4269 271.7010 14.26745537459301
2024-12-12T03:41:44.168352+00:00,1 41335U 16011A   24347.15398343  .00000292  00000-0  13869-3 0  9994,2 41335  98.6204  51.3751 0000865  88.5818 271.5462 14.26745736459343
2024-12-12T10:25:40.901088+00:00,1 41335U 16011A   24347.43450117  .00000304  00000-0  14361-3 0  9995,2 41335  98.6204  51.6514 0000865  88.8225 271.3054 14.26745975459382
2024-12-12T10:25:40.901088+00:00,1 41335U 16011A   24347.43450117  .00000304  00000-0  14361-3 0  9995,2 41335  98.6204  51.6514 0000865  88.8225 271.3054 14.26745975459382
2024-12-13T03:15:33.283296+00:00,1 41335U 16011A   24348.13580189  .00000265  00000-0  12756-3 0  9998,2 41335  98.6203  52.3421 0000915  86.6506 273.4780 14.26735257459482
2024-12-13T11:40:29.432064+00:00,1 41335U 16011A   24348.48645176  .00000577  00000-0  25629-3 0  9993,2 41335  98.6203  52.6875 0000914  86.7038 273.4247 14.26735748459537
2024-12-13T13:21:28.653696+00:00,1 41335U 16011A   24348.55658164  .00000601  00000-0  26629-3 0  9991,2 41335  98.6203  52.7565 0000910  87.1030 273.0254 14.26735946459542
2024-12-13T18:24:26.328096+00:00,1 41335U 16011A   24348.76697139  .00000599  00000-0  26560-3 0  9999,2 41335  98.6202  52.9638 0000909  87.3091 272.8194 14.26736188459573
2024-12-14T04:30:21.674304+00:00,1 41335U 16011A   24349.18775086  .00000580  00000-0  25763-3 0  9998,2 41335  98.6202  53.3782 0000901  87.1569 272.9714 14.26736457459633
2024-12-14T11:14:18.574656+00:00,1 41335U 16011A   24349.46827054  .00000602  00000-0  26656-3 0  9999,2 41335  98.6201  53.6545 0000905  87.8286 272.2998 14.26736868459676
2024-12-14T12:55:17.789376+00:00,1 41335U 16011A   24349.53840034  .00000621  00000-0  27465-3 0  9990,2 41335  98.6201  53.7235 0000902  88.1409 271.9875 14.26737082459681
2024-12-14T19:39:14.670720+00:00,1 41335U 16011A   24349.81891980  .00000623  00000-0  27537-3 0  9999,2 41335  98.6201  53.9999 0000894  89.0069 271.1214 14.26737418459729
2024-12-14T21:20:13.879392+00:00,1 41335U 16011A   24349.88904953  .00000662  00000-0  29152-3 0  9999,2 41335  98.6200  54.0689 0000892  89.3299 270.7984 14.26737735459734
2024-12-15T04:04:10.755552+00:00,1 41335U 16011A   24350.16956893  .00000663  00000-0  29206-3 0  9993,2 41335  98.6200  54.3452 0000886  89.5591 270.5691 14.26738074459779
2024-12-15T10:48:07.663680+00:00,1 41335U 16011A   24350.45008870  .00000332  00000-0  15503-3 0  9996,2 41335  98.6200  54.6215 0000884  88.4747 271.6535 14.26737284459814
2024-12-15T14:10:06.106080+00:00,1 41335U 16011A   24350.59034845  .00000317  00000-0  14907-3 0  9992,2 41335  98.6199  54.7596 0000882  88.6265 271.5016 14.26737309459832
2024-12-15T19:13:03.764928+00:00,1 41335U 16011A   24350.80073802  .00000318  00000-0  14955-3 0  9996,2 41335  98.6199  54.9668 0000880  88.5899 271.5382 14.26737455459865
2024-12-15T20:54:02.981376+00:00,1 41335U 16011A   24350.87086784  .00000325  00000-0  15235-3 0  9996,2 41335  98.6199  55.0359 0000879  88.6076 271.5206 14.26737541459872
2024-12-16T03:37:59.854080+00:00,1 41335U 16011A   24351.15138720  .00000332  00000-0  15511-3 0  9991,2 41335  98.6198  55.3122 0000874  88.9639 271.1641 14.26737785459919
2024-12-16T10:21:56.728512+00:00,1 41335U 16011A   24351.43190658  .00000321  00000-0  15076-3 0  9994,2 41335  98.6198  55.5885 0000872  89.2599 270.8681 14.26737905459952
2024-12-16T13:43:55.159680+00:00,1 41335U 16011A   24351.57216620  .00000337  00000-0  15708-3 0  9996,2 41335  98.6198  55.7266 0000870  89.4365 270.6916 14.26738105459972
2024-12-16T18:46:52.808160+00:00,1 41335U 16011A   24351.78255565  .00000351  00000-0  16299-3 0  9992,2 41335  98.6198  55.9338 0000870  89.2290 270.8991 14.26738306460003
2024-12-16T22:08:51.242784+00:00,1 41335U 16011A   24351.92281531  .00000347  00000-0  16153-3 0  9994,2 41335  98.6197  56.0719 0000869  89.4521 270.6759 14.26738360460026
2024-12-17T03:11:48.889536+00:00,1 41335U 16011A   24352.13320474  .00000344  00000-0  16030-3 0  9999,2 41335  98.6197  56.2791 0000867  89.4697 270.6583 14.26738510460055
2024-12-17T11:36:44.958816+00:00,1 41335U 16011A   24352.48385369  .00000331  00000-0  15483-3 0  9998,2 41335  98.6197  56.6245 0000866  89.8445 270.2835 14.26738703460103
2024-12-17T13:17:44.170944+00:00,1 41335U 16011A   24352.55398346  .00000342  00000-0  15917-3 0  9999,2 41335  98.6196  56.6935 0000865  89.9114 270.2165 14.26738822460110
2024-12-17T18:20:41.810784+00:00,1 41335U 16011A   24352.76437281  .00000341  00000-0  15887-3 0  9999,2 41335  98.6196  56.9007 0000865  89.9941 270.1339 14.26738970460140
2024-12-17T21:42:40.236768+00:00,1 41335U 16011A   24352.90463237  .00000366  00000-0  16927-3 0  9998,2 41335  98.6196  57.0389 0000863  90.1060 270.0219 14.26739183460164
2024-12-18T04:26:37.080960+00:00,1 41335U 16011A   24353.18515140  .00000367  00000-0  16974-3 0  9993,2 41335  98.6195  57.3151 0000859  90.2838 269.8441 14.26739424460208
2024-12-18T09:29:34.718208+00:00,1 41335U 16011A   24353.39554072  .00000342  00000-0  15949-3 0  9997,2 41335  98.6195  57.5223 0000862  90.5932 269.5348 14.26739420460234
2024-12-18T21:16:29.190144+00:00,1 41335U 16011A   24353.88644896  .00000341  00000-0  15877-3 0  9994,2 41335  98.6194  58.0058 0000853  90.9009 269.2270 14.26739773460304
2024-12-19T04:00:26.022240+00:00,1 41335U 16011A   24354.16696785  .00000347  00000-0  16121-3 0  9999,2 41335  98.6193  58.2821 0000850  91.2858 268.8420 14.26740035460345
2024-12-19T05:41:25.230048+00:00,1 41335U 16011A   24354.23709757  .00000312  00000-0  14703-3 0  9997,2 41335  98.6193  58.3511 0000850  91.4165 268.7113 14.26739907460350
2024-12-19T12:25:22.207296+00:00,1 41335U 16011A   24354.51761814  .00000308  00000-0  14551-3 0  9996,2 41335  98.6339  58.6341 0000881  87.5755 272.5527 14.26727248460392
2024-12-19T14:06:21.472992+00:00,1 41335U 16011A   24354.58774853  .00000289  00000-0  13770-3 0  9990,2 41335  98.6339  58.7033 0000885  87.7764 272.3517 14.26726979460406
2024-12-19T19:09:19.249344+00:00,1 41335U 16011A   24354.79813946 -.00000013  00000-0  12826-4 0  9998,2 41335  98.6339  58.9109 0000879  88.3751 271.7530 14.26727200460437
2024-12-19T22:31:17.762592+00:00,1 41335U 16011A   24354.93840003 -.00000013  00000-0  12794-4 0  9992,2 41335  98.6338  59.0493 0000871  89.1227 271.0053 14.26727404460454
2024-12-20T03:34:15.540672+00:00,1 41335U 16011A   24355.14879098 -.00000013  00000-0  12528-4 0  9997,2 41335  98.6338  59.2571 0000869  89.4331 270.6949 14.26727448460489
2024-12-20T11:59:11.832000+00:00,1 41335U 16011A   24355.49944250 -.00000014  00000-0  12289-4 0  9993,2 41335  98.6339  59.6030 0000859  89.3366 270.7913 14.26727598460534
2024-12-20T13:40:11.091648+00:00,1 41335U 16011A   24355.56957282 -.00000016  00000-0  11433-4 0  9992,2 41335  98.6339  59.6722 0000859  89.3653 270.7625 14.26727608460544
2024-12-20T20:24:08.125920+00:00,1 41335U 16011A   24355.85009405 -.00000017  00000-0  10929-4 0  9999,2 41335  98.6338  59.9489 0000860  88.9572 271.1706 14.26727669460589
2024-12-20T22:05:07.383840+00:00,1 41335U 16011A   24355.92022435 -.00000014  00000-0  12433-4 0  9994,2 41335  98.6338  60.0181 0000859  88.9620 271.1659 14.26727705460592
2024-12-21T03:08:05.153280+00:00,1 41335U 16011A   24356.13061520 -.00000014  00000-0  12426-4 0  9998,2 41335  98.6338  60.2256 0000865  89.8163 270.3117 14.26727826460624
2024-12-21T11:33:01.435104+00:00,1 41335U 16011A   24356.48126661 -.00000016  00000-0  11435-4 0  9995,2 41335  98.6338  60.5716 0000863  90.5212 269.6068 14.26727923460679
2024-12-21T13:14:00.687840+00:00,1 41335U 16011A   24356.55139685 -.00000015  00000-0  11998-4 0  9996,2 41335  98.6338  60.6408 0000858  89.4173 270.7106 14.26728019460689
2024-12-21T19:57:57.715200+00:00,1 41335U 16011A   24356.83191800 -.00000016  00000-0  11605-4 0  9990,2 41335  98.6337  60.9174 0000864  88.6069 271.5210 14.26728104460728
2024-12-21T21:38:56.971392+00:00,1 41335U 16011A   24356.90204828 -.00000012  00000-0  13054-4 0  9999,2 41335  98.6337  60.9866 0000863  88.5860 271.5419 14.26728131460735
2024-12-22T04:22:53.988384+00:00,1 41335U 16011A   24357.18256931 -.00000013  00000-0  12527-4 0  9997,2 41335  98.6337  61.2634 0000865  88.9631 271.1649 14.26728258460779
2024-12-22T11:06:50.954400+00:00,1 41335U 16011A   24357.46308975  .00000301  00000-0  14226-3 0  9990,2 41335  98.6337  61.5401 0000850  90.2535 269.8743 14.26729380460818
2024-12-22T14:28:49.457280+00:00,1 41335U 16011A   24357.60335020  .00000296  00000-0  14052-3 0  9997,2 41335  98.6337  61.6785 0000848  90.5166 269.6112 14.26729480460835
2024-12-22T21:12:46.452672+00:00,1 41335U 16011A   24357.88387098  .00000332  00000-0  15536-3 0  9998,2 41335  98.6336  61.9552 0000845  90.5769 269.5509 14.26729881460873
2024-12-23T03:56:43.446336+00:00,1 41335U 16011A   24358.16439174  .00000335  00000-0  15667-3 0  9991,2 41335  98.6336  62.2319 0000840  90.9358 269.1919 14.26730130460916
2024-12-23T08:59:41.188128+00:00,1 41335U 16011A   24358.37478227  .00000340  00000-0  15850-3 0  9996,2 41335  98.6336  62.4395 0000840  91.1479 268.9798 14.26730323460948
2024-12-23T14:02:38.935968+00:00,1 41335U 16011A   24358.58517287  .00000316  00000-0  14849-3 0  9999,2 41335  98.6336  62.6470 0000837  91.4857 268.6419 14.26730345460977
2024-12-23T19:05:36.677760+00:00,1 41335U 16011A   24358.79556340  .00000310  00000-0  14626-3 0  9992,2 41335  98.6336  62.8545 0000836  91.4788 268.6488 14.26730475461009
2024-12-24T03:30:32.899104+00:00,1 41335U 16011A   24359.14621411  .00000347  00000-0  16131-3 0  9997,2 41335  98.6335  63.2004 0000834  91.6771 268.4505 14.26730967461054
2024-12-24T11:55:29.119584+00:00,1 41335U 16011A   24359.49686481  .00000380  00000-0  17528-3 0  9991,2 41335  98.6335  63.5463 0000836  92.0470 268.0806 14.26731418461107
2024-12-24T13:36:28.364544+00:00,1 41335U 16011A   24359.56699496  .00000376  00000-0  17360-3 0  9998,2 41335  98.6335  63.6155 0000835  92.1556 267.9721 14.26731453461115
2024-12-24T18:39:26.095104+00:00,1 41335U 16011A   24359.77738536  .00000369  00000-0  17038-3 0  9994,2 41335  98.6335  63.8230 0000834  92.1637 267.9639 14.26731580461142
2024-12-24T22:01:24.578112+00:00,1 41335U 16011A   24359.91764558  .00000370  00000-0  17087-3 0  9999,2 41335  98.6335  63.9614 0000833  92.3779 267.7496 14.26731689461168
2024-12-25T03:04:22.304352+00:00,1 41335U 16011A   24360.12803593  .00000365  00000-0  16870-3 0  9990,2 41335  98.6335  64.1689 0000830  92.4092 267.7184 14.26731853461199
2024-12-25T11:29:18.504960+00:00,1 41335U 16011A   24360.47868640  .00000420  00000-0  19149-3 0  9996,2 41335  98.6334  64.5148 0000832  92.6760 267.4516 14.26732427461248
2024-12-25T14:51:16.987968+00:00,1 41335U 16011A   24360.61894662  .00000412  00000-0  18826-3 0  9997,2 41335  98.6334  64.6532 0000830  92.8561 267.2715 14.26732514461263
2024-12-25T16:32:16.226016+00:00,1 41335U 16011A   24360.68907669  .00000408  00000-0  18649-3 0  9994,2 41335  98.6334  64.7223 0000832  92.8416 267.2859 14.26732574461278
2024-12-26T02:38:11.659488+00:00,1 41335U 16011A   24361.10985717  .00000369  00000-0  17037-3 0  9998,2 41335  98.6333  65.1374 0000826  93.3797 266.7477 14.26732690461336
2024-12-26T06:00:10.135584+00:00,1 41335U 16011A   24361.25011731  .00000401  00000-0  18375-3 0  9993,2 41335  98.6333  65.2758 0000827  93.3859 266.7416 14.26732971461350
2024-12-26T11:03:07.844544+00:00,1 41335U 16011A   24361.46050746  .00000400  00000-0  18337-3 0  9992,2 41335  98.6333  65.4833 0000827  93.6761 266.4514 14.26733146461385
2024-12-26T14:25:06.312000+00:00,1 41335U 16011A   24361.60076750  .00000427  00000-0  19444-3 0  9990,2 41335  98.6333  65.6217 0000826  93.8232 266.3043 14.26733434461406
2024-12-26T19:28:04.014912+00:00,1 41335U 16011A   24361.81115758  .00000425  00000-0  19363-3 0  9993,2 41335  98.6333  65.8292 0000825  93.9367 266.1908 14.26733610461437
2024-12-26T21:09:03.252096+00:00,1 41335U 16011A   24361.88128764  .00000396  00000-0  18181-3 0  9995,2 41335  98.6332  65.8984 0000824  94.0505 266.0770 14.26733501461445
2024-12-27T03:53:00.187008+00:00,1 41335U 16011A   24362.16180772  .00000391  00000-0  17968-3 0  9991,2 41335  98.6332  66.1751 0000818  94.3344 265.7930 14.26733742461483
2024-12-27T10:36:57.119328+00:00,1 41335U 16011A   24362.44232777  .00000402  00000-0  18412-3 0  9993,2 41335  98.6332  66.4518 0000818  94.7660 265.3614 14.26734039461522
2024-12-27T13:58:55.584192+00:00,1 41335U 16011A   24362.58258778  .00000405  00000-0  18525-3 0  9995,2 41335  98.6332  66.5901 0000817  94.9563 265.1710 14.26734179461544
2024-12-27T19:01:53.277600+00:00,1 41335U 16011A   24362.79297775  .00000402  00000-0  18406-3 0  9993,2 41335  98.6331  66.7976 0000815  94.9120 265.2153 14.26734349461578
2024-12-27T22:23:51.734688+00:00,1 41335U 16011A   24362.93323767  .00000410  00000-0  18761-3 0  9993,2 41335  98.6331  66.9360 0000814  95.0452 265.0821 14.26734507461594
2024-12-28T03:26:49.424640+00:00,1 41335U 16011A   24363.14362760  .00000400  00000-0  18343-3 0  9998,2 41335  98.6330  67.1435 0000810  95.1050 265.0223 14.26734670461621
2024-12-28T11:51:45.573408+00:00,1 41335U 16011A   24363.49427747  .00000421  00000-0  19222-3 0  9993,2 41335  98.6330  67.4894 0000812  95.4043 264.7230 14.26735078461672
2024-12-28T13:32:44.798496+00:00,1 41335U 16011A   24363.56440739  .00000426  00000-0  19393-3 0  9991,2 41335  98.6330  67.5586 0000812  95.4398 264.6875 14.26735180461683
2024-12-28T18:35:42.478944+00:00,1 41335U 16011A   24363.77479721  .00000422  00000-0  19236-3 0  9999,2 41335  98.6329  67.7661 0000810  95.3983 264.7289 14.26735362461710
2024-12-29T03:00:38.607840+00:00,1 41335U 16011A   24364.12544685  .00000417  00000-0  19037-3 0  9994,2 41335  98.6329  68.1120 0000810  95.7954 264.3319 14.26735647461768
2024-12-29T11:25:34.733280+00:00,1 41335U 16011A   24364.47609645  .00000430  00000-0  19570-3 0  9997,2 41335  98.6328  68.4578 0000814  96.1995 263.9278 14.26736031461814
2024-12-29T14:47:33.177408+00:00,1 41335U 16011A   24364.61635622  .00000434  00000-0  19733-3 0  9992,2 41335  98.6328  68.5962 0000814  96.3569 263.7704 14.26736221461836
2024-12-29T18:09:31.621536+00:00,1 41335U 16011A   24364.75661599  .00000436  00000-0  19836-3 0  9995,2 41335  98.6327  68.7345 0000814  96.2689 263.8584 14.26736366461853
2024-12-29T21:31:30.060480+00:00,1 41335U 16011A   24364.89687570  .00000454  00000-0  20576-3 0  9990,2 41335  98.6327  68.8729 0000812  96.4729 263.6544 14.26736596461876
2024-12-30T09:18:24.602400+00:00,1 41335U 16011A   24365.38778475  .00000532  00000-0  23804-3 0  9994,2 41335  98.6326  69.3571 0000812  97.0731 263.0542 14.26737498461948
2024-12-30T10:59:23.819712+00:00,1 41335U 16011A   24365.45791458  .00000536  00000-0  23954-3 0  9998,2 41335  98.6326  69.4263 0000812  97.1113 263.0160 14.26737591461953
2024-12-30T14:21:22.243104+00:00,1 41335U 16011A   24365.59817411  .00000577  00000-0  25648-3 0  9998,2 41335  98.6326  69.5646 0000812  97.2078 262.9194 14.26738009461972
2024-12-30T19:24:19.893312+00:00,1 41335U 16011A   24365.80856358  .00000563  00000-0  25078-3 0  9997,2 41335  98.6325  69.7721 0000813  97.3947 262.7326 14.26738170462003
2024-12-30T21:05:19.120992+00:00,1 41335U 16011A   24365.87869353  .00000477  00000-0  21516-3 0  9990,2 41335  98.6325  69.8413 0000812  97.5428 262.5845 14.26737729462011
