epoch,tle1,tle2
2024-01-01T04:48:41.846976+00:00,1 40697U 15028A   24001.20048434  .00000177  00000-0  84105-4 0  9991,2 40697  98.5678  77.8553 0000963  90.7076 269.4217 14.30819098445325
2024-01-01T09:50:47.702112+00:00,1 40697U 15028A   24001.41027433  .00000195  00000-0  91086-4 0  9996,2 40697  98.5678  78.0620 0000964  90.8783 269.2511 14.30819287445358
2024-01-01T13:12:11.601792+00:00,1 40697U 15028A   24001.55013428  .00000191  00000-0  89696-4 0  9990,2 40697  98.5678  78.1999 0000964  90.9110 269.2184 14.30819350445361
2024-01-01T19:54:59.403744+00:00,1 40697U 15028A   24001.82985421  .00000182  00000-0  86251-4 0  9995,2 40697  98.5678  78.4755 0000959  90.9695 269.1598 14.30819454445415
2024-01-01T21:35:41.353152+00:00,1 40697U 15028A   24001.89978418  .00000186  00000-0  87478-4 0  9996,2 40697  98.5678  78.5445 0000960  90.9638 269.1654 14.30819506445412
2024-01-02T04:18:29.150784+00:00,1 40697U 15028A   24002.17950406  .00000190  00000-0  89234-4 0  9992,2 40697  98.5677  78.8202 0000956  91.0755 269.0538 14.30819680445460
2024-01-02T11:01:16.946688+00:00,1 40697U 15028A   24002.45922392  .00000201  00000-0  93143-4 0  9993,2 40697  98.5677  79.0959 0000956  91.2795 268.8498 14.30819886445503
2024-01-02T12:41:58.900416+00:00,1 40697U 15028A   24002.52915394  .00000191  00000-0  89393-4 0  9995,2 40697  98.5677  79.1648 0000957  91.2661 268.8632 14.30819851445504
2024-01-02T19:24:46.693728+00:00,1 40697U 15028A   24002.80887377  .00000189  00000-0  88884-4 0  9996,2 40697  98.5677  79.4404 0000954  91.3650 268.7642 14.30819994445556
2024-01-02T21:05:28.644000+00:00,1 40697U 15028A   24002.87880375  .00000175  00000-0  83289-4 0  9993,2 40697  98.5677  79.5094 0000957  91.4761 268.6531 14.30819948445554
2024-01-03T03:48:16.435584+00:00,1 40697U 15028A   24003.15852356  .00000168  00000-0  80712-4 0  9993,2 40697  98.5677  79.7850 0000952  91.6343 268.4949 14.30820073445607
2024-01-03T10:31:04.227168+00:00,1 40697U 15028A   24003.43824337  .00000161  00000-0  78183-4 0  9994,2 40697  98.5677  80.0607 0000956  92.0672 268.0621 14.30820175445646
2024-01-03T12:11:46.173120+00:00,1 40697U 15028A   24003.50817330  .00000162  00000-0  78469-4 0  9995,2 40697  98.5677  80.1296 0000957  92.0382 268.0910 14.30820217445648
2024-01-03T18:54:33.962112+00:00,1 40697U 15028A   24003.78789308  .00000154  00000-0  75272-4 0  9998,2 40697  98.5676  80.4053 0000954  92.3253 267.8039 14.30820315445691
2024-01-03T20:35:15.907200+00:00,1 40697U 15028A   24003.85782300  .00000168  00000-0  80601-4 0  9998,2 40697  98.5676  80.4742 0000954  92.2691 267.8601 14.30820408445699
2024-01-04T04:58:45.638688+00:00,1 40697U 15028A   24004.20747267  .00000164  00000-0  79313-4 0  9995,2 40697  98.5676  80.8188 0000949  92.2063 267.9229 14.30820567445754
2024-01-04T10:00:51.475680+00:00,1 40697U 15028A   24004.41726245  .00000163  00000-0  78954-4 0  9990,2 40697  98.5676  81.0256 0000952  92.3908 267.7384 14.30820632445782
2024-01-04T13:22:15.368448+00:00,1 40697U 15028A   24004.55712232  .00000154  00000-0  75322-4 0  9992,2 40697  98.5676  81.1634 0000953  92.4103 267.7189 14.30820646445791
2024-01-04T20:05:03.153120+00:00,1 40697U 15028A   24004.83684205  .00000137  00000-0  68860-4 0  9991,2 40697  98.5675  81.4391 0000952  92.4646 267.6646 14.30820699445845
2024-01-04T21:45:45.099072+00:00,1 40697U 15028A   24004.90677198  .00000138  00000-0  69364-4 0  9993,2 40697  98.5675  81.5080 0000952  92.4305 267.6987 14.30820725445841
2024-01-05T04:28:32.877696+00:00,1 40697U 15028A   24005.18649164  .00000143  00000-0  71327-4 0  9994,2 40697  98.5675  81.7837 0000948  92.3845 267.7446 14.30820869445891
2024-01-05T11:11:20.652864+00:00,1 40697U 15028A   24005.46621126  .00000159  00000-0  77452-4 0  9995,2 40697  98.5675  82.0593 0000947  92.4216 267.7075 14.30821067445930
2024-01-05T14:32:44.544768+00:00,1 40697U 15028A   24005.60607112  .00000154  00000-0  75425-4 0  9993,2 40697  98.5675  82.1972 0000945  92.5090 267.6202 14.30821095445944
2024-01-05T17:54:08.434944+00:00,1 40697U 15028A   24005.74593096  .00000144  00000-0  71447-4 0  9992,2 40697  98.5675  82.3350 0000946  92.5296 267.5995 14.30821116445970
2024-01-05T21:15:32.319072+00:00,1 40697U 15028A   24005.88579073  .00000149  00000-0  73417-4 0  9990,2 40697  98.5674  82.4728 0000947  92.7548 267.3743 14.30821198445982
2024-01-06T03:58:20.090784+00:00,1 40697U 15028A   24006.16551031  .00000152  00000-0  74456-4 0  9994,2 40697  98.5674  82.7485 0000945  93.0395 267.0896 14.30821334446032
2024-01-06T10:41:07.863360+00:00,1 40697U 15028A   24006.44522990  .00000156  00000-0  76327-4 0  9990,2 40697  98.5674  83.0242 0000946  93.2496 266.8795 14.30821454446063
2024-01-06T10:41:07.863360+00:00,1 40697U 15028A   24006.44522990  .00000156  00000-0  76327-4 0  9990,2 40697  98.5674  83.0242 0000946  93.2496 266.8795 14.30821454446074
2024-01-06T19:04:37.574976+00:00,1 40697U 15028A   24006.79487934  .00000155  00000-0  75675-4 0  9990,2 40697  98.5673  83.3687 0000944  93.3537 266.7754 14.30821603446119
2024-01-06T19:04:37.574976+00:00,1 40697U 15028A   24006.79487934  .00000155  00000-0  75675-4 0  9990,2 40697  98.5673  83.3687 0000944  93.3537 266.7754 14.30821603446120
2024-01-07T03:28:07.283136+00:00,1 40697U 15028A   24007.14452874  .00000141  00000-0  70552-4 0  9999,2 40697  98.5673  83.7133 0000938  93.4539 266.6751 14.30821671446172
2024-01-07T10:10:55.046208+00:00,1 40697U 15028A   24007.42424822  .00000159  00000-0  77300-4 0  9999,2 40697  98.5672  83.9890 0000941  93.7854 266.3436 14.30821879446212
2024-01-07T13:32:18.926880+00:00,1 40697U 15028A   24007.56410795  .00000174  00000-0  83057-4 0  9991,2 40697  98.5672  84.1268 0000941  93.7083 266.4208 14.30822019446224
2024-01-07T18:34:24.748320+00:00,1 40697U 15028A   24007.77389755  .00000168  00000-0  80847-4 0  9992,2 40697  98.5672  84.3336 0000939  93.8914 266.2376 14.30822087446266
2024-01-07T21:55:48.629856+00:00,1 40697U 15028A   24007.91375729  .00000155  00000-0  75580-4 0  9998,2 40697  98.5671  84.4714 0000938  94.0087 266.1203 14.30822055446273
2024-01-08T04:38:36.388608+00:00,1 40697U 15028A   24008.19347672  .00000161  00000-0  77983-4 0  9991,2 40697  98.5671  84.7471 0000936  94.0707 266.0583 14.30822201446322
2024-01-08T09:40:42.206592+00:00,1 40697U 15028A   24008.40326628  .00000174  00000-0  83086-4 0  9998,2 40697  98.5671  84.9538 0000938  94.1571 265.9719 14.30822325446359
2024-01-08T13:02:06.082944+00:00,1 40697U 15028A   24008.54312596  .00000183  00000-0  86497-4 0  9991,2 40697  98.5671  85.0916 0000935  93.9866 266.1424 14.30822433446369
2024-01-08T19:44:53.836512+00:00,1 40697U 15028A   24008.82284533  .00000180  00000-0  85409-4 0  9990,2 40697  98.5670  85.3673 0000933  94.1226 266.0063 14.30822546446411
2024-01-08T21:25:35.772960+00:00,1 40697U 15028A   24008.89277515  .00000188  00000-0  88251-4 0  9995,2 40697  98.5670  85.4362 0000935  94.2966 265.8323 14.30822604446412
2024-01-09T04:08:23.523072+00:00,1 40697U 15028A   24009.17249448  .00000192  00000-0  89903-4 0  9991,2 40697  98.5669  85.7119 0000932  94.3931 265.7358 14.30822755446462
2024-01-09T10:51:11.270592+00:00,1 40697U 15028A   24009.45221378  .00000198  00000-0  92121-4 0  9996,2 40697  98.5669  85.9875 0000935  94.6039 265.5250 14.30822907446501
2024-01-09T12:31:53.207040+00:00,1 40697U 15028A   24009.52214360  .00000212  00000-0  97585-4 0  9993,2 40697  98.5669  86.0564 0000938  94.6403 265.4887 14.30823022446500
2024-01-09T19:14:40.951104+00:00,1 40697U 15028A   24009.80186286  .00000210  00000-0  96667-4 0  9997,2 40697  98.5668  86.3321 0000931  94.3848 265.7442 14.30823151446554
2024-01-09T20:55:22.888416+00:00,1 40697U 15028A   24009.87179269  .00000204  00000-0  94289-4 0  9998,2 40697  98.5668  86.4010 0000931  94.5721 265.5568 14.30823140446557
2024-01-10T03:38:10.630752+00:00,1 40697U 15028A   24010.15151193  .00000202  00000-0  93549-4 0  9993,2 40697  98.5668  86.6767 0000928  94.7121 265.4168 14.30823271446606
2024-01-10T10:20:58.368768+00:00,1 40697U 15028A   24010.43123112  .00000204  00000-0  94479-4 0  9999,2 40697  98.5667  86.9524 0000932  95.0344 265.0945 14.30823415446637
2024-01-10T10:20:58.368768+00:00,1 40697U 15028A   24010.43123112  .00000204  00000-0  94479-4 0  9999,2 40697  98.5667  86.9524 0000932  95.0344 265.0945 14.30823415446648
2024-01-10T18:44:28.035456+00:00,1 40697U 15028A   24010.78088004  .00000218  00000-0  99603-4 0  9996,2 40697  98.5666  87.2969 0000933  95.3032 264.8258 14.30823674446698
2024-01-11T03:07:57.696096+00:00,1 40697U 15028A   24011.13052889  .00000235  00000-0  10621-3 0  9999,2 40697  98.5666  87.6415 0000930  95.3491 264.7798 14.30823963446749
2024-01-11T09:50:45.422016+00:00,1 40697U 15028A   24011.41024794  .00000240  00000-0  10804-3 0  9993,2 40697  98.5665  87.9171 0000932  95.6343 264.4946 14.30824119446781
2024-01-11T14:52:51.213216+00:00,1 40697U 15028A   24011.62003719  .00000257  00000-0  11449-3 0  9994,2 40697  98.5665  88.1239 0000933  95.6403 264.4886 14.30824336446804
2024-01-11T19:54:57.007008+00:00,1 40697U 15028A   24011.82982647  .00000248  00000-0  11141-3 0  9991,2 40697  98.5664  88.3306 0000933  95.7313 264.3977 14.30824402446849
2024-01-11T21:35:38.936544+00:00,1 40697U 15028A   24011.89975621  .00000253  00000-0  11329-3 0  9996,2 40697  98.5664  88.3995 0000934  95.8121 264.3168 14.30824466446844
2024-01-12T04:18:26.652960+00:00,1 40697U 15028A   24012.17947515  .00000260  00000-0  11581-3 0  9997,2 40697  98.5664  88.6751 0000930  95.9409 264.1880 14.30824664446897
2024-01-12T11:01:14.370240+00:00,1 40697U 15028A   24012.45919410  .00000284  00000-0  12489-3 0  9995,2 40697  98.5663  88.9508 0000937  96.3342 263.7947 14.30824935446932
2024-01-12T12:41:56.300640+00:00,1 40697U 15028A   24012.52912385  .00000281  00000-0  12397-3 0  9992,2 40697  98.5663  89.0197 0000933  96.1197 264.0092 14.30824958446930
2024-01-12T19:24:44.011872+00:00,1 40697U 15028A   24012.80884273  .00000275  00000-0  12146-3 0  9992,2 40697  98.5663  89.2953 0000928  96.2170 263.9118 14.30825103446972
2024-01-12T19:24:44.011872+00:00,1 40697U 15028A   24012.80884273  .00000275  00000-0  12146-3 0  9992,2 40697  98.5663  89.2953 0000928  96.2170 263.9118 14.30825103446983
2024-01-13T03:48:13.641408+00:00,1 40697U 15028A   24013.15849122  .00000279  00000-0  12296-3 0  9995,2 40697  98.5661  89.6398 0000935  96.7360 263.3930 14.30825376447037
2024-01-13T10:31:01.341408+00:00,1 40697U 15028A   24013.43820997  .00000288  00000-0  12630-3 0  9997,2 40697  98.5661  89.9155 0000939  97.1092 263.0197 14.30825598447074
2024-01-13T12:11:43.267488+00:00,1 40697U 15028A   24013.50813967  .00000318  00000-0  13776-3 0  9990,2 40697  98.5661  89.9844 0000940  97.1530 262.9760 14.30825784447079
2024-01-13T18:54:30.963168+00:00,1 40697U 15028A   24013.78785837  .00000321  00000-0  13905-3 0  9992,2 40697  98.5661  90.2600 0000940  97.4634 262.6656 14.30825992447120
2024-01-14T04:58:42.505824+00:00,1 40697U 15028A   24014.20743641  .00000297  00000-0  12978-3 0  9998,2 40697  98.5660  90.6735 0000933  97.5793 262.5496 14.30826169447185
2024-01-14T10:00:48.271968+00:00,1 40697U 15028A   24014.41722537  .00000306  00000-0  13342-3 0  9999,2 40697  98.5660  90.8802 0000936  97.6578 262.4711 14.30826355447217
2024-01-14T13:22:12.112032+00:00,1 40697U 15028A   24014.55708463  .00000340  00000-0  14637-3 0  9992,2 40697  98.5660  91.0180 0000934  97.4006 262.7283 14.30826604447226
2024-01-14T18:24:17.876448+00:00,1 40697U 15028A   24014.76687357  .00000326  00000-0  14090-3 0  9990,2 40697  98.5660  91.2248 0000925  97.2416 262.8872 14.30826697447267
2024-01-14T21:45:41.714784+00:00,1 40697U 15028A   24014.90673281  .00000336  00000-0  14486-3 0  9997,2 40697  98.5659  91.3626 0000931  97.4129 262.7160 14.30826860447278
2024-01-15T04:28:29.394048+00:00,1 40697U 15028A   24015.18645132  .00000326  00000-0  14097-3 0  9999,2 40697  98.5659  91.6382 0000929  97.6726 262.4562 14.30827042447324
2024-01-15T11:11:17.066400+00:00,1 40697U 15028A   24015.46616975  .00000339  00000-0  14606-3 0  9993,2 40697  98.5659  91.9138 0000931  97.8187 262.3102 14.30827307447369
2024-01-15T14:32:40.907328+00:00,1 40697U 15028A   24015.60602902  .00000308  00000-0  13421-3 0  9994,2 40697  98.5659  92.0517 0000928  97.9436 262.1853 14.30827261447377
2024-01-15T17:54:04.743936+00:00,1 40697U 15028A   24015.74588824  .00000298  00000-0  13048-3 0  9998,2 40697  98.5658  92.1895 0000923  97.6936 262.4352 14.30827322447402
2024-01-15T21:15:28.579680+00:00,1 40697U 15028A   24015.88574745  .00000294  00000-0  12892-3 0  9992,2 40697  98.5658  92.3273 0000927  97.7985 262.3303 14.30827377447419
2024-01-16T02:17:34.326816+00:00,1 40697U 15028A   24016.09553619  .00000304  00000-0  13242-3 0  9995,2 40697  98.5658  92.5340 0000931  98.2964 261.8325 14.30827576447457
2024-01-16T10:41:03.901056+00:00,1 40697U 15028A   24016.44518404  .00000328  00000-0  14178-3 0  9992,2 40697  98.5657  92.8785 0000933  98.5092 261.6196 14.30827965447501
2024-01-16T12:21:45.816768+00:00,1 40697U 15028A   24016.51511362  .00000317  00000-0  13757-3 0  9996,2 40697  98.5657  92.9475 0000938  98.7073 261.4216 14.30827977447508
2024-01-16T19:04:33.476160+00:00,1 40697U 15028A   24016.79483190  .00000305  00000-0  13294-3 0  9996,2 40697  98.5657  93.2231 0000936  98.9227 261.2062 14.30828123447559
2024-01-16T20:45:15.391008+00:00,1 40697U 15028A   24016.86476147  .00000294  00000-0  12893-3 0  9999,2 40697  98.5657  93.2920 0000937  99.0610 261.0679 14.30828116447557
2024-01-17T03:28:03.046944+00:00,1 40697U 15028A   24017.14447971  .00000278  00000-0  12284-3 0  9990,2 40697  98.5656  93.5676 0000936  99.1937 260.9352 14.30828270447602
2024-01-17T10:10:50.697696+00:00,1 40697U 15028A   24017.42419789  .00000299  00000-0  13054-3 0  9996,2 40697  98.5656  93.8432 0000940  99.5951 260.5338 14.30828573447640
2024-01-17T13:32:14.523072+00:00,1 40697U 15028A   24017.56405698  .00000320  00000-0  13878-3 0  9994,2 40697  98.5656  93.9811 0000943  99.4873 260.6416 14.30828759447652
2024-01-17T18:34:20.257248+00:00,1 40697U 15028A   24017.77384557  .00000319  00000-0  13839-3 0  9992,2 40697  98.5656  94.1878 0000938  99.7034 260.4255 14.30828897447690
2024-01-17T21:55:44.079168+00:00,1 40697U 15028A   24017.91370462  .00000309  00000-0  13440-3 0  9995,2 40697  98.5655  94.3255 0000942  99.8143 260.3146 14.30828937447702
2024-01-18T04:38:31.720416+00:00,1 40697U 15028A   24018.19342269  .00000299  00000-0  13072-3 0  9999,2 40697  98.5655  94.6011 0000940  99.9308 260.1981 14.30829131447754
2024-01-18T11:21:19.363392+00:00,1 40697U 15028A   24018.47314078  .00000297  00000-0  13008-3 0  9994,2 40697  98.5655  94.8768 0000944 100.1176 260.0114 14.30829302447798
2024-01-18T14:42:43.179264+00:00,1 40697U 15028A   24018.61299976  .00000305  00000-0  13280-3 0  9991,2 40697  98.5655  95.0146 0000939  99.9770 260.1519 14.30829451447807
2024-01-18T16:23:25.086336+00:00,1 40697U 15028A   24018.68292924  .00000308  00000-0  13410-3 0  9992,2 40697  98.5654  95.0835 0000938  99.9435 260.1853 14.30829522447819
2024-01-18T16:23:25.086336+00:00,1 40697U 15028A   24018.68292924  .00000308  00000-0  13410-3 0  9992,2 40697  98.5654  95.0835 0000938  99.9435 260.1853 14.30829522447820
2024-01-19T04:08:19.095936+00:00,1 40697U 15028A   24019.17244324  .00000296  00000-0  12978-3 0  9992,2 40697  98.5745  95.5661 0000913  90.7615 269.3672 14.30807742447892
2024-01-19T10:51:07.088832+00:00,1 40697U 15028A   24019.45216538  .00000562  00000-0  23103-3 0  9997,2 40697  98.5746  95.8422 0000905  90.6130 269.5157 14.30808187447932
2024-01-19T12:31:49.072800+00:00,1 40697U 15028A   24019.52209575  .00000770  00000-0  31043-3 0  9991,2 40697  98.5746  95.9112 0000911  91.2623 268.8664 14.30808396447937
2024-01-19T19:14:37.057920+00:00,1 40697U 15028A   24019.80181780  .00000759  00000-0  30631-3 0  9998,2 40697  98.5746  96.1872 0000910  92.5654 267.5633 14.30808623447980
2024-01-19T20:55:19.060896+00:00,1 40697U 15028A   24019.87174839  .00000744  00000-0  30058-3 0  9999,2 40697  98.5746  96.2562 0000922  93.4608 266.6681 14.30808489447982
2024-01-20T03:38:07.044288+00:00,1 40697U 15028A   24020.15147042  .00000733  00000-0  29628-3 0  9997,2 40697  98.5745  96.5321 0000928  94.2524 265.8765 14.30808784448038
2024-01-20T10:20:55.037184+00:00,1 40697U 15028A   24020.43119256  .00000756  00000-0  30509-3 0  9999,2 40697  98.5744  96.8078 0000932  94.2011 265.9278 14.30809248448075
2024-01-20T13:42:19.034496+00:00,1 40697U 15028A   24020.57105364  .00000769  00000-0  31022-3 0  9994,2 40697  98.5744  96.9458 0000945  93.2401 266.8890 14.30809451448081
2024-01-20T18:44:25.027008+00:00,1 40697U 15028A   24020.78084522  .00000312  00000-0  13560-3 0  9990,2 40697  98.5744  97.1527 0000930  94.3240 265.8049 14.30808874448126
2024-01-20T22:05:49.014816+00:00,1 40697U 15028A   24020.92070619  .00000304  00000-0  13267-3 0  9993,2 40697  98.5743  97.2907 0000932  94.5110 265.6179 14.30808922448135
2024-01-21T03:07:55.003008+00:00,1 40697U 15028A   24021.13049772  .00000239  00000-0  10767-3 0  9992,2 40697  98.5743  97.4976 0000927  94.4587 265.6702 14.30808915448172
2024-01-21T04:48:37.002528+00:00,1 40697U 15028A   24021.20042827  .00000269  00000-0  11940-3 0  9991,2 40697  98.5743  97.5666 0000927  94.5314 265.5975 14.30809106448172
2024-01-21T09:50:42.983808+00:00,1 40697U 15028A   24021.41021972  .00000270  00000-0  11969-3 0  9995,2 40697  98.5743  97.7735 0000929  94.5113 265.6176 14.30809236448213
2024-01-21T11:31:24.973824+00:00,1 40697U 15028A   24021.48015016  .00000258  00000-0  11523-3 0  9996,2 40697  98.5743  97.8425 0000930  94.7485 265.3804 14.30809236448222
2024-01-21T19:54:54.936000+00:00,1 40697U 15028A   24021.82980250  .00000274  00000-0  12138-3 0  9996,2 40697  98.5742  98.1874 0000925  94.7903 265.3385 14.30809493448276
2024-01-21T21:35:36.931200+00:00,1 40697U 15028A   24021.89973300  .00000244  00000-0  10981-3 0  9992,2 40697  98.5742  98.2563 0000926  94.9825 265.1464 14.30809353448279
2024-01-22T04:18:24.898176+00:00,1 40697U 15028A   24022.17945484  .00000252  00000-0  11283-3 0  9991,2 40697  98.5741  98.5322 0000928  95.4370 264.6918 14.30809570448322
2024-01-22T05:59:06.891648+00:00,1 40697U 15028A   24022.24938532  .00000295  00000-0  12907-3 0  9996,2 40697  98.5741  98.6012 0000928  95.5726 264.5562 14.30809824448321
2024-01-22T11:01:12.864288+00:00,1 40697U 15028A   24022.45917667  .00000302  00000-0  13192-3 0  9991,2 40697  98.5741  98.8081 0000928  95.5591 264.5698 14.30809972448367
2024-01-22T19:24:42.815232+00:00,1 40697U 15028A   24022.80882888  .00000289  00000-0  12677-3 0  9997,2 40697  98.5740  99.1530 0000925  95.7628 264.3660 14.30810143448414
2024-01-22T21:05:24.802656+00:00,1 40697U 15028A   24022.87875929  .00000256  00000-0  11445-3 0  9998,2 40697  98.5740  99.2219 0000926  95.8953 264.2336 14.30810010448414
2024-01-23T03:48:12.759264+00:00,1 40697U 15028A   24023.15848101  .00000249  00000-0  11162-3 0  9990,2 40697  98.5739  99.4978 0000925  96.1992 263.9296 14.30810189448465
2024-01-23T05:28:54.746688+00:00,1 40697U 15028A   24023.22841142  .00000296  00000-0  12969-3 0  9994,2 40697  98.5739  99.5668 0000925  96.2676 263.8613 14.30810481448469
2024-01-23T10:31:00.711552+00:00,1 40697U 15028A   24023.43820268  .00000298  00000-0  13037-3 0  9992,2 40697  98.5739  99.7737 0000927  96.3018 263.8271 14.30810620448501
2024-01-23T17:13:48.660384+00:00,1 40697U 15028A   24023.71792431  .00000322  00000-0  13951-3 0  9996,2 40697  98.5739 100.0496 0000924  96.3597 263.7691 14.30810942448544
2024-01-23T20:35:12.630048+00:00,1 40697U 15028A   24023.85778507  .00000276  00000-0  12207-3 0  9990,2 40697  98.5738 100.1875 0000923  96.5098 263.6190 14.30810778448553
2024-01-24T03:18:00.571968+00:00,1 40697U 15028A   24024.13750662  .00000271  00000-0  11991-3 0  9998,2 40697  98.5737 100.4634 0000923  96.8389 263.2899 14.30810972448608
2024-01-24T11:41:30.500448+00:00,1 40697U 15028A   24024.48715857  .00000339  00000-0  14588-3 0  9993,2 40697  98.5737 100.8083 0000925  96.6815 263.4473 14.30811540448651
2024-01-24T13:22:12.490464+00:00,1 40697U 15028A   24024.55708901  .00000353  00000-0  15128-3 0  9990,2 40697  98.5737 100.8772 0000924  96.6044 263.5244 14.30811636448652
2024-01-24T18:24:18.442368+00:00,1 40697U 15028A   24024.76688012  .00000347  00000-0  14920-3 0  9995,2 40697  98.5737 101.0841 0000922  96.7013 263.4275 14.30811765448697
2024-01-24T21:45:42.412896+00:00,1 40697U 15028A   24024.90674089  .00000306  00000-0  13359-3 0  9990,2 40697  98.5736 101.2221 0000924  96.9856 263.1432 14.30811632448706
2024-01-25T02:47:48.361344+00:00,1 40697U 15028A   24025.11653196  .00000310  00000-0  13491-3 0  9992,2 40697  98.5736 101.4290 0000926  97.2325 262.8963 14.30811805448742
2024-01-25T11:11:18.283776+00:00,1 40697U 15028A   24025.46618384  .00000331  00000-0  14292-3 0  9993,2 40697  98.5735 101.7738 0000929  97.3159 262.8130 14.30812102448792
2024-01-25T12:52:00.259968+00:00,1 40697U 15028A   24025.53611412  .00000313  00000-0  13604-3 0  9992,2 40697  98.5735 101.8428 0000930  97.2890 262.8398 14.30812110448797
2024-01-25T19:34:48.183744+00:00,1 40697U 15028A   24025.81583546  .00000309  00000-0  13455-3 0  9998,2 40697  98.5734 102.1187 0000930  97.3918 262.7370 14.30812294448842
2024-01-25T21:15:30.165984+00:00,1 40697U 15028A   24025.88576581  .00000291  00000-0  12762-3 0  9996,2 40697  98.5734 102.1876 0000931  97.4771 262.6517 14.30812224448841
2024-01-26T03:58:18.086304+00:00,1 40697U 15028A   24026.16548711  .00000282  00000-0  12423-3 0  9996,2 40697  98.5733 102.4635 0000927  97.6553 262.4735 14.30812398448898
2024-01-26T10:41:06.016992+00:00,1 40697U 15028A   24026.44520853  .00000324  00000-0  14021-3 0  9997,2 40697  98.5733 102.7394 0000931  97.8465 262.2824 14.30812731448935
2024-01-26T12:21:48.002688+00:00,1 40697U 15028A   24026.51513892  .00000299  00000-0  13072-3 0  9996,2 40697  98.5733 102.8083 0000931  97.7398 262.3891 14.30812628448935
2024-01-26T19:04:35.917824+00:00,1 40697U 15028A   24026.79486016  .00000293  00000-0  12860-3 0  9991,2 40697  98.5732 103.0842 0000930  98.0196 262.1092 14.30812799448984
2024-01-27T01:47:23.830368+00:00,1 40697U 15028A   24027.07458137  .00000293  00000-0  12829-3 0  9991,2 40697  98.5731 103.3600 0000923  98.3131 261.8157 14.30812948449022
2024-01-27T10:10:53.722560+00:00,1 40697U 15028A   24027.42423290  .00000322  00000-0  13953-3 0  9994,2 40697  98.5731 103.7048 0000930  98.4652 261.6636 14.30813306449073
2024-01-27T13:32:17.682720+00:00,1 40697U 15028A   24027.56409355  .00000308  00000-0  13409-3 0  9995,2 40697  98.5730 103.8428 0000931  98.5146 261.6142 14.30813309449081
2024-01-27T18:34:23.612160+00:00,1 40697U 15028A   24027.77388440  .00000292  00000-0  12794-3 0  9997,2 40697  98.5730 104.0497 0000929  98.7671 261.3617 14.30813396449127
2024-01-27T20:15:05.587488+00:00,1 40697U 15028A   24027.84381467  .00000254  00000-0  11368-3 0  9991,2 40697  98.5730 104.1186 0000934  98.9478 261.1810 14.30813229449124
2024-01-28T04:38:35.469312+00:00,1 40697U 15028A   24028.19346608  .00000245  00000-0  11006-3 0  9997,2 40697  98.5729 104.4634 0000933  99.1745 260.9544 14.30813414449185
2024-01-28T09:40:41.403936+00:00,1 40697U 15028A   24028.40325699  .00000254  00000-0  11362-3 0  9993,2 40697  98.5729 104.6703 0000939  99.2641 260.8648 14.30813550449215
2024-01-28T14:42:47.329056+00:00,1 40697U 15028A   24028.61304779  .00000243  00000-0  10946-3 0  9997,2 40697  98.5728 104.8772 0000939  99.1796 260.9493 14.30813662449237
2024-01-28T19:44:53.250720+00:00,1 40697U 15028A   24028.82283855  .00000246  00000-0  11068-3 0  9990,2 40697  98.5728 105.0841 0000940  99.2621 260.8668 14.30813798449274
2024-01-28T21:25:35.226048+00:00,1 40697U 15028A   24028.89276882  .00000248  00000-0  11142-3 0  9994,2 40697  98.5727 105.1531 0000941  99.3956 260.7333 14.30813818449274
2024-01-29T04:08:23.119584+00:00,1 40697U 15028A   24029.17248981  .00000257  00000-0  11488-3 0  9998,2 40697  98.5727 105.4289 0000944  99.6361 260.4929 14.30814037449321
2024-01-29T10:51:11.007936+00:00,1 40697U 15028A   24029.45221074  .00000265  00000-0  11763-3 0  9998,2 40697  98.5727 105.7048 0000949  99.7268 260.4022 14.30814268449363
2024-01-29T17:33:58.902336+00:00,1 40697U 15028A   24029.73193174  .00000257  00000-0  11466-3 0  9999,2 40697  98.5726 105.9806 0000948  99.7429 260.3860 14.30814369449400
2024-01-29T20:55:22.846080+00:00,1 40697U 15028A   24029.87179220  .00000253  00000-0  11331-3 0  9997,2 40697  98.5726 106.1185 0000949  99.9530 260.1760 14.30814416449410
2024-01-30T03:38:10.730976+00:00,1 40697U 15028A   24030.15151309  .00000241  00000-0  10848-3 0  9997,2 40697  98.5725 106.3944 0000946 100.1587 259.9702 14.30814550449464
2024-01-30T10:20:58.613280+00:00,1 40697U 15028A   24030.43123395  .00000241  00000-0  10847-3 0  9991,2 40697  98.5725 106.6702 0000948 100.2435 259.8855 14.30814714449509
2024-01-30T13:42:22.554432+00:00,1 40697U 15028A   24030.57109438  .00000242  00000-0  10895-3 0  9992,2 40697  98.5725 106.8082 0000944 100.0415 260.0874 14.30814793449517
2024-01-30T18:44:28.463136+00:00,1 40697U 15028A   24030.78088499  .00000233  00000-0  10563-3 0  9990,2 40697  98.5724 107.0151 0000942 100.2006 259.9283 14.30814881449555
2024-01-30T22:05:52.406016+00:00,1 40697U 15028A   24030.92074544  .00000207  00000-0  95610-4 0  9990,2 40697  98.5724 107.1530 0000942 100.2843 259.8446 14.30814804449562
2024-01-31T04:48:40.282272+00:00,1 40697U 15028A   24031.20046623  .00000205  00000-0  94894-4 0  9990,2 40697  98.5724 107.4288 0000942 100.4377 259.6912 14.30814968449612
2024-01-31T11:31:28.157664+00:00,1 40697U 15028A   24031.48018701  .00000210  00000-0  96842-4 0  9997,2 40697  98.5724 107.7047 0000946 100.2525 259.8765 14.30815140449650
2024-01-31T13:12:10.127808+00:00,1 40697U 15028A   24031.55011722  .00000203  00000-0  93922-4 0  9999,2 40697  98.5724 107.7736 0000944 100.1479 259.9810 14.30815139449650
2024-01-31T18:14:16.031328+00:00,1 40697U 15028A   24031.75990777  .00000202  00000-0  93656-4 0  9990,2 40697  98.5723 107.9805 0000943 100.1680 259.9609 14.30815250449695
2024-01-31T21:35:39.967296+00:00,1 40697U 15028A   24031.89976814  .00000204  00000-0  94575-4 0  9994,2 40697  98.5723 108.1184 0000948 100.4202 259.7088 14.30815305449708
2024-02-01T04:18:27.834048+00:00,1 40697U 15028A   24032.17948882  .00000211  00000-0  97033-4 0  9990,2 40697  98.5722 108.3943 0000951 100.8516 259.2774 14.30815497449752
2024-02-01T11:01:15.706848+00:00,1 40697U 15028A   24032.45920957  .00000193  00000-0  90400-4 0  9994,2 40697  98.5722 108.6701 0000956 100.9966 259.1324 14.30815536449790
2024-02-01T12:41:57.673536+00:00,1 40697U 15028A   24032.52913974  .00000203  00000-0  94030-4 0  9998,2 40697  98.5722 108.7391 0000957 100.8072 259.3219 14.30815638449792
2024-02-01T19:24:45.536832+00:00,1 40697U 15028A   24032.80886038  .00000195  00000-0  91180-4 0  9992,2 40697  98.5722 109.0149 0000955 101.1313 258.9978 14.30815762449848
2024-02-01T22:46:09.467616+00:00,1 40697U 15028A   24032.94872069  .00000198  00000-0  92338-4 0  9995,2 40697  98.5721 109.1528 0000959 101.5161 258.6130 14.30815827449858
2024-02-02T03:48:15.363360+00:00,1 40697U 15028A   24033.15851115  .00000194  00000-0  90805-4 0  9991,2 40697  98.5721 109.3597 0000957 101.6413 258.4877 14.30815938449898
2024-02-02T10:31:03.227520+00:00,1 40697U 15028A   24033.43823180  .00000178  00000-0  84422-4 0  9993,2 40697  98.5721 109.6355 0000965 101.6910 258.4381 14.30816004449934
2024-02-02T13:52:27.154848+00:00,1 40697U 15028A   24033.57809207  .00000186  00000-0  87660-4 0  9998,2 40697  98.5721 109.7735 0000965 101.6289 258.5002 14.30816122449949
2024-02-02T18:54:33.046272+00:00,1 40697U 15028A   24033.78788248  .00000182  00000-0  86074-4 0  9996,2 40697  98.5720 109.9803 0000963 101.7787 258.3504 14.30816209449983
2024-02-02T20:35:15.011232+00:00,1 40697U 15028A   24033.85781263  .00000168  00000-0  80594-4 0  9999,2 40697  98.5720 110.0493 0000962 101.8724 258.2567 14.30816162449988
2024-02-03T03:18:02.866752+00:00,1 40697U 15028A   24034.13753318  .00000163  00000-0  78888-4 0  9999,2 40697  98.5720 110.3251 0000962 102.0108 258.1183 14.30816280450034
2024-02-03T11:41:32.688096+00:00,1 40697U 15028A   24034.48718389  .00000184  00000-0  86991-4 0  9993,2 40697  98.5720 110.6699 0000964 101.8484 258.2807 14.30816530450075
2024-02-03T11:41:32.688096+00:00,1 40697U 15028A   24034.48718389  .00000184  00000-0  86991-4 0  9993,2 40697  98.5720 110.6699 0000964 101.8484 258.2807 14.30816530450086
2024-02-03T20:05:02.498208+00:00,1 40697U 15028A   24034.83683447  .00000185  00000-0  87343-4 0  9991,2 40697  98.5719 111.0147 0000965 101.9931 258.1360 14.30816713450138
2024-02-03T21:45:44.460576+00:00,1 40697U 15028A   24034.90676459  .00000169  00000-0  81059-4 0  9994,2 40697  98.5719 111.0837 0000967 102.1071 258.0220 14.30816650450138
2024-02-04T04:28:32.309184+00:00,1 40697U 15028A   24035.18648506  .00000172  00000-0  82132-4 0  9994,2 40697  98.5718 111.3595 0000962 102.1678 257.9612 14.30816787450188
2024-02-04T11:11:20.155200+00:00,1 40697U 15028A   24035.46620550  .00000211  00000-0  97196-4 0  9994,2 40697  98.5718 111.6353 0000964 102.1206 258.0085 14.30817115450229
2024-02-04T12:52:02.117568+00:00,1 40697U 15028A   24035.53613562  .00000198  00000-0  92208-4 0  9990,2 40697  98.5718 111.7043 0000966 102.0586 258.0705 14.30817105450226
2024-02-04T19:34:49.959264+00:00,1 40697U 15028A   24035.81585601  .00000195  00000-0  91199-4 0  9998,2 40697  98.5717 111.9801 0000964 102.1940 257.9351 14.30817221450271
2024-02-04T21:15:31.919904+00:00,1 40697U 15028A   24035.88578611  .00000186  00000-0  87526-4 0  9997,2 40697  98.5717 112.0491 0000964 102.2074 257.9217 14.30817176450277
2024-02-05T03:58:19.757280+00:00,1 40697U 15028A   24036.16550645  .00000193  00000-0  90237-4 0  9997,2 40697  98.5716 112.3249 0000962 102.3562 257.7729 14.30817353450320
2024-02-05T10:41:07.594656+00:00,1 40697U 15028A   24036.44522679  .00000216  00000-0  99137-4 0  9998,2 40697  98.5716 112.6007 0000966 102.2434 257.8857 14.30817605450363
2024-02-05T14:02:31.509888+00:00,1 40697U 15028A   24036.58508692  .00000228  00000-0  10364-3 0  9999,2 40697  98.5716 112.7386 0000971 102.3414 257.7877 14.30817745450376
2024-02-05T17:23:55.425984+00:00,1 40697U 15028A   24036.72494706  .00000226  00000-0  10304-3 0  9997,2 40697  98.5716 112.8766 0000969 102.4678 257.6613 14.30817812450405
2024-02-05T20:45:19.343808+00:00,1 40697U 15028A   24036.86480722  .00000227  00000-0  10320-3 0  9994,2 40697  98.5715 113.0145 0000971 102.7243 257.4049 14.30817835450419
2024-02-06T03:28:07.176000+00:00,1 40697U 15028A   24037.14452750  .00000208  00000-0  95892-4 0  9993,2 40697  98.5714 113.2903 0000974 103.1071 257.0221 14.30817912450468
2024-02-06T10:10:55.001280+00:00,1 40697U 15028A   24037.42424770  .00000223  00000-0  10187-3 0  9995,2 40697  98.5714 113.5661 0000977 103.2366 256.8926 14.30818140450501
2024-02-06T13:32:18.914784+00:00,1 40697U 15028A   24037.56410781  .00000221  00000-0  10092-3 0  9990,2 40697  98.5714 113.7040 0000979 103.0727 257.0565 14.30818196450519
2024-02-06T18:34:24.782880+00:00,1 40697U 15028A   24037.77389795  .00000218  00000-0  99944-4 0  9993,2 40697  98.5713 113.9108 0000979 103.3227 256.8065 14.30818290450554
2024-02-06T21:55:48.689472+00:00,1 40697U 15028A   24037.91375798  .00000251  00000-0  11244-3 0  9990,2 40697  98.5712 114.0487 0000989 103.6837 256.4456 14.30818521450564
2024-02-07T04:38:36.509568+00:00,1 40697U 15028A   24038.19347812  .00000247  00000-0  11084-3 0  9994,2 40697  98.5712 114.3245 0000996 103.9404 256.1890 14.30818672450612
2024-02-07T11:21:24.333984+00:00,1 40697U 15028A   24038.47319831  .00000243  00000-0  10933-3 0  9993,2 40697  98.5711 114.6003 0001003 103.9218 256.2076 14.30818779450658
2024-02-07T13:02:06.284256+00:00,1 40697U 15028A   24038.54312829  .00000267  00000-0  11850-3 0  9996,2 40697  98.5711 114.6693 0001004 103.8395 256.2900 14.30818938450652
2024-02-07T19:44:54.098304+00:00,1 40697U 15028A   24038.82284836  .00000259  00000-0  11551-3 0  9992,2 40697  98.5710 114.9451 0001003 104.0337 256.0958 14.30819055450702
2024-02-07T21:25:36.050304+00:00,1 40697U 15028A   24038.89277836  .00000256  00000-0  11434-3 0  9998,2 40697  98.5710 115.0140 0001005 104.0161 256.1134 14.30819071450701
2024-02-08T00:46:59.955168+00:00,1 40697U 15028A   24039.03263837  .00000257  00000-0  11478-3 0  9990,2 40697  98.5710 115.1519 0001007 104.2406 255.8889 14.30819152450734
2024-02-08T10:51:11.669760+00:00,1 40697U 15028A   24039.45221840  .00000298  00000-0  13036-3 0  9991,2 40697  98.5709 115.5656 0001011 104.2715 255.8580 14.30819571450784
2024-02-08T10:51:11.669760+00:00,1 40697U 15028A   24039.45221840  .00000298  00000-0  13036-3 0  9991,2 40697  98.5709 115.5656 0001011 104.2715 255.8580 14.30819571450795
2024-02-08T19:14:41.445312+00:00,1 40697U 15028A   24039.80186858  .00000296  00000-0  12957-3 0  9998,2 40697  98.5716 115.9111 0001088 122.5009 237.6279 14.30800452450832
2024-02-08T19:14:41.445312+00:00,1 40697U 15028A   24039.80186858  .00000296  00000-0  12957-3 0  9998,2 40697  98.5716 115.9111 0001088 122.5009 237.6279 14.30800452450843
2024-02-09T03:38:11.437728+00:00,1 40697U 15028A   24040.15152127  .00000287  00000-0  12624-3 0  9991,2 40697  98.5706 116.2551 0001026 103.0762 257.0535 14.30810777450893
2024-02-09T10:20:59.394336+00:00,1 40697U 15028A   24040.43124299  .00000293  00000-0  12850-3 0  9999,2 40697  98.5706 116.5309 0001030 102.8565 257.2733 14.30810811450936
2024-02-09T13:42:23.347584+00:00,1 40697U 15028A   24040.57110356  .00000833  00000-0  33442-3 0  9993,2 40697  98.5707 116.6689 0001025 101.0809 259.0490 14.30811799450942
2024-02-09T18:44:29.307264+00:00,1 40697U 15028A   24040.78089476  .00000833  00000-0  33441-3 0  9993,2 40697  98.5706 116.8758 0001022 101.7126 258.4172 14.30811822450987
2024-02-10T03:07:59.281536+00:00,1 40697U 15028A   24041.13054724 -.00000010  00000-0  12857-4 0  9998,2 40697  98.5706 117.2205 0001033 101.8878 258.2420 14.30810721451034
2024-02-10T11:31:29.205696+00:00,1 40697U 15028A   24041.48019914 -.00000005  00000-0  14932-4 0  9998,2 40697  98.5705 117.5653 0001029 101.6767 258.4531 14.30810933451088
2024-02-10T13:12:11.192256+00:00,1 40697U 15028A   24041.55012954 -.00000002  00000-0  15910-4 0  9997,2 40697  98.5705 117.6342 0001031 101.5233 258.6065 14.30810963451081
2024-02-10T19:54:59.136768+00:00,1 40697U 15028A   24041.82985112 -.00000002  00000-0  15967-4 0  9994,2 40697  98.5704 117.9100 0001035 101.3413 258.7886 14.30811013451132
2024-02-10T21:35:41.120736+00:00,1 40697U 15028A   24041.89978149 -.00000001  00000-0  16149-4 0  9995,2 40697  98.5704 117.9789 0001038 101.3058 258.8241 14.30811049451138
2024-02-11T04:18:29.059200+00:00,1 40697U 15028A   24042.17950300 -.00000001  00000-0  16302-4 0  9997,2 40697  98.5703 118.2547 0001047 101.7158 258.4142 14.30811145451186
2024-02-11T11:01:16.987296+00:00,1 40697U 15028A   24042.45922439 -.00000008  00000-0  13546-4 0  9994,2 40697  98.5703 118.5306 0001038 102.6385 257.4914 14.30811254451226
2024-02-11T12:41:58.971264+00:00,1 40697U 15028A   24042.52915476 -.00000005  00000-0  14597-4 0  9999,2 40697  98.5703 118.5995 0001038 102.4742 257.6557 14.30811289451228
2024-02-11T19:24:46.845792+00:00,1 40697U 15028A   24042.80887553  .00000336  00000-0  14472-3 0  9991,2 40697  98.5702 118.8752 0001034 102.7729 257.3569 14.30812603451271
2024-02-11T21:05:28.834080+00:00,1 40697U 15028A   24042.87880595  .00000293  00000-0  12831-3 0  9996,2 40697  98.5702 118.9442 0001035 102.9177 257.2122 14.30812396451271
2024-02-12T03:48:16.751808+00:00,1 40697U 15028A   24043.15852722  .00000287  00000-0  12610-3 0  9997,2 40697  98.5701 119.2199 0001033 103.0426 257.0872 14.30812582451323
2024-02-12T12:11:46.638816+00:00,1 40697U 15028A   24043.50817869  .00000349  00000-0  14963-3 0  9991,2 40697  98.5701 119.5647 0001039 103.1867 256.9432 14.30813183451362
2024-02-12T12:11:46.638816+00:00,1 40697U 15028A   24043.50817869  .00000349  00000-0  14963-3 0  9991,2 40697  98.5701 119.5647 0001039 103.1867 256.9432 14.30813183451373
2024-02-12T18:54:34.544448+00:00,1 40697U 15028A   24043.78789982  .00000364  00000-0  15540-3 0  9994,2 40697  98.5701 119.8405 0001036 103.0494 257.0804 14.30813473451412
2024-02-12T20:35:16.524096+00:00,1 40697U 15028A   24043.85783014  .00000305  00000-0  13309-3 0  9998,2 40697  98.5700 119.9095 0001036 103.0757 257.0542 14.30813179451411
2024-02-13T03:18:04.431456+00:00,1 40697U 15028A   24044.13755129  .00000284  00000-0  12509-3 0  9993,2 40697  98.5700 120.1852 0001038 103.3359 256.7939 14.30813321451469
2024-02-13T11:41:34.303776+00:00,1 40697U 15028A   24044.48720259  .00000356  00000-0  15238-3 0  9999,2 40697  98.5699 120.5299 0001048 103.1670 256.9630 14.30813967451512
2024-02-13T13:22:16.279104+00:00,1 40697U 15028A   24044.55713286  .00000408  00000-0  17219-3 0  9998,2 40697  98.5699 120.5989 0001050 103.0038 257.1262 14.30814281451512
2024-02-13T20:05:04.169184+00:00,1 40697U 15028A   24044.83685381  .00000406  00000-0  17166-3 0  9992,2 40697  98.5699 120.8746 0001052 103.1308 256.9992 14.30814500451565
2024-02-13T21:45:46.143648+00:00,1 40697U 15028A   24044.90678407  .00000410  00000-0  17300-3 0  9996,2 40697  98.5698 120.9436 0001056 103.1923 256.9377 14.30814570451562
2024-02-14T04:28:34.027680+00:00,1 40697U 15028A   24045.18650495  .00000405  00000-0  17129-3 0  9997,2 40697  98.5698 121.2193 0001057 103.4489 256.6811 14.30814807451616
2024-02-14T11:11:21.911712+00:00,1 40697U 15028A   24045.46622583  .00000362  00000-0  15492-3 0  9998,2 40697  98.5697 121.4951 0001063 103.3536 256.7766 14.30814804451659
2024-02-14T14:32:45.860640+00:00,1 40697U 15028A   24045.60608635  .00000367  00000-0  15666-3 0  9994,2 40697  98.5697 121.6330 0001066 103.2168 256.9133 14.30814934451660
2024-02-14T17:54:09.799200+00:00,1 40697U 15028A   24045.74594675  .00000366  00000-0  15626-3 0  9992,2 40697  98.5697 121.7709 0001064 103.1424 256.9877 14.30815046451696
2024-02-14T21:15:33.736032+00:00,1 40697U 15028A   24045.88580713  .00000364  00000-0  15560-3 0  9990,2 40697  98.5697 121.9087 0001068 103.1445 256.9857 14.30815149451708
2024-02-15T03:58:21.607968+00:00,1 40697U 15028A   24046.16552787  .00000355  00000-0  15200-3 0  9993,2 40697  98.5696 122.1845 0001070 103.4016 256.7286 14.30815368451754
2024-02-15T10:41:09.493728+00:00,1 40697U 15028A   24046.44524877  .00000315  00000-0  13686-3 0  9995,2 40697  98.5696 122.4603 0001077 103.6333 256.4969 14.30815329451796
2024-02-15T12:21:51.459552+00:00,1 40697U 15028A   24046.51517893  .00000332  00000-0  14350-3 0  9991,2 40697  98.5696 122.5292 0001078 103.6213 256.5090 14.30815478451790
2024-02-15T19:04:39.326304+00:00,1 40697U 15028A   24046.79489961  .00000334  00000-0  14408-3 0  9991,2 40697  98.5695 122.8050 0001079 103.6657 256.4646 14.30815697451842
2024-02-15T22:26:03.264000+00:00,1 40697U 15028A   24046.93476000  .00000295  00000-0  12931-3 0  9992,2 40697  98.5695 122.9428 0001078 103.8921 256.2381 14.30815615451852
2024-02-16T03:28:09.160608+00:00,1 40697U 15028A   24047.14455047  .00000299  00000-0  13060-3 0  9992,2 40697  98.5694 123.1496 0001076 103.8778 256.2525 14.30815793451898
2024-02-16T11:51:38.979360+00:00,1 40697U 15028A   24047.49420115  .00000304  00000-0  13264-3 0  9991,2 40697  98.5694 123.4943 0001082 103.9402 256.1901 14.30816126451944
2024-02-16T13:32:20.949504+00:00,1 40697U 15028A   24047.56413136  .00000269  00000-0  11939-3 0  9991,2 40697  98.5694 123.5633 0001080 103.9434 256.1869 14.30815982451946
2024-02-16T18:34:26.841792+00:00,1 40697U 15028A   24047.77392178  .00000269  00000-0  11939-3 0  9996,2 40697  98.5693 123.7701 0001080 103.9404 256.1899 14.30816132451985
2024-02-16T21:55:50.771712+00:00,1 40697U 15028A   24047.91378208  .00000268  00000-0  11879-3 0  9992,2 40697  98.5693 123.9080 0001082 104.0372 256.0931 14.30816192451998
2024-02-17T04:38:38.625504+00:00,1 40697U 15028A   24048.19350261  .00000258  00000-0  11505-3 0  9997,2 40697  98.5692 124.1837 0001080 104.0697 256.0606 14.30816367452048
2024-02-17T11:21:26.476704+00:00,1 40697U 15028A   24048.47322311  .00000286  00000-0  12587-3 0  9995,2 40697  98.5692 124.4595 0001083 103.9348 256.1956 14.30816703452083
2024-02-17T14:42:50.401440+00:00,1 40697U 15028A   24048.61308335  .00000278  00000-0  12260-3 0  9990,2 40697  98.5692 124.5974 0001076 103.8925 256.2378 14.30816752452091
2024-02-17T19:44:56.285088+00:00,1 40697U 15028A   24048.82287367  .00000277  00000-0  12250-3 0  9992,2 40697  98.5691 124.8042 0001079 103.9257 256.2046 14.30816893452134
2024-02-17T21:25:38.242272+00:00,1 40697U 15028A   24048.89280373  .00000288  00000-0  12666-3 0  9992,2 40697  98.5691 124.8731 0001080 103.8988 256.2315 14.30816983452130
2024-02-18T04:08:26.082240+00:00,1 40697U 15028A   24049.17252410  .00000287  00000-0  12606-3 0  9998,2 40697  98.5690 125.1488 0001086 104.2426 255.8877 14.30817198452182
2024-02-18T10:51:13.918752+00:00,1 40697U 15028A   24049.45224443  .00000309  00000-0  13444-3 0  9990,2 40697  98.5690 125.4246 0001093 104.3163 255.8141 14.30817526452228
2024-02-18T12:31:55.881984+00:00,1 40697U 15028A   24049.52217456  .00000286  00000-0  12580-3 0  9998,2 40697  98.5690 125.4935 0001095 104.2778 255.8526 14.30817466452226
2024-02-18T19:14:43.715040+00:00,1 40697U 15028A   24049.80189485  .00000281  00000-0  12372-3 0  9993,2 40697  98.5689 125.7693 0001098 104.3372 255.7933 14.30817657452270
2024-02-18T20:55:25.673952+00:00,1 40697U 15028A   24049.87182493  .00000277  00000-0  12222-3 0  9991,2 40697  98.5689 125.8382 0001099 104.4382 255.6923 14.30817670452272
2024-02-19T03:38:13.504416+00:00,1 40697U 15028A   24050.15154519  .00000273  00000-0  12084-3 0  9994,2 40697  98.5688 126.1139 0001100 104.4112 255.7193 14.30817857452322
2024-02-19T12:01:43.291200+00:00,1 40697U 15028A   24050.50119550  .00000279  00000-0  12299-3 0  9993,2 40697  98.5688 126.4586 0001107 104.3657 255.7648 14.30818115452379
2024-02-19T13:42:25.249248+00:00,1 40697U 15028A   24050.57112557  .00000276  00000-0  12204-3 0  9993,2 40697  98.5688 126.5275 0001107 104.3618 255.7688 14.30818146452370
2024-02-19T18:44:31.117344+00:00,1 40697U 15028A   24050.78091571  .00000275  00000-0  12168-3 0  9996,2 40697  98.5687 126.7343 0001109 104.4704 255.6602 14.30818280452415
2024-02-19T22:05:55.031712+00:00,1 40697U 15028A   24050.92077583  .00000233  00000-0  10558-3 0  9994,2 40697  98.5687 126.8722 0001111 104.5755 255.5552 14.30818125452429
2024-02-20T04:48:42.854400+00:00,1 40697U 15028A   24051.20049600  .00000229  00000-0  10388-3 0  9991,2 40697  98.5686 127.1479 0001111 104.5801 255.5505 14.30818291452470
2024-02-20T11:31:30.676224+00:00,1 40697U 15028A   24051.48021616  .00000238  00000-0  10748-3 0  9998,2 40697  98.5686 127.4237 0001118 104.5796 255.5511 14.30818514452515
2024-02-20T14:52:54.582816+00:00,1 40697U 15028A   24051.62007619  .00000243  00000-0  10917-3 0  9995,2 40697  98.5685 127.5615 0001117 104.5546 255.5761 14.30818636452520
2024-02-20T18:14:18.490272+00:00,1 40697U 15028A   24051.75993623  .00000238  00000-0  10762-3 0  9990,2 40697  98.5685 127.6994 0001117 104.6020 255.5287 14.30818704452551
2024-02-20T21:35:42.396864+00:00,1 40697U 15028A   24051.89979626  .00000226  00000-0  10297-3 0  9992,2 40697  98.5685 127.8373 0001120 104.6864 255.4443 14.30818719452564
2024-02-21T04:18:30.209184+00:00,1 40697U 15028A   24052.17951631  .00000229  00000-0  10406-3 0  9995,2 40697  98.5684 128.1130 0001122 104.8402 255.2905 14.30818904452613
2024-02-21T11:01:18.021504+00:00,1 40697U 15028A   24052.45923636  .00000234  00000-0  10576-3 0  9994,2 40697  98.5684 128.3887 0001128 104.8606 255.2702 14.30819070452650
2024-02-21T12:41:59.976096+00:00,1 40697U 15028A   24052.52916639  .00000212  00000-0  97584-4 0  9998,2 40697  98.5684 128.4577 0001127 104.7708 255.3599 14.30818992452655
2024-02-21T19:24:47.784096+00:00,1 40697U 15028A   24052.80888639  .00000204  00000-0  94380-4 0  9999,2 40697  98.5683 128.7334 0001125 104.8933 255.2374 14.30819122452709
2024-02-21T22:46:11.680320+00:00,1 40697U 15028A   24052.94874630  .00000217  00000-0  99575-4 0  9995,2 40697  98.5682 128.8712 0001134 104.9922 255.1386 14.30819259452712
2024-02-22T03:48:17.532864+00:00,1 40697U 15028A   24053.15853626  .00000215  00000-0  98683-4 0  9998,2 40697  98.5682 129.0780 0001133 105.0161 255.1148 14.30819383452754
2024-02-22T12:11:47.287680+00:00,1 40697U 15028A   24053.50818620  .00000210  00000-0  96742-4 0  9991,2 40697  98.5682 129.4227 0001143 104.9256 255.2053 14.30819580452809
2024-02-22T13:52:29.237088+00:00,1 40697U 15028A   24053.57811617  .00000210  00000-0  96786-4 0  9995,2 40697  98.5681 129.4916 0001144 104.9478 255.1832 14.30819636452806
2024-02-22T18:54:35.086176+00:00,1 40697U 15028A   24053.78790609  .00000202  00000-0  93513-4 0  9991,2 40697  98.5681 129.6984 0001138 104.9142 255.2167 14.30819713452835
2024-02-22T18:54:35.086176+00:00,1 40697U 15028A   24053.78790609  .00000202  00000-0  93513-4 0  9991,2 40697  98.5681 129.6984 0001138 104.9142 255.2167 14.30819713452846
2024-02-23T11:41:35.034720+00:00,1 40697U 15028A   24054.48721105  .00000409  00000-0  17277-3 0  9995,2 40697  98.5680 130.3877 0001137 102.2081 257.9229 14.30811289452946
2024-02-23T13:22:17.012640+00:00,1 40697U 15028A   24054.55714135  .00000459  00000-0  19189-3 0  9997,2 40697  98.5680 130.4567 0001138 102.0298 258.1013 14.30811665452944
2024-02-23T20:05:04.952832+00:00,1 40697U 15028A   24054.83686288  .00000039  00000-0  31472-4 0  9999,2 40697  98.5679 130.7323 0001144 102.6171 257.5140 14.30811285452995
2024-02-23T21:45:46.938528+00:00,1 40697U 15028A   24054.90679327  .00000035  00000-0  30052-4 0  9992,2 40697  98.5678 130.8012 0001146 102.4652 257.6659 14.30811291452997
2024-02-24T04:28:34.877856+00:00,1 40697U 15028A   24055.18651479  .00000091  00000-0  51270-4 0  9998,2 40697  98.5678 131.0769 0001148 102.4531 257.6781 14.30811468453046
2024-02-24T11:11:22.814592+00:00,1 40697U 15028A   24055.46623628  .00000108  00000-0  57752-4 0  9994,2 40697  98.5677 131.3527 0001152 102.4628 257.6684 14.30811664453086
2024-02-24T14:32:46.782528+00:00,1 40697U 15028A   24055.60609702  .00000114  00000-0  60042-4 0  9990,2 40697  98.5677 131.4905 0001154 102.5241 257.6071 14.30811746453093
2024-02-24T19:34:52.732704+00:00,1 40697U 15028A   24055.81588811  .00000115  00000-0  60445-4 0  9998,2 40697  98.5676 131.6973 0001157 102.5070 257.6243 14.30811814453134
2024-02-24T21:15:34.717536+00:00,1 40697U 15028A   24055.88581849  .00000111  00000-0  59018-4 0  9999,2 40697  98.5676 131.7662 0001159 102.3727 257.7586 14.30811817453133
2024-02-25T03:58:22.647360+00:00,1 40697U 15028A   24056.16553990  .00000113  00000-0  59651-4 0  9992,2 40697  98.5675 132.0418 0001165 102.3339 257.7975 14.30811954453180
2024-02-25T12:21:52.552512+00:00,1 40697U 15028A   24056.51519158  .00000107  00000-0  57365-4 0  9992,2 40697  98.5675 132.3865 0001160 102.5110 257.6202 14.30812083453224
2024-02-25T12:21:52.552512+00:00,1 40697U 15028A   24056.51519158  .00000107  00000-0  57365-4 0  9992,2 40697  98.5675 132.3865 0001160 102.5110 257.6202 14.30812083453235
2024-02-25T19:04:40.459008+00:00,1 40697U 15028A   24056.79491272  .00000241  00000-0  10857-3 0  9991,2 40697  98.5674 132.6622 0001159 102.6909 257.4403 14.30812680453271
2024-02-25T22:26:04.423488+00:00,1 40697U 15028A   24056.93477342  .00000245  00000-0  11001-3 0  9995,2 40697  98.5674 132.8001 0001159 102.7395 257.3917 14.30812739453289
2024-02-26T03:28:10.360704+00:00,1 40697U 15028A   24057.14456436  .00000249  00000-0  11162-3 0  9992,2 40697  98.5673 133.0068 0001157 102.6859 257.4454 14.30812884453329
2024-02-26T11:51:40.252032+00:00,1 40697U 15028A   24057.49421588  .00000261  00000-0  11608-3 0  9999,2 40697  98.5673 133.3514 0001159 102.6122 257.5191 14.30813114453374
2024-02-26T13:32:22.231680+00:00,1 40697U 15028A   24057.56414620  .00000258  00000-0  11510-3 0  9994,2 40697  98.5673 133.4204 0001161 102.5346 257.5967 14.30813133453373
2024-02-26T18:34:28.164576+00:00,1 40697U 15028A   24057.77393709  .00000262  00000-0  11654-3 0  9995,2 40697  98.5672 133.6271 0001162 102.5156 257.6157 14.30813271453418
2024-02-26T21:55:52.119552+00:00,1 40697U 15028A   24057.91379768  .00000261  00000-0  11610-3 0  9991,2 40697  98.5672 133.7649 0001166 102.6056 257.5258 14.30813326453425
2024-02-27T04:38:40.028640+00:00,1 40697U 15028A   24058.19351885  .00000252  00000-0  11290-3 0  9996,2 40697  98.5671 134.0406 0001167 102.6968 257.4346 14.30813466453479
2024-02-27T11:21:27.934272+00:00,1 40697U 15028A   24058.47323998  .00000242  00000-0  10885-3 0  9999,2 40697  98.5671 134.3163 0001169 102.4029 257.7284 14.30813548453510
2024-02-27T14:42:51.890976+00:00,1 40697U 15028A   24058.61310059  .00000225  00000-0  10236-3 0  9990,2 40697  98.5671 134.4542 0001167 102.4233 257.7080 14.30813539453522
2024-02-27T19:44:57.817824+00:00,1 40697U 15028A   24058.82289141  .00000226  00000-0  10278-3 0  9997,2 40697  98.5670 134.6610 0001169 102.3646 257.7668 14.30813652453560
2024-02-27T21:25:39.795744+00:00,1 40697U 15028A   24058.89282171  .00000224  00000-0  10221-3 0  9996,2 40697  98.5670 134.7299 0001172 102.3709 257.7605 14.30813661453569
2024-02-28T04:08:27.696192+00:00,1 40697U 15028A   24059.17254278  .00000226  00000-0  10286-3 0  9998,2 40697  98.5670 135.0056 0001171 102.3997 257.7317 14.30813820453615
2024-02-28T10:51:15.595776+00:00,1 40697U 15028A   24059.45226384  .00000209  00000-0  96425-4 0  9997,2 40697  98.5669 135.2812 0001176 102.4818 257.6497 14.30813903453657
2024-02-28T12:31:57.573696+00:00,1 40697U 15028A   24059.52219414  .00000187  00000-0  87938-4 0  9995,2 40697  98.5669 135.3502 0001181 102.4477 257.6838 14.30813838453657
2024-02-28T19:14:45.489696+00:00,1 40697U 15028A   24059.80191539  .00000107  00000-0  57604-4 0  9992,2 40697  98.5669 135.6259 0001148 102.1754 257.9557 14.30813612453704
2024-02-28T20:55:27.477120+00:00,1 40697U 15028A   24059.87184580  .00000070  00000-0  43441-4 0  9990,2 40697  98.5669 135.6948 0001157 102.1507 257.9805 14.30813470453703
2024-02-29T03:38:15.390528+00:00,1 40697U 15028A   24060.15156702 -.00000015  00000-0  10986-4 0  9996,2 40697  98.5669 135.9705 0001162 101.8861 258.2452 14.30813317453759
2024-02-29T12:01:45.261120+00:00,1 40697U 15028A   24060.50121830  .00000004  00000-0  18299-4 0  9991,2 40697  98.5668 136.3152 0001162 102.2943 257.8370 14.30813464453808
2024-02-29T13:42:27.236448+00:00,1 40697U 15028A   24060.57114857  .00000003  00000-0  17660-4 0  9999,2 40697  98.5668 136.3841 0001168 102.4222 257.7092 14.30813481453800
2024-02-29T18:44:33.161568+00:00,1 40697U 15028A   24060.78093937  .00000007  00000-0  19162-4 0  9990,2 40697  98.5668 136.5908 0001186 102.5307 257.6008 14.30813544453841
2024-02-29T22:05:57.105312+00:00,1 40697U 15028A   24060.92079983  .00000061  00000-0  39895-4 0  9996,2 40697  98.5667 136.7286 0001190 102.5422 257.5894 14.30813730453854
2024-03-01T03:08:03.020928+00:00,1 40697U 15028A   24061.13059052  .00000110  00000-0  58568-4 0  9998,2 40697  98.5667 136.9354 0001189 102.4225 257.7091 14.30813977453898
2024-03-01T11:31:32.863872+00:00,1 40697U 15028A   24061.48024148  .00000267  00000-0  11832-3 0  9999,2 40697  98.5667 137.2800 0001199 101.7950 258.3367 14.30814746453940
2024-03-01T13:12:14.831424+00:00,1 40697U 15028A   24061.55017166  .00000292  00000-0  12816-3 0  9990,2 40697  98.5667 137.3489 0001196 102.0874 258.0442 14.30814822453946
2024-03-01T19:55:02.707680+00:00,1 40697U 15028A   24061.82989245  .00000358  00000-0  15323-3 0  9995,2 40697  98.5666 137.6247 0001205 102.1537 257.9781 14.30815184453988
2024-03-01T19:55:02.707680+00:00,1 40697U 15028A   24061.82989245  .00000358  00000-0  15323-3 0  9995,2 40697  98.5666 137.6247 0001205 102.1537 257.9781 14.30815184453999
2024-03-02T04:18:32.560128+00:00,1 40697U 15028A   24062.17954352  .00000377  00000-0  16060-3 0  9995,2 40697  98.5665 137.9692 0001211 102.7968 257.3351 14.30815418454040
2024-03-02T11:01:20.433792+00:00,1 40697U 15028A   24062.45926428  .00000387  00000-0  16438-3 0  9999,2 40697  98.5665 138.2449 0001221 102.8436 257.2883 14.30815722454076
2024-03-02T11:01:20.433792+00:00,1 40697U 15028A   24062.45926428  .00000387  00000-0  16438-3 0  9999,2 40697  98.5665 138.2449 0001221 102.8436 257.2883 14.30815722454087
2024-03-02T19:24:50.285376+00:00,1 40697U 15028A   24062.80891534  .00000189  00000-0  88687-4 0  9993,2 40697  98.5664 138.5895 0001217 102.6638 257.4681 14.30815375454139
2024-03-02T21:05:32.255520+00:00,1 40697U 15028A   24062.87884555  .00000188  00000-0  88183-4 0  9995,2 40697  98.5664 138.6584 0001219 102.6892 257.4427 14.30815376454138
2024-03-03T03:48:20.128320+00:00,1 40697U 15028A   24063.15856630  .00000178  00000-0  84652-4 0  9996,2 40697  98.5664 138.9341 0001220 102.7132 257.4187 14.30815497454184
2024-03-03T12:11:49.962624+00:00,1 40697U 15028A   24063.50821716  .00000195  00000-0  91031-4 0  9990,2 40697  98.5663 139.2787 0001225 102.5103 257.6217 14.30815762454239
2024-03-03T13:52:31.932768+00:00,1 40697U 15028A   24063.57814737  .00000178  00000-0  84700-4 0  9998,2 40697  98.5663 139.3476 0001226 102.5290 257.6030 14.30815707454235
2024-03-03T18:54:37.831968+00:00,1 40697U 15028A   24063.78793787  .00000180  00000-0  85477-4 0  9997,2 40697  98.5663 139.5543 0001225 102.4823 257.6497 14.30815809454276
2024-03-03T20:35:19.738176+00:00,1 40697U 15028A   24063.85786734  .00000357  00000-0  15287-3 0  9996,2 40697  98.5662 139.6233 0001225 102.4328 257.6992 14.30816981454274
2024-03-04T03:18:07.606656+00:00,1 40697U 15028A   24064.13758804  .00000275  00000-0  12149-3 0  9998,2 40697  98.5662 139.8989 0001231 102.5233 257.6088 14.30816681454326
2024-03-04T11:41:37.467744+00:00,1 40697U 15028A   24064.48723921  .00000213  00000-0  97734-4 0  9994,2 40697  98.5662 140.2435 0001235 102.4268 257.7053 14.30816364454375
2024-03-04T13:22:19.435296+00:00,1 40697U 15028A   24064.55716939  .00000192  00000-0  90036-4 0  9997,2 40697  98.5661 140.3124 0001238 102.3850 257.7471 14.30816290454371
2024-03-04T20:05:07.293408+00:00,1 40697U 15028A   24064.83688997  .00000186  00000-0  87443-4 0  9991,2 40697  98.5661 140.5881 0001236 102.4266 257.7055 14.30816385454422
2024-03-04T21:45:49.252320+00:00,1 40697U 15028A   24064.90682005  .00000192  00000-0  89889-4 0  9996,2 40697  98.5660 140.6570 0001239 102.3733 257.7589 14.30816462454426
2024-03-05T04:28:37.105248+00:00,1 40697U 15028A   24065.18654057  .00000198  00000-0  92041-4 0  9993,2 40697  98.5660 140.9326 0001244 102.4685 257.6637 14.30816627454472
2024-03-05T14:32:48.874272+00:00,1 40697U 15028A   24065.60612123  .00000224  00000-0  10227-3 0  9993,2 40697  98.5659 141.3461 0001248 102.0848 258.0475 14.30817013454527
2024-03-05T19:34:54.760512+00:00,1 40697U 15028A   24065.81591158  .00000215  00000-0  98617-4 0  9990,2 40697  98.5659 141.5529 0001243 102.0269 258.1053 14.30817073454569
2024-03-06T03:58:24.559392+00:00,1 40697U 15028A   24066.16556203  .00000250  00000-0  11188-3 0  9997,2 40697  98.5658 141.8974 0001247 102.0526 258.0797 14.30817441454614
2024-03-06T10:41:12.401088+00:00,1 40697U 15028A   24066.44528242  .00000238  00000-0  10761-3 0  9992,2 40697  98.5657 142.1731 0001254 101.9561 258.1762 14.30817540454650
2024-03-06T12:21:54.357408+00:00,1 40697U 15028A   24066.51521247  .00000246  00000-0  11062-3 0  9992,2 40697  98.5657 142.2420 0001254 101.8801 258.2522 14.30817631454658
2024-03-06T19:04:42.191328+00:00,1 40697U 15028A   24066.79493277  .00000239  00000-0  10800-3 0  9994,2 40697  98.5657 142.5177 0001252 101.9171 258.2152 14.30817771454709
2024-03-07T03:28:11.987616+00:00,1 40697U 15028A   24067.14458319  .00000218  00000-0  99671-4 0  9993,2 40697  98.5656 142.8622 0001248 101.7740 258.3583 14.30817842454754
2024-03-07T13:32:23.733312+00:00,1 40697U 15028A   24067.56416358  .00000230  00000-0  10423-3 0  9997,2 40697  98.5655 143.2757 0001253 101.3583 258.7741 14.30818147454809
2024-03-08T01:17:17.429280+00:00,1 40697U 15028A   24068.05367395  .00000223  00000-0  10178-3 0  9997,2 40697  98.5654 143.7581 0001253 101.1713 258.9611 14.30818379454884
2024-03-08T02:57:59.384736+00:00,1 40697U 15028A   24068.12360399  .00000223  00000-0  10165-3 0  9998,2 40697  98.5654 143.8270 0001252 101.1540 258.9783 14.30818420454895
2024-03-08T11:21:29.159424+00:00,1 40697U 15028A   24068.47325416  .00000235  00000-0  10642-3 0  9990,2 40697  98.5653 144.1715 0001254 101.0391 259.0933 14.30818655454942
2024-03-08T13:02:11.119200+00:00,1 40697U 15028A   24068.54318425  .00000221  00000-0  10080-3 0  9991,2 40697  98.5653 144.2404 0001252 100.9822 259.1501 14.30818610454946
2024-03-08T18:04:16.982112+00:00,1 40697U 15028A   24068.75297433  .00000223  00000-0  10159-3 0  9998,2 40697  98.5653 144.4472 0001255 100.9865 259.1459 14.30818746454989
2024-03-08T21:25:40.889568+00:00,1 40697U 15028A   24068.89283437  .00000208  00000-0  95937-4 0  9993,2 40697  98.5652 144.5850 0001256 100.8967 259.2357 14.30818731454995
2024-03-09T04:08:28.704480+00:00,1 40697U 15028A   24069.17255445  .00000215  00000-0  98488-4 0  9995,2 40697  98.5651 144.8606 0001258 101.0044 259.1280 14.30818911455048
2024-03-09T10:51:16.506432+00:00,1 40697U 15028A   24069.45227438  .00000252  00000-0  11280-3 0  9992,2 40697  98.5651 145.1363 0001262 100.9070 259.2255 14.30819280455081
2024-03-09T12:31:58.463616+00:00,1 40697U 15028A   24069.52220444  .00000217  00000-0  99573-4 0  9993,2 40697  98.5651 145.2052 0001263 100.8904 259.2422 14.30819125455087
2024-03-09T17:34:04.319616+00:00,1 40697U 15028A   24069.73199444  .00000213  00000-0  98045-4 0  9990,2 40697  98.5651 145.4119 0001263 100.8832 259.2493 14.30819242455126
2024-03-09T22:36:10.173024+00:00,1 40697U 15028A   24069.94178441  .00000228  00000-0  10344-3 0  9998,2 40697  98.5650 145.6186 0001266 100.9907 259.1419 14.30819387455147
2024-03-10T03:38:16.024704+00:00,1 40697U 15028A   24070.15157436  .00000223  00000-0  10153-3 0  9997,2 40697  98.5649 145.8253 0001264 100.9528 259.1797 14.30819505455184
2024-03-10T12:01:45.782112+00:00,1 40697U 15028A   24070.50122433  .00000206  00000-0  95200-4 0  9993,2 40697  98.5649 146.1699 0001271 100.7065 259.4261 14.30819608455233
2024-03-10T13:42:27.732384+00:00,1 40697U 15028A   24070.57115431  .00000203  00000-0  94213-4 0  9990,2 40697  98.5649 146.2388 0001271 100.6876 259.4450 14.30819646455230
2024-03-10T18:44:33.581472+00:00,1 40697U 15028A   24070.78094423  .00000198  00000-0  92334-4 0  9995,2 40697  98.5648 146.4455 0001272 100.6934 259.4392 14.30819744455270
2024-03-10T22:05:57.479424+00:00,1 40697U 15028A   24070.92080416  .00000198  00000-0  92184-4 0  9991,2 40697  98.5648 146.5833 0001272 100.7064 259.4262 14.30819799455283
2024-03-11T04:48:45.277920+00:00,1 40697U 15028A   24071.20052405  .00000193  00000-0  90154-4 0  9990,2 40697  98.5648 146.8590 0001273 100.6739 259.4588 14.30819933455332
2024-03-11T11:31:33.072096+00:00,1 40697U 15028A   24071.48024389  .00000196  00000-0  91294-4 0  9999,2 40697  98.5647 147.1346 0001274 100.4892 259.6435 14.30820077455371
2024-03-11T13:12:15.020640+00:00,1 40697U 15028A   24071.55017385  .00000194  00000-0  90521-4 0  9995,2 40697  98.5647 147.2035 0001275 100.4188 259.7139 14.30820113455379
2024-03-11T19:55:02.812224+00:00,1 40697U 15028A   24071.82989366  .00000192  00000-0  89819-4 0  9998,2 40697  98.5647 147.4792 0001277 100.3542 259.7785 14.30820237455426
2024-03-12T04:18:32.549760+00:00,1 40697U 15028A   24072.17954340  .00000193  00000-0  90206-4 0  9994,2 40697  98.5646 147.8237 0001277 100.2662 259.8665 14.30820416455477
2024-03-12T11:01:20.338752+00:00,1 40697U 15028A   24072.45926318  .00000197  00000-0  91626-4 0  9990,2 40697  98.5646 148.0993 0001278 100.1958 259.9369 14.30820566455510
2024-03-12T16:03:26.176608+00:00,1 40697U 15028A   24072.66905297  .00000195  00000-0  91099-4 0  9998,2 40697  98.5645 148.3060 0001277 100.1441 259.9886 14.30820685455542
2024-03-12T22:46:13.956096+00:00,1 40697U 15028A   24072.94877264  .00000196  00000-0  91581-4 0  9998,2 40697  98.5645 148.5817 0001279 100.2039 259.9288 14.30820815455574
2024-03-13T03:48:19.791360+00:00,1 40697U 15028A   24073.15856240  .00000191  00000-0  89550-4 0  9991,2 40697  98.5644 148.7884 0001278 100.1562 259.9765 14.30820916455615
2024-03-13T12:11:49.513344+00:00,1 40697U 15028A   24073.50821196  .00000194  00000-0  90747-4 0  9995,2 40697  98.5644 149.1329 0001282 100.0451 260.0876 14.30821128455651
2024-03-13T12:11:49.513344+00:00,1 40697U 15028A   24073.50821196  .00000194  00000-0  90747-4 0  9995,2 40697  98.5644 149.1329 0001282 100.0451 260.0876 14.30821128455662
2024-03-13T18:54:37.285920+00:00,1 40697U 15028A   24073.78793155  .00000190  00000-0  89028-4 0  9994,2 40697  98.5643 149.4085 0001279 100.0233 260.1094 14.30821262455704
2024-03-13T22:16:01.171776+00:00,1 40697U 15028A   24073.92779134  .00000196  00000-0  91433-4 0  9990,2 40697  98.5643 149.5463 0001282  99.9720 260.1608 14.30821350455716
2024-03-14T04:58:48.945216+00:00,1 40697U 15028A   24074.20751094  .00000202  00000-0  93591-4 0  9992,2 40697  98.5642 149.8219 0001283  99.9877 260.1451 14.30821520455761
2024-03-14T06:39:30.886848+00:00,1 40697U 15028A   24074.27744082  .00000204  00000-0  94283-4 0  9999,2 40697  98.5642 149.8908 0001284  99.9875 260.1453 14.30821563455764
2024-03-14T11:41:36.711744+00:00,1 40697U 15028A   24074.48723046  .00000192  00000-0  89988-4 0  9991,2 40697  98.5642 150.0976 0001288  99.8769 260.2559 14.30821623455808
2024-03-14T16:43:42.535776+00:00,1 40697U 15028A   24074.69702009  .00000195  00000-0  91072-4 0  9990,2 40697  98.5642 150.3043 0001290  99.7959 260.3370 14.30821754455828
2024-03-14T16:43:42.535776+00:00,1 40697U 15028A   24074.69702009  .00000195  00000-0  91072-4 0  9990,2 40697  98.5642 150.3043 0001290  99.7959 260.3370 14.30821754455839
2024-03-15T04:28:36.392448+00:00,1 40697U 15028A   24075.18653232  .00000200  00000-0  93150-4 0  9994,2 40697  98.5715 150.7870 0001291  98.4034 261.7296 14.30812834455902
2024-03-15T11:11:24.309312+00:00,1 40697U 15028A   24075.46625358  .00000200  00000-0  92985-4 0  9998,2 40697  98.5716 151.0628 0001288  97.9456 262.1873 14.30812858455942
2024-03-15T19:34:54.200640+00:00,1 40697U 15028A   24075.81590510  .00000268  00000-0  11872-3 0  9997,2 40697  98.5715 151.4076 0001284  97.9601 262.1727 14.30813082455993
2024-03-15T21:15:36.180288+00:00,1 40697U 15028A   24075.88583542  .00000195  00000-0  91011-4 0  9994,2 40697  98.5715 151.4766 0001291  98.1805 261.9525 14.30813023455994
2024-03-16T03:58:24.093696+00:00,1 40697U 15028A   24076.16555664  .00000154  00000-0  75337-4 0  9998,2 40697  98.5714 151.7524 0001291  98.1751 261.9578 14.30813076456041
2024-03-16T12:21:53.978976+00:00,1 40697U 15028A   24076.51520809  .00000159  00000-0  77496-4 0  9993,2 40697  98.5714 152.0972 0001296  97.9882 262.1448 14.30813235456089
2024-03-16T12:21:53.978976+00:00,1 40697U 15028A   24076.51520809  .00000159  00000-0  77496-4 0  9993,2 40697  98.5714 152.0972 0001296  97.9882 262.1448 14.30813235456090
2024-03-16T19:04:41.883744+00:00,1 40697U 15028A   24076.79492921  .00000184  00000-0  86723-4 0  9997,2 40697  98.5714 152.3731 0001297  97.8029 262.3301 14.30813407456135
2024-03-16T22:26:05.837856+00:00,1 40697U 15028A   24076.93478979  .00000188  00000-0  88329-4 0  9998,2 40697  98.5713 152.5110 0001296  97.9866 262.1464 14.30813452456145
2024-03-17T05:08:53.741760+00:00,1 40697U 15028A   24077.21451090  .00000179  00000-0  84803-4 0  9998,2 40697  98.5713 152.7868 0001295  97.9194 262.2136 14.30813543456193
2024-03-17T11:51:41.640480+00:00,1 40697U 15028A   24077.49423195  .00000169  00000-0  80963-4 0  9995,2 40697  98.5713 153.0627 0001296  97.5821 262.5509 14.30813621456233
2024-03-17T13:32:23.615808+00:00,1 40697U 15028A   24077.56416222  .00000168  00000-0  80692-4 0  9994,2 40697  98.5713 153.1316 0001296  97.3781 262.7549 14.30813659456239
2024-03-17T20:15:11.514528+00:00,1 40697U 15028A   24077.84388327  .00000148  00000-0  73220-4 0  9996,2 40697  98.5712 153.4075 0001282  97.2713 262.8615 14.30813726456287
2024-03-18T04:38:41.388576+00:00,1 40697U 15028A   24078.19353459  .00000141  00000-0  70496-4 0  9998,2 40697  98.5711 153.7523 0001281  97.3290 262.8039 14.30813829456337
2024-03-18T11:21:29.285568+00:00,1 40697U 15028A   24078.47325562  .00000148  00000-0  73075-4 0  9996,2 40697  98.5711 154.0281 0001283  97.0853 263.0476 14.30813948456370
2024-03-18T13:02:11.255712+00:00,1 40697U 15028A   24078.54318583  .00000155  00000-0  75950-4 0  9991,2 40697  98.5711 154.0971 0001279  96.9810 263.1518 14.30814034456377
2024-03-18T19:44:59.144064+00:00,1 40697U 15028A   24078.82290676  .00000166  00000-0  80122-4 0  9993,2 40697  98.5710 154.3729 0001281  96.9758 263.1570 14.30814211456425
2024-03-18T21:25:41.116800+00:00,1 40697U 15028A   24078.89283700  .00000167  00000-0  80404-4 0  9994,2 40697  98.5710 154.4418 0001282  97.1037 263.0292 14.30814232456428
2024-03-19T04:08:28.999968+00:00,1 40697U 15028A   24079.17255787  .00000218  00000-0  99982-4 0  9998,2 40697  98.5709 154.7176 0001281  97.2251 262.9077 14.30814631456475
2024-03-19T12:31:58.854144+00:00,1 40697U 15028A   24079.52220896  .00000238  00000-0  10759-3 0  9996,2 40697  98.5709 155.0624 0001285  96.8558 263.2771 14.30814916456512
2024-03-19T20:55:28.697952+00:00,1 40697U 15028A   24079.87185993  .00000244  00000-0  10989-3 0  9994,2 40697  98.5708 155.4072 0001286  96.9765 263.1564 14.30815116456572
2024-03-20T01:57:34.605792+00:00,1 40697U 15028A   24080.08165053  .00000240  00000-0  10832-3 0  9997,2 40697  98.5708 155.6140 0001287  97.0263 263.1066 14.30815217456609
2024-03-20T12:01:46.421472+00:00,1 40697U 15028A   24080.50123173  .00000272  00000-0  12039-3 0  9997,2 40697  98.5707 156.0278 0001287  96.7831 263.3498 14.30815593456655
2024-03-20T12:01:46.421472+00:00,1 40697U 15028A   24080.50123173  .00000272  00000-0  12039-3 0  9997,2 40697  98.5707 156.0278 0001287  96.7831 263.3498 14.30815593456666
2024-03-20T20:25:16.254048+00:00,1 40697U 15028A   24080.85088257  .00000265  00000-0  11793-3 0  9996,2 40697  98.5707 156.3725 0001283  96.7979 263.3350 14.30815773456718
2024-03-20T22:05:58.219872+00:00,1 40697U 15028A   24080.92081273  .00000272  00000-0  12035-3 0  9993,2 40697  98.5707 156.4415 0001284  96.8284 263.3045 14.30815834456715
2024-03-21T04:48:46.086624+00:00,1 40697U 15028A   24081.20053341  .00000267  00000-0  11839-3 0  9995,2 40697  98.5706 156.7173 0001282  96.8316 263.3012 14.30815972456764
2024-03-21T11:31:33.949056+00:00,1 40697U 15028A   24081.48025404  .00000301  00000-0  13140-3 0  9990,2 40697  98.5706 156.9931 0001282  96.5352 263.5977 14.30816283456808
2024-03-21T13:12:15.913152+00:00,1 40697U 15028A   24081.55018418  .00000305  00000-0  13284-3 0  9998,2 40697  98.5706 157.0621 0001282  96.2074 263.9255 14.30816349456800
2024-03-21T19:55:03.756576+00:00,1 40697U 15028A   24081.82990459  .00000329  00000-0  14231-3 0  9991,2 40697  98.5705 157.3378 0001285  96.1908 263.9421 14.30816692456850
2024-03-21T21:35:45.719808+00:00,1 40697U 15028A   24081.89983472  .00000330  00000-0  14257-3 0  9995,2 40697  98.5705 157.4068 0001289  96.4340 263.6990 14.30816729456853
2024-03-22T04:18:33.577920+00:00,1 40697U 15028A   24082.17955530  .00000321  00000-0  13921-3 0  9998,2 40697  98.5704 157.6826 0001293  96.5796 263.5534 14.30816846456906
2024-03-22T11:01:21.424800+00:00,1 40697U 15028A   24082.45927575  .00000330  00000-0  14262-3 0  9996,2 40697  98.5704 157.9584 0001296  96.4709 263.6621 14.30817059456945
2024-03-22T12:42:03.388032+00:00,1 40697U 15028A   24082.52920588  .00000322  00000-0  13946-3 0  9990,2 40697  98.5704 158.0273 0001297  96.3354 263.7977 14.30817057456941
2024-03-22T19:24:51.225408+00:00,1 40697U 15028A   24082.80892622  .00000315  00000-0  13692-3 0  9998,2 40697  98.5703 158.3031 0001294  96.4169 263.7161 14.30817236456996
2024-03-22T21:05:33.185184+00:00,1 40697U 15028A   24082.87885631  .00000320  00000-0  13882-3 0  9994,2 40697  98.5703 158.3721 0001295  96.4601 263.6729 14.30817289456991
2024-03-23T03:48:21.026880+00:00,1 40697U 15028A   24083.15857670  .00000395  00000-0  16747-3 0  9993,2 40697  98.5703 158.6479 0001292  96.4028 263.7302 14.30817860457044
2024-03-23T12:11:50.792928+00:00,1 40697U 15028A   24083.50822677  .00000410  00000-0  17311-3 0  9997,2 40697  98.5703 158.9927 0001295  96.1984 263.9347 14.30818301457093
2024-03-23T20:35:20.565888+00:00,1 40697U 15028A   24083.85787692  .00000376  00000-0  15993-3 0  9997,2 40697  98.5702 159.3374 0001295  96.1317 264.0013 14.30818429457142
2024-03-24T04:58:50.339712+00:00,1 40697U 15028A   24084.20752708  .00000416  00000-0  17529-3 0  9999,2 40697  98.5701 159.6822 0001295  96.0752 264.0579 14.30818952457197
2024-03-24T11:41:38.122656+00:00,1 40697U 15028A   24084.48724679  .00000573  00000-0  23527-3 0  9994,2 40697  98.5701 159.9579 0001294  95.7592 264.3739 14.30820082457239
2024-03-24T13:22:20.071200+00:00,1 40697U 15028A   24084.55717675  .00000583  00000-0  23886-3 0  9999,2 40697  98.5701 160.0269 0001293  95.6251 264.5079 14.30820191457238
2024-03-24T20:05:07.747872+00:00,1 40697U 15028A   24084.83689523  .00001117  00000-0  44284-3 0  9999,2 40697  98.5700 160.3027 0001289  95.2793 264.8536 14.30823721457282
2024-03-24T21:45:49.678272+00:00,1 40697U 15028A   24084.90682498  .00001148  00000-0  45448-3 0  9998,2 40697  98.5700 160.3716 0001294  95.3200 264.8130 14.30823987457281
2024-03-25T04:28:37.591680+00:00,1 40697U 15028A   24085.18654620  .00000551  00000-0  22691-3 0  9997,2 40697  98.5699 160.6474 0001301  95.8072 264.3259 14.30820735457334
2024-03-25T11:11:25.368576+00:00,1 40697U 15028A   24085.46626584  .00000714  00000-0  28884-3 0  9997,2 40697  98.5699 160.9232 0001299  95.5569 264.5762 14.30821884457374
2024-03-25T19:34:55.075008+00:00,1 40697U 15028A   24085.81591522  .00000705  00000-0  28547-3 0  9995,2 40697  98.5699 161.2680 0001293  95.3350 264.7981 14.30822292457420
2024-03-25T21:15:37.041696+00:00,1 40697U 15028A   24085.88584539  .00000627  00000-0  25589-3 0  9998,2 40697  98.5698 161.3369 0001296  95.3340 264.7991 14.30821863457420
2024-03-26T03:58:24.800448+00:00,1 40697U 15028A   24086.16556482  .00000636  00000-0  25912-3 0  9996,2 40697  98.5698 161.6127 0001296  95.3915 264.7416 14.30822251457472
2024-03-26T12:21:54.557856+00:00,1 40697U 15028A   24086.51521479  .00000511  00000-0  21157-3 0  9992,2 40697  98.5698 161.9574 0001296  95.3180 264.8151 14.30821781457525
2024-03-26T14:02:36.496896+00:00,1 40697U 15028A   24086.58514464  .00000514  00000-0  21289-3 0  9994,2 40697  98.5698 162.0264 0001294  95.1999 264.9332 14.30821881457520
2024-03-26T19:04:42.314880+00:00,1 40697U 15028A   24086.79493420  .00000506  00000-0  20984-3 0  9997,2 40697  98.5697 162.2332 0001292  95.2922 264.8409 14.30822087457569
2024-03-26T20:45:24.266016+00:00,1 40697U 15028A   24086.86486419  .00000448  00000-0  18744-3 0  9991,2 40697  98.5697 162.3022 0001293  95.2820 264.8510 14.30821802457561
2024-03-27T05:08:53.971584+00:00,1 40697U 15028A   24087.21451356  .00000454  00000-0  18967-3 0  9997,2 40697  98.5696 162.6469 0001283  95.2503 264.8826 14.30822225457622
2024-03-27T11:51:41.720832+00:00,1 40697U 15028A   24087.49423288  .00000369  00000-0  15754-3 0  9996,2 40697  98.5696 162.9227 0001283  95.0677 265.0652 14.30822077457666
2024-03-27T13:32:23.657280+00:00,1 40697U 15028A   24087.56416270  .00000368  00000-0  15711-3 0  9999,2 40697  98.5696 162.9916 0001284  95.0584 265.0746 14.30822155457660
2024-03-27T20:15:11.408256+00:00,1 40697U 15028A   24087.84388204  .00000364  00000-0  15546-3 0  9997,2 40697  98.5695 163.2674 0001280  95.0276 265.1053 14.30822408457717
2024-03-27T21:55:53.343840+00:00,1 40697U 15028A   24087.91381185  .00000359  00000-0  15350-3 0  9993,2 40697  98.5695 163.3364 0001280  95.0755 265.0574 14.30822462457713
2024-03-28T04:38:41.098272+00:00,1 40697U 15028A   24088.19353123  .00000368  00000-0  15711-3 0  9996,2 40697  98.5695 163.6121 0001276  94.9703 265.1626 14.30822806457769
2024-03-28T11:21:28.842336+00:00,1 40697U 15028A   24088.47325049  .00000363  00000-0  15522-3 0  9998,2 40697  98.5695 163.8879 0001278  94.5182 265.6147 14.30823029457806
2024-03-28T13:02:10.767552+00:00,1 40697U 15028A   24088.54318018  .00000337  00000-0  14509-3 0  9999,2 40697  98.5695 163.9569 0001277  94.4789 265.6540 14.30823014457805
2024-03-28T19:44:58.509024+00:00,1 40697U 15028A   24088.82289941  .00000343  00000-0  14751-3 0  9998,2 40697  98.5694 164.2326 0001280  94.4041 265.7288 14.30823276457859
2024-03-28T21:25:40.442880+00:00,1 40697U 15028A   24088.89282920  .00000339  00000-0  14577-3 0  9996,2 40697  98.5694 164.3016 0001280  94.3627 265.7702 14.30823317457852
2024-03-29T04:08:28.173984+00:00,1 40697U 15028A   24089.17254831  .00000340  00000-0  14641-3 0  9992,2 40697  98.5694 164.5774 0001280  94.4210 265.7119 14.30823593457908
2024-03-29T12:31:57.821664+00:00,1 40697U 15028A   24089.52219701  .00000366  00000-0  15635-3 0  9990,2 40697  98.5694 164.9221 0001281  94.2397 265.8932 14.30824079457942
2024-03-29T12:31:57.821664+00:00,1 40697U 15028A   24089.52219701  .00000366  00000-0  15635-3 0  9990,2 40697  98.5694 164.9221 0001281  94.2397 265.8932 14.30824079457953
2024-03-29T19:14:45.556224+00:00,1 40697U 15028A   24089.80191616  .00000364  00000-0  15552-3 0  9991,2 40697  98.5693 165.1979 0001280  94.2137 265.9192 14.30824260457991
2024-03-29T20:55:27.485760+00:00,1 40697U 15028A   24089.87184590  .00000365  00000-0  15598-3 0  9992,2 40697  98.5693 165.2668 0001280  94.1802 265.9528 14.30824315457999
2024-03-30T03:38:15.202176+00:00,1 40697U 15028A   24090.15156484  .00000367  00000-0  15671-3 0  9990,2 40697  98.5692 165.5426 0001276  94.1001 266.0328 14.30824568458046
2024-03-30T12:01:44.848128+00:00,1 40697U 15028A   24090.50121352  .00000339  00000-0  14597-3 0  9990,2 40697  98.5692 165.8873 0001278  93.8618 266.2711 14.30824727458097
2024-03-30T13:42:26.781120+00:00,1 40697U 15028A   24090.57114330  .00000286  00000-0  12576-3 0  9991,2 40697  98.5692 165.9563 0001276  93.8858 266.2471 14.30824476458092
2024-03-30T18:44:32.557632+00:00,1 40697U 15028A   24090.78093238  .00000356  00000-0  15225-3 0  9999,2 40697  98.5692 166.1631 0001274  93.8237 266.3092 14.30825062458137
2024-03-30T22:05:56.410656+00:00,1 40697U 15028A   24090.92079179  .00000358  00000-0  15320-3 0  9991,2 40697  98.5692 166.3010 0001273  93.8119 266.3209 14.30825169458147
2024-03-31T04:48:44.121024+00:00,1 40697U 15028A   24091.20051066  .00000315  00000-0  13678-3 0  9995,2 40697  98.5691 166.5767 0001270  93.7217 266.4111 14.30825193458197
2024-03-31T11:31:31.844352+00:00,1 40697U 15028A   24091.48022968  .00000241  00000-0  10855-3 0  9996,2 40697  98.5691 166.8525 0001269  93.5526 266.5802 14.30824919458239
2024-03-31T13:12:13.772160+00:00,1 40697U 15028A   24091.55015940  .00000241  00000-0  10870-3 0  9993,2 40697  98.5691 166.9215 0001270  93.4231 266.7097 14.30824969458233
2024-03-31T19:55:01.480800+00:00,1 40697U 15028A   24091.82987825  .00000230  00000-0  10436-3 0  9999,2 40697  98.5691 167.1972 0001269  93.4762 266.6566 14.30825081458284
2024-03-31T21:35:43.407744+00:00,1 40697U 15028A   24091.89980796  .00000230  00000-0  10424-3 0  9993,2 40697  98.5690 167.2661 0001271  93.4411 266.6917 14.30825119458285
2024-04-01T04:18:31.110336+00:00,1 40697U 15028A   24092.17952674  .00000243  00000-0  10932-3 0  9997,2 40697  98.5690 167.5419 0001270  93.6454 266.4874 14.30825348458337
2024-04-01T11:01:18.808608+00:00,1 40697U 15028A   24092.45924547  .00000228  00000-0  10372-3 0  9997,2 40697  98.5690 167.8177 0001272  93.5641 266.5687 14.30825462458374
2024-04-01T19:24:48.433824+00:00,1 40697U 15028A   24092.80889391  .00000217  00000-0  99548-4 0  9994,2 40697  98.5689 168.1624 0001271  93.4418 266.6910 14.30825620458425
2024-04-02T03:48:18.053856+00:00,1 40697U 15028A   24093.15854229  .00000232  00000-0  10513-3 0  9996,2 40697  98.5689 168.5071 0001273  93.6335 266.4994 14.30825870458479
2024-04-02T12:11:47.668704+00:00,1 40697U 15028A   24093.50819061  .00000209  00000-0  96323-4 0  9998,2 40697  98.5689 168.8518 0001277  93.4656 266.6673 14.30825977458526
2024-04-02T13:52:29.591328+00:00,1 40697U 15028A   24093.57812027  .00000205  00000-0  94991-4 0  9995,2 40697  98.5689 168.9208 0001276  93.4681 266.6648 14.30826013458524
2024-04-02T18:54:35.359200+00:00,1 40697U 15028A   24093.78790925  .00000194  00000-0  90763-4 0  9990,2 40697  98.5688 169.1276 0001272  93.5265 266.6063 14.30826089458564
2024-04-02T22:15:59.203584+00:00,1 40697U 15028A   24093.92776856  .00000194  00000-0  90466-4 0  9993,2 40697  98.5688 169.2655 0001271  93.5665 266.5663 14.30826145458578
2024-04-03T04:58:46.894080+00:00,1 40697U 15028A   24094.20748720  .00000193  00000-0  90194-4 0  9991,2 40697  98.5687 169.5412 0001271  93.5367 266.5962 14.30826298458627
2024-04-03T11:41:34.578528+00:00,1 40697U 15028A   24094.48720577  .00000187  00000-0  87869-4 0  9999,2 40697  98.5687 169.8170 0001274  93.4006 266.7322 14.30826399458661
2024-04-03T13:22:16.500288+00:00,1 40697U 15028A   24094.55713542  .00000187  00000-0  87887-4 0  9991,2 40697  98.5687 169.8860 0001272  93.3411 266.7917 14.30826435458665
2024-04-03T20:05:04.183872+00:00,1 40697U 15028A   24094.83685398  .00000178  00000-0  84347-4 0  9997,2 40697  98.5687 170.1617 0001271  93.4314 266.7014 14.30826534458716
2024-04-03T21:45:46.104768+00:00,1 40697U 15028A   24094.90678362  .00000178  00000-0  84446-4 0  9998,2 40697  98.5687 170.2307 0001272  93.3995 266.7333 14.30826561458712
2024-04-04T04:28:33.786624+00:00,1 40697U 15028A   24095.18650216  .00000171  00000-0  81896-4 0  9996,2 40697  98.5686 170.5064 0001269  93.5062 266.6266 14.30826685458763
2024-04-04T11:11:21.467616+00:00,1 40697U 15028A   24095.46622069  .00000158  00000-0  76763-4 0  9994,2 40697  98.5686 170.7822 0001268  93.3641 266.7687 14.30826721458801
2024-04-04T12:52:03.387648+00:00,1 40697U 15028A   24095.53615032  .00000158  00000-0  76771-4 0  9993,2 40697  98.5686 170.8511 0001269  93.2577 266.8751 14.30826757458807
2024-04-04T16:13:27.226848+00:00,1 40697U 15028A   24095.67600957  .00000152  00000-0  74684-4 0  9993,2 40697  98.5686 170.9890 0001263  93.3244 266.8083 14.30826810458835
2024-04-04T21:15:33.242688+00:00,1 40697U 15028A   24095.88580142  .00000153  00000-0  74940-4 0  9995,2 40697  98.5683 171.1955 0001203  89.4252 270.7068 14.30807076458858
2024-04-05T03:58:21.250272+00:00,1 40697U 15028A   24096.16552373  .00000155  00000-0  75616-4 0  9995,2 40697  98.5684 171.4716 0001206  91.1931 268.9390 14.30807070458901
2024-04-05T12:21:51.271200+00:00,1 40697U 15028A   24096.51517675 -.00000040  00000-0  13752-5 0  9998,2 40697  98.5685 171.8163 0001209  90.7097 269.4224 14.30806935458959
2024-04-05T14:02:33.274176+00:00,1 40697U 15028A   24096.58510734 -.00000040  00000-0  12888-5 0  9993,2 40697  98.5685 171.8852 0001208  90.4950 269.6372 14.30806960458952
2024-04-05T19:04:39.285696+00:00,1 40697U 15028A   24096.79489914 -.00000040  00000-0  12897-5 0  9991,2 40697  98.5684 172.0920 0001205  90.7333 269.3988 14.30806918458992
2024-04-05T20:45:21.288672+00:00,1 40697U 15028A   24096.86482973 -.00000040  00000-0  13261-5 0  9993,2 40697  98.5684 172.1610 0001204  90.8059 269.3262 14.30806923458995
2024-04-06T03:28:09.303168+00:00,1 40697U 15028A   24097.14455212 -.00000039  00000-0  17220-5 0  9998,2 40697  98.5683 172.4367 0001200  90.5874 269.5447 14.30806952459040
2024-04-06T11:51:39.310272+00:00,1 40697U 15028A   24097.49420498 -.00000038  00000-0  22108-5 0  9994,2 40697  98.5683 172.7814 0001201  90.8023 269.3298 14.30807087459097
2024-04-06T13:32:21.313248+00:00,1 40697U 15028A   24097.56413557 -.00000038  00000-0  23037-5 0  9992,2 40697  98.5683 172.8503 0001201  90.7216 269.4105 14.30807093459091
2024-04-06T20:15:09.324288+00:00,1 40697U 15028A   24097.84385792 -.00000037  00000-0  26599-5 0  9997,2 40697  98.5682 173.1261 0001203  90.6088 269.5233 14.30807120459143
2024-04-06T21:55:51.327264+00:00,1 40697U 15028A   24097.91378851 -.00000036  00000-0  27613-5 0  9990,2 40697  98.5682 173.1950 0001204  90.5343 269.5977 14.30807124459141
2024-04-07T11:21:27.342432+00:00,1 40697U 15028A   24098.47323313 -.00000032  00000-0  46039-5 0  9994,2 40697  98.5682 173.7465 0001197  89.2896 270.8424 14.30807270459231
2024-04-07T14:42:51.340608+00:00,1 40697U 15028A   24098.61309422 -.00000031  00000-0  49024-5 0  9991,2 40697  98.5682 173.8844 0001194  89.8988 270.2332 14.30807317459243
2024-04-07T19:44:57.314976+00:00,1 40697U 15028A   24098.82288559  .00000169  00000-0  80985-4 0  9992,2 40697  98.5681 174.0912 0001176  90.0347 270.0970 14.30807974459283
2024-04-07T21:25:39.314496+00:00,1 40697U 15028A   24098.89281614  .00000169  00000-0  81309-4 0  9995,2 40697  98.5681 174.1602 0001175  89.9863 270.1455 14.30807999459285
2024-04-08T04:08:27.307392+00:00,1 40697U 15028A   24099.17253828  .00000187  00000-0  87817-4 0  9993,2 40697  98.5681 174.4359 0001168  90.0047 270.1269 14.30808223459336
2024-04-08T12:31:57.300672+00:00,1 40697U 15028A   24099.52219098  .00000194  00000-0  90849-4 0  9990,2 40697  98.5681 174.7806 0001171  89.8077 270.3240 14.30808396459375
2024-04-08T12:31:57.300672+00:00,1 40697U 15028A   24099.52219098  .00000194  00000-0  90849-4 0  9990,2 40697  98.5681 174.7806 0001171  89.8077 270.3240 14.30808396459386
2024-04-08T17:34:03.292320+00:00,1 40697U 15028A   24099.73198255  .00000195  00000-0  91006-4 0  9991,2 40697  98.5680 174.9874 0001170  89.8773 270.2544 14.30808511459413
2024-04-09T00:16:51.280032+00:00,1 40697U 15028A   24100.01170463  .00000190  00000-0  89039-4 0  9994,2 40697  98.5680 175.2631 0001170  89.9964 270.1353 14.30808592459440
2024-04-09T03:38:15.273024+00:00,1 40697U 15028A   24100.15156566  .00000185  00000-0  87069-4 0  9992,2 40697  98.5680 175.4010 0001168  90.0101 270.1216 14.30808652459474
2024-04-09T12:01:45.254208+00:00,1 40697U 15028A   24100.50121822  .00000192  00000-0  89797-4 0  9996,2 40697  98.5680 175.7457 0001169  89.8976 270.2341 14.30808837459520
2024-04-09T13:42:27.249408+00:00,1 40697U 15028A   24100.57114872  .00000193  00000-0  90130-4 0  9994,2 40697  98.5680 175.8146 0001170  89.9002 270.2315 14.30808880459528
2024-04-09T20:25:15.228480+00:00,1 40697U 15028A   24100.85087070  .00000185  00000-0  87324-4 0  9996,2 40697  98.5679 176.0903 0001166  89.9033 270.2283 14.30808966459573
2024-04-09T22:05:57.223680+00:00,1 40697U 15028A   24100.92080120  .00000185  00000-0  87209-4 0  9995,2 40697  98.5679 176.1593 0001165  90.0121 270.1195 14.30808988459574
2024-04-10T04:48:45.202752+00:00,1 40697U 15028A   24101.20052318  .00000188  00000-0  88515-4 0  9999,2 40697  98.5679 176.4350 0001164  90.0695 270.0621 14.30809143459626
2024-04-10T11:31:33.184416+00:00,1 40697U 15028A   24101.48024519  .00000169  00000-0  81226-4 0  9992,2 40697  98.5679 176.7107 0001167  90.0441 270.0875 14.30809158459662
2024-04-10T13:12:15.178752+00:00,1 40697U 15028A   24101.55017568  .00000170  00000-0  81425-4 0  9999,2 40697  98.5679 176.7797 0001169  89.9624 270.1693 14.30809201459667
2024-04-10T19:55:03.153504+00:00,1 40697U 15028A   24101.82989761  .00000168  00000-0  80609-4 0  9992,2 40697  98.5678 177.0554 0001168  90.1175 270.0142 14.30809322459713
2024-04-10T21:35:45.146976+00:00,1 40697U 15028A   24101.89982809  .00000169  00000-0  81281-4 0  9993,2 40697  98.5678 177.1243 0001170  90.0810 270.0507 14.30809356459719
2024-04-11T04:18:33.119136+00:00,1 40697U 15028A   24102.17954999  .00000169  00000-0  81181-4 0  9993,2 40697  98.5678 177.4001 0001162  90.1798 269.9518 14.30809485459768
2024-04-11T11:01:21.087840+00:00,1 40697U 15028A   24102.45927185  .00000179  00000-0  84946-4 0  9994,2 40697  98.5678 177.6758 0001158  90.2218 269.9097 14.30809654459807
2024-04-11T12:42:03.080448+00:00,1 40697U 15028A   24102.52920232  .00000180  00000-0  85135-4 0  9991,2 40697  98.5678 177.7447 0001157  90.1508 269.9808 14.30809689459801
2024-04-11T19:24:51.045696+00:00,1 40697U 15028A   24102.80892414  .00000171  00000-0  81912-4 0  9991,2 40697  98.5677 178.0205 0001153  90.3685 269.7629 14.30809782459858
2024-04-11T21:05:33.036576+00:00,1 40697U 15028A   24102.87885459  .00000171  00000-0  82027-4 0  9997,2 40697  98.5677 178.0894 0001153  90.3876 269.7439 14.30809807459851
2024-04-12T03:48:20.998368+00:00,1 40697U 15028A   24103.15857637  .00000177  00000-0  84070-4 0  9992,2 40697  98.5676 178.3651 0001145  90.6604 269.4710 14.30809982459906
2024-04-12T10:31:08.959296+00:00,1 40697U 15028A   24103.43829814  .00000177  00000-0  84019-4 0  9992,2 40697  98.5676 178.6408 0001144  90.7061 269.4253 14.30810104459940
2024-04-12T12:11:50.947584+00:00,1 40697U 15028A   24103.50822856  .00000192  00000-0  89994-4 0  9993,2 40697  98.5676 178.7098 0001146  90.6695 269.4619 14.30810226459941
2024-04-12T18:54:38.901600+00:00,1 40697U 15028A   24103.78795025  .00000188  00000-0  88230-4 0  9997,2 40697  98.5676 178.9855 0001144  90.7867 269.3447 14.30810350459995
2024-04-12T22:16:02.879040+00:00,1 40697U 15028A   24103.92781110  .00000191  00000-0  89578-4 0  9993,2 40697  98.5676 179.1234 0001143  90.7669 269.3645 14.30810414460003
2024-04-13T04:58:50.832192+00:00,1 40697U 15028A   24104.20753278  .00000207  00000-0  95742-4 0  9997,2 40697  98.5675 179.3991 0001139  90.9546 269.1767 14.30810651460056
2024-04-13T11:41:38.785344+00:00,1 40697U 15028A   24104.48725446  .00000216  00000-0  99116-4 0  9992,2 40697  98.5675 179.6748 0001142  90.6095 269.5219 14.30810819460095
2024-04-13T13:22:20.772768+00:00,1 40697U 15028A   24104.55718487  .00000219  00000-0  10011-3 0  9996,2 40697  98.5675 179.7437 0001143  90.5403 269.5911 14.30810871460091
2024-04-13T20:05:08.718144+00:00,1 40697U 15028A   24104.83690646  .00000216  00000-0  99206-4 0  9994,2 40697  98.5675 180.0195 0001138  90.6996 269.4317 14.30811012460131
2024-04-13T20:05:08.718144+00:00,1 40697U 15028A   24104.83690646  .00000216  00000-0  99206-4 0  9994,2 40697  98.5675 180.0195 0001138  90.6996 269.4317 14.30811012460142
2024-04-14T04:28:38.651808+00:00,1 40697U 15028A   24105.18655847  .00000234  00000-0  10579-3 0  9992,2 40697  98.5674 180.3641 0001136  90.8127 269.3186 14.30811280460191
2024-04-14T11:11:26.595456+00:00,1 40697U 15028A   24105.46628004  .00000230  00000-0  10433-3 0  9993,2 40697  98.5674 180.6398 0001139  90.7344 269.3970 14.30811405460231
2024-04-14T19:34:56.515296+00:00,1 40697U 15028A   24105.81593189  .00000237  00000-0  10701-3 0  9992,2 40697  98.5674 180.9845 0001132  91.0308 269.1004 14.30811684460288
2024-04-14T21:15:38.495808+00:00,1 40697U 15028A   24105.88586222  .00000256  00000-0  11439-3 0  9999,2 40697  98.5673 181.0534 0001133  91.0305 269.1008 14.30811817460284
2024-04-15T03:58:26.427360+00:00,1 40697U 15028A   24106.16558365  .00000265  00000-0  11775-3 0  9991,2 40697  98.5673 181.3291 0001125  91.0401 269.0911 14.30812025460335
2024-04-15T10:41:14.355456+00:00,1 40697U 15028A   24106.44530504  .00000273  00000-0  12084-3 0  9990,2 40697  98.5673 181.6048 0001124  90.9579 269.1733 14.30812211460375
2024-04-15T14:02:38.316480+00:00,1 40697U 15028A   24106.58516570  .00000292  00000-0  12812-3 0  9992,2 40697  98.5673 181.7427 0001121  90.7529 269.3782 14.30812392460384
2024-04-15T19:04:44.256288+00:00,1 40697U 15028A   24106.79495667  .00000302  00000-0  13204-3 0  9996,2 40697  98.5673 181.9494 0001118  90.9867 269.1443 14.30812589460428
2024-04-15T20:45:26.236800+00:00,1 40697U 15028A   24106.86488700  .00000301  00000-0  13146-3 0  9998,2 40697  98.5672 182.0184 0001116  91.0823 269.0488 14.30812610460420
2024-04-16T05:08:56.128992+00:00,1 40697U 15028A   24107.21453853  .00000368  00000-0  15691-3 0  9999,2 40697  98.5672 182.3630 0001113  91.3285 268.8025 14.30813210460488
2024-04-16T11:51:44.030304+00:00,1 40697U 15028A   24107.49425961  .00000408  00000-0  17215-3 0  9997,2 40697  98.5672 182.6387 0001118  91.0170 269.1141 14.30813645460525
2024-04-16T13:32:26.005632+00:00,1 40697U 15028A   24107.56418988  .00000413  00000-0  17407-3 0  9995,2 40697  98.5672 182.7076 0001118  90.8973 269.2338 14.30813727460529
2024-04-16T20:15:13.907808+00:00,1 40697U 15028A   24107.84391097  .00000424  00000-0  17859-3 0  9990,2 40697  98.5671 182.9833 0001116  91.1139 269.0171 14.30813990460577
2024-04-17T04:38:43.769760+00:00,1 40697U 15028A   24108.19356215  .00000487  00000-0  20259-3 0  9999,2 40697  98.5671 183.3279 0001121  91.3438 268.7874 14.30814644460625
2024-04-17T11:21:31.680576+00:00,1 40697U 15028A   24108.47328334  .00000430  00000-0  18082-3 0  9990,2 40697  98.5671 183.6037 0001117  91.2209 268.9102 14.30814484460662
2024-04-17T14:42:55.625184+00:00,1 40697U 15028A   24108.61314381  .00000430  00000-0  18067-3 0  9996,2 40697  98.5671 183.7415 0001119  91.1338 268.9973 14.30814622460678
2024-04-17T21:25:43.497984+00:00,1 40697U 15028A   24108.89286456  .00000458  00000-0  19129-3 0  9997,2 40697  98.5670 184.0172 0001120  91.2849 268.8462 14.30815049460723
2024-04-18T04:08:31.387200+00:00,1 40697U 15028A   24109.17258550  .00000475  00000-0  19777-3 0  9991,2 40697  98.5670 184.2929 0001125  91.4176 268.7135 14.30815334460762
2024-04-18T10:51:19.261728+00:00,1 40697U 15028A   24109.45230627  .00000474  00000-0  19761-3 0  9999,2 40697  98.5670 184.5686 0001122  91.6323 268.4989 14.30815561460809
2024-04-18T12:32:01.230144+00:00,1 40697U 15028A   24109.52223646  .00000474  00000-0  19751-3 0  9999,2 40697  98.5670 184.6375 0001124  91.5771 268.5541 14.30815625460809
2024-04-18T15:53:25.164384+00:00,1 40697U 15028A   24109.66209681  .00000465  00000-0  19411-3 0  9990,2 40697  98.5670 184.7754 0001120  91.6478 268.4833 14.30815743460839
2024-04-18T20:55:31.057536+00:00,1 40697U 15028A   24109.87188724  .00000475  00000-0  19769-3 0  9994,2 40697  98.5669 184.9822 0001113  91.9620 268.1690 14.30816000460856
2024-04-19T03:38:18.922560+00:00,1 40697U 15028A   24110.15160790  .00000476  00000-0  19825-3 0  9994,2 40697  98.5669 185.2579 0001108  91.8764 268.2546 14.30816306460907
2024-04-19T12:01:48.730080+00:00,1 40697U 15028A   24110.50125845  .00000514  00000-0  21263-3 0  9997,2 40697  98.5669 185.6025 0001104  91.6457 268.4852 14.30816867460959
2024-04-19T13:42:30.690720+00:00,1 40697U 15028A   24110.57118855  .00000518  00000-0  21441-3 0  9999,2 40697  98.5669 185.6714 0001106  91.5873 268.5437 14.30816972460954
2024-04-19T18:44:36.573504+00:00,1 40697U 15028A   24110.78097886  .00000518  00000-0  21413-3 0  9991,2 40697  98.5669 185.8782 0001102  91.7560 268.3749 14.30817188460990
2024-04-19T22:06:00.433440+00:00,1 40697U 15028A   24110.92083835  .00000585  00000-0  23993-3 0  9995,2 40697  98.5669 186.0160 0001101  91.7218 268.4091 14.30817930461001
2024-04-20T04:48:48.304512+00:00,1 40697U 15028A   24111.20055908  .00000527  00000-0  21774-3 0  9998,2 40697  98.5668 186.2918 0001102  92.0665 268.0644 14.30817828461055
2024-04-20T11:31:36.134112+00:00,1 40697U 15028A   24111.48027933  .00000559  00000-0  22988-3 0  9998,2 40697  98.5668 186.5675 0001106  92.0508 268.0802 14.30818278461098
2024-04-20T13:12:18.089568+00:00,1 40697U 15028A   24111.55020937  .00000560  00000-0  23024-3 0  9997,2 40697  98.5668 186.6364 0001107  91.9725 268.1584 14.30818369461093
2024-04-20T19:55:05.902752+00:00,1 40697U 15028A   24111.82992943  .00000544  00000-0  22434-3 0  9998,2 40697  98.5668 186.9121 0001105  92.2233 267.9076 14.30818656461130
2024-04-20T19:55:05.902752+00:00,1 40697U 15028A   24111.82992943  .00000544  00000-0  22434-3 0  9998,2 40697  98.5668 186.9121 0001105  92.2233 267.9076 14.30818656461141
2024-04-21T04:18:35.667072+00:00,1 40697U 15028A   24112.17957948  .00000560  00000-0  23013-3 0  9995,2 40697  98.5667 187.2567 0001104  92.2304 267.9005 14.30819113461192
2024-04-21T12:42:05.402880+00:00,1 40697U 15028A   24112.52922920  .00000633  00000-0  25829-3 0  9994,2 40697  98.5667 187.6013 0001106  92.0776 268.0533 14.30820012461238
2024-04-21T19:24:53.188416+00:00,1 40697U 15028A   24112.80894894  .00000640  00000-0  26093-3 0  9995,2 40697  98.5667 187.8770 0001105  92.1907 267.9403 14.30820455461286
2024-04-21T21:05:35.136960+00:00,1 40697U 15028A   24112.87887890  .00000632  00000-0  25767-3 0  9998,2 40697  98.5667 187.9459 0001105  92.2370 267.8940 14.30820502461284
2024-04-22T03:48:22.919040+00:00,1 40697U 15028A   24113.15859860  .00000636  00000-0  25942-3 0  9995,2 40697  98.5667 188.2216 0001107  92.4330 267.6979 14.30820945461336
2024-04-22T10:31:10.691616+00:00,1 40697U 15028A   24113.43831819  .00000648  00000-0  26364-3 0  9992,2 40697  98.5667 188.4973 0001106  92.3931 267.7379 14.30821357461369
2024-04-22T10:31:10.691616+00:00,1 40697U 15028A   24113.43831819  .00000648  00000-0  26364-3 0  9992,2 40697  98.5667 188.4973 0001106  92.3931 267.7379 14.30821357461370
2024-04-22T18:54:40.396320+00:00,1 40697U 15028A   24113.78796755  .00000585  00000-0  23983-3 0  9993,2 40697  98.5666 188.8419 0001101  92.7200 267.4109 14.30821560461426
2024-04-22T20:35:22.345728+00:00,1 40697U 15028A   24113.85789752  .00000563  00000-0  23153-3 0  9995,2 40697  98.5666 188.9108 0001099  92.8092 267.3217 14.30821528461421
2024-04-23T04:58:52.046976+00:00,1 40697U 15028A   24114.20754684  .00000559  00000-0  22994-3 0  9998,2 40697  98.5666 189.2554 0001090  92.8391 267.2916 14.30822023461485
2024-04-23T11:41:39.794496+00:00,1 40697U 15028A   24114.48726614  .00000545  00000-0  22460-3 0  9993,2 40697  98.5666 189.5311 0001090  92.8868 267.2440 14.30822274461523
2024-04-23T13:22:21.731808+00:00,1 40697U 15028A   24114.55719597  .00000547  00000-0  22525-3 0  9997,2 40697  98.5666 189.6000 0001090  92.8666 267.2641 14.30822370461525
2024-04-23T20:05:09.477600+00:00,1 40697U 15028A   24114.83691525  .00000542  00000-0  22320-3 0  9996,2 40697  98.5665 189.8757 0001085  92.9927 267.1380 14.30822714461576
2024-04-23T21:45:51.414048+00:00,1 40697U 15028A   24114.90684507  .00000528  00000-0  21823-3 0  9997,2 40697  98.5665 189.9446 0001085  93.0912 267.0395 14.30822760461574
2024-04-24T04:28:39.147744+00:00,1 40697U 15028A   24115.18656421  .00000556  00000-0  22877-3 0  9993,2 40697  98.5665 190.2203 0001087  93.2392 266.8915 14.30823316461625
2024-04-24T11:11:26.881440+00:00,1 40697U 15028A   24115.46628335  .00000547  00000-0  22539-3 0  9992,2 40697  98.5665 190.4960 0001088  93.2067 266.9241 14.30823626461668
2024-04-24T12:52:08.813568+00:00,1 40697U 15028A   24115.53621312  .00000545  00000-0  22457-3 0  9995,2 40697  98.5665 190.5649 0001087  93.1801 266.9506 14.30823719461664
2024-04-24T19:34:56.535168+00:00,1 40697U 15028A   24115.81593212  .00000565  00000-0  23222-3 0  9996,2 40697  98.5665 190.8406 0001086  93.2576 266.8731 14.30824204461712
2024-04-24T21:15:38.465568+00:00,1 40697U 15028A   24115.88586187  .00000558  00000-0  22963-3 0  9999,2 40697  98.5665 190.9095 0001086  93.2799 266.8508 14.30824272461711
2024-04-25T03:58:26.186304+00:00,1 40697U 15028A   24116.16558086  .00000543  00000-0  22366-3 0  9999,2 40697  98.5664 191.1852 0001077  93.5609 266.5697 14.30824537461762
2024-04-25T12:21:55.824480+00:00,1 40697U 15028A   24116.51522945  .00000513  00000-0  21237-3 0  9996,2 40697  98.5664 191.5299 0001082  93.3671 266.7636 14.30824840461812
2024-04-25T14:02:37.750560+00:00,1 40697U 15028A   24116.58515915  .00000513  00000-0  21214-3 0  9997,2 40697  98.5664 191.5988 0001083  93.2865 266.8441 14.30824938461815
2024-04-25T17:24:01.601856+00:00,1 40697U 15028A   24116.72501854  .00000505  00000-0  20926-3 0  9990,2 40697  98.5664 191.7367 0001080  93.2648 266.8659 14.30825092461839
2024-04-25T17:24:01.601856+00:00,1 40697U 15028A   24116.72501854  .00000505  00000-0  20926-3 0  9990,2 40697  98.5664 191.7367 0001080  93.2648 266.8659 14.30825092461840
2024-04-26T03:28:13.513440+00:00,1 40697U 15028A   24117.14460085  .00000583  00000-0  23917-3 0  9996,2 40697  98.5697 192.1502 0001074  93.5329 266.5976 14.30813607461909
2024-04-26T11:51:43.398720+00:00,1 40697U 15028A   24117.49425230  .00000301  00000-0  13155-3 0  9998,2 40697  98.5698 192.4950 0001076  90.9412 269.1894 14.30813380461957
2024-04-26T13:32:25.374912+00:00,1 40697U 15028A   24117.56418258  .00000299  00000-0  13075-3 0  9995,2 40697  98.5698 192.5640 0001076  90.2737 269.8569 14.30813475461958
2024-04-26T20:15:13.269312+00:00,1 40697U 15028A   24117.84390358  .00000322  00000-0  13952-3 0  9997,2 40697  98.5697 192.8398 0001077  90.5372 269.5935 14.30813826462000
2024-04-26T21:55:55.243776+00:00,1 40697U 15028A   24117.91383384  .00000321  00000-0  13929-3 0  9999,2 40697  98.5697 192.9087 0001076  90.4660 269.6646 14.30813870462003
2024-04-27T04:38:43.139904+00:00,1 40697U 15028A   24118.19355486  .00000338  00000-0  14579-3 0  9992,2 40697  98.5697 193.1845 0001079  90.6298 269.5009 14.30814218462054
2024-04-27T11:21:31.019616+00:00,1 40697U 15028A   24118.47327569  .00000278  00000-0  12286-3 0  9990,2 40697  98.5697 193.4603 0001079  90.6837 269.4469 14.30814222462096
2024-04-27T13:02:12.992352+00:00,1 40697U 15028A   24118.54320593  .00000277  00000-0  12231-3 0  9997,2 40697  98.5697 193.5293 0001080  90.6052 269.5255 14.30814273462093
2024-04-27T19:45:00.865152+00:00,1 40697U 15028A   24118.82292668  .00000421  00000-0  17734-3 0  9993,2 40697  98.5697 193.8051 0001077  90.8702 269.2604 14.30814712462147
2024-04-27T21:25:42.834432+00:00,1 40697U 15028A   24118.89285688  .00000438  00000-0  18359-3 0  9996,2 40697  98.5697 193.8740 0001077  90.7794 269.3512 14.30814866462141
2024-04-28T04:08:30.709824+00:00,1 40697U 15028A   24119.17257766  .00000428  00000-0  18007-3 0  9993,2 40697  98.5696 194.1498 0001074  90.9772 269.1534 14.30815127462197
2024-04-28T12:32:00.551904+00:00,1 40697U 15028A   24119.52222861  .00000342  00000-0  14716-3 0  9998,2 40697  98.5697 194.4946 0001077  91.2860 268.8446 14.30815035462235
2024-04-28T12:32:00.551904+00:00,1 40697U 15028A   24119.52222861  .00000342  00000-0  14716-3 0  9998,2 40697  98.5697 194.4946 0001077  91.2860 268.8446 14.30815035462246
2024-04-28T19:14:48.416064+00:00,1 40697U 15028A   24119.80194926  .00000337  00000-0  14536-3 0  9993,2 40697  98.5696 194.7704 0001067  91.6113 268.5192 14.30815272462286
2024-04-28T20:55:30.387072+00:00,1 40697U 15028A   24119.87187948  .00000331  00000-0  14289-3 0  9995,2 40697  98.5696 194.8393 0001064  91.5593 268.5712 14.30815296462283
2024-04-29T03:38:18.249504+00:00,1 40697U 15028A   24120.15160011  .00000322  00000-0  13949-3 0  9992,2 40697  98.5696 195.1151 0001059  91.6701 268.4603 14.30815525462334
2024-04-29T12:01:48.075168+00:00,1 40697U 15028A   24120.50125087  .00000298  00000-0  13025-3 0  9992,2 40697  98.5696 195.4599 0001064  91.6057 268.5248 14.30815728462389
2024-04-29T13:42:30.039264+00:00,1 40697U 15028A   24120.57118101  .00000299  00000-0  13060-3 0  9998,2 40697  98.5696 195.5288 0001060  91.7074 268.4230 14.30815783462382
2024-04-29T18:44:35.930688+00:00,1 40697U 15028A   24120.78097142  .00000286  00000-0  12583-3 0  9997,2 40697  98.5696 195.7357 0001058  91.7698 268.3606 14.30815919462422
2024-04-29T22:05:59.862336+00:00,1 40697U 15028A   24120.92083174  .00000278  00000-0  12255-3 0  9990,2 40697  98.5696 195.8736 0001056  91.9180 268.2123 14.30815970462431
2024-04-30T04:48:47.714400+00:00,1 40697U 15028A   24121.20055225  .00000263  00000-0  11699-3 0  9993,2 40697  98.5696 196.1493 0001051  92.0891 268.0412 14.30816176462484
2024-04-30T11:31:35.566464+00:00,1 40697U 15028A   24121.48027276  .00000276  00000-0  12187-3 0  9995,2 40697  98.5696 196.4251 0001054  92.0586 268.0718 14.30816440462521
2024-04-30T14:52:59.490336+00:00,1 40697U 15028A   24121.62013299  .00000271  00000-0  12008-3 0  9998,2 40697  98.5696 196.5630 0001053  92.0469 268.0835 14.30816541462535
2024-04-30T19:55:05.374848+00:00,1 40697U 15028A   24121.82992332  .00000266  00000-0  11818-3 0  9996,2 40697  98.5695 196.7699 0001051  92.2210 267.9093 14.30816682462579
2024-04-30T21:35:47.336352+00:00,1 40697U 15028A   24121.89985343  .00000269  00000-0  11924-3 0  9998,2 40697  98.5695 196.8388 0001053  92.1402 267.9901 14.30816735462576
2024-05-01T04:18:35.179776+00:00,1 40697U 15028A   24122.17957384  .00000285  00000-0  12536-3 0  9992,2 40697  98.5695 197.1146 0001051  92.4233 267.7071 14.30817024462629
2024-05-01T11:01:23.024064+00:00,1 40697U 15028A   24122.45929426  .00000243  00000-0  10931-3 0  9990,2 40697  98.5695 197.3904 0001052  92.6922 267.4382 14.30816998462666
2024-05-01T12:42:04.984704+00:00,1 40697U 15028A   24122.52922436  .00000243  00000-0  10932-3 0  9993,2 40697  98.5695 197.4594 0001052  92.5399 267.5904 14.30817048462667
2024-05-01T19:24:52.822080+00:00,1 40697U 15028A   24122.80894470  .00000237  00000-0  10706-3 0  9992,2 40697  98.5695 197.7351 0001049  92.7322 267.3981 14.30817231462718
2024-05-01T21:05:34.781856+00:00,1 40697U 15028A   24122.87887479  .00000238  00000-0  10731-3 0  9999,2 40697  98.5695 197.8041 0001050  92.7542 267.3761 14.30817270462710
2024-05-02T03:48:22.614912+00:00,1 40697U 15028A   24123.15859508  .00000232  00000-0  10527-3 0  9990,2 40697  98.5694 198.0799 0001047  92.8590 267.2713 14.30817454462767
2024-05-02T12:11:52.409472+00:00,1 40697U 15028A   24123.50824548  .00000221  00000-0  10114-3 0  9995,2 40697  98.5694 198.4246 0001049  93.1221 267.0081 14.30817593462811
2024-05-02T13:52:34.366656+00:00,1 40697U 15028A   24123.57817554  .00000220  00000-0  10044-3 0  9992,2 40697  98.5694 198.4936 0001049  93.1248 267.0055 14.30817641462811
2024-05-02T18:54:40.238208+00:00,1 40697U 15028A   24123.78796572  .00000207  00000-0  95438-4 0  9997,2 40697  98.5694 198.7004 0001045  93.3077 266.8226 14.30817732462850
2024-05-03T04:58:51.973536+00:00,1 40697U 15028A   24124.20754599  .00000216  00000-0  99144-4 0  9996,2 40697  98.5694 199.1141 0001050  93.6853 266.4450 14.30818062462917
2024-05-03T11:41:39.797088+00:00,1 40697U 15028A   24124.48726617  .00000217  00000-0  99575-4 0  9995,2 40697  98.5694 199.3899 0001051  93.6122 266.5181 14.30818215462955
2024-05-03T13:22:21.756000+00:00,1 40697U 15028A   24124.55719625  .00000203  00000-0  94252-4 0  9996,2 40697  98.5694 199.4588 0001051  93.5876 266.5427 14.30818171462950
2024-05-03T20:05:09.577824+00:00,1 40697U 15028A   24124.83691641  .00000195  00000-0  91153-4 0  9991,2 40697  98.5693 199.7346 0001050  93.7655 266.3648 14.30818279462996
2024-05-03T20:05:09.577824+00:00,1 40697U 15028A   24124.83691641  .00000195  00000-0  91153-4 0  9991,2 40697  98.5693 199.7346 0001050  93.7655 266.3648 14.30818279463009
2024-05-04T04:28:39.360288+00:00,1 40697U 15028A   24125.18656667  .00000196  00000-0  91271-4 0  9991,2 40697  98.5693 200.0793 0001051  94.1583 265.9720 14.30818453463052
2024-05-04T11:11:27.176064+00:00,1 40697U 15028A   24125.46628676  .00000206  00000-0  95148-4 0  9990,2 40697  98.5693 200.3551 0001052  94.2070 265.9233 14.30818629463098
2024-05-04T19:34:56.940384+00:00,1 40697U 15028A   24125.81593681  .00000229  00000-0  10390-3 0  9996,2 40697  98.5693 200.6998 0001048  94.3497 265.7806 14.30818949463140
2024-05-05T03:58:26.702112+00:00,1 40697U 15028A   24126.16558683  .00000229  00000-0  10394-3 0  9992,2 40697  98.5692 201.0446 0001043  94.7323 265.3979 14.30819139463193
2024-05-05T12:21:56.473344+00:00,1 40697U 15028A   24126.51523696  .00000248  00000-0  11124-3 0  9990,2 40697  98.5693 201.3893 0001045  94.7793 265.3510 14.30819367463246
2024-05-05T14:02:38.423616+00:00,1 40697U 15028A   24126.58516694  .00000253  00000-0  11298-3 0  9995,2 40697  98.5693 201.4582 0001045  94.8360 265.2942 14.30819429463240
2024-05-05T19:04:44.276160+00:00,1 40697U 15028A   24126.79495690  .00000248  00000-0  11132-3 0  9991,2 40697  98.5692 201.6651 0001042  95.1084 265.0218 14.30819531463284
2024-05-05T22:26:08.176704+00:00,1 40697U 15028A   24126.93481686  .00000216  00000-0  99168-4 0  9998,2 40697  98.5692 201.8030 0001040  95.1414 264.9888 14.30819474463290
2024-05-06T05:08:55.976064+00:00,1 40697U 15028A   24127.21453676  .00000231  00000-0  10490-3 0  9995,2 40697  98.5692 202.0787 0001036  95.4606 264.6695 14.30819726463342
2024-05-06T11:51:43.784064+00:00,1 40697U 15028A   24127.49425676  .00000251  00000-0  11233-3 0  9992,2 40697  98.5692 202.3545 0001038  95.2281 264.9020 14.30819921463382
2024-05-06T13:32:25.733472+00:00,1 40697U 15028A   24127.56418673  .00000251  00000-0  11247-3 0  9994,2 40697  98.5692 202.4235 0001040  95.1877 264.9424 14.30819970463384
2024-05-06T20:15:13.526784+00:00,1 40697U 15028A   24127.84390656  .00000226  00000-0  10281-3 0  9994,2 40697  98.5692 202.6993 0001041  95.2256 264.9045 14.30819977463432
2024-05-06T21:55:55.475328+00:00,1 40697U 15028A   24127.91383652  .00000225  00000-0  10256-3 0  9991,2 40697  98.5692 202.7682 0001041  95.3996 264.7306 14.30820005463432
2024-05-07T04:38:43.269504+00:00,1 40697U 15028A   24128.19355636  .00000272  00000-0  12047-3 0  9995,2 40697  98.5692 203.0440 0001043  95.6057 264.5245 14.30820401463486
2024-05-07T11:21:31.072320+00:00,1 40697U 15028A   24128.47327630  .00000236  00000-0  10683-3 0  9993,2 40697  98.5692 203.3198 0001044  95.4215 264.7087 14.30820298463529
2024-05-07T14:42:54.966816+00:00,1 40697U 15028A   24128.61313619  .00000241  00000-0  10848-3 0  9990,2 40697  98.5692 203.4577 0001042  95.2467 264.8835 14.30820395463537
2024-05-07T19:45:00.802944+00:00,1 40697U 15028A   24128.82292596  .00000219  00000-0  10025-3 0  9995,2 40697  98.5692 203.6645 0001040  95.5414 264.5888 14.30820407463571
2024-05-07T21:25:42.749760+00:00,1 40697U 15028A   24128.89285590  .00000224  00000-0  10195-3 0  9992,2 40697  98.5692 203.7334 0001042  95.5479 264.5823 14.30820454463571
2024-05-08T04:08:30.533568+00:00,1 40697U 15028A   24129.17257562  .00000265  00000-0  11781-3 0  9999,2 40697  98.5692 204.0092 0001039  95.6119 264.5182 14.30820826463621
2024-05-08T12:32:00.259872+00:00,1 40697U 15028A   24129.52222523  .00000272  00000-0  12031-3 0  9994,2 40697  98.5692 204.3540 0001039  95.7807 264.3494 14.30821038463661
2024-05-08T12:32:00.259872+00:00,1 40697U 15028A   24129.52222523  .00000272  00000-0  12031-3 0  9994,2 40697  98.5692 204.3540 0001039  95.7807 264.3494 14.30821038463672
2024-05-08T19:14:48.035040+00:00,1 40697U 15028A   24129.80194485  .00000268  00000-0  11876-3 0  9991,2 40697  98.5692 204.6298 0001030  96.0699 264.0602 14.30821185463704
2024-05-08T19:14:48.035040+00:00,1 40697U 15028A   24129.80194485  .00000268  00000-0  11876-3 0  9991,2 40697  98.5692 204.6298 0001030  96.0699 264.0602 14.30821185463715
2024-05-09T03:38:18.030912+00:00,1 40697U 15028A   24130.15159758  .00000231  00000-0  10472-3 0  9996,2 40697  98.5691 204.9744 0001066  96.1693 263.9611 14.30811597463766
2024-05-09T12:01:47.971488+00:00,1 40697U 15028A   24130.50124967  .00000298  00000-0  13052-3 0  9999,2 40697  98.5692 205.3192 0001059  94.0120 266.1183 14.30811824463811
2024-05-09T13:42:29.954592+00:00,1 40697U 15028A   24130.57118003  .00000299  00000-0  13073-3 0  9994,2 40697  98.5692 205.3882 0001057  93.9560 266.1744 14.30811874463819
2024-05-09T18:44:35.902176+00:00,1 40697U 15028A   24130.78097109  .00000300  00000-0  13111-3 0  9996,2 40697  98.5691 205.5950 0001056  94.3516 265.7788 14.30812007463857
2024-05-09T22:05:59.882208+00:00,1 40697U 15028A   24130.92083197  .00000016  00000-0  22718-4 0  9992,2 40697  98.5691 205.7329 0001054  93.9950 266.1353 14.30811570463862
2024-05-10T04:48:47.813760+00:00,1 40697U 15028A   24131.20055340  .00000018  00000-0  23545-4 0  9994,2 40697  98.5691 206.0087 0001053  94.3272 265.8031 14.30811729463919
2024-05-10T11:31:35.739264+00:00,1 40697U 15028A   24131.48027476  .00000021  00000-0  24472-4 0  9997,2 40697  98.5692 206.2844 0001049  94.8301 265.3002 14.30811876463945
2024-05-10T11:31:35.739264+00:00,1 40697U 15028A   24131.48027476  .00000021  00000-0  24472-4 0  9997,2 40697  98.5692 206.2844 0001049  94.8301 265.3002 14.30811876463956
2024-05-10T19:55:05.643552+00:00,1 40697U 15028A   24131.82992643  .00000030  00000-0  28085-4 0  9996,2 40697  98.5691 206.6291 0001059  94.7975 265.3329 14.30812045464000
2024-05-10T21:35:47.624064+00:00,1 40697U 15028A   24131.89985676  .00000030  00000-0  28156-4 0  9990,2 40697  98.5691 206.6980 0001059  94.7157 265.4147 14.30812066464009
2024-05-11T04:18:35.556480+00:00,1 40697U 15028A   24132.17957820  .00000061  00000-0  39879-4 0  9990,2 40697  98.5691 206.9738 0001051  94.3442 265.7861 14.30812311464041
2024-05-11T04:18:35.556480+00:00,1 40697U 15028A   24132.17957820  .00000061  00000-0  39879-4 0  9990,2 40697  98.5691 206.9738 0001051  94.3442 265.7861 14.30812311464052
2024-05-12T05:29:04.871040+00:00,1 40697U 15028A   24133.22852860  .00000214  00000-0  98111-4 0  9999,2 40697  98.5690 208.0080 0001074  96.1195 264.0110 14.30818453464203
2024-05-12T12:11:52.723104+00:00,1 40697U 15028A   24133.50824911 -.00000041  00000-0  11157-5 0  9991,2 40697  98.5691 208.2837 0001072  96.4702 263.6603 14.30818478464244
2024-05-12T18:54:40.537152+00:00,1 40697U 15028A   24133.78796918 -.00000043  00000-0  32518-6 0  9993,2 40697  98.5690 208.5595 0001079  96.7643 263.3662 14.30818598464280
2024-05-12T22:16:04.444608+00:00,1 40697U 15028A   24133.92782922 -.00000044  00000-0 -79100-8 0  9991,2 40697  98.5690 208.6974 0001075  96.3740 263.7565 14.30818647464294
2024-05-13T04:58:52.256064+00:00,1 40697U 15028A   24134.20754926 -.00000044  00000-0 -20027-6 0  9998,2 40697  98.5690 208.9732 0001070  96.2093 263.9212 14.30818745464340
2024-05-13T11:41:40.056288+00:00,1 40697U 15028A   24134.48726917 -.00000045  00000-0 -50165-6 0  9994,2 40697  98.5690 209.2489 0001067  96.7521 263.3783 14.30818927464383
2024-05-13T13:22:22.008288+00:00,1 40697U 15028A   24134.55719917 -.00000045  00000-0 -45833-6 0  9990,2 40697  98.5690 209.3178 0001068  96.6779 263.4525 14.30818946464380
2024-05-13T20:05:09.814560+00:00,1 40697U 15028A   24134.83691915 -.00000045  00000-0 -60517-6 0  9994,2 40697  98.5690 209.5936 0001073  96.7183 263.4122 14.30819012464434
2024-05-13T21:45:51.766560+00:00,1 40697U 15028A   24134.90684915 -.00000045  00000-0 -51041-6 0  9996,2 40697  98.5690 209.6625 0001074  96.7146 263.4160 14.30819016464436
2024-05-14T04:28:39.565920+00:00,1 40697U 15028A   24135.18656905 -.00000045  00000-0 -43161-6 0  9999,2 40697  98.5689 209.9383 0001064  96.1595 263.9709 14.30819148464484
2024-05-14T11:11:27.370464+00:00,1 40697U 15028A   24135.46628901 -.00000044  00000-0 -32768-6 0  9995,2 40697  98.5690 210.2141 0001062  96.0597 264.0707 14.30819179464521
2024-05-14T14:32:51.271008+00:00,1 40697U 15028A   24135.60614897 -.00000045  00000-0 -46570-6 0  9997,2 40697  98.5690 210.3520 0001062  96.2004 263.9300 14.30819218464530
2024-05-14T19:34:57.089856+00:00,1 40697U 15028A   24135.81593854  .00000519  00000-0  21480-3 0  9993,2 40697  98.5689 210.5589 0001065  97.0784 263.0520 14.30820110464574
2024-05-14T21:15:39.036672+00:00,1 40697U 15028A   24135.88586848  .00000513  00000-0  21241-3 0  9994,2 40697  98.5689 210.6278 0001065  96.9959 263.1345 14.30820177464571
2024-05-15T03:58:26.800608+00:00,1 40697U 15028A   24136.16558797  .00000573  00000-0  23514-3 0  9999,2 40697  98.5689 210.9036 0001063  97.0594 263.0709 14.30820926464622
2024-05-15T10:41:14.587008+00:00,1 40697U 15028A   24136.44530772  .00000516  00000-0  21331-3 0  9995,2 40697  98.5689 211.1793 0001063  97.4598 262.6706 14.30820983464662
2024-05-15T12:21:56.527776+00:00,1 40697U 15028A   24136.51523759  .00000518  00000-0  21430-3 0  9992,2 40697  98.5689 211.2483 0001064  97.4231 262.7073 14.30821087464668
2024-05-15T19:04:44.287392+00:00,1 40697U 15028A   24136.79495703  .00000491  00000-0  20383-3 0  9995,2 40697  98.5689 211.5240 0001062  97.6203 262.5101 14.30821398464712
2024-05-15T22:26:08.168064+00:00,1 40697U 15028A   24136.93481676  .00000471  00000-0  19620-3 0  9995,2 40697  98.5689 211.6619 0001052  97.7570 262.3732 14.30821521464727
2024-05-16T05:08:55.919904+00:00,1 40697U 15028A   24137.21453611  .00000482  00000-0  20064-3 0  9991,2 40697  98.5689 211.9377 0001052  97.6751 262.4551 14.30821996464772
2024-05-16T11:51:43.650144+00:00,1 40697U 15028A   24137.49425521  .00000503  00000-0  20852-3 0  9999,2 40697  98.5689 212.2135 0001059  97.6388 262.4915 14.30822551464818
2024-05-16T20:15:13.340160+00:00,1 40697U 15028A   24137.84390440  .00000463  00000-0  19320-3 0  9992,2 40697  98.5689 212.5582 0001059  97.7870 262.3433 14.30822722464863
2024-05-17T11:21:30.750912+00:00,1 40697U 15028A   24138.47327258  .00000436  00000-0  18282-3 0  9995,2 40697  98.5689 213.1787 0001068  97.8041 262.3263 14.30823386464956
2024-05-17T13:02:12.683040+00:00,1 40697U 15028A   24138.54320235  .00000436  00000-0  18302-3 0  9994,2 40697  98.5689 213.2476 0001069  97.7248 262.4057 14.30823470464957
2024-05-17T19:45:00.397728+00:00,1 40697U 15028A   24138.82292127  .00000451  00000-0  18885-3 0  9996,2 40697  98.5689 213.5233 0001072  97.9281 262.2023 14.30823929465001
2024-05-17T21:25:42.328992+00:00,1 40697U 15028A   24138.89285103  .00000450  00000-0  18846-3 0  9995,2 40697  98.5689 213.5923 0001073  97.8803 262.2501 14.30823991465007
2024-05-18T04:08:30.035040+00:00,1 40697U 15028A   24139.17256985  .00000500  00000-0  20754-3 0  9990,2 40697  98.5688 213.8680 0001077  98.0031 262.1275 14.30824617465057
2024-05-18T10:51:17.745408+00:00,1 40697U 15028A   24139.45228872  .00000494  00000-0  20508-3 0  9994,2 40697  98.5688 214.1438 0001079  98.2883 261.8422 14.30824886465093
2024-05-18T12:31:59.672352+00:00,1 40697U 15028A   24139.52221843  .00000492  00000-0  20430-3 0  9995,2 40697  98.5689 214.2128 0001082  98.2810 261.8495 14.30824958465095
2024-05-18T19:14:47.373216+00:00,1 40697U 15028A   24139.80193719  .00000483  00000-0  20084-3 0  9991,2 40697  98.5688 214.4885 0001080  98.4583 261.6722 14.30825282465141
2024-05-18T20:55:29.297568+00:00,1 40697U 15028A   24139.87186687  .00000487  00000-0  20250-3 0  9993,2 40697  98.5688 214.5575 0001080  98.4678 261.6627 14.30825365465149
2024-05-19T05:18:58.933152+00:00,1 40697U 15028A   24140.22151543  .00000480  00000-0  19983-3 0  9991,2 40697  98.5688 214.9021 0001079  98.5121 261.6185 14.30825683465200
2024-05-19T13:42:28.531584+00:00,1 40697U 15028A   24140.57116356  .00000520  00000-0  21510-3 0  9996,2 40697  98.5688 215.2468 0001076  98.8446 261.2859 14.30826314465249
2024-05-19T18:44:34.294272+00:00,1 40697U 15028A   24140.78095248  .00000506  00000-0  20957-3 0  9993,2 40697  98.5688 215.4536 0001079  99.0081 261.1224 14.30826517465282
2024-05-20T04:48:45.820512+00:00,1 40697U 15028A   24141.20053033  .00000485  00000-0  20156-3 0  9994,2 40697  98.5688 215.8673 0001071  99.2618 260.8686 14.30826824465344
2024-05-20T11:31:33.485952+00:00,1 40697U 15028A   24141.48024868  .00000486  00000-0  20207-3 0  9996,2 40697  98.5688 216.1430 0001078  99.4273 260.7032 14.30827161465388
2024-05-20T13:12:15.403392+00:00,1 40697U 15028A   24141.55017828  .00000482  00000-0  20064-3 0  9999,2 40697  98.5688 216.2120 0001077  99.4002 260.7303 14.30827233465385
2024-05-20T19:55:03.073152+00:00,1 40697U 15028A   24141.82989668  .00000471  00000-0  19617-3 0  9999,2 40697  98.5688 216.4877 0001077  99.7798 260.3506 14.30827490465433
2024-05-21T04:18:32.653440+00:00,1 40697U 15028A   24142.17954460  .00000450  00000-0  18845-3 0  9999,2 40697  98.5687 216.8324 0001077 100.1690 259.9614 14.30827741465489
2024-05-21T07:39:56.482272+00:00,1 40697U 15028A   24142.31940373  .00000445  00000-0  18619-3 0  9996,2 40697  98.5688 216.9703 0001079 100.1758 259.9547 14.30827869465508
2024-05-21T12:42:02.223360+00:00,1 40697U 15028A   24142.52919240  .00000408  00000-0  17209-3 0  9991,2 40697  98.5688 217.1771 0001083 100.1143 260.0162 14.30827914465528
2024-05-21T19:24:49.871520+00:00,1 40697U 15028A   24142.80891055  .00000409  00000-0  17255-3 0  9997,2 40697  98.5688 217.4529 0001078 100.4088 259.7217 14.30828250465572
2024-05-21T21:05:31.783776+00:00,1 40697U 15028A   24142.87884009  .00000405  00000-0  17100-3 0  9990,2 40697  98.5688 217.5218 0001078 100.4280 259.7025 14.30828306465571
2024-05-22T05:29:01.341600+00:00,1 40697U 15028A   24143.22848775  .00000397  00000-0  16825-3 0  9993,2 40697  98.5687 217.8665 0001076 100.6614 259.4690 14.30828660465635
2024-05-22T12:11:48.982848+00:00,1 40697U 15028A   24143.50820582  .00000376  00000-0  16007-3 0  9999,2 40697  98.5688 218.1422 0001080 100.3527 259.7777 14.30828872465674
2024-05-22T18:54:36.616320+00:00,1 40697U 15028A   24143.78792380  .00000374  00000-0  15922-3 0  9996,2 40697  98.5688 218.4180 0001088 100.4693 259.6612 14.30829150465713
2024-05-22T20:35:18.527712+00:00,1 40697U 15028A   24143.85785333  .00000379  00000-0  16128-3 0  9998,2 40697  98.5688 218.4869 0001092 100.5339 259.5967 14.30829213465712
2024-05-23T04:58:48.065664+00:00,1 40697U 15028A   24144.20750076  .00000366  00000-0  15623-3 0  9999,2 40697  98.5687 218.8316 0001089 100.5286 259.6020 14.30829535465773
2024-05-23T11:41:35.688768+00:00,1 40697U 15028A   24144.48721862  .00000363  00000-0  15524-3 0  9997,2 40697  98.5688 219.1074 0001091 100.1851 259.9454 14.30829792465810
2024-05-23T13:22:17.594976+00:00,1 40697U 15028A   24144.55714809  .00000363  00000-0  15499-3 0  9999,2 40697  98.5688 219.1763 0001092 100.0273 260.1034 14.30829862465819
2024-05-23T16:43:41.405664+00:00,1 40697U 15028A   24144.69700701  .00000353  00000-0  15144-3 0  9996,2 40697  98.5688 219.3142 0001088  99.9771 260.1535 14.30829976465830
2024-05-23T16:43:41.405664+00:00,1 40697U 15028A   24144.69700701  .00000353  00000-0  15144-3 0  9996,2 40697  98.5688 219.3142 0001088  99.9771 260.1535 14.30829976465841
2024-05-24T04:28:35.567328+00:00,1 40697U 15028A   24145.18652277  .00000360  00000-0  15391-3 0  9997,2 40697  98.5687 219.7968 0001174  95.5399 264.5917 14.30806070465914
2024-05-24T11:11:23.597376+00:00,1 40697U 15028A   24145.46624534  .00000353  00000-0  15129-3 0  9994,2 40697  98.5688 220.0725 0001169  95.4628 264.6688 14.30806081465951
2024-05-24T14:32:47.613696+00:00,1 40697U 15028A   24145.60610664  .00000016  00000-0  22831-4 0  9994,2 40697  98.5688 220.2104 0001171  96.0685 264.0632 14.30806064465962
2024-05-24T19:34:53.635584+00:00,1 40697U 15028A   24145.81589856  .00000009  00000-0  19898-4 0  9996,2 40697  98.5687 220.4171 0001181  96.0369 264.0948 14.30806129466005
2024-05-24T21:15:35.641152+00:00,1 40697U 15028A   24145.88582918  .00000008  00000-0  19719-4 0  9996,2 40697  98.5687 220.4861 0001182  95.7839 264.3479 14.30806183466002
2024-05-25T03:58:23.661696+00:00,1 40697U 15028A   24146.16555164  .00000006  00000-0  18861-4 0  9996,2 40697  98.5687 220.7618 0001185  95.8897 264.2421 14.30806329466056
2024-05-25T10:41:11.683968+00:00,1 40697U 15028A   24146.44527412  .00000005  00000-0  18560-4 0  9997,2 40697  98.5688 221.0376 0001182  95.2303 264.9014 14.30806415466090
2024-05-25T12:21:53.679168+00:00,1 40697U 15028A   24146.51520462  .00000005  00000-0  18668-4 0  9992,2 40697  98.5688 221.1066 0001173  95.5006 264.6311 14.30806542466098
2024-05-25T19:04:41.697984+00:00,1 40697U 15028A   24146.79492706  .00000004  00000-0  18183-4 0  9992,2 40697  98.5688 221.3823 0001174  95.5139 264.6178 14.30806592466141
2024-05-26T05:08:53.716704+00:00,1 40697U 15028A   24147.21451061  .00000002  00000-0  17512-4 0  9992,2 40697  98.5687 221.7959 0001185  95.7482 264.3836 14.30806731466209
2024-05-26T11:51:41.727744+00:00,1 40697U 15028A   24147.49423296 -.00000000  00000-0  16626-4 0  9995,2 40697  98.5688 222.0718 0001169  94.9414 265.1902 14.30806810466240
2024-05-26T13:32:23.728128+00:00,1 40697U 15028A   24147.56416352  .00000000  00000-0  16505-4 0  9993,2 40697  98.5688 222.1408 0001170  95.0536 265.0780 14.30806846466248
2024-05-26T20:15:11.706336+00:00,1 40697U 15028A   24147.84388549  .00000246  00000-0  11070-3 0  9993,2 40697  98.5687 222.4165 0001163  96.7670 263.3645 14.30807499466290
2024-05-26T21:55:53.706720+00:00,1 40697U 15028A   24147.91381605  .00000247  00000-0  11089-3 0  9998,2 40697  98.5687 222.4854 0001164  96.7193 263.4122 14.30807540466294
2024-05-27T04:38:41.707392+00:00,1 40697U 15028A   24148.19353828  .00000247  00000-0  11088-3 0  9994,2 40697  98.5687 222.7611 0001166  96.9829 263.1486 14.30807717466340
2024-05-27T11:21:29.706336+00:00,1 40697U 15028A   24148.47326049  .00000219  00000-0  10013-3 0  9996,2 40697  98.5687 223.0369 0001168  96.7893 263.3423 14.30807745466383
2024-05-27T14:42:53.702784+00:00,1 40697U 15028A   24148.61312156  .00000215  00000-0  98649-4 0  9994,2 40697  98.5687 223.1748 0001167  96.9762 263.1554 14.30807830466390
2024-05-27T19:44:59.695296+00:00,1 40697U 15028A   24148.82291314  .00000210  00000-0  96760-4 0  9996,2 40697  98.5687 223.3816 0001166  97.1578 262.9738 14.30807948466431
2024-05-27T21:25:41.693952+00:00,1 40697U 15028A   24148.89284368  .00000212  00000-0  97661-4 0  9997,2 40697  98.5687 223.4506 0001168  97.0745 263.0570 14.30807988466435
2024-05-28T04:08:29.681664+00:00,1 40697U 15028A   24149.17256576  .00000229  00000-0  10411-3 0  9994,2 40697  98.5687 223.7263 0001169  97.1153 263.0162 14.30808252466480
2024-05-28T12:31:59.671488+00:00,1 40697U 15028A   24149.52221842  .00000203  00000-0  94094-4 0  9993,2 40697  98.5687 224.0710 0001173  97.1139 263.0178 14.30808334466523
2024-05-28T12:31:59.671488+00:00,1 40697U 15028A   24149.52221842  .00000203  00000-0  94094-4 0  9993,2 40697  98.5687 224.0710 0001173  97.1139 263.0178 14.30808334466534
2024-05-28T19:14:47.653152+00:00,1 40697U 15028A   24149.80194043  .00000193  00000-0  90170-4 0  9995,2 40697  98.5687 224.3468 0001167  97.3440 262.7876 14.30808480466574
2024-05-28T22:36:11.644416+00:00,1 40697U 15028A   24149.94180144  .00000191  00000-0  89516-4 0  9997,2 40697  98.5687 224.4846 0001168  97.2738 262.8578 14.30808548466581
2024-05-29T05:18:59.626944+00:00,1 40697U 15028A   24150.22152346  .00000180  00000-0  85152-4 0  9993,2 40697  98.5687 224.7604 0001165  97.2698 262.8618 14.30808683466639
2024-05-29T12:01:47.606880+00:00,1 40697U 15028A   24150.50124545  .00000197  00000-0  91635-4 0  9995,2 40697  98.5687 225.0361 0001168  97.1353 262.9963 14.30808929466674
2024-05-29T13:42:29.601216+00:00,1 40697U 15028A   24150.57117594  .00000194  00000-0  90563-4 0  9994,2 40697  98.5687 225.1051 0001168  97.1801 262.9514 14.30808968466674
2024-05-29T18:44:35.583360+00:00,1 40697U 15028A   24150.78096740  .00000185  00000-0  87345-4 0  9990,2 40697  98.5687 225.3119 0001167  97.3859 262.7456 14.30809055466711
2024-05-29T20:25:17.575104+00:00,1 40697U 15028A   24150.85089786  .00000223  00000-0  10179-3 0  9993,2 40697  98.5687 225.3808 0001166  97.3762 262.7554 14.30809296466714
2024-05-30T04:48:47.545056+00:00,1 40697U 15028A   24151.20055029  .00000214  00000-0  98430-4 0  9993,2 40697  98.5687 225.7255 0001164  97.4851 262.6464 14.30809428466774
2024-05-30T11:31:35.517216+00:00,1 40697U 15028A   24151.48027219  .00000258  00000-0  11526-3 0  9991,2 40697  98.5687 226.0013 0001167  97.2841 262.8474 14.30809791466811
2024-05-30T13:12:17.508960+00:00,1 40697U 15028A   24151.55020265  .00000256  00000-0  11422-3 0  9996,2 40697  98.5687 226.0702 0001167  97.1546 262.9770 14.30809827466817
2024-05-30T19:55:05.456928+00:00,1 40697U 15028A   24151.82992427  .00000276  00000-0  12181-3 0  9999,2 40697  98.5687 226.3460 0001167  97.3692 262.7624 14.30810167466865
2024-05-30T21:35:47.446080+00:00,1 40697U 15028A   24151.89985470  .00000280  00000-0  12343-3 0  9991,2 40697  98.5687 226.4149 0001169  97.4459 262.6856 14.30810221466861
2024-05-31T04:18:35.429472+00:00,1 40697U 15028A   24152.17957673  .00000249  00000-0  11150-3 0  9997,2 40697  98.5686 226.6906 0001170  97.4423 262.6892 14.30810138466919
2024-05-31T11:01:23.392992+00:00,1 40697U 15028A   24152.45929853  .00000245  00000-0  11002-3 0  9999,2 40697  98.5687 226.9664 0001177  97.3133 262.8184 14.30810263466957
2024-05-31T12:42:05.372640+00:00,1 40697U 15028A   24152.52922885  .00000266  00000-0  11831-3 0  9998,2 40697  98.5687 227.0354 0001177  97.1607 262.9710 14.30810472466957
2024-05-31T19:24:53.352576+00:00,1 40697U 15028A   24152.80895084  .00000193  00000-0  90472-4 0  9997,2 40697  98.5686 227.3111 0001174  97.3936 262.7380 14.30810171467008
2024-05-31T21:05:35.341728+00:00,1 40697U 15028A   24152.87888127  .00000196  00000-0  91466-4 0  9991,2 40697  98.5686 227.3800 0001175  97.4283 262.7033 14.30810207467005
2024-06-01T03:48:23.296608+00:00,1 40697U 15028A   24153.15860297  .00000203  00000-0  94260-4 0  9995,2 40697  98.5686 227.6558 0001175  97.3925 262.7391 14.30810393467058
2024-06-01T12:11:53.247552+00:00,1 40697U 15028A   24153.50825518  .00000201  00000-0  93159-4 0  9995,2 40697  98.5686 228.0005 0001177  97.4586 262.6730 14.30810521467099
2024-06-01T12:11:53.247552+00:00,1 40697U 15028A   24153.50825518  .00000201  00000-0  93159-4 0  9995,2 40697  98.5686 228.0005 0001177  97.4586 262.6730 14.30810521467101
2024-06-01T18:54:41.200704+00:00,1 40697U 15028A   24153.78797686  .00000193  00000-0  90243-4 0  9990,2 40697  98.5686 228.2763 0001176  97.7518 262.3799 14.30810639467147
2024-06-02T04:58:53.126976+00:00,1 40697U 15028A   24154.20755934  .00000191  00000-0  89347-4 0  9999,2 40697  98.5686 228.6899 0001172  97.6437 262.4879 14.30810814467208
2024-06-02T11:41:41.080128+00:00,1 40697U 15028A   24154.48728102  .00000204  00000-0  94310-4 0  9997,2 40697  98.5687 228.9657 0001175  97.3441 262.7875 14.30810981467247
2024-06-02T13:22:23.066688+00:00,1 40697U 15028A   24154.55721142  .00000206  00000-0  95205-4 0  9998,2 40697  98.5687 229.0346 0001176  97.2576 262.8741 14.30811029467240
2024-06-02T20:05:11.004288+00:00,1 40697U 15028A   24154.83693292  .00000207  00000-0  95449-4 0  9994,2 40697  98.5686 229.3104 0001174  97.4417 262.6900 14.30811187467282
2024-06-02T20:05:11.004288+00:00,1 40697U 15028A   24154.83693292  .00000205  00000-0  94828-4 0  9992,2 40697  98.5686 229.3104 0001174  97.4587 262.6730 14.30811180467295
2024-06-03T04:28:40.936224+00:00,1 40697U 15028A   24155.18658491  .00000241  00000-0  10861-3 0  9997,2 40697  98.5686 229.6550 0001174  97.4649 262.6667 14.30811542467349
2024-06-03T11:11:28.875552+00:00,1 40697U 15028A   24155.46630643  .00000243  00000-0  10925-3 0  9990,2 40697  98.5687 229.9308 0001176  97.3015 262.8301 14.30811680467386
2024-06-03T14:32:52.846944+00:00,1 40697U 15028A   24155.60616721  .00000245  00000-0  11007-3 0  9991,2 40697  98.5687 230.0687 0001175  97.2982 262.8335 14.30811777467395
2024-06-03T17:54:16.813152+00:00,1 40697U 15028A   24155.74602793  .00000250  00000-0  11204-3 0  9995,2 40697  98.5687 230.2066 0001176  97.2916 262.8401 14.30811875467423
2024-06-03T21:15:40.778496+00:00,1 40697U 15028A   24155.88588864  .00000249  00000-0  11171-3 0  9993,2 40697  98.5686 230.3445 0001177  97.3669 262.7647 14.30811933467438
2024-06-04T03:58:28.705728+00:00,1 40697U 15028A   24156.16561002  .00000274  00000-0  12124-3 0  9997,2 40697  98.5686 230.6202 0001175  97.3533 262.7783 14.30812230467487
2024-06-04T12:21:58.618656+00:00,1 40697U 15028A   24156.51526179  .00000286  00000-0  12578-3 0  9998,2 40697  98.5687 230.9649 0001178  97.3808 262.7509 14.30812458467527
2024-06-04T12:21:58.618656+00:00,1 40697U 15028A   24156.51526179  .00000286  00000-0  12578-3 0  9998,2 40697  98.5687 230.9649 0001178  97.3808 262.7509 14.30812458467538
2024-06-04T17:24:04.559328+00:00,1 40697U 15028A   24156.72505277  .00000288  00000-0  12650-3 0  9990,2 40697  98.5687 231.1717 0001178  97.4016 262.7301 14.30812607467568
2024-06-04T22:26:10.500000+00:00,1 40697U 15028A   24156.93484375  .00000273  00000-0  12087-3 0  9996,2 40697  98.5687 231.3785 0001176  97.4824 262.6493 14.30812645467585
2024-06-05T05:08:58.427232+00:00,1 40697U 15028A   24157.21456513  .00000247  00000-0  11086-3 0  9990,2 40697  98.5687 231.6543 0001174  97.5715 262.5601 14.30812640467639
2024-06-05T11:51:46.344096+00:00,1 40697U 15028A   24157.49428639  .00000262  00000-0  11648-3 0  9999,2 40697  98.5687 231.9300 0001176  97.4518 262.6798 14.30812875467677
2024-06-05T13:32:28.322880+00:00,1 40697U 15028A   24157.56421670  .00000260  00000-0  11586-3 0  9994,2 40697  98.5687 231.9990 0001177  97.4275 262.7041 14.30812918467673
2024-06-05T20:15:16.234560+00:00,1 40697U 15028A   24157.84393790  .00000262  00000-0  11644-3 0  9993,2 40697  98.5687 232.2748 0001176  97.4822 262.6494 14.30813077467729
2024-06-05T21:55:58.212480+00:00,1 40697U 15028A   24157.91386820  .00000261  00000-0  11606-3 0  9994,2 40697  98.5687 232.3437 0001175  97.4854 262.6463 14.30813108467720
2024-06-06T04:38:46.123296+00:00,1 40697U 15028A   24158.19358939  .00000267  00000-0  11870-3 0  9994,2 40697  98.5687 232.6195 0001177  97.5618 262.5698 14.30813321467776
2024-06-06T11:21:34.029792+00:00,1 40697U 15028A   24158.47331053  .00000287  00000-0  12629-3 0  9998,2 40697  98.5687 232.8952 0001177  97.5301 262.6016 14.30813577467811
2024-06-06T13:02:16.005984+00:00,1 40697U 15028A   24158.54324081  .00000287  00000-0  12622-3 0  9992,2 40697  98.5687 232.9642 0001176  97.4773 262.6543 14.30813620467813
2024-06-07T00:47:09.834144+00:00,1 40697U 15028A   24159.03275271  .00000295  00000-0  12922-3 0  9995,2 40697  98.5687 233.4467 0001183  97.5020 262.6297 14.30813914467898
2024-06-07T12:32:03.643296+00:00,1 40697U 15028A   24159.52226439  .00000333  00000-0  14351-3 0  9992,2 40697  98.5687 233.9292 0001184  97.4300 262.7017 14.30814455467960
2024-06-07T19:14:51.519552+00:00,1 40697U 15028A   24159.80198518  .00000346  00000-0  14846-3 0  9992,2 40697  98.5687 234.2050 0001181  97.6010 262.5307 14.30814766468004
2024-06-07T22:36:15.462432+00:00,1 40697U 15028A   24159.94184563  .00000342  00000-0  14719-3 0  9997,2 40697  98.5687 234.3429 0001180  97.6316 262.5001 14.30814837468014
2024-06-08T05:19:03.350784+00:00,1 40697U 15028A   24160.22156656  .00000330  00000-0  14254-3 0  9993,2 40697  98.5687 234.6186 0001180  97.6200 262.5117 14.30814970468060
2024-06-08T12:01:51.230496+00:00,1 40697U 15028A   24160.50128739  .00000313  00000-0  13595-3 0  9993,2 40697  98.5687 234.8944 0001185  97.6531 262.4786 14.30815089468104
2024-06-08T13:42:33.199776+00:00,1 40697U 15028A   24160.57121759  .00000310  00000-0  13503-3 0  9991,2 40697  98.5687 234.9633 0001185  97.6426 262.4891 14.30815134468101
2024-06-08T18:44:39.105888+00:00,1 40697U 15028A   24160.78100817  .00000305  00000-0  13302-3 0  9997,2 40697  98.5687 235.1702 0001185  97.6667 262.4651 14.30815255468140
2024-06-08T22:06:03.040992+00:00,1 40697U 15028A   24160.92086853  .00000302  00000-0  13169-3 0  9994,2 40697  98.5687 235.3080 0001183  97.7149 262.4168 14.30815330468153
2024-06-09T04:48:50.916384+00:00,1 40697U 15028A   24161.20058931  .00000334  00000-0  14393-3 0  9997,2 40697  98.5687 235.5838 0001183  97.7185 262.4133 14.30815685468207
2024-06-09T11:31:38.783136+00:00,1 40697U 15028A   24161.48030999  .00000333  00000-0  14374-3 0  9999,2 40697  98.5687 235.8595 0001188  97.7572 262.3746 14.30815874468248
2024-06-09T13:12:20.748960+00:00,1 40697U 15028A   24161.55024015  .00000332  00000-0  14344-3 0  9995,2 40697  98.5687 235.9284 0001188  97.6940 262.4378 14.30815927468243
2024-06-09T19:55:08.607072+00:00,1 40697U 15028A   24161.82996073  .00000332  00000-0  14346-3 0  9999,2 40697  98.5687 236.2042 0001189  97.7635 262.3683 14.30816153468297
2024-06-09T21:35:50.571168+00:00,1 40697U 15028A   24161.89989087  .00000336  00000-0  14499-3 0  9996,2 40697  98.5687 236.2731 0001189  97.7421 262.3896 14.30816213468298
2024-06-10T04:18:38.431872+00:00,1 40697U 15028A   24162.17961148  .00000339  00000-0  14593-3 0  9994,2 40697  98.5687 236.5489 0001189  97.9041 262.2277 14.30816403468340
2024-06-10T11:01:26.289120+00:00,1 40697U 15028A   24162.45933205  .00000326  00000-0  14113-3 0  9992,2 40697  98.5687 236.8246 0001193  97.9442 262.1876 14.30816529468381
2024-06-10T12:42:08.252352+00:00,1 40697U 15028A   24162.52926218  .00000326  00000-0  14117-3 0  9990,2 40697  98.5687 236.8936 0001193  97.9068 262.2250 14.30816584468389
2024-06-10T19:24:56.094912+00:00,1 40697U 15028A   24162.80898258  .00000329  00000-0  14224-3 0  9995,2 40697  98.5687 237.1693 0001188  98.1511 261.9807 14.30816842468430
2024-06-10T22:46:20.016192+00:00,1 40697U 15028A   24162.94884278  .00000333  00000-0  14371-3 0  9995,2 40697  98.5687 237.3072 0001189  98.2689 261.8628 14.30816956468448
2024-06-11T05:29:07.860480+00:00,1 40697U 15028A   24163.22856320  .00000318  00000-0  13801-3 0  9994,2 40697  98.5686 237.5830 0001185  98.3579 261.7738 14.30817121468497
2024-06-11T12:11:55.698720+00:00,1 40697U 15028A   24163.50828355  .00000318  00000-0  13780-3 0  9998,2 40697  98.5686 237.8587 0001190  98.4495 261.6823 14.30817340468524
2024-06-12T04:58:55.294752+00:00,1 40697U 15028A   24164.20758443  .00000282  00000-0  12417-3 0  9992,2 40697  98.5686 238.5481 0001185  98.6210 261.5107 14.30817633468626
2024-06-12T04:58:55.294752+00:00,1 40697U 15028A   24164.20758443  .00000282  00000-0  12417-3 0  9992,2 40697  98.5686 238.5481 0001185  98.6210 261.5107 14.30817633468637
2024-06-12T11:41:43.127808+00:00,1 40697U 15028A   24164.48730472  .00000273  00000-0  12095-3 0  9996,2 40697  98.5686 238.8239 0001190  98.4981 261.6337 14.30817783468676
2024-06-12T20:05:12.913728+00:00,1 40697U 15028A   24164.83695502  .00000242  00000-0  10887-3 0  9992,2 40697  98.5686 239.1686 0001190  98.6154 261.5164 14.30817872468722
2024-06-12T21:45:54.872640+00:00,1 40697U 15028A   24164.90688510  .00000239  00000-0  10771-3 0  9999,2 40697  98.5686 239.2375 0001195  98.5367 261.5951 14.30817899468721
2024-06-13T04:28:42.699648+00:00,1 40697U 15028A   24165.18660532  .00000244  00000-0  10973-3 0  9994,2 40697  98.5685 239.5133 0001191  98.5388 261.5929 14.30818095468773
2024-06-13T11:11:30.524928+00:00,1 40697U 15028A   24165.46632552  .00000214  00000-0  98204-4 0  9997,2 40697  98.5686 239.7890 0001192  98.6245 261.5073 14.30818128468812
2024-06-13T14:32:54.436704+00:00,1 40697U 15028A   24165.60618561  .00000208  00000-0  95974-4 0  9991,2 40697  98.5686 239.9269 0001191  98.4746 261.6572 14.30818210468825
2024-06-13T21:15:42.252480+00:00,1 40697U 15028A   24165.88590570  .00000210  00000-0  96760-4 0  9997,2 40697  98.5685 240.2026 0001195  98.4184 261.7135 14.30818389468867
2024-06-14T12:21:59.835168+00:00,1 40697U 15028A   24166.51527587  .00000231  00000-0  10477-3 0  9999,2 40697  98.5685 240.8231 0001197  98.9587 261.1732 14.30818856468951
2024-06-14T20:45:29.596032+00:00,1 40697U 15028A   24166.86492588  .00000218  00000-0  99901-4 0  9994,2 40697  98.5685 241.1677 0001193  98.8750 261.2568 14.30819030469006
2024-06-15T13:32:29.110848+00:00,1 40697U 15028A   24167.56422582  .00000229  00000-0  10419-3 0  9997,2 40697  98.5685 241.8571 0001200  98.7845 261.3474 14.30819503469102
2024-06-15T21:55:58.855296+00:00,1 40697U 15028A   24167.91387564  .00000232  00000-0  10503-3 0  9994,2 40697  98.5685 242.2017 0001202  98.7166 261.4153 14.30819726469157
2024-06-16T13:02:16.411200+00:00,1 40697U 15028A   24168.54324550  .00000224  00000-0  10207-3 0  9992,2 40697  98.5685 242.8222 0001211  98.4825 261.6495 14.30820010469249
2024-06-16T21:25:46.151328+00:00,1 40697U 15028A   24168.89289527  .00000223  00000-0  10186-3 0  9999,2 40697  98.5685 243.1668 0001212  98.4782 261.6538 14.30820196469298
2024-06-17T19:14:51.461664+00:00,1 40697U 15028A   24169.80198451  .00000203  00000-0  94149-4 0  9996,2 40697  98.5685 244.0630 0001217  98.8292 261.3028 14.30820568469432
2024-06-17T20:55:33.408480+00:00,1 40697U 15028A   24169.87191445  .00000208  00000-0  95863-4 0  9998,2 40697  98.5685 244.1319 0001216  98.7845 261.3476 14.30820613469437
2024-06-18T05:19:03.137376+00:00,1 40697U 15028A   24170.22156409  .00000196  00000-0  91308-4 0  9996,2 40697  98.5685 244.4766 0001214  98.7398 261.3922 14.30820740469490
2024-06-18T12:01:50.916864+00:00,1 40697U 15028A   24170.50128376  .00000183  00000-0  86285-4 0  9993,2 40697  98.5686 244.7523 0001219  98.6246 261.5075 14.30820818469533
2024-06-18T13:42:32.861088+00:00,1 40697U 15028A   24170.57121367  .00000180  00000-0  85458-4 0  9991,2 40697  98.5686 244.8213 0001220  98.6415 261.4906 14.30820854469532
2024-06-18T18:44:38.696352+00:00,1 40697U 15028A   24170.78100343  .00000177  00000-0  84348-4 0  9998,2 40697  98.5686 245.0281 0001220  98.6298 261.5024 14.30820930469570
2024-06-18T22:06:02.584800+00:00,1 40697U 15028A   24170.92086325  .00000182  00000-0  86132-4 0  9996,2 40697  98.5686 245.1660 0001220  98.6088 261.5233 14.30820992469580
2024-06-19T04:48:50.360832+00:00,1 40697U 15028A   24171.20058288  .00000170  00000-0  81514-4 0  9991,2 40697  98.5686 245.4417 0001218  98.6148 261.5173 14.30821083469638
2024-06-19T11:31:38.135136+00:00,1 40697U 15028A   24171.48030249  .00000165  00000-0  79734-4 0  9993,2 40697  98.5686 245.7175 0001224  98.6261 261.5060 14.30821187469679
2024-06-19T13:12:20.078496+00:00,1 40697U 15028A   24171.55023239  .00000163  00000-0  78736-4 0  9991,2 40697  98.5686 245.7864 0001224  98.5669 261.5653 14.30821215469675
2024-06-19T19:55:07.850208+00:00,1 40697U 15028A   24171.82995197  .00000150  00000-0  73785-4 0  9997,2 40697  98.5686 246.0622 0001224  98.5998 261.5323 14.30821273469720
2024-06-19T21:35:49.792704+00:00,1 40697U 15028A   24171.89988186  .00000149  00000-0  73347-4 0  9996,2 40697  98.5686 246.1311 0001225  98.5766 261.5556 14.30821298469725
2024-06-20T04:18:37.559232+00:00,1 40697U 15028A   24172.17960138  .00000168  00000-0  80904-4 0  9993,2 40697  98.5686 246.4068 0001227  98.6924 261.4398 14.30821524469776
2024-06-20T12:42:07.266528+00:00,1 40697U 15028A   24172.52925077  .00000173  00000-0  82733-4 0  9993,2 40697  98.5686 246.7515 0001232  98.7002 261.4321 14.30821724469813
2024-06-20T21:05:36.968640+00:00,1 40697U 15028A   24172.87890010  .00000173  00000-0  82551-4 0  9997,2 40697  98.5686 247.0962 0001227  98.7964 261.3358 14.30821879469869
2024-06-20T22:46:18.908544+00:00,1 40697U 15028A   24172.94882996  .00000178  00000-0  84486-4 0  9993,2 40697  98.5686 247.1651 0001228  98.7645 261.3677 14.30821921469886
2024-06-21T03:48:24.723936+00:00,1 40697U 15028A   24173.15861949  .00000191  00000-0  89464-4 0  9998,2 40697  98.5686 247.3719 0001221  98.9835 261.1486 14.30822108469917
2024-06-21T12:11:54.425184+00:00,1 40697U 15028A   24173.50826881  .00000199  00000-0  92642-4 0  9993,2 40697  98.5686 247.7166 0001230  98.8030 261.3292 14.30822323469953
2024-06-21T12:11:54.425184+00:00,1 40697U 15028A   24173.50826881  .00000199  00000-0  92642-4 0  9993,2 40697  98.5686 247.7166 0001230  98.8030 261.3292 14.30822323469964
2024-06-21T18:54:42.178752+00:00,1 40697U 15028A   24173.78798818  .00000189  00000-0  88827-4 0  9990,2 40697  98.5686 247.9924 0001227  98.8778 261.2544 14.30822418470004
2024-06-21T20:35:24.116928+00:00,1 40697U 15028A   24173.85791802  .00000190  00000-0  89192-4 0  9992,2 40697  98.5686 248.0613 0001227  98.8517 261.2805 14.30822447470004
2024-06-22T04:58:53.808672+00:00,1 40697U 15028A   24174.20756723  .00000188  00000-0  88283-4 0  9992,2 40697  98.5686 248.4060 0001226  98.9338 261.1984 14.30822595470062
2024-06-22T11:41:41.561376+00:00,1 40697U 15028A   24174.48728659  .00000195  00000-0  91065-4 0  9999,2 40697  98.5686 248.6817 0001231  98.8865 261.2457 14.30822745470102
2024-06-22T13:22:23.498688+00:00,1 40697U 15028A   24174.55721642  .00000195  00000-0  91011-4 0  9993,2 40697  98.5686 248.7507 0001233  98.8299 261.3023 14.30822784470105
2024-06-22T20:05:11.245344+00:00,1 40697U 15028A   24174.83693571  .00000190  00000-0  89277-4 0  9999,2 40697  98.5686 249.0264 0001230  98.9162 261.2160 14.30822877470155
2024-06-22T21:45:53.181792+00:00,1 40697U 15028A   24174.90686553  .00000189  00000-0  88703-4 0  9990,2 40697  98.5686 249.0953 0001232  98.8847 261.2475 14.30822901470158
2024-06-23T04:28:40.928448+00:00,1 40697U 15028A   24175.18658482  .00000191  00000-0  89590-4 0  9999,2 40697  98.5686 249.3711 0001232  99.0278 261.1045 14.30823027470202
2024-06-23T11:11:28.674240+00:00,1 40697U 15028A   24175.46630410  .00000191  00000-0  89644-4 0  9991,2 40697  98.5686 249.6468 0001236  98.8589 261.2734 14.30823140470246
2024-06-23T14:32:52.541952+00:00,1 40697U 15028A   24175.60616368  .00000183  00000-0  86369-4 0  9995,2 40697  98.5686 249.7847 0001236  98.8247 261.3076 14.30823199470254
2024-06-23T19:34:58.343520+00:00,1 40697U 15028A   24175.81595305  .00000182  00000-0  86207-4 0  9995,2 40697  98.5686 249.9915 0001234  98.9128 261.2194 14.30823297470292
2024-06-23T21:15:40.277376+00:00,1 40697U 15028A   24175.88588284  .00000186  00000-0  87646-4 0  9992,2 40697  98.5686 250.0604 0001235  98.8862 261.2461 14.30823335470295
2024-06-24T03:58:28.012800+00:00,1 40697U 15028A   24176.16560200  .00000199  00000-0  92377-4 0  9993,2 40697  98.5686 250.3362 0001234  98.8749 261.2573 14.30823524470342
2024-06-24T12:21:57.685536+00:00,1 40697U 15028A   24176.51525099  .00000186  00000-0  87760-4 0  9995,2 40697  98.5686 250.6808 0001241  98.8346 261.2977 14.30823617470386
2024-06-24T12:21:57.685536+00:00,1 40697U 15028A   24176.51525099  .00000186  00000-0  87760-4 0  9995,2 40697  98.5686 250.6808 0001241  98.8346 261.2977 14.30823617470397
2024-06-24T19:04:45.414048+00:00,1 40697U 15028A   24176.79497007  .00000181  00000-0  85669-4 0  9993,2 40697  98.5686 250.9566 0001238  98.8974 261.2349 14.30823746470435
2024-06-24T22:26:09.278304+00:00,1 40697U 15028A   24176.93482961  .00000184  00000-0  86682-4 0  9991,2 40697  98.5686 251.0945 0001239  98.9560 261.1763 14.30823803470445
2024-06-25T05:08:57.004224+00:00,1 40697U 15028A   24177.21454866  .00000185  00000-0  87387-4 0  9990,2 40697  98.5686 251.3702 0001236  98.9981 261.1341 14.30823972470497
2024-06-25T11:51:44.731872+00:00,1 40697U 15028A   24177.49426773  .00000187  00000-0  87954-4 0  9998,2 40697  98.5686 251.6459 0001240  98.8664 261.2660 14.30824105470530
2024-06-25T13:32:26.663136+00:00,1 40697U 15028A   24177.56419749  .00000188  00000-0  88254-4 0  9996,2 40697  98.5686 251.7149 0001241  98.6813 261.4511 14.30824151470530
2024-06-25T20:15:14.379552+00:00,1 40697U 15028A   24177.84391643  .00000190  00000-0  89200-4 0  9994,2 40697  98.5686 251.9906 0001240  98.6716 261.4607 14.30824316470588
2024-06-25T21:55:56.309088+00:00,1 40697U 15028A   24177.91384617  .00000188  00000-0  88349-4 0  9995,2 40697  98.5686 252.0596 0001242  98.7724 261.3600 14.30824337470582
2024-06-26T04:38:44.028960+00:00,1 40697U 15028A   24178.19356515  .00000201  00000-0  93499-4 0  9990,2 40697  98.5685 252.3353 0001241  98.7362 261.3962 14.30824544470639
2024-06-26T11:21:31.745376+00:00,1 40697U 15028A   24178.47328409  .00000204  00000-0  94445-4 0  9997,2 40697  98.5686 252.6110 0001244  98.6109 261.5214 14.30824678470679
2024-06-26T13:02:13.670592+00:00,1 40697U 15028A   24178.54321378  .00000211  00000-0  97069-4 0  9996,2 40697  98.5686 252.6800 0001244  98.5762 261.5561 14.30824772470679
2024-06-26T19:45:01.378368+00:00,1 40697U 15028A   24178.82293262  .00000207  00000-0  95550-4 0  9995,2 40697  98.5685 252.9557 0001245  98.6942 261.4382 14.30824916470728
2024-06-26T21:25:43.305312+00:00,1 40697U 15028A   24178.89286233  .00000210  00000-0  96617-4 0  9991,2 40697  98.5685 253.0246 0001248  98.7884 261.3440 14.30824957470723
2024-06-27T04:08:31.014816+00:00,1 40697U 15028A   24179.17258119  .00000251  00000-0  11245-3 0  9993,2 40697  98.5685 253.3004 0001246  98.7583 261.3741 14.30825311470776
2024-06-27T12:32:00.650400+00:00,1 40697U 15028A   24179.52222975  .00000251  00000-0  11231-3 0  9998,2 40697  98.5685 253.6451 0001251  98.5004 261.6321 14.30825486470823
2024-06-27T17:34:06.425184+00:00,1 40697U 15028A   24179.73201881  .00000247  00000-0  11098-3 0  9990,2 40697  98.5685 253.8519 0001251  98.4585 261.6740 14.30825613470842
2024-06-27T17:34:06.425184+00:00,1 40697U 15028A   24179.73201881  .00000247  00000-0  11098-3 0  9990,2 40697  98.5685 253.8519 0001251  98.4585 261.6740 14.30825613470853
2024-06-28T03:38:18.331584+00:00,1 40697U 15028A   24180.15160106  .00000280  00000-0  12337-3 0  9996,2 40697  98.5685 254.2654 0001226  95.7534 264.3789 14.30813565470917
2024-06-28T12:01:48.206496+00:00,1 40697U 15028A   24180.50125239  .00000314  00000-0  13646-3 0  9995,2 40697  98.5684 254.6102 0001237  95.5945 264.5379 14.30813834470965
2024-06-28T13:42:30.180960+00:00,1 40697U 15028A   24180.57118265  .00000313  00000-0  13625-3 0  9999,2 40697  98.5684 254.6791 0001237  95.6218 264.5106 14.30813884470966
2024-06-28T20:25:18.078816+00:00,1 40697U 15028A   24180.85090369  .00000299  00000-0  13071-3 0  9992,2 40697  98.5684 254.9548 0001239  95.7453 264.3872 14.30813991471017
2024-06-28T22:06:00.052416+00:00,1 40697U 15028A   24180.92083394  .00000298  00000-0  13044-3 0  9999,2 40697  98.5684 255.0238 0001237  95.5078 264.6246 14.30814040471018
2024-06-29T04:48:47.950272+00:00,1 40697U 15028A   24181.20055498  .00000321  00000-0  13898-3 0  9999,2 40697  98.5684 255.2995 0001238  95.6297 264.5027 14.30814335471063
2024-06-29T11:31:35.842944+00:00,1 40697U 15028A   24181.48027596  .00000342  00000-0  14720-3 0  9995,2 40697  98.5684 255.5752 0001246  95.6659 264.4666 14.30814569471100
2024-06-29T13:12:17.814816+00:00,1 40697U 15028A   24181.55020619  .00000342  00000-0  14726-3 0  9998,2 40697  98.5684 255.6442 0001247  95.6403 264.4922 14.30814623471101
2024-06-29T19:55:05.701440+00:00,1 40697U 15028A   24181.82992710  .00000338  00000-0  14574-3 0  9994,2 40697  98.5684 255.9199 0001247  95.6348 264.4977 14.30814788471158
2024-06-29T21:35:47.672448+00:00,1 40697U 15028A   24181.89985732  .00000339  00000-0  14584-3 0  9999,2 40697  98.5684 255.9889 0001248  95.6775 264.4550 14.30814832471156
2024-06-30T04:18:35.554752+00:00,1 40697U 15028A   24182.17957818  .00000312  00000-0  13551-3 0  9999,2 40697  98.5684 256.2646 0001249  95.6215 264.5110 14.30814920471208
2024-06-30T11:01:23.433600+00:00,1 40697U 15028A   24182.45929900  .00000309  00000-0  13467-3 0  9993,2 40697  98.5684 256.5403 0001254  95.5907 264.5418 14.30815101471242
2024-06-30T12:42:05.402880+00:00,1 40697U 15028A   24182.52922920  .00000305  00000-0  13309-3 0  9997,2 40697  98.5684 256.6093 0001254  95.5851 264.5475 14.30815131471242
2024-06-30T19:24:53.279136+00:00,1 40697U 15028A   24182.80894999  .00000276  00000-0  12194-3 0  9990,2 40697  98.5684 256.8850 0001244  95.6307 264.5018 14.30815230471299
2024-06-30T21:05:35.243232+00:00,1 40697U 15028A   24182.87888013  .00000287  00000-0  12631-3 0  9995,2 40697  98.5684 256.9539 0001243  95.6566 264.4759 14.30815337471299
2024-07-01T03:48:23.118624+00:00,1 40697U 15028A   24183.15860091  .00000282  00000-0  12435-3 0  9990,2 40697  98.5683 257.2297 0001238  95.7314 264.4010 14.30815486471340
2024-07-01T12:11:52.950336+00:00,1 40697U 15028A   24183.50825174  .00000269  00000-0  11934-3 0  9990,2 40697  98.5684 257.5743 0001242  95.7602 264.3723 14.30815666471390
2024-07-01T13:52:34.916160+00:00,1 40697U 15028A   24183.57818190  .00000267  00000-0  11865-3 0  9998,2 40697  98.5684 257.6433 0001243  95.7694 264.3631 14.30815724471392
2024-07-01T18:54:40.812768+00:00,1 40697U 15028A   24183.78797237  .00000261  00000-0  11608-3 0  9998,2 40697  98.5684 257.8501 0001239  95.7826 264.3498 14.30815840471437
2024-07-01T22:16:04.743552+00:00,1 40697U 15028A   24183.92783268  .00000260  00000-0  11587-3 0  9998,2 40697  98.5684 257.9880 0001237  95.7536 264.3788 14.30815930471447
2024-07-02T04:58:52.610304+00:00,1 40697U 15028A   24184.20755336  .00000252  00000-0  11277-3 0  9992,2 40697  98.5684 258.2637 0001233  95.7054 264.4269 14.30816060471497
2024-07-02T11:41:40.464096+00:00,1 40697U 15028A   24184.48727389  .00000248  00000-0  11125-3 0  9996,2 40697  98.5684 258.5394 0001238  95.6877 264.4447 14.30816222471530
2024-07-02T13:22:22.427328+00:00,1 40697U 15028A   24184.55720402  .00000246  00000-0  11066-3 0  9995,2 40697  98.5684 258.6084 0001238  95.6522 264.4802 14.30816268471539
2024-07-02T20:05:10.281984+00:00,1 40697U 15028A   24184.83692456  .00000251  00000-0  11237-3 0  9999,2 40697  98.5684 258.8841 0001236  95.6190 264.5134 14.30816456471584
2024-07-02T21:45:52.245216+00:00,1 40697U 15028A   24184.90685469  .00000251  00000-0  11228-3 0  9993,2 40697  98.5684 258.9531 0001236  95.5515 264.5809 14.30816495471583
2024-07-03T04:28:40.097280+00:00,1 40697U 15028A   24185.18657520  .00000236  00000-0  10660-3 0  9993,2 40697  98.5684 259.2288 0001236  95.5682 264.5642 14.30816598471636
2024-07-03T11:11:27.944160+00:00,1 40697U 15028A   24185.46629565  .00000230  00000-0  10448-3 0  9990,2 40697  98.5684 259.5045 0001239  95.4386 264.6938 14.30816747471672
2024-07-03T19:34:57.752544+00:00,1 40697U 15028A   24185.81594621  .00000223  00000-0  10158-3 0  9993,2 40697  98.5684 259.8492 0001239  95.4052 264.7273 14.30816937471721
2024-07-03T21:15:39.713184+00:00,1 40697U 15028A   24185.88587631  .00000224  00000-0  10205-3 0  9997,2 40697  98.5684 259.9181 0001240  95.3714 264.7610 14.30816974471729
2024-07-04T03:58:27.549696+00:00,1 40697U 15028A   24186.16559664  .00000218  00000-0  99816-4 0  9993,2 40697  98.5684 260.1939 0001236  95.4268 264.7055 14.30817141471779
2024-07-04T12:21:57.346848+00:00,1 40697U 15028A   24186.51524707  .00000211  00000-0  97071-4 0  9996,2 40697  98.5684 260.5385 0001238  95.4977 264.6347 14.30817311471825
2024-07-04T19:04:45.180768+00:00,1 40697U 15028A   24186.79496737  .00000201  00000-0  93469-4 0  9993,2 40697  98.5684 260.8143 0001236  95.5562 264.5762 14.30817452471869
2024-07-04T22:26:09.096000+00:00,1 40697U 15028A   24186.93482750  .00000220  00000-0  10054-3 0  9998,2 40697  98.5684 260.9521 0001236  95.4852 264.6472 14.30817617471874
2024-07-05T05:08:56.928192+00:00,1 40697U 15028A   24187.21454778  .00000211  00000-0  96982-4 0  9994,2 40697  98.5684 261.2278 0001234  95.4779 264.6545 14.30817758471926
2024-07-05T11:51:44.754336+00:00,1 40697U 15028A   24187.49426799  .00000222  00000-0  10119-3 0  9995,2 40697  98.5684 261.5036 0001237  95.4321 264.7003 14.30817983471961
2024-07-05T13:32:26.710656+00:00,1 40697U 15028A   24187.56419804  .00000219  00000-0  10010-3 0  9998,2 40697  98.5684 261.5725 0001238  95.3531 264.7793 14.30818022471960
2024-07-05T18:34:32.580480+00:00,1 40697U 15028A   24187.77398820  .00000213  00000-0  98084-4 0  9997,2 40697  98.5684 261.7793 0001235  95.3481 264.7843 14.30818111472009
2024-07-05T21:55:56.494848+00:00,1 40697U 15028A   24187.91384832  .00000223  00000-0  10168-3 0  9998,2 40697  98.5684 261.9172 0001235  95.2557 264.8767 14.30818216472018
2024-07-06T04:38:44.318400+00:00,1 40697U 15028A   24188.19356850  .00000214  00000-0  98282-4 0  9992,2 40697  98.5684 262.1929 0001230  95.3060 264.8263 14.30818331472060
2024-07-06T11:21:32.140224+00:00,1 40697U 15028A   24188.47328866  .00000216  00000-0  99061-4 0  9997,2 40697  98.5684 262.4686 0001231  95.1787 264.9536 14.30818471472102
2024-07-06T13:02:14.093088+00:00,1 40697U 15028A   24188.54321867  .00000181  00000-0  85636-4 0  9993,2 40697  98.5684 262.5376 0001230  95.2593 264.8730 14.30818350472105
2024-07-06T19:45:01.909728+00:00,1 40697U 15028A   24188.82293877  .00000193  00000-0  90239-4 0  9991,2 40697  98.5684 262.8133 0001228  95.2873 264.8450 14.30818563472157
2024-07-06T21:25:43.864320+00:00,1 40697U 15028A   24188.89286880  .00000195  00000-0  91025-4 0  9990,2 40697  98.5684 262.8822 0001230  95.2666 264.8658 14.30818595472150
2024-07-07T04:08:31.676640+00:00,1 40697U 15028A   24189.17258885  .00000197  00000-0  91871-4 0  9997,2 40697  98.5684 263.1580 0001227  95.2930 264.8393 14.30818765472206
2024-07-07T12:32:01.437504+00:00,1 40697U 15028A   24189.52223886  .00000209  00000-0  96379-4 0  9991,2 40697  98.5684 263.5026 0001230  95.2102 264.9221 14.30819030472252
2024-07-07T19:14:49.246368+00:00,1 40697U 15028A   24189.80195887  .00000217  00000-0  99460-4 0  9994,2 40697  98.5684 263.7783 0001225  95.3051 264.8271 14.30819230472292
2024-07-07T20:55:31.196640+00:00,1 40697U 15028A   24189.87188885  .00000222  00000-0  10118-3 0  9999,2 40697  98.5684 263.8473 0001225  95.2930 264.8393 14.30819273472308
2024-07-08T12:01:48.749088+00:00,1 40697U 15028A   24190.50125867  .00000210  00000-0  96804-4 0  9996,2 40697  98.5683 264.4677 0001228  95.0239 265.1084 14.30819588472392
2024-07-08T13:42:30.699360+00:00,1 40697U 15028A   24190.57118865  .00000210  00000-0  96662-4 0  9995,2 40697  98.5683 264.5366 0001228  94.9826 265.1498 14.30819629472393
2024-07-08T20:25:18.495264+00:00,1 40697U 15028A   24190.85090851  .00000223  00000-0  10171-3 0  9994,2 40697  98.5683 264.8123 0001227  94.9804 265.1519 14.30819840472447
2024-07-08T22:06:00.443808+00:00,1 40697U 15028A   24190.92083847  .00000218  00000-0  99957-4 0  9993,2 40697  98.5683 264.8813 0001227  95.0449 265.0874 14.30819862472447
2024-07-09T04:48:48.241440+00:00,1 40697U 15028A   24191.20055835  .00000198  00000-0  92322-4 0  9997,2 40697  98.5682 265.1570 0001231  95.0299 265.1024 14.30819914472499
2024-07-09T13:12:17.979840+00:00,1 40697U 15028A   24191.55020810  .00000201  00000-0  93417-4 0  9991,2 40697  98.5683 265.5016 0001233  95.0942 265.0382 14.30820130472540
2024-07-09T19:55:05.769696+00:00,1 40697U 15028A   24191.82992789  .00000192  00000-0  90040-4 0  9992,2 40697  98.5682 265.7773 0001231  95.2162 264.9161 14.30820257472582
2024-07-09T21:35:47.716512+00:00,1 40697U 15028A   24191.89985783  .00000195  00000-0  91149-4 0  9999,2 40697  98.5682 265.8463 0001232  95.1505 264.9818 14.30820297472583
2024-07-10T04:18:35.502048+00:00,1 40697U 15028A   24192.17957757  .00000210  00000-0  96917-4 0  9997,2 40697  98.5682 266.1220 0001234  95.1999 264.9324 14.30820506472638
2024-07-10T11:01:23.282400+00:00,1 40697U 15028A   24192.45929725  .00000215  00000-0  98691-4 0  9998,2 40697  98.5682 266.3977 0001238  95.3208 264.8116 14.30820686472679
2024-07-10T12:42:05.227488+00:00,1 40697U 15028A   24192.52922717  .00000216  00000-0  98943-4 0  9991,2 40697  98.5682 266.4666 0001238  95.2479 264.8845 14.30820730472673
2024-07-10T19:24:53.004384+00:00,1 40697U 15028A   24192.80894681  .00000201  00000-0  93315-4 0  9992,2 40697  98.5681 266.7424 0001236  95.3411 264.7913 14.30820842472727
2024-07-10T21:05:34.949472+00:00,1 40697U 15028A   24192.87887673  .00000201  00000-0  93192-4 0  9995,2 40697  98.5681 266.8113 0001236  95.3034 264.8290 14.30820871472725
2024-07-11T03:48:22.722912+00:00,1 40697U 15028A   24193.15859633  .00000213  00000-0  97741-4 0  9999,2 40697  98.5681 267.0871 0001231  95.3999 264.7324 14.30821092472772
2024-07-11T12:11:52.435392+00:00,1 40697U 15028A   24193.50824578  .00000215  00000-0  98694-4 0  9998,2 40697  98.5681 267.4317 0001230  95.5713 264.5610 14.30821296472813
2024-07-11T17:13:58.263744+00:00,1 40697U 15028A   24193.71803546  .00000203  00000-0  94216-4 0  9996,2 40697  98.5680 267.6385 0001227  95.6024 264.5299 14.30821380472841
2024-07-11T17:13:58.263744+00:00,1 40697U 15028A   24193.71803546  .00000203  00000-0  94216-4 0  9996,2 40697  98.5680 267.6385 0001227  95.6024 264.5299 14.30821380472852
2024-07-12T04:58:51.858624+00:00,1 40697U 15028A   24194.20754466  .00000210  00000-0  96757-4 0  9997,2 40697  98.5680 268.1209 0001229  95.5036 264.6288 14.30821708472928
2024-07-12T11:41:39.622560+00:00,1 40697U 15028A   24194.48726415  .00000237  00000-0  10689-3 0  9998,2 40697  98.5680 268.3966 0001230  95.5138 264.6185 14.30821966472961
2024-07-12T13:22:21.562464+00:00,1 40697U 15028A   24194.55719401  .00000236  00000-0  10685-3 0  9998,2 40697  98.5680 268.4656 0001231  95.4184 264.7140 14.30822012472964
2024-07-12T20:05:09.322944+00:00,1 40697U 15028A   24194.83691346  .00000225  00000-0  10244-3 0  9995,2 40697  98.5679 268.7413 0001229  95.3965 264.7358 14.30822105473010
2024-07-12T21:45:51.261984+00:00,1 40697U 15028A   24194.90684331  .00000226  00000-0  10300-3 0  9993,2 40697  98.5679 268.8102 0001228  95.3616 264.7707 14.30822144473019
2024-07-13T04:28:39.018144+00:00,1 40697U 15028A   24195.18656271  .00000245  00000-0  11026-3 0  9993,2 40697  98.5679 269.0860 0001229  95.4417 264.6906 14.30822385473066
2024-07-13T11:11:26.774304+00:00,1 40697U 15028A   24195.46628211  .00000252  00000-0  11287-3 0  9994,2 40697  98.5679 269.3617 0001230  95.4908 264.6415 14.30822567473108
2024-07-13T14:32:50.649792+00:00,1 40697U 15028A   24195.60614178  .00000250  00000-0  11205-3 0  9995,2 40697  98.5679 269.4995 0001231  95.4046 264.7277 14.30822662473116
2024-07-13T19:34:56.459136+00:00,1 40697U 15028A   24195.81593124  .00000294  00000-0  12892-3 0  9996,2 40697  98.5679 269.7063 0001229  95.2881 264.8442 14.30822996473156
2024-07-13T21:15:38.395584+00:00,1 40697U 15028A   24195.88586106  .00000296  00000-0  12949-3 0  9990,2 40697  98.5679 269.7752 0001230  95.2511 264.8813 14.30823040473156
2024-07-14T03:58:26.145696+00:00,1 40697U 15028A   24196.16558039  .00000295  00000-0  12913-3 0  9996,2 40697  98.5678 270.0509 0001228  95.2180 264.9143 14.30823176473202
2024-07-14T12:21:55.822752+00:00,1 40697U 15028A   24196.51522943  .00000284  00000-0  12494-3 0  9992,2 40697  98.5679 270.3956 0001234  95.2871 264.8453 14.30823346473242
2024-07-14T12:21:55.822752+00:00,1 40697U 15028A   24196.51522943  .00000284  00000-0  12494-3 0  9992,2 40697  98.5679 270.3956 0001234  95.2871 264.8453 14.30823346473253
2024-07-14T19:04:43.561632+00:00,1 40697U 15028A   24196.79494863  .00000271  00000-0  12000-3 0  9990,2 40697  98.5679 270.6713 0001229  95.4117 264.7206 14.30823473473296
2024-07-14T22:26:07.425024+00:00,1 40697U 15028A   24196.93480816  .00000278  00000-0  12272-3 0  9997,2 40697  98.5678 270.8092 0001228  95.4498 264.6825 14.30823593473309
2024-07-15T05:08:55.161312+00:00,1 40697U 15028A   24197.21452733  .00000282  00000-0  12432-3 0  9999,2 40697  98.5678 271.0849 0001225  95.4867 264.6455 14.30823800473354
2024-07-15T11:51:42.900192+00:00,1 40697U 15028A   24197.49424653  .00000280  00000-0  12341-3 0  9996,2 40697  98.5679 271.3606 0001227  95.3880 264.7443 14.30823930473391
2024-07-15T13:32:24.832320+00:00,1 40697U 15028A   24197.56417630  .00000281  00000-0  12366-3 0  9999,2 40697  98.5679 271.4295 0001227  95.3581 264.7742 14.30823984473395
2024-07-15T18:34:30.629568+00:00,1 40697U 15028A   24197.77396562  .00000273  00000-0  12095-3 0  9992,2 40697  98.5678 271.6363 0001223  95.3846 264.7476 14.30824080473439
2024-07-15T21:55:54.491232+00:00,1 40697U 15028A   24197.91382513  .00000227  00000-0  10315-3 0  9991,2 40697  98.5678 271.7742 0001223  95.3577 264.7745 14.30823900473442
2024-07-16T04:38:42.207648+00:00,1 40697U 15028A   24198.19354407  .00000250  00000-0  11199-3 0  9990,2 40697  98.5678 272.0499 0001222  95.3630 264.7693 14.30824234473492
2024-07-16T11:21:29.927520+00:00,1 40697U 15028A   24198.47326305  .00000257  00000-0  11481-3 0  9998,2 40697  98.5678 272.3256 0001225  95.3286 264.8037 14.30824417473537
2024-07-16T13:02:11.855328+00:00,1 40697U 15028A   24198.54319277  .00000252  00000-0  11293-3 0  9992,2 40697  98.5679 272.3945 0001226  95.2818 264.8504 14.30824460473531
2024-07-16T21:25:41.492640+00:00,1 40697U 15028A   24198.89284135  .00000272  00000-0  12054-3 0  9992,2 40697  98.5678 272.7392 0001225  95.2617 264.8705 14.30824783473582
2024-07-17T04:08:29.206464+00:00,1 40697U 15028A   24199.17256026  .00000288  00000-0  12632-3 0  9991,2 40697  98.5678 273.0149 0001225  95.3391 264.7932 14.30825019473636
2024-07-17T12:31:58.837728+00:00,1 40697U 15028A   24199.52220877  .00000401  00000-0  16947-3 0  9995,2 40697  98.5678 273.3595 0001231  95.2638 264.8685 14.30825867473686
2024-07-17T19:14:46.535136+00:00,1 40697U 15028A   24199.80192749  .00000395  00000-0  16734-3 0  9998,2 40697  98.5678 273.6352 0001228  95.3602 264.7721 14.30826068473727
2024-07-17T22:36:10.384704+00:00,1 40697U 15028A   24199.94178686  .00000389  00000-0  16494-3 0  9993,2 40697  98.5678 273.7731 0001227  95.3501 264.7822 14.30826105473731
2024-07-18T03:38:16.152576+00:00,1 40697U 15028A   24200.15157584  .00000386  00000-0  16368-3 0  9990,2 40697  98.5678 273.9798 0001222  95.3504 264.7818 14.30826279473775
2024-07-18T12:01:45.774336+00:00,1 40697U 15028A   24200.50122424  .00000403  00000-0  17051-3 0  9994,2 40697  98.5678 274.3245 0001228  95.2554 264.8769 14.30826604473821
2024-07-18T15:23:09.616992+00:00,1 40697U 15028A   24200.64108353  .00000402  00000-0  16995-3 0  9999,2 40697  98.5678 274.4623 0001228  95.1906 264.9417 14.30826728473831
2024-07-18T15:23:09.616992+00:00,1 40697U 15028A   24200.64108353  .00000402  00000-0  16995-3 0  9999,2 40697  98.5678 274.4623 0001228  95.1906 264.9417 14.30826728473842
2024-07-19T11:31:33.488544+00:00,1 40697U 15028A   24201.48024871  .00000521  00000-0  21551-3 0  9990,2 40697  98.5678 275.2895 0001167  92.5569 267.5747 14.30810631473964
2024-07-19T14:52:57.464256+00:00,1 40697U 15028A   24201.62010954  .00000518  00000-0  21446-3 0  9992,2 40697  98.5678 275.4274 0001165  92.5491 267.5825 14.30810782473974
2024-07-19T19:55:03.424800+00:00,1 40697U 15028A   24201.82990075  .00000340  00000-0  14648-3 0  9994,2 40697  98.5678 275.6341 0001170  92.6256 267.5060 14.30810884474017
2024-07-19T21:35:45.411360+00:00,1 40697U 15028A   24201.89983115  .00000340  00000-0  14651-3 0  9992,2 40697  98.5678 275.7030 0001170  92.6476 267.4841 14.30810938474013
2024-07-20T04:18:33.354144+00:00,1 40697U 15028A   24202.17955271  .00000360  00000-0  15381-3 0  9999,2 40697  98.5678 275.9787 0001162  92.5819 267.5497 14.30811215474067
2024-07-20T11:01:21.292608+00:00,1 40697U 15028A   24202.45927422  .00000384  00000-0  16334-3 0  9992,2 40697  98.5678 276.2544 0001166  92.7714 267.3602 14.30811641474106
2024-07-20T12:42:03.276576+00:00,1 40697U 15028A   24202.52920459  .00000390  00000-0  16535-3 0  9993,2 40697  98.5678 276.3233 0001167  92.7395 267.3922 14.30811714474104
2024-07-20T19:24:51.209856+00:00,1 40697U 15028A   24202.80892604  .00000385  00000-0  16359-3 0  9992,2 40697  98.5677 276.5990 0001161  92.7744 267.3572 14.30811944474158
2024-07-20T21:05:33.192960+00:00,1 40697U 15028A   24202.87885640  .00000384  00000-0  16331-3 0  9990,2 40697  98.5677 276.6679 0001161  92.7531 267.3784 14.30811995474158
2024-07-21T05:29:03.098112+00:00,1 40697U 15028A   24203.22850808  .00000402  00000-0  17001-3 0  9994,2 40697  98.5677 277.0125 0001160  92.8736 267.2580 14.30812332474212
2024-07-21T12:11:51.027072+00:00,1 40697U 15028A   24203.50822948  .00000411  00000-0  17355-3 0  9991,2 40697  98.5677 277.2882 0001165  92.9209 267.2107 14.30812631474256
2024-07-21T13:52:33.005856+00:00,1 40697U 15028A   24203.57815979  .00000411  00000-0  17341-3 0  9999,2 40697  98.5677 277.3572 0001165  92.9572 267.1744 14.30812701474250
2024-07-21T18:54:38.946528+00:00,1 40697U 15028A   24203.78795077  .00000410  00000-0  17294-3 0  9994,2 40697  98.5677 277.5639 0001158  92.9187 267.2129 14.30812880474290
2024-07-21T20:35:20.924448+00:00,1 40697U 15028A   24203.85788107  .00000413  00000-0  17410-3 0  9991,2 40697  98.5677 277.6329 0001158  92.9350 267.1965 14.30812946474299
2024-07-22T04:58:50.814048+00:00,1 40697U 15028A   24204.20753257  .00000390  00000-0  16528-3 0  9992,2 40697  98.5677 277.9775 0001155  93.0244 267.1071 14.30813154474355
2024-07-22T11:41:38.722272+00:00,1 40697U 15028A   24204.48725373  .00000417  00000-0  17569-3 0  9996,2 40697  98.5677 278.2532 0001156  93.0993 267.0322 14.30813504474393
2024-07-22T13:22:20.698464+00:00,1 40697U 15028A   24204.55718401  .00000415  00000-0  17513-3 0  9995,2 40697  98.5677 278.3221 0001156  93.0133 267.1182 14.30813571474394
2024-07-22T18:24:26.629632+00:00,1 40697U 15028A   24204.76697488  .00000416  00000-0  17527-3 0  9995,2 40697  98.5676 278.5289 0001155  93.0312 267.1003 14.30813740474432
2024-07-22T21:45:50.581152+00:00,1 40697U 15028A   24204.90683543  .00000418  00000-0  17606-3 0  9998,2 40697  98.5676 278.6667 0001158  92.9940 267.1375 14.30813856474442
2024-07-23T04:28:38.481600+00:00,1 40697U 15028A   24205.18655650  .00000449  00000-0  18806-3 0  9994,2 40697  98.5676 278.9424 0001159  93.0848 267.0467 14.30814260474492
2024-07-23T11:11:26.376864+00:00,1 40697U 15028A   24205.46627751  .00000441  00000-0  18506-3 0  9995,2 40697  98.5676 279.2181 0001165  93.0904 267.0412 14.30814475474539
2024-07-23T14:32:50.323200+00:00,1 40697U 15028A   24205.60613800  .00000432  00000-0  18152-3 0  9998,2 40697  98.5676 279.3559 0001164  93.2168 266.9148 14.30814555474546
2024-07-23T19:34:56.243136+00:00,1 40697U 15028A   24205.81592874  .00000426  00000-0  17916-3 0  9998,2 40697  98.5676 279.5627 0001162  93.2813 266.8503 14.30814685474581
2024-07-23T21:15:38.215872+00:00,1 40697U 15028A   24205.88585898  .00000426  00000-0  17903-3 0  9999,2 40697  98.5676 279.6316 0001162  93.1662 266.9654 14.30814736474583
2024-07-24T03:58:26.106816+00:00,1 40697U 15028A   24206.16557994  .00000401  00000-0  16951-3 0  9992,2 40697  98.5675 279.9073 0001160  93.3266 266.8049 14.30814807474637
2024-07-24T12:21:55.964448+00:00,1 40697U 15028A   24206.51523107  .00000389  00000-0  16504-3 0  9999,2 40697  98.5675 280.2519 0001161  93.3349 266.7966 14.30815028474677
2024-07-24T12:21:55.964448+00:00,1 40697U 15028A   24206.51523107  .00000389  00000-0  16504-3 0  9999,2 40697  98.5675 280.2519 0001161  93.3349 266.7966 14.30815028474688
2024-07-24T17:24:01.870560+00:00,1 40697U 15028A   24206.72502165  .00000383  00000-0  16275-3 0  9992,2 40697  98.5675 280.4587 0001160  93.4397 266.6919 14.30815208474719
2024-07-24T22:26:07.785312+00:00,1 40697U 15028A   24206.93481233  .00000365  00000-0  15586-3 0  9991,2 40697  98.5675 280.6655 0001159  93.4679 266.6636 14.30815236474737
2024-07-25T05:08:55.664160+00:00,1 40697U 15028A   24207.21453315  .00000350  00000-0  15027-3 0  9997,2 40697  98.5674 280.9412 0001152  93.5618 266.5696 14.30815367474782
2024-07-25T06:49:37.632576+00:00,1 40697U 15028A   24207.28446334  .00000346  00000-0  14871-3 0  9998,2 40697  98.5674 281.0101 0001153  93.6255 266.5059 14.30815409474788
2024-07-25T11:51:43.540416+00:00,1 40697U 15028A   24207.49425394  .00000335  00000-0  14462-3 0  9998,2 40697  98.5674 281.2168 0001155  93.5361 266.5954 14.30815489474829
2024-07-25T20:15:13.374720+00:00,1 40697U 15028A   24207.84390480  .00000251  00000-0  11238-3 0  9999,2 40697  98.5674 281.5615 0001154  93.6378 266.4937 14.30815322474878
2024-07-26T04:38:43.201248+00:00,1 40697U 15028A   24208.19355557  .00000268  00000-0  11873-3 0  9997,2 40697  98.5673 281.9061 0001151  93.5813 266.5502 14.30815706474927
2024-07-26T11:21:31.063680+00:00,1 40697U 15028A   24208.47327620  .00000254  00000-0  11373-3 0  9998,2 40697  98.5673 282.1818 0001153  93.6099 266.5215 14.30815821474962
2024-07-26T14:42:54.994464+00:00,1 40697U 15028A   24208.61313651  .00000246  00000-0  11032-3 0  9996,2 40697  98.5673 282.3196 0001154  93.5728 266.5587 14.30815903474976
2024-07-26T19:45:00.888480+00:00,1 40697U 15028A   24208.82292695  .00000246  00000-0  11049-3 0  9991,2 40697  98.5673 282.5264 0001155  93.5287 266.6028 14.30816035475019
2024-07-26T21:25:42.853440+00:00,1 40697U 15028A   24208.89285710  .00000246  00000-0  11068-3 0  9999,2 40697  98.5673 282.5953 0001156  93.5032 266.6283 14.30816073475018
2024-07-27T04:08:30.711552+00:00,1 40697U 15028A   24209.17257768  .00000245  00000-0  11012-3 0  9991,2 40697  98.5672 282.8710 0001156  93.6005 266.5310 14.30816245475068
2024-07-27T05:49:12.674784+00:00,1 40697U 15028A   24209.24250781  .00000248  00000-0  11132-3 0  9993,2 40697  98.5672 282.9399 0001156  93.5946 266.5370 14.30816299475060
2024-07-27T10:51:18.565344+00:00,1 40697U 15028A   24209.45229821  .00000245  00000-0  11002-3 0  9990,2 40697  98.5672 283.1466 0001159  93.5372 266.5943 14.30816412475102
2024-07-27T12:32:00.523392+00:00,1 40697U 15028A   24209.52222828  .00000240  00000-0  10830-3 0  9991,2 40697  98.5672 283.2156 0001158  93.5276 266.6040 14.30816458475111
2024-07-27T20:55:30.339552+00:00,1 40697U 15028A   24209.87187893  .00000246  00000-0  11048-3 0  9999,2 40697  98.5672 283.5602 0001152  93.7631 266.3683 14.30816715475151
2024-07-28T03:38:18.195072+00:00,1 40697U 15028A   24210.15159948  .00000236  00000-0  10683-3 0  9995,2 40697  98.5672 283.8359 0001147  93.8003 266.3311 14.30816829475201
2024-07-28T12:01:47.993088+00:00,1 40697U 15028A   24210.50124992  .00000234  00000-0  10607-3 0  9999,2 40697  98.5672 284.1805 0001150  93.8263 266.3052 14.30817073475252
2024-07-28T18:44:35.832192+00:00,1 40697U 15028A   24210.78097028  .00000227  00000-0  10337-3 0  9990,2 40697  98.5671 284.4562 0001149  93.8769 266.2545 14.30817235475293
2024-07-28T22:05:59.753472+00:00,1 40697U 15028A   24210.92083048  .00000255  00000-0  11398-3 0  9992,2 40697  98.5671 284.5940 0001145  93.8595 266.2719 14.30817454475305
2024-07-29T04:48:47.589984+00:00,1 40697U 15028A   24211.20055081  .00000258  00000-0  11518-3 0  9997,2 40697  98.5671 284.8697 0001142  93.8398 266.2915 14.30817652475358
2024-07-29T11:31:35.428224+00:00,1 40697U 15028A   24211.48027116  .00000267  00000-0  11839-3 0  9991,2 40697  98.5671 285.1454 0001144  93.9437 266.1876 14.30817837475394
2024-07-29T13:12:17.386272+00:00,1 40697U 15028A   24211.55020123  .00000268  00000-0  11880-3 0  9997,2 40697  98.5671 285.2143 0001144  93.9449 266.1864 14.30817887475395
2024-07-29T19:55:05.219328+00:00,1 40697U 15028A   24211.82992152  .00000272  00000-0  12051-3 0  9993,2 40697  98.5670 285.4900 0001143  93.9880 266.1433 14.30818053475449
2024-07-29T21:35:47.175648+00:00,1 40697U 15028A   24211.89985157  .00000277  00000-0  12214-3 0  9993,2 40697  98.5670 285.5589 0001143  93.9968 266.1345 14.30818103475448
2024-07-30T04:18:35.000064+00:00,1 40697U 15028A   24212.17957176  .00000284  00000-0  12505-3 0  9996,2 40697  98.5670 285.8346 0001141  94.1006 266.0307 14.30818328475497
2024-07-30T11:01:22.809792+00:00,1 40697U 15028A   24212.45929178  .00000322  00000-0  13958-3 0  9994,2 40697  98.5670 286.1102 0001148  94.0844 266.0470 14.30818741475532
2024-07-30T12:42:04.765248+00:00,1 40697U 15028A   24212.52922182  .00000319  00000-0  13823-3 0  9997,2 40697  98.5670 286.1791 0001148  94.0224 266.1090 14.30818782475532
2024-07-30T19:24:52.593984+00:00,1 40697U 15028A   24212.80894206  .00000311  00000-0  13542-3 0  9993,2 40697  98.5670 286.4548 0001145  94.1630 265.9684 14.30818890475585
2024-07-30T22:46:16.499712+00:00,1 40697U 15028A   24212.94880208  .00000310  00000-0  13500-3 0  9998,2 40697  98.5670 286.5927 0001145  94.2480 265.8833 14.30818975475591
2024-07-31T03:48:22.356576+00:00,1 40697U 15028A   24213.15859209  .00000311  00000-0  13535-3 0  9998,2 40697  98.5670 286.7994 0001140  94.3835 265.7478 14.30819138475638
2024-07-31T12:11:52.139904+00:00,1 40697U 15028A   24213.50824236  .00000272  00000-0  12027-3 0  9990,2 40697  98.5670 287.1440 0001143  94.5360 265.5954 14.30819066475689
2024-07-31T13:52:34.092768+00:00,1 40697U 15028A   24213.57817237  .00000269  00000-0  11937-3 0  9995,2 40697  98.5670 287.2129 0001142  94.5731 265.5583 14.30819106475688
2024-07-31T22:16:03.843264+00:00,1 40697U 15028A   24213.92782226  .00000303  00000-0  13210-3 0  9998,2 40697  98.5670 287.5575 0001142  94.4712 265.6602 14.30819520475733
2024-08-01T04:58:51.641760+00:00,1 40697U 15028A   24214.20754215  .00000306  00000-0  13342-3 0  9996,2 40697  98.5669 287.8332 0001140  94.5974 265.5339 14.30819761475782
2024-08-01T13:22:21.419904+00:00,1 40697U 15028A   24214.55719236  .00000282  00000-0  12416-3 0  9992,2 40697  98.5670 288.1778 0001142  94.5917 265.5396 14.30819731475826
2024-08-01T20:05:09.208896+00:00,1 40697U 15028A   24214.83691214  .00000267  00000-0  11852-3 0  9994,2 40697  98.5669 288.4535 0001142  94.7079 265.4234 14.30819851475866
2024-08-01T20:05:09.208896+00:00,1 40697U 15028A   24214.83691214  .00000267  00000-0  11852-3 0  9994,2 40697  98.5669 288.4535 0001142  94.7079 265.4234 14.30819851475877
2024-08-02T02:47:57.004800+00:00,1 40697U 15028A   24215.11663200  .00000272  00000-0  12041-3 0  9997,2 40697  98.5669 288.7291 0001139  94.7625 265.3688 14.30820033475913
2024-08-02T11:11:26.760480+00:00,1 40697U 15028A   24215.46628195  .00000313  00000-0  13606-3 0  9993,2 40697  98.5669 289.0737 0001143  94.7559 265.3754 14.30820418475958
2024-08-02T11:11:26.760480+00:00,1 40697U 15028A   24215.46628195  .00000313  00000-0  13606-3 0  9993,2 40697  98.5669 289.0737 0001143  94.7559 265.3754 14.30820418475969
2024-08-02T19:34:56.788320+00:00,1 40697U 15028A   24215.81593505  .00000318  00000-0  13782-3 0  9998,2 40697  98.5668 289.4182 0001156  91.9385 268.1931 14.30820812476019
2024-08-02T21:15:38.707488+00:00,1 40697U 15028A   24215.88586467  .00000306  00000-0  13335-3 0  9995,2 40697  98.5668 289.4872 0001131  94.3741 265.7571 14.30821053476012
2024-08-03T03:58:26.482656+00:00,1 40697U 15028A   24216.16558429  .00000299  00000-0  13088-3 0  9990,2 40697  98.5669 289.7629 0001135  95.1175 265.0137 14.30821490476061
2024-08-03T12:21:56.202048+00:00,1 40697U 15028A   24216.51523382  .00000145  00000-0  72127-4 0  9999,2 40697  98.5669 290.1074 0001140  95.6845 264.4467 14.30821448476114
2024-08-03T14:02:38.144544+00:00,1 40697U 15028A   24216.58516371  .00000145  00000-0  72036-4 0  9995,2 40697  98.5669 290.1763 0001140  95.5836 264.5477 14.30821498476115
2024-08-03T19:04:43.969440+00:00,1 40697U 15028A   24216.79495335  .00000187  00000-0  87899-4 0  9993,2 40697  98.5669 290.3831 0001141  95.5890 264.5423 14.30821642476150
2024-08-03T22:26:07.845792+00:00,1 40697U 15028A   24216.93481303  .00000195  00000-0  90881-4 0  9993,2 40697  98.5669 290.5209 0001140  95.5670 264.5643 14.30821777476160
2024-08-04T05:08:55.611456+00:00,1 40697U 15028A   24217.21453254  .00000198  00000-0  92222-4 0  9993,2 40697  98.5668 290.7966 0001139  95.5185 264.6128 14.30821945476212
2024-08-04T11:51:43.358976+00:00,1 40697U 15028A   24217.49425184  .00000315  00000-0  13678-3 0  9992,2 40697  98.5668 291.0723 0001136  95.3500 264.7813 14.30822425476253
2024-08-04T13:32:25.296288+00:00,1 40697U 15028A   24217.56418167  .00000332  00000-0  14316-3 0  9992,2 40697  98.5668 291.1412 0001139  95.2981 264.8332 14.30822519476255
2024-08-04T20:15:12.990240+00:00,1 40697U 15028A   24217.84390035  .00000455  00000-0  19019-3 0  9997,2 40697  98.5668 291.4168 0001141  95.2465 264.8848 14.30823583476306
2024-08-04T21:55:54.924096+00:00,1 40697U 15028A   24217.91383014  .00000455  00000-0  19022-3 0  9998,2 40697  98.5668 291.4857 0001140  95.2484 264.8829 14.30823639476302
2024-08-05T04:38:42.729504+00:00,1 40697U 15028A   24218.19355011  .00000374  00000-0  15943-3 0  9993,2 40697  98.5668 291.7614 0001140  95.2026 264.9287 14.30823210476357
2024-08-05T11:21:30.469248+00:00,1 40697U 15028A   24218.47326932  .00000389  00000-0  16497-3 0  9995,2 40697  98.5668 292.0371 0001146  95.0934 265.0380 14.30823472476393
2024-08-05T19:45:00.140256+00:00,1 40697U 15028A   24218.82291829  .00000326  00000-0  14116-3 0  9997,2 40697  98.5667 292.3817 0001137  95.3416 264.7897 14.30823427476443
2024-08-05T21:25:42.074112+00:00,1 40697U 15028A   24218.89284808  .00000326  00000-0  14093-3 0  9997,2 40697  98.5667 292.4506 0001138  95.2918 264.8395 14.30823471476449
2024-08-06T04:08:29.806944+00:00,1 40697U 15028A   24219.17256721  .00000335  00000-0  14424-3 0  9990,2 40697  98.5667 292.7262 0001134  95.4399 264.6913 14.30823744476494
2024-08-06T12:31:59.467584+00:00,1 40697U 15028A   24219.52221606  .00000325  00000-0  14045-3 0  9991,2 40697  98.5666 293.0708 0001137  95.4586 264.6727 14.30823948476548
2024-08-06T19:14:47.185728+00:00,1 40697U 15028A   24219.80193502  .00000314  00000-0  13641-3 0  9994,2 40697  98.5666 293.3465 0001131  95.7969 264.3343 14.30824158476582
2024-08-06T20:55:29.116128+00:00,1 40697U 15028A   24219.87186477  .00000312  00000-0  13567-3 0  9999,2 40697  98.5666 293.4154 0001130  95.8447 264.2865 14.30824202476587
2024-08-07T01:57:34.904736+00:00,1 40697U 15028A   24220.08165399  .00000301  00000-0  13154-3 0  9994,2 40697  98.5665 293.6221 0001124  95.7768 264.3543 14.30824340476623
2024-08-07T12:01:46.478496+00:00,1 40697U 15028A   24220.50123239  .00000333  00000-0  14362-3 0  9995,2 40697  98.5665 294.0356 0001124  95.8058 264.3253 14.30824833476681
2024-08-07T13:42:28.404576+00:00,1 40697U 15028A   24220.57116209  .00000335  00000-0  14454-3 0  9995,2 40697  98.5665 294.1045 0001126  95.8292 264.3019 14.30824910476685
2024-08-07T20:25:16.107168+00:00,1 40697U 15028A   24220.85088087  .00000330  00000-0  14255-3 0  9992,2 40697  98.5664 294.3802 0001119  95.8593 264.2717 14.30825118476734
2024-08-08T13:12:15.360192+00:00,1 40697U 15028A   24221.55017778  .00000427  00000-0  17967-3 0  9999,2 40697  98.5664 295.0693 0001113  95.9425 264.1885 14.30826215476823
2024-08-08T16:33:39.203712+00:00,1 40697U 15028A   24221.69003708  .00000431  00000-0  18094-3 0  9999,2 40697  98.5663 295.2072 0001111  95.9651 264.1658 14.30826367476853
2024-08-09T11:01:21.108576+00:00,1 40697U 15028A   24222.45927209  .00000245  00000-0  11010-3 0  9999,2 40697  98.5662 295.9652 0001132  92.1117 268.0195 14.30811858476962
2024-08-09T12:42:03.090816+00:00,1 40697U 15028A   24222.52920244  .00000245  00000-0  11022-3 0  9992,2 40697  98.5662 296.0341 0001132  92.0189 268.1123 14.30811950476962
2024-08-09T19:24:51.002496+00:00,1 40697U 15028A   24222.80892364  .00000529  00000-0  21844-3 0  9992,2 40697  98.5662 296.3096 0001156  92.9723 267.1592 14.30812940477017
2024-08-09T21:05:32.980416+00:00,1 40697U 15028A   24222.87885394  .00000562  00000-0  23090-3 0  9996,2 40697  98.5662 296.3786 0001160  93.0964 267.0352 14.30813074477019
2024-08-10T03:48:20.899872+00:00,1 40697U 15028A   24223.15857523  .00000472  00000-0  19685-3 0  9996,2 40697  98.5661 296.6542 0001149  93.1396 266.9919 14.30812879477062
2024-08-10T12:11:50.786016+00:00,1 40697U 15028A   24223.50822669  .00000462  00000-0  19279-3 0  9996,2 40697  98.5661 296.9987 0001158  92.9061 267.2255 14.30813330477109
2024-08-10T12:11:50.786016+00:00,1 40697U 15028A   24223.50822669  .00000462  00000-0  19279-3 0  9996,2 40697  98.5661 296.9987 0001158  92.9061 267.2255 14.30813330477110
2024-08-10T18:54:38.687328+00:00,1 40697U 15028A   24223.78794777  .00000507  00000-0  20991-3 0  9997,2 40697  98.5660 297.2744 0001164  92.9160 267.2156 14.30813732477151
2024-08-10T20:35:20.648832+00:00,1 40697U 15028A   24223.85787788  .00000554  00000-0  22801-3 0  9993,2 40697  98.5660 297.3433 0001162  92.8497 267.2819 14.30814090477151
2024-08-11T03:18:08.542368+00:00,1 40697U 15028A   24224.13759887  .00000556  00000-0  22869-3 0  9990,2 40697  98.5660 297.6189 0001161  92.9920 267.1396 14.30814409477202
2024-08-11T11:41:38.389632+00:00,1 40697U 15028A   24224.48724988  .00000671  00000-0  27243-3 0  9991,2 40697  98.5660 297.9634 0001165  92.9301 267.2015 14.30815448477255
2024-08-11T20:05:08.234304+00:00,1 40697U 15028A   24224.83690086  .00000714  00000-0  28913-3 0  9994,2 40697  98.5659 298.3080 0001156  92.8679 267.2636 14.30816154477300
2024-08-11T21:45:50.200128+00:00,1 40697U 15028A   24224.90683102  .00000720  00000-0  29119-3 0  9999,2 40697  98.5659 298.3769 0001154  92.7906 267.3409 14.30816259477309
2024-08-12T04:28:38.077248+00:00,1 40697U 15028A   24225.18655182  .00000581  00000-0  23834-3 0  9990,2 40697  98.5659 298.6526 0001157  92.9251 267.2064 14.30815843477350
2024-08-12T11:11:25.841184+00:00,1 40697U 15028A   24225.46627131  .00000840  00000-0  33700-3 0  9995,2 40697  98.5659 298.9282 0001157  92.8860 267.2455 14.30817909477390
2024-08-12T14:32:49.756416+00:00,1 40697U 15028A   24225.60613144  .00000838  00000-0  33645-3 0  9995,2 40697  98.5659 299.0660 0001156  92.9211 267.2104 14.30818126477407
2024-08-12T17:54:13.661280+00:00,1 40697U 15028A   24225.74599145  .00000858  00000-0  34406-3 0  9992,2 40697  98.5658 299.2038 0001159  92.8949 267.2367 14.30818482477436
2024-08-12T22:56:19.448160+00:00,1 40697U 15028A   24225.95578065  .00001092  00000-0  43330-3 0  9990,2 40697  98.5658 299.4105 0001163  92.8092 267.3224 14.30820292477454
2024-08-13T03:58:25.447584+00:00,1 40697U 15028A   24226.16557231  .00000610  00000-0  24929-3 0  9994,2 40697  98.5658 299.6172 0001162  93.0735 267.0581 14.30817620477494
2024-08-13T12:21:55.190304+00:00,1 40697U 15028A   24226.51522211  .00000765  00000-0  30860-3 0  9995,2 40697  98.5658 299.9618 0001165  93.1714 266.9602 14.30819067477548
2024-08-13T14:02:37.139712+00:00,1 40697U 15028A   24226.58515208  .00000762  00000-0  30734-3 0  9997,2 40697  98.5658 300.0307 0001164  93.2799 266.8517 14.30819183477543
2024-08-13T19:04:42.999168+00:00,1 40697U 15028A   24226.79494212  .00000743  00000-0  30016-3 0  9993,2 40697  98.5657 300.2374 0001161  93.3330 266.7986 14.30819423477587
2024-08-16T19:14:46.389120+00:00,1 40697U 15028A   24229.80192580  .00000657  00000-0  26708-3 0  9998,2 40697  98.5656 303.2003 0001137  93.8992 266.2321 14.30824211478018
2024-08-16T20:55:28.331616+00:00,1 40697U 15028A   24229.87185569  .00000686  00000-0  27822-3 0  9994,2 40697  98.5655 303.2692 0001138  93.8875 266.2438 14.30824407478018
2024-08-17T03:38:16.062720+00:00,1 40697U 15028A   24230.15157480  .00000638  00000-0  26005-3 0  9997,2 40697  98.5655 303.5448 0001134  93.7598 266.3714 14.30824567478067
2024-08-17T12:01:45.685344+00:00,1 40697U 15028A   24230.50122321  .00000584  00000-0  23930-3 0  9996,2 40697  98.5655 303.8894 0001136  93.8209 266.3104 14.30824902478108
2024-08-17T12:01:45.685344+00:00,1 40697U 15028A   24230.50122321  .00000584  00000-0  23930-3 0  9996,2 40697  98.5655 303.8894 0001136  93.8209 266.3104 14.30824902478119
2024-08-17T18:44:33.385344+00:00,1 40697U 15028A   24230.78094196  .00000564  00000-0  23189-3 0  9998,2 40697  98.5655 304.1650 0001137  93.8543 266.2770 14.30825254478158
2024-08-17T20:25:15.307968+00:00,1 40697U 15028A   24230.85087162  .00000621  00000-0  25349-3 0  9995,2 40697  98.5655 304.2339 0001132  93.7990 266.3322 14.30825656478153
2024-08-18T04:48:44.923680+00:00,1 40697U 15028A   24231.20051995  .00000571  00000-0  23456-3 0  9991,2 40697  98.5654 304.5784 0001134  93.8470 266.2842 14.30825937478210
2024-08-18T11:31:32.615040+00:00,1 40697U 15028A   24231.48023860  .00000533  00000-0  21992-3 0  9992,2 40697  98.5654 304.8540 0001135  93.7963 266.3350 14.30826085478254
2024-08-18T19:55:02.216928+00:00,1 40697U 15028A   24231.82988677  .00000514  00000-0  21286-3 0  9991,2 40697  98.5654 305.1985 0001138  93.8487 266.2826 14.30826482478300
2024-08-18T21:35:44.134368+00:00,1 40697U 15028A   24231.89981637  .00000538  00000-0  22179-3 0  9995,2 40697  98.5654 305.2674 0001137  93.8262 266.3051 14.30826700478300
2024-08-19T04:18:31.813632+00:00,1 40697U 15028A   24232.17953488  .00000512  00000-0  21181-3 0  9994,2 40697  98.5653 305.5430 0001137  94.4377 265.6936 14.30826899478354
2024-08-19T11:01:19.482528+00:00,1 40697U 15028A   24232.45925327  .00000502  00000-0  20801-3 0  9993,2 40697  98.5653 305.8186 0001138  94.6458 265.4855 14.30827222478391
2024-08-19T12:42:01.399104+00:00,1 40697U 15028A   24232.52918286  .00000501  00000-0  20764-3 0  9994,2 40697  98.5653 305.8875 0001139  94.5553 265.5760 14.30827306478391
2024-08-19T19:24:49.062816+00:00,1 40697U 15028A   24232.80890119  .00000503  00000-0  20856-3 0  9993,2 40697  98.5653 306.1631 0001132  94.6310 265.5002 14.30827673478442
2024-08-20T05:29:00.545856+00:00,1 40697U 15028A   24233.22847854  .00000527  00000-0  21762-3 0  9991,2 40697  98.5652 306.5765 0001134  94.7127 265.4185 14.30828296478502
2024-08-20T10:31:06.283488+00:00,1 40697U 15028A   24233.43826717  .00000522  00000-0  21563-3 0  9993,2 40697  98.5652 306.7832 0001139  94.7940 265.3373 14.30828517478534
2024-08-20T13:52:30.109728+00:00,1 40697U 15028A   24233.57812627  .00000517  00000-0  21396-3 0  9991,2 40697  98.5652 306.9211 0001139  94.7288 265.4025 14.30828687478546
2024-08-20T17:13:53.932512+00:00,1 40697U 15028A   24233.71798533  .00000505  00000-0  20912-3 0  9996,2 40697  98.5652 307.0589 0001136  94.8656 265.2657 14.30828806478578
2024-08-21T04:58:47.299296+00:00,1 40697U 15028A   24234.20749189  .00000529  00000-0  21844-3 0  9995,2 40697  98.5651 307.5412 0001129  94.8513 265.2799 14.30829569478643
2024-08-21T11:41:34.940544+00:00,1 40697U 15028A   24234.48720996  .00000537  00000-0  22136-3 0  9994,2 40697  98.5651 307.8168 0001131  94.7333 265.3979 14.30829867478682
2024-08-21T15:02:58.753824+00:00,1 40697U 15028A   24234.62706891  .00000534  00000-0  22046-3 0  9995,2 40697  98.5651 307.9546 0001131  94.6491 265.4821 14.30830039478698
2024-08-21T18:24:22.567104+00:00,1 40697U 15028A   24234.76692786  .00000530  00000-0  21887-3 0  9995,2 40697  98.5651 308.0924 0001128  94.6989 265.4322 14.30830173478727
2024-08-21T20:05:04.472448+00:00,1 40697U 15028A   24234.83685732  .00000523  00000-0  21613-3 0  9995,2 40697  98.5651 308.1613 0001128  94.7199 265.4113 14.30830210478738
2024-08-22T04:28:34.000032+00:00,1 40697U 15028A   24235.18650463  .00000510  00000-0  21126-3 0  9992,2 40697  98.5650 308.5057 0001133  94.8082 265.3230 14.30830540478781
2024-08-22T12:52:03.520704+00:00,1 40697U 15028A   24235.53615186  .00000492  00000-0  20439-3 0  9999,2 40697  98.5650 308.8502 0001131  95.0469 265.0843 14.30830819478820
2024-08-22T16:13:27.323616+00:00,1 40697U 15028A   24235.67601069  .00000492  00000-0  20437-3 0  9997,2 40697  98.5650 308.9880 0001128  95.0503 265.0809 14.30830987478856
2024-08-22T17:54:09.226368+00:00,1 40697U 15028A   24235.74594012  .00000491  00000-0  20397-3 0  9998,2 40697  98.5650 309.0569 0001128  95.0266 265.1046 14.30831058478852
2024-08-22T17:54:09.226368+00:00,1 40697U 15028A   24235.74594012  .00000491  00000-0  20397-3 0  9998,2 40697  98.5650 309.0569 0001128  95.0266 265.1046 14.30831058478863
2024-08-23T12:21:51.100128+00:00,1 40697U 15028A   24236.51517477  .00000455  00000-0  19032-3 0  9998,2 40697  98.5648 309.8148 0001186  91.5436 268.5882 14.30812677478967
2024-08-23T12:21:51.100128+00:00,1 40697U 15028A   24236.51517477  .00000455  00000-0  19032-3 0  9998,2 40697  98.5648 309.8148 0001186  91.5436 268.5882 14.30812677478978
2024-08-23T17:23:57.033888+00:00,1 40697U 15028A   24236.72496567  .00000326  00000-0  14085-3 0  9997,2 40697  98.5648 310.0214 0001188  92.0320 268.0999 14.30812785479005
2024-08-24T05:08:50.881920+00:00,1 40697U 15028A   24237.21447780  .00000347  00000-0  14918-3 0  9993,2 40697  98.5647 310.5037 0001184  91.9228 268.2091 14.30813205479073
2024-08-24T11:51:38.779776+00:00,1 40697U 15028A   24237.49419884  .00000441  00000-0  18480-3 0  9990,2 40697  98.5647 310.7793 0001184  91.7870 268.3448 14.30813611479118
2024-08-24T13:32:20.754240+00:00,1 40697U 15028A   24237.56412910  .00000439  00000-0  18399-3 0  9997,2 40697  98.5647 310.8482 0001184  91.7710 268.3608 14.30813683479114
2024-08-24T20:15:08.652096+00:00,1 40697U 15028A   24237.84385014  .00000423  00000-0  17796-3 0  9995,2 40697  98.5646 311.1238 0001178  91.7610 268.3708 14.30813871479163
2024-08-24T21:55:50.625696+00:00,1 40697U 15028A   24237.91378039  .00000420  00000-0  17700-3 0  9994,2 40697  98.5646 311.1927 0001177  91.7766 268.3552 14.30813930479162
2024-08-25T04:38:38.524416+00:00,1 40697U 15028A   24238.19350144  .00000420  00000-0  17672-3 0  9990,2 40697  98.5646 311.4683 0001176  91.6927 268.4391 14.30814198479216
2024-08-25T11:21:26.417952+00:00,1 40697U 15028A   24238.47322243  .00000414  00000-0  17441-3 0  9997,2 40697  98.5646 311.7439 0001180  91.6368 268.4950 14.30814423479258
2024-08-25T14:42:50.361696+00:00,1 40697U 15028A   24238.61308289  .00000411  00000-0  17333-3 0  9994,2 40697  98.5645 311.8817 0001179  91.6067 268.5251 14.30814559479268
2024-08-25T19:44:56.279904+00:00,1 40697U 15028A   24238.82287361  .00000341  00000-0  14670-3 0  9997,2 40697  98.5645 312.0884 0001163  91.7099 268.4217 14.30814477479309
2024-08-25T21:25:38.250912+00:00,1 40697U 15028A   24238.89280383  .00000342  00000-0  14706-3 0  9992,2 40697  98.5645 312.1572 0001162  91.6381 268.4935 14.30814533479306
2024-08-26T04:08:26.135808+00:00,1 40697U 15028A   24239.17252472  .00000369  00000-0  15753-3 0  9994,2 40697  98.5644 312.4328 0001162  91.8336 268.2980 14.30814912479353
2024-08-26T12:31:55.984800+00:00,1 40697U 15028A   24239.52217575  .00000372  00000-0  15846-3 0  9995,2 40697  98.5644 312.7773 0001166  91.8637 268.2680 14.30815219479402
2024-08-26T22:36:07.784928+00:00,1 40697U 15028A   24239.94175677  .00000398  00000-0  16845-3 0  9995,2 40697  98.5643 313.1906 0001162  92.0595 268.0721 14.30815752479457
2024-08-27T03:38:13.691904+00:00,1 40697U 15028A   24240.15154736  .00000372  00000-0  15843-3 0  9992,2 40697  98.5643 313.3973 0001157  92.0601 268.0715 14.30815788479491
2024-08-27T12:01:43.524480+00:00,1 40697U 15028A   24240.50119820  .00000372  00000-0  15858-3 0  9992,2 40697  98.5643 313.7418 0001162  92.0334 268.0982 14.30816087479543
2024-08-27T13:42:25.489440+00:00,1 40697U 15028A   24240.57112835  .00000374  00000-0  15931-3 0  9992,2 40697  98.5643 313.8107 0001163  92.0398 268.0918 14.30816164479545
2024-08-27T18:44:31.383456+00:00,1 40697U 15028A   24240.78091879  .00000373  00000-0  15891-3 0  9993,2 40697  98.5643 314.0174 0001164  92.0705 268.0611 14.30816337479581
2024-08-27T22:05:55.307328+00:00,1 40697U 15028A   24240.92077902  .00000378  00000-0  16067-3 0  9991,2 40697  98.5642 314.1552 0001161  92.1115 268.0201 14.30816490479590
2024-08-28T04:48:43.155936+00:00,1 40697U 15028A   24241.20049949  .00000404  00000-0  17074-3 0  9992,2 40697  98.5642 314.4307 0001158  91.9482 268.1834 14.30816915479642
2024-08-28T13:12:12.947904+00:00,1 40697U 15028A   24241.55014986  .00000464  00000-0  19345-3 0  9992,2 40697  98.5642 314.7752 0001161  91.9811 268.1505 14.30817574479680
2024-08-28T19:55:00.799968+00:00,1 40697U 15028A   24241.82987037  .00000441  00000-0  18500-3 0  9995,2 40697  98.5642 315.0507 0001163  92.0221 268.1095 14.30817654479730
2024-08-28T21:35:42.758880+00:00,1 40697U 15028A   24241.89980045  .00000441  00000-0  18473-3 0  9993,2 40697  98.5641 315.1196 0001163  92.0595 268.0721 14.30817713479739
2024-08-29T04:18:30.591072+00:00,1 40697U 15028A   24242.17952073  .00000460  00000-0  19199-3 0  9992,2 40697  98.5641 315.3952 0001164  92.1651 267.9666 14.30818073479787
2024-08-29T11:01:18.425856+00:00,1 40697U 15028A   24242.45924104  .00000515  00000-0  21324-3 0  9991,2 40697  98.5641 315.6707 0001162  92.2271 267.9044 14.30818581479824
2024-08-29T12:42:00.381312+00:00,1 40697U 15028A   24242.52917108  .00000516  00000-0  21365-3 0  9991,2 40697  98.5641 315.7396 0001162  92.2220 267.9096 14.30818659479826
2024-08-29T12:42:00.381312+00:00,1 40697U 15028A   24242.52917108  .00000516  00000-0  21365-3 0  9991,2 40697  98.5641 315.7396 0001162  92.2220 267.9096 14.30818659479837
2024-08-30T12:11:48.308928+00:00,1 40697U 15028A   24243.50819802  .00000021  00000-0  24793-4 0  9992,2 40697  98.5641 316.7040 0001099  94.8583 265.2726 14.30810118479960
2024-08-30T18:54:36.266400+00:00,1 40697U 15028A   24243.78791975  .00000025  00000-0  26258-4 0  9994,2 40697  98.5641 316.9796 0001100  94.2062 265.9246 14.30810342480010
2024-08-30T22:16:00.241248+00:00,1 40697U 15028A   24243.92778057  .00000026  00000-0  26509-4 0  9996,2 40697  98.5641 317.1174 0001103  94.0111 266.1198 14.30810494480027
2024-08-31T04:58:48.182304+00:00,1 40697U 15028A   24244.20750211  .00000051  00000-0  35912-4 0  9996,2 40697  98.5640 317.3929 0001098  94.4244 265.7064 14.30810761480079
2024-08-31T13:22:18.115968+00:00,1 40697U 15028A   24244.55715412  .00000028  00000-0  27307-4 0  9991,2 40697  98.5641 317.7375 0001076  94.6678 265.4628 14.30810943480118
2024-08-31T21:45:48.046176+00:00,1 40697U 15028A   24244.90680609  .00000030  00000-0  28061-4 0  9990,2 40697  98.5640 318.0818 0001097  94.1763 265.9545 14.30811091480169
2024-09-01T04:28:35.977728+00:00,1 40697U 15028A   24245.18652752  .00000037  00000-0  30627-4 0  9997,2 40697  98.5640 318.3574 0001090  93.6632 266.4675 14.30811331480216
2024-09-01T11:11:23.898912+00:00,1 40697U 15028A   24245.46624883  .00000039  00000-0  31342-4 0  9999,2 40697  98.5639 318.6331 0001084  94.9021 265.2285 14.30811532480247
2024-09-01T11:11:23.898912+00:00,1 40697U 15028A   24245.46624883  .00000039  00000-0  31342-4 0  9999,2 40697  98.5639 318.6331 0001084  94.9021 265.2285 14.30811532480258
2024-09-02T19:04:41.407680+00:00,1 40697U 15028A   24246.79492370  .00000055  00000-0  37648-4 0  9993,2 40697  98.5638 319.9418 0001091  94.2120 265.9187 14.30814026480448
2024-09-02T22:26:05.352288+00:00,1 40697U 15028A   24246.93478417  .00000056  00000-0  37857-4 0  9998,2 40697  98.5638 320.0796 0001091  94.4827 265.6481 14.30814116480451
2024-09-03T03:28:11.264448+00:00,1 40697U 15028A   24247.14457482  .00000057  00000-0  38254-4 0  9994,2 40697  98.5638 320.2862 0001089  95.0089 265.1219 14.30814288480499
2024-09-03T11:51:41.116896+00:00,1 40697U 15028A   24247.49422589  .00000060  00000-0  39612-4 0  9995,2 40697  98.5637 320.6306 0001092  95.8459 264.2849 14.30814514480545
2024-09-03T13:32:23.087040+00:00,1 40697U 15028A   24247.56415610  .00000068  00000-0  42641-4 0  9994,2 40697  98.5638 320.6994 0001092  95.9838 264.1470 14.30814598480542
2024-09-03T16:53:47.022144+00:00,1 40697U 15028A   24247.70401646  .00000069  00000-0  42882-4 0  9992,2 40697  98.5637 320.8372 0001092  96.3509 263.7798 14.30814718480578
2024-09-03T20:15:10.961568+00:00,1 40697U 15028A   24247.84387687  .00000071  00000-0  43864-4 0  9999,2 40697  98.5637 320.9749 0001099  96.1397 263.9911 14.30814797480584
2024-09-04T02:57:58.841280+00:00,1 40697U 15028A   24248.12359770  .00000074  00000-0  44682-4 0  9995,2 40697  98.5636 321.2505 0001105  95.3168 264.8141 14.30814955480639
2024-09-04T11:21:28.683360+00:00,1 40697U 15028A   24248.47324865  .00000081  00000-0  47568-4 0  9994,2 40697  98.5636 321.5950 0001088  93.6048 266.5259 14.30815210480672
2024-09-04T18:04:16.475808+00:00,1 40697U 15028A   24248.75296847  .00000083  00000-0  48250-4 0  9994,2 40697  98.5636 321.8707 0001075  92.8326 267.2980 14.30816715480727
2024-09-04T21:25:40.385856+00:00,1 40697U 15028A   24248.89282854  .00000070  00000-0  43167-4 0  9990,2 40697  98.5636 322.0085 0001056  94.3065 265.8238 14.30816965480733
2024-09-05T04:08:28.230144+00:00,1 40697U 15028A   24249.17254896  .00000072  00000-0  44029-4 0  9997,2 40697  98.5635 322.2841 0001049  94.5438 265.5865 14.30817138480783
2024-09-05T12:31:58.014336+00:00,1 40697U 15028A   24249.52219924  .00000070  00000-0  43350-4 0  9993,2 40697  98.5635 322.6285 0001057  96.7255 263.4048 14.30817485480830
2024-09-05T19:14:45.846528+00:00,1 40697U 15028A   24249.80191952  .00000069  00000-0  42908-4 0  9990,2 40697  98.5634 322.9039 0001088  96.9070 263.2237 14.30817658480874
2024-09-05T20:55:27.800256+00:00,1 40697U 15028A   24249.87184954  .00000069  00000-0  42833-4 0  9998,2 40697  98.5634 322.9728 0001075  95.0680 265.0626 14.30817856480874
2024-09-06T03:38:15.612576+00:00,1 40697U 15028A   24250.15156959  .00000068  00000-0  42518-4 0  9994,2 40697  98.5633 323.2483 0001088  94.2251 265.9056 14.30818333480927
2024-09-06T12:01:45.363072+00:00,1 40697U 15028A   24250.50121948  .00000070  00000-0  43237-4 0  9995,2 40697  98.5632 323.5929 0001051  96.3287 263.8015 14.30818573480979
2024-09-06T13:42:27.314208+00:00,1 40697U 15028A   24250.57114947  .00000069  00000-0  42919-4 0  9997,2 40697  98.5632 323.6617 0001051  96.5460 263.5843 14.30818627480975
2024-09-06T18:44:33.165888+00:00,1 40697U 15028A   24250.78093942  .00000068  00000-0  42474-4 0  9996,2 40697  98.5632 323.8685 0001047  96.5760 263.5542 14.30818807481012
2024-09-07T04:48:44.803584+00:00,1 40697U 15028A   24251.20051856  .00000073  00000-0  44363-4 0  9997,2 40697  98.5629 324.2815 0001077  97.4608 262.6698 14.30821109481079
2024-09-07T11:31:32.589120+00:00,1 40697U 15028A   24251.48023830  .00000110  00000-0  58691-4 0  9999,2 40697  98.5631 324.5571 0001065  96.0740 264.0564 14.30821088481112
2024-09-07T13:12:14.535072+00:00,1 40697U 15028A   24251.55016823 -.00000005  00000-0  14880-4 0  9997,2 40697  98.5630 324.6260 0001062  95.8218 264.3086 14.30820974481116
2024-09-07T19:55:02.310240+00:00,1 40697U 15028A   24251.82988785 -.00000004  00000-0  14915-4 0  9990,2 40697  98.5630 324.9015 0001062  95.4806 264.6498 14.30821108481161
2024-09-07T21:35:44.249280+00:00,1 40697U 15028A   24251.89981770 -.00000005  00000-0  14894-4 0  9991,2 40697  98.5629 324.9703 0001065  94.9567 265.1738 14.30821271481168
2024-09-08T04:18:32.012352+00:00,1 40697U 15028A   24252.17953718 -.00000005  00000-0  14526-4 0  9996,2 40697  98.5629 325.2458 0001070  95.2688 264.8617 14.30821514481211
2024-09-08T11:01:19.754688+00:00,1 40697U 15028A   24252.45925642 -.00000010  00000-0  12903-4 0  9995,2 40697  98.5628 325.5216 0001045  96.6807 263.4495 14.30821741481250
2024-09-08T12:42:01.696320+00:00,1 40697U 15028A   24252.52918630 -.00000010  00000-0  12783-4 0  9998,2 40697  98.5628 325.5904 0001045  96.4817 263.6484 14.30821758481251
2024-09-08T19:24:49.460256+00:00,1 40697U 15028A   24252.80890579 -.00000012  00000-0  12046-4 0  9994,2 40697  98.5628 325.8658 0001063  95.2299 264.9005 14.30821926481307
2024-09-08T21:05:31.394976+00:00,1 40697U 15028A   24252.87883559 -.00000012  00000-0  12202-4 0  9995,2 40697  98.5628 325.9346 0001078  95.4796 264.6510 14.30822006481300
2024-09-09T02:07:37.206912+00:00,1 40697U 15028A   24253.08862508 -.00000013  00000-0  11632-4 0  9997,2 40697  98.5628 326.1412 0001081  95.6748 264.4558 14.30822112481342
2024-09-09T10:31:06.815712+00:00,1 40697U 15028A   24253.43827333 -.00000014  00000-0  11289-4 0  9992,2 40697  98.5627 326.4857 0001066  97.1910 262.9394 14.30824003481395
2024-09-09T13:52:30.679104+00:00,1 40697U 15028A   24253.57813286 -.00000015  00000-0  10856-4 0  9999,2 40697  98.5627 326.6234 0001066  97.1774 262.9530 14.30824027481404
2024-09-09T18:54:36.471168+00:00,1 40697U 15028A   24253.78792212 -.00000017  00000-0  10200-4 0  9992,2 40697  98.5626 326.8301 0001069  97.0976 263.0329 14.30824152481447
2024-09-09T22:16:00.326784+00:00,1 40697U 15028A   24253.92778156 -.00000019  00000-0  94941-5 0  9996,2 40697  98.5626 326.9678 0001074  96.9628 263.1677 14.30824305481451
2024-09-10T04:58:48.038016+00:00,1 40697U 15028A   24254.20750044 -.00000018  00000-0  95644-5 0  9994,2 40697  98.5626 327.2433 0001071  96.7192 263.4113 14.30824546481506
2024-09-10T11:41:35.731104+00:00,1 40697U 15028A   24254.48721911 -.00000020  00000-0  91643-5 0  9993,2 40697  98.5626 327.5187 0001056  98.4402 261.6900 14.30824768481545
2024-09-10T18:24:23.438016+00:00,1 40697U 15028A   24254.76693794 -.00000023  00000-0  79627-5 0  9992,2 40697  98.5625 327.7942 0001081  97.1989 262.9316 14.30824997481582
2024-09-10T21:45:47.289312+00:00,1 40697U 15028A   24254.90679733 -.00000023  00000-0  79950-5 0  9994,2 40697  98.5625 327.9319 0001086  96.8302 263.3004 14.30825059481592
2024-09-11T01:07:11.141472+00:00,1 40697U 15028A   24255.04665673 -.00000022  00000-0  80518-5 0  9999,2 40697  98.5625 328.0697 0001080  96.4950 263.6356 14.30825115481611
2024-09-11T01:07:11.141472+00:00,1 40697U 15028A   24255.04665673 -.00000022  00000-0  80518-5 0  9999,2 40697  98.5625 328.0697 0001080  96.4950 263.6356 14.30825115481622
2024-09-11T19:34:52.206528+00:00,1 40697U 15028A   24255.81588202 -.00000036  00000-0  29705-5 0  9992,2 40697  98.5624 328.8274 0001051  95.6987 264.4316 14.30827052481738
2024-09-11T21:15:34.124832+00:00,1 40697U 15028A   24255.88581163 -.00000035  00000-0  31810-5 0  9997,2 40697  98.5624 328.8963 0001050  95.6067 264.5235 14.30827078481730
2024-09-12T03:58:21.788544+00:00,1 40697U 15028A   24256.16552996 -.00000033  00000-0  38816-5 0  9992,2 40697  98.5624 329.1718 0001054  96.1326 263.9977 14.30827334481786
2024-09-12T12:21:51.355872+00:00,1 40697U 15028A   24256.51517773 -.00000026  00000-0  65976-5 0  9994,2 40697  98.5624 329.5163 0001027  96.9032 263.2268 14.30827551481828
2024-09-12T12:21:51.355872+00:00,1 40697U 15028A   24256.51517773 -.00000026  00000-0  65976-5 0  9994,2 40697  98.5624 329.5163 0001027  96.9032 263.2268 14.30827551481839
2024-09-12T17:23:57.105600+00:00,1 40697U 15028A   24256.72496650 -.00000027  00000-0  63947-5 0  9994,2 40697  98.5624 329.7229 0001022  95.8420 264.2879 14.30827642481850
2024-09-12T17:23:57.105600+00:00,1 40697U 15028A   24256.72496650 -.00000027  00000-0  63947-5 0  9994,2 40697  98.5624 329.7229 0001022  95.8420 264.2879 14.30827642481861
2024-09-13T03:28:09.146784+00:00,1 40697U 15028A   24257.14455031 -.00000034  00000-0  36657-5 0  9995,2 40697  98.5717 330.1370 0001063  88.0605 272.0699 14.30805234481928
2024-09-13T11:51:39.171168+00:00,1 40697U 15028A   24257.49420337 -.00000035  00000-0  34321-5 0  9991,2 40697  98.5717 330.4813 0001060  92.0359 268.0946 14.30805720481976
2024-09-13T20:15:09.204192+00:00,1 40697U 15028A   24257.84385653 -.00000034  00000-0  35165-5 0  9997,2 40697  98.5716 330.8260 0001072  90.9151 269.2155 14.30806062482027
2024-09-14T04:38:39.219072+00:00,1 40697U 15028A   24258.19350948 -.00000031  00000-0  47083-5 0  9994,2 40697  98.5716 331.1708 0001059  90.9737 269.1567 14.30806418482079
2024-09-14T11:21:27.224928+00:00,1 40697U 15028A   24258.47323177 -.00000031  00000-0  48213-5 0  9995,2 40697  98.5717 331.4466 0001047  90.9400 269.1903 14.30806671482118
2024-09-14T13:02:09.227904+00:00,1 40697U 15028A   24258.54316236 -.00000032  00000-0  45733-5 0  9996,2 40697  98.5717 331.5155 0001047  90.7527 269.3775 14.30806709482113
2024-09-14T19:44:57.225120+00:00,1 40697U 15028A   24258.82288455 -.00000033  00000-0  41510-5 0  9998,2 40697  98.5715 331.7912 0001050  91.3820 268.7483 14.30806940482162
2024-09-14T21:25:39.225504+00:00,1 40697U 15028A   24258.89281511 -.00000031  00000-0  46737-5 0  9995,2 40697  98.5715 331.8602 0001045  91.1489 268.9813 14.30806976482160
2024-09-15T04:08:27.227040+00:00,1 40697U 15028A   24259.17253735 -.00000028  00000-0  58085-5 0  9999,2 40697  98.5715 332.1360 0001041  90.8973 269.2330 14.30807129482210
2024-09-15T12:31:57.167616+00:00,1 40697U 15028A   24259.52218944 -.00000027  00000-0  63889-5 0  9998,2 40697  98.5717 332.4812 0001061  93.4480 266.6824 14.30808427482267
2024-09-15T19:14:45.146688+00:00,1 40697U 15028A   24259.80191142 -.00000028  00000-0  59085-5 0  9993,2 40697  98.5715 332.7567 0001034  90.7525 269.3777 14.30809001482306
2024-09-15T20:55:27.141888+00:00,1 40697U 15028A   24259.87184192 -.00000028  00000-0  60654-5 0  9991,2 40697  98.5715 332.8257 0001032  90.7261 269.4040 14.30808999482307
2024-09-16T03:38:15.115776+00:00,1 40697U 15028A   24260.15156384 -.00000027  00000-0  63700-5 0  9990,2 40697  98.5715 333.1015 0001026  91.5261 268.6039 14.30809043482350
2024-09-16T12:01:45.077952+00:00,1 40697U 15028A   24260.50121618 -.00000031  00000-0  49135-5 0  9992,2 40697  98.5715 333.4461 0001017  92.4929 267.6370 14.30809164482406
2024-09-16T13:42:27.071424+00:00,1 40697U 15028A   24260.57114666 -.00000031  00000-0  49378-5 0  9993,2 40697  98.5714 333.5151 0001017  92.5254 267.6045 14.30809179482409
2024-09-16T18:44:33.048384+00:00,1 40697U 15028A   24260.78093806 -.00000031  00000-0  48853-5 0  9995,2 40697  98.5714 333.7219 0001019  92.7511 267.3789 14.30809240482441
2024-09-16T22:05:57.030144+00:00,1 40697U 15028A   24260.92079896 -.00000031  00000-0  48923-5 0  9992,2 40697  98.5714 333.8597 0001019  92.3502 267.7798 14.30809317482457
2024-09-17T04:48:44.974656+00:00,1 40697U 15028A   24261.20052054 -.00000019  00000-0  95249-5 0  9990,2 40697  98.5714 334.1356 0000997  92.9182 267.2115 14.30809665482508
2024-09-17T11:31:32.920896+00:00,1 40697U 15028A   24261.48024214 -.00000017  00000-0  10269-4 0  9993,2 40697  98.5713 334.4114 0000991  94.6508 265.4788 14.30809862482546
2024-09-17T13:12:14.910912+00:00,1 40697U 15028A   24261.55017258 -.00000016  00000-0  10482-4 0  9997,2 40697  98.5713 334.4803 0000993  94.4831 265.6466 14.30809893482549
2024-09-17T19:55:02.877024+00:00,1 40697U 15028A   24261.82989441 -.00000027  00000-0  63128-5 0  9997,2 40697  98.5712 334.7561 0000992  94.9847 265.1449 14.30809844482589
2024-09-17T19:55:02.877024+00:00,1 40697U 15028A   24261.82989441 -.00000027  00000-0  63128-5 0  9997,2 40697  98.5712 334.7561 0000992  94.9847 265.1449 14.30809844482590
2024-09-18T11:01:20.675712+00:00,1 40697U 15028A   24262.45926708  .00000532  00000-0  21978-3 0  9999,2 40697  98.5712 335.3765 0001052  93.0436 267.0867 14.30812148482681
2024-09-18T12:42:02.673504+00:00,1 40697U 15028A   24262.52919761  .00000494  00000-0  20530-3 0  9998,2 40697  98.5712 335.4454 0001052  93.0276 267.1028 14.30811964482684
2024-09-18T19:24:50.602464+00:00,1 40697U 15028A   24262.80891901  .00000462  00000-0  19285-3 0  9994,2 40697  98.5711 335.7212 0001047  93.1552 266.9750 14.30812122482732
2024-09-18T21:05:32.583840+00:00,1 40697U 15028A   24262.87884935  .00000458  00000-0  19154-3 0  9990,2 40697  98.5711 335.7901 0001045  93.2249 266.9054 14.30812175482734
2024-09-19T03:48:20.496384+00:00,1 40697U 15028A   24263.15857056  .00000459  00000-0  19166-3 0  9990,2 40697  98.5710 336.0659 0001038  93.3847 266.7455 14.30812527482783
2024-09-19T12:11:50.397216+00:00,1 40697U 15028A   24263.50822219  .00000500  00000-0  20754-3 0  9994,2 40697  98.5710 336.4106 0001042  93.5640 266.5662 14.30813098482830
2024-09-19T18:54:38.291616+00:00,1 40697U 15028A   24263.78794319  .00000494  00000-0  20502-3 0  9996,2 40697  98.5710 336.6863 0001039  93.7513 266.3788 14.30813430482870
2024-09-19T20:35:20.267808+00:00,1 40697U 15028A   24263.85787347  .00000494  00000-0  20528-3 0  9995,2 40697  98.5709 336.7553 0001039  93.7735 266.3567 14.30813498482881
2024-09-20T04:58:50.156544+00:00,1 40697U 15028A   24264.20752496  .00000461  00000-0  19253-3 0  9999,2 40697  98.5709 337.1000 0001035  93.8457 266.2844 14.30813688482935
2024-09-20T11:41:38.057856+00:00,1 40697U 15028A   24264.48724604  .00000441  00000-0  18507-3 0  9998,2 40697  98.5709 337.3757 0001040  94.2163 265.9139 14.30813865482975
2024-09-20T13:22:20.032320+00:00,1 40697U 15028A   24264.55717630  .00000442  00000-0  18532-3 0  9996,2 40697  98.5708 337.4447 0001039  94.1832 265.9469 14.30813936482976
2024-09-20T20:05:07.924128+00:00,1 40697U 15028A   24264.83689727  .00000425  00000-0  17888-3 0  9996,2 40697  98.5708 337.7204 0001038  94.3354 265.7947 14.30814121483023
2024-09-20T21:45:49.897728+00:00,1 40697U 15028A   24264.90682752  .00000422  00000-0  17764-3 0  9995,2 40697  98.5708 337.7894 0001038  94.3570 265.7731 14.30814173483026
2024-09-21T04:28:37.793856+00:00,1 40697U 15028A   24265.18654854  .00000432  00000-0  18137-3 0  9994,2 40697  98.5707 338.0651 0001033  94.2340 265.8961 14.30814482483073
2024-09-21T11:11:25.681344+00:00,1 40697U 15028A   24265.46626946  .00000429  00000-0  18017-3 0  9999,2 40697  98.5707 338.3409 0001037  94.3132 265.8170 14.30814729483112
2024-09-21T12:52:07.660128+00:00,1 40697U 15028A   24265.53619977  .00000383  00000-0  16277-3 0  9998,2 40697  98.5707 338.4099 0001035  94.3869 265.7432 14.30814537483110
2024-09-21T19:34:55.543296+00:00,1 40697U 15028A   24265.81592064  .00000379  00000-0  16122-3 0  9990,2 40697  98.5706 338.6856 0001034  94.4793 265.6508 14.30814751483164
2024-09-22T03:58:25.392288+00:00,1 40697U 15028A   24266.16557167  .00000357  00000-0  15282-3 0  9996,2 40697  98.5706 339.0303 0001030  94.8010 265.3290 14.30814969483210
2024-09-22T10:41:13.271136+00:00,1 40697U 15028A   24266.44529249  .00000341  00000-0  14680-3 0  9991,2 40697  98.5705 339.3060 0001031  95.0072 265.1229 14.30815102483258
2024-09-22T12:21:55.239552+00:00,1 40697U 15028A   24266.51522268  .00000346  00000-0  14880-3 0  9990,2 40697  98.5705 339.3750 0001031  94.9371 265.1929 14.30815178483254
2024-09-22T19:04:43.110624+00:00,1 40697U 15028A   24266.79494341  .00000334  00000-0  14391-3 0  9994,2 40697  98.5705 339.6507 0001027  95.1620 264.9680 14.30815363483305
2024-09-22T22:26:07.045728+00:00,1 40697U 15028A   24266.93480377  .00000336  00000-0  14481-3 0  9996,2 40697  98.5704 339.7886 0001028  95.2957 264.8343 14.30815474483319
2024-09-23T05:08:54.904704+00:00,1 40697U 15028A   24267.21452436  .00000417  00000-0  17576-3 0  9991,2 40697  98.5704 340.0644 0001025  95.3172 264.8128 14.30816182483366
2024-09-23T11:51:42.764544+00:00,1 40697U 15028A   24267.49424496  .00000405  00000-0  17108-3 0  9994,2 40697  98.5704 340.3401 0001025  95.3620 264.7680 14.30816339483409
2024-09-23T13:32:24.728640+00:00,1 40697U 15028A   24267.56417510  .00000407  00000-0  17198-3 0  9992,2 40697  98.5704 340.4091 0001025  95.3095 264.8204 14.30816417483401
2024-09-23T20:15:12.564288+00:00,1 40697U 15028A   24267.84389542  .00000448  00000-0  18749-3 0  9994,2 40697  98.5704 340.6848 0001025  95.1282 265.0018 14.30816917483455
2024-09-23T21:55:54.525792+00:00,1 40697U 15028A   24267.91382553  .00000452  00000-0  18920-3 0  9993,2 40697  98.5703 340.7538 0001026  95.2974 264.8326 14.30816990483451
2024-09-24T04:38:42.430560+00:00,1 40697U 15028A   24268.19354665  .00000372  00000-0  15865-3 0  9993,2 40697  98.5703 341.0295 0001025  95.4187 264.7113 14.30816625483506
2024-09-24T11:21:30.280032+00:00,1 40697U 15028A   24268.47326713  .00000384  00000-0  16325-3 0  9992,2 40697  98.5703 341.3053 0001028  95.5275 264.6025 14.30816899483541
2024-09-24T13:02:12.242400+00:00,1 40697U 15028A   24268.54319725  .00000386  00000-0  16382-3 0  9990,2 40697  98.5703 341.3742 0001029  95.4435 264.6865 14.30816964483549
2024-09-24T18:04:18.127776+00:00,1 40697U 15028A   24268.75298759  .00000388  00000-0  16468-3 0  9993,2 40697  98.5702 341.5810 0001031  95.6796 264.4505 14.30817147483577
2024-09-24T19:45:00.086688+00:00,1 40697U 15028A   24268.82291767  .00000386  00000-0  16401-3 0  9998,2 40697  98.5702 341.6499 0001032  95.7469 264.3832 14.30817195483597
2024-09-25T04:08:29.873472+00:00,1 40697U 15028A   24269.17256798  .00000424  00000-0  17833-3 0  9995,2 40697  98.5702 341.9946 0001031  96.0537 264.0763 14.30817694483646
2024-09-25T12:31:59.669760+00:00,1 40697U 15028A   24269.52221840  .00000449  00000-0  18779-3 0  9991,2 40697  98.5702 342.3393 0001034  96.1500 263.9800 14.30818095483692
2024-09-25T19:14:47.468256+00:00,1 40697U 15028A   24269.80193829  .00000527  00000-0  21774-3 0  9993,2 40697  98.5701 342.6150 0001041  95.6981 264.4321 14.30818798483739
2024-09-25T20:55:29.420256+00:00,1 40697U 15028A   24269.87186829  .00000542  00000-0  22351-3 0  9991,2 40697  98.5701 342.6840 0001041  95.8671 264.2631 14.30818921483733
2024-09-26T03:38:17.286144+00:00,1 40697U 15028A   24270.15158896  .00000414  00000-0  17462-3 0  9992,2 40697  98.5701 342.9597 0001028  96.2847 263.8453 14.30818484483786
2024-09-26T05:18:59.240736+00:00,1 40697U 15028A   24270.22151899  .00000418  00000-0  17606-3 0  9990,2 40697  98.5701 343.0286 0001028  96.3430 263.7870 14.30818566483796
2024-09-26T18:44:35.067552+00:00,1 40697U 15028A   24270.78096143  .00000443  00000-0  18569-3 0  9998,2 40697  98.5700 343.5800 0001031  98.0188 262.1112 14.30814963483873
2024-09-26T22:05:59.002656+00:00,1 40697U 15028A   24270.92082179  .00000448  00000-0  18757-3 0  9992,2 40697  98.5700 343.7179 0001029  98.0669 262.0631 14.30815099483882
2024-09-27T04:48:46.889280+00:00,1 40697U 15028A   24271.20054270  .00000431  00000-0  18093-3 0  9990,2 40697  98.5700 343.9937 0001021  97.5331 262.5968 14.30815228483936
2024-09-27T11:31:34.760352+00:00,1 40697U 15028A   24271.48026343  .00000437  00000-0  18351-3 0  9993,2 40697  98.5700 344.2694 0001024  97.6195 262.5104 14.30815523483976
2024-09-27T13:12:16.728768+00:00,1 40697U 15028A   24271.55019362  .00000439  00000-0  18395-3 0  9994,2 40697  98.5700 344.3384 0001025  97.6027 262.5272 14.30815596483974
2024-09-27T18:14:22.629696+00:00,1 40697U 15028A   24271.75998414  .00000442  00000-0  18516-3 0  9999,2 40697  98.5700 344.5452 0001027  97.9517 262.1783 14.30815795484000
2024-09-27T18:14:22.629696+00:00,1 40697U 15028A   24271.75998414  .00000442  00000-0  18516-3 0  9999,2 40697  98.5700 344.5452 0001027  97.9517 262.1783 14.30815795484011
2024-09-28T02:37:52.459680+00:00,1 40697U 15028A   24272.10963495  .00000444  00000-0  18589-3 0  9992,2 40697  98.5700 344.8898 0001024  97.5300 262.5999 14.30816118484069
2024-09-28T11:01:22.279296+00:00,1 40697U 15028A   24272.45928564  .00000444  00000-0  18595-3 0  9995,2 40697  98.5700 345.2345 0001027  97.6626 262.4674 14.30816460484111
2024-09-28T12:42:04.243392+00:00,1 40697U 15028A   24272.52921578  .00000444  00000-0  18612-3 0  9991,2 40697  98.5700 345.3034 0001027  97.6235 262.5065 14.30816532484118
2024-09-28T17:44:10.127904+00:00,1 40697U 15028A   24272.73900611  .00000462  00000-0  19297-3 0  9999,2 40697  98.5700 345.5102 0001018  97.8055 262.3243 14.30816794484158
2024-09-28T22:46:16.001184+00:00,1 40697U 15028A   24272.94879631  .00000480  00000-0  19982-3 0  9990,2 40697  98.5699 345.7170 0001013  97.8831 262.2467 14.30817137484170
2024-09-29T03:48:21.884832+00:00,1 40697U 15028A   24273.15858663  .00000477  00000-0  19855-3 0  9991,2 40697  98.5699 345.9238 0001011  98.0240 262.1057 14.30817332484218
2024-09-29T12:11:51.666432+00:00,1 40697U 15028A   24273.50823688  .00000512  00000-0  21197-3 0  9991,2 40697  98.5699 346.2685 0001010  97.9324 262.1973 14.30817925484268
2024-09-29T13:52:33.621888+00:00,1 40697U 15028A   24273.57816692  .00000516  00000-0  21367-3 0  9998,2 40697  98.5699 346.3374 0001011  97.9510 262.1788 14.30818028484261
2024-09-29T18:54:39.487392+00:00,1 40697U 15028A   24273.78795703  .00000533  00000-0  21994-3 0  9995,2 40697  98.5699 346.5442 0001011  97.9706 262.1591 14.30818353484304
2024-09-29T22:16:03.397440+00:00,1 40697U 15028A   24273.92781710  .00000541  00000-0  22285-3 0  9997,2 40697  98.5699 346.6821 0001010  98.0551 262.0746 14.30818528484311
2024-09-30T04:58:51.212352+00:00,1 40697U 15028A   24274.20753718  .00000569  00000-0  23365-3 0  9996,2 40697  98.5699 346.9578 0001013  98.0621 262.0677 14.30819025484365
2024-09-30T11:41:39.022944+00:00,1 40697U 15028A   24274.48725721  .00000552  00000-0  22722-3 0  9997,2 40697  98.5699 347.2336 0001015  98.1378 261.9920 14.30819237484402
2024-09-30T13:22:20.973216+00:00,1 40697U 15028A   24274.55718719  .00000558  00000-0  22942-3 0  9994,2 40697  98.5699 347.3025 0001015  98.0423 262.0875 14.30819347484401
2024-09-30T20:05:08.764800+00:00,1 40697U 15028A   24274.83690700  .00000599  00000-0  24526-3 0  9999,2 40697  98.5698 347.5782 0001015  98.0425 262.0873 14.30819911484454
2024-09-30T21:45:50.714208+00:00,1 40697U 15028A   24274.90683697  .00000604  00000-0  24710-3 0  9996,2 40697  98.5698 347.6471 0001021  98.2988 261.8310 14.30820009484456
2024-10-01T04:28:38.510112+00:00,1 40697U 15028A   24275.18655683  .00000626  00000-0  25558-3 0  9996,2 40697  98.5698 347.9229 0001017  98.1043 262.0255 14.30820466484500
2024-10-01T11:11:26.295648+00:00,1 40697U 15028A   24275.46627657  .00000637  00000-0  25956-3 0  9991,2 40697  98.5698 348.1986 0001018  98.0916 262.0383 14.30820863484549
2024-10-01T14:32:50.191872+00:00,1 40697U 15028A   24275.60613648  .00000628  00000-0  25609-3 0  9997,2 40697  98.5698 348.3365 0001016  98.1050 262.0248 14.30820981484552
2024-10-01T19:34:56.014176+00:00,1 40697U 15028A   24275.81592609  .00000657  00000-0  26735-3 0  9996,2 40697  98.5697 348.5433 0001018  98.1782 261.9516 14.30821439484581
2024-10-01T19:34:56.014176+00:00,1 40697U 15028A   24275.81592609  .00000657  00000-0  26735-3 0  9996,2 40697  98.5697 348.5433 0001018  98.1782 261.9516 14.30821439484592
2024-10-02T03:58:25.699872+00:00,1 40697U 15028A   24276.16557523  .00000930  00000-0  37153-3 0  9991,2 40697  98.5697 348.8879 0001013  98.0935 262.0362 14.30823451484646
2024-10-02T10:41:13.440480+00:00,1 40697U 15028A   24276.44529445  .00000943  00000-0  37619-3 0  9995,2 40697  98.5697 349.1636 0001013  98.1005 262.0292 14.30823970484671
2024-10-02T10:41:13.440480+00:00,1 40697U 15028A   24276.44529445  .00000943  00000-0  37619-3 0  9995,2 40697  98.5697 349.1636 0001013  98.1005 262.0292 14.30823970484682
2024-10-02T19:04:43.115808+00:00,1 40697U 15028A   24276.79494347  .00000975  00000-0  38841-3 0  9998,2 40697  98.5696 349.5083 0001008  98.2717 261.8580 14.30824629484731
2024-10-02T20:45:25.046208+00:00,1 40697U 15028A   24276.86487322  .00000981  00000-0  39075-3 0  9998,2 40697  98.5696 349.5772 0001008  98.3573 261.7725 14.30824772484736
2024-10-03T05:08:54.788928+00:00,1 40697U 15028A   24277.21452302  .00000991  00000-0  39444-3 0  9999,2 40697  98.5695 349.9219 0001004  98.4087 261.7210 14.30825099484790
2024-10-03T11:51:42.507936+00:00,1 40697U 15028A   24277.49424199  .00000986  00000-0  39261-3 0  9993,2 40697  98.5695 350.1976 0001004  98.4592 261.6705 14.30825532484829
2024-10-03T20:15:12.117600+00:00,1 40697U 15028A   24277.84389025  .00001136  00000-0  44997-3 0  9990,2 40697  98.5694 350.5422 0001006  98.2365 261.8932 14.30826941484881
2024-10-04T04:38:41.784288+00:00,1 40697U 15028A   24278.19353917  .00000965  00000-0  38470-3 0  9998,2 40697  98.5693 350.8868 0001008  98.7715 261.3582 14.30826477484939
2024-10-04T11:21:29.479104+00:00,1 40697U 15028A   24278.47325786  .00000985  00000-0  39234-3 0  9993,2 40697  98.5693 351.1626 0001007  98.8054 261.3243 14.30827023484977
2024-10-04T19:44:59.068032+00:00,1 40697U 15028A   24278.82290588  .00001075  00000-0  42661-3 0  9992,2 40697  98.5692 351.5072 0001005  98.7264 261.4032 14.30828129485016
2024-10-04T19:44:59.068032+00:00,1 40697U 15028A   24278.82290588  .00001075  00000-0  42661-3 0  9992,2 40697  98.5692 351.5072 0001005  98.7264 261.4032 14.30828129485027
2024-10-05T04:08:28.656960+00:00,1 40697U 15028A   24279.17255390  .00001112  00000-0  44064-3 0  9994,2 40697  98.5691 351.8518 0001010  99.3360 260.7937 14.30828931485076
2024-10-05T12:31:58.243296+00:00,1 40697U 15028A   24279.52220189  .00001073  00000-0  42588-3 0  9996,2 40697  98.5691 352.1965 0001015  99.3459 260.7839 14.30829282485116
2024-10-05T12:31:58.243296+00:00,1 40697U 15028A   24279.52220189  .00001073  00000-0  42588-3 0  9996,2 40697  98.5691 352.1965 0001015  99.3459 260.7839 14.30829282485127
2024-10-05T19:14:45.882816+00:00,1 40697U 15028A   24279.80191994  .00001071  00000-0  42517-3 0  9998,2 40697  98.5690 352.4722 0001016  99.5618 260.5680 14.30829831485166
2024-10-05T20:55:27.791616+00:00,1 40697U 15028A   24279.87184944  .00001080  00000-0  42846-3 0  9997,2 40697  98.5690 352.5411 0001015  99.5859 260.5439 14.30829991485167
2024-10-06T03:38:15.415584+00:00,1 40697U 15028A   24280.15156731  .00001087  00000-0  43108-3 0  9992,2 40697  98.5689 352.8168 0001017 100.0076 260.1222 14.30830595485212
2024-10-06T12:01:44.991552+00:00,1 40697U 15028A   24280.50121518  .00000903  00000-0  36114-3 0  9991,2 40697  98.5689 353.1614 0001023 100.0441 260.0857 14.30830108485252
2024-10-06T12:01:44.991552+00:00,1 40697U 15028A   24280.50121518  .00000903  00000-0  36114-3 0  9991,2 40697  98.5689 353.1614 0001023 100.0441 260.0857 14.30830108485263
2024-10-06T18:44:32.606016+00:00,1 40697U 15028A   24280.78093294  .00000934  00000-0  37296-3 0  9996,2 40697  98.5688 353.4371 0001026 100.1744 259.9555 14.30830836485300
2024-10-06T20:25:14.507040+00:00,1 40697U 15028A   24280.85086235  .00000935  00000-0  37336-3 0  9997,2 40697  98.5688 353.5061 0001026 100.2524 259.8774 14.30830974485309
2024-10-07T04:48:43.998336+00:00,1 40697U 15028A   24281.20050924  .00000983  00000-0  39149-3 0  9990,2 40697  98.5687 353.8507 0001027 100.2596 259.8703 14.30831938485365
2024-10-07T11:31:31.588608+00:00,1 40697U 15028A   24281.48022672  .00000885  00000-0  35428-3 0  9996,2 40697  98.5687 354.1264 0001032 100.5712 259.5588 14.30831924485406
2024-10-07T13:12:13.483584+00:00,1 40697U 15028A   24281.55015606  .00000885  00000-0  35400-3 0  9993,2 40697  98.5687 354.1953 0001038 100.4448 259.6852 14.30832082485403
2024-10-07T19:55:01.059168+00:00,1 40697U 15028A   24281.82987337  .00000906  00000-0  36216-3 0  9992,2 40697  98.5686 354.4710 0001042 100.7414 259.3886 14.30832796485458
2024-10-08T04:18:30.103776+00:00,1 40697U 15028A   24282.17951509  .00002048  00000-0  79724-3 0  9993,2 40697  98.5686 354.8156 0001043 100.1520 259.9781 14.30841059485507
2024-10-08T11:01:17.917824+00:00,1 40697U 15028A   24282.45923516  .00001195  00000-0  47224-3 0  9993,2 40697  98.5686 355.0913 0001044 100.8825 259.2476 14.30836112485549
2024-10-08T12:41:59.796384+00:00,1 40697U 15028A   24282.52916431  .00001193  00000-0  47151-3 0  9996,2 40697  98.5685 355.1602 0001046 100.8690 259.2611 14.30836277485549
2024-10-08T19:24:47.473056+00:00,1 40697U 15028A   24282.80888279  .00000866  00000-0  34684-3 0  9998,2 40697  98.5685 355.4359 0001048 101.1042 259.0259 14.30834623485581
2024-10-08T19:24:47.473056+00:00,1 40697U 15028A   24282.80888279  .00000866  00000-0  34684-3 0  9998,2 40697  98.5685 355.4359 0001048 101.1042 259.0259 14.30834623485592
2024-10-09T03:48:16.876224+00:00,1 40697U 15028A   24283.15852866  .00001002  00000-0  39855-3 0  9998,2 40697  98.5685 355.7805 0001048 101.0463 259.0838 14.30836130485641
2024-10-09T12:11:46.303584+00:00,1 40697U 15028A   24283.50817481  .00000850  00000-0  34094-3 0  9991,2 40697  98.5685 356.1251 0001053 101.1254 259.0048 14.30835919485687
2024-10-09T12:11:46.303584+00:00,1 40697U 15028A   24283.50817481  .00000850  00000-0  34094-3 0  9991,2 40697  98.5685 356.1251 0001053 101.1254 259.0048 14.30835919485698
2024-10-09T17:13:51.935808+00:00,1 40697U 15028A   24283.71796222  .00000825  00000-0  33116-3 0  9999,2 40697  98.5684 356.3319 0001051 101.1472 258.9829 14.30836263485715
2024-10-09T17:13:51.935808+00:00,1 40697U 15028A   24283.71796222  .00000825  00000-0  33116-3 0  9999,2 40697  98.5684 356.3319 0001051 101.1472 258.9829 14.30836263485726
2024-10-10T04:58:46.165728+00:00,1 40697U 15028A   24284.20747877  .00001002  00000-0  39903-3 0  9994,2 40697  98.5683 356.8144 0001150  93.2936 266.8378 14.30805702485790
2024-10-10T11:41:34.205280+00:00,1 40697U 15028A   24284.48720145  .00000925  00000-0  36960-3 0  9996,2 40697  98.5684 357.0901 0001140  94.3515 265.7798 14.30805787485831
2024-10-10T13:22:16.211712+00:00,1 40697U 15028A   24284.55713208  .00000921  00000-0  36801-3 0  9996,2 40697  98.5684 357.1590 0001139  94.0892 266.0421 14.30805928485833
2024-10-10T20:05:04.007616+00:00,1 40697U 15028A   24284.83685194  .00001502  00000-0  58961-3 0  9996,2 40697  98.5684 357.4347 0001131  94.1391 265.9921 14.30810318485879
2024-10-10T20:05:04.007616+00:00,1 40697U 15028A   24284.83685194  .00001502  00000-0  58961-3 0  9996,2 40697  98.5684 357.4347 0001131  94.1391 265.9921 14.30810318485880
2024-10-11T04:28:33.387456+00:00,1 40697U 15028A   24285.18649754  .00004053  00000-0  15617-2 0  9991,2 40697  98.5683 357.7793 0001133  93.1481 266.9832 14.30826942485936
2024-10-11T11:11:22.180416+00:00,1 40697U 15028A   24285.46622894  .00001300  00000-0  51257-3 0  9991,2 40697  98.5681 358.0548 0001147  95.1094 265.0220 14.30809529485970
2024-10-11T12:52:04.109952+00:00,1 40697U 15028A   24285.53615868  .00001126  00000-0  44635-3 0  9990,2 40697  98.5683 358.1239 0001135  94.6334 265.4978 14.30809402485972
2024-10-11T19:34:52.123584+00:00,1 40697U 15028A   24285.81588106  .00001110  00000-0  44017-3 0  9992,2 40697  98.5683 358.3995 0001145  94.9788 265.1525 14.30809651486028
2024-10-12T03:58:22.070208+00:00,1 40697U 15028A   24286.16553322  .00001091  00000-0  43288-3 0  9990,2 40697  98.5683 358.7441 0001137  94.7997 265.3316 14.30810378486072
2024-10-12T12:21:52.068672+00:00,1 40697U 15028A   24286.51518598  .00000962  00000-0  38379-3 0  9996,2 40697  98.5683 359.0887 0001149  95.3297 264.8017 14.30810249486117
2024-10-12T12:21:52.068672+00:00,1 40697U 15028A   24286.51518598  .00000962  00000-0  38379-3 0  9996,2 40697  98.5683 359.0887 0001149  95.3297 264.8017 14.30810249486128
2024-10-12T20:45:22.001472+00:00,1 40697U 15028A   24286.86483798  .00000902  00000-0  36075-3 0  9992,2 40697  98.5682 359.4333 0001142  95.1404 264.9909 14.30810922486161
2024-10-13T11:51:39.897792+00:00,1 40697U 15028A   24287.49421178  .00000772  00000-0  31118-3 0  9994,2 40697  98.5682   0.0535 0001143  95.2719 264.8594 14.30811416486253
2024-10-13T20:15:09.815040+00:00,1 40697U 15028A   24287.84386360  .00000642  00000-0  26144-3 0  9995,2 40697  98.5681   0.3981 0001137  95.3179 264.8133 14.30811365486313
2024-10-14T04:38:39.728832+00:00,1 40697U 15028A   24288.19351538  .00000579  00000-0  23769-3 0  9992,2 40697  98.5681   0.7427 0001130  95.2772 264.8540 14.30811781486362
2024-10-14T11:21:27.651744+00:00,1 40697U 15028A   24288.47323671  .00000535  00000-0  22090-3 0  9998,2 40697  98.5681   1.0184 0001130  95.2017 264.9294 14.30812017486403
2024-10-14T13:02:09.631392+00:00,1 40697U 15028A   24288.54316703  .00000530  00000-0  21867-3 0  9990,2 40697  98.5681   1.0873 0001128  95.2086 264.9226 14.30812100486409
2024-10-14T19:44:57.545664+00:00,1 40697U 15028A   24288.82288826  .00000529  00000-0  21866-3 0  9992,2 40697  98.5681   1.3630 0001126  95.1562 264.9749 14.30812548486449
2024-10-14T19:44:57.545664+00:00,1 40697U 15028A   24288.82288826  .00000529  00000-0  21866-3 0  9992,2 40697  98.5681   1.3630 0001126  95.1562 264.9749 14.30812548486450
2024-10-15T04:08:27.430080+00:00,1 40697U 15028A   24289.17253970  .00000547  00000-0  22528-3 0  9999,2 40697  98.5680   1.7075 0001121  94.9076 265.2234 14.30813149486505
2024-10-15T12:31:57.316224+00:00,1 40697U 15028A   24289.52219116  .00000483  00000-0  20085-3 0  9997,2 40697  98.5680   2.0521 0001125  95.0940 265.0371 14.30813294486546
2024-10-15T12:31:57.316224+00:00,1 40697U 15028A   24289.52219116  .00000483  00000-0  20085-3 0  9997,2 40697  98.5680   2.0521 0001125  95.0940 265.0371 14.30813294486557
2024-10-15T19:14:45.217536+00:00,1 40697U 15028A   24289.80191224  .00000486  00000-0  20196-3 0  9993,2 40697  98.5680   2.3277 0001126  94.9081 265.2230 14.30813654486593
2024-10-15T20:55:27.191136+00:00,1 40697U 15028A   24289.87184249  .00000485  00000-0  20158-3 0  9996,2 40697  98.5680   2.3967 0001125  94.8317 265.2995 14.30813727486598
2024-10-16T03:38:15.083808+00:00,1 40697U 15028A   24290.15156347  .00000478  00000-0  19906-3 0  9998,2 40697  98.5679   2.6723 0001121  94.8843 265.2468 14.30814041486640
2024-10-16T12:01:44.981184+00:00,1 40697U 15028A   24290.50121506  .00000703  00000-0  28501-3 0  9998,2 40697  98.5679   3.0169 0001124  94.7431 265.3880 14.30815524486695
2024-10-16T13:42:26.950464+00:00,1 40697U 15028A   24290.57114526  .00000714  00000-0  28904-3 0  9998,2 40697  98.5679   3.0858 0001127  94.6575 265.4737 14.30815674486699
2024-10-16T15:23:08.918880+00:00,1 40697U 15028A   24290.64107545  .00000719  00000-0  29097-3 0  9998,2 40697  98.5679   3.1547 0001128  94.6178 265.5134 14.30815798486717
2024-10-16T18:44:32.883360+00:00,1 40697U 15028A   24290.78093615  .00000688  00000-0  27903-3 0  9994,2 40697  98.5679   3.2925 0001135  94.7558 265.3755 14.30815689486737
2024-10-16T20:25:14.852640+00:00,1 40697U 15028A   24290.85086635  .00000691  00000-0  28014-3 0  9994,2 40697  98.5678   3.3614 0001135  94.7340 265.3972 14.30815783486737
2024-10-17T04:48:44.701632+00:00,1 40697U 15028A   24291.20051738  .00000763  00000-0  30768-3 0  9999,2 40697  98.5678   3.7060 0001135  94.8221 265.3091 14.30816553486799
2024-10-17T13:12:14.542848+00:00,1 40697U 15028A   24291.55016832  .00000836  00000-0  33557-3 0  9993,2 40697  98.5678   4.0506 0001139  94.7613 265.3700 14.30817303486832
2024-10-17T19:55:02.398368+00:00,1 40697U 15028A   24291.82988887  .00000791  00000-0  31822-3 0  9994,2 40697  98.5677   4.3262 0001141  94.9341 265.1972 14.30817406486884
2024-10-17T21:35:44.363328+00:00,1 40697U 15028A   24291.89981902  .00000780  00000-0  31424-3 0  9998,2 40697  98.5677   4.3951 0001143  94.9613 265.1700 14.30817444486884
2024-10-18T04:18:32.198976+00:00,1 40697U 15028A   24292.17953934  .00000838  00000-0  33639-3 0  9998,2 40697  98.5677   4.6708 0001143  95.1558 264.9756 14.30818126486930
2024-10-18T11:01:20.034624+00:00,1 40697U 15028A   24292.45925966  .00000860  00000-0  34479-3 0  9991,2 40697  98.5676   4.9465 0001147  95.3310 264.8004 14.30818595486962
2024-10-18T11:01:20.034624+00:00,1 40697U 15028A   24292.45925966  .00000860  00000-0  34479-3 0  9991,2 40697  98.5676   4.9465 0001147  95.3310 264.8004 14.30818595486973
2024-10-18T22:46:13.755648+00:00,1 40697U 15028A   24292.94877032  .00000743  00000-0  29992-3 0  9999,2 40697  98.5675   5.4288 0001141  95.9776 264.1537 14.30818497487030
2024-10-19T03:48:19.615104+00:00,1 40697U 15028A   24293.15856036  .00000857  00000-0  34348-3 0  9991,2 40697  98.5675   5.6356 0001140  96.1367 263.9946 14.30819429487077
2024-10-19T10:31:07.416192+00:00,1 40697U 15028A   24293.43828028  .00000887  00000-0  35485-3 0  9998,2 40697  98.5675   5.9113 0001143  96.3483 263.7830 14.30819989487111
2024-10-19T12:11:49.410528+00:00,1 40697U 15028A   24293.50821077  .00000872  00000-0  34925-3 0  9995,2 40697  98.5675   5.9802 0001139  96.3160 263.8153 14.30819837487114
2024-10-19T18:54:37.279008+00:00,1 40697U 15028A   24293.78793147  .00000663  00000-0  26957-3 0  9995,2 40697  98.5675   6.2558 0001134  96.3372 263.7940 14.30818910487165
2024-10-19T20:35:19.232736+00:00,1 40697U 15028A   24293.85786149  .00000669  00000-0  27166-3 0  9996,2 40697  98.5674   6.3247 0001134  96.3764 263.7548 14.30819008487168
2024-10-20T03:18:07.020864+00:00,1 40697U 15028A   24294.13758126  .00000716  00000-0  28977-3 0  9996,2 40697  98.5674   6.6004 0001124  96.1492 263.9819 14.30819686487218
2024-10-20T13:22:18.784704+00:00,1 40697U 15028A   24294.55716186  .00000711  00000-0  28802-3 0  9994,2 40697  98.5674   7.0139 0001130  95.9989 264.1323 14.30819966487266
2024-10-20T18:24:24.635520+00:00,1 40697U 15028A   24294.76695180  .00000691  00000-0  28007-3 0  9991,2 40697  98.5674   7.2206 0001115  95.7673 264.3637 14.30820143487308
2024-10-20T21:45:48.599136+00:00,1 40697U 15028A   24294.90681249  .00000621  00000-0  25341-3 0  9999,2 40697  98.5673   7.3584 0001117  95.8248 264.3062 14.30819709487317
2024-10-21T04:28:36.471072+00:00,1 40697U 15028A   24295.18653323  .00000445  00000-0  18656-3 0  9997,2 40697  98.5673   7.6340 0001114  95.9575 264.1735 14.30818863487361
2024-10-21T11:11:24.261792+00:00,1 40697U 15028A   24295.46625303  .00000487  00000-0  20235-3 0  9997,2 40697  98.5673   7.9097 0001105  95.9241 264.2068 14.30819372487392
2024-10-21T11:11:24.261792+00:00,1 40697U 15028A   24295.46625303  .00000487  00000-0  20235-3 0  9997,2 40697  98.5673   7.9097 0001105  95.9241 264.2068 14.30819372487404
2024-10-21T19:34:54.013152+00:00,1 40697U 15028A   24295.81590293  .00000457  00000-0  19104-3 0  9995,2 40697  98.5672   8.2543 0001111  95.9034 264.2276 14.30819601487451
2024-10-21T21:15:35.963424+00:00,1 40697U 15028A   24295.88583291  .00000458  00000-0  19122-3 0  9993,2 40697  98.5672   8.3232 0001113  95.9114 264.2196 14.30819664487458
2024-10-22T03:58:23.793888+00:00,1 40697U 15028A   24296.16555317  .00000381  00000-0  16195-3 0  9995,2 40697  98.5671   8.5989 0001110  95.9875 264.1434 14.30819445487506
2024-10-22T10:41:11.590656+00:00,1 40697U 15028A   24296.44527304  .00000365  00000-0  15586-3 0  9996,2 40697  98.5672   8.8746 0001112  96.1806 263.9503 14.30819653487549
2024-10-22T12:21:53.539200+00:00,1 40697U 15028A   24296.51520300  .00000371  00000-0  15810-3 0  9990,2 40697  98.5672   8.9435 0001114  96.0428 264.0881 14.30819741487545
2024-10-22T19:04:41.334240+00:00,1 40697U 15028A   24296.79492285  .00000348  00000-0  14936-3 0  9992,2 40697  98.5671   9.2191 0001106  95.9193 264.2116 14.30819920487592
2024-10-22T20:45:23.275008+00:00,1 40697U 15028A   24296.86485272  .00000355  00000-0  15202-3 0  9993,2 40697  98.5671   9.2880 0001110  95.8975 264.2335 14.30820052487590
2024-10-23T06:49:34.956768+00:00,1 40697U 15028A   24297.28443237  .00000335  00000-0  14456-3 0  9993,2 40697  98.5671   9.7015 0001117  96.1859 263.9451 14.30820395487660
2024-10-23T11:51:40.786848+00:00,1 40697U 15028A   24297.49422207  .00000370  00000-0  15769-3 0  9997,2 40697  98.5671   9.9082 0001124  96.3377 263.7934 14.30820749487691
2024-10-23T13:32:22.731072+00:00,1 40697U 15028A   24297.56415198  .00000369  00000-0  15758-3 0  9992,2 40697  98.5671   9.9771 0001123  96.2315 263.8995 14.30820814487697
2024-10-23T16:53:46.621248+00:00,1 40697U 15028A   24297.70401182  .00000359  00000-0  15359-3 0  9992,2 40697  98.5670  10.1149 0001120  96.2751 263.8560 14.30820901487718
2024-10-23T16:53:46.621248+00:00,1 40697U 15028A   24297.70401182  .00000359  00000-0  15359-3 0  9992,2 40697  98.5670  10.1149 0001120  96.2751 263.8560 14.30820901487729
2024-10-24T11:21:28.514016+00:00,1 40697U 15028A   24298.47324669 -.00000296  00000-0 -96455-4 0  9990,2 40697  98.5675  10.8728 0001030  90.0792 270.0509 14.30811349487832
2024-10-24T13:02:10.497984+00:00,1 40697U 15028A   24298.54317706 -.00000297  00000-0 -96527-4 0  9993,2 40697  98.5675  10.9417 0001029  89.9110 270.2191 14.30811351487839
2024-10-24T19:44:58.436448+00:00,1 40697U 15028A   24298.82289857 -.00000279  00000-0 -90002-4 0  9991,2 40697  98.5673  11.2172 0001030  90.9673 269.1628 14.30811437487889
2024-10-25T15:53:22.203456+00:00,1 40697U 15028A   24299.66206254 -.00000296  00000-0 -96227-4 0  9998,2 40697  98.5673  12.0442 0001005  92.0363 268.0935 14.30811415487996
2024-10-25T15:53:22.203456+00:00,1 40697U 15028A   24299.66206254 -.00000296  00000-0 -96227-4 0  9998,2 40697  98.5673  12.0442 0001005  92.0363 268.0935 14.30811415488009
2024-10-26T03:38:16.004832+00:00,1 40697U 15028A   24300.15157413 -.00000281  00000-0 -90681-4 0  9999,2 40697  98.5668  12.5262 0001061  95.0383 265.0921 14.30814122488072
2024-10-26T12:01:45.875424+00:00,1 40697U 15028A   24300.50122541 -.00000474  00000-0 -16440-3 0  9996,2 40697  98.5671  12.8713 0001038  90.6100 269.5202 14.30813439488118
2024-10-26T12:01:45.876288+00:00,1 40697U 15028A   24300.50122542 -.00000474  00000-0 -16429-3 0  9994,2 40697  98.5672  12.8713 0001038  90.6174 269.5127 14.30813405488120
2024-10-26T18:44:33.759456+00:00,1 40697U 15028A   24300.78094629 -.00000115  00000-0 -27344-4 0  9999,2 40697  98.5671  13.1470 0001017  92.6230 267.5069 14.30813905488167
2024-10-26T20:25:15.733056+00:00,1 40697U 15028A   24300.85087654 -.00000115  00000-0 -27336-4 0  9998,2 40697  98.5670  13.2158 0001017  92.6130 267.5169 14.30813930488168
2024-10-27T04:48:45.597600+00:00,1 40697U 15028A   24301.20052775 -.00000125  00000-0 -31182-4 0  9999,2 40697  98.5670  13.5604 0001000  91.0305 269.0993 14.30813981488221
2024-10-27T11:31:33.472992+00:00,1 40697U 15028A   24301.48024853 -.00000131  00000-0 -33375-4 0  9998,2 40697  98.5670  13.8360 0000995  91.6289 268.5008 14.30814102488263
2024-10-27T14:52:57.409824+00:00,1 40697U 15028A   24301.62010891 -.00000131  00000-0 -33441-4 0  9995,2 40697  98.5670  13.9740 0001008  92.4174 267.7124 14.30814210488275
2024-10-27T16:33:39.376512+00:00,1 40697U 15028A   24301.69003908 -.00000131  00000-0 -33503-4 0  9992,2 40697  98.5670  14.0428 0001017  92.4469 267.6830 14.30814291488280
2024-10-27T16:33:39.376512+00:00,1 40697U 15028A   24301.69003908 -.00000131  00000-0 -33503-4 0  9992,2 40697  98.5670  14.0428 0001017  92.4469 267.6830 14.30814291488291
2024-10-28T02:37:51.101472+00:00,1 40697U 15028A   24302.10961923 -.00000134  00000-0 -34603-4 0  9994,2 40697  98.5665  14.4558 0001031  93.5810 266.5490 14.30816975488359
2024-10-28T11:01:20.898624+00:00,1 40697U 15028A   24302.45926966 -.00000135  00000-0 -35005-4 0  9998,2 40697  98.5666  14.8004 0001025  93.3603 266.7697 14.30817283488401
2024-10-28T12:42:02.857536+00:00,1 40697U 15028A   24302.52919974 -.00000135  00000-0 -35043-4 0  9999,2 40697  98.5667  14.8693 0001024  92.9435 267.1865 14.30817322488409
2024-10-28T17:44:08.730816+00:00,1 40697U 15028A   24302.73898994 -.00000134  00000-0 -34593-4 0  9998,2 40697  98.5667  15.0759 0001028  92.9401 267.1899 14.30817517488449
2024-10-28T21:05:32.642592+00:00,1 40697U 15028A   24302.87885003 -.00000134  00000-0 -34580-4 0  9996,2 40697  98.5666  15.2137 0001025  93.0556 267.0744 14.30817611488454
2024-10-29T03:48:20.458368+00:00,1 40697U 15028A   24303.15857012 -.00000131  00000-0 -33194-4 0  9994,2 40697  98.5666  15.4893 0001015  93.1397 266.9902 14.30817828488508
2024-10-29T10:31:08.271552+00:00,1 40697U 15028A   24303.43829018 -.00000137  00000-0 -35478-4 0  9993,2 40697  98.5667  15.7650 0000999  93.5108 266.6190 14.30817889488533
2024-10-29T10:31:08.271552+00:00,1 40697U 15028A   24303.43829018 -.00000137  00000-0 -35478-4 0  9993,2 40697  98.5667  15.7650 0000999  93.5108 266.6190 14.30817889488544
2024-10-29T13:52:32.174688+00:00,1 40697U 15028A   24303.57815017 -.00000137  00000-0 -35472-4 0  9996,2 40697  98.5666  15.9028 0001026  94.4875 265.6425 14.30818033488550
2024-10-29T13:52:32.174688+00:00,1 40697U 15028A   24303.57815017 -.00000137  00000-0 -35472-4 0  9996,2 40697  98.5666  15.9028 0001026  94.4875 265.6425 14.30818033488561
2024-10-30T04:58:49.647648+00:00,1 40697U 15028A   24304.20751907 -.00000139  00000-0 -36227-4 0  9995,2 40697  98.5662  16.5228 0001046  94.5719 265.5584 14.30821103488653
2024-10-30T11:41:37.422816+00:00,1 40697U 15028A   24304.48723869 -.00000139  00000-0 -36238-4 0  9993,2 40697  98.5665  16.7988 0001041  93.9026 266.2276 14.30821077488690
2024-10-30T13:22:19.365312+00:00,1 40697U 15028A   24304.55716858 -.00000139  00000-0 -36242-4 0  9996,2 40697  98.5666  16.8677 0001041  93.4050 266.7252 14.30821188488691
2024-10-30T18:24:25.187616+00:00,1 40697U 15028A   24304.76695819 -.00000140  00000-0 -36747-4 0  9994,2 40697  98.5665  17.0744 0001039  93.0040 267.1262 14.30821358488730
2024-10-31T04:28:36.818400+00:00,1 40697U 15028A   24305.18653725 -.00000142  00000-0 -37524-4 0  9997,2 40697  98.5665  17.4878 0000990  92.0210 268.1087 14.30821697488793
2024-10-31T12:52:06.506688+00:00,1 40697U 15028A   24305.53618642 -.00000136  00000-0 -35369-4 0  9993,2 40697  98.5665  17.8324 0000989  92.1483 267.9813 14.30821973488830
2024-10-31T16:13:30.379584+00:00,1 40697U 15028A   24305.67604606 -.00000136  00000-0 -35298-4 0  9994,2 40697  98.5665  17.9702 0000991  91.9385 268.1911 14.30822069488853
2024-10-31T16:13:30.379584+00:00,1 40697U 15028A   24305.67604606 -.00000136  00000-0 -35298-4 0  9994,2 40697  98.5665  17.9702 0000991  91.9385 268.1911 14.30822069488864
2024-11-01T10:41:11.546592+00:00,1 40697U 15028A   24306.44527253 -.00000298  00000-0 -97122-4 0  9995,2 40697  98.5663  18.7278 0001029  94.3286 265.8014 14.30825345488979
2024-11-01T12:21:53.444160+00:00,1 40697U 15028A   24306.51520190 -.00000070  00000-0 -10208-4 0  9994,2 40697  98.5663  18.7966 0001022  96.8862 263.2437 14.30825292488975
2024-11-01T19:04:41.145024+00:00,1 40697U 15028A   24306.79492066 -.00000052  00000-0 -31670-5 0  9991,2 40697  98.5662  19.0723 0001014  95.2570 264.8729 14.30825337489027
2024-11-01T20:45:23.068512+00:00,1 40697U 15028A   24306.86485033 -.00000052  00000-0 -31963-5 0  9990,2 40697  98.5662  19.1413 0001008  94.9595 265.1703 14.30825398489023
2024-11-02T03:28:10.759872+00:00,1 40697U 15028A   24307.14456898 -.00000052  00000-0 -31802-5 0  9991,2 40697  98.5661  19.4170 0001008  92.8603 267.2696 14.30825718489077
2024-11-02T11:51:40.355712+00:00,1 40697U 15028A   24307.49421708 -.00000052  00000-0 -30275-5 0  9994,2 40697  98.5664  19.7614 0000973  93.5643 266.5651 14.30825939489122
2024-11-03T04:38:39.433344+00:00,1 40697U 15028A   24308.19351196  .00000935  00000-0  37334-3 0  9994,2 40697  98.5661  20.4507 0001065  95.4224 264.7081 14.30829350489227
2024-11-03T11:21:27.059904+00:00,1 40697U 15028A   24308.47322986  .00000953  00000-0  38008-3 0  9999,2 40697  98.5661  20.7264 0001056  94.7644 265.3660 14.30829992489264
2024-11-03T14:42:50.895648+00:00,1 40697U 15028A   24308.61308907  .00000955  00000-0  38076-3 0  9999,2 40697  98.5661  20.8642 0001056  94.5814 265.5490 14.30830210489271
2024-11-03T19:44:56.611680+00:00,1 40697U 15028A   24308.82287745  .00000951  00000-0  37943-3 0  9996,2 40697  98.5660  21.0709 0001056  94.8833 265.2471 14.30830576489317
2024-11-03T21:25:38.492832+00:00,1 40697U 15028A   24308.89280663  .00000993  00000-0  39521-3 0  9995,2 40697  98.5660  21.1397 0001060  94.9078 265.2226 14.30831014489314
2024-11-04T04:08:26.091744+00:00,1 40697U 15028A   24309.17252421  .00000995  00000-0  39606-3 0  9994,2 40697  98.5659  21.4153 0001050  94.8612 265.2691 14.30831619489369
2024-11-04T05:49:07.984128+00:00,1 40697U 15028A   24309.24245352  .00001026  00000-0  40776-3 0  9993,2 40697  98.5659  21.4843 0001048  94.8856 265.2446 14.30831918489373
2024-11-04T10:51:13.683744+00:00,1 40697U 15028A   24309.45224171  .00001023  00000-0  40678-3 0  9990,2 40697  98.5659  21.6910 0001051  94.6190 265.5113 14.30832299489404
2024-11-04T12:31:55.591680+00:00,1 40697U 15028A   24309.52217120  .00000904  00000-0  36149-3 0  9999,2 40697  98.5659  21.7599 0001049  94.6902 265.4401 14.30831759489405
2024-11-04T19:14:43.178496+00:00,1 40697U 15028A   24309.80188864  .00000880  00000-0  35211-3 0  9994,2 40697  98.5659  22.0355 0001046  94.6325 265.4977 14.30832229489451
2024-11-04T22:36:06.959808+00:00,1 40697U 15028A   24309.94174722  .00000841  00000-0  33748-3 0  9997,2 40697  98.5658  22.1733 0001054  95.3072 264.8231 14.30832426489463
2024-11-05T03:38:12.639552+00:00,1 40697U 15028A   24310.15153518  .00000823  00000-0  33056-3 0  9994,2 40697  98.5658  22.3800 0001053  95.1477 264.9826 14.30832788489503
2024-11-05T12:01:42.098016+00:00,1 40697U 15028A   24310.50118169  .00000859  00000-0  34415-3 0  9995,2 40697  98.5658  22.7245 0001054  95.1517 264.9786 14.30833615489556
2024-11-05T13:42:23.990400+00:00,1 40697U 15028A   24310.57111100  .00000769  00000-0  30978-3 0  9990,2 40697  98.5658  22.7933 0001057  95.2880 264.8424 14.30833315489552
2024-11-05T17:03:47.768256+00:00,1 40697U 15028A   24310.71096954  .00000751  00000-0  30319-3 0  9995,2 40697  98.5657  22.9311 0001058  95.8393 264.2911 14.30833516489580
2024-11-06T03:07:59.088000+00:00,1 40697U 15028A   24311.13054500  .00000708  00000-0  28653-3 0  9993,2 40697  98.5656  23.3445 0001043  95.7823 264.3479 14.30834104489644
2024-11-06T04:48:40.963968+00:00,1 40697U 15028A   24311.20047412  .00000859  00000-0  34428-3 0  9999,2 40697  98.5656  23.4134 0001041  95.8197 264.3105 14.30835079489652
2024-11-06T11:31:28.496352+00:00,1 40697U 15028A   24311.48019093  .00000847  00000-0  33955-3 0  9994,2 40697  98.5656  23.6890 0001046  95.8815 264.2487 14.30835569489695
2024-11-06T13:12:10.375776+00:00,1 40697U 15028A   24311.55012009  .00000870  00000-0  34856-3 0  9999,2 40697  98.5656  23.7579 0001049  95.8592 264.2711 14.30835809489692
2024-11-06T16:33:34.140672+00:00,1 40697U 15028A   24311.68997848  .00000848  00000-0  34000-3 0  9992,2 40697  98.5656  23.8957 0001046  95.7674 264.3629 14.30835983489715
2024-11-06T16:33:34.140672+00:00,1 40697U 15028A   24311.68997848  .00000848  00000-0  34000-3 0  9992,2 40697  98.5656  23.8957 0001046  95.7674 264.3629 14.30835983489726
2024-11-07T02:37:46.223328+00:00,1 40697U 15028A   24312.10956277  .00000763  00000-0  30798-3 0  9997,2 40697  98.5725  24.3093 0001070  88.4573 271.6733 14.30804466489789
2024-11-07T12:41:58.301664+00:00,1 40697U 15028A   24312.52914701  .00000789  00000-0  31753-3 0  9999,2 40697  98.5727  24.7233 0001042  86.8135 273.3167 14.30804900489835
2024-11-07T19:24:46.337760+00:00,1 40697U 15028A   24312.80886965  .00000584  00000-0  23953-3 0  9996,2 40697  98.5726  24.9990 0001041  87.1983 272.9319 14.30805200489883
2024-11-07T21:05:28.350240+00:00,1 40697U 15028A   24312.87880035  .00000475  00000-0  19773-3 0  9999,2 40697  98.5726  25.0680 0001044  87.3535 272.7768 14.30805175489886
2024-11-08T03:48:16.385472+00:00,1 40697U 15028A   24313.15852298  .00000342  00000-0  14723-3 0  9994,2 40697  98.5726  25.3438 0001040  88.0498 272.0804 14.30805333489938
2024-11-08T10:31:04.402560+00:00,1 40697U 15028A   24313.43824540  .00000350  00000-0  15033-3 0  9998,2 40697  98.5726  25.6195 0001031  88.6317 271.4984 14.30805825489979
2024-11-08T18:54:34.425216+00:00,1 40697U 15028A   24313.78789844  .00000672  00000-0  27291-3 0  9999,2 40697  98.5725  25.9643 0001047  88.5075 271.6227 14.30806856490021
2024-11-08T22:15:58.433760+00:00,1 40697U 15028A   24313.92775965  .00000646  00000-0  26331-3 0  9999,2 40697  98.5725  26.1022 0001047  88.3532 271.7770 14.30806928490036
2024-11-09T03:18:04.434912+00:00,1 40697U 15028A   24314.13755133  .00000681  00000-0  27657-3 0  9999,2 40697  98.5724  26.3090 0001039  88.0295 272.1006 14.30807326490070
2024-11-09T10:00:52.410528+00:00,1 40697U 15028A   24314.41727327  .00000743  00000-0  29997-3 0  9992,2 40697  98.5724  26.5848 0001041  88.3234 271.8068 14.30808187490117
2024-11-09T13:22:16.347360+00:00,1 40697U 15028A   24314.55713365  .00000865  00000-0  34653-3 0  9994,2 40697  98.5725  26.7228 0001046  88.0189 272.1114 14.30809293490129
2024-11-09T18:24:22.298400+00:00,1 40697U 15028A   24314.76692475  .00000962  00000-0  38382-3 0  9996,2 40697  98.5725  26.9297 0001045  88.3357 271.7945 14.30810093490167
2024-11-09T21:45:46.345824+00:00,1 40697U 15028A   24314.90678641  .00000919  00000-0  36739-3 0  9997,2 40697  98.5725  27.0676 0001044  88.3637 271.7665 14.30809858490177
2024-11-10T04:28:34.306752+00:00,1 40697U 15028A   24315.18650818  .00000900  00000-0  35988-3 0  9999,2 40697  98.5724  27.3434 0001045  88.5393 271.5909 14.30810312490225
2024-11-10T11:11:22.278912+00:00,1 40697U 15028A   24315.46623008  .00000854  00000-0  34237-3 0  9995,2 40697  98.5724  27.6192 0001048  88.8942 271.2360 14.30810418490264
2024-11-10T12:52:04.288800+00:00,1 40697U 15028A   24315.53616075  .00000751  00000-0  30320-3 0  9994,2 40697  98.5724  27.6882 0001046  88.9879 271.1423 14.30809928490261
2024-11-10T19:34:52.238496+00:00,1 40697U 15028A   24315.81588239  .00000749  00000-0  30250-3 0  9994,2 40697  98.5724  27.9640 0001045  89.0961 271.0342 14.30810399490318
2024-11-10T21:15:34.217280+00:00,1 40697U 15028A   24315.88581270  .00000817  00000-0  32842-3 0  9994,2 40697  98.5723  28.0329 0001045  88.9115 271.2188 14.30810915490316
2024-11-11T03:58:22.154880+00:00,1 40697U 15028A   24316.16553420  .00000796  00000-0  32042-3 0  9990,2 40697  98.5723  28.3087 0001043  89.7689 270.3613 14.30811325490367
2024-11-11T10:41:10.108032+00:00,1 40697U 15028A   24316.44525588  .00000744  00000-0  30035-3 0  9998,2 40697  98.5723  28.5845 0001046  90.0921 270.0381 14.30811470490403
2024-11-11T12:21:52.097184+00:00,1 40697U 15028A   24316.51518631  .00000717  00000-0  29029-3 0  9998,2 40697  98.5723  28.6535 0001042  89.6471 270.4831 14.30811407490404
2024-11-11T19:04:40.024416+00:00,1 40697U 15028A   24316.79490769  .00000697  00000-0  28253-3 0  9994,2 40697  98.5723  28.9293 0001036  89.4743 270.6559 14.30811808490450
2024-11-12T03:28:09.939072+00:00,1 40697U 15028A   24317.14455948  .00000610  00000-0  24939-3 0  9996,2 40697  98.5723  29.2740 0001026  89.5019 270.6282 14.30811976490502
2024-11-12T11:51:39.851136+00:00,1 40697U 15028A   24317.49421124  .00000581  00000-0  23823-3 0  9991,2 40697  98.5723  29.6188 0001022  89.6054 270.5246 14.30812310490555
2024-11-12T13:32:21.834240+00:00,1 40697U 15028A   24317.56414160  .00000607  00000-0  24823-3 0  9991,2 40697  98.5723  29.6878 0001020  89.4091 270.7208 14.30812484490550
2024-11-12T18:34:27.767136+00:00,1 40697U 15028A   24317.77393249  .00000596  00000-0  24397-3 0  9991,2 40697  98.5723  29.8946 0001016  89.3117 270.8182 14.30812750490593
2024-11-12T21:55:51.728160+00:00,1 40697U 15028A   24317.91379315  .00000524  00000-0  21671-3 0  9998,2 40697  98.5722  30.0325 0001015  89.3333 270.7966 14.30812532490605
2024-11-13T02:57:57.661056+00:00,1 40697U 15028A   24318.12358404  .00000497  00000-0  20643-3 0  9995,2 40697  98.5722  30.2394 0001019  89.5567 270.5733 14.30812751490645
2024-11-13T09:40:45.577056+00:00,1 40697U 15028A   24318.40330529  .00000538  00000-0  22184-3 0  9992,2 40697  98.5722  30.5151 0001024  89.5326 270.5974 14.30813348490682
2024-11-13T13:02:09.536352+00:00,1 40697U 15028A   24318.54316593  .00000501  00000-0  20775-3 0  9996,2 40697  98.5722  30.6530 0001023  89.5593 270.5707 14.30813304490696
2024-11-13T16:23:33.486144+00:00,1 40697U 15028A   24318.68302646  .00000504  00000-0  20894-3 0  9990,2 40697  98.5722  30.7909 0001023  89.5343 270.5957 14.30813493490720
2024-11-13T19:44:57.431616+00:00,1 40697U 15028A   24318.82288694  .00000491  00000-0  20395-3 0  9993,2 40697  98.5722  30.9288 0001025  89.4433 270.6867 14.30813621490738
2024-11-13T23:06:21.378816+00:00,1 40697U 15028A   24318.96274744  .00000470  00000-0  19601-3 0  9994,2 40697  98.5721  31.0667 0001023  89.6589 270.4711 14.30813732490764
2024-11-14T10:51:15.194016+00:00,1 40697U 15028A   24319.45225919  .00000471  00000-0  19631-3 0  9993,2 40697  98.5721  31.5494 0001017  90.0621 270.0678 14.30814217490838
2024-11-14T12:31:57.161568+00:00,1 40697U 15028A   24319.52218937  .00000466  00000-0  19443-3 0  9998,2 40697  98.5721  31.6183 0001018  89.9549 270.1750 14.30814272490834
2024-11-14T12:31:57.161568+00:00,1 40697U 15028A   24319.52218937  .00000466  00000-0  19443-3 0  9998,2 40697  98.5721  31.6183 0001018  89.9549 270.1750 14.30814272490845
2024-11-15T03:38:14.894592+00:00,1 40697U 15028A   24320.15156128  .00000420  00000-0  17701-3 0  9997,2 40697  98.5720  32.2388 0001017  90.5073 269.6226 14.30814768490938
2024-11-15T12:01:44.732352+00:00,1 40697U 15028A   24320.50121218  .00000404  00000-0  17072-3 0  9991,2 40697  98.5720  32.5836 0001015  90.6974 269.4326 14.30815047490983
2024-11-15T13:42:26.696448+00:00,1 40697U 15028A   24320.57114232  .00000413  00000-0  17425-3 0  9998,2 40697  98.5720  32.6525 0001015  90.8112 269.3188 14.30815202490983
2024-11-15T18:44:32.596512+00:00,1 40697U 15028A   24320.78093283  .00000408  00000-0  17218-3 0  9997,2 40697  98.5719  32.8594 0001012  90.7757 269.3542 14.30815396491024
2024-11-15T22:05:56.525568+00:00,1 40697U 15028A   24320.92079312  .00000417  00000-0  17581-3 0  9993,2 40697  98.5719  32.9973 0001010  90.7245 269.4053 14.30815588491038
2024-11-16T03:08:02.422176+00:00,1 40697U 15028A   24321.13058359  .00000407  00000-0  17200-3 0  9992,2 40697  98.5719  33.2041 0001004  90.5701 269.5596 14.30815766491071
2024-11-16T04:48:44.406144+00:00,1 40697U 15028A   24321.20051396  .00000354  00000-0  15160-3 0  9998,2 40697  98.5719  33.2731 0001004  90.6389 269.4909 14.30815492491073
2024-11-16T11:31:32.267712+00:00,1 40697U 15028A   24321.48023458  .00000356  00000-0  15239-3 0  9995,2 40697  98.5719  33.5489 0001006  90.9836 269.1462 14.30815732491122
2024-11-16T18:14:20.131872+00:00,1 40697U 15028A   24321.75995523  .00000324  00000-0  14019-3 0  9996,2 40697  98.5718  33.8246 0001012  91.6641 268.4658 14.30815844491161
2024-11-17T04:18:31.929408+00:00,1 40697U 15028A   24322.17953622  .00000283  00000-0  12460-3 0  9999,2 40697  98.5718  34.2383 0001012  91.7975 268.3324 14.30815946491228
2024-11-17T19:24:49.600224+00:00,1 40697U 15028A   24322.80890741  .00000303  00000-0  13228-3 0  9997,2 40697  98.5717  34.8588 0001007  91.9407 268.1891 14.30816537491310
2024-11-17T21:05:31.563456+00:00,1 40697U 15028A   24322.87883754  .00000293  00000-0  12856-3 0  9994,2 40697  98.5717  34.9278 0001009  92.0280 268.1018 14.30816520491313
2024-11-18T03:48:19.408608+00:00,1 40697U 15028A   24323.15855797  .00000286  00000-0  12560-3 0  9996,2 40697  98.5717  35.2036 0001000  92.1457 267.9841 14.30816711491365
2024-11-18T12:11:49.213536+00:00,1 40697U 15028A   24323.50820849  .00000289  00000-0  12701-3 0  9995,2 40697  98.5716  35.5483 0001001  92.4538 267.6759 14.30816967491400
2024-11-18T12:11:49.213536+00:00,1 40697U 15028A   24323.50820849  .00000289  00000-0  12701-3 0  9995,2 40697  98.5716  35.5483 0001001  92.4538 267.6759 14.30816967491411
2024-11-18T18:54:37.051776+00:00,1 40697U 15028A   24323.78792884  .00000293  00000-0  12857-3 0  9999,2 40697  98.5716  35.8241 0001000  92.5002 267.6295 14.30817201491453
2024-11-18T22:16:00.970464+00:00,1 40697U 15028A   24323.92778901  .00000296  00000-0  12952-3 0  9998,2 40697  98.5716  35.9620 0000998  92.5014 267.6283 14.30817305491466
2024-11-19T04:58:48.806112+00:00,1 40697U 15028A   24324.20750933  .00000290  00000-0  12735-3 0  9998,2 40697  98.5715  36.2378 0000989  92.3325 267.7971 14.30817491491519
2024-11-19T11:41:36.634848+00:00,1 40697U 15028A   24324.48722957  .00000309  00000-0  13455-3 0  9994,2 40697  98.5715  36.5135 0000991  92.4386 267.6910 14.30817780491551
2024-11-19T13:22:18.587712+00:00,1 40697U 15028A   24324.55715958  .00000314  00000-0  13634-3 0  9990,2 40697  98.5715  36.5825 0000989  92.4397 267.6899 14.30817874491556
2024-11-19T18:24:24.457536+00:00,1 40697U 15028A   24324.76694974  .00000307  00000-0  13365-3 0  9990,2 40697  98.5715  36.7893 0000985  92.4932 267.6364 14.30818008491595
2024-11-19T21:45:48.364128+00:00,1 40697U 15028A   24324.90680977  .00000347  00000-0  14896-3 0  9998,2 40697  98.5715  36.9272 0000985  92.4974 267.6321 14.30818360491600
2024-11-19T23:26:30.319584+00:00,1 40697U 15028A   24324.97673981  .00000345  00000-0  14842-3 0  9991,2 40697  98.5715  36.9961 0000985  92.4972 267.6324 14.30818408491621
2024-11-20T14:32:47.630112+00:00,1 40697U 15028A   24325.60610683  .00000310  00000-0  13494-3 0  9996,2 40697  98.5713  37.6165 0001009  96.4962 263.6335 14.30818257491703
2024-11-20T17:54:11.538432+00:00,1 40697U 15028A   24325.74596688  .00000309  00000-0  13456-3 0  9995,2 40697  98.5714  37.7545 0000981  93.3693 266.7603 14.30818660491735
2024-11-20T21:15:35.456256+00:00,1 40697U 15028A   24325.88582704  .00000314  00000-0  13658-3 0  9994,2 40697  98.5713  37.8924 0000985  93.1287 267.0008 14.30818668491749
2024-11-21T03:58:23.265984+00:00,1 40697U 15028A   24326.16554706  .00000362  00000-0  15483-3 0  9998,2 40697  98.5713  38.1682 0000976  93.3637 266.7658 14.30818915491792
2024-11-21T14:02:34.980576+00:00,1 40697U 15028A   24326.58512709  .00000320  00000-0  13856-3 0  9997,2 40697  98.5713  38.5819 0000980  93.4987 266.6308 14.30819296491842
2024-11-21T17:23:58.883712+00:00,1 40697U 15028A   24326.72498708  .00000294  00000-0  12899-3 0  9991,2 40697  98.5713  38.7198 0000975  93.5155 266.6140 14.30819343491876
2024-11-21T20:45:22.785984+00:00,1 40697U 15028A   24326.86484706  .00000329  00000-0  14225-3 0  9993,2 40697  98.5713  38.8577 0000975  93.4789 266.6506 14.30819598491889
2024-11-22T03:28:10.582752+00:00,1 40697U 15028A   24327.14456693  .00000356  00000-0  15235-3 0  9991,2 40697  98.5713  39.1334 0000971  93.3814 266.7480 14.30819886491936
2024-11-22T11:51:40.320288+00:00,1 40697U 15028A   24327.49421667  .00000374  00000-0  15921-3 0  9994,2 40697  98.5713  39.4781 0000970  93.4767 266.6526 14.30820227491988
2024-11-22T13:32:22.274016+00:00,1 40697U 15028A   24327.56414669  .00000357  00000-0  15285-3 0  9990,2 40697  98.5713  39.5471 0000969  93.3385 266.7909 14.30820158491987
2024-11-22T18:34:28.114464+00:00,1 40697U 15028A   24327.77393651  .00000366  00000-0  15645-3 0  9990,2 40697  98.5713  39.7539 0000969  93.5253 266.6041 14.30820358492024
2024-11-22T21:55:52.000320+00:00,1 40697U 15028A   24327.91379630  .00000421  00000-0  17728-3 0  9993,2 40697  98.5712  39.8918 0000969  93.4211 266.7083 14.30820792492038
2024-11-23T02:57:57.835584+00:00,1 40697U 15028A   24328.12358606  .00000420  00000-0  17700-3 0  9996,2 40697  98.5712  40.0986 0000966  93.4530 266.6763 14.30820971492075
2024-11-23T11:21:27.561888+00:00,1 40697U 15028A   24328.47323567  .00000401  00000-0  16946-3 0  9992,2 40697  98.5712  40.4434 0000966  93.5333 266.5960 14.30821129492129
2024-11-23T13:02:09.509568+00:00,1 40697U 15028A   24328.54316562  .00000372  00000-0  15855-3 0  9992,2 40697  98.5712  40.5123 0000966  93.6219 266.5074 14.30821021492126
2024-11-23T18:04:15.339648+00:00,1 40697U 15028A   24328.75295532  .00000374  00000-0  15933-3 0  9997,2 40697  98.5712  40.7191 0000967  93.6177 266.5116 14.30821211492169
2024-11-23T21:25:39.224640+00:00,1 40697U 15028A   24328.89281510  .00000392  00000-0  16602-3 0  9997,2 40697  98.5712  40.8570 0000967  93.5183 266.6110 14.30821410492174
2024-11-24T04:08:26.992032+00:00,1 40697U 15028A   24329.17253463  .00000390  00000-0  16555-3 0  9990,2 40697  98.5712  41.1328 0000964  93.7942 266.3351 14.30821652492229
2024-11-24T10:51:14.749920+00:00,1 40697U 15028A   24329.45225405  .00000384  00000-0  16328-3 0  9997,2 40697  98.5712  41.4086 0000970  94.3240 265.8054 14.30821873492261
2024-11-24T12:31:56.691552+00:00,1 40697U 15028A   24329.52218393  .00000400  00000-0  16936-3 0  9997,2 40697  98.5712  41.4775 0000969  94.2224 265.9069 14.30822017492263
2024-11-24T17:34:02.506944+00:00,1 40697U 15028A   24329.73197346  .00000403  00000-0  17029-3 0  9991,2 40697  98.5712  41.6843 0000969  94.2083 265.9210 14.30822231492305
2024-11-24T20:55:26.384160+00:00,1 40697U 15028A   24329.87183315  .00000417  00000-0  17560-3 0  9992,2 40697  98.5712  41.8222 0000971  94.2508 265.8786 14.30822418492318
2024-11-25T01:57:32.196096+00:00,1 40697U 15028A   24330.08162264  .00000413  00000-0  17415-3 0  9992,2 40697  98.5712  42.0290 0000961  94.2959 265.8334 14.30822592492351
2024-11-25T12:01:43.795776+00:00,1 40697U 15028A   24330.50120134  .00000449  00000-0  18782-3 0  9996,2 40697  98.5712  42.4427 0000962  94.4626 265.6667 14.30823237492401
2024-11-25T12:01:43.795776+00:00,1 40697U 15028A   24330.50120134  .00000449  00000-0  18782-3 0  9996,2 40697  98.5712  42.4427 0000962  94.4626 265.6667 14.30823237492412
2024-11-25T17:03:49.606848+00:00,1 40697U 15028A   24330.71099082  .00000445  00000-0  18641-3 0  9996,2 40697  98.5712  42.6495 0000962  94.5120 265.6173 14.30823387492440
2024-11-25T22:05:55.399776+00:00,1 40697U 15028A   24330.92078009  .00000489  00000-0  20312-3 0  9991,2 40697  98.5711  42.8564 0000962  94.4566 265.6727 14.30823840492462
2024-11-26T03:08:01.196160+00:00,1 40697U 15028A   24331.13056940  .00000479  00000-0  19936-3 0  9994,2 40697  98.5711  43.0632 0000959  94.6007 265.5286 14.30824025492509
2024-11-26T11:31:30.849888+00:00,1 40697U 15028A   24331.48021817  .00000473  00000-0  19708-3 0  9998,2 40697  98.5711  43.4079 0000963  94.8192 265.3101 14.30824343492552
2024-11-26T18:14:18.576672+00:00,1 40697U 15028A   24331.75993723  .00000456  00000-0  19065-3 0  9999,2 40697  98.5711  43.6837 0000967  95.1868 264.9425 14.30824519492597
2024-11-26T19:55:00.503616+00:00,1 40697U 15028A   24331.82986694  .00000460  00000-0  19214-3 0  9997,2 40697  98.5711  43.7526 0000968  95.2414 264.8879 14.30824613492599
2024-11-27T02:37:48.214848+00:00,1 40697U 15028A   24332.10958582  .00000460  00000-0  19193-3 0  9990,2 40697  98.5711  44.0284 0000963  95.2110 264.9183 14.30824900492646
2024-11-27T11:01:17.845248+00:00,1 40697U 15028A   24332.45923432  .00000534  00000-0  22045-3 0  9996,2 40697  98.5711  44.3731 0000965  95.7244 264.4048 14.30825642492695
2024-11-27T12:41:59.769600+00:00,1 40697U 15028A   24332.52916400  .00000552  00000-0  22735-3 0  9997,2 40697  98.5711  44.4420 0000966  95.6373 264.4920 14.30825809492698
2024-11-27T17:44:05.540928+00:00,1 40697U 15028A   24332.73895302  .00000552  00000-0  22714-3 0  9994,2 40697  98.5710  44.6488 0000965  95.4638 264.6655 14.30826062492727
2024-11-27T17:44:05.540928+00:00,1 40697U 15028A   24332.73895302  .00000552  00000-0  22714-3 0  9994,2 40697  98.5710  44.6488 0000965  95.4638 264.6655 14.30826062492738
2024-11-28T03:48:17.666784+00:00,1 40697U 15028A   24333.15853781  .00000489  00000-0  20339-3 0  9996,2 40697  98.5709  45.0624 0001029  93.3899 266.7401 14.30806184492792
2024-11-28T10:31:05.669184+00:00,1 40697U 15028A   24333.43826006  .00000939  00000-0  37476-3 0  9997,2 40697  98.5709  45.3383 0001025  91.4373 268.6928 14.30807563492831
2024-11-28T12:11:47.672160+00:00,1 40697U 15028A   24333.50819065  .00001264  00000-0  49894-3 0  9991,2 40697  98.5709  45.4073 0001029  90.8116 269.3185 14.30808264492832
2024-11-28T18:54:35.684928+00:00,1 40697U 15028A   24333.78791302  .00000653  00000-0  26585-3 0  9997,2 40697  98.5709  45.6830 0001038  94.1927 265.9375 14.30807847492875
2024-11-28T18:54:35.684928+00:00,1 40697U 15028A   24333.78791302  .00000653  00000-0  26585-3 0  9997,2 40697  98.5709  45.6830 0001038  94.1927 265.9375 14.30807847492886
2024-11-29T11:41:35.699136+00:00,1 40697U 15028A   24334.48721874  .00000574  00000-0  23551-3 0  9994,2 40697  98.5709  46.3725 0001023  92.7706 267.3594 14.30808277492988
2024-11-29T13:22:17.690016+00:00,1 40697U 15028A   24334.55714919  .00000547  00000-0  22542-3 0  9993,2 40697  98.5708  46.4414 0001023  92.7641 267.3659 14.30808222492983
2024-11-29T18:24:23.683392+00:00,1 40697U 15028A   24334.76694078  .00000529  00000-0  21838-3 0  9996,2 40697  98.5708  46.6482 0001021  92.8521 267.2779 14.30808426493020
2024-11-29T21:45:47.678976+00:00,1 40697U 15028A   24334.90680184  .00000530  00000-0  21873-3 0  9996,2 40697  98.5708  46.7861 0001021  92.7440 267.3860 14.30808538493038
2024-11-30T02:47:53.667168+00:00,1 40697U 15028A   24335.11659337  .00000516  00000-0  21366-3 0  9997,2 40697  98.5707  46.9929 0001016  92.6915 267.4384 14.30808746493071
2024-11-30T11:11:23.626752+00:00,1 40697U 15028A   24335.46624568  .00000576  00000-0  23638-3 0  9993,2 40697  98.5707  47.3376 0001017  92.4769 267.6530 14.30809506493124
2024-11-30T12:52:05.634912+00:00,1 40697U 15028A   24335.53617633  .00000521  00000-0  21528-3 0  9992,2 40697  98.5707  47.4065 0001016  92.5840 267.5460 14.30809241493127
2024-11-30T17:54:11.612736+00:00,1 40697U 15028A   24335.74596774  .00000525  00000-0  21696-3 0  9997,2 40697  98.5707  47.6133 0001017  92.6907 267.4393 14.30809510493168
2024-11-30T21:15:35.593632+00:00,1 40697U 15028A   24335.88582863  .00000511  00000-0  21158-3 0  9994,2 40697  98.5706  47.7512 0001019  92.7523 267.3777 14.30809601493173
2024-12-01T03:58:23.558880+00:00,1 40697U 15028A   24336.16555045  .00000503  00000-0  20862-3 0  9990,2 40697  98.5706  48.0269 0001016  92.8843 267.2457 14.30809900493221
2024-12-01T10:41:11.514624+00:00,1 40697U 15028A   24336.44527216  .00000543  00000-0  22390-3 0  9992,2 40697  98.5705  48.3027 0001021  93.0964 267.0335 14.30810451493268
2024-12-01T12:21:53.502912+00:00,1 40697U 15028A   24336.51520258  .00000568  00000-0  23323-3 0  9993,2 40697  98.5706  48.3716 0001020  92.9435 267.1865 14.30810642493265
2024-12-01T19:04:41.450016+00:00,1 40697U 15028A   24336.79492419  .00000569  00000-0  23373-3 0  9996,2 40697  98.5705  48.6474 0001020  93.1515 266.9784 14.30810995493314
2024-12-01T22:26:05.424000+00:00,1 40697U 15028A   24336.93478500  .00000525  00000-0  21702-3 0  9993,2 40697  98.5705  48.7852 0001016  93.1707 266.9592 14.30810945493326
2024-12-02T03:28:11.380224+00:00,1 40697U 15028A   24337.14457616  .00000519  00000-0  21480-3 0  9998,2 40697  98.5704  48.9920 0001011  93.0957 267.0342 14.30811188493363
2024-12-02T11:51:41.301792+00:00,1 40697U 15028A   24337.49422803  .00000540  00000-0  22260-3 0  9997,2 40697  98.5704  49.3367 0001013  93.0901 267.0398 14.30811691493410
2024-12-02T11:51:41.302656+00:00,1 40697U 15028A   24337.49422804  .00000497  00000-0  20624-3 0  9991,2 40697  98.5704  49.3367 0001013  93.1819 266.9480 14.30811457493408
2024-12-02T18:34:29.235072+00:00,1 40697U 15028A   24337.77394948  .00000497  00000-0  20627-3 0  9992,2 40697  98.5703  49.6125 0001013  93.1281 267.0018 14.30811783493451
2024-12-02T20:15:11.213856+00:00,1 40697U 15028A   24337.84387979  .00000486  00000-0  20216-3 0  9998,2 40697  98.5703  49.6814 0001013  93.1666 266.9633 14.30811820493456
2024-12-03T02:57:59.140224+00:00,1 40697U 15028A   24338.12360116  .00000470  00000-0  19609-3 0  9991,2 40697  98.5703  49.9571 0001010  93.2095 266.9203 14.30812086493507
2024-12-03T11:21:29.031552+00:00,1 40697U 15028A   24338.47325268  .00000500  00000-0  20742-3 0  9992,2 40697  98.5702  50.3018 0001010  93.1135 267.0163 14.30812644493554
2024-12-03T14:42:52.991712+00:00,1 40697U 15028A   24338.61311333  .00000485  00000-0  20173-3 0  9996,2 40697  98.5702  50.4397 0001006  93.0577 267.0721 14.30812701493564
2024-12-03T19:44:58.926336+00:00,1 40697U 15028A   24338.82290424  .00000474  00000-0  19738-3 0  9999,2 40697  98.5702  50.6465 0001001  92.9668 267.1629 14.30812889493594
2024-12-03T19:44:58.926336+00:00,1 40697U 15028A   24338.82290424  .00000474  00000-0  19738-3 0  9999,2 40697  98.5702  50.6465 0001001  92.9668 267.1629 14.30812889493606
2024-12-04T04:08:28.801248+00:00,1 40697U 15028A   24339.17255557  .00000489  00000-0  20317-3 0  9997,2 40697  98.5701  50.9912 0000997  93.2026 266.9271 14.30813417493653
2024-12-04T10:51:16.703424+00:00,1 40697U 15028A   24339.45227666  .00000472  00000-0  19669-3 0  9998,2 40697  98.5701  51.2670 0001000  93.5350 266.5947 14.30813640493695
2024-12-04T12:31:58.677888+00:00,1 40697U 15028A   24339.52220692  .00000458  00000-0  19146-3 0  9992,2 40697  98.5701  51.3359 0001004  93.6141 266.5157 14.30813638493693
2024-12-04T19:14:46.570560+00:00,1 40697U 15028A   24339.80192790  .00000447  00000-0  18734-3 0  9990,2 40697  98.5700  51.6116 0001008  93.9211 266.2087 14.30813927493747
2024-12-04T20:55:28.534656+00:00,1 40697U 15028A   24339.87185804  .00000477  00000-0  19868-3 0  9997,2 40697  98.5700  51.6805 0001011  94.0392 266.0906 14.30814170493747
2024-12-05T03:38:16.421280+00:00,1 40697U 15028A   24340.15157895  .00000457  00000-0  19118-3 0  9995,2 40697  98.5700  51.9563 0001006  93.9413 266.1885 14.30814425493792
2024-12-05T12:01:46.274592+00:00,1 40697U 15028A   24340.50123003  .00000459  00000-0  19164-3 0  9991,2 40697  98.5700  52.3010 0001004  93.8358 266.2940 14.30814773493833
2024-12-05T12:01:46.274592+00:00,1 40697U 15028A   24340.50123003  .00000488  00000-0  20273-3 0  9996,2 40697  98.5700  52.3010 0001006  93.8146 266.3151 14.30814937493848
2024-12-05T18:44:34.149120+00:00,1 40697U 15028A   24340.78095080  .00000456  00000-0  19069-3 0  9995,2 40697  98.5699  52.5767 0001002  93.8917 266.2380 14.30815064493887
2024-12-05T22:05:58.085088+00:00,1 40697U 15028A   24340.92081117  .00000427  00000-0  17952-3 0  9994,2 40697  98.5699  52.7146 0001004  93.9417 266.1881 14.30815068493898
2024-12-06T03:08:03.987744+00:00,1 40697U 15028A   24341.13060171  .00000419  00000-0  17637-3 0  9996,2 40697  98.5699  52.9214 0001002  93.9773 266.1524 14.30815270493933
2024-12-06T11:31:33.818592+00:00,1 40697U 15028A   24341.48025253  .00000442  00000-0  18526-3 0  9990,2 40697  98.5699  53.2661 0001007  94.2599 265.8699 14.30815764493980
2024-12-06T14:52:57.749376+00:00,1 40697U 15028A   24341.62011284  .00000429  00000-0  18017-3 0  9995,2 40697  98.5699  53.4039 0001006  94.3174 265.8124 14.30815861493992
2024-12-06T18:14:21.678432+00:00,1 40697U 15028A   24341.75997313  .00000426  00000-0  17917-3 0  9990,2 40697  98.5699  53.5418 0001007  94.3737 265.7561 14.30816001494026
2024-12-06T21:35:45.604032+00:00,1 40697U 15028A   24341.89983338  .00000403  00000-0  17027-3 0  9994,2 40697  98.5698  53.6797 0001009  94.4356 265.6942 14.30816038494039
2024-12-07T04:18:33.458688+00:00,1 40697U 15028A   24342.17955392  .00000390  00000-0  16534-3 0  9992,2 40697  98.5698  53.9554 0001005  94.5688 265.5610 14.30816279494081
2024-12-07T11:01:21.306432+00:00,1 40697U 15028A   24342.45927438  .00000423  00000-0  17821-3 0  9990,2 40697  98.5698  54.2311 0001003  94.6738 265.4559 14.30816718494125
2024-12-07T12:42:03.266208+00:00,1 40697U 15028A   24342.52920447  .00000439  00000-0  18402-3 0  9994,2 40697  98.5698  54.3001 0001002  94.5327 265.5970 14.30816868494128
2024-12-07T19:24:51.107904+00:00,1 40697U 15028A   24342.80892486  .00000436  00000-0  18296-3 0  9994,2 40697  98.5698  54.5758 0001000  94.5282 265.6015 14.30817150494178
2024-12-07T21:05:33.065952+00:00,1 40697U 15028A   24342.87885493  .00000429  00000-0  18022-3 0  9990,2 40697  98.5698  54.6447 0001000  94.5466 265.5831 14.30817177494172
2024-12-08T03:48:20.902464+00:00,1 40697U 15028A   24343.15857526  .00000411  00000-0  17345-3 0  9996,2 40697  98.5698  54.9205 0001004  94.9988 265.1310 14.30817419494227
2024-12-08T10:31:08.738112+00:00,1 40697U 15028A   24343.43829558  .00000409  00000-0  17276-3 0  9991,2 40697  98.5698  55.1962 0001009  95.3140 264.8158 14.30817691494262
2024-12-08T12:11:50.694432+00:00,1 40697U 15028A   24343.50822563  .00000407  00000-0  17191-3 0  9992,2 40697  98.5698  55.2651 0001008  95.2672 264.8626 14.30817744494265
2024-12-08T18:54:38.521440+00:00,1 40697U 15028A   24343.78794585  .00000404  00000-0  17072-3 0  9999,2 40697  98.5697  55.5409 0001008  95.3971 264.7327 14.30818011494312
2024-12-08T22:16:02.427168+00:00,1 40697U 15028A   24343.92780587  .00000406  00000-0  17158-3 0  9999,2 40697  98.5697  55.6787 0001008  95.4989 264.6309 14.30818194494324
2024-12-09T03:18:08.292672+00:00,1 40697U 15028A   24344.13759598  .00000403  00000-0  17024-3 0  9990,2 40697  98.5697  55.8855 0001005  95.5223 264.6075 14.30818389494361
2024-12-09T11:41:38.067360+00:00,1 40697U 15028A   24344.48724615  .00000412  00000-0  17388-3 0  9993,2 40697  98.5697  56.2302 0001007  95.5331 264.5966 14.30818744494414
2024-12-09T13:22:20.021952+00:00,1 40697U 15028A   24344.55717618  .00000403  00000-0  17024-3 0  9993,2 40697  98.5697  56.2991 0001005  95.5141 264.6157 14.30818757494412
2024-12-09T18:24:25.881408+00:00,1 40697U 15028A   24344.76696622  .00000402  00000-0  16984-3 0  9990,2 40697  98.5697  56.5059 0001005  95.6302 264.4996 14.30818949494456
2024-12-09T21:45:49.777632+00:00,1 40697U 15028A   24344.90682613  .00000418  00000-0  17614-3 0  9999,2 40697  98.5697  56.6438 0001005  95.6313 264.4984 14.30819201494460
2024-12-10T04:28:37.585632+00:00,1 40697U 15028A   24345.18654613  .00000407  00000-0  17176-3 0  9990,2 40697  98.5696  56.9195 0001000  95.5611 264.5686 14.30819413494518
2024-12-10T11:11:25.388448+00:00,1 40697U 15028A   24345.46626607  .00000410  00000-0  17310-3 0  9997,2 40697  98.5696  57.1952 0001001  95.6555 264.4742 14.30819648494557
2024-12-10T14:32:49.295904+00:00,1 40697U 15028A   24345.60612611  .00000372  00000-0  15857-3 0  9994,2 40697  98.5696  57.3331 0000999  95.7332 264.3964 14.30819558494565
2024-12-10T17:54:13.194720+00:00,1 40697U 15028A   24345.74598605  .00000369  00000-0  15731-3 0  9992,2 40697  98.5696  57.4710 0000998  95.5238 264.6059 14.30819679494594
2024-12-10T19:34:55.144992+00:00,1 40697U 15028A   24345.81591603  .00000339  00000-0  14615-3 0  9998,2 40697  98.5696  57.5399 0000998  95.6228 264.5068 14.30819573494590
2024-12-11T03:58:24.888576+00:00,1 40697U 15028A   24346.16556584  .00000337  00000-0  14506-3 0  9993,2 40697  98.5696  57.8845 0000998  95.7475 264.3821 14.30819868494653
2024-12-11T12:21:54.626112+00:00,1 40697U 15028A   24346.51521558  .00000358  00000-0  15313-3 0  9995,2 40697  98.5695  58.2292 0001001  95.9812 264.1485 14.30820274494697
2024-12-11T19:04:42.412512+00:00,1 40697U 15028A   24346.79493533  .00000347  00000-0  14901-3 0  9996,2 40697  98.5695  58.5049 0001002  96.1449 263.9848 14.30820442494743
2024-12-11T22:26:06.301824+00:00,1 40697U 15028A   24346.93479516  .00000331  00000-0  14299-3 0  9990,2 40697  98.5695  58.6428 0001004  96.4278 263.7019 14.30820463494752
2024-12-12T03:28:12.139680+00:00,1 40697U 15028A   24347.14458495  .00000321  00000-0  13894-3 0  9996,2 40697  98.5695  58.8496 0001002  96.4044 263.7253 14.30820603494798
2024-12-12T08:30:17.977536+00:00,1 40697U 15028A   24347.35437474  .00000328  00000-0  14172-3 0  9990,2 40697  98.5695  59.0563 0001006  96.5376 263.5921 14.30820801494823
2024-12-12T13:32:23.814528+00:00,1 40697U 15028A   24347.56416452  .00000294  00000-0  12899-3 0  9992,2 40697  98.5694  59.2631 0001005  96.5374 263.5924 14.30820797494846
2024-12-12T18:34:29.645472+00:00,1 40697U 15028A   24347.77395423  .00000294  00000-0  12894-3 0  9994,2 40697  98.5694  59.4699 0001008  96.6786 263.4511 14.30820963494883
2024-12-12T21:55:53.528736+00:00,1 40697U 15028A   24347.91381399  .00000285  00000-0  12550-3 0  9996,2 40697  98.5694  59.6078 0001009  96.7137 263.4160 14.30821034494899
2024-12-13T04:38:41.301312+00:00,1 40697U 15028A   24348.19353358  .00000277  00000-0  12228-3 0  9994,2 40697  98.5693  59.8835 0001007  96.7133 263.4164 14.30821222494944
2024-12-13T11:21:29.076480+00:00,1 40697U 15028A   24348.47325320  .00000296  00000-0  12974-3 0  9992,2 40697  98.5693  60.1592 0001011  96.7035 263.4263 14.30821482494987
2024-12-13T13:02:11.017248+00:00,1 40697U 15028A   24348.54318307  .00000311  00000-0  13522-3 0  9995,2 40697  98.5693  60.2281 0001010  96.6251 263.5047 14.30821610494985
2024-12-13T18:04:16.841280+00:00,1 40697U 15028A   24348.75297270  .00000311  00000-0  13536-3 0  9998,2 40697  98.5693  60.4349 0001008  96.6480 263.4818 14.30821769495029
2024-12-14T04:08:28.479840+00:00,1 40697U 15028A   24349.17255185  .00000302  00000-0  13168-3 0  9995,2 40697  98.5692  60.8485 0001005  96.6725 263.4572 14.30822040495088
2024-12-14T10:51:16.241184+00:00,1 40697U 15028A   24349.45227131  .00000318  00000-0  13804-3 0  9990,2 40697  98.5692  61.1242 0001009  97.0241 263.1057 14.30822308495122
2024-12-14T12:31:58.177632+00:00,1 40697U 15028A   24349.52220113  .00000329  00000-0  14228-3 0  9994,2 40697  98.5692  61.1932 0001007  96.9850 263.1448 14.30822425495124
2024-12-14T17:34:03.990432+00:00,1 40697U 15028A   24349.73199063  .00000336  00000-0  14469-3 0  9991,2 40697  98.5692  61.4000 0001006  97.0197 263.1100 14.30822619495162
2024-12-14T20:55:27.859008+00:00,1 40697U 15028A   24349.87185022  .00000362  00000-0  15489-3 0  9998,2 40697  98.5691  61.5378 0001006  97.0449 263.0849 14.30822863495171
2024-12-15T03:38:15.604800+00:00,1 40697U 15028A   24350.15156950  .00000356  00000-0  15234-3 0  9990,2 40697  98.5691  61.8135 0001008  97.1725 262.9572 14.30823077495220
2024-12-15T10:21:03.344544+00:00,1 40697U 15028A   24350.43128871  .00000362  00000-0  15487-3 0  9999,2 40697  98.5690  62.0892 0001011  97.4131 262.7166 14.30823330495263
2024-12-15T14:16:42.898080+00:00,1 40697U 15028A   24350.59494095  .00000346  00000-0  14868-3 0  9994,2 40697  98.5687  62.2492 0000951  90.4599  32.1537 14.30823276495282
2024-12-15T18:44:33.020736+00:00,1 40697U 15028A   24350.78093774  .00000350  00000-0  15014-3 0  9993,2 40697  98.5690  62.4339 0001012  97.4986 262.6312 14.30823516495316
2024-12-15T20:25:14.952864+00:00,1 40697U 15028A   24350.85086751  .00000360  00000-0  15387-3 0  9992,2 40697  98.5690  62.5028 0001012  97.4761 262.6537 14.30823608495314
2024-12-16T03:08:02.685696+00:00,1 40697U 15028A   24351.13058664  .00000365  00000-0  15582-3 0  9998,2 40697  98.5689  62.7785 0001007  97.3388 262.7909 14.30823842495361
2024-12-16T11:31:32.353248+00:00,1 40697U 15028A   24351.48023557  .00000349  00000-0  14983-3 0  9995,2 40697  98.5689  63.1232 0001013  97.5880 262.5417 14.30824011495416
2024-12-16T13:12:14.283648+00:00,1 40697U 15028A   24351.55016532  .00000362  00000-0  15484-3 0  9990,2 40697  98.5689  63.1921 0001010  97.5016 262.6281 14.30824144495416
2024-12-16T18:14:20.077440+00:00,1 40697U 15028A   24351.75995460  .00000364  00000-0  15544-3 0  9997,2 40697  98.5688  63.3989 0001009  97.5607 262.5690 14.30824313495450
2024-12-16T21:35:43.941696+00:00,1 40697U 15028A   24351.89981414  .00000360  00000-0  15392-3 0  9993,2 40697  98.5688  63.5367 0001010  97.5766 262.5531 14.30824371495469
2024-12-17T04:18:31.661568+00:00,1 40697U 15028A   24352.17953312  .00000360  00000-0  15408-3 0  9999,2 40697  98.5688  63.8125 0001008  97.6056 262.5241 14.30824602495515
2024-12-17T11:01:19.373664+00:00,1 40697U 15028A   24352.45925201  .00000352  00000-0  15074-3 0  9996,2 40697  98.5687  64.0882 0001011  97.9744 262.1553 14.30824770495550
2024-12-17T12:42:01.300608+00:00,1 40697U 15028A   24352.52918172  .00000359  00000-0  15358-3 0  9995,2 40697  98.5687  64.1571 0001008  97.9172 262.2126 14.30824873495558
2024-12-17T17:44:07.083168+00:00,1 40697U 15028A   24352.73897087  .00000362  00000-0  15469-3 0  9996,2 40697  98.5687  64.3638 0001014  98.1080 262.0218 14.30825071495597
2024-12-17T21:05:30.937056+00:00,1 40697U 15028A   24352.87883029  .00000393  00000-0  16642-3 0  9990,2 40697  98.5686  64.5017 0001018  98.2251 261.9047 14.30825318495608
2024-12-18T03:48:18.641376+00:00,1 40697U 15028A   24353.15854909  .00000387  00000-0  16407-3 0  9999,2 40697  98.5686  64.7774 0001012  98.1663 261.9634 14.30825530495653
2024-12-18T10:31:06.345696+00:00,1 40697U 15028A   24353.43826789  .00000364  00000-0  15557-3 0  9995,2 40697  98.5686  65.0531 0001012  98.3223 261.8075 14.30825609495680
2024-12-18T15:33:12.122208+00:00,1 40697U 15028A   24353.64805697  .00000344  00000-0  14787-3 0  9995,2 40697  98.5686  65.2599 0001013  98.4148 261.7150 14.30825668495727
2024-12-19T04:58:48.050112+00:00,1 40697U 15028A   24354.20750058  .00000337  00000-0  14535-3 0  9991,2 40697  98.5684  65.8113 0001016  94.5644 265.5655 14.30810050495792
2024-12-19T04:58:48.050112+00:00,1 40697U 15028A   24354.20750058  .00000374  00000-0  15937-3 0  9999,2 40697  98.5683  65.8113 0001017  94.4460 265.6839 14.30810258495804
2024-12-19T11:41:36.009312+00:00,1 40697U 15028A   24354.48722233  .00000538  00000-0  22193-3 0  9997,2 40697  98.5684  66.0869 0001012  94.2090 265.9208 14.30810349495846
2024-12-19T13:22:18.003648+00:00,1 40697U 15028A   24354.55715282  .00000360  00000-0  15392-3 0  9997,2 40697  98.5684  66.1559 0001007  93.9755 266.1543 14.30810154495840
2024-12-19T18:24:23.971104+00:00,1 40697U 15028A   24354.76694411  .00000203  00000-0  94178-4 0  9996,2 40697  98.5684  66.3626 0001011  94.5258 265.6041 14.30810247495881
2024-12-19T21:45:47.947680+00:00,1 40697U 15028A   24354.90680495  .00000230  00000-0  10435-3 0  9992,2 40697  98.5683  66.5004 0001012  94.8448 265.2851 14.30810377495897
2024-12-20T04:28:35.901696+00:00,1 40697U 15028A   24355.18652664  .00000228  00000-0  10377-3 0  9992,2 40697  98.5683  66.7761 0001007  94.4210 265.7087 14.30810569495941
2024-12-20T11:11:23.842752+00:00,1 40697U 15028A   24355.46624818  .00000231  00000-0  10463-3 0  9993,2 40697  98.5683  67.0518 0001008  94.7423 265.3875 14.30810804495982
2024-12-20T14:32:47.820192+00:00,1 40697U 15028A   24355.60610903  .00000214  00000-0  98121-4 0  9998,2 40697  98.5683  67.1897 0001009  95.1310 264.9987 14.30810797495995
2024-12-20T16:13:29.806752+00:00,1 40697U 15028A   24355.67603943  .00000213  00000-0  97727-4 0  9991,2 40697  98.5683  67.2586 0001008  95.0880 265.0418 14.30810840496015
2024-12-20T21:15:35.761248+00:00,1 40697U 15028A   24355.88583057  .00000241  00000-0  10846-3 0  9994,2 40697  98.5682  67.4653 0001009  95.0758 265.0540 14.30811116496031
2024-12-21T03:58:23.701440+00:00,1 40697U 15028A   24356.16555210  .00000238  00000-0  10750-3 0  9996,2 40697  98.5682  67.7410 0001010  95.0888 265.0410 14.30811310496088
2024-12-21T10:41:11.639904+00:00,1 40697U 15028A   24356.44527361  .00000219  00000-0  10026-3 0  9998,2 40697  98.5682  68.0167 0001012  95.1915 264.9383 14.30811396496121
2024-12-21T12:21:53.622144+00:00,1 40697U 15028A   24356.51520396  .00000230  00000-0  10429-3 0  9997,2 40697  98.5682  68.0856 0001012  95.0638 265.0660 14.30811505496129
2024-12-21T19:04:41.539872+00:00,1 40697U 15028A   24356.79492523  .00000319  00000-0  13832-3 0  9996,2 40697  98.5682  68.3613 0000997  95.1669 264.9627 14.30811965496175
2024-12-21T22:26:05.498304+00:00,1 40697U 15028A   24356.93478586  .00000353  00000-0  15144-3 0  9991,2 40697  98.5682  68.4992 0000996  95.1261 265.0036 14.30812267496186
2024-12-22T03:28:11.440704+00:00,1 40697U 15028A   24357.14457686  .00000347  00000-0  14886-3 0  9998,2 40697  98.5681  68.7060 0000996  95.2875 264.8422 14.30812419496226
2024-12-22T11:51:41.342400+00:00,1 40697U 15028A   24357.49422850  .00000324  00000-0  14018-3 0  9993,2 40697  98.5682  69.0506 0000997  95.4193 264.7103 14.30812574496274
2024-12-22T13:32:23.320320+00:00,1 40697U 15028A   24357.56415880  .00000329  00000-0  14228-3 0  9994,2 40697  98.5681  69.1195 0000998  95.4413 264.6884 14.30812659496273
2024-12-22T20:15:11.230272+00:00,1 40697U 15028A   24357.84387998  .00000367  00000-0  15655-3 0  9990,2 40697  98.5681  69.3952 0000997  95.4663 264.6634 14.30813086496315
2024-12-23T04:38:41.115552+00:00,1 40697U 15028A   24358.19353143  .00000367  00000-0  15663-3 0  9993,2 40697  98.5681  69.7398 0000997  95.5909 264.5387 14.30813379496372
2024-12-23T08:00:05.065344+00:00,1 40697U 15028A   24358.33339196  .00000376  00000-0  15992-3 0  9996,2 40697  98.5681  69.8776 0001000  95.6606 264.4691 14.30813546496399
2024-12-23T14:42:52.975296+00:00,1 40697U 15028A   24358.61311314  .00000343  00000-0  14749-3 0  9992,2 40697  98.5681  70.1533 0001000  95.8221 264.3076 14.30813595496424
2024-12-23T19:44:58.899552+00:00,1 40697U 15028A   24358.82290393  .00000344  00000-0  14786-3 0  9990,2 40697  98.5681  70.3601 0000995  95.6409 264.4888 14.30813756496465
2024-12-24T04:08:28.761504+00:00,1 40697U 15028A   24359.17255511  .00000374  00000-0  15934-3 0  9991,2 40697  98.5680  70.7047 0000991  95.5147 264.6149 14.30814235496517
2024-12-24T10:51:16.645536+00:00,1 40697U 15028A   24359.45227599  .00000409  00000-0  17280-3 0  9992,2 40697  98.5680  70.9804 0000997  95.9834 264.1462 14.30814667496559
2024-12-24T12:31:58.619136+00:00,1 40697U 15028A   24359.52220624  .00000403  00000-0  17041-3 0  9991,2 40697  98.5680  71.0493 0000997  95.9404 264.1893 14.30814689496550
2024-12-24T19:14:46.501440+00:00,1 40697U 15028A   24359.80192710  .00000396  00000-0  16774-3 0  9999,2 40697  98.5680  71.3250 0000989  95.6844 264.4451 14.30814904496609
2024-12-24T20:55:28.470720+00:00,1 40697U 15028A   24359.87185730  .00000396  00000-0  16780-3 0  9997,2 40697  98.5680  71.3939 0000989  95.6259 264.5036 14.30814963496608
2024-12-25T12:01:46.184736+00:00,1 40697U 15028A   24360.50122899  .00000433  00000-0  18195-3 0  9990,2 40697  98.5680  72.0142 0000993  95.9006 264.2291 14.30815761496708
2024-12-25T13:42:28.153152+00:00,1 40697U 15028A   24360.57115918  .00000439  00000-0  18410-3 0  9997,2 40697  98.5679  72.0831 0000997  96.0912 264.0385 14.30815858496702
2024-12-25T15:23:10.118976+00:00,1 40697U 15028A   24360.64108934  .00000442  00000-0  18535-3 0  9997,2 40697  98.5679  72.1520 0000996  96.0162 264.1134 14.30815938496728
2024-12-26T03:08:03.885792+00:00,1 40697U 15028A   24361.13060053  .00000386  00000-0  16404-3 0  9991,2 40697  98.5679  72.6345 0000993  96.0937 264.0359 14.30816059496795
2024-12-26T06:29:27.815712+00:00,1 40697U 15028A   24361.27046083  .00000423  00000-0  17808-3 0  9994,2 40697  98.5679  72.7723 0000993  96.1074 264.0222 14.30816374496800
2024-12-26T11:31:33.707136+00:00,1 40697U 15028A   24361.48025124  .00000420  00000-0  17704-3 0  9992,2 40697  98.5679  72.9791 0000993  96.1247 264.0049 14.30816547496831
2024-12-26T11:31:33.707136+00:00,1 40697U 15028A   24361.48025124  .00000420  00000-0  17704-3 0  9992,2 40697  98.5679  72.9791 0000993  96.1247 264.0049 14.30816547496842
2024-12-26T18:14:21.551424+00:00,1 40697U 15028A   24361.75997166  .00000458  00000-0  19129-3 0  9990,2 40697  98.5678  73.2548 0000995  96.3734 263.7562 14.30817013496889
2024-12-26T21:35:45.478752+00:00,1 40697U 15028A   24361.89983193  .00000424  00000-0  17843-3 0  9994,2 40697  98.5678  73.3926 0000997  96.4054 263.7243 14.30816945496898
2024-12-27T02:37:51.361536+00:00,1 40697U 15028A   24362.10962224  .00000424  00000-0  17832-3 0  9999,2 40697  98.5678  73.5993 0000994  96.4280 263.7016 14.30817139496931
2024-12-27T11:01:21.163872+00:00,1 40697U 15028A   24362.45927273  .00000432  00000-0  18155-3 0  9990,2 40697  98.5677  73.9439 0000995  96.5679 263.5617 14.30817513496989
2024-12-27T12:42:03.124512+00:00,1 40697U 15028A   24362.52920283  .00000434  00000-0  18225-3 0  9992,2 40697  98.5677  74.0129 0000995  96.5722 263.5574 14.30817582496984
2024-12-27T19:24:50.954976+00:00,1 40697U 15028A   24362.80892309  .00000441  00000-0  18474-3 0  9994,2 40697  98.5677  74.2885 0000997  96.7367 263.3929 14.30817885497039
2024-12-27T21:05:32.912160+00:00,1 40697U 15028A   24362.87885315  .00000432  00000-0  18141-3 0  9991,2 40697  98.5677  74.3574 0000995  96.6682 263.4614 14.30817906497038
2024-12-28T02:07:38.783712+00:00,1 40697U 15028A   24363.08864333  .00000423  00000-0  17800-3 0  9993,2 40697  98.5676  74.5642 0000992  96.6617 263.4679 14.30818081497070
2024-12-28T12:11:50.516448+00:00,1 40697U 15028A   24363.50822357  .00000455  00000-0  19017-3 0  9997,2 40697  98.5676  74.9777 0001001  97.1492 262.9805 14.30818654497129
2024-12-28T12:11:50.516448+00:00,1 40697U 15028A   24363.50822357  .00000455  00000-0  19017-3 0  9997,2 40697  98.5676  74.9777 0001001  97.1492 262.9805 14.30818654497130
2024-12-28T18:54:38.327040+00:00,1 40697U 15028A   24363.78794360  .00000454  00000-0  18978-3 0  9993,2 40697  98.5675  75.2534 0001004  97.4702 262.6595 14.30818954497174
2024-12-29T11:41:37.847040+00:00,1 40697U 15028A   24364.48724360  .00000453  00000-0  18958-3 0  9991,2 40697  98.5674  75.9425 0001002  97.7526 262.3771 14.30819628497277
2024-12-29T13:22:19.794720+00:00,1 40697U 15028A   24364.55717355  .00000461  00000-0  19253-3 0  9993,2 40697  98.5674  76.0115 0001005  97.7907 262.3390 14.30819761497276
2024-12-29T18:24:25.642080+00:00,1 40697U 15028A   24364.76696345  .00000458  00000-0  19120-3 0  9990,2 40697  98.5673  76.2182 0001004  97.9016 262.2281 14.30819958497314
2024-12-29T21:45:49.534848+00:00,1 40697U 15028A   24364.90682332  .00000476  00000-0  19821-3 0  9995,2 40697  98.5673  76.3560 0001004  97.9534 262.1763 14.30820198497323
2024-12-30T04:28:37.324704+00:00,1 40697U 15028A   24365.18654311  .00000468  00000-0  19529-3 0  9998,2 40697  98.5673  76.6317 0001000  97.9624 262.1673 14.30820466497375
2024-12-30T09:30:43.162560+00:00,1 40697U 15028A   24365.39633290  .00000560  00000-0  23014-3 0  9991,2 40697  98.5672  76.8385 0000999  98.0247 262.1049 14.30821144497405
2024-12-30T11:11:25.106784+00:00,1 40697U 15028A   24365.46626281  .00000561  00000-0  23049-3 0  9990,2 40697  98.5672  76.9074 0000997  97.9935 262.1361 14.30821221497415
2024-12-30T14:32:48.986592+00:00,1 40697U 15028A   24365.60612253  .00000599  00000-0  24508-3 0  9992,2 40697  98.5672  77.0452 0000992  97.7189 262.4106 14.30821614497428
2024-12-30T17:54:12.868992+00:00,1 40697U 15028A   24365.74598228  .00000605  00000-0  24748-3 0  9996,2 40697  98.5672  77.1831 0000996  97.7826 262.3470 14.30821822497459
2024-12-30T21:15:36.764352+00:00,1 40697U 15028A   24365.88584218  .00000514  00000-0  21284-3 0  9996,2 40697  98.5671  77.3209 0000997  97.8669 262.2627 14.30821438497463
