date,f107,kp
1957-10-01,269.3,3.4125
1957-10-02,253.3,2.5625
1957-10-03,266.3,3.125
1957-10-04,238.2,2.7125
1957-10-05,246.2,2.425
1957-10-06,251.2,0.5375
1957-10-07,254.3,1.5125
1957-10-08,262.6,0.575
1957-10-09,276.6,1.8625
1957-10-10,276.6,3.2125
1957-10-11,279.7,3.3125
1957-10-12,285.7,2.7625
1957-10-13,282.7,3.6125
1957-10-14,290.7,4.9875
1957-10-15,278.9,2.5375
1957-10-16,291.0,0.9
1957-10-17,273.9,1.7375
1957-10-18,296.1,1.55
1957-10-19,293.0,2.05
1957-10-20,305.1,2.4125
1957-10-21,284.0,3.4375
1957-10-22,276.2,3.3375
1957-10-23,297.4,3.175
1957-10-24,282.2,2.1375
1957-10-25,261.1,2.0375
1957-10-26,268.1,1.95
1957-10-27,298.4,2.5375
1957-10-28,325.6,2.6625
1957-10-29,344.7,3.3
1957-10-30,346.8,2.8875
1957-10-31,320.5,1.7625
1957-11-01,303.0,2.0375
1957-11-02,291.9,1.8375
1957-11-03,268.7,2.5625
1957-11-04,238.4,0.95
1957-11-05,242.4,0.925
1957-11-06,241.4,2.4125
1957-11-07,245.4,3.45
1957-11-08,237.6,3.1
1957-11-09,232.5,4.075
1957-11-10,234.6,3.8375
1957-11-11,248.7,3.5625
1957-11-12,259.8,3.15
1957-11-13,252.7,2.5
1957-11-14,250.7,3.6
1957-11-15,245.1,3.4625
1957-11-16,245.1,2.375
1957-11-17,231.0,1.475
1957-11-18,250.2,3.75
1957-11-19,254.3,2.2625
1957-11-20,264.4,2.375
1957-11-21,277.6,0.9375
1957-11-22,298.1,1.4875
1957-11-23,283.9,1.7125
1957-11-24,289.0,2.6625
1957-11-25,274.8,4.0625
1957-11-26,262.6,5.3375
1957-11-27,261.6,4.65
1957-11-28,258.6,3.9375
1957-11-29,250.5,3.025
1957-11-30,281.9,2.325
1957-12-01,299.7,3.85
1957-12-02,274.3,3.1
1957-12-03,287.5,2.7
1957-12-04,282.4,2.175
1957-12-05,277.4,3.9125
1957-12-06,275.3,3.975
1957-12-07,237.7,3.4
1957-12-08,246.1,2.4625
1957-12-09,232.9,3.3
1957-12-10,213.6,3.625
1957-12-11,214.6,4.625
1957-12-12,212.6,4.1125
1957-12-13,225.8,3.2875
1957-12-14,231.9,2.05
1957-12-15,240.2,3.3375
1957-12-16,256.5,2.7875
1957-12-17,283.0,3.325
1957-12-18,296.2,2.5
1957-12-19,298.3,3.3875
1957-12-20,339.0,3.3875
1957-12-21,354.3,2.7125
1957-12-22,371.2,1.0875
1957-12-23,383.4,1.0
1957-12-24,376.3,1.675
1957-12-25,369.2,2.9625
1957-12-26,362.1,3.2125
1957-12-27,347.8,1.7375
1957-12-28,322.4,1.0375
1957-12-29,286.8,1.3625
1957-12-30,280.7,2.9125
1957-12-31,284.8,5.175
1958-01-01,261.4,4.7375
1958-01-02,267.5,3.325
1958-01-03,266.5,1.05
1958-01-04,265.4,0.8
1958-01-05,250.2,1.575
1958-01-06,258.3,1.8375
1958-01-07,259.3,1.675
1958-01-08,259.1,1.4125
1958-01-09,263.1,2.4875
1958-01-10,278.4,2.175
1958-01-11,277.4,2.6
1958-01-12,294.6,2.8375
1958-01-13,315.0,2.9625
1958-01-14,326.1,2.7625
1958-01-15,313.3,3.0125
1958-01-16,301.2,2.7125
1958-01-17,289.0,3.65
1958-01-18,263.6,4.0375
1958-01-19,241.3,2.5875
1958-01-20,254.5,3.1625
1958-01-21,242.3,3.725
1958-01-22,229.7,3.25
1958-01-23,212.5,3.575
1958-01-24,213.5,2.3
1958-01-25,208.5,3.1625
1958-01-26,222.6,2.8125
1958-01-27,202.4,1.9125
1958-01-28,191.3,1.7875
1958-01-29,196.3,2.725
1958-01-30,183.2,2.0875
1958-01-31,189.2,2.0875
1958-02-01,197.1,2.0875
1958-02-02,219.4,2.0375
1958-02-03,224.4,1.575
1958-02-04,235.6,2.8
1958-02-05,251.7,4.1375
1958-02-06,254.8,4.15
1958-02-07,259.8,3.875
1958-02-08,252.2,3.975
1958-02-09,236.1,3.2125
1958-02-10,233.1,3.4625
1958-02-11,230.1,7.45
1958-02-12,228.0,5.2875
1958-02-13,224.0,3.2125
1958-02-14,211.9,3.4875
1958-02-15,203.6,2.0
1958-02-16,188.5,2.6125
1958-02-17,184.5,4.225
1958-02-18,178.4,4.2
1958-02-19,174.4,3.8
1958-02-20,173.4,3.8875
1958-02-21,176.4,4.125
1958-02-22,177.2,3.85
1958-02-23,195.4,3.5
1958-02-24,207.4,2.0625
1958-02-25,208.4,1.35
1958-02-26,206.4,1.75
1958-02-27,198.4,2.05
1958-02-28,197.3,2.8625
1958-03-01,196.2,1.5
1958-03-02,210.3,1.5375
1958-03-03,224.3,3.1625
1958-03-04,233.4,4.0
1958-03-05,234.4,4.3875
1958-03-06,252.5,4.4
1958-03-07,257.5,3.875
1958-03-08,252.3,3.45
1958-03-09,256.3,3.35
1958-03-10,243.2,3.2625
1958-03-11,236.2,3.35
1958-03-12,233.2,5.0875
1958-03-13,239.2,4.8375
1958-03-14,228.1,2.775
1958-03-15,217.9,3.55
1958-03-16,214.9,2.8625
1958-03-17,208.8,3.7625
1958-03-18,210.8,4.175
1958-03-19,220.9,4.8
1958-03-20,232.9,4.5
1958-03-21,224.9,4.25
1958-03-22,266.8,3.1375
1958-03-23,268.8,3.4125
1958-03-24,274.8,3.9125
1958-03-25,258.8,4.1625
1958-03-26,284.9,3.7875
1958-03-27,302.9,3.05
1958-03-28,295.9,2.8375
1958-03-29,333.0,2.2125
1958-03-30,345.0,3.75
1958-03-31,339.0,3.2375
1958-04-01,331.7,3.3875
1958-04-02,326.7,4.275
1958-04-03,302.6,3.2375
1958-04-04,295.6,4.3125
1958-04-05,290.6,3.7875
1958-04-06,289.6,3.5875
1958-04-07,283.6,3.2
1958-04-08,272.5,2.225
1958-04-09,250.5,2.0
1958-04-10,244.5,1.2375
1958-04-11,216.4,1.7875
1958-04-12,196.4,1.375
1958-04-13,179.4,1.5
1958-04-14,177.4,3.2
1958-04-15,188.2,3.675
1958-04-16,197.2,4.25
1958-04-17,207.2,5.125
1958-04-18,213.2,4.825
1958-04-19,221.2,3.7375
1958-04-20,226.2,2.9875
1958-04-21,229.2,2.7875
1958-04-22,237.2,1.6375
1958-04-23,235.2,1.625
1958-04-24,244.2,2.8375
1958-04-25,248.2,2.1625
1958-04-26,245.2,2.075
1958-04-27,247.2,2.125
1958-04-28,258.3,3.7875
1958-04-29,255.3,4.1625
1958-04-30,265.3,4.0625
1958-05-01,266.3,3.5
1958-05-02,276.3,2.2625
1958-05-03,278.3,1.7125
1958-05-04,280.3,2.0125
1958-05-05,269.3,2.3875
1958-05-06,263.3,1.8625
1958-05-07,249.2,1.5125
1958-05-08,236.2,2.4375
1958-05-09,239.2,2.2625
1958-05-10,209.2,3.425
1958-05-11,211.2,2.05
1958-05-12,209.2,2.3125
1958-05-13,203.2,3.9125
1958-05-14,194.2,4.5125
1958-05-15,196.0,3.8875
1958-05-16,194.0,3.0
1958-05-17,194.0,3.1625
1958-05-18,197.0,3.2125
1958-05-19,197.0,2.3375
1958-05-20,197.0,1.2125
1958-05-21,199.0,1.4625
1958-05-22,199.0,1.25
1958-05-23,206.0,1.0125
1958-05-24,211.0,0.525
1958-05-25,207.0,1.7375
1958-05-26,210.0,4.2875
1958-05-27,201.0,3.625
1958-05-28,202.0,3.1375
1958-05-29,219.0,5.05
1958-05-30,213.0,2.525
1958-05-31,209.0,4.7375
1958-06-01,219.0,4.875
1958-06-02,220.0,3.6625
1958-06-03,227.0,1.4625
1958-06-04,246.0,1.4125
1958-06-05,256.0,1.75
1958-06-06,260.0,2.5375
1958-06-07,238.0,5.2125
1958-06-08,233.0,2.3125
1958-06-09,252.0,4.05
1958-06-10,234.0,4.1375
1958-06-11,235.0,3.3125
1958-06-12,227.0,2.925
1958-06-13,220.0,2.1125
1958-06-14,208.0,2.2625
1958-06-15,197.0,3.0375
1958-06-16,191.0,2.25
1958-06-17,182.0,1.15
1958-06-18,177.0,1.625
1958-06-19,189.0,2.0375
1958-06-20,193.0,1.6375
1958-06-21,194.0,5.4
1958-06-22,213.0,4.3875
1958-06-23,217.0,2.75
1958-06-24,221.0,3.3
1958-06-25,226.0,3.0375
1958-06-26,233.0,2.075
1958-06-27,237.0,1.8625
1958-06-28,232.0,4.4625
1958-06-29,220.0,6.0
1958-06-30,217.0,2.175
1958-07-01,215.0,2.925
1958-07-02,215.0,1.7
1958-07-03,224.0,2.8375
1958-07-04,232.0,3.475
1958-07-05,238.0,2.4625
1958-07-06,232.0,1.3625
1958-07-07,237.0,2.9125
1958-07-08,232.0,6.925
1958-07-09,218.0,5.625
1958-07-10,208.0,3.0
1958-07-11,203.0,2.9125
1958-07-12,188.0,3.4875
1958-07-13,191.0,2.8375
1958-07-14,182.0,2.7
1958-07-15,181.0,1.6125
1958-07-16,192.0,1.75
1958-07-17,188.0,2.5875
1958-07-18,190.0,4.25
1958-07-19,205.0,3.5125
1958-07-20,200.0,3.55
1958-07-21,209.0,4.2875
1958-07-22,214.0,3.2875
1958-07-23,213.0,1.65
1958-07-24,228.0,3.05
1958-07-25,240.0,3.575
1958-07-26,260.0,2.325
1958-07-27,261.0,3.875
1958-07-28,290.0,2.125
1958-07-29,285.0,1.95
1958-07-30,287.0,2.5375
1958-07-31,288.0,2.65
1958-08-01,274.0,2.7
1958-08-02,254.0,2.575
1958-08-03,237.0,2.225
1958-08-04,216.0,1.1625
1958-08-05,221.0,1.2875
1958-08-06,239.0,1.2125
1958-08-07,235.2,2.325
1958-08-08,236.2,1.125
1958-08-09,225.2,1.7125
1958-08-10,222.2,3.0
1958-08-11,225.2,2.8625
1958-08-12,222.2,2.35
1958-08-13,236.2,2.4125
1958-08-14,235.2,1.525
1958-08-15,231.2,2.2
1958-08-16,215.2,2.5625
1958-08-17,211.2,5.1625
1958-08-18,218.2,3.175
1958-08-19,219.2,2.5375
1958-08-20,220.2,1.5125
1958-08-21,231.2,1.6125
1958-08-22,239.2,3.9375
1958-08-23,243.2,2.7
1958-08-24,253.3,5.5375
1958-08-25,263.3,2.95
1958-08-26,264.3,2.825
1958-08-27,252.3,5.3
1958-08-28,244.2,2.6875
1958-08-29,252.3,2.5
1958-08-30,249.2,2.275
1958-08-31,259.3,1.7125
1958-09-01,261.5,1.25
1958-09-02,281.6,1.2
1958-09-03,270.5,4.8875
1958-09-04,256.5,6.1125
1958-09-05,233.5,4.9625
1958-09-06,216.4,1.75
1958-09-07,210.4,3.0375
1958-09-08,211.4,3.075
1958-09-09,235.5,3.8125
1958-09-10,245.5,2.575
1958-09-11,250.5,1.8625
1958-09-12,270.5,1.2875
1958-09-13,285.6,0.75
1958-09-14,290.6,1.075
1958-09-15,271.8,1.55
1958-09-16,263.8,4.6125
1958-09-17,259.8,2.4875
1958-09-18,246.7,1.05
1958-09-19,243.7,1.0375
1958-09-20,231.7,1.1375
1958-09-21,221.7,1.0
1958-09-22,250.0,0.825
1958-09-23,226.9,1.275
1958-09-24,225.9,1.5125
1958-09-25,222.9,5.8625
1958-09-26,218.9,3.6125
1958-09-27,219.9,2.3375
1958-09-28,225.9,1.825
1958-09-29,227.9,1.1875
1958-09-30,228.9,2.9375
1958-10-01,232.2,2.7
1958-10-02,222.1,2.175
1958-10-03,220.1,3.125
1958-10-04,216.1,1.2125
1958-10-05,200.0,2.75
1958-10-06,189.9,2.45
1958-10-07,189.9,2.8125
1958-10-08,188.1,2.025
1958-10-09,193.2,1.2125
1958-10-10,199.2,0.9625
1958-10-11,211.3,1.45
1958-10-12,220.3,0.7875
1958-10-13,226.3,1.7
1958-10-14,229.4,1.75
1958-10-15,231.6,2.325
1958-10-16,254.8,1.9125
1958-10-17,288.0,2.1125
1958-10-18,288.0,1.925
1958-10-19,298.1,2.0625
1958-10-20,279.9,1.525
1958-10-21,278.9,1.6375
1958-10-22,272.2,4.5375
1958-10-23,241.9,4.8375
1958-10-24,228.8,6.0875
1958-10-25,192.5,2.0
1958-10-26,195.6,2.3875
1958-10-27,192.5,3.6
1958-10-28,210.7,4.375
1958-10-29,221.8,3.3
1958-10-30,229.8,3.3625
1958-10-31,223.8,2.5875
1958-11-01,236.3,1.8625
1958-11-02,243.4,2.45
1958-11-03,226.2,2.5375
1958-11-04,222.2,2.1625
1958-11-05,224.2,0.575
1958-11-06,206.0,0.7125
1958-11-07,208.1,1.575
1958-11-08,193.1,0.75
1958-11-09,182.0,1.0375
1958-11-10,170.9,2.5
1958-11-11,167.8,2.6125
1958-11-12,167.8,2.0875
1958-11-13,164.8,1.5125
1958-11-14,167.8,0.75
1958-11-15,168.2,1.375
1958-11-16,171.2,2.0875
1958-11-17,175.2,2.1
1958-11-18,176.3,2.0
1958-11-19,185.4,1.3375
1958-11-20,189.4,0.9875
1958-11-21,196.5,0.9125
1958-11-22,202.8,0.775
1958-11-23,216.0,1.5625
1958-11-24,232.2,1.9
1958-11-25,246.4,2.0875
1958-11-26,267.7,2.0875
1958-11-27,271.8,2.25
1958-11-28,262.6,3.2125
1958-11-29,266.7,2.375
1958-11-30,267.7,0.4125
1958-12-01,272.3,0.5375
1958-12-02,263.1,3.25
1958-12-03,244.9,1.5375
1958-12-04,244.9,4.9625
1958-12-05,257.0,3.075
1958-12-06,253.0,2.375
1958-12-07,257.0,1.4625
1958-12-08,264.4,1.9
1958-12-09,258.3,2.3125
1958-12-10,273.6,0.9125
1958-12-11,260.4,1.9875
1958-12-12,261.4,1.4875
1958-12-13,264.4,4.8625
1958-12-14,262.4,3.2125
1958-12-15,239.2,2.3
1958-12-16,220.9,2.8625
1958-12-17,207.7,3.125
1958-12-18,205.6,3.3375
1958-12-19,190.4,3.425
1958-12-20,202.6,2.95
1958-12-21,201.6,2.0375
1958-12-22,214.6,2.1625
1958-12-23,218.7,2.4875
1958-12-24,227.8,1.8625
1958-12-25,234.9,1.125
1958-12-26,242.0,2.6
1958-12-27,230.9,2.575
1958-12-28,226.8,2.8375
1958-12-29,222.7,2.2625
1958-12-30,227.8,2.6375
1958-12-31,229.8,1.7875
1959-01-01,239.0,0.25
1959-01-02,254.2,0.875
1959-01-03,270.5,1.7
1959-01-04,274.6,1.7125
1959-01-05,286.8,3.3
1959-01-06,299.0,3.75
1959-01-07,311.2,3.2125
1959-01-08,282.4,3.2
1959-01-09,272.3,4.05
1959-01-10,286.5,4.875
1959-01-11,264.2,2.6625
1959-01-12,255.0,2.625
1959-01-13,238.8,2.1375
1959-01-14,227.6,1.7875
1959-01-15,209.9,1.8375
1959-01-16,216.0,2.875
1959-01-17,223.1,3.2125
1959-01-18,240.3,3.3375
1959-01-19,268.7,2.3375
1959-01-20,298.1,1.0
1959-01-21,319.4,0.775
1959-01-22,341.0,1.775
1959-01-23,331.9,1.9125
1959-01-24,338.0,1.05
1959-01-25,324.9,2.75
1959-01-26,317.8,2.7875
1959-01-27,325.9,2.0875
1959-01-28,307.6,2.2875
1959-01-29,265.1,2.95
1959-01-30,226.7,2.35
1959-01-31,216.6,2.675
1959-02-01,207.3,2.4625
1959-02-02,207.3,3.6125
1959-02-03,206.2,3.55
1959-02-04,203.2,4.4125
1959-02-05,193.1,3.8125
1959-02-06,197.1,3.25
1959-02-07,184.0,2.375
1959-02-08,183.6,2.55
1959-02-09,175.6,3.3375
1959-02-10,191.7,1.325
1959-02-11,200.8,4.0875
1959-02-12,200.8,3.6625
1959-02-13,202.8,3.3625
1959-02-14,200.8,3.9125
1959-02-15,214.7,4.25
1959-02-16,215.7,5.2875
1959-02-17,221.8,3.1
1959-02-18,219.7,1.1625
1959-02-19,219.7,2.5875
1959-02-20,229.8,1.0125
1959-02-21,225.8,1.575
1959-02-22,220.5,3.1125
1959-02-23,213.5,2.475
1959-02-24,221.5,1.0125
1959-02-25,228.6,5.4
1959-02-26,220.5,4.95
1959-02-27,212.5,3.9625
1959-02-28,202.4,4.7125
1959-03-01,188.1,4.7125
1959-03-02,182.1,4.2125
1959-03-03,182.1,3.7125
1959-03-04,179.1,2.825
1959-03-05,180.1,2.675
1959-03-06,191.1,1.425
1959-03-07,189.1,1.5875
1959-03-08,192.0,1.9625
1959-03-09,199.0,1.0875
1959-03-10,205.0,0.5875
1959-03-11,202.0,1.1125
1959-03-12,195.0,3.1875
1959-03-13,208.0,2.575
1959-03-14,216.1,1.8375
1959-03-15,235.9,1.5875
1959-03-16,247.0,1.0375
1959-03-17,260.0,1.5
1959-03-18,275.1,1.4625
1959-03-19,282.1,1.5375
1959-03-20,286.1,1.375
1959-03-21,288.1,1.4875
1959-03-22,262.8,1.3
1959-03-23,258.8,2.4375
1959-03-24,247.7,2.0
1959-03-25,248.7,3.8875
1959-03-26,247.7,5.1
1959-03-27,246.7,7.575
1959-03-28,248.7,5.7625
1959-03-29,245.7,5.5875
1959-03-30,258.8,3.1625
1959-03-31,254.8,3.2125
1959-04-01,256.5,1.925
1959-04-02,236.5,1.5625
1959-04-03,216.4,2.5
1959-04-04,215.4,1.6875
1959-04-05,196.4,1.6125
1959-04-06,196.4,1.6125
1959-04-07,217.4,1.9875
1959-04-08,215.4,3.45
1959-04-09,215.4,4.375
1959-04-10,220.4,5.95
1959-04-11,232.5,3.5875
1959-04-12,224.4,2.225
1959-04-13,209.4,2.2125
1959-04-14,198.4,2.4625
1959-04-15,189.2,2.0875
1959-04-16,188.2,1.625
1959-04-17,190.2,1.7625
1959-04-18,181.2,1.2125
1959-04-19,196.2,1.175
1959-04-20,203.2,1.2125
1959-04-21,203.2,1.95
1959-04-22,199.2,0.5875
1959-04-23,213.2,3.4125
1959-04-24,213.2,3.9125
1959-04-25,211.2,3.55
1959-04-26,218.2,3.2125
1959-04-27,212.2,2.8
1959-04-28,216.2,2.5
1959-04-29,211.2,3.6625
1959-04-30,220.2,3.175
1959-05-01,204.2,2.1625
1959-05-02,194.2,1.7625
1959-05-03,195.2,1.5
1959-05-04,184.2,2.875
1959-05-05,186.2,3.2375
1959-05-06,202.2,0.75
1959-05-07,208.2,1.2875
1959-05-08,244.2,4.1625
1959-05-09,249.2,3.15
1959-05-10,259.3,2.9125
1959-05-11,264.3,3.675
1959-05-12,266.3,6.3875
1959-05-13,264.3,2.8
1959-05-14,244.2,1.25
1959-05-15,228.0,4.0
1959-05-16,222.0,3.925
1959-05-17,224.0,2.625
1959-05-18,213.0,3.575
1959-05-19,199.0,2.8375
1959-05-20,201.0,2.3625
1959-05-21,201.0,2.7125
1959-05-22,201.0,2.95
1959-05-23,198.0,2.575
1959-05-24,199.0,4.8375
1959-05-25,203.0,3.4125
1959-05-26,205.0,1.7
1959-05-27,208.0,1.2
1959-05-28,195.0,0.75
1959-05-29,176.0,0.625
1959-05-30,177.0,1.325
1959-05-31,179.0,3.4
1959-06-01,193.0,1.875
1959-06-02,198.0,3.325
1959-06-03,198.0,3.0375
1959-06-04,190.0,3.5625
1959-06-05,197.0,2.9125
1959-06-06,210.0,2.5875
1959-06-07,198.0,2.0875
1959-06-08,213.0,2.425
1959-06-09,223.0,3.325
1959-06-10,228.0,2.4875
1959-06-11,226.0,2.9625
1959-06-12,220.0,1.4625
1959-06-13,212.0,1.05
1959-06-14,208.0,1.95
1959-06-15,225.0,1.8625
1959-06-16,220.0,1.7
1959-06-17,225.0,1.1875
1959-06-18,228.0,2.075
1959-06-19,237.0,1.8625
1959-06-20,226.0,1.9
1959-06-21,228.0,1.875
1959-06-22,219.0,2.5125
1959-06-23,220.0,2.775
1959-06-24,232.0,3.1
1959-06-25,233.0,1.625
1959-06-26,238.0,2.675
1959-06-27,240.0,3.375
1959-06-28,224.0,4.2375
1959-06-29,219.0,4.825
1959-06-30,196.0,4.375
1959-07-01,188.0,1.25
1959-07-02,174.0,2.45
1959-07-03,171.0,1.2875
1959-07-04,177.0,2.4625
1959-07-05,176.0,3.0375
1959-07-06,188.0,2.425
1959-07-07,192.0,2.825
1959-07-08,185.0,2.8375
1959-07-09,185.0,3.1625
1959-07-10,201.0,2.5125
1959-07-11,194.0,4.25
1959-07-12,234.0,3.1625
1959-07-13,243.0,2.4125
1959-07-14,264.0,2.975
1959-07-15,245.0,7.6375
1959-07-16,261.0,4.525
1959-07-17,240.0,5.4
1959-07-18,231.0,6.475
1959-07-19,222.0,4.1125
1959-07-20,208.0,3.25
1959-07-21,189.0,3.0875
1959-07-22,178.0,2.7125
1959-07-23,178.0,2.625
1959-07-24,181.0,3.7125
1959-07-25,182.0,4.5375
1959-07-26,182.0,4.3375
1959-07-27,200.0,3.75
1959-07-28,205.0,2.75
1959-07-29,207.0,2.2125
1959-07-30,204.0,0.9375
1959-07-31,208.0,2.925
1959-08-01,214.0,3.45
1959-08-02,228.0,2.8875
1959-08-03,240.0,3.2125
1959-08-04,236.0,3.15
1959-08-05,229.0,2.1625
1959-08-06,227.0,3.375
1959-08-07,212.2,2.875
1959-08-08,204.2,2.7125
1959-08-09,204.2,3.45
1959-08-10,202.2,2.7
1959-08-11,200.2,2.0125
1959-08-12,196.2,1.425
1959-08-13,194.2,1.5875
1959-08-14,189.2,1.5875
1959-08-15,190.2,3.5
1959-08-16,201.2,6.6125
1959-08-17,224.2,6.45
1959-08-18,229.2,3.9125
1959-08-19,215.2,3.4125
1959-08-20,224.2,4.3
1959-08-21,230.2,4.3375
1959-08-22,243.2,3.875
1959-08-23,262.3,4.05
1959-08-24,245.2,3.25
1959-08-25,253.3,2.8625
1959-08-26,257.3,1.925
1959-08-27,279.3,1.1125
1959-08-28,302.3,0.75
1959-08-29,308.3,2.6
1959-08-30,312.3,2.2875
1959-08-31,305.3,2.3125
1959-09-01,282.6,3.4125
1959-09-02,269.5,4.25
1959-09-03,257.5,3.8875
1959-09-04,239.5,6.4125
1959-09-05,220.4,4.3
1959-09-06,200.4,2.7625
1959-09-07,192.4,1.7875
1959-09-08,199.4,2.325
1959-09-09,209.4,1.5
1959-09-10,201.4,1.8
1959-09-11,203.4,2.9625
1959-09-12,195.4,2.7125
1959-09-13,189.4,2.2375
1959-09-14,196.4,3.2875
1959-09-15,184.6,3.175
1959-09-16,168.5,2.9125
1959-09-17,170.5,3.4125
1959-09-18,167.5,3.8375
1959-09-19,175.5,4.0375
1959-09-20,185.6,5.375
1959-09-21,182.5,6.05
1959-09-22,188.8,5.5
1959-09-23,182.7,3.6375
1959-09-24,183.7,3.6625
1959-09-25,175.7,4.4625
1959-09-26,164.7,3.675
1959-09-27,163.7,3.5375
1959-09-28,162.6,3.3
1959-09-29,159.6,2.125
1959-09-30,156.6,2.575
1959-10-01,150.7,4.7125
1959-10-02,145.7,3.2125
1959-10-03,144.7,4.1375
1959-10-04,148.7,4.7875
1959-10-05,155.8,4.25
1959-10-06,174.9,5.1625
1959-10-07,169.8,2.9125
1959-10-08,155.9,1.85
1959-10-09,153.9,1.5125
1959-10-10,149.9,1.125
1959-10-11,147.9,0.6625
1959-10-12,154.9,1.45
1959-10-13,155.9,1.0375
1959-10-14,153.9,2.625
1959-10-15,161.1,2.9875
1959-10-16,168.2,0.9625
1959-10-17,170.2,2.975
1959-10-18,172.2,4.5
1959-10-19,174.2,2.825
1959-10-20,176.2,1.6125
1959-10-21,176.2,1.3375
1959-10-22,188.5,3.325
1959-10-23,184.5,1.8375
1959-10-24,182.4,1.55
1959-10-25,187.5,3.55
1959-10-26,191.5,3.875
1959-10-27,185.7,2.3625
1959-10-28,179.8,0.875
1959-10-29,174.0,1.2375
1959-10-30,168.1,3.75
1959-10-31,162.3,4.45
1959-11-01,160.6,4.5875
1959-11-02,169.7,5.675
1959-11-03,166.6,5.025
1959-11-04,155.5,4.2125
1959-11-05,152.5,3.7625
1959-11-06,158.6,3.65
1959-11-07,162.6,2.2875
1959-11-08,174.9,2.575
1959-11-09,185.0,1.925
1959-11-10,196.1,2.3625
1959-11-11,195.1,1.3875
1959-11-12,194.1,1.75
1959-11-13,193.1,2.6375
1959-11-14,189.1,4.0125
1959-11-15,184.4,1.1875
1959-11-16,177.3,1.875
1959-11-17,163.1,2.15
1959-11-18,157.0,2.625
1959-11-19,159.0,2.375
1959-11-20,156.0,1.0375
1959-11-21,156.0,2.8625
1959-11-22,175.4,3.1875
1959-11-23,189.6,4.4
1959-11-24,207.9,1.925
1959-11-25,229.2,2.2375
1959-11-26,224.1,2.6625
1959-11-27,221.1,2.8
1959-11-28,230.2,5.5
1959-11-29,228.1,2.85
1959-11-30,233.2,4.5
1959-12-01,225.6,3.825
1959-12-02,220.5,4.15
1959-12-03,205.2,5.0375
1959-12-04,202.2,2.625
1959-12-05,207.3,4.4625
1959-12-06,205.2,3.025
1959-12-07,194.1,1.5125
1959-12-08,196.3,1.7125
1959-12-09,175.9,1.9625
1959-12-10,177.0,1.45
1959-12-11,173.9,1.5
1959-12-12,171.9,3.0
1959-12-13,164.8,2.8625
1959-12-14,167.8,4.625
1959-12-15,174.1,3.85
1959-12-16,167.0,3.1125
1959-12-17,170.0,1.925
1959-12-18,172.0,2.3
1959-12-19,183.2,2.7125
1959-12-20,181.2,1.75
1959-12-21,188.3,0.95
1959-12-22,173.9,1.3625
1959-12-23,168.8,3.6875
1959-12-24,165.8,2.7
1959-12-25,164.8,2.0875
1959-12-26,163.7,3.8375
1959-12-27,169.8,4.55
1959-12-28,174.9,4.625
1959-12-29,173.9,3.1375
1959-12-30,182.0,2.725
1959-12-31,169.8,1.7125
1960-01-01,173.9,0.9
1960-01-02,178.0,1.25
1960-01-03,185.1,1.6625
1960-01-04,196.3,2.25
1960-01-05,216.6,3.6625
1960-01-06,218.7,2.0875
1960-01-07,227.8,1.675
1960-01-08,222.5,1.425
1960-01-09,204.2,1.0375
1960-01-10,197.1,4.4125
1960-01-11,203.2,3.875
1960-01-12,186.9,2.9875
1960-01-13,180.8,2.25
1960-01-14,178.8,4.6625
1960-01-15,185.6,3.5625
1960-01-16,185.6,1.325
1960-01-17,181.5,2.7
1960-01-18,178.5,3.3375
1960-01-19,166.3,2.0
1960-01-20,159.2,3.075
1960-01-21,164.3,5.0
1960-01-22,174.1,3.3375
1960-01-23,190.3,3.25
1960-01-24,212.5,3.2625
1960-01-25,232.8,2.2875
1960-01-26,244.9,1.875
1960-01-27,251.0,1.95
1960-01-28,255.0,1.5875
1960-01-29,239.8,2.4875
1960-01-30,232.8,0.35
1960-01-31,226.7,0.7375
1960-02-01,227.5,1.8625
1960-02-02,215.3,2.675
1960-02-03,217.4,3.3
1960-02-04,211.3,3.275
1960-02-05,211.3,2.9625
1960-02-06,194.1,3.0375
1960-02-07,189.1,1.25
1960-02-08,184.6,2.05
1960-02-09,184.6,1.3375
1960-02-10,179.6,1.3875
1960-02-11,176.6,1.7
1960-02-12,167.5,1.4625
1960-02-13,168.5,1.875
1960-02-14,168.5,4.0125
1960-02-15,161.3,1.8375
1960-02-16,159.3,3.6625
1960-02-17,154.2,3.6625
1960-02-18,152.2,3.875
1960-02-19,147.7,3.375
1960-02-20,143.1,3.1375
1960-02-21,157.2,3.5375
1960-02-22,150.0,2.25
1960-02-23,144.0,2.2375
1960-02-24,141.0,0.8625
1960-02-25,148.0,0.975
1960-02-26,148.0,1.4125
1960-02-27,148.0,3.55
1960-02-28,141.0,1.625
1960-02-29,141.0,3.075
1960-03-01,137.8,3.325
1960-03-02,137.8,3.675
1960-03-03,138.8,3.55
1960-03-04,139.8,2.975
1960-03-05,140.8,2.8375
1960-03-06,135.8,2.6625
1960-03-07,139.8,0.925
1960-03-08,141.7,2.6
1960-03-09,143.7,2.5
1960-03-10,132.7,3.3
1960-03-11,132.7,4.25
1960-03-12,129.6,2.075
1960-03-13,135.7,1.475
1960-03-14,134.7,1.8375
1960-03-15,137.5,2.7875
1960-03-16,142.6,4.8375
1960-03-17,140.6,3.5
1960-03-18,133.5,2.425
1960-03-19,137.5,2.175
1960-03-20,143.6,1.0375
1960-03-21,145.6,1.525
1960-03-22,150.4,1.3375
1960-03-23,154.5,1.225
1960-03-24,158.5,2.95
1960-03-25,157.5,1.6
1960-03-26,163.5,1.6625
1960-03-27,169.5,1.4
1960-03-28,175.5,2.8375
1960-03-29,181.5,2.9125
1960-03-30,193.6,3.2875
1960-03-31,182.5,6.55
1960-04-01,201.4,8.175
1960-04-02,184.4,4.95
1960-04-03,179.4,5.0875
1960-04-04,188.4,3.6875
1960-04-05,182.4,3.875
1960-04-06,169.3,2.925
1960-04-07,165.3,3.1625
1960-04-08,147.3,3.0375
1960-04-09,148.3,2.525
1960-04-10,156.3,3.975
1960-04-11,159.3,3.7
1960-04-12,168.3,4.1375
1960-04-13,179.4,3.7
1960-04-14,183.4,2.8625
1960-04-15,190.2,3.425
1960-04-16,183.2,3.9
1960-04-17,178.2,3.9625
1960-04-18,176.2,3.1875
1960-04-19,170.2,1.075
1960-04-20,175.2,0.45
1960-04-21,163.2,0.7375
1960-04-22,160.2,1.3375
1960-04-23,166.2,2.3875
1960-04-24,165.2,5.3375
1960-04-25,147.1,5.25
1960-04-26,143.1,3.2125
1960-04-27,140.1,3.175
1960-04-28,142.1,5.875
1960-04-29,153.2,5.125
1960-04-30,161.2,7.1875
1960-05-01,152.2,4.6625
1960-05-02,160.2,2.9625
1960-05-03,158.2,2.0125
1960-05-04,156.2,1.2875
1960-05-05,152.2,2.3
1960-05-06,156.2,4.9125
1960-05-07,162.2,5.1625
1960-05-08,168.2,6.6125
1960-05-09,170.2,2.9625
1960-05-10,170.2,2.575
1960-05-11,180.2,4.3375
1960-05-12,179.2,3.25
1960-05-13,170.2,2.5375
1960-05-14,162.2,2.625
1960-05-15,162.0,2.05
1960-05-16,155.0,3.825
1960-05-17,151.0,2.675
1960-05-18,153.0,1.5
1960-05-19,153.0,1.425
1960-05-20,160.0,0.875
1960-05-21,164.0,1.425
1960-05-22,164.0,1.2125
1960-05-23,163.0,3.125
1960-05-24,164.0,4.1375
1960-05-25,163.0,3.3375
1960-05-26,158.0,3.325
1960-05-27,166.0,2.7125
1960-05-28,171.0,2.4875
1960-05-29,170.0,4.825
1960-05-30,170.0,3.0875
1960-05-31,159.0,2.7
1960-06-01,166.0,3.5375
1960-06-02,167.0,1.375
1960-06-03,167.0,1.6625
1960-06-04,172.0,5.0
1960-06-05,170.0,4.2875
1960-06-06,175.0,3.625
1960-06-07,185.0,2.9125
1960-06-08,185.0,3.7125
1960-06-09,181.0,3.2125
1960-06-10,178.0,1.5625
1960-06-11,171.0,1.225
1960-06-12,167.0,1.3875
1960-06-13,162.0,1.6125
1960-06-14,166.0,2.6
1960-06-15,166.0,2.4125
1960-06-16,157.0,1.4125
1960-06-17,153.0,1.65
1960-06-18,139.0,2.825
1960-06-19,140.0,3.1375
1960-06-20,133.0,2.0375
1960-06-21,131.0,3.0875
1960-06-22,130.0,2.6375
1960-06-23,136.0,2.4625
1960-06-24,132.0,2.7125
1960-06-25,140.0,3.625
1960-06-26,155.0,3.4125
1960-06-27,164.0,5.25
1960-06-28,184.0,4.4125
1960-06-29,190.0,4.0
1960-06-30,194.0,4.7375
1960-07-01,208.0,3.7875
1960-07-02,207.0,2.925
1960-07-03,210.0,2.775
1960-07-04,212.0,3.45
1960-07-05,209.0,3.075
1960-07-06,200.0,2.5375
1960-07-07,187.0,1.225
1960-07-08,176.0,0.8
1960-07-09,176.0,0.975
1960-07-10,166.0,2.125
1960-07-11,153.0,2.425
1960-07-12,142.0,2.375
1960-07-13,135.0,2.7
1960-07-14,139.0,4.1625
1960-07-15,146.0,5.5875
1960-07-16,144.0,5.5
1960-07-17,153.0,3.5375
1960-07-18,159.0,2.8
1960-07-19,156.0,3.9625
1960-07-20,152.0,3.75
1960-07-21,153.0,2.2875
1960-07-22,148.0,2.4125
1960-07-23,151.0,1.8
1960-07-24,159.0,2.375
1960-07-25,148.0,0.875
1960-07-26,149.0,1.8625
1960-07-27,150.0,1.45
1960-07-28,149.0,1.5375
1960-07-29,154.0,4.0125
1960-07-30,146.0,3.8375
1960-07-31,145.0,4.375
1960-08-01,140.0,2.725
1960-08-02,134.0,3.1625
1960-08-03,125.0,1.8375
1960-08-04,122.0,1.6625
1960-08-05,126.0,0.7625
1960-08-06,127.0,1.7375
1960-08-07,134.1,1.7625
1960-08-08,145.1,2.8875
1960-08-09,152.2,3.3375
1960-08-10,170.2,2.8
1960-08-11,187.2,3.575
1960-08-12,214.2,3.5375
1960-08-13,234.2,2.0125
1960-08-14,238.2,2.6625
1960-08-15,240.2,1.95
1960-08-16,241.2,3.8
1960-08-17,247.2,6.3375
1960-08-18,250.2,2.8125
1960-08-19,234.2,3.1125
1960-08-20,219.2,3.5375
1960-08-21,201.2,4.0125
1960-08-22,189.2,2.625
1960-08-23,171.2,1.8625
1960-08-24,162.2,1.4625
1960-08-25,158.2,0.7875
1960-08-26,162.2,0.9125
1960-08-27,150.1,3.0
1960-08-28,140.1,2.425
1960-08-29,129.1,4.6625
1960-08-30,129.1,4.75
1960-08-31,132.1,2.925
1960-09-01,137.3,0.625
1960-09-02,152.3,2.875
1960-09-03,149.3,3.8375
1960-09-04,142.3,6.0625
1960-09-05,142.3,6.55
1960-09-06,149.3,3.5875
1960-09-07,162.3,3.7875
1960-09-08,170.3,3.175
1960-09-09,173.3,3.0125
1960-09-10,175.3,2.775
1960-09-11,175.3,2.7875
1960-09-12,177.4,2.375
1960-09-13,181.4,3.3
1960-09-14,181.4,2.1
1960-09-15,178.5,1.075
1960-09-16,177.5,0.8625
1960-09-17,185.6,1.7875
1960-09-18,190.6,2.65
1960-09-19,199.6,1.0375
1960-09-20,195.6,1.1625
1960-09-21,189.6,1.95
1960-09-22,184.7,2.25
1960-09-23,175.7,2.65
1960-09-24,162.6,3.675
1960-09-25,155.6,1.1625
1960-09-26,148.6,2.1
1960-09-27,142.6,2.7
1960-09-28,132.5,1.5875
1960-09-29,124.5,2.5
1960-09-30,121.5,4.05
1960-10-01,115.6,4.9375
1960-10-02,112.6,4.9375
1960-10-03,120.6,2.7625
1960-10-04,132.7,3.5625
1960-10-05,132.7,4.075
1960-10-06,132.7,7.825
1960-10-07,144.7,7.3875
1960-10-08,143.9,4.2
1960-10-09,151.9,4.5125
1960-10-10,160.0,1.9625
1960-10-11,152.9,2.975
1960-10-12,160.0,1.425
1960-10-13,163.0,1.05
1960-10-14,167.0,0.675
1960-10-15,166.2,2.9875
1960-10-16,166.2,1.55
1960-10-17,168.2,1.7625
1960-10-18,155.1,3.875
1960-10-19,154.1,2.375
1960-10-20,150.0,2.3
1960-10-21,145.0,1.8
1960-10-22,142.1,0.4375
1960-10-23,135.1,0.7
1960-10-24,130.0,2.5
1960-10-25,131.0,5.3
1960-10-26,133.1,5.3875
1960-10-27,133.1,4.5375
1960-10-28,123.0,4.7875
1960-10-29,132.0,4.5875
1960-10-30,129.0,4.35
1960-10-31,128.0,4.05
1960-11-01,125.2,2.575
1960-11-02,130.3,2.9625
1960-11-03,131.3,3.175
1960-11-04,132.3,5.1
1960-11-05,145.4,2.0375
1960-11-06,149.5,1.4875
1960-11-07,158.6,1.3875
1960-11-08,169.8,0.8375
1960-11-09,176.9,1.375
1960-11-10,202.2,1.45
1960-11-11,190.1,3.125
1960-11-12,169.8,4.175
1960-11-13,182.0,8.3375
1960-11-14,194.1,4.6625
1960-11-15,185.4,5.2875
1960-11-16,176.3,5.6125
1960-11-17,166.1,3.2625
1960-11-18,155.0,1.1625
1960-11-19,151.9,1.4125
1960-11-20,148.9,2.2125
1960-11-21,140.8,4.55
1960-11-22,128.8,3.8875
1960-11-23,117.6,2.2625
1960-11-24,114.6,2.7875
1960-11-25,112.6,4.6125
1960-11-26,118.6,3.0875
1960-11-27,120.7,3.4625
1960-11-28,118.6,3.0875
1960-11-29,120.7,2.175
1960-11-30,132.8,2.6
1960-12-01,138.2,6.125
1960-12-02,147.3,3.8375
1960-12-03,154.4,1.9125
1960-12-04,165.6,1.4625
1960-12-05,161.5,2.2375
1960-12-06,163.6,3.2875
1960-12-07,154.4,3.3875
1960-12-08,156.6,3.1
1960-12-09,152.5,3.4125
1960-12-10,153.6,2.2875
1960-12-11,146.4,2.175
1960-12-12,142.4,3.1625
1960-12-13,138.3,2.5125
1960-12-14,134.2,1.4625
1960-12-15,140.5,4.45
1960-12-16,136.4,3.8
1960-12-17,127.2,1.8
1960-12-18,120.1,3.8
1960-12-19,117.1,3.2125
1960-12-20,120.1,3.675
1960-12-21,118.1,3.6125
1960-12-22,107.8,3.4375
1960-12-23,104.8,2.825
1960-12-24,107.8,2.875
1960-12-25,112.9,2.025
1960-12-26,118.0,2.925
1960-12-27,127.1,4.7875
1960-12-28,138.3,3.5
1960-12-29,147.5,3.25
1960-12-30,161.7,3.0875
1960-12-31,165.8,2.9625
1961-01-01,166.8,1.675
1961-01-02,179.0,0.95
1961-01-03,178.0,1.25
1961-01-04,167.8,0.7125
1961-01-05,162.7,0.9875
1961-01-06,145.4,1.475
1961-01-07,134.2,1.95
1961-01-08,127.0,3.625
1961-01-09,124.0,4.0875
1961-01-10,116.8,1.2875
1961-01-11,111.8,0.25
1961-01-12,104.6,1.3375
1961-01-13,97.5,2.175
1961-01-14,97.5,1.1125
1961-01-15,98.3,2.8875
1961-01-16,101.4,2.2375
1961-01-17,103.4,2.025
1961-01-18,104.4,3.0625
1961-01-19,103.4,3.4125
1961-01-20,103.4,4.425
1961-01-21,105.5,3.0
1961-01-22,103.2,3.3125
1961-01-23,101.2,1.6625
1961-01-24,104.2,3.25
1961-01-25,104.2,3.1625
1961-01-26,109.3,2.5875
1961-01-27,110.3,1.975
1961-01-28,126.5,2.5625
1961-01-29,133.6,2.225
1961-01-30,130.5,1.0375
1961-01-31,124.5,0.825
1961-02-01,124.4,0.7625
1961-02-02,123.3,0.2875
1961-02-03,119.3,2.2875
1961-02-04,119.3,3.7
1961-02-05,119.3,3.2625
1961-02-06,122.3,3.4625
1961-02-07,115.3,2.45
1961-02-08,112.0,2.2125
1961-02-09,109.0,1.8
1961-02-10,104.9,0.8625
1961-02-11,101.9,1.9125
1961-02-12,98.8,0.4375
1961-02-13,97.8,3.275
1961-02-14,97.8,1.7375
1961-02-15,98.7,1.675
1961-02-16,96.7,3.8
1961-02-17,96.7,3.4625
1961-02-18,96.7,4.7875
1961-02-19,96.7,3.2
1961-02-20,99.7,4.0875
1961-02-21,100.8,3.675
1961-02-22,102.7,3.2
1961-02-23,103.7,2.4625
1961-02-24,104.7,1.7
1961-02-25,106.7,0.825
1961-02-26,101.7,0.9125
1961-02-27,103.7,1.925
1961-02-28,103.7,2.5875
1961-03-01,103.6,1.9125
1961-03-02,103.6,1.7875
1961-03-03,104.6,1.1125
1961-03-04,96.5,0.6625
1961-03-05,94.5,2.0375
1961-03-06,93.5,3.5375
1961-03-07,95.5,0.8375
1961-03-08,94.4,1.2625
1961-03-09,90.4,2.675
1961-03-10,91.4,4.125
1961-03-11,98.4,1.55
1961-03-12,92.4,1.55
1961-03-13,93.4,2.2625
1961-03-14,91.4,3.825
1961-03-15,98.3,3.55
1961-03-16,99.4,2.9625
1961-03-17,98.3,2.5
1961-03-18,101.4,2.2875
1961-03-19,102.4,4.3
1961-03-20,105.4,3.1875
1961-03-21,105.4,2.2875
1961-03-22,106.3,2.375
1961-03-23,110.3,2.2125
1961-03-24,116.3,2.025
1961-03-25,118.4,1.1625
1961-03-26,121.4,2.075
1961-03-27,125.4,3.0125
1961-03-28,126.4,2.9625
1961-03-29,126.4,1.4875
1961-03-30,125.4,2.05
1961-03-31,117.4,1.4625
1961-04-01,113.2,2.975
1961-04-02,105.2,2.825
1961-04-03,101.2,3.5875
1961-04-04,103.2,1.25
1961-04-05,107.2,1.25
1961-04-06,106.2,1.8
1961-04-07,98.2,1.675
1961-04-08,104.2,1.4625
1961-04-09,96.1,3.2125
1961-04-10,93.1,3.3375
1961-04-11,92.1,3.6125
1961-04-12,89.1,2.375
1961-04-13,88.1,2.5875
1961-04-14,93.1,4.5
1961-04-15,98.1,4.7
1961-04-16,103.1,2.8
1961-04-17,105.1,1.1625
1961-04-18,107.1,1.325
1961-04-19,105.1,1.9125
1961-04-20,103.1,1.625
1961-04-21,104.1,0.5625
1961-04-22,103.1,1.8
1961-04-23,105.1,2.05
1961-04-24,111.1,2.45
1961-04-25,111.1,1.775
1961-04-26,126.1,2.675
1961-04-27,120.1,2.575
1961-04-28,114.1,1.7
1961-04-29,121.1,1.2875
1961-04-30,122.1,2.2125
1961-05-01,125.1,2.7375
1961-05-02,119.1,2.525
1961-05-03,111.1,0.825
1961-05-04,104.1,1.5
1961-05-05,103.1,3.25
1961-05-06,97.1,3.9375
1961-05-07,97.1,3.425
1961-05-08,94.0,2.5375
1961-05-09,96.1,2.7125
1961-05-10,92.0,1.875
1961-05-11,98.1,3.3875
1961-05-12,101.1,3.0125
1961-05-13,97.1,3.2875
1961-05-14,93.0,2.1
1961-05-15,91.0,0.9875
1961-05-16,88.0,3.875
1961-05-17,88.0,1.825
1961-05-18,95.0,0.6625
1961-05-19,100.0,2.0875
1961-05-20,105.0,2.575
1961-05-21,110.0,1.3625
1961-05-22,109.0,2.425
1961-05-23,110.0,2.8
1961-05-24,108.0,1.9125
1961-05-25,106.0,4.1375
1961-05-26,88.0,1.6625
1961-05-27,95.0,1.4375
1961-05-28,91.0,2.125
1961-05-29,91.0,1.0875
1961-05-30,88.0,2.075
1961-05-31,88.0,3.675
1961-06-01,86.0,3.875
1961-06-02,88.0,3.725
1961-06-03,92.0,2.125
1961-06-04,89.0,1.9125
1961-06-05,86.0,2.1125
1961-06-06,88.0,2.75
1961-06-07,89.0,3.5875
1961-06-08,91.0,3.125
1961-06-09,100.0,1.6625
1961-06-10,102.0,0.9875
1961-06-11,110.0,0.5
1961-06-12,108.0,1.8
1961-06-13,114.0,0.75
1961-06-14,123.0,0.9125
1961-06-15,129.0,2.45
1961-06-16,132.0,2.3
1961-06-17,137.0,1.45
1961-06-18,136.0,2.7
1961-06-19,131.0,1.8
1961-06-20,131.0,2.2
1961-06-21,132.0,5.2125
1961-06-22,134.0,5.2125
1961-06-23,135.0,1.975
1961-06-24,117.0,1.4875
1961-06-25,111.0,2.125
1961-06-26,108.0,1.325
1961-06-27,99.0,1.575
1961-06-28,95.0,1.125
1961-06-29,102.0,3.25
1961-06-30,103.0,0.9375
1961-07-01,104.0,2.1375
1961-07-02,99.0,2.5375
1961-07-03,104.0,2.8625
1961-07-04,103.0,2.7
1961-07-05,106.0,4.625
1961-07-06,102.0,2.9625
1961-07-07,105.0,2.675
1961-07-08,107.0,2.3125
1961-07-09,112.0,2.0
1961-07-10,124.0,2.85
1961-07-11,138.0,2.075
1961-07-12,137.0,1.1625
1961-07-13,141.0,4.825
1961-07-14,136.0,5.875
1961-07-15,136.0,3.7125
1961-07-16,132.0,3.4625
1961-07-17,137.0,3.8625
1961-07-18,131.0,6.125
1961-07-19,126.0,2.1625
1961-07-20,123.0,3.0375
1961-07-21,118.0,4.1375
1961-07-22,119.0,2.4
1961-07-23,118.0,2.8
1961-07-24,118.0,2.6375
1961-07-25,117.0,2.7375
1961-07-26,115.0,3.0875
1961-07-27,111.0,6.225
1961-07-28,105.0,3.2
1961-07-29,103.0,1.9875
1961-07-30,92.0,1.9125
1961-07-31,91.0,1.6375
1961-08-01,90.0,1.875
1961-08-02,87.0,4.4875
1961-08-03,91.0,3.3
1961-08-04,88.0,3.1875
1961-08-05,90.0,2.125
1961-08-06,92.0,1.825
1961-08-07,99.1,1.05
1961-08-08,105.1,2.7875
1961-08-09,113.1,0.9875
1961-08-10,122.1,2.5
1961-08-11,130.1,3.7125
1961-08-12,128.1,1.675
1961-08-13,128.1,0.525
1961-08-14,127.1,1.5875
1961-08-15,123.1,1.8375
1961-08-16,119.1,1.125
1961-08-17,119.1,1.325
1961-08-18,116.1,1.25
1961-08-19,113.1,2.025
1961-08-20,109.1,1.5
1961-08-21,104.1,1.2875
1961-08-22,103.1,0.45
1961-08-23,98.1,0.5875
1961-08-24,97.1,1.075
1961-08-25,93.0,2.2125
1961-08-26,95.0,2.4375
1961-08-27,95.0,1.7375
1961-08-28,100.1,1.325
1961-08-29,103.1,2.3375
1961-08-30,106.1,4.3375
1961-08-31,108.1,4.0
1961-09-01,110.2,3.975
1961-09-02,110.2,2.625
1961-09-03,117.2,2.4125
1961-09-04,118.2,1.325
1961-09-05,114.2,2.5125
1961-09-06,112.2,1.075
1961-09-07,115.2,0.8375
1961-09-08,117.2,0.8375
1961-09-09,126.3,1.7875
1961-09-10,130.3,1.7625
1961-09-11,127.3,2.4
1961-09-12,130.3,2.7375
1961-09-13,130.3,1.7625
1961-09-14,137.3,3.7875
1961-09-15,135.4,1.5375
1961-09-16,133.4,1.95
1961-09-17,124.4,2.0625
1961-09-18,115.3,1.5875
1961-09-19,108.3,0.55
1961-09-20,101.3,2.2125
1961-09-21,96.2,0.5
1961-09-22,92.3,1.3875
1961-09-23,90.3,0.6
1961-09-24,97.3,4.075
1961-09-25,97.3,4.125
1961-09-26,98.3,3.1875
1961-09-27,96.3,3.7125
1961-09-28,96.3,0.9875
1961-09-29,102.4,1.5375
1961-09-30,100.4,2.925
1961-10-01,98.4,5.3375
1961-10-02,97.4,1.375
1961-10-03,97.4,1.2875
1961-10-04,102.5,1.5875
1961-10-05,108.5,0.8625
1961-10-06,101.5,1.3375
1961-10-07,99.4,1.4625
1961-10-08,98.5,1.3875
1961-10-09,107.6,0.7125
1961-10-10,106.6,0.5125
1961-10-11,107.6,2.4625
1961-10-12,111.7,3.25
1961-10-13,111.7,2.5875
1961-10-14,105.6,1.4875
1961-10-15,106.7,0.65
1961-10-16,100.7,0.1125
1961-10-17,97.6,0.25
1961-10-18,95.6,0.675
1961-10-19,95.6,1.4
1961-10-20,93.6,2.2875
1961-10-21,92.6,1.875
1961-10-22,89.7,1.35
1961-10-23,85.6,1.2875
1961-10-24,85.6,1.2625
1961-10-25,83.6,1.8
1961-10-26,83.6,3.95
1961-10-27,84.6,4.0375
1961-10-28,86.6,5.9875
1961-10-29,85.6,3.4125
1961-10-30,87.7,1.5
1961-10-31,86.6,1.0625
1961-11-01,86.8,1.3375
1961-11-02,83.8,1.05
1961-11-03,81.8,1.125
1961-11-04,82.8,0.9125
1961-11-05,87.8,3.2875
1961-11-06,87.8,2.6375
1961-11-07,93.9,4.4875
1961-11-08,100.1,3.2875
1961-11-09,99.0,2.4875
1961-11-10,102.1,1.125
1961-11-11,100.1,0.6625
1961-11-12,95.0,2.9375
1961-11-13,92.0,0.925
1961-11-14,86.9,2.3375
1961-11-15,85.0,0.25
1961-11-16,87.1,0.5375
1961-11-17,84.0,2.625
1961-11-18,80.0,4.875
1961-11-19,78.0,1.975
1961-11-20,81.0,2.5875
1961-11-21,84.0,1.65
1961-11-22,85.1,0.6375
1961-11-23,88.2,0.35
1961-11-24,88.2,0.625
1961-11-25,93.2,1.125
1961-11-26,94.3,1.2375
1961-11-27,96.3,0.9625
1961-11-28,99.3,0.6125
1961-11-29,99.3,0.7
1961-11-30,105.5,0.4625
1961-12-01,106.7,4.3375
1961-12-02,109.7,5.4875
1961-12-03,112.8,4.9625
1961-12-04,106.7,2.275
1961-12-05,102.6,2.2
1961-12-06,102.6,2.7
1961-12-07,95.5,1.4625
1961-12-08,97.6,0.275
1961-12-09,93.5,0.8375
1961-12-10,88.4,1.4875
1961-12-11,83.3,2.7875
1961-12-12,79.3,1.075
1961-12-13,83.3,0.8625
1961-12-14,82.3,1.0125
1961-12-15,82.4,1.6
1961-12-16,82.4,0.9125
1961-12-17,80.4,0.8625
1961-12-18,82.4,0.4375
1961-12-19,83.4,0.2
1961-12-20,89.5,0.75
1961-12-21,91.6,0.7125
1961-12-22,100.7,1.375
1961-12-23,102.7,2.375
1961-12-24,105.8,2.3
1961-12-25,104.8,0.3375
1961-12-26,103.7,0.95
1961-12-27,104.8,2.075
1961-12-28,99.6,3.0875
1961-12-29,99.6,2.525
1961-12-30,95.6,3.0375
1961-12-31,94.5,1.7
1962-01-01,91.2,1.2625
1962-01-02,88.0,2.0875
1962-01-03,84.7,0.425
1962-01-04,82.7,0.1625
1962-01-05,79.0,0.15
1962-01-06,78.0,0.7375
1962-01-07,78.3,0.6625
1962-01-08,75.4,0.85
1962-01-09,75.1,1.5375
1962-01-10,76.5,5.025
1962-01-11,76.6,2.5875
1962-01-12,78.6,1.0875
1962-01-13,79.4,1.2
1962-01-14,83.7,1.9125
1962-01-15,86.8,2.3
1962-01-16,85.3,2.55
1962-01-17,87.9,1.0625
1962-01-18,95.5,0.55
1962-01-19,99.8,2.825
1962-01-20,108.8,1.05
1962-01-21,113.2,1.775
1962-01-22,112.2,0.2
1962-01-23,117.8,0.15
1962-01-24,115.3,0.2125
1962-01-25,116.4,1.175
1962-01-26,116.8,2.025
1962-01-27,115.9,2.3375
1962-01-28,116.1,0.775
1962-01-29,110.3,1.625
1962-01-30,102.8,1.875
1962-01-31,103.0,0.25
1962-02-01,111.2,0.2375
1962-02-02,104.3,1.025
1962-02-03,102.3,1.0
1962-02-04,104.8,3.0875
1962-02-05,93.4,1.5875
1962-02-06,86.4,1.225
1962-02-07,83.3,3.2875
1962-02-08,82.6,0.8125
1962-02-09,83.4,1.3
1962-02-10,81.3,0.625
1962-02-11,82.6,2.3375
1962-02-12,81.8,3.2625
1962-02-13,85.2,2.75
1962-02-14,84.1,2.8
1962-02-15,83.5,2.4625
1962-02-16,86.1,4.2875
1962-02-17,87.7,2.6
1962-02-18,91.8,1.375
1962-02-19,109.3,0.7
1962-02-20,108.2,0.775
1962-02-21,115.1,1.6125
1962-02-22,121.6,2.5875
1962-02-23,136.9,2.1625
1962-02-24,134.5,2.1
1962-02-25,130.0,1.8
1962-02-26,129.9,2.9
1962-02-27,137.2,2.8875
1962-02-28,122.4,0.625
1962-03-01,121.7,1.6875
1962-03-02,113.1,1.8375
1962-03-03,100.9,1.625
1962-03-04,89.3,1.5875
1962-03-05,86.3,2.7375
1962-03-06,81.8,4.0
1962-03-07,80.5,1.875
1962-03-08,76.8,0.5
1962-03-09,78.1,0.3875
1962-03-10,75.8,2.5875
1962-03-11,78.1,2.5
1962-03-12,82.6,3.025
1962-03-13,81.7,1.625
1962-03-14,82.6,1.1125
1962-03-15,84.8,2.1
1962-03-16,86.6,1.05
1962-03-17,94.8,1.0375
1962-03-18,98.7,1.825
1962-03-19,117.0,2.7375
1962-03-20,118.5,2.6125
1962-03-21,128.0,2.9625
1962-03-22,128.6,0.875
1962-03-23,130.7,0.9625
1962-03-24,126.1,1.6125
1962-03-25,128.1,2.075
1962-03-26,117.9,0.9
1962-03-27,117.1,0.95
1962-03-28,108.8,0.9625
1962-03-29,103.2,1.625
1962-03-30,98.9,0.575
1962-03-31,92.4,1.1125
1962-04-01,87.6,2.25
1962-04-02,82.8,1.7875
1962-04-03,80.5,2.6875
1962-04-04,77.9,2.5
1962-04-05,76.1,1.475
1962-04-06,78.2,3.725
1962-04-07,77.1,5.375
1962-04-08,76.9,4.0125
1962-04-09,77.9,2.425
1962-04-10,81.5,3.9625
1962-04-11,88.4,3.5125
1962-04-12,93.5,2.05
1962-04-13,102.6,1.15
1962-04-14,109.8,0.6125
1962-04-15,111.5,2.0
1962-04-16,119.4,1.6625
1962-04-17,114.3,1.9125
1962-04-18,109.1,2.5
1962-04-19,109.1,1.4625
1962-04-20,109.4,2.1
1962-04-21,112.2,3.125
1962-04-22,113.4,4.125
1962-04-23,108.1,2.5
1962-04-24,105.1,1.0875
1962-04-25,101.2,2.25
1962-04-26,99.9,2.375
1962-04-27,99.7,1.8375
1962-04-28,96.1,2.025
1962-04-29,93.4,1.575
1962-04-30,91.4,1.225
1962-05-01,93.9,1.8125
1962-05-02,95.0,2.25
1962-05-03,94.5,1.7125
1962-05-04,90.6,0.4125
1962-05-05,87.0,0.7875
1962-05-06,86.5,3.325
1962-05-07,83.2,1.7375
1962-05-08,84.2,1.375
1962-05-09,87.3,0.525
1962-05-10,90.9,1.4
1962-05-11,97.9,1.95
1962-05-12,97.9,0.7875
1962-05-13,96.3,2.575
1962-05-14,94.5,2.95
1962-05-15,91.1,2.7625
1962-05-16,89.3,1.875
1962-05-17,93.4,0.8
1962-05-18,94.7,0.5375
1962-05-19,96.8,2.1625
1962-05-20,103.2,1.2375
1962-05-21,106.0,0.5625
1962-05-22,109.8,0.6875
1962-05-23,110.8,0.5375
1962-05-24,110.8,0.4
1962-05-25,111.6,0.275
1962-05-26,110.1,0.9625
1962-05-27,108.5,2.675
1962-05-28,102.9,1.6375
1962-05-29,104.4,1.4875
1962-05-30,105.2,0.6625
1962-05-31,104.4,3.2125
1962-06-01,98.0,2.175
1962-06-02,92.4,1.225
1962-06-03,86.5,1.1375
1962-06-04,85.0,2.75
1962-06-05,85.0,2.1625
1962-06-06,87.3,2.225
1962-06-07,91.6,2.0125
1962-06-08,89.6,0.7625
1962-06-09,91.4,3.6
1962-06-10,90.4,2.925
1962-06-11,88.6,1.5
1962-06-12,87.5,1.9125
1962-06-13,88.8,1.2125
1962-06-14,89.3,1.925
1962-06-15,92.7,2.4625
1962-06-16,95.0,1.325
1962-06-17,98.0,0.375
1962-06-18,97.3,0.4875
1962-06-19,98.0,1.175
1962-06-20,95.7,1.0
1962-06-21,90.4,2.2875
1962-06-22,90.1,2.2625
1962-06-23,86.3,2.9125
1962-06-24,87.0,1.75
1962-06-25,89.8,1.575
1962-06-26,91.9,1.7
1962-06-27,92.7,3.375
1962-06-28,90.9,3.1375
1962-06-29,90.7,2.875
1962-06-30,90.5,2.675
1962-07-01,90.3,2.25
1962-07-02,90.0,1.925
1962-07-03,89.8,1.9625
1962-07-04,89.6,3.1625
1962-07-05,87.8,3.025
1962-07-06,86.3,2.5875
1962-07-07,87.5,1.875
1962-07-08,83.2,2.45
1962-07-09,80.1,1.5
1962-07-10,80.6,1.8625
1962-07-11,82.7,2.3
1962-07-12,81.7,1.8625
1962-07-13,85.8,2.3375
1962-07-14,86.3,2.1375
1962-07-15,85.0,1.425
1962-07-16,83.7,0.6875
1962-07-17,83.7,0.4375
1962-07-18,81.7,1.05
1962-07-19,80.1,2.275
1962-07-20,80.1,2.9625
1962-07-21,78.8,2.675
1962-07-22,80.4,1.7875
1962-07-23,78.1,1.95
1962-07-24,78.1,2.5
1962-07-25,74.5,2.5375
1962-07-26,76.0,4.6625
1962-07-27,74.2,3.8375
1962-07-28,74.0,3.225
1962-07-29,73.2,2.1375
1962-07-30,72.2,1.3
1962-07-31,73.0,1.9125
1962-08-01,70.9,4.3375
1962-08-02,73.0,2.3125
1962-08-03,71.7,2.4875
1962-08-04,72.7,1.75
1962-08-05,70.4,1.925
1962-08-06,71.7,3.2875
1962-08-07,71.4,3.4125
1962-08-08,72.4,4.1625
1962-08-09,73.0,3.2875
1962-08-10,75.5,2.2875
1962-08-11,73.7,0.5
1962-08-12,76.3,0.875
1962-08-13,79.1,1.125
1962-08-14,83.2,2.1125
1962-08-15,91.6,3.3875
1962-08-16,90.4,3.0875
1962-08-17,88.6,3.6625
1962-08-18,84.7,3.45
1962-08-19,83.4,3.0625
1962-08-20,84.5,1.225
1962-08-21,81.9,1.5125
1962-08-22,80.4,3.9625
1962-08-23,79.4,3.2
1962-08-24,78.6,3.4375
1962-08-25,77.0,2.75
1962-08-26,75.0,1.9125
1962-08-27,73.5,1.2
1962-08-28,72.4,1.1625
1962-08-29,71.7,2.875
1962-08-30,72.4,2.725
1962-08-31,75.3,3.4625
1962-09-01,83.8,4.0
1962-09-02,93.0,4.3
1962-09-03,98.5,4.7875
1962-09-04,99.5,4.3875
1962-09-05,97.6,3.0
1962-09-06,100.3,3.4625
1962-09-07,99.8,2.7125
1962-09-08,97.1,2.5875
1962-09-09,93.8,2.375
1962-09-10,91.2,2.1
1962-09-11,90.2,1.925
1962-09-12,93.5,4.85
1962-09-13,91.7,3.5
1962-09-14,95.1,2.3375
1962-09-15,92.9,2.8375
1962-09-16,90.8,2.2125
1962-09-17,78.5,1.9125
1962-09-18,85.7,1.3
1962-09-19,84.1,4.4125
1962-09-20,83.9,2.3375
1962-09-21,82.9,2.65
1962-09-22,81.4,3.5125
1962-09-23,82.4,2.475
1962-09-24,82.7,1.4125
1962-09-25,84.5,1.5875
1962-09-26,84.8,3.9
1962-09-27,84.0,2.125
1962-09-28,83.0,1.9625
1962-09-29,86.6,3.1
1962-09-30,90.1,2.7125
1962-10-01,86.4,4.75
1962-10-02,85.9,3.55
1962-10-03,83.6,2.475
1962-10-04,82.3,2.2875
1962-10-05,85.9,2.125
1962-10-06,84.1,2.7875
1962-10-07,85.4,2.3125
1962-10-08,87.5,4.2
1962-10-09,86.8,4.175
1962-10-10,93.2,3.55
1962-10-11,93.9,3.75
1962-10-12,93.9,1.9625
1962-10-13,95.5,2.2875
1962-10-14,96.0,4.1375
1962-10-15,94.8,2.2625
1962-10-16,91.7,3.1375
1962-10-17,91.2,1.6625
1962-10-18,89.4,2.7125
1962-10-19,87.9,3.425
1962-10-20,88.4,2.35
1962-10-21,87.6,2.7875
1962-10-22,85.3,3.575
1962-10-23,84.8,3.625
1962-10-24,89.8,3.85
1962-10-25,87.1,4.375
1962-10-26,87.4,4.2875
1962-10-27,86.9,3.925
1962-10-28,83.0,3.2375
1962-10-29,80.2,2.7125
1962-10-30,83.0,2.9
1962-10-31,81.5,2.25
1962-11-01,80.9,2.025
1962-11-02,80.9,2.7875
1962-11-03,81.1,2.875
1962-11-04,82.5,3.2625
1962-11-05,82.5,1.4125
1962-11-06,83.7,3.55
1962-11-07,85.3,2.55
1962-11-08,86.1,2.05
1962-11-09,86.4,1.05
1962-11-10,87.1,1.0875
1962-11-11,87.7,2.4625
1962-11-12,89.0,0.8625
1962-11-13,93.9,0.575
1962-11-14,99.5,1.2375
1962-11-15,96.2,3.5875
1962-11-16,100.1,3.85
1962-11-17,95.2,1.6875
1962-11-18,89.4,0.325
1962-11-19,89.7,0.875
1962-11-20,87.4,0.9125
1962-11-21,81.6,3.2875
1962-11-22,79.9,4.5
1962-11-23,77.8,3.4
1962-11-24,81.2,3.0625
1962-11-25,78.3,3.2875
1962-11-26,77.5,1.625
1962-11-27,76.0,2.15
1962-11-28,75.5,1.8375
1962-11-29,76.3,1.9625
1962-11-30,78.0,3.925
1962-12-01,78.0,1.7125
1962-12-02,82.7,0.8375
1962-12-03,84.0,0.8375
1962-12-04,83.5,2.95
1962-12-05,83.2,1.675
1962-12-06,84.2,0.775
1962-12-07,87.6,0.8875
1962-12-08,85.9,1.7
1962-12-09,84.1,1.4375
1962-12-10,85.1,1.5
1962-12-11,79.1,3.6625
1962-12-12,77.5,2.1625
1962-12-13,78.1,2.9875
1962-12-14,77.6,2.7625
1962-12-15,77.3,2.1875
1962-12-16,77.3,1.2
1962-12-17,79.7,3.725
1962-12-18,84.9,4.625
1962-12-19,85.5,4.75
1962-12-20,87.8,4.3875
1962-12-21,86.2,3.675
1962-12-22,83.2,2.5125
1962-12-23,80.6,0.8625
1962-12-24,80.4,1.2125
1962-12-25,79.0,0.9625
1962-12-26,77.7,2.925
1962-12-27,76.3,1.5875
1962-12-28,74.9,1.2125
1962-12-29,75.5,1.3
1962-12-30,76.1,0.875
1962-12-31,76.7,2.2875
1963-01-01,77.2,1.2625
1963-01-02,77.8,0.2375
1963-01-03,78.4,0.4
1963-01-04,79.9,1.7125
1963-01-05,78.6,0.825
1963-01-06,77.8,0.0375
1963-01-07,78.1,1.575
1963-01-08,77.5,0.575
1963-01-09,79.3,0.075
1963-01-10,81.1,0.6625
1963-01-11,82.5,1.3875
1963-01-12,79.5,1.1375
1963-01-13,80.0,4.0125
1963-01-14,86.8,4.125
1963-01-15,85.8,3.6125
1963-01-16,83.0,3.7
1963-01-17,83.3,3.25
1963-01-18,81.5,2.85
1963-01-19,78.6,3.375
1963-01-20,78.6,1.5875
1963-01-21,76.8,0.7125
1963-01-22,75.9,1.25
1963-01-23,74.8,2.125
1963-01-24,74.0,2.125
1963-01-25,74.5,1.7875
1963-01-26,74.3,0.5
1963-01-27,81.5,0.2
1963-01-28,81.0,0.325
1963-01-29,79.7,1.0
1963-01-30,79.1,4.0625
1963-01-31,83.3,4.5875
1963-02-01,88.2,2.5125
1963-02-02,87.2,0.4875
1963-02-03,85.9,0.6875
1963-02-04,88.5,0.75
1963-02-05,87.7,0.8375
1963-02-06,85.6,0.8375
1963-02-07,83.6,0.7875
1963-02-08,82.4,0.1125
1963-02-09,80.1,1.1625
1963-02-10,79.5,4.7875
1963-02-11,76.9,3.5375
1963-02-12,74.6,3.3625
1963-02-13,74.6,3.925
1963-02-14,75.4,3.125
1963-02-15,76.6,1.9125
1963-02-16,77.7,0.9875
1963-02-17,79.4,0.8875
1963-02-18,81.5,0.625
1963-02-19,79.4,0.375
1963-02-20,77.4,2.1625
1963-02-21,74.7,1.5
1963-02-22,76.3,1.7
1963-02-23,75.8,1.4
1963-02-24,76.5,0.4
1963-02-25,78.8,1.0
1963-02-26,77.0,1.325
1963-02-27,75.3,0.4125
1963-02-28,74.2,1.5875
1963-03-01,74.6,2.9125
1963-03-02,75.7,1.6625
1963-03-03,78.7,1.8625
1963-03-04,80.5,0.85
1963-03-05,82.6,0.7875
1963-03-06,85.5,1.3
1963-03-07,84.5,1.325
1963-03-08,83.9,4.15
1963-03-09,82.1,3.2375
1963-03-10,80.3,4.7
1963-03-11,78.6,3.3375
1963-03-12,76.8,2.5
1963-03-13,74.5,1.75
1963-03-14,80.0,0.45
1963-03-15,80.2,0.575
1963-03-16,79.7,0.2875
1963-03-17,79.7,0.8625
1963-03-18,80.2,1.5125
1963-03-19,77.6,1.8125
1963-03-20,77.1,1.05
1963-03-21,76.3,0.775
1963-03-22,76.5,0.475
1963-03-23,75.2,2.2625
1963-03-24,75.0,1.2125
1963-03-25,75.0,0.75
1963-03-26,73.4,0.4625
1963-03-27,74.2,0.2
1963-03-28,73.4,1.05
1963-03-29,75.0,1.3875
1963-03-30,74.4,0.625
1963-03-31,71.1,0.875
1963-04-01,73.3,2.1625
1963-04-02,73.8,1.0125
1963-04-03,74.1,1.0375
1963-04-04,70.2,3.0375
1963-04-05,72.0,4.125
1963-04-06,77.9,3.3
1963-04-07,80.2,2.85
1963-04-08,80.7,1.7875
1963-04-09,82.3,1.75
1963-04-10,82.5,0.45
1963-04-11,88.2,0.7
1963-04-12,93.0,2.175
1963-04-13,88.9,2.2625
1963-04-14,86.6,2.95
1963-04-15,87.6,2.675
1963-04-16,88.1,1.5
1963-04-17,86.5,1.575
1963-04-18,88.1,2.4625
1963-04-19,84.2,2.325
1963-04-20,78.3,1.7
1963-04-21,74.5,0.925
1963-04-22,71.7,1.9125
1963-04-23,71.2,1.7875
1963-04-24,72.7,0.55
1963-04-25,72.2,0.9875
1963-04-26,71.9,1.3375
1963-04-27,74.8,2.225
1963-04-28,77.8,0.7875
1963-04-29,77.8,0.9625
1963-04-30,80.4,2.6375
1963-05-01,81.7,4.175
1963-05-02,81.7,3.75
1963-05-03,81.2,2.925
1963-05-04,82.2,3.325
1963-05-05,84.0,2.2125
1963-05-06,86.8,2.025
1963-05-07,88.3,1.4625
1963-05-08,86.3,2.3875
1963-05-09,88.1,2.8625
1963-05-10,87.3,2.875
1963-05-11,84.2,3.1625
1963-05-12,87.0,2.225
1963-05-13,89.3,3.5
1963-05-14,95.3,2.4375
1963-05-15,98.3,1.3875
1963-05-16,100.1,0.6875
1963-05-17,100.4,1.5875
1963-05-18,98.0,0.8
1963-05-19,98.8,1.225
1963-05-20,90.9,1.425
1963-05-21,87.6,1.0
1963-05-22,88.6,0.625
1963-05-23,93.2,0.625
1963-05-24,89.3,0.325
1963-05-25,83.5,2.0
1963-05-26,76.3,1.5375
1963-05-27,80.1,1.7125
1963-05-28,79.4,2.8875
1963-05-29,79.9,2.8875
1963-05-30,82.9,2.3
1963-05-31,88.6,1.9625
1963-06-01,84.2,2.4875
1963-06-02,80.6,2.325
1963-06-03,81.2,1.725
1963-06-04,79.4,1.1
1963-06-05,78.3,0.4
1963-06-06,77.3,2.0
1963-06-07,84.0,4.425
1963-06-08,89.9,2.55
1963-06-09,93.4,2.2875
1963-06-10,98.8,1.375
1963-06-11,102.9,1.5625
1963-06-12,108.8,1.2125
1963-06-13,107.3,1.4125
1963-06-14,100.4,1.375
1963-06-15,95.7,1.9875
1963-06-16,88.8,0.6125
1963-06-17,86.0,2.275
1963-06-18,82.4,3.2875
1963-06-19,79.4,2.3
1963-06-20,75.3,2.625
1963-06-21,72.7,1.775
1963-06-22,71.9,1.175
1963-06-23,71.7,0.875
1963-06-24,71.9,1.575
1963-06-25,73.7,3.4875
1963-06-26,74.2,3.5
1963-06-27,72.2,2.9625
1963-06-28,74.0,2.625
1963-06-29,73.5,2.0625
1963-06-30,75.5,2.5375
1963-07-01,75.5,1.0875
1963-07-02,77.3,0.6875
1963-07-03,77.6,0.625
1963-07-04,77.8,2.45
1963-07-05,78.1,3.0875
1963-07-06,77.1,3.0
1963-07-07,77.1,2.5
1963-07-08,76.8,2.7125
1963-07-09,77.1,2.9125
1963-07-10,75.8,2.35
1963-07-11,75.0,1.5375
1963-07-12,74.0,1.1375
1963-07-13,75.5,1.2
1963-07-14,76.5,1.05
1963-07-15,75.5,1.0
1963-07-16,76.3,1.7375
1963-07-17,74.0,2.9875
1963-07-18,73.7,2.2
1963-07-19,74.2,1.2875
1963-07-20,76.5,1.5125
1963-07-21,74.8,3.4375
1963-07-22,73.5,2.6875
1963-07-23,71.9,3.45
1963-07-24,72.2,4.0375
1963-07-25,74.5,2.6625
1963-07-26,73.0,2.8375
1963-07-27,74.0,3.0375
1963-07-28,73.2,1.45
1963-07-29,76.8,0.9125
1963-07-30,83.7,3.8375
1963-07-31,84.9,3.2125
1963-08-01,86.8,3.1625
1963-08-02,87.3,2.7625
1963-08-03,86.5,2.0875
1963-08-04,87.5,2.625
1963-08-05,86.2,2.6125
1963-08-06,87.8,2.45
1963-08-07,85.2,2.1375
1963-08-08,81.4,1.55
1963-08-09,80.1,2.1125
1963-08-10,76.8,1.55
1963-08-11,72.2,0.9625
1963-08-12,73.0,1.125
1963-08-13,73.5,0.575
1963-08-14,70.9,0.6625
1963-08-15,72.4,1.575
1963-08-16,75.5,1.5
1963-08-17,82.3,1.95
1963-08-18,80.4,3.4875
1963-08-19,79.4,3.0125
1963-08-20,81.2,4.925
1963-08-21,83.5,3.8
1963-08-22,86.1,2.0
1963-08-23,90.4,3.0375
1963-08-24,86.6,2.175
1963-08-25,84.5,2.0
1963-08-26,81.7,2.325
1963-08-27,80.3,2.7125
1963-08-28,77.1,3.8
1963-08-29,77.2,2.9
1963-08-30,76.8,2.375
1963-08-31,76.5,3.0875
1963-09-01,73.7,2.825
1963-09-02,73.2,1.6625
1963-09-03,74.4,2.3
1963-09-04,74.8,1.2875
1963-09-05,74.5,2.075
1963-09-06,73.8,2.075
1963-09-07,78.1,1.1625
1963-09-08,75.1,2.6125
1963-09-09,77.1,2.6625
1963-09-10,76.1,2.125
1963-09-11,72.2,3.2875
1963-09-12,76.7,2.5875
1963-09-13,89.2,1.55
1963-09-14,98.2,5.875
1963-09-15,98.9,4.45
1963-09-16,105.3,4.35
1963-09-17,99.1,4.5875
1963-09-18,97.2,2.825
1963-09-19,102.1,3.8
1963-09-20,108.8,2.7875
1963-09-21,90.4,4.0875
1963-09-22,105.4,6.2125
1963-09-23,99.2,4.575
1963-09-24,95.4,2.5875
1963-09-25,86.7,5.0
1963-09-26,84.7,3.825
1963-09-27,78.1,3.8625
1963-09-28,73.9,4.875
1963-09-29,70.9,3.3375
1963-09-30,69.4,2.425
1963-10-01,68.3,0.85
1963-10-02,69.4,0.6125
1963-10-03,70.7,1.05
1963-10-04,70.9,1.5625
1963-10-05,73.3,1.825
1963-10-06,77.5,1.075
1963-10-07,79.1,2.125
1963-10-08,85.7,2.8875
1963-10-09,86.4,1.5125
1963-10-10,87.0,2.075
1963-10-11,87.8,3.375
1963-10-12,84.7,4.5375
1963-10-13,84.9,3.675
1963-10-14,86.1,4.1625
1963-10-15,88.8,3.05
1963-10-16,87.9,3.0375
1963-10-17,84.9,1.2125
1963-10-18,83.7,1.4
1963-10-19,88.5,1.3375
1963-10-20,89.4,2.6625
1963-10-21,94.5,1.7375
1963-10-22,96.2,0.575
1963-10-23,94.2,0.825
1963-10-24,95.0,5.15
1963-10-25,96.7,2.625
1963-10-26,96.8,1.825
1963-10-27,89.0,0.9125
1963-10-28,84.9,1.375
1963-10-29,85.5,4.5875
1963-10-30,86.0,3.125
1963-10-31,82.7,1.5375
1963-11-01,88.2,2.1625
1963-11-02,85.5,2.9125
1963-11-03,83.6,2.8625
1963-11-04,83.9,1.6625
1963-11-05,81.0,0.3125
1963-11-06,78.6,2.5375
1963-11-07,76.6,4.5125
1963-11-08,75.4,4.825
1963-11-09,76.4,4.275
1963-11-10,76.0,4.0375
1963-11-11,77.2,3.0125
1963-11-12,77.3,2.8
1963-11-13,78.1,1.2375
1963-11-14,78.7,1.075
1963-11-15,81.7,0.9
1963-11-16,82.2,0.6125
1963-11-17,81.2,2.45
1963-11-18,83.4,0.6625
1963-11-19,86.7,0.4125
1963-11-20,85.4,0.9
1963-11-21,86.8,0.45
1963-11-22,87.2,1.325
1963-11-23,85.1,1.875
1963-11-24,84.3,3.1625
1963-11-25,82.8,2.6625
1963-11-26,82.9,0.5375
1963-11-27,82.2,0.875
1963-11-28,79.9,1.15
1963-11-29,80.0,1.875
1963-11-30,80.2,2.8
1963-12-01,79.7,1.25
1963-12-02,81.4,2.575
1963-12-03,80.2,4.4625
1963-12-04,78.7,3.8
1963-12-05,76.7,4.0
1963-12-06,77.4,3.725
1963-12-07,77.9,2.9625
1963-12-08,78.2,2.925
1963-12-09,79.7,1.7125
1963-12-10,80.0,0.0375
1963-12-11,81.5,0.325
1963-12-12,83.1,0.75
1963-12-13,82.1,1.6625
1963-12-14,80.3,2.2875
1963-12-15,81.9,1.9125
1963-12-16,79.6,1.6375
1963-12-17,79.8,0.8625
1963-12-18,80.0,0.425
1963-12-19,79.7,0.925
1963-12-20,80.1,3.4125
1963-12-21,80.1,2.25
1963-12-22,78.6,2.675
1963-12-23,77.5,2.475
1963-12-24,76.8,2.0875
1963-12-25,76.0,0.625
1963-12-26,75.1,0.975
1963-12-27,75.5,1.075
1963-12-28,74.0,2.3375
1963-12-29,73.6,3.0
1963-12-30,70.3,1.375
1963-12-31,72.2,0.625
1964-01-01,72.0,1.55
1964-01-02,71.8,4.6625
1964-01-03,74.3,3.5375
1964-01-04,74.0,3.275
1964-01-05,74.9,1.9375
1964-01-06,76.2,1.4125
1964-01-07,76.5,1.625
1964-01-08,74.3,1.4125
1964-01-09,74.5,3.3125
1964-01-10,74.4,3.35
1964-01-11,75.7,2.1
1964-01-12,77.4,1.325
1964-01-13,77.3,1.3375
1964-01-14,76.8,0.2375
1964-01-15,75.6,0.3375
1964-01-16,75.4,3.7875
1964-01-17,72.5,2.925
1964-01-18,74.9,1.75
1964-01-19,75.8,1.4875
1964-01-20,76.9,1.55
1964-01-21,75.9,0.4
1964-01-22,75.5,0.95
1964-01-23,75.6,0.95
1964-01-24,75.1,2.5
1964-01-25,74.0,2.5375
1964-01-26,74.6,1.625
1964-01-27,74.1,0.9125
1964-01-28,78.1,2.1
1964-01-29,78.4,3.5125
1964-01-30,75.8,2.325
1964-01-31,75.1,3.2875
1964-02-01,73.7,2.2625
1964-02-02,72.3,1.8
1964-02-03,71.6,0.525
1964-02-04,71.9,2.4125
1964-02-05,73.2,2.0875
1964-02-06,73.5,4.075
1964-02-07,72.7,2.975
1964-02-08,73.8,2.875
1964-02-09,72.4,2.925
1964-02-10,73.3,1.875
1964-02-11,72.3,0.75
1964-02-12,73.4,2.775
1964-02-13,73.9,4.1375
1964-02-14,73.2,2.2875
1964-02-15,73.2,1.7625
1964-02-16,73.6,1.3
1964-02-17,74.4,1.6375
1964-02-18,76.6,1.2
1964-02-19,76.2,0.375
1964-02-20,76.8,2.625
1964-02-21,79.1,2.8
1964-02-22,80.3,1.7125
1964-02-23,84.9,1.675
1964-02-24,85.8,1.7
1964-02-25,84.9,2.875
1964-02-26,87.1,3.0
1964-02-27,85.4,2.7625
1964-02-28,84.9,3.0875
1964-02-29,81.3,2.05
1964-03-01,77.9,1.0125
1964-03-02,75.6,0.2125
1964-03-03,74.2,1.625
1964-03-04,75.4,5.1375
1964-03-05,72.5,4.225
1964-03-06,73.9,3.125
1964-03-07,73.3,2.6125
1964-03-08,74.0,3.2125
1964-03-09,71.9,1.75
1964-03-10,73.5,1.0375
1964-03-11,75.4,1.8375
1964-03-12,77.5,2.8875
1964-03-13,78.5,1.9625
1964-03-14,79.2,2.3375
1964-03-15,79.0,2.4125
1964-03-16,77.3,2.05
1964-03-17,77.8,2.0875
1964-03-18,75.6,0.7875
1964-03-19,74.5,0.8
1964-03-20,74.6,1.8125
1964-03-21,74.7,2.3625
1964-03-22,78.6,3.5125
1964-03-23,77.6,3.9125
1964-03-24,77.2,3.175
1964-03-25,74.3,3.05
1964-03-26,74.5,2.225
1964-03-27,75.4,0.7375
1964-03-28,75.9,0.075
1964-03-29,75.2,0.8625
1964-03-30,78.4,3.675
1964-03-31,77.1,0.625
1964-04-01,77.5,3.2375
1964-04-02,75.5,3.775
1964-04-03,76.9,3.2375
1964-04-04,76.9,2.35
1964-04-05,76.1,2.325
1964-04-06,75.7,1.4625
1964-04-07,75.6,2.3625
1964-04-08,73.6,2.7875
1964-04-09,75.1,1.7
1964-04-10,72.9,1.075
1964-04-11,74.0,2.375
1964-04-12,72.8,0.9125
1964-04-13,73.1,1.25
1964-04-14,71.7,1.0125
1964-04-15,71.4,1.95
1964-04-16,70.7,2.15
1964-04-17,71.8,3.0
1964-04-18,71.8,2.9625
1964-04-19,70.9,3.5375
1964-04-20,71.4,2.7875
1964-04-21,71.6,2.0375
1964-04-22,70.7,0.5
1964-04-23,70.3,0.775
1964-04-24,71.6,0.875
1964-04-25,70.6,2.4125
1964-04-26,69.6,2.2625
1964-04-27,69.5,3.6625
1964-04-28,69.9,4.125
1964-04-29,68.8,2.7375
1964-04-30,69.0,1.75
1964-05-01,68.9,3.3375
1964-05-02,68.4,2.2875
1964-05-03,69.8,1.175
1964-05-04,70.3,0.8375
1964-05-05,71.9,1.9125
1964-05-06,70.9,0.95
1964-05-07,70.9,0.6625
1964-05-08,71.5,0.15
1964-05-09,70.9,0.325
1964-05-10,70.1,3.175
1964-05-11,70.1,2.4875
1964-05-12,79.4,0.575
1964-05-13,68.5,2.4125
1964-05-14,68.3,3.575
1964-05-15,68.0,3.675
1964-05-16,70.0,3.4125
1964-05-17,69.6,2.025
1964-05-18,70.4,1.2625
1964-05-19,68.7,1.1625
1964-05-20,67.7,0.7125
1964-05-21,68.0,1.2625
1964-05-22,67.1,0.9125
1964-05-23,67.3,1.4375
1964-05-24,68.0,3.5125
1964-05-25,67.5,3.6625
1964-05-26,68.4,1.55
1964-05-27,67.7,2.5
1964-05-28,69.6,2.0125
1964-05-29,69.1,1.275
1964-05-30,68.2,1.5
1964-05-31,67.7,0.9125
1964-06-01,67.7,1.25
1964-06-02,68.0,1.0375
1964-06-03,68.2,0.825
1964-06-04,68.2,1.175
1964-06-05,67.8,0.675
1964-06-06,68.4,0.875
1964-06-07,69.6,1.025
1964-06-08,69.8,2.05
1964-06-09,69.0,1.975
1964-06-10,70.3,4.5875
1964-06-11,70.3,3.7625
1964-06-12,68.9,2.7125
1964-06-13,70.2,2.2625
1964-06-14,70.5,1.7875
1964-06-15,71.6,1.5375
1964-06-16,70.6,0.9625
1964-06-17,71.1,0.9125
1964-06-18,71.7,1.625
1964-06-19,70.1,1.0875
1964-06-20,70.4,2.9
1964-06-21,69.7,2.2125
1964-06-22,69.5,1.3375
1964-06-23,67.4,1.6125
1964-06-24,68.0,1.2625
1964-06-25,67.7,2.15
1964-06-26,67.6,1.425
1964-06-27,67.4,1.325
1964-06-28,67.3,2.15
1964-06-29,67.1,1.4875
1964-06-30,67.2,0.8
1964-07-01,67.4,0.8875
1964-07-02,67.0,0.7375
1964-07-03,67.3,3.2125
1964-07-04,68.1,2.0
1964-07-05,67.6,1.25
1964-07-06,67.8,1.3375
1964-07-07,67.0,3.05
1964-07-08,67.9,3.4625
1964-07-09,67.1,2.9625
1964-07-10,66.6,2.575
1964-07-11,67.6,1.55
1964-07-12,66.9,1.5
1964-07-13,66.5,1.6125
1964-07-14,69.2,0.75
1964-07-15,69.5,0.325
1964-07-16,69.2,1.7625
1964-07-17,68.6,3.1125
1964-07-18,68.0,3.6125
1964-07-19,67.4,2.7125
1964-07-20,66.6,2.125
1964-07-21,66.4,1.5875
1964-07-22,66.1,2.325
1964-07-23,66.4,1.3875
1964-07-24,66.1,0.8375
1964-07-25,65.8,1.375
1964-07-26,64.8,1.0375
1964-07-27,65.3,0.45
1964-07-28,65.4,0.525
1964-07-29,65.9,2.7875
1964-07-30,66.2,2.8375
1964-07-31,66.2,1.975
1964-08-01,66.9,1.4125
1964-08-02,67.7,0.825
1964-08-03,68.0,1.2625
1964-08-04,67.9,3.9875
1964-08-05,69.0,3.0
1964-08-06,68.2,1.4
1964-08-07,67.7,2.6375
1964-08-08,67.5,1.0375
1964-08-09,67.9,1.975
1964-08-10,68.8,0.7625
1964-08-11,68.1,3.9125
1964-08-12,69.8,2.8375
1964-08-13,74.0,1.75
1964-08-14,76.1,1.1
1964-08-15,75.4,0.65
1964-08-16,73.0,1.625
1964-08-17,71.5,1.2625
1964-08-18,69.6,1.7125
1964-08-19,70.6,1.2875
1964-08-20,69.7,1.0375
1964-08-21,69.2,1.0375
1964-08-22,69.0,1.75
1964-08-23,68.8,0.9625
1964-08-24,68.4,0.725
1964-08-25,67.7,1.875
1964-08-26,67.5,2.2
1964-08-27,68.2,2.0
1964-08-28,67.2,0.575
1964-08-29,67.1,1.2125
1964-08-30,68.6,0.8125
1964-08-31,68.9,2.5125
1964-09-01,70.1,3.25
1964-09-02,69.3,2.2375
1964-09-03,69.7,2.125
1964-09-04,69.9,2.0875
1964-09-05,69.8,1.3625
1964-09-06,70.5,2.0875
1964-09-07,70.8,3.9125
1964-09-08,70.9,3.675
1964-09-09,71.5,3.075
1964-09-10,71.9,1.975
1964-09-11,72.2,1.0125
1964-09-12,72.4,0.625
1964-09-13,72.1,0.5
1964-09-14,71.7,0.4
1964-09-15,71.3,0.5875
1964-09-16,69.7,2.575
1964-09-17,68.6,2.175
1964-09-18,68.6,1.3375
1964-09-19,69.0,0.5375
1964-09-20,69.1,0.3625
1964-09-21,68.8,1.1625
1964-09-22,68.9,3.6125
1964-09-23,68.7,1.8375
1964-09-24,68.2,2.075
1964-09-25,68.0,1.125
1964-09-26,69.6,0.875
1964-09-27,69.9,1.1
1964-09-28,70.4,4.35
1964-09-29,70.9,1.6125
1964-09-30,71.6,3.5125
1964-10-01,72.2,2.0
1964-10-02,71.8,0.975
1964-10-03,72.0,2.0875
1964-10-04,71.1,4.0125
1964-10-05,71.9,3.4125
1964-10-06,73.0,2.5875
1964-10-07,74.4,2.575
1964-10-08,77.4,2.925
1964-10-09,73.5,2.65
1964-10-10,73.3,0.8625
1964-10-11,72.2,0.725
1964-10-12,70.4,2.7125
1964-10-13,72.7,1.9125
1964-10-14,71.0,1.5375
1964-10-15,71.0,1.6625
1964-10-16,71.5,0.875
1964-10-17,71.4,1.575
1964-10-18,72.9,2.5
1964-10-19,73.3,3.85
1964-10-20,73.1,2.5625
1964-10-21,71.4,2.95
1964-10-22,73.0,0.875
1964-10-23,73.5,0.1125
1964-10-24,74.3,1.0375
1964-10-25,76.9,1.0
1964-10-26,77.0,2.825
1964-10-27,76.4,1.5875
1964-10-28,75.1,1.25
1964-10-29,74.8,1.575
1964-10-30,74.7,0.75
1964-10-31,75.7,0.3625
1964-11-01,75.4,2.55
1964-11-02,75.2,2.375
1964-11-03,74.6,0.9875
1964-11-04,74.1,1.725
1964-11-05,73.6,2.05
1964-11-06,74.6,1.125
1964-11-07,73.5,0.2125
1964-11-08,73.2,2.0375
1964-11-09,72.4,3.225
1964-11-10,72.2,2.1375
1964-11-11,72.3,1.35
1964-11-12,72.9,2.0375
1964-11-13,72.9,1.125
1964-11-14,73.4,0.1125
1964-11-15,73.1,2.1625
1964-11-16,72.8,2.2875
1964-11-17,76.4,1.3375
1964-11-18,75.9,1.25
1964-11-19,75.8,0.5375
1964-11-20,76.8,0.7
1964-11-21,74.6,0.625
1964-11-22,74.3,1.5375
1964-11-23,72.6,3.25
1964-11-24,72.1,0.575
1964-11-25,72.4,0.425
1964-11-26,70.8,2.2875
1964-11-27,72.5,0.9875
1964-11-28,71.6,2.3625
1964-11-29,74.0,0.75
1964-11-30,74.6,2.05
1964-12-01,77.2,2.1125
1964-12-02,77.2,0.7125
1964-12-03,77.9,1.2125
1964-12-04,79.2,0.9375
1964-12-05,78.8,0.425
1964-12-06,78.0,0.65
1964-12-07,77.3,2.125
1964-12-08,78.6,1.475
1964-12-09,78.7,1.225
1964-12-10,79.6,0.65
1964-12-11,80.8,0.625
1964-12-12,78.0,0.425
1964-12-13,79.2,1.8375
1964-12-14,79.1,1.825
1964-12-15,79.7,1.6625
1964-12-16,81.3,2.675
1964-12-17,81.0,2.7125
1964-12-18,81.3,1.3875
1964-12-19,82.4,2.075
1964-12-20,80.9,0.9625
1964-12-21,79.4,1.0
1964-12-22,78.8,0.7375
1964-12-23,77.2,1.0875
1964-12-24,76.2,0.6875
1964-12-25,76.2,1.0375
1964-12-26,75.2,0.9625
1964-12-27,77.6,0.5
1964-12-28,78.6,0.75
1964-12-29,79.0,1.0
1964-12-30,78.0,0.35
1964-12-31,79.8,0.625
1965-01-01,87.0,0.7125
1965-01-02,85.6,2.45
1965-01-03,83.5,1.375
1965-01-04,82.0,1.0875
1965-01-05,81.3,0.625
1965-01-06,81.7,0.475
1965-01-07,79.5,1.1625
1965-01-08,78.7,2.625
1965-01-09,77.9,1.7
1965-01-10,77.2,1.375
1965-01-11,76.3,0.4
1965-01-12,76.3,2.4125
1965-01-13,76.2,2.575
1965-01-14,75.6,1.675
1965-01-15,75.9,1.55
1965-01-16,74.7,0.6375
1965-01-17,74.6,2.175
1965-01-18,75.5,1.225
1965-01-19,74.9,1.0875
1965-01-20,77.1,1.375
1965-01-21,77.6,1.775
1965-01-22,77.7,3.1
1965-01-23,76.6,1.8375
1965-01-24,77.3,0.3625
1965-01-25,76.4,0.4125
1965-01-26,76.8,0.7
1965-01-27,80.1,1.5375
1965-01-28,78.3,1.25
1965-01-29,79.9,1.175
1965-01-30,81.9,1.0625
1965-01-31,80.9,0.675
1965-02-01,79.3,0.875
1965-02-02,79.9,0.5875
1965-02-03,79.5,1.125
1965-02-04,78.2,2.375
1965-02-05,77.0,1.3375
1965-02-06,77.0,2.45
1965-02-07,78.1,4.0
1965-02-08,76.0,2.25
1965-02-09,76.0,2.325
1965-02-10,76.5,2.6125
1965-02-11,74.3,2.2125
1965-02-12,73.7,0.95
1965-02-13,73.0,1.05
1965-02-14,72.5,2.4625
1965-02-15,73.1,2.425
1965-02-16,73.7,1.575
1965-02-17,73.9,0.6375
1965-02-18,72.7,0.825
1965-02-19,72.8,0.925
1965-02-20,71.9,1.375
1965-02-21,72.1,3.1125
1965-02-22,72.4,1.225
1965-02-23,73.5,3.0125
1965-02-24,75.0,2.375
1965-02-25,74.7,2.4125
1965-02-26,74.3,1.925
1965-02-27,76.6,2.0875
1965-02-28,76.8,1.6625
1965-03-01,76.9,1.5625
1965-03-02,75.7,1.8125
1965-03-03,75.4,3.8375
1965-03-04,75.4,2.7875
1965-03-05,76.5,1.675
1965-03-06,77.1,1.075
1965-03-07,77.4,1.7125
1965-03-08,74.8,0.45
1965-03-09,73.3,1.0125
1965-03-10,73.4,0.3625
1965-03-11,72.2,0.875
1965-03-12,73.8,1.0625
1965-03-13,75.9,2.1125
1965-03-14,74.9,1.625
1965-03-15,72.9,2.45
1965-03-16,71.5,0.975
1965-03-17,71.8,1.2875
1965-03-18,75.3,0.2875
1965-03-19,77.3,0.9625
1965-03-20,74.7,1.2875
1965-03-21,74.3,1.925
1965-03-22,72.9,1.375
1965-03-23,73.2,3.7
1965-03-24,72.7,2.5
1965-03-25,74.0,3.1125
1965-03-26,73.5,2.625
1965-03-27,72.3,2.125
1965-03-28,71.9,1.1625
1965-03-29,72.2,1.55
1965-03-30,71.6,0.5375
1965-03-31,71.8,1.025
1965-04-01,71.3,1.0375
1965-04-02,71.7,0.5
1965-04-03,71.4,0.675
1965-04-04,71.1,1.575
1965-04-05,70.8,0.7875
1965-04-06,71.0,1.7875
1965-04-07,70.8,1.875
1965-04-08,70.6,0.8375
1965-04-09,71.8,2.225
1965-04-10,73.2,1.25
1965-04-11,73.8,1.675
1965-04-12,73.4,1.6625
1965-04-13,73.7,1.2625
1965-04-14,75.4,1.2125
1965-04-15,75.0,1.05
1965-04-16,74.6,0.8875
1965-04-17,73.2,1.825
1965-04-18,73.0,5.025
1965-04-19,74.1,2.725
1965-04-20,72.4,2.2125
1965-04-21,73.0,0.75
1965-04-22,72.7,1.175
1965-04-23,73.2,1.175
1965-04-24,70.8,1.25
1965-04-25,69.6,1.05
1965-04-26,69.1,1.5375
1965-04-27,69.2,1.2
1965-04-28,69.5,0.7125
1965-04-29,70.2,1.125
1965-04-30,69.9,1.3
1965-05-01,71.1,0.8875
1965-05-02,70.8,0.3375
1965-05-03,70.7,0.625
1965-05-04,69.7,1.0375
1965-05-05,69.0,3.6375
1965-05-06,70.4,1.575
1965-05-07,71.4,1.2375
1965-05-08,72.0,2.075
1965-05-09,72.4,2.2125
1965-05-10,72.1,1.7625
1965-05-11,71.1,0.4125
1965-05-12,71.8,1.1125
1965-05-13,74.4,0.6375
1965-05-14,75.4,0.5875
1965-05-15,80.5,1.025
1965-05-16,86.3,2.9
1965-05-17,91.1,1.325
1965-05-18,90.4,0.9625
1965-05-19,92.4,0.55
1965-05-20,94.7,0.875
1965-05-21,92.8,1.375
1965-05-22,92.2,1.5
1965-05-23,86.2,1.2375
1965-05-24,85.1,1.5375
1965-05-25,81.0,0.675
1965-05-26,77.9,1.05
1965-05-27,76.0,1.5375
1965-05-28,74.5,1.3375
1965-05-29,73.7,0.75
1965-05-30,74.0,0.675
1965-05-31,71.6,1.0125
1965-06-01,70.8,1.2125
1965-06-02,73.7,1.5
1965-06-03,75.2,1.525
1965-06-04,78.2,2.3875
1965-06-05,78.3,1.5125
1965-06-06,78.4,1.25
1965-06-07,77.2,0.75
1965-06-08,78.4,2.0125
1965-06-09,79.0,2.6375
1965-06-10,78.3,0.3625
1965-06-11,76.5,1.1375
1965-06-12,76.0,0.8
1965-06-13,76.8,0.3125
1965-06-14,76.1,1.5875
1965-06-15,76.7,2.9875
1965-06-16,76.0,5.675
1965-06-17,76.3,4.0125
1965-06-18,78.2,2.1125
1965-06-19,74.9,0.5375
1965-06-20,76.0,0.3625
1965-06-21,75.9,0.225
1965-06-22,78.2,0.925
1965-06-23,80.2,0.675
1965-06-24,78.1,0.6125
1965-06-25,79.3,1.9875
1965-06-26,78.7,2.2125
1965-06-27,77.7,1.5625
1965-06-28,76.7,0.8
1965-06-29,76.4,2.5375
1965-06-30,77.0,2.75
1965-07-01,76.0,2.7
1965-07-02,75.6,1.4625
1965-07-03,76.2,1.375
1965-07-04,75.9,0.7875
1965-07-05,75.4,0.7125
1965-07-06,78.5,3.1
1965-07-07,81.5,1.9125
1965-07-08,81.0,3.375
1965-07-09,81.4,2.55
1965-07-10,80.3,2.5
1965-07-11,79.9,0.5
1965-07-12,78.2,1.1125
1965-07-13,76.3,1.425
1965-07-14,74.7,1.0
1965-07-15,74.5,2.1625
1965-07-16,72.1,0.85
1965-07-17,71.9,0.45
1965-07-18,71.9,1.1625
1965-07-19,72.5,2.7125
1965-07-20,73.0,1.3375
1965-07-21,72.6,0.7375
1965-07-22,71.5,1.0625
1965-07-23,70.9,2.7
1965-07-24,70.1,1.9125
1965-07-25,70.0,1.375
1965-07-26,69.4,0.8375
1965-07-27,70.0,2.0
1965-07-28,70.6,2.8625
1965-07-29,71.1,2.5
1965-07-30,71.1,1.0375
1965-07-31,70.7,0.6875
1965-08-01,72.0,1.0625
1965-08-02,73.0,2.4125
1965-08-03,77.3,1.7125
1965-08-04,78.4,1.675
1965-08-05,76.3,1.0375
1965-08-06,78.8,0.7625
1965-08-07,79.6,1.6
1965-08-08,77.3,1.5
1965-08-09,77.6,1.65
1965-08-10,76.1,1.1375
1965-08-11,76.7,1.5375
1965-08-12,75.9,1.5875
1965-08-13,74.8,0.5625
1965-08-14,73.7,2.0
1965-08-15,72.5,1.3875
1965-08-16,73.8,1.6
1965-08-17,72.4,2.4125
1965-08-18,73.2,2.375
1965-08-19,74.3,3.7875
1965-08-20,73.7,3.0
1965-08-21,73.6,2.25
1965-08-22,72.9,1.325
1965-08-23,73.0,1.7
1965-08-24,72.7,2.425
1965-08-25,72.2,2.6375
1965-08-26,72.0,1.7125
1965-08-27,74.5,1.5
1965-08-28,73.2,0.7875
1965-08-29,74.2,1.2875
1965-08-30,75.0,1.8625
1965-08-31,74.9,2.4
1965-09-01,75.5,1.45
1965-09-02,76.0,1.475
1965-09-03,76.7,0.8125
1965-09-04,76.8,3.05
1965-09-05,78.8,2.1125
1965-09-06,77.2,2.1625
1965-09-07,77.8,1.75
1965-09-08,78.7,0.8875
1965-09-09,76.2,0.575
1965-09-10,75.7,0.625
1965-09-11,75.8,0.9125
1965-09-12,75.4,2.1625
1965-09-13,75.1,1.3125
1965-09-14,75.3,0.6625
1965-09-15,75.1,2.625
1965-09-16,73.9,4.3125
1965-09-17,74.0,3.2875
1965-09-18,73.2,2.9
1965-09-19,73.0,3.125
1965-09-20,73.0,1.4125
1965-09-21,72.7,1.325
1965-09-22,71.4,1.25
1965-09-23,72.0,2.2125
1965-09-24,76.4,2.1625
1965-09-25,76.1,2.4625
1965-09-26,77.3,2.2
1965-09-27,78.7,2.7625
1965-09-28,80.8,3.75
1965-09-29,87.6,1.6625
1965-09-30,89.3,0.65
1965-10-01,92.4,0.3125
1965-10-02,93.6,3.0375
1965-10-03,96.4,0.7125
1965-10-04,97.9,0.1625
1965-10-05,92.0,1.7625
1965-10-06,85.6,0.325
1965-10-07,84.0,1.5
1965-10-08,83.3,2.75
1965-10-09,83.8,0.95
1965-10-10,80.8,0.65
1965-10-11,76.4,0.75
1965-10-12,75.2,1.575
1965-10-13,76.2,1.8375
1965-10-14,75.1,1.4125
1965-10-15,74.3,0.3375
1965-10-16,72.8,0.375
1965-10-17,73.0,0.4875
1965-10-18,72.7,1.3375
1965-10-19,72.3,0.95
1965-10-20,73.2,0.5375
1965-10-21,73.8,0.2875
1965-10-22,76.8,2.525
1965-10-23,79.3,3.325
1965-10-24,76.9,2.875
1965-10-25,78.5,2.55
1965-10-26,78.8,1.425
1965-10-27,78.6,1.6625
1965-10-28,77.8,2.6625
1965-10-29,77.3,1.125
1965-10-30,76.8,2.0
1965-10-31,78.7,1.6125
1965-11-01,79.5,1.1375
1965-11-02,80.2,1.3875
1965-11-03,81.9,0.2375
1965-11-04,80.6,1.8
1965-11-05,78.7,2.4125
1965-11-06,81.5,3.0
1965-11-07,86.0,2.05
1965-11-08,81.2,1.05
1965-11-09,82.9,0.9875
1965-11-10,85.0,0.075
1965-11-11,85.1,0.7375
1965-11-12,81.6,0.75
1965-11-13,78.1,1.8375
1965-11-14,76.8,0.6375
1965-11-15,77.4,0.575
1965-11-16,74.9,0.2
1965-11-17,75.2,1.0
1965-11-18,75.9,1.5375
1965-11-19,74.3,2.3375
1965-11-20,73.6,3.1625
1965-11-21,73.1,2.2
1965-11-22,72.8,1.1375
1965-11-23,72.3,0.3375
1965-11-24,72.2,1.0875
1965-11-25,71.5,1.125
1965-11-26,72.8,0.975
1965-11-27,75.1,1.1125
1965-11-28,78.0,0.5
1965-11-29,74.9,0.7625
1965-11-30,76.1,2.2
1965-12-01,76.6,3.1125
1965-12-02,76.2,2.15
1965-12-03,76.1,0.575
1965-12-04,75.6,2.3625
1965-12-05,76.6,0.6125
1965-12-06,77.4,0.6625
1965-12-07,76.5,0.7875
1965-12-08,78.0,0.9125
1965-12-09,76.2,1.45
1965-12-10,76.5,1.8375
1965-12-11,76.8,2.325
1965-12-12,77.1,2.175
1965-12-13,75.2,1.625
1965-12-14,75.9,0.5375
1965-12-15,78.1,0.2
1965-12-16,79.0,0.1625
1965-12-17,79.8,0.3375
1965-12-18,79.8,2.3125
1965-12-19,78.1,1.3875
1965-12-20,75.8,1.075
1965-12-21,75.4,0.5375
1965-12-22,73.5,1.625
1965-12-23,73.9,0.5375
1965-12-24,72.4,1.625
1965-12-25,73.3,2.3875
1965-12-26,78.2,3.1375
1965-12-27,85.1,2.3375
1965-12-28,85.2,3.075
1965-12-29,86.1,1.9125
1965-12-30,83.2,1.475
1965-12-31,82.1,0.7875
1966-01-01,82.0,0.45
1966-01-02,78.9,1.9875
1966-01-03,78.5,1.3375
1966-01-04,80.5,2.0125
1966-01-05,80.0,0.8625
1966-01-06,79.7,0.45
1966-01-07,80.9,1.625
1966-01-08,80.6,1.875
1966-01-09,80.1,1.5375
1966-01-10,79.8,1.8
1966-01-11,80.9,0.5375
1966-01-12,84.0,0.45
1966-01-13,87.2,0.4125
1966-01-14,93.2,0.85
1966-01-15,101.9,1.225
1966-01-16,106.0,0.075
1966-01-17,101.7,0.5125
1966-01-18,104.8,1.1375
1966-01-19,108.6,0.825
1966-01-20,102.3,2.9625
1966-01-21,98.9,3.6125
1966-01-22,94.7,3.8875
1966-01-23,93.5,2.8
1966-01-24,91.8,2.7875
1966-01-25,88.1,2.3875
1966-01-26,85.4,2.725
1966-01-27,82.4,0.6625
1966-01-28,80.5,1.325
1966-01-29,80.7,1.5
1966-01-30,78.7,0.625
1966-01-31,77.7,0.5375
1966-02-01,79.9,0.7
1966-02-02,79.2,0.7875
1966-02-03,79.8,2.2125
1966-02-04,81.3,2.7125
1966-02-05,82.9,3.35
1966-02-06,84.5,1.925
1966-02-07,85.1,1.175
1966-02-08,84.6,0.95
1966-02-09,85.2,0.75
1966-02-10,86.0,1.85
1966-02-11,85.8,2.625
1966-02-12,85.4,1.0625
1966-02-13,86.1,1.45
1966-02-14,86.1,0.4875
1966-02-15,85.4,0.95
1966-02-16,84.7,1.2125
1966-02-17,84.1,1.0875
1966-02-18,84.1,0.825
1966-02-19,83.0,2.6125
1966-02-20,84.7,3.0125
1966-02-21,87.6,1.0875
1966-02-22,87.9,2.375
1966-02-23,84.5,3.875
1966-02-24,83.7,3.325
1966-02-25,80.9,2.3
1966-02-26,84.8,0.6375
1966-02-27,84.8,0.875
1966-02-28,85.7,0.2875
1966-03-01,81.2,0.65
1966-03-02,78.0,0.625
1966-03-03,77.1,2.0875
1966-03-04,76.7,1.825
1966-03-05,76.0,1.15
1966-03-06,76.6,1.0375
1966-03-07,77.4,0.5875
1966-03-08,77.5,0.825
1966-03-09,79.6,0.925
1966-03-10,79.6,2.125
1966-03-11,79.0,1.325
1966-03-12,79.3,1.4125
1966-03-13,81.0,2.075
1966-03-14,82.3,4.925
1966-03-15,88.1,1.875
1966-03-16,93.8,1.5875
1966-03-17,106.2,1.4875
1966-03-18,110.6,0.8375
1966-03-19,115.5,3.3375
1966-03-20,111.9,2.25
1966-03-21,121.2,1.9375
1966-03-22,105.8,1.6875
1966-03-23,96.8,5.1375
1966-03-24,93.5,0.575
1966-03-25,91.6,2.7875
1966-03-26,85.0,3.1125
1966-03-27,83.4,2.7625
1966-03-28,87.9,4.2625
1966-03-29,96.4,2.1375
1966-03-30,99.2,1.5375
1966-03-31,110.6,0.7375
1966-04-01,106.9,2.5125
1966-04-02,106.4,2.0875
1966-04-03,102.1,1.725
1966-04-04,102.5,1.875
1966-04-05,101.9,1.4375
1966-04-06,104.0,2.0
1966-04-07,102.6,1.8375
1966-04-08,107.0,2.2875
1966-04-09,100.0,1.3375
1966-04-10,94.4,1.3
1966-04-11,93.5,0.35
1966-04-12,94.4,0.75
1966-04-13,92.6,2.9125
1966-04-14,90.5,2.05
1966-04-15,95.7,0.9875
1966-04-16,92.6,0.65
1966-04-17,94.5,1.05
1966-04-18,92.1,0.625
1966-04-19,88.2,0.3375
1966-04-20,92.6,1.3375
1966-04-21,90.8,1.3375
1966-04-22,92.4,2.6375
1966-04-23,97.8,2.0875
1966-04-24,102.5,1.625
1966-04-25,102.6,0.5875
1966-04-26,100.0,0.7125
1966-04-27,95.6,0.25
1966-04-28,93.6,1.125
1966-04-29,93.1,1.5
1966-04-30,91.9,2.375
1966-05-01,90.3,1.9625
1966-05-02,92.5,2.6125
1966-05-03,92.4,1.2125
1966-05-04,91.0,2.575
1966-05-05,87.0,1.45
1966-05-06,86.0,1.625
1966-05-07,88.2,0.8625
1966-05-08,86.2,1.2875
1966-05-09,85.9,1.1625
1966-05-10,84.9,0.5
1966-05-11,86.6,1.775
1966-05-12,90.7,1.7
1966-05-13,91.0,1.7125
1966-05-14,95.1,0.4875
1966-05-15,97.1,0.4125
1966-05-16,97.9,1.175
1966-05-17,96.7,1.7
1966-05-18,96.4,1.225
1966-05-19,104.6,0.775
1966-05-20,112.8,1.8
1966-05-21,120.6,1.05
1966-05-22,118.1,1.05
1966-05-23,111.1,0.5
1966-05-24,114.7,0.45
1966-05-25,112.2,1.0625
1966-05-26,109.4,5.175
1966-05-27,105.6,1.025
1966-05-28,104.7,1.3
1966-05-29,103.2,0.85
1966-05-30,98.8,1.5125
1966-05-31,102.7,4.825
1966-06-01,101.9,1.75
1966-06-02,101.0,2.1125
1966-06-03,99.7,1.575
1966-06-04,99.1,1.125
1966-06-05,98.7,1.3375
1966-06-06,98.9,1.05
1966-06-07,94.1,2.075
1966-06-08,96.6,0.95
1966-06-09,95.9,0.6625
1966-06-10,93.9,0.45
1966-06-11,93.2,0.7125
1966-06-12,93.0,1.7375
1966-06-13,93.1,1.2
1966-06-14,93.9,1.125
1966-06-15,91.8,1.3875
1966-06-16,94.9,1.5
1966-06-17,96.4,0.9125
1966-06-18,95.1,0.6125
1966-06-19,93.8,1.25
1966-06-20,91.3,1.7125
1966-06-21,90.5,1.175
1966-06-22,93.0,0.6375
1966-06-23,96.0,2.75
1966-06-24,100.2,2.45
1966-06-25,101.5,3.0125
1966-06-26,102.1,1.5125
1966-06-27,97.5,0.8125
1966-06-28,98.1,1.15
1966-06-29,96.5,1.4125
1966-06-30,97.4,1.4875
1966-07-01,96.8,1.45
1966-07-02,95.0,1.0125
1966-07-03,96.0,1.175
1966-07-04,101.4,2.3875
1966-07-05,101.6,1.3625
1966-07-06,106.1,1.2375
1966-07-07,108.9,0.8375
1966-07-08,110.6,3.3375
1966-07-09,104.3,4.1
1966-07-10,104.6,3.5375
1966-07-11,105.4,1.9125
1966-07-12,99.4,2.6625
1966-07-13,97.2,0.725
1966-07-14,96.6,0.9625
1966-07-15,97.9,1.4
1966-07-16,99.5,1.4625
1966-07-17,98.0,2.375
1966-07-18,98.1,1.0625
1966-07-19,98.3,1.2
1966-07-20,98.6,1.3625
1966-07-21,100.5,2.875
1966-07-22,103.2,1.7625
1966-07-23,111.3,1.575
1966-07-24,116.9,1.375
1966-07-25,122.1,0.85
1966-07-26,123.7,1.6125
1966-07-27,120.1,2.175
1966-07-28,120.5,2.25
1966-07-29,128.9,1.2375
1966-07-30,124.2,1.3375
1966-07-31,121.0,1.3375
1966-08-01,122.2,1.4625
1966-08-02,116.1,0.1625
1966-08-03,114.8,1.75
1966-08-04,112.7,1.8875
1966-08-05,107.4,2.2
1966-08-06,103.0,1.6875
1966-08-07,98.7,1.175
1966-08-08,95.0,1.25
1966-08-09,93.8,2.025
1966-08-10,91.8,2.4875
1966-08-11,90.1,2.7875
1966-08-12,90.4,2.7875
1966-08-13,90.8,1.375
1966-08-14,90.5,1.95
1966-08-15,91.3,1.2625
1966-08-16,92.8,0.8875
1966-08-17,94.4,0.5875
1966-08-18,95.1,2.025
1966-08-19,97.7,3.35
1966-08-20,99.2,1.6375
1966-08-21,100.4,1.2875
1966-08-22,103.1,1.0
1966-08-23,112.2,3.5875
1966-08-24,119.4,3.0
1966-08-25,123.6,2.15
1966-08-26,127.5,1.425
1966-08-27,130.7,1.375
1966-08-28,130.0,1.1
1966-08-29,127.3,2.0
1966-08-30,123.8,5.6625
1966-08-31,118.7,3.4625
1966-09-01,114.5,3.3875
1966-09-02,104.4,2.8375
1966-09-03,101.5,5.4625
1966-09-04,100.2,5.7875
1966-09-05,98.9,2.45
1966-09-06,96.4,3.5875
1966-09-07,94.4,2.9125
1966-09-08,94.8,4.725
1966-09-09,94.0,3.35
1966-09-10,92.6,3.3625
1966-09-11,95.4,1.6125
1966-09-12,99.5,1.2375
1966-09-13,101.1,1.0625
1966-09-14,106.0,1.825
1966-09-15,110.8,3.3375
1966-09-16,123.3,2.225
1966-09-17,127.8,1.925
1966-09-18,141.3,0.7875
1966-09-19,145.3,3.0
1966-09-20,144.9,3.575
1966-09-21,136.1,2.025
1966-09-22,130.6,1.5875
1966-09-23,126.6,2.9875
1966-09-24,125.3,2.5375
1966-09-25,118.2,2.25
1966-09-26,108.9,3.525
1966-09-27,102.5,3.2875
1966-09-28,97.5,3.1
1966-09-29,98.3,3.0125
1966-09-30,95.4,2.875
1966-10-01,101.2,1.3375
1966-10-02,101.9,0.5875
1966-10-03,103.1,0.8875
1966-10-04,100.6,3.4125
1966-10-05,100.0,4.3375
1966-10-06,102.0,3.4
1966-10-07,103.2,1.75
1966-10-08,99.6,1.325
1966-10-09,103.8,2.2
1966-10-10,106.8,0.65
1966-10-11,110.3,0.275
1966-10-12,115.3,2.1875
1966-10-13,123.4,1.925
1966-10-14,120.9,1.05
1966-10-15,121.3,2.5875
1966-10-16,121.2,4.0375
1966-10-17,121.4,1.4625
1966-10-18,119.5,0.9625
1966-10-19,116.5,1.0375
1966-10-20,125.2,0.9625
1966-10-21,122.0,0.325
1966-10-22,121.0,0.325
1966-10-23,112.2,0.625
1966-10-24,107.3,2.3375
1966-10-25,102.0,3.5875
1966-10-26,98.9,2.8375
1966-10-27,93.2,1.5875
1966-10-28,95.4,1.125
1966-10-29,101.1,0.875
1966-10-30,97.1,2.3875
1966-10-31,98.6,4.425
1966-11-01,96.0,4.1375
1966-11-02,98.3,2.7875
1966-11-03,94.6,3.1875
1966-11-04,93.3,1.8875
1966-11-05,99.6,2.1625
1966-11-06,106.6,1.8
1966-11-07,115.5,1.3625
1966-11-08,119.2,1.575
1966-11-09,119.5,0.625
1966-11-10,124.4,2.0875
1966-11-11,128.7,1.425
1966-11-12,128.9,1.875
1966-11-13,129.1,1.7875
1966-11-14,126.7,0.425
1966-11-15,125.4,1.0375
1966-11-16,123.9,1.175
1966-11-17,115.9,2.2875
1966-11-18,116.1,2.0
1966-11-19,113.7,2.5875
1966-11-20,113.6,1.8625
1966-11-21,113.4,1.5375
1966-11-22,119.5,0.6
1966-11-23,117.6,0.4875
1966-11-24,116.8,1.4125
1966-11-25,113.7,0.9625
1966-11-26,110.2,2.1875
1966-11-27,114.2,1.4875
1966-11-28,107.0,3.0375
1966-11-29,100.7,2.6625
1966-11-30,97.3,3.7875
1966-12-01,94.9,3.05
1966-12-02,97.8,1.6
1966-12-03,101.6,0.825
1966-12-04,107.9,3.25
1966-12-05,114.2,3.2625
1966-12-06,119.1,1.6875
1966-12-07,121.3,0.825
1966-12-08,127.5,0.7625
1966-12-09,150.7,0.625
1966-12-10,162.2,0.925
1966-12-11,168.0,0.6125
1966-12-12,162.7,0.3125
1966-12-13,160.5,3.2625
1966-12-14,154.3,4.375
1966-12-15,149.5,3.0875
1966-12-16,139.6,2.125
1966-12-17,129.0,1.95
1966-12-18,114.9,1.3375
1966-12-19,116.0,0.825
1966-12-20,111.2,1.4375
1966-12-21,110.0,2.5375
1966-12-22,109.0,2.825
1966-12-23,114.4,1.9375
1966-12-24,114.3,2.3125
1966-12-25,115.4,2.875
1966-12-26,114.7,3.7625
1966-12-27,113.3,4.375
1966-12-28,111.2,2.75
1966-12-29,113.0,1.825
1966-12-30,119.0,1.325
1966-12-31,124.6,0.7125
1967-01-01,128.7,2.9375
1967-01-02,147.9,1.6875
1967-01-03,159.3,2.0625
1967-01-04,166.2,0.45
1967-01-05,174.0,0.625
1967-01-06,166.0,1.375
1967-01-07,158.9,3.4125
1967-01-08,147.8,4.9875
1967-01-09,149.6,2.575
1967-01-10,150.6,1.1125
1967-01-11,144.6,3.0375
1967-01-12,143.9,0.3625
1967-01-13,142.8,3.3
1967-01-14,139.8,3.9125
1967-01-15,130.9,2.05
1967-01-16,124.2,2.125
1967-01-17,120.8,1.025
1967-01-18,121.3,1.275
1967-01-19,120.3,1.1625
1967-01-20,131.2,2.6875
1967-01-21,142.8,2.075
1967-01-22,144.4,1.0375
1967-01-23,153.6,1.375
1967-01-24,151.5,0.4375
1967-01-25,147.3,1.2625
1967-01-26,159.2,0.95
1967-01-27,163.2,0.875
1967-01-28,161.0,2.425
1967-01-29,163.1,1.1375
1967-01-30,163.9,0.6375
1967-01-31,161.1,0.5
1967-02-01,156.1,1.0875
1967-02-02,147.8,0.5
1967-02-03,142.9,0.5
1967-02-04,141.3,2.3625
1967-02-05,151.0,2.7125
1967-02-06,153.1,1.7
1967-02-07,167.0,3.0
1967-02-08,152.4,4.8125
1967-02-09,150.0,1.575
1967-02-10,144.3,0.375
1967-02-11,137.3,2.3375
1967-02-12,136.5,0.5375
1967-02-13,133.3,0.925
1967-02-14,132.5,1.1125
1967-02-15,129.7,1.0
1967-02-16,128.0,4.925
1967-02-17,125.2,2.9125
1967-02-18,127.1,1.2
1967-02-19,123.9,1.375
1967-02-20,131.5,1.25
1967-02-21,134.8,1.45
1967-02-22,149.3,1.8375
1967-02-23,152.5,2.7
1967-02-24,165.7,1.1125
1967-02-25,162.7,2.825
1967-02-26,176.8,2.45
1967-02-27,180.1,1.3625
1967-02-28,183.7,1.1625
1967-03-01,197.8,1.375
1967-03-02,201.2,1.05
1967-03-03,199.8,1.925
1967-03-04,209.3,1.475
1967-03-05,182.1,2.45
1967-03-06,180.1,2.0
1967-03-07,166.3,1.1625
1967-03-08,158.3,0.45
1967-03-09,160.2,2.3375
1967-03-10,150.4,1.625
1967-03-11,143.5,0.325
1967-03-12,135.9,0.4625
1967-03-13,130.7,1.3875
1967-03-14,128.6,1.2625
1967-03-15,133.9,0.45
1967-03-16,133.4,0.7
1967-03-17,133.9,1.1625
1967-03-18,133.4,3.0875
1967-03-19,137.1,3.675
1967-03-20,141.5,2.6625
1967-03-21,148.2,2.1125
1967-03-22,150.6,0.9875
1967-03-23,156.6,1.05
1967-03-24,162.9,0.6875
1967-03-25,170.1,0.875
1967-03-26,164.6,1.0875
1967-03-27,163.5,3.25
1967-03-28,181.3,1.8875
1967-03-29,179.0,1.5125
1967-03-30,176.2,2.425
1967-03-31,168.0,0.6875
1967-04-01,158.8,2.8875
1967-04-02,141.2,2.3375
1967-04-03,133.3,1.0875
1967-04-04,124.9,2.5875
1967-04-05,122.0,2.475
1967-04-06,118.8,2.5
1967-04-07,126.0,1.925
1967-04-08,135.3,1.3875
1967-04-09,132.9,1.175
1967-04-10,129.8,1.4125
1967-04-11,130.5,0.85
1967-04-12,129.2,0.95
1967-04-13,126.1,0.5375
1967-04-14,132.7,0.7625
1967-04-15,123.2,0.9125
1967-04-16,125.2,2.2875
1967-04-17,124.9,2.0625
1967-04-18,127.4,1.75
1967-04-19,125.5,3.425
1967-04-20,125.9,1.7875
1967-04-21,132.7,1.9
1967-04-22,130.1,3.175
1967-04-23,126.6,3.0375
1967-04-24,129.0,4.0
1967-04-25,131.3,1.7125
1967-04-26,123.8,0.6125
1967-04-27,127.4,0.675
1967-04-28,133.2,0.575
1967-04-29,135.5,1.375
1967-04-30,133.3,0.85
1967-05-01,134.5,2.5875
1967-05-02,129.7,3.5875
1967-05-03,124.4,5.9125
1967-05-04,123.7,2.525
1967-05-05,125.8,2.25
1967-05-06,120.6,1.5375
1967-05-07,117.5,2.425
1967-05-08,114.7,1.4125
1967-05-09,111.5,1.2
1967-05-10,107.3,1.7875
1967-05-11,104.0,2.175
1967-05-12,107.5,2.525
1967-05-13,105.1,2.6375
1967-05-14,106.3,2.2125
1967-05-15,108.6,1.525
1967-05-16,110.6,1.525
1967-05-17,112.8,2.5
1967-05-18,121.9,1.725
1967-05-19,132.4,1.8875
1967-05-20,142.9,1.4
1967-05-21,156.4,1.325
1967-05-22,178.3,0.775
1967-05-23,189.1,1.8375
1967-05-24,195.8,2.325
1967-05-25,205.4,5.2875
1967-05-26,213.2,6.35
1967-05-27,208.2,3.275
1967-05-28,197.3,4.8875
1967-05-29,183.2,4.3
1967-05-30,172.6,3.925
1967-05-31,170.6,3.95
1967-06-01,169.7,0.875
1967-06-02,153.6,2.0375
1967-06-03,146.2,1.7375
1967-06-04,144.2,2.4375
1967-06-05,134.7,3.3625
1967-06-06,126.7,3.7875
1967-06-07,115.6,2.35
1967-06-08,106.9,2.6875
1967-06-09,100.6,2.7
1967-06-10,94.2,1.55
1967-06-11,94.0,1.2375
1967-06-12,93.6,1.2875
1967-06-13,96.7,1.6
1967-06-14,100.6,2.875
1967-06-15,103.9,1.825
1967-06-16,108.3,1.5375
1967-06-17,108.5,2.125
1967-06-18,111.7,0.875
1967-06-19,115.2,1.1125
1967-06-20,117.4,0.975
1967-06-21,119.0,1.075
1967-06-22,125.5,1.275
1967-06-23,128.9,0.95
1967-06-24,128.2,0.8875
1967-06-25,128.9,3.3
1967-06-26,123.6,3.4125
1967-06-27,127.2,3.075
1967-06-28,132.2,2.0625
1967-06-29,129.0,2.0
1967-06-30,122.0,2.8625
1967-07-01,120.9,3.0875
1967-07-02,121.6,1.4125
1967-07-03,125.3,0.825
1967-07-04,123.0,1.5375
1967-07-05,119.6,3.0125
1967-07-06,112.8,1.7875
1967-07-07,112.2,2.2375
1967-07-08,108.1,0.95
1967-07-09,106.1,0.75
1967-07-10,102.3,0.7875
1967-07-11,103.6,3.5
1967-07-12,102.7,2.1
1967-07-13,110.2,1.55
1967-07-14,118.5,1.7875
1967-07-15,123.5,1.6375
1967-07-16,125.9,1.0125
1967-07-17,125.5,1.125
1967-07-18,127.1,1.8375
1967-07-19,124.5,1.0375
1967-07-20,131.2,1.3375
1967-07-21,135.9,1.25
1967-07-22,147.7,0.8125
1967-07-23,156.8,2.3
1967-07-24,170.9,1.9625
1967-07-25,189.4,2.2375
1967-07-26,193.7,1.475
1967-07-27,206.8,1.0875
1967-07-28,206.7,2.4125
1967-07-29,209.2,2.375
1967-07-30,205.2,2.2
1967-07-31,183.4,0.2625
1967-08-01,171.5,0.9625
1967-08-02,161.9,0.5125
1967-08-03,158.7,0.7375
1967-08-04,145.1,1.875
1967-08-05,151.0,1.9
1967-08-06,151.0,1.5375
1967-08-07,146.1,2.0375
1967-08-08,139.5,2.425
1967-08-09,137.4,1.5875
1967-08-10,133.1,2.7
1967-08-11,132.6,3.7125
1967-08-12,135.3,1.775
1967-08-13,134.0,1.4625
1967-08-14,126.7,2.1625
1967-08-15,124.2,1.7
1967-08-16,129.7,2.025
1967-08-17,144.7,3.1625
1967-08-18,153.3,2.925
1967-08-19,168.3,2.25
1967-08-20,168.9,2.475
1967-08-21,174.8,1.5875
1967-08-22,174.5,1.325
1967-08-23,174.5,1.3
1967-08-24,166.3,1.925
1967-08-25,167.1,2.875
1967-08-26,168.5,2.2125
1967-08-27,167.7,1.9125
1967-08-28,166.6,1.5375
1967-08-29,169.3,1.925
1967-08-30,161.0,2.3
1967-08-31,162.6,2.4375
1967-09-01,157.7,3.7
1967-09-02,153.8,3.0875
1967-09-03,144.6,1.5
1967-09-04,138.6,1.5875
1967-09-05,136.5,0.8875
1967-09-06,131.7,1.1625
1967-09-07,126.5,1.75
1967-09-08,131.9,2.0375
1967-09-09,129.7,2.3125
1967-09-10,131.8,0.725
1967-09-11,130.1,0.525
1967-09-12,130.0,0.9625
1967-09-13,126.0,3.875
1967-09-14,126.4,2.825
1967-09-15,129.0,2.575
1967-09-16,125.0,2.2625
1967-09-17,125.5,1.45
1967-09-18,127.6,2.325
1967-09-19,126.6,3.1625
1967-09-20,129.6,4.8
1967-09-21,125.6,5.9625
1967-09-22,123.7,1.95
1967-09-23,122.9,0.8375
1967-09-24,131.0,1.625
1967-09-25,133.4,1.4125
1967-09-26,133.7,1.0375
1967-09-27,136.8,1.2125
1967-09-28,134.1,4.2875
1967-09-29,131.3,4.875
1967-09-30,131.3,4.1625
1967-10-01,139.4,2.0625
1967-10-02,134.9,1.175
1967-10-03,131.4,1.8375
1967-10-04,129.9,1.0
1967-10-05,125.7,1.8375
1967-10-06,130.0,1.5125
1967-10-07,125.9,1.775
1967-10-08,121.8,2.125
1967-10-09,122.5,2.8625
1967-10-10,127.7,4.2875
1967-10-11,137.1,2.4625
1967-10-12,136.0,3.05
1967-10-13,131.5,2.125
1967-10-14,128.5,2.5875
1967-10-15,123.4,1.625
1967-10-16,118.8,1.3
1967-10-17,118.1,2.25
1967-10-18,114.2,1.7125
1967-10-19,120.3,1.1125
1967-10-20,132.4,0.7
1967-10-21,131.3,0.125
1967-10-22,138.7,1.375
1967-10-23,140.8,1.9
1967-10-24,142.9,1.075
1967-10-25,143.8,0.675
1967-10-26,150.0,0.5875
1967-10-27,163.2,2.2625
1967-10-28,179.3,3.7125
1967-10-29,165.7,3.575
1967-10-30,161.8,2.325
1967-10-31,150.9,1.4
1967-11-01,142.4,0.775
1967-11-02,143.2,2.3375
1967-11-03,139.7,3.3875
1967-11-04,132.8,2.05
1967-11-05,123.9,2.425
1967-11-06,121.8,1.1125
1967-11-07,115.2,0.6625
1967-11-08,115.0,3.1625
1967-11-09,113.3,2.3
1967-11-10,119.7,1.0
1967-11-11,126.6,2.175
1967-11-12,135.6,3.5375
1967-11-13,137.6,3.175
1967-11-14,139.8,2.325
1967-11-15,146.1,2.075
1967-11-16,155.2,2.1125
1967-11-17,158.6,0.325
1967-11-18,160.6,0.5875
1967-11-19,170.8,0.8
1967-11-20,170.1,0.3625
1967-11-21,165.4,0.925
1967-11-22,163.5,2.4875
1967-11-23,160.6,1.9625
1967-11-24,156.7,3.325
1967-11-25,158.8,2.4125
1967-11-26,162.1,2.0375
1967-11-27,159.3,2.0875
1967-11-28,161.6,3.0375
1967-11-29,154.5,2.65
1967-11-30,148.6,2.575
1967-12-01,144.0,4.2
1967-12-02,135.3,2.6625
1967-12-03,124.1,1.925
1967-12-04,130.1,1.75
1967-12-05,125.2,2.175
1967-12-06,134.2,3.45
1967-12-07,131.6,3.4125
1967-12-08,133.6,3.8375
1967-12-09,134.0,2.2625
1967-12-10,131.7,1.55
1967-12-11,141.0,0.6125
1967-12-12,143.6,1.5125
1967-12-13,147.6,1.2
1967-12-14,158.3,1.0
1967-12-15,169.6,2.2875
1967-12-16,187.3,2.0375
1967-12-17,208.7,2.4125
1967-12-18,219.4,3.3
1967-12-19,212.2,3.8625
1967-12-20,208.2,4.1
1967-12-21,204.6,3.0125
1967-12-22,188.3,2.6375
1967-12-23,169.6,3.0375
1967-12-24,158.1,1.325
1967-12-25,164.9,0.725
1967-12-26,171.0,1.625
1967-12-27,183.1,1.9625
1967-12-28,190.4,1.175
1967-12-29,182.5,1.25
1967-12-30,164.3,2.2
1967-12-31,157.8,5.325
1968-01-01,177.3,3.775
1968-01-02,177.7,4.0875
1968-01-03,185.4,1.925
1968-01-04,190.1,1.6
1968-01-05,197.7,2.3375
1968-01-06,216.9,3.0
1968-01-07,231.5,2.0
1968-01-08,238.1,1.375
1968-01-09,229.6,0.575
1968-01-10,215.4,1.3375
1968-01-11,209.4,2.0375
1968-01-12,205.7,2.7875
1968-01-13,203.9,2.2125
1968-01-14,193.4,2.45
1968-01-15,182.6,2.25
1968-01-16,166.1,2.5
1968-01-17,162.6,2.7
1968-01-18,153.4,2.1625
1968-01-19,146.3,2.55
1968-01-20,141.8,2.7875
1968-01-21,136.9,2.1
1968-01-22,140.1,2.1625
1968-01-23,142.3,2.2375
1968-01-24,153.4,2.2875
1968-01-25,165.2,1.1625
1968-01-26,179.6,2.55
1968-01-27,190.7,2.125
1968-01-28,219.6,2.4625
1968-01-29,227.5,2.725
1968-01-30,236.2,2.3375
1968-01-31,246.2,1.875
1968-02-01,261.7,2.2625
1968-02-02,260.6,3.325
1968-02-03,251.6,3.0125
1968-02-04,226.7,2.9
1968-02-05,196.9,1.7
1968-02-06,177.2,0.4875
1968-02-07,168.8,0.95
1968-02-08,155.7,2.9
1968-02-09,155.9,3.1625
1968-02-10,159.9,4.075
1968-02-11,159.9,4.9125
1968-02-12,163.4,2.6
1968-02-13,152.9,2.775
1968-02-14,149.4,1.2875
1968-02-15,145.4,3.4875
1968-02-16,146.0,2.9
1968-02-17,142.0,3.1625
1968-02-18,138.4,3.6625
1968-02-19,140.7,2.0875
1968-02-20,141.7,3.95
1968-02-21,151.8,3.675
1968-02-22,155.2,2.2125
1968-02-23,159.9,1.4625
1968-02-24,168.1,1.55
1968-02-25,181.0,1.0375
1968-02-26,187.7,1.0625
1968-02-27,179.1,1.7625
1968-02-28,174.0,3.8625
1968-02-29,170.5,3.15
1968-03-01,165.8,2.15
1968-03-02,167.3,2.2375
1968-03-03,153.4,2.7875
1968-03-04,146.9,3.0
1968-03-05,140.0,3.1625
1968-03-06,138.1,1.7
1968-03-07,133.6,1.2875
1968-03-08,125.9,1.0125
1968-03-09,124.6,0.95
1968-03-10,125.7,2.7875
1968-03-11,130.0,1.875
1968-03-12,132.0,1.8375
1968-03-13,129.4,1.3
1968-03-14,129.3,3.625
1968-03-15,127.3,4.0375
1968-03-16,129.5,3.6625
1968-03-17,136.6,2.425
1968-03-18,133.4,2.525
1968-03-19,131.2,2.4125
1968-03-20,130.6,3.1625
1968-03-21,141.0,1.8125
1968-03-22,143.2,1.375
1968-03-23,146.4,1.9125
1968-03-24,155.3,3.6375
1968-03-25,156.8,3.3375
1968-03-26,157.4,2.725
1968-03-27,159.8,3.0375
1968-03-28,157.6,2.6375
1968-03-29,156.7,2.9
1968-03-30,160.6,3.8375
1968-03-31,156.1,2.9125
1968-04-01,144.0,3.8875
1968-04-02,144.2,2.6625
1968-04-03,137.1,2.5375
1968-04-04,131.6,2.05
1968-04-05,129.0,3.2125
1968-04-06,124.9,4.325
1968-04-07,124.5,2.3
1968-04-08,130.3,0.7875
1968-04-09,140.7,0.4875
1968-04-10,142.2,1.6625
1968-04-11,137.7,2.3125
1968-04-12,142.0,2.3
1968-04-13,141.1,3.5625
1968-04-14,137.5,3.725
1968-04-15,139.0,2.9125
1968-04-16,140.0,2.75
1968-04-17,131.2,2.4
1968-04-18,126.6,2.1125
1968-04-19,124.2,0.65
1968-04-20,121.2,0.3125
1968-04-21,122.2,0.9625
1968-04-22,114.4,2.125
1968-04-23,110.5,2.625
1968-04-24,116.1,1.8375
1968-04-25,118.5,1.2125
1968-04-26,112.8,3.7125
1968-04-27,117.5,3.275
1968-04-28,126.6,2.9875
1968-04-29,126.1,2.8375
1968-04-30,130.8,1.8625
1968-05-01,142.5,2.45
1968-05-02,145.9,2.575
1968-05-03,153.7,2.1875
1968-05-04,151.9,1.375
1968-05-05,153.2,0.9625
1968-05-06,145.9,0.775
1968-05-07,142.7,4.7125
1968-05-08,139.0,1.675
1968-05-09,137.2,3.4875
1968-05-10,137.0,2.2625
1968-05-11,130.9,3.2125
1968-05-12,124.7,3.625
1968-05-13,125.7,2.8625
1968-05-14,135.2,2.5375
1968-05-15,138.8,2.1375
1968-05-16,147.3,2.425
1968-05-17,162.8,2.7625
1968-05-18,174.2,3.0375
1968-05-19,181.0,2.475
1968-05-20,189.1,3.2875
1968-05-21,189.9,3.675
1968-05-22,185.7,2.9375
1968-05-23,181.0,2.45
1968-05-24,178.0,3.125
1968-05-25,176.4,1.575
1968-05-26,172.4,0.9125
1968-05-27,166.4,1.125
1968-05-28,153.9,1.575
1968-05-29,146.8,2.2125
1968-05-30,147.2,2.375
1968-05-31,144.8,2.2875
1968-06-01,147.7,2.95
1968-06-02,141.3,3.1125
1968-06-03,139.8,2.85
1968-06-04,139.9,2.25
1968-06-05,134.3,1.3625
1968-06-06,141.3,1.25
1968-06-07,147.8,2.3125
1968-06-08,150.1,2.4375
1968-06-09,144.5,2.05
1968-06-10,143.5,4.25
1968-06-11,142.1,6.25
1968-06-12,139.1,4.5375
1968-06-13,139.0,4.875
1968-06-14,135.2,3.7375
1968-06-15,135.4,2.05
1968-06-16,133.9,2.3
1968-06-17,135.3,2.9125
1968-06-18,138.6,2.5375
1968-06-19,142.8,2.825
1968-06-20,146.7,1.6625
1968-06-21,152.2,0.7125
1968-06-22,149.7,2.3
1968-06-23,158.6,1.7125
1968-06-24,152.5,0.4
1968-06-25,149.1,0.975
1968-06-26,141.4,2.7375
1968-06-27,142.7,2.5375
1968-06-28,138.1,1.5
1968-06-29,134.5,2.35
1968-06-30,131.4,2.475
1968-07-01,124.1,2.2625
1968-07-02,116.3,2.2
1968-07-03,113.3,2.9625
1968-07-04,112.2,2.3875
1968-07-05,115.5,2.05
1968-07-06,116.2,1.75
1968-07-07,130.6,1.75
1968-07-08,142.3,1.5375
1968-07-09,148.6,1.075
1968-07-10,151.8,4.2375
1968-07-11,157.4,2.25
1968-07-12,160.8,1.6125
1968-07-13,150.6,2.725
1968-07-14,150.9,3.2375
1968-07-15,143.2,1.7375
1968-07-16,144.7,2.0875
1968-07-17,139.0,1.45
1968-07-18,130.9,2.1125
1968-07-19,131.0,1.975
1968-07-20,129.6,1.075
1968-07-21,128.9,1.9625
1968-07-22,134.7,3.2625
1968-07-23,141.6,2.4625
1968-07-24,148.0,0.775
1968-07-25,153.3,1.7125
1968-07-26,149.6,2.825
1968-07-27,142.4,2.3625
1968-07-28,139.3,1.85
1968-07-29,140.0,1.3375
1968-07-30,134.4,1.7375
1968-07-31,130.8,1.45
1968-08-01,130.3,0.8875
1968-08-02,130.3,0.9625
1968-08-03,136.8,2.4875
1968-08-04,131.8,1.2875
1968-08-05,132.1,2.5
1968-08-06,143.8,3.0
1968-08-07,136.0,2.7
1968-08-08,137.9,2.675
1968-08-09,142.7,2.7375
1968-08-10,142.7,1.875
1968-08-11,146.7,1.425
1968-08-12,157.4,1.5625
1968-08-13,166.5,1.9625
1968-08-14,180.4,3.9625
1968-08-15,181.0,3.6125
1968-08-16,174.6,4.45
1968-08-17,165.1,4.5
1968-08-18,160.8,3.3375
1968-08-19,156.1,2.3375
1968-08-20,156.2,1.6625
1968-08-21,155.0,1.0875
1968-08-22,150.3,1.2
1968-08-23,134.7,2.4125
1968-08-24,128.0,3.1875
1968-08-25,121.5,0.9375
1968-08-26,115.6,0.9625
1968-08-27,112.1,1.3375
1968-08-28,117.1,0.925
1968-08-29,119.3,0.4625
1968-08-30,123.2,0.525
1968-08-31,121.2,2.7375
1968-09-01,127.2,2.0375
1968-09-02,131.8,2.225
1968-09-03,140.4,3.2625
1968-09-04,140.8,2.8
1968-09-05,137.4,2.55
1968-09-06,133.9,3.2125
1968-09-07,139.0,2.9875
1968-09-08,147.2,4.725
1968-09-09,147.3,2.7125
1968-09-10,154.0,1.625
1968-09-11,150.5,1.025
1968-09-12,154.0,3.175
1968-09-13,148.7,4.7625
1968-09-14,144.8,4.075
1968-09-15,134.2,4.05
1968-09-16,130.6,2.2875
1968-09-17,130.2,1.5375
1968-09-18,127.6,0.8
1968-09-19,126.2,2.2625
1968-09-20,126.4,1.475
1968-09-21,132.5,2.45
1968-09-22,126.6,2.3875
1968-09-23,125.9,3.2125
1968-09-24,142.1,0.8375
1968-09-25,157.3,0.6
1968-09-26,159.2,1.175
1968-09-27,157.2,0.7125
1968-09-28,158.2,2.125
1968-09-29,153.5,2.075
1968-09-30,143.9,1.5
1968-10-01,136.2,2.8625
1968-10-02,136.2,4.85
1968-10-03,145.1,3.0875
1968-10-04,146.1,0.7875
1968-10-05,147.9,0.625
1968-10-06,145.4,1.5875
1968-10-07,147.0,2.7625
1968-10-08,141.9,1.7125
1968-10-09,137.7,2.0
1968-10-10,135.0,1.225
1968-10-11,134.4,0.5875
1968-10-12,137.3,5.0375
1968-10-13,127.8,4.1125
1968-10-14,132.8,2.875
1968-10-15,137.8,1.2
1968-10-16,138.2,1.325
1968-10-17,143.5,2.1625
1968-10-18,150.8,1.7875
1968-10-19,154.9,2.175
1968-10-20,156.9,1.675
1968-10-21,164.8,0.3625
1968-10-22,166.5,0.2
1968-10-23,168.7,0.6625
1968-10-24,175.2,1.5375
1968-10-25,173.8,1.7125
1968-10-26,174.6,1.2625
1968-10-27,175.1,1.55
1968-10-28,173.3,1.1625
1968-10-29,193.8,4.2
1968-10-30,166.2,2.8875
1968-10-31,161.9,6.2875
1968-11-01,155.7,6.075
1968-11-02,154.0,5.7125
1968-11-03,148.5,4.05
1968-11-04,142.7,3.8375
1968-11-05,135.2,1.5625
1968-11-06,133.8,1.4625
1968-11-07,131.5,2.6625
1968-11-08,135.7,2.1
1968-11-09,138.0,3.4625
1968-11-10,138.0,2.4875
1968-11-11,135.3,2.4
1968-11-12,132.1,0.6625
1968-11-13,134.3,1.4
1968-11-14,134.1,0.9125
1968-11-15,136.5,0.625
1968-11-16,130.5,2.7
1968-11-17,143.8,3.25
1968-11-18,151.5,3.425
1968-11-19,144.8,1.5375
1968-11-20,142.5,2.5875
1968-11-21,137.1,1.55
1968-11-22,134.4,1.35
1968-11-23,135.7,1.325
1968-11-24,137.8,1.2625
1968-11-25,138.9,1.9375
1968-11-26,138.8,1.7875
1968-11-27,137.8,2.2125
1968-11-28,133.2,1.825
1968-11-29,131.8,1.0
1968-11-30,132.3,0.4375
1968-12-01,144.2,2.0875
1968-12-02,154.2,1.5125
1968-12-03,154.1,3.1625
1968-12-04,152.3,3.3375
1968-12-05,151.0,3.5875
1968-12-06,147.2,1.9125
1968-12-07,144.5,1.075
1968-12-08,146.2,2.425
1968-12-09,150.1,1.425
1968-12-10,152.6,2.625
1968-12-11,148.2,1.5375
1968-12-12,143.4,1.7125
1968-12-13,135.7,1.375
1968-12-14,138.6,0.75
1968-12-15,138.4,1.625
1968-12-16,131.2,1.95
1968-12-17,134.5,0.9625
1968-12-18,138.3,1.9
1968-12-19,146.6,2.675
1968-12-20,149.5,0.8
1968-12-21,152.0,2.6625
1968-12-22,152.2,2.55
1968-12-23,151.3,2.75
1968-12-24,159.3,2.0875
1968-12-25,160.6,3.1375
1968-12-26,159.3,0.8875
1968-12-27,169.1,2.5
1968-12-28,155.8,1.425
1968-12-29,147.6,1.9875
1968-12-30,149.1,2.0375
1968-12-31,144.4,2.1125
1969-01-01,144.7,1.95
1969-01-02,146.9,0.8125
1969-01-03,149.0,0.2375
1969-01-04,159.8,0.6625
1969-01-05,168.0,0.675
1969-01-06,181.9,0.2375
1969-01-07,189.2,1.95
1969-01-08,189.3,1.975
1969-01-09,189.6,1.175
1969-01-10,175.1,0.725
1969-01-11,174.3,1.2
1969-01-12,168.7,1.4375
1969-01-13,162.6,0.3
1969-01-14,158.5,2.15
1969-01-15,159.4,2.6625
1969-01-16,157.9,2.325
1969-01-17,154.0,3.5375
1969-01-18,149.1,3.375
1969-01-19,136.0,2.45
1969-01-20,132.2,2.4125
1969-01-21,136.3,1.5875
1969-01-22,138.2,0.875
1969-01-23,128.8,1.175
1969-01-24,135.0,2.0625
1969-01-25,138.4,4.1125
1969-01-26,146.7,3.2875
1969-01-27,135.6,2.5875
1969-01-28,133.6,1.175
1969-01-29,133.2,0.5375
1969-01-30,130.0,1.45
1969-01-31,130.2,1.575
1969-02-01,133.7,0.75
1969-02-02,143.2,3.1375
1969-02-03,143.3,5.1625
1969-02-04,141.8,2.725
1969-02-05,142.9,2.0875
1969-02-06,142.5,2.7375
1969-02-07,144.2,1.9875
1969-02-08,138.0,2.075
1969-02-09,137.0,1.0
1969-02-10,133.1,2.3375
1969-02-11,132.3,5.325
1969-02-12,127.9,1.8875
1969-02-13,129.4,2.3625
1969-02-14,128.2,1.95
1969-02-15,128.0,3.2
1969-02-16,131.1,2.375
1969-02-17,137.6,1.0
1969-02-18,142.7,0.275
1969-02-19,153.5,1.8625
1969-02-20,162.7,2.05
1969-02-21,173.0,1.6625
1969-02-22,188.9,1.075
1969-02-23,205.7,2.125
1969-02-24,210.2,1.5125
1969-02-25,211.3,1.575
1969-02-26,198.7,2.6
1969-02-27,200.9,3.875
1969-02-28,184.0,2.8875
1969-03-01,168.6,2.0875
1969-03-02,154.6,1.9375
1969-03-03,150.4,0.55
1969-03-04,146.2,0.9875
1969-03-05,138.1,2.2125
1969-03-06,141.5,2.7125
1969-03-07,140.2,3.125
1969-03-08,139.3,2.425
1969-03-09,143.8,2.25
1969-03-10,139.6,1.375
1969-03-11,138.2,3.0375
1969-03-12,140.2,4.2125
1969-03-13,135.6,1.925
1969-03-14,140.5,1.775
1969-03-15,163.6,3.2625
1969-03-16,176.7,2.5875
1969-03-17,202.1,4.4625
1969-03-18,212.8,2.2375
1969-03-19,210.2,2.4625
1969-03-20,215.4,3.375
1969-03-21,232.4,2.675
1969-03-22,224.1,2.4625
1969-03-23,207.0,3.4625
1969-03-24,196.6,5.0
1969-03-25,182.0,3.4125
1969-03-26,192.0,2.2875
1969-03-27,178.4,1.4375
1969-03-28,178.0,1.55
1969-03-29,182.5,2.5
1969-03-30,183.3,2.8
1969-03-31,185.9,2.875
1969-04-01,188.9,3.3125
1969-04-02,191.6,2.8875
1969-04-03,189.8,2.8875
1969-04-04,177.1,2.4625
1969-04-05,175.5,2.2875
1969-04-06,162.3,2.4125
1969-04-07,153.9,3.2875
1969-04-08,147.2,1.9
1969-04-09,143.4,2.5375
1969-04-10,148.3,1.6125
1969-04-11,150.0,1.75
1969-04-12,154.7,1.7375
1969-04-13,171.5,3.3625
1969-04-14,178.3,2.8375
1969-04-15,179.9,2.7875
1969-04-16,165.9,3.2
1969-04-17,153.5,3.55
1969-04-18,145.5,2.7125
1969-04-19,145.1,1.15
1969-04-20,147.8,1.8375
1969-04-21,155.6,1.3375
1969-04-22,146.2,2.275
1969-04-23,142.5,1.3625
1969-04-24,143.0,2.125
1969-04-25,145.9,2.1
1969-04-26,141.9,1.5125
1969-04-27,133.1,2.4125
1969-04-28,133.0,4.8
1969-04-29,126.3,2.5125
1969-04-30,127.2,3.925
1969-05-01,123.0,2.0
1969-05-02,125.8,3.5125
1969-05-03,129.7,2.8875
1969-05-04,133.2,2.0
1969-05-05,151.4,2.2875
1969-05-06,135.8,1.8625
1969-05-07,127.4,1.1625
1969-05-08,135.9,1.275
1969-05-09,132.9,2.3375
1969-05-10,135.0,2.2875
1969-05-11,147.2,1.2125
1969-05-12,157.0,1.425
1969-05-13,150.9,4.575
1969-05-14,154.3,4.6875
1969-05-15,155.4,6.925
1969-05-16,155.8,4.2125
1969-05-17,160.4,2.525
1969-05-18,158.6,3.3
1969-05-19,153.9,2.25
1969-05-20,155.3,1.9375
1969-05-21,166.5,2.7625
1969-05-22,173.1,2.35
1969-05-23,168.4,2.325
1969-05-24,167.1,2.325
1969-05-25,164.2,1.625
1969-05-26,159.4,0.9625
1969-05-27,149.5,0.75
1969-05-28,139.4,2.0375
1969-05-29,119.3,1.2
1969-05-30,113.5,2.375
1969-05-31,108.9,2.6625
1969-06-01,110.1,1.3875
1969-06-02,117.8,1.5125
1969-06-03,129.6,1.2625
1969-06-04,154.5,1.45
1969-06-05,172.6,1.375
1969-06-06,190.7,0.8625
1969-06-07,215.7,1.8625
1969-06-08,231.5,2.75
1969-06-09,228.7,2.7
1969-06-10,236.2,2.375
1969-06-11,239.2,1.975
1969-06-12,229.6,3.1125
1969-06-13,221.6,2.925
1969-06-14,216.6,4.0875
1969-06-15,194.3,2.175
1969-06-16,169.3,3.25
1969-06-17,152.3,3.075
1969-06-18,149.0,0.9625
1969-06-19,142.3,1.575
1969-06-20,140.3,2.2125
1969-06-21,135.2,1.4125
1969-06-22,128.8,0.4625
1969-06-23,127.4,1.4125
1969-06-24,124.8,2.575
1969-06-25,116.4,2.2
1969-06-26,113.3,1.75
1969-06-27,110.4,1.425
1969-06-28,114.4,0.8375
1969-06-29,119.7,0.9625
1969-06-30,132.3,1.2125
1969-07-01,144.3,2.9875
1969-07-02,156.8,1.25
1969-07-03,162.0,0.8
1969-07-04,163.6,0.5375
1969-07-05,161.1,0.45
1969-07-06,159.8,1.1
1969-07-07,161.2,1.4625
1969-07-08,159.8,1.25
1969-07-09,160.3,1.7625
1969-07-10,159.0,1.7125
1969-07-11,152.9,1.3875
1969-07-12,146.6,2.4125
1969-07-13,140.5,2.7875
1969-07-14,130.0,2.5375
1969-07-15,122.5,1.325
1969-07-16,122.1,2.3
1969-07-17,120.2,1.0
1969-07-18,116.1,0.7875
1969-07-19,114.3,0.475
1969-07-20,111.7,0.8
1969-07-21,112.1,1.125
1969-07-22,111.5,1.8875
1969-07-23,112.9,1.2875
1969-07-24,112.1,0.95
1969-07-25,114.1,0.975
1969-07-26,115.5,2.85
1969-07-27,123.1,3.8625
1969-07-28,131.0,1.0
1969-07-29,133.0,0.4375
1969-07-30,142.6,2.175
1969-07-31,162.1,1.5
1969-08-01,170.6,0.725
1969-08-02,186.9,1.1875
1969-08-03,183.3,2.725
1969-08-04,187.5,2.6625
1969-08-05,182.4,1.75
1969-08-06,167.1,1.2625
1969-08-07,158.7,2.0125
1969-08-08,146.2,2.0875
1969-08-09,141.5,2.4875
1969-08-10,135.6,1.5875
1969-08-11,132.3,0.875
1969-08-12,125.2,3.4875
1969-08-13,120.0,1.6375
1969-08-14,114.5,1.4875
1969-08-15,112.6,1.1125
1969-08-16,109.6,0.925
1969-08-17,105.3,1.425
1969-08-18,102.6,1.625
1969-08-19,101.5,2.75
1969-08-20,106.9,1.7
1969-08-21,113.6,1.4625
1969-08-22,118.3,1.275
1969-08-23,130.3,2.4875
1969-08-24,142.9,1.75
1969-08-25,151.5,0.7375
1969-08-26,153.2,2.4375
1969-08-27,164.3,3.0375
1969-08-28,168.1,1.475
1969-08-29,174.1,0.925
1969-08-30,166.4,1.0125
1969-08-31,160.7,1.2
1969-09-01,153.5,0.65
1969-09-02,152.5,0.3625
1969-09-03,149.2,1.0
1969-09-04,148.0,1.1
1969-09-05,136.0,2.55
1969-09-06,133.6,3.2125
1969-09-07,126.4,2.7125
1969-09-08,122.3,2.8
1969-09-09,115.7,2.25
1969-09-10,115.0,1.775
1969-09-11,117.5,2.025
1969-09-12,119.2,1.175
1969-09-13,129.5,0.4875
1969-09-14,128.1,1.9125
1969-09-15,133.8,3.1875
1969-09-16,132.7,1.6375
1969-09-17,132.0,2.1625
1969-09-18,133.2,3.3
1969-09-19,130.8,2.125
1969-09-20,135.4,2.05
1969-09-21,136.7,1.2125
1969-09-22,139.5,0.65
1969-09-23,144.5,1.525
1969-09-24,158.7,1.375
1969-09-25,168.5,2.2
1969-09-26,158.1,0.8625
1969-09-27,150.7,1.025
1969-09-28,142.1,4.4625
1969-09-29,139.5,5.5
1969-09-30,136.6,5.75
1969-10-01,133.6,3.475
1969-10-02,143.1,4.05
1969-10-03,132.4,3.0375
1969-10-04,132.2,2.2
1969-10-05,140.9,1.7
1969-10-06,143.3,3.0
1969-10-07,145.1,1.45
1969-10-08,150.4,0.8375
1969-10-09,142.1,1.5875
1969-10-10,137.1,3.4875
1969-10-11,130.6,2.325
1969-10-12,128.5,1.975
1969-10-13,124.9,1.0875
1969-10-14,119.7,0.675
1969-10-15,118.4,0.825
1969-10-16,116.2,1.25
1969-10-17,123.2,1.1125
1969-10-18,129.8,1.625
1969-10-19,147.0,2.3375
1969-10-20,163.4,1.225
1969-10-21,178.6,1.95
1969-10-22,188.1,1.8875
1969-10-23,195.1,0.9375
1969-10-24,206.8,2.7875
1969-10-25,206.5,1.5
1969-10-26,207.1,1.0
1969-10-27,203.4,1.925
1969-10-28,192.1,1.65
1969-10-29,174.9,1.0
1969-10-30,164.0,0.1625
1969-10-31,156.2,1.4625
1969-11-01,141.5,0.575
1969-11-02,141.2,2.5125
1969-11-03,128.8,3.05
1969-11-04,131.8,1.475
1969-11-05,132.3,1.475
1969-11-06,134.3,0.625
1969-11-07,138.3,2.65
1969-11-08,132.9,2.7125
1969-11-09,130.2,4.4125
1969-11-10,125.3,4.35
1969-11-11,124.5,2.425
1969-11-12,124.9,1.625
1969-11-13,129.3,1.325
1969-11-14,137.0,0.4
1969-11-15,141.0,0.225
1969-11-16,148.8,0.575
1969-11-17,163.9,0.775
1969-11-18,181.4,1.1
1969-11-19,189.8,1.625
1969-11-20,193.5,1.0
1969-11-21,203.1,0.4625
1969-11-22,210.6,2.25
1969-11-23,214.9,1.2125
1969-11-24,206.1,1.6625
1969-11-25,190.7,1.6125
1969-11-26,180.0,2.2875
1969-11-27,177.6,3.45
1969-11-28,161.2,2.0875
1969-11-29,145.4,2.8125
1969-11-30,140.4,3.075
1969-12-01,133.9,1.2375
1969-12-02,135.3,0.925
1969-12-03,135.6,0.775
1969-12-04,143.0,1.75
1969-12-05,137.3,3.1125
1969-12-06,127.1,3.3625
1969-12-07,124.4,1.25
1969-12-08,115.6,1.3875
1969-12-09,119.7,2.35
1969-12-10,118.4,1.4
1969-12-11,121.7,2.25
1969-12-12,126.2,1.1625
1969-12-13,133.7,0.75
1969-12-14,136.9,0.875
1969-12-15,140.2,1.2625
1969-12-16,141.4,2.5
1969-12-17,148.9,1.075
1969-12-18,148.9,0.75
1969-12-19,152.1,0.925
1969-12-20,159.3,0.5375
1969-12-21,165.6,0.6875
1969-12-22,168.4,1.7375
1969-12-23,161.6,2.4625
1969-12-24,158.1,2.1625
1969-12-25,158.8,2.25
1969-12-26,156.2,2.0875
1969-12-27,151.9,1.9125
1969-12-28,154.1,0.85
1969-12-29,158.6,1.1125
1969-12-30,163.3,0.55
1969-12-31,156.5,0.6625
1970-01-01,156.0,1.85
1970-01-02,149.4,4.075
1970-01-03,141.8,2.0875
1970-01-04,136.0,0.7625
1970-01-05,130.8,1.4
1970-01-06,121.6,1.2125
1970-01-07,116.9,1.175
1970-01-08,117.2,1.4125
1970-01-09,123.7,1.9875
1970-01-10,139.1,1.3
1970-01-11,165.6,0.95
1970-01-12,177.5,1.7125
1970-01-13,178.8,1.125
1970-01-14,177.7,1.35
1970-01-15,186.1,1.675
1970-01-16,180.1,3.1625
1970-01-17,186.6,1.975
1970-01-18,185.3,1.5875
1970-01-19,181.1,1.2125
1970-01-20,174.0,1.7625
1970-01-21,182.8,1.675
1970-01-22,165.6,1.1
1970-01-23,158.3,1.3625
1970-01-24,148.2,1.825
1970-01-25,154.3,0.5375
1970-01-26,161.4,0.475
1970-01-27,168.0,1.575
1970-01-28,167.0,1.25
1970-01-29,168.3,1.6875
1970-01-30,159.6,2.5625
1970-01-31,147.7,1.6125
1970-02-01,138.6,1.75
1970-02-02,137.1,3.375
1970-02-03,127.4,1.7
1970-02-04,122.8,2.5
1970-02-05,124.5,2.3375
1970-02-06,135.7,0.8375
1970-02-07,143.3,0.275
1970-02-08,156.8,0.425
1970-02-09,158.4,0.625
1970-02-10,174.8,1.1625
1970-02-11,189.2,0.65
1970-02-12,206.4,0.7125
1970-02-13,202.7,1.4125
1970-02-14,201.2,2.1625
1970-02-15,206.8,2.0
1970-02-16,198.1,1.3375
1970-02-17,198.7,2.0875
1970-02-18,202.4,2.2625
1970-02-19,203.2,1.125
1970-02-20,200.9,0.7125
1970-02-21,195.4,0.45
1970-02-22,187.1,0.4
1970-02-23,187.8,0.8375
1970-02-24,189.9,2.175
1970-02-25,183.3,0.9
1970-02-26,181.9,1.9875
1970-02-27,180.3,1.7
1970-02-28,177.5,2.85
1970-03-01,178.9,3.4
1970-03-02,176.0,3.0
1970-03-03,170.2,2.9
1970-03-04,168.0,3.025
1970-03-05,172.6,2.5375
1970-03-06,170.4,3.5875
1970-03-07,171.0,4.625
1970-03-08,175.3,6.575
1970-03-09,166.8,4.525
1970-03-10,160.4,1.575
1970-03-11,158.4,0.6625
1970-03-12,166.4,1.3625
1970-03-13,154.3,1.9375
1970-03-14,148.9,0.775
1970-03-15,146.5,1.8
1970-03-16,140.4,0.6625
1970-03-17,135.0,1.25
1970-03-18,134.7,1.5875
1970-03-19,131.2,1.325
1970-03-20,142.2,1.125
1970-03-21,150.8,0.575
1970-03-22,152.0,0.5
1970-03-23,165.9,1.25
1970-03-24,170.8,0.4875
1970-03-25,168.0,0.6625
1970-03-26,167.1,1.2625
1970-03-27,159.8,2.5375
1970-03-28,154.3,3.4125
1970-03-29,153.6,3.1125
1970-03-30,149.7,3.0875
1970-03-31,149.6,4.8
1970-04-01,161.0,1.25
1970-04-02,167.3,1.5625
1970-04-03,163.5,2.425
1970-04-04,170.2,2.2875
1970-04-05,179.2,1.9875
1970-04-06,192.5,3.4125
1970-04-07,193.0,1.9625
1970-04-08,202.5,2.5
1970-04-09,217.8,2.9125
1970-04-10,223.8,0.7875
1970-04-11,205.4,1.825
1970-04-12,197.5,1.5375
1970-04-13,184.2,0.875
1970-04-14,172.8,0.7375
1970-04-15,162.5,1.35
1970-04-16,151.1,2.6
1970-04-17,146.8,4.0
1970-04-18,140.6,2.7875
1970-04-19,134.5,3.1625
1970-04-20,129.9,3.3375
1970-04-21,125.0,5.8
1970-04-22,127.2,3.5
1970-04-23,128.7,2.85
1970-04-24,128.6,3.0375
1970-04-25,133.2,3.1625
1970-04-26,133.6,2.4
1970-04-27,136.1,2.0125
1970-04-28,146.5,1.35
1970-04-29,153.8,1.7875
1970-04-30,151.0,3.225
1970-05-01,157.0,2.325
1970-05-02,158.2,2.2
1970-05-03,160.8,2.1875
1970-05-04,159.6,1.725
1970-05-05,164.9,2.375
1970-05-06,160.4,1.375
1970-05-07,159.4,1.5875
1970-05-08,153.8,0.925
1970-05-09,152.0,0.85
1970-05-10,159.6,0.3625
1970-05-11,172.7,0.6375
1970-05-12,176.6,2.9625
1970-05-13,189.1,1.575
1970-05-14,192.6,2.6375
1970-05-15,201.9,2.075
1970-05-16,201.4,1.5
1970-05-17,192.6,2.3
1970-05-18,190.0,1.3375
1970-05-19,192.8,1.575
1970-05-20,179.6,2.7375
1970-05-21,170.6,1.9625
1970-05-22,166.1,1.675
1970-05-23,159.6,1.75
1970-05-24,158.5,1.7125
1970-05-25,156.5,1.675
1970-05-26,158.5,0.4875
1970-05-27,151.1,2.7
1970-05-28,149.8,4.3625
1970-05-29,154.2,2.675
1970-05-30,159.2,2.3875
1970-05-31,160.7,1.4625
1970-06-01,141.5,3.8
1970-06-02,137.8,2.25
1970-06-03,129.6,2.5
1970-06-04,128.0,2.0875
1970-06-05,129.0,1.5375
1970-06-06,126.2,0.7375
1970-06-07,130.6,1.675
1970-06-08,130.3,2.4625
1970-06-09,134.0,1.375
1970-06-10,141.5,1.4875
1970-06-11,164.4,1.175
1970-06-12,166.5,1.25
1970-06-13,194.1,2.1375
1970-06-14,201.0,1.7875
1970-06-15,202.7,2.7
1970-06-16,192.4,2.1125
1970-06-17,184.7,2.5375
1970-06-18,176.0,3.8125
1970-06-19,169.5,1.95
1970-06-20,158.1,3.2125
1970-06-21,155.5,2.95
1970-06-22,145.3,0.95
1970-06-23,139.1,0.9125
1970-06-24,137.8,1.4125
1970-06-25,144.5,1.45
1970-06-26,146.4,2.6625
1970-06-27,154.7,3.825
1970-06-28,155.2,1.75
1970-06-29,162.5,1.55
1970-06-30,169.1,1.25
1970-07-01,174.0,2.325
1970-07-02,182.8,2.1875
1970-07-03,188.2,2.95
1970-07-04,188.6,2.7375
1970-07-05,184.7,2.9625
1970-07-06,180.3,2.6
1970-07-07,160.8,1.0875
1970-07-08,155.1,1.7875
1970-07-09,143.5,5.95
1970-07-10,139.1,3.675
1970-07-11,133.2,2.3625
1970-07-12,131.1,2.9
1970-07-13,126.5,2.2875
1970-07-14,122.3,2.2625
1970-07-15,118.0,1.425
1970-07-16,117.5,1.4
1970-07-17,121.9,1.6625
1970-07-18,126.8,1.2875
1970-07-19,131.5,1.3
1970-07-20,132.0,1.2375
1970-07-21,145.9,3.9625
1970-07-22,158.7,2.5375
1970-07-23,153.8,2.15
1970-07-24,158.9,3.7625
1970-07-25,163.8,5.875
1970-07-26,170.8,3.25
1970-07-27,180.3,2.825
1970-07-28,176.6,1.025
1970-07-29,156.2,4.5375
1970-07-30,151.4,1.825
1970-07-31,137.4,2.7875
1970-08-01,130.1,1.05
1970-08-02,124.8,1.3875
1970-08-03,124.2,0.925
1970-08-04,123.8,0.9875
1970-08-05,124.8,0.5875
1970-08-06,124.4,1.7625
1970-08-07,124.7,2.375
1970-08-08,128.2,3.8
1970-08-09,134.5,3.05
1970-08-10,133.7,1.9125
1970-08-11,123.9,2.2125
1970-08-12,133.3,2.075
1970-08-13,145.9,1.625
1970-08-14,162.8,1.125
1970-08-15,164.8,1.6
1970-08-16,158.5,1.9875
1970-08-17,147.9,6.325
1970-08-18,145.4,4.425
1970-08-19,142.0,2.575
1970-08-20,145.1,1.0
1970-08-21,139.6,1.225
1970-08-22,138.5,1.55
1970-08-23,143.1,1.8875
1970-08-24,137.2,0.875
1970-08-25,133.6,2.0125
1970-08-26,132.9,3.0875
1970-08-27,134.4,2.625
1970-08-28,138.8,2.55
1970-08-29,145.8,2.2125
1970-08-30,146.2,1.2125
1970-08-31,151.6,2.5125
1970-09-01,151.4,3.25
1970-09-02,153.9,3.0375
1970-09-03,160.5,2.825
1970-09-04,160.7,2.5
1970-09-05,159.8,1.925
1970-09-06,159.0,1.3625
1970-09-07,162.0,1.4125
1970-09-08,154.6,1.825
1970-09-09,155.0,1.325
1970-09-10,141.9,1.1625
1970-09-11,132.7,0.25
1970-09-12,124.5,1.175
1970-09-13,118.6,3.5875
1970-09-14,120.3,3.325
1970-09-15,116.7,2.325
1970-09-16,117.1,1.8875
1970-09-17,115.7,1.8625
1970-09-18,119.6,2.375
1970-09-19,133.5,3.075
1970-09-20,145.7,2.9625
1970-09-21,148.2,3.6375
1970-09-22,154.1,2.5
1970-09-23,160.5,1.5125
1970-09-24,155.1,1.7125
1970-09-25,155.0,1.7375
1970-09-26,155.1,1.675
1970-09-27,149.4,3.325
1970-09-28,143.9,1.45
1970-09-29,138.3,1.125
1970-09-30,134.3,2.075
1970-10-01,128.4,2.325
1970-10-02,125.3,2.2
1970-10-03,125.9,2.675
1970-10-04,137.3,3.625
1970-10-05,134.5,2.0125
1970-10-06,128.1,1.5
1970-10-07,133.4,0.825
1970-10-08,142.3,0.4625
1970-10-09,145.3,0.4125
1970-10-10,148.0,1.625
1970-10-11,143.4,2.9125
1970-10-12,135.9,2.4125
1970-10-13,132.5,2.0125
1970-10-14,135.6,1.7375
1970-10-15,141.0,0.9125
1970-10-16,134.9,3.4375
1970-10-17,132.4,4.125
1970-10-18,139.6,4.05
1970-10-19,140.1,2.3375
1970-10-20,138.4,1.55
1970-10-21,137.7,0.2
1970-10-22,136.4,3.0875
1970-10-23,150.5,4.0125
1970-10-24,163.0,2.6125
1970-10-25,170.6,1.675
1970-10-26,189.4,1.0
1970-10-27,194.3,1.125
1970-10-28,192.8,2.8125
1970-10-29,191.7,2.5875
1970-10-30,177.7,1.8875
1970-10-31,171.2,1.0375
1970-11-01,165.8,0.3875
1970-11-02,161.7,1.0375
1970-11-03,155.7,1.9625
1970-11-04,150.9,1.675
1970-11-05,150.0,2.2
1970-11-06,152.5,2.5
1970-11-07,153.4,5.05
1970-11-08,143.8,1.8
1970-11-09,144.6,2.05
1970-11-10,150.8,3.0875
1970-11-11,158.8,3.375
1970-11-12,168.6,2.1375
1970-11-13,182.9,2.1375
1970-11-14,190.4,1.825
1970-11-15,204.5,0.9625
1970-11-16,197.9,1.375
1970-11-17,188.4,1.45
1970-11-18,197.6,2.6125
1970-11-19,190.1,2.2875
1970-11-20,178.0,0.5875
1970-11-21,167.3,3.7125
1970-11-22,158.2,3.2875
1970-11-23,146.1,3.55
1970-11-24,137.5,2.7
1970-11-25,131.3,2.7125
1970-11-26,132.8,2.075
1970-11-27,138.9,2.45
1970-11-28,153.0,1.975
1970-11-29,152.5,0.5
1970-11-30,156.9,0.2
1970-12-01,150.6,0.15
1970-12-02,152.7,1.05
1970-12-03,152.5,0.9625
1970-12-04,158.6,1.125
1970-12-05,166.7,1.8375
1970-12-06,172.5,1.8125
1970-12-07,171.7,1.8625
1970-12-08,172.5,3.1375
1970-12-09,176.8,1.5125
1970-12-10,176.2,0.6625
1970-12-11,178.1,0.325
1970-12-12,184.1,0.825
1970-12-13,169.6,1.15
1970-12-14,159.5,4.9875
1970-12-15,159.0,2.6875
1970-12-16,151.5,0.85
1970-12-17,151.7,0.75
1970-12-18,156.6,0.575
1970-12-19,157.4,2.0875
1970-12-20,160.7,1.8125
1970-12-21,151.1,0.95
1970-12-22,141.3,1.4625
1970-12-23,136.6,1.8375
1970-12-24,128.6,2.425
1970-12-25,128.2,1.0875
1970-12-26,126.5,1.0375
1970-12-27,123.9,1.8375
1970-12-28,121.3,3.0
1970-12-29,127.6,2.3875
1970-12-30,133.4,2.325
1970-12-31,137.9,0.55
1971-01-01,135.0,1.425
1971-01-02,139.4,3.35
1971-01-03,139.3,4.325
1971-01-04,145.0,3.0875
1971-01-05,151.1,2.3375
1971-01-06,151.9,1.175
1971-01-07,155.3,0.1875
1971-01-08,154.2,0.0375
1971-01-09,158.1,0.125
1971-01-10,157.3,1.325
1971-01-11,154.1,1.8375
1971-01-12,155.6,0.7
1971-01-13,153.2,1.575
1971-01-14,159.2,2.05
1971-01-15,158.9,2.0375
1971-01-16,161.6,1.7625
1971-01-17,160.4,1.5875
1971-01-18,165.6,2.7625
1971-01-19,171.3,2.5875
1971-01-20,174.8,3.9625
1971-01-21,184.6,2.6875
1971-01-22,186.4,2.0
1971-01-23,188.8,1.625
1971-01-24,182.7,2.1625
1971-01-25,174.0,2.0125
1971-01-26,170.2,0.2875
1971-01-27,171.9,4.125
1971-01-28,171.3,4.5125
1971-01-29,165.7,2.7125
1971-01-30,168.0,3.7
1971-01-31,175.2,3.15
1971-02-01,170.5,2.875
1971-02-02,165.3,2.1
1971-02-03,159.3,1.05
1971-02-04,152.9,0.9875
1971-02-05,148.9,0.9625
1971-02-06,147.8,1.6625
1971-02-07,137.1,1.65
1971-02-08,126.6,2.375
1971-02-09,113.5,2.2875
1971-02-10,112.4,2.0625
1971-02-11,112.6,1.325
1971-02-12,113.5,1.7375
1971-02-13,116.1,0.75
1971-02-14,117.7,2.7375
1971-02-15,120.1,3.95
1971-02-16,133.0,3.8375
1971-02-17,135.9,2.8
1971-02-18,133.5,2.675
1971-02-19,141.8,1.975
1971-02-20,139.3,2.0375
1971-02-21,139.2,1.7625
1971-02-22,146.8,0.8375
1971-02-23,146.3,2.4125
1971-02-24,150.7,2.2375
1971-02-25,149.4,4.5875
1971-02-26,146.1,3.775
1971-02-27,142.7,2.275
1971-02-28,139.2,1.3375
1971-03-01,131.6,1.175
1971-03-02,128.0,1.0
1971-03-03,123.8,2.15
1971-03-04,117.9,2.75
1971-03-05,115.5,1.325
1971-03-06,110.8,1.125
1971-03-07,106.8,1.0125
1971-03-08,105.5,2.9125
1971-03-09,106.0,1.55
1971-03-10,108.4,2.85
1971-03-11,110.9,1.55
1971-03-12,116.7,2.7375
1971-03-13,113.9,4.5375
1971-03-14,112.9,3.9875
1971-03-15,111.5,3.375
1971-03-16,115.7,2.825
1971-03-17,117.3,2.25
1971-03-18,115.2,1.625
1971-03-19,110.0,2.8125
1971-03-20,107.2,2.375
1971-03-21,113.4,0.7
1971-03-22,113.2,0.575
1971-03-23,108.9,0.7875
1971-03-24,108.5,2.675
1971-03-25,108.8,2.55
1971-03-26,108.2,2.825
1971-03-27,108.9,2.2125
1971-03-28,106.5,0.4875
1971-03-29,103.7,0.45
1971-03-30,101.1,1.875
1971-03-31,103.1,3.7375
1971-04-01,100.6,2.2875
1971-04-02,107.7,1.625
1971-04-03,109.0,2.875
1971-04-04,107.6,3.825
1971-04-05,108.2,2.2875
1971-04-06,107.1,2.7875
1971-04-07,113.0,1.425
1971-04-08,109.8,1.4875
1971-04-09,108.6,4.8875
1971-04-10,109.4,4.1125
1971-04-11,123.5,3.8375
1971-04-12,129.1,2.35
1971-04-13,138.8,2.0
1971-04-14,140.2,3.5375
1971-04-15,138.2,4.1375
1971-04-16,138.6,2.9125
1971-04-17,138.8,1.7875
1971-04-18,136.0,2.3375
1971-04-19,137.2,1.9125
1971-04-20,135.4,1.125
1971-04-21,127.6,2.675
1971-04-22,119.2,2.75
1971-04-23,116.2,2.2125
1971-04-24,107.8,0.5625
1971-04-25,104.7,0.2
1971-04-26,103.5,1.15
1971-04-27,100.3,1.9375
1971-04-28,96.2,3.1375
1971-04-29,94.4,2.0875
1971-04-30,93.4,1.8375
1971-05-01,93.8,1.6625
1971-05-02,98.0,2.7125
1971-05-03,104.4,1.9
1971-05-04,110.7,1.55
1971-05-05,115.8,1.7
1971-05-06,123.4,4.9125
1971-05-07,128.7,4.375
1971-05-08,130.2,2.775
1971-05-09,135.7,2.5875
1971-05-10,133.1,2.3375
1971-05-11,132.6,1.0
1971-05-12,127.5,0.8375
1971-05-13,122.4,1.0375
1971-05-14,119.7,2.8
1971-05-15,115.5,2.4125
1971-05-16,113.5,1.1125
1971-05-17,110.3,5.6625
1971-05-18,108.6,4.3875
1971-05-19,107.2,2.3625
1971-05-20,103.5,1.2375
1971-05-21,99.5,1.25
1971-05-22,91.1,1.2875
1971-05-23,87.4,2.325
1971-05-24,86.6,1.775
1971-05-25,90.0,1.75
1971-05-26,91.2,2.1875
1971-05-27,101.2,0.4125
1971-05-28,104.2,0.8125
1971-05-29,105.5,1.375
1971-05-30,107.3,3.1625
1971-05-31,108.6,1.0
1971-06-01,107.0,3.2875
1971-06-02,105.2,4.1625
1971-06-03,104.8,3.5875
1971-06-04,104.3,2.1625
1971-06-05,103.2,1.6875
1971-06-06,102.0,1.4
1971-06-07,98.6,0.75
1971-06-08,98.9,1.7875
1971-06-09,97.9,0.7625
1971-06-10,94.6,1.0375
1971-06-11,93.1,1.5
1971-06-12,90.5,0.7875
1971-06-13,90.8,1.65
1971-06-14,91.1,1.375
1971-06-15,88.5,1.2875
1971-06-16,88.0,1.45
1971-06-17,90.2,2.0875
1971-06-18,92.4,1.6
1971-06-19,91.6,0.4875
1971-06-20,91.2,0.8375
1971-06-21,92.2,1.1625
1971-06-22,95.3,1.4125
1971-06-23,91.9,1.7875
1971-06-24,101.9,1.175
1971-06-25,106.6,4.125
1971-06-26,112.1,2.4
1971-06-27,118.5,1.0875
1971-06-28,126.8,1.925
1971-06-29,136.5,3.525
1971-06-30,143.9,2.3375
1971-07-01,140.3,2.3875
1971-07-02,134.8,2.8875
1971-07-03,126.2,1.7875
1971-07-04,130.3,1.75
1971-07-05,130.2,1.8
1971-07-06,122.8,1.925
1971-07-07,118.5,0.725
1971-07-08,112.9,1.95
1971-07-09,104.2,1.3875
1971-07-10,104.9,0.5375
1971-07-11,105.1,1.425
1971-07-12,106.1,1.775
1971-07-13,107.6,2.1375
1971-07-14,110.3,2.0
1971-07-15,121.6,1.9
1971-07-16,121.3,1.6375
1971-07-17,117.6,0.9875
1971-07-18,117.1,1.65
1971-07-19,122.8,1.6625
1971-07-20,115.0,0.8875
1971-07-21,110.1,3.1
1971-07-22,112.1,1.5375
1971-07-23,117.5,1.9
1971-07-24,130.3,1.175
1971-07-25,117.6,0.7625
1971-07-26,118.5,2.0875
1971-07-27,115.4,2.075
1971-07-28,113.2,1.3125
1971-07-29,110.9,1.4125
1971-07-30,112.8,2.0
1971-07-31,109.9,2.125
1971-08-01,106.5,1.4875
1971-08-02,106.0,2.8
1971-08-03,103.3,0.95
1971-08-04,103.4,1.825
1971-08-05,103.9,2.2
1971-08-06,102.0,0.4125
1971-08-07,99.8,1.175
1971-08-08,105.6,2.45
1971-08-09,109.0,2.2
1971-08-10,106.8,2.4625
1971-08-11,101.9,2.7875
1971-08-12,99.4,2.1625
1971-08-13,99.3,1.5875
1971-08-14,98.1,1.0
1971-08-15,94.8,1.3125
1971-08-16,96.4,1.9125
1971-08-17,101.1,1.775
1971-08-18,107.8,2.6125
1971-08-19,123.2,0.9
1971-08-20,137.8,0.8625
1971-08-21,146.9,2.0875
1971-08-22,147.8,2.1625
1971-08-23,145.4,2.45
1971-08-24,154.2,1.875
1971-08-25,140.4,1.7625
1971-08-26,135.9,2.25
1971-08-27,132.5,0.8
1971-08-28,121.2,1.3625
1971-08-29,109.8,1.5
1971-08-30,101.4,1.475
1971-08-31,94.5,4.1375
1971-09-01,88.7,2.3875
1971-09-02,88.5,0.275
1971-09-03,91.0,1.325
1971-09-04,91.1,1.4875
1971-09-05,93.7,2.9125
1971-09-06,100.2,2.375
1971-09-07,105.7,3.3375
1971-09-08,102.0,2.4625
1971-09-09,96.9,1.7875
1971-09-10,90.5,1.3625
1971-09-11,88.2,1.525
1971-09-12,90.4,1.875
1971-09-13,97.6,2.975
1971-09-14,106.7,2.125
1971-09-15,112.3,2.1125
1971-09-16,111.3,2.3375
1971-09-17,115.3,2.3
1971-09-18,115.6,4.425
1971-09-19,112.1,2.0875
1971-09-20,109.4,3.075
1971-09-21,108.3,1.1875
1971-09-22,109.5,1.05
1971-09-23,107.3,0.4375
1971-09-24,105.7,1.175
1971-09-25,108.7,3.675
1971-09-26,111.3,2.65
1971-09-27,116.1,4.3375
1971-09-28,116.1,2.2375
1971-09-29,114.5,1.4625
1971-09-30,116.6,3.5
1971-10-01,114.4,3.425
1971-10-02,114.1,3.5125
1971-10-03,113.3,3.1625
1971-10-04,109.1,2.6625
1971-10-05,106.1,2.9625
1971-10-06,102.5,2.9875
1971-10-07,98.4,2.25
1971-10-08,98.3,3.45
1971-10-09,99.8,4.4125
1971-10-10,95.7,1.9625
1971-10-11,94.9,2.325
1971-10-12,95.3,1.8375
1971-10-13,91.5,2.875
1971-10-14,90.4,2.075
1971-10-15,90.3,1.875
1971-10-16,89.9,1.075
1971-10-17,95.4,0.775
1971-10-18,99.9,0.5
1971-10-19,110.7,0.45
1971-10-20,116.6,1.0875
1971-10-21,120.4,1.225
1971-10-22,123.4,1.8875
1971-10-23,125.2,1.375
1971-10-24,127.1,2.6375
1971-10-25,125.8,1.725
1971-10-26,120.7,0.425
1971-10-27,117.6,0.85
1971-10-28,112.0,2.8
1971-10-29,106.6,3.825
1971-10-30,109.0,2.4125
1971-10-31,107.8,1.25
1971-11-01,111.2,1.425
1971-11-02,113.5,0.675
1971-11-03,117.1,0.675
1971-11-04,114.8,1.4625
1971-11-05,118.0,1.2
1971-11-06,111.5,0.625
1971-11-07,106.5,1.625
1971-11-08,102.7,2.0875
1971-11-09,103.6,0.925
1971-11-10,104.8,1.25
1971-11-11,106.7,2.9625
1971-11-12,104.8,2.1125
1971-11-13,105.5,0.7125
1971-11-14,105.3,0.2375
1971-11-15,103.4,0.4125
1971-11-16,107.1,0.4
1971-11-17,107.9,0.2125
1971-11-18,106.6,1.6625
1971-11-19,110.2,1.6375
1971-11-20,115.8,1.625
1971-11-21,117.7,2.475
1971-11-22,121.8,4.1125
1971-11-23,123.5,4.7375
1971-11-24,124.8,4.3625
1971-11-25,124.9,4.7125
1971-11-26,132.2,3.125
1971-11-27,131.7,2.0
1971-11-28,129.1,2.275
1971-11-29,120.5,1.375
1971-11-30,117.4,1.25
1971-12-01,120.3,1.6875
1971-12-02,112.5,1.225
1971-12-03,113.0,2.5
1971-12-04,109.4,1.9375
1971-12-05,115.0,1.2125
1971-12-06,115.1,0.625
1971-12-07,116.5,0.2625
1971-12-08,118.2,0.75
1971-12-09,124.9,1.875
1971-12-10,126.2,0.6625
1971-12-11,126.1,1.3
1971-12-12,128.0,1.725
1971-12-13,122.5,2.7875
1971-12-14,122.3,0.6625
1971-12-15,121.1,0.85
1971-12-16,121.5,1.275
1971-12-17,135.5,5.2625
1971-12-18,139.1,3.425
1971-12-19,138.8,2.2
1971-12-20,139.7,0.75
1971-12-21,140.2,2.0375
1971-12-22,143.8,3.3625
1971-12-23,137.4,2.575
1971-12-24,133.8,1.75
1971-12-25,131.1,1.625
1971-12-26,124.3,2.425
1971-12-27,124.3,0.95
1971-12-28,117.1,0.875
1971-12-29,116.5,2.8875
1971-12-30,116.2,2.9125
1971-12-31,110.4,1.775
1972-01-01,108.3,1.75
1972-01-02,106.6,1.8375
1972-01-03,103.0,1.5
1972-01-04,101.2,2.05
1972-01-05,102.5,1.625
1972-01-06,106.6,0.4375
1972-01-07,102.9,0.8375
1972-01-08,102.2,1.1
1972-01-09,97.5,1.375
1972-01-10,95.5,1.4875
1972-01-11,99.1,2.8375
1972-01-12,103.0,1.4625
1972-01-13,102.4,0.9125
1972-01-14,109.4,0.7875
1972-01-15,119.3,2.9125
1972-01-16,117.3,3.8
1972-01-17,117.7,3.325
1972-01-18,114.6,3.2875
1972-01-19,119.7,2.5375
1972-01-20,127.1,2.0875
1972-01-21,132.1,2.9625
1972-01-22,127.1,3.75
1972-01-23,140.7,4.125
1972-01-24,141.6,2.2875
1972-01-25,136.0,3.1375
1972-01-26,127.8,3.45
1972-01-27,122.6,3.0125
1972-01-28,123.2,3.4125
1972-01-29,119.7,2.8375
1972-01-30,116.4,1.95
1972-01-31,115.2,1.575
1972-02-01,109.9,1.7125
1972-02-02,109.7,2.75
1972-02-03,107.9,2.0
1972-02-04,106.6,2.15
1972-02-05,105.6,1.55
1972-02-06,101.4,1.425
1972-02-07,105.0,1.825
1972-02-08,107.2,1.55
1972-02-09,109.3,0.875
1972-02-10,116.6,2.3
1972-02-11,121.6,1.7
1972-02-12,127.2,0.9
1972-02-13,129.5,3.15
1972-02-14,140.2,2.825
1972-02-15,149.5,2.5875
1972-02-16,157.0,1.9625
1972-02-17,172.3,3.2375
1972-02-18,188.7,2.0
1972-02-19,195.1,2.375
1972-02-20,207.1,2.3875
1972-02-21,193.9,2.175
1972-02-22,184.5,1.125
1972-02-23,179.4,1.5625
1972-02-24,167.7,4.1375
1972-02-25,155.0,3.0125
1972-02-26,152.3,1.375
1972-02-27,143.0,1.075
1972-02-28,135.8,1.425
1972-02-29,132.9,0.3625
1972-03-01,127.8,1.8625
1972-03-02,131.9,2.275
1972-03-03,133.4,3.0
1972-03-04,139.3,1.875
1972-03-05,143.1,1.3375
1972-03-06,145.9,2.425
1972-03-07,145.5,4.575
1972-03-08,143.6,2.3375
1972-03-09,139.4,2.3375
1972-03-10,134.2,0.6625
1972-03-11,136.7,1.4125
1972-03-12,130.1,0.75
1972-03-13,130.9,1.675
1972-03-14,131.1,0.9875
1972-03-15,136.8,1.2375
1972-03-16,134.3,3.125
1972-03-17,135.2,3.0375
1972-03-18,133.1,2.1625
1972-03-19,132.1,1.2
1972-03-20,136.3,1.2875
1972-03-21,136.8,1.2875
1972-03-22,132.1,2.1375
1972-03-23,140.8,1.8875
1972-03-24,127.4,3.3625
1972-03-25,117.0,1.9625
1972-03-26,110.9,2.1625
1972-03-27,104.5,3.175
1972-03-28,101.4,1.95
1972-03-29,96.8,3.4125
1972-03-30,98.5,3.7875
1972-03-31,95.9,2.7875
1972-04-01,96.1,2.925
1972-04-02,97.4,1.875
1972-04-03,98.1,0.8375
1972-04-04,100.9,3.075
1972-04-05,105.2,2.8625
1972-04-06,117.9,1.75
1972-04-07,121.1,2.05
1972-04-08,123.4,1.4125
1972-04-09,130.1,0.575
1972-04-10,129.8,1.4125
1972-04-11,129.2,1.425
1972-04-12,127.7,2.3375
1972-04-13,127.6,2.55
1972-04-14,124.3,1.8375
1972-04-15,125.1,1.7625
1972-04-16,123.4,1.4
1972-04-17,119.3,1.55
1972-04-18,114.7,3.7125
1972-04-19,114.4,2.0125
1972-04-20,110.2,1.8
1972-04-21,105.8,3.075
1972-04-22,108.2,1.6625
1972-04-23,107.2,2.075
1972-04-24,108.9,1.2125
1972-04-25,110.3,0.675
1972-04-26,108.5,0.5875
1972-04-27,107.5,1.4625
1972-04-28,101.8,3.35
1972-04-29,97.1,4.6625
1972-04-30,95.6,2.9125
1972-05-01,93.5,3.225
1972-05-02,93.4,3.2
1972-05-03,96.1,1.8375
1972-05-04,101.0,1.4125
1972-05-05,106.8,1.4625
1972-05-06,115.5,2.2125
1972-05-07,118.6,0.75
1972-05-08,126.4,0.875
1972-05-09,130.5,2.75
1972-05-10,135.6,2.25
1972-05-11,138.0,1.8625
1972-05-12,145.5,2.1625
1972-05-13,158.3,1.825
1972-05-14,159.3,1.85
1972-05-15,161.1,2.6625
1972-05-16,158.2,2.5375
1972-05-17,165.5,2.2
1972-05-18,161.6,2.0875
1972-05-19,153.0,0.8375
1972-05-20,148.7,1.05
1972-05-21,144.6,0.9625
1972-05-22,139.8,1.375
1972-05-23,131.8,1.575
1972-05-24,132.1,1.1125
1972-05-25,124.1,1.375
1972-05-26,113.2,2.0
1972-05-27,111.3,1.7875
1972-05-28,107.9,3.2875
1972-05-29,113.0,2.325
1972-05-30,113.6,2.8
1972-05-31,119.2,2.625
1972-06-01,124.6,1.45
1972-06-02,126.3,1.7
1972-06-03,133.6,2.575
1972-06-04,145.3,2.75
1972-06-05,160.0,2.5
1972-06-06,154.5,1.5125
1972-06-07,148.3,1.95
1972-06-08,145.8,1.5875
1972-06-09,144.6,0.9875
1972-06-10,135.3,1.0625
1972-06-11,139.6,0.8875
1972-06-12,145.2,0.7
1972-06-13,134.6,1.125
1972-06-14,132.3,2.175
1972-06-15,135.2,2.375
1972-06-16,138.3,2.0
1972-06-17,145.0,4.875
1972-06-18,144.2,6.65
1972-06-19,138.6,2.925
1972-06-20,137.9,1.8375
1972-06-21,134.6,1.3375
1972-06-22,130.8,2.5375
1972-06-23,126.5,2.5875
1972-06-24,124.4,2.625
1972-06-25,121.5,1.575
1972-06-26,116.8,2.175
1972-06-27,117.9,2.925
1972-06-28,123.1,2.725
1972-06-29,128.0,2.4875
1972-06-30,130.1,0.775
1972-07-01,128.6,1.2125
1972-07-02,132.5,1.675
1972-07-03,135.3,1.7875
1972-07-04,141.9,0.9375
1972-07-05,145.3,0.5875
1972-07-06,141.3,0.875
1972-07-07,138.5,2.375
1972-07-08,132.2,2.0375
1972-07-09,122.9,1.625
1972-07-10,117.7,1.8875
1972-07-11,119.5,1.6125
1972-07-12,115.5,1.625
1972-07-13,116.1,0.7375
1972-07-14,115.7,0.7125
1972-07-15,113.8,1.325
1972-07-16,111.4,2.0875
1972-07-17,110.9,1.9
1972-07-18,105.4,1.3875
1972-07-19,105.5,1.95
1972-07-20,107.4,1.375
1972-07-21,108.2,0.625
1972-07-22,108.1,1.65
1972-07-23,106.2,2.2125
1972-07-24,106.1,2.4375
1972-07-25,108.9,4.125
1972-07-26,116.9,3.1125
1972-07-27,123.4,1.9625
1972-07-28,129.3,1.3
1972-07-29,134.9,0.8625
1972-07-30,137.0,1.0
1972-07-31,145.7,1.2
1972-08-01,151.7,2.125
1972-08-02,146.0,1.3
1972-08-03,142.8,1.2125
1972-08-04,141.9,6.25
1972-08-05,142.4,7.5375
1972-08-06,139.4,5.825
1972-08-07,135.2,3.2875
1972-08-08,121.9,1.825
1972-08-09,120.4,5.1625
1972-08-10,115.5,3.1625
1972-08-11,110.3,3.1875
1972-08-12,104.8,1.775
1972-08-13,99.1,1.2375
1972-08-14,95.4,2.1125
1972-08-15,95.1,2.1875
1972-08-16,98.1,1.4875
1972-08-17,103.8,1.7125
1972-08-18,106.9,2.675
1972-08-19,113.5,2.7875
1972-08-20,115.1,2.8375
1972-08-21,116.8,2.95
1972-08-22,124.4,1.95
1972-08-23,120.3,0.5875
1972-08-24,120.0,0.55
1972-08-25,125.0,1.1375
1972-08-26,134.6,3.075
1972-08-27,141.1,3.4125
1972-08-28,144.3,1.925
1972-08-29,160.1,1.925
1972-08-30,160.3,1.625
1972-08-31,151.3,1.5875
1972-09-01,141.7,1.3
1972-09-02,137.2,1.5875
1972-09-03,127.2,1.2625
1972-09-04,120.0,1.4125
1972-09-05,115.2,1.2
1972-09-06,117.3,2.4125
1972-09-07,108.8,1.275
1972-09-08,114.2,2.2375
1972-09-09,111.3,1.85
1972-09-10,105.7,2.9125
1972-09-11,101.4,2.375
1972-09-12,99.3,1.3
1972-09-13,93.4,4.0125
1972-09-14,98.2,4.125
1972-09-15,102.3,3.6625
1972-09-16,102.0,3.3
1972-09-17,99.3,3.7875
1972-09-18,101.7,2.6625
1972-09-19,105.3,1.1875
1972-09-20,112.3,0.925
1972-09-21,112.5,0.5375
1972-09-22,118.6,1.175
1972-09-23,124.3,2.45
1972-09-24,126.0,3.0875
1972-09-25,125.7,1.55
1972-09-26,121.9,1.8875
1972-09-27,117.8,1.8625
1972-09-28,115.9,1.975
1972-09-29,114.9,3.7625
1972-09-30,118.1,1.7875
1972-10-01,114.5,1.6375
1972-10-02,108.3,1.3
1972-10-03,107.2,1.0375
1972-10-04,103.3,1.5
1972-10-05,100.6,0.3625
1972-10-06,98.5,0.3625
1972-10-07,96.2,1.4125
1972-10-08,97.4,0.825
1972-10-09,100.8,1.0375
1972-10-10,95.0,1.7125
1972-10-11,93.9,3.0
1972-10-12,95.1,2.975
1972-10-13,95.0,3.4625
1972-10-14,97.5,3.775
1972-10-15,102.7,1.9125
1972-10-16,106.9,2.4625
1972-10-17,112.9,0.4125
1972-10-18,111.9,2.15
1972-10-19,118.0,4.125
1972-10-20,123.3,2.9
1972-10-21,134.0,2.9625
1972-10-22,143.1,2.75
1972-10-23,152.7,3.3
1972-10-24,158.2,2.4875
1972-10-25,173.9,1.5875
1972-10-26,172.1,1.9625
1972-10-27,169.8,1.7
1972-10-28,161.2,2.1125
1972-10-29,154.0,3.375
1972-10-30,146.7,3.25
1972-10-31,142.2,2.925
1972-11-01,131.9,5.7125
1972-11-02,123.8,4.575
1972-11-03,115.8,2.025
1972-11-04,107.6,1.5125
1972-11-05,104.4,0.7875
1972-11-06,94.9,1.925
1972-11-07,87.3,1.75
1972-11-08,84.1,1.7875
1972-11-09,83.9,1.8375
1972-11-10,86.4,1.0875
1972-11-11,90.1,1.75
1972-11-12,90.6,1.4125
1972-11-13,88.6,0.825
1972-11-14,86.9,0.925
1972-11-15,88.4,3.05
1972-11-16,91.6,4.1625
1972-11-17,93.7,2.6375
1972-11-18,96.8,2.2125
1972-11-19,102.2,2.55
1972-11-20,112.1,3.875
1972-11-21,112.0,2.0
1972-11-22,113.7,2.5
1972-11-23,118.3,2.3625
1972-11-24,118.5,1.2625
1972-11-25,115.7,2.0375
1972-11-26,111.5,2.5375
1972-11-27,105.1,2.2875
1972-11-28,100.2,2.4875
1972-11-29,95.3,2.125
1972-11-30,97.8,1.1125
1972-12-01,93.7,1.3
1972-12-02,92.0,1.275
1972-12-03,87.7,1.7
1972-12-04,84.8,1.05
1972-12-05,82.8,0.3125
1972-12-06,80.1,0.625
1972-12-07,89.8,2.25
1972-12-08,94.4,1.6125
1972-12-09,97.6,0.8625
1972-12-10,100.2,0.5
1972-12-11,108.5,0.7625
1972-12-12,112.4,1.55
1972-12-13,114.8,4.1
1972-12-14,118.5,2.1
1972-12-15,119.8,3.4625
1972-12-16,113.8,4.3
1972-12-17,115.6,2.7125
1972-12-18,116.1,2.1
1972-12-19,116.9,1.8
1972-12-20,115.1,1.075
1972-12-21,117.1,0.3625
1972-12-22,111.5,2.3625
1972-12-23,109.8,3.9125
1972-12-24,104.6,2.1375
1972-12-25,106.8,0.95
1972-12-26,101.0,1.2
1972-12-27,100.9,0.45
1972-12-28,95.0,1.1625
1972-12-29,96.0,2.8875
1972-12-30,95.1,3.2375
1972-12-31,97.5,2.625
1973-01-01,97.1,2.2
1973-01-02,101.6,0.35
1973-01-03,108.7,0.475
1973-01-04,113.0,2.4125
1973-01-05,117.2,3.25
1973-01-06,118.9,3.2875
1973-01-07,116.1,1.8375
1973-01-08,106.7,2.7375
1973-01-09,107.2,3.075
1973-01-10,107.3,4.0125
1973-01-11,106.3,3.75
1973-01-12,107.0,3.8
1973-01-13,104.3,3.0375
1973-01-14,99.5,2.0
1973-01-15,97.8,2.1625
1973-01-16,96.9,1.925
1973-01-17,97.3,1.4
1973-01-18,98.5,0.525
1973-01-19,97.9,1.8375
1973-01-20,101.5,3.7375
1973-01-21,101.1,3.2625
1973-01-22,101.6,1.425
1973-01-23,100.3,2.675
1973-01-24,100.0,3.55
1973-01-25,98.7,3.3
1973-01-26,98.3,3.3625
1973-01-27,96.3,4.2875
1973-01-28,94.5,4.2625
1973-01-29,94.2,3.5875
1973-01-30,92.5,2.825
1973-01-31,90.3,1.6625
1973-02-01,91.2,3.125
1973-02-02,91.2,2.825
1973-02-03,95.9,2.9875
1973-02-04,96.8,1.8
1973-02-05,97.0,2.0
1973-02-06,98.0,2.8625
1973-02-07,101.2,2.8625
1973-02-08,103.3,3.8375
1973-02-09,103.7,3.4125
1973-02-10,104.8,2.425
1973-02-11,103.9,2.05
1973-02-12,107.4,2.1375
1973-02-13,107.4,0.8625
1973-02-14,108.3,1.7125
1973-02-15,107.4,1.825
1973-02-16,101.1,1.7875
1973-02-17,96.5,2.875
1973-02-18,92.8,2.475
1973-02-19,91.0,2.3
1973-02-20,91.4,1.8375
1973-02-21,91.9,4.0375
1973-02-22,91.7,4.4125
1973-02-23,93.4,5.0
1973-02-24,95.6,5.2
1973-02-25,99.2,4.125
1973-02-26,97.6,4.35
1973-02-27,100.1,4.675
1973-02-28,102.9,3.2125
1973-03-01,101.3,3.2875
1973-03-02,103.4,4.6625
1973-03-03,99.5,2.7375
1973-03-04,98.2,1.05
1973-03-05,96.3,1.3125
1973-03-06,100.4,3.625
1973-03-07,93.6,1.9625
1973-03-08,100.3,1.6625
1973-03-09,106.2,2.4625
1973-03-10,107.0,1.9625
1973-03-11,114.9,2.0625
1973-03-12,115.9,2.6625
1973-03-13,120.3,1.3625
1973-03-14,115.3,0.925
1973-03-15,108.3,0.6125
1973-03-16,108.0,2.575
1973-03-17,102.5,1.625
1973-03-18,95.8,3.2
1973-03-19,97.5,5.7
1973-03-20,91.7,5.975
1973-03-21,88.0,5.3125
1973-03-22,90.9,5.125
1973-03-23,87.6,5.05
1973-03-24,89.9,5.0
1973-03-25,90.5,5.075
1973-03-26,89.0,3.7875
1973-03-27,92.4,4.0
1973-03-28,94.5,3.6125
1973-03-29,99.3,2.9625
1973-03-30,103.0,2.925
1973-03-31,110.5,3.7375
1973-04-01,115.1,5.3375
1973-04-02,118.2,4.8875
1973-04-03,129.4,3.7
1973-04-04,122.2,2.1125
1973-04-05,117.6,1.4625
1973-04-06,112.5,1.0625
1973-04-07,110.1,0.95
1973-04-08,120.6,1.7125
1973-04-09,120.1,1.4875
1973-04-10,115.0,0.8375
1973-04-11,109.8,3.5875
1973-04-12,102.9,0.7625
1973-04-13,98.8,4.125
1973-04-14,92.1,4.75
1973-04-15,88.9,2.1
1973-04-16,84.4,5.35
1973-04-17,81.4,5.0875
1973-04-18,80.2,4.9125
1973-04-19,82.1,4.6375
1973-04-20,85.5,4.85
1973-04-21,94.3,4.7375
1973-04-22,103.9,4.6875
1973-04-23,108.0,3.675
1973-04-24,107.7,2.8
1973-04-25,107.9,2.7625
1973-04-26,108.7,3.8125
1973-04-27,110.1,3.6875
1973-04-28,111.0,3.6
1973-04-29,107.9,5.3
1973-04-30,104.6,3.175
1973-05-01,110.1,2.8375
1973-05-02,113.2,2.5
1973-05-03,115.3,2.175
1973-05-04,114.0,1.8875
1973-05-05,113.0,1.325
1973-05-06,107.8,2.2375
1973-05-07,101.5,3.0375
1973-05-08,98.1,3.1375
1973-05-09,93.3,2.5375
1973-05-10,89.1,1.75
1973-05-11,85.3,1.55
1973-05-12,85.0,1.7625
1973-05-13,83.4,3.075
1973-05-14,87.4,5.8
1973-05-15,88.2,4.4875
1973-05-16,87.5,4.0
1973-05-17,89.3,3.8375
1973-05-18,93.2,3.55
1973-05-19,97.1,3.625
1973-05-20,102.2,3.7875
1973-05-21,99.7,4.3875
1973-05-22,100.6,3.425
1973-05-23,97.1,2.8
1973-05-24,101.9,0.9625
1973-05-25,102.0,1.4375
1973-05-26,98.4,1.75
1973-05-27,97.3,2.0875
1973-05-28,91.6,2.0875
1973-05-29,90.8,0.8
1973-05-30,88.3,0.5
1973-05-31,84.8,1.0875
1973-06-01,82.8,0.75
1973-06-02,80.8,3.2625
1973-06-03,79.2,2.8375
1973-06-04,78.7,3.3375
1973-06-05,80.1,2.425
1973-06-06,82.6,2.0375
1973-06-07,82.8,0.85
1973-06-08,84.9,1.5375
1973-06-09,86.2,2.075
1973-06-10,88.3,3.575
1973-06-11,90.1,4.3375
1973-06-12,90.8,4.15
1973-06-13,93.3,3.675
1973-06-14,94.7,3.175
1973-06-15,95.2,2.75
1973-06-16,92.2,2.575
1973-06-17,87.0,3.275
1973-06-18,88.5,4.025
1973-06-19,96.0,4.4625
1973-06-20,102.0,3.25
1973-06-21,105.3,1.575
1973-06-22,105.9,0.6125
1973-06-23,105.3,2.1125
1973-06-24,102.7,4.2375
1973-06-25,98.1,1.6625
1973-06-26,97.0,1.1625
1973-06-27,91.7,1.175
1973-06-28,92.1,3.25
1973-06-29,92.0,4.5375
1973-06-30,91.0,4.05
1973-07-01,87.9,3.3375
1973-07-02,90.0,2.4875
1973-07-03,90.4,1.9125
1973-07-04,91.8,1.1625
1973-07-05,94.7,0.9125
1973-07-06,96.1,0.7625
1973-07-07,96.6,0.6625
1973-07-08,94.4,2.6
1973-07-09,95.4,1.9625
1973-07-10,97.2,1.325
1973-07-11,90.9,1.55
1973-07-12,82.7,1.675
1973-07-13,77.7,2.0875
1973-07-14,77.0,2.075
1973-07-15,76.2,4.175
1973-07-16,77.0,2.625
1973-07-17,75.6,1.475
1973-07-18,80.9,1.5
1973-07-19,79.0,2.325
1973-07-20,77.0,2.2125
1973-07-21,76.9,1.325
1973-07-22,75.2,1.375
1973-07-23,76.2,2.8
1973-07-24,79.1,1.6
1973-07-25,81.2,2.175
1973-07-26,82.4,4.275
1973-07-27,82.9,4.0375
1973-07-28,81.7,2.875
1973-07-29,86.8,3.275
1973-07-30,83.5,3.3375
1973-07-31,84.1,3.6
1973-08-01,84.4,2.575
1973-08-02,84.3,2.8375
1973-08-03,82.5,1.6625
1973-08-04,83.8,1.75
1973-08-05,82.7,2.0
1973-08-06,86.3,2.55
1973-08-07,88.3,2.0875
1973-08-08,85.1,2.1125
1973-08-09,84.7,1.2875
1973-08-10,81.2,1.175
1973-08-11,76.8,0.9125
1973-08-12,74.3,1.0875
1973-08-13,72.8,2.3375
1973-08-14,72.2,2.1
1973-08-15,70.8,1.0625
1973-08-16,72.3,0.7375
1973-08-17,73.2,0.45
1973-08-18,73.5,1.125
1973-08-19,73.6,1.6
1973-08-20,75.0,1.875
1973-08-21,78.6,1.45
1973-08-22,78.6,2.175
1973-08-23,80.0,3.525
1973-08-24,83.5,4.7125
1973-08-25,87.0,3.975
1973-08-26,89.3,3.25
1973-08-27,93.1,3.85
1973-08-28,95.6,3.9125
1973-08-29,98.8,3.425
1973-08-30,99.4,2.75
1973-08-31,107.6,2.3
1973-09-01,112.9,1.2125
1973-09-02,126.9,1.5375
1973-09-03,134.2,1.5
1973-09-04,132.7,2.6875
1973-09-05,133.0,2.9
1973-09-06,128.8,2.125
1973-09-07,119.9,1.9125
1973-09-08,114.0,1.8875
1973-09-09,111.5,3.75
1973-09-10,105.2,3.6
1973-09-11,95.6,2.4125
1973-09-12,88.4,1.7125
1973-09-13,83.5,1.925
1973-09-14,81.8,0.95
1973-09-15,81.7,2.425
1973-09-16,83.0,2.6875
1973-09-17,81.0,2.175
1973-09-18,83.8,1.75
1973-09-19,85.8,0.7875
1973-09-20,91.3,2.4625
1973-09-21,94.1,2.925
1973-09-22,98.8,2.7375
1973-09-23,103.2,5.25
1973-09-24,105.6,4.0
1973-09-25,112.1,3.6625
1973-09-26,114.9,3.5125
1973-09-27,115.4,1.9
1973-09-28,117.6,1.0875
1973-09-29,116.2,1.1125
1973-09-30,116.2,0.925
1973-10-01,108.8,1.3375
1973-10-02,106.0,4.0625
1973-10-03,103.4,4.5
1973-10-04,94.9,2.2375
1973-10-05,90.6,1.95
1973-10-06,86.0,2.45
1973-10-07,82.3,1.3625
1973-10-08,80.3,1.55
1973-10-09,79.3,1.7375
1973-10-10,77.2,3.4125
1973-10-11,75.2,2.4875
1973-10-12,72.3,2.8375
1973-10-13,70.9,3.05
1973-10-14,73.1,1.875
1973-10-15,76.2,1.2
1973-10-16,76.1,3.825
1973-10-17,80.1,4.0125
1973-10-18,78.9,3.5375
1973-10-19,77.3,3.2875
1973-10-20,74.1,3.3625
1973-10-21,80.7,4.45
1973-10-22,85.9,3.3375
1973-10-23,90.8,1.5375
1973-10-24,98.7,1.85
1973-10-25,102.2,1.375
1973-10-26,102.2,0.7
1973-10-27,103.0,0.875
1973-10-28,102.0,3.125
1973-10-29,100.5,6.0875
1973-10-30,98.8,3.8875
1973-10-31,91.9,2.8875
1973-11-01,88.3,1.0
1973-11-02,85.3,1.875
1973-11-03,82.4,1.2
1973-11-04,78.7,2.8875
1973-11-05,75.2,2.7375
1973-11-06,74.5,2.125
1973-11-07,73.4,3.8
1973-11-08,71.8,2.3625
1973-11-09,71.8,2.5875
1973-11-10,72.1,1.9125
1973-11-11,72.7,1.4875
1973-11-12,72.2,0.9625
1973-11-13,74.2,2.2375
1973-11-14,75.4,1.875
1973-11-15,76.7,2.125
1973-11-16,77.9,2.2125
1973-11-17,77.1,3.025
1973-11-18,77.3,3.0625
1973-11-19,77.3,1.0
1973-11-20,78.7,1.5
1973-11-21,82.7,3.3375
1973-11-22,86.9,1.4625
1973-11-23,88.7,1.8
1973-11-24,89.3,3.1625
1973-11-25,90.3,4.675
1973-11-26,94.2,3.15
1973-11-27,91.3,2.8
1973-11-28,93.2,1.625
1973-11-29,97.5,1.3
1973-11-30,98.5,1.0875
1973-12-01,89.4,0.875
1973-12-02,88.8,0.5375
1973-12-03,85.2,1.2
1973-12-04,80.9,3.8375
1973-12-05,75.8,2.8875
1973-12-06,73.0,2.2
1973-12-07,72.6,1.8625
1973-12-08,73.1,1.7375
1973-12-09,73.4,3.4875
1973-12-10,74.5,1.625
1973-12-11,74.2,1.9625
1973-12-12,74.8,1.1375
1973-12-13,75.4,1.1625
1973-12-14,76.2,1.35
1973-12-15,79.1,1.875
1973-12-16,82.3,0.9
1973-12-17,84.8,1.4625
1973-12-18,87.7,0.6125
1973-12-19,90.7,2.325
1973-12-20,92.9,4.0375
1973-12-21,100.8,4.3375
1973-12-22,99.9,3.7875
1973-12-23,99.3,3.2
1973-12-24,101.4,1.025
1973-12-25,100.9,0.7875
1973-12-26,96.1,1.0875
1973-12-27,91.6,1.475
1973-12-28,84.5,2.4
1973-12-29,79.0,3.3875
1973-12-30,76.6,2.95
1973-12-31,74.5,3.2125
1974-01-01,73.9,3.1375
1974-01-02,75.7,2.325
1974-01-03,75.8,2.5375
1974-01-04,75.0,2.5875
1974-01-05,74.6,2.825
1974-01-06,77.3,2.425
1974-01-07,78.6,0.5375
1974-01-08,82.4,2.0
1974-01-09,87.8,1.8375
1974-01-10,92.2,2.7375
1974-01-11,94.1,1.4625
1974-01-12,97.8,1.2
1974-01-13,98.0,1.325
1974-01-14,99.0,1.925
1974-01-15,94.9,2.75
1974-01-16,93.0,2.9625
1974-01-17,92.2,2.875
1974-01-18,90.0,3.5375
1974-01-19,88.6,2.175
1974-01-20,87.2,2.825
1974-01-21,82.3,2.95
1974-01-22,86.2,1.2375
1974-01-23,83.6,1.05
1974-01-24,80.3,0.9
1974-01-25,76.5,4.8875
1974-01-26,73.8,4.45
1974-01-27,72.9,4.3
1974-01-28,73.0,3.1625
1974-01-29,72.9,3.6375
1974-01-30,73.0,3.4
1974-01-31,73.4,3.2875
1974-02-01,73.9,2.575
1974-02-02,75.3,2.5375
1974-02-03,75.3,2.075
1974-02-04,75.0,1.625
1974-02-05,76.1,1.9
1974-02-06,77.6,1.7125
1974-02-07,79.5,2.2875
1974-02-08,81.0,1.3
1974-02-09,83.0,0.975
1974-02-10,82.7,2.5375
1974-02-11,79.6,3.9625
1974-02-12,78.5,4.4625
1974-02-13,79.3,3.4125
1974-02-14,78.3,2.5375
1974-02-15,85.8,0.9625
1974-02-16,86.8,1.625
1974-02-17,88.0,2.55
1974-02-18,89.6,0.1875
1974-02-19,84.6,0.9125
1974-02-20,84.0,2.3
1974-02-21,84.1,3.6375
1974-02-22,84.1,2.4125
1974-02-23,86.0,4.6875
1974-02-24,82.6,3.8375
1974-02-25,80.2,4.2375
1974-02-26,77.8,4.0
1974-02-27,77.9,3.8625
1974-02-28,77.3,3.975
1974-03-01,77.8,3.2875
1974-03-02,77.8,3.2375
1974-03-03,78.4,3.3
1974-03-04,80.3,2.2
1974-03-05,79.9,3.2375
1974-03-06,78.7,3.3375
1974-03-07,77.2,2.55
1974-03-08,78.1,3.025
1974-03-09,81.3,4.1625
1974-03-10,87.2,4.075
1974-03-11,87.0,4.1625
1974-03-12,87.2,2.9875
1974-03-13,85.5,1.9625
1974-03-14,82.8,2.9125
1974-03-15,83.8,0.7375
1974-03-16,82.6,4.0375
1974-03-17,83.5,1.8375
1974-03-18,80.9,0.575
1974-03-19,80.6,0.4875
1974-03-20,80.2,2.7625
1974-03-21,79.7,5.4875
1974-03-22,80.6,4.4875
1974-03-23,80.3,4.575
1974-03-24,77.1,4.325
1974-03-25,74.7,3.95
1974-03-26,72.9,3.475
1974-03-27,72.1,3.375
1974-03-28,70.6,3.2
1974-03-29,71.7,4.3
1974-03-30,72.2,3.4375
1974-03-31,73.0,3.6625
1974-04-01,72.2,2.9625
1974-04-02,71.4,2.8
1974-04-03,71.6,4.4625
1974-04-04,73.2,4.1375
1974-04-05,76.2,3.175
1974-04-06,79.8,3.7125
1974-04-07,80.0,3.05
1974-04-08,80.9,2.65
1974-04-09,87.5,2.9625
1974-04-10,93.1,4.0125
1974-04-11,99.3,2.825
1974-04-12,105.1,0.75
1974-04-13,102.2,1.825
1974-04-14,115.6,1.4125
1974-04-15,122.0,0.8375
1974-04-16,114.2,0.875
1974-04-17,101.0,1.45
1974-04-18,97.1,4.775
1974-04-19,86.7,4.4
1974-04-20,81.5,4.9125
1974-04-21,78.7,4.3375
1974-04-22,74.5,4.2375
1974-04-23,73.1,4.0625
1974-04-24,74.1,3.0375
1974-04-25,75.6,3.3625
1974-04-26,73.9,3.3
1974-04-27,74.3,3.175
1974-04-28,76.8,3.575
1974-04-29,80.4,3.25
1974-04-30,90.3,3.0
1974-05-01,96.9,1.8875
1974-05-02,111.3,3.2125
1974-05-03,113.6,3.2875
1974-05-04,116.0,4.35
1974-05-05,117.6,4.375
1974-05-06,120.8,1.5875
1974-05-07,117.1,2.3375
1974-05-08,113.6,2.375
1974-05-09,107.9,2.3375
1974-05-10,103.0,0.575
1974-05-11,102.3,1.1375
1974-05-12,95.1,0.975
1974-05-13,91.6,1.075
1974-05-14,86.3,2.1625
1974-05-15,83.1,4.0375
1974-05-16,78.5,3.925
1974-05-17,74.1,4.4625
1974-05-18,73.4,3.7125
1974-05-19,71.3,3.2875
1974-05-20,70.8,3.25
1974-05-21,70.1,3.3125
1974-05-22,70.4,3.5375
1974-05-23,69.7,3.7125
1974-05-24,69.8,4.55
1974-05-25,70.6,2.7875
1974-05-26,77.5,2.5
1974-05-27,82.9,2.7
1974-05-28,85.1,2.175
1974-05-29,87.0,1.9
1974-05-30,88.8,3.0
1974-05-31,92.5,3.9625
1974-06-01,95.1,3.925
1974-06-02,97.3,3.2375
1974-06-03,96.1,3.325
1974-06-04,95.4,2.15
1974-06-05,93.7,1.625
1974-06-06,92.2,1.5125
1974-06-07,90.1,0.7
1974-06-08,92.2,1.5375
1974-06-09,92.2,1.6625
1974-06-10,94.1,2.925
1974-06-11,92.4,4.0
1974-06-12,88.9,3.8875
1974-06-13,87.0,3.5
1974-06-14,85.4,3.2625
1974-06-15,82.1,4.4625
1974-06-16,83.5,3.05
1974-06-17,84.5,3.0
1974-06-18,81.7,2.225
1974-06-19,80.2,2.5875
1974-06-20,81.1,3.25
1974-06-21,78.8,1.7
1974-06-22,79.7,2.0375
1974-06-23,77.6,1.825
1974-06-24,76.6,2.1125
1974-06-25,76.3,1.5375
1974-06-26,77.0,4.6625
1974-06-27,79.7,5.0875
1974-06-28,80.3,3.9125
1974-06-29,86.5,3.325
1974-06-30,90.0,2.9375
1974-07-01,101.9,2.325
1974-07-02,109.0,2.5875
1974-07-03,114.6,2.1875
1974-07-04,123.6,4.0375
1974-07-05,121.5,5.7875
1974-07-06,117.5,6.4125
1974-07-07,107.3,2.95
1974-07-08,101.3,4.2875
1974-07-09,92.4,2.925
1974-07-10,85.3,3.4125
1974-07-11,80.4,2.825
1974-07-12,80.6,3.5625
1974-07-13,80.6,2.675
1974-07-14,80.6,3.375
1974-07-15,82.8,2.375
1974-07-16,88.4,2.175
1974-07-17,88.1,2.05
1974-07-18,83.7,1.5375
1974-07-19,84.3,1.6625
1974-07-20,83.9,2.425
1974-07-21,87.3,2.0
1974-07-22,92.3,1.8
1974-07-23,95.4,5.925
1974-07-24,89.2,5.0875
1974-07-25,86.7,3.5375
1974-07-26,90.2,3.325
1974-07-27,85.3,3.725
1974-07-28,82.0,2.9625
1974-07-29,82.6,2.675
1974-07-30,83.3,2.0
1974-07-31,84.9,1.575
1974-08-01,82.6,1.525
1974-08-02,82.7,2.9375
1974-08-03,80.6,4.275
1974-08-04,83.4,3.3375
1974-08-05,84.1,3.4875
1974-08-06,85.5,3.375
1974-08-07,83.5,3.5125
1974-08-08,87.0,2.925
1974-08-09,85.1,2.95
1974-08-10,86.0,3.0
1974-08-11,91.9,2.3875
1974-08-12,96.8,1.3375
1974-08-13,92.8,1.5
1974-08-14,90.8,1.1625
1974-08-15,89.8,1.1
1974-08-16,94.2,1.45
1974-08-17,96.4,1.375
1974-08-18,92.8,2.175
1974-08-19,86.7,4.575
1974-08-20,80.7,4.875
1974-08-21,79.4,4.5875
1974-08-22,78.8,4.525
1974-08-23,79.3,4.45
1974-08-24,75.7,3.7125
1974-08-25,74.1,2.7
1974-08-26,72.3,1.8875
1974-08-27,71.2,3.25
1974-08-28,70.4,3.3375
1974-08-29,71.0,4.05
1974-08-30,72.8,2.9
1974-08-31,74.2,3.4
1974-09-01,76.4,3.65
1974-09-02,78.0,4.125
1974-09-03,77.9,3.1125
1974-09-04,79.6,3.2
1974-09-05,80.2,3.125
1974-09-06,80.9,2.7
1974-09-07,84.1,2.6
1974-09-08,92.0,1.875
1974-09-09,94.7,1.3125
1974-09-10,100.6,1.575
1974-09-11,103.3,1.1375
1974-09-12,104.2,1.25
1974-09-13,105.4,2.9125
1974-09-14,102.8,1.925
1974-09-15,102.5,4.375
1974-09-16,100.9,5.2625
1974-09-17,99.3,0.8375
1974-09-18,99.1,2.5125
1974-09-19,90.9,4.2125
1974-09-20,85.2,4.35
1974-09-21,82.0,4.3125
1974-09-22,80.4,3.725
1974-09-23,74.1,3.0125
1974-09-24,72.4,3.6625
1974-09-25,72.4,3.9125
1974-09-26,75.0,4.5375
1974-09-27,76.7,3.7125
1974-09-28,80.4,2.9125
1974-09-29,90.4,3.0125
1974-09-30,91.2,3.475
1974-10-01,92.9,3.9125
1974-10-02,94.5,3.8125
1974-10-03,93.3,2.5
1974-10-04,100.5,2.075
1974-10-05,113.3,2.1375
1974-10-06,115.1,2.2125
1974-10-07,114.6,1.475
1974-10-08,125.5,2.125
1974-10-09,129.3,4.4625
1974-10-10,129.7,2.25
1974-10-11,138.1,1.5375
1974-10-12,144.7,2.875
1974-10-13,127.2,6.0
1974-10-14,113.8,3.525
1974-10-15,104.3,4.7875
1974-10-16,95.6,5.55
1974-10-17,84.4,4.9125
1974-10-18,81.7,4.7125
1974-10-19,75.8,4.0875
1974-10-20,76.2,4.625
1974-10-21,74.6,2.2625
1974-10-22,73.3,2.875
1974-10-23,74.7,1.1875
1974-10-24,75.5,4.3375
1974-10-25,77.8,3.575
1974-10-26,81.7,4.05
1974-10-27,81.1,3.6875
1974-10-28,82.7,3.875
1974-10-29,82.8,3.2625
1974-10-30,83.9,2.55
1974-10-31,88.0,1.7875
1974-11-01,91.6,1.4125
1974-11-02,93.5,1.2
1974-11-03,97.8,1.3875
1974-11-04,101.2,0.75
1974-11-05,99.3,1.3
1974-11-06,94.0,2.175
1974-11-07,87.2,1.8625
1974-11-08,83.6,2.875
1974-11-09,80.4,4.3
1974-11-10,80.0,2.1625
1974-11-11,78.9,4.4125
1974-11-12,80.8,5.7
1974-11-13,77.7,4.475
1974-11-14,79.4,4.0125
1974-11-15,81.8,2.2125
1974-11-16,84.4,3.075
1974-11-17,86.6,2.75
1974-11-18,90.6,2.0125
1974-11-19,98.4,2.8
1974-11-20,98.0,3.5625
1974-11-21,98.6,3.7
1974-11-22,101.2,3.2875
1974-11-23,100.6,3.0875
1974-11-24,98.5,3.7875
1974-11-25,97.0,3.3
1974-11-26,94.7,3.075
1974-11-27,93.3,2.125
1974-11-28,89.0,1.4125
1974-11-29,86.1,0.7
1974-11-30,84.4,0.4
1974-12-01,82.0,1.375
1974-12-02,81.0,2.925
1974-12-03,79.0,2.95
1974-12-04,76.9,1.95
1974-12-05,75.4,1.5875
1974-12-06,74.0,1.1375
1974-12-07,73.3,2.0125
1974-12-08,71.8,2.7125
1974-12-09,71.8,4.7
1974-12-10,72.6,3.375
1974-12-11,78.6,3.45
1974-12-12,80.4,3.25
1974-12-13,80.5,3.425
1974-12-14,80.7,2.45
1974-12-15,85.9,2.8875
1974-12-16,91.2,1.7
1974-12-17,91.2,3.175
1974-12-18,93.3,4.0
1974-12-19,94.9,3.95
1974-12-20,90.2,3.4875
1974-12-21,88.8,3.425
1974-12-22,87.2,2.7875
1974-12-23,85.8,3.075
1974-12-24,82.8,2.825
1974-12-25,81.6,2.25
1974-12-26,78.4,2.5375
1974-12-27,76.8,3.4875
1974-12-28,76.2,2.6125
1974-12-29,76.6,2.475
1974-12-30,77.0,1.425
1974-12-31,78.7,2.7
1975-01-01,80.8,1.875
1975-01-02,78.4,0.825
1975-01-03,79.7,1.8625
1975-01-04,76.9,4.2625
1975-01-05,76.2,3.9875
1975-01-06,76.3,3.4
1975-01-07,78.3,4.0375
1975-01-08,80.3,4.275
1975-01-09,82.6,1.9125
1975-01-10,83.2,1.45
1975-01-11,84.0,1.0875
1975-01-12,85.2,1.025
1975-01-13,83.1,4.25
1975-01-14,80.4,4.3
1975-01-15,80.0,2.9375
1975-01-16,79.0,3.4875
1975-01-17,77.2,4.0875
1975-01-18,78.3,3.525
1975-01-19,76.6,2.3375
1975-01-20,76.2,2.3375
1975-01-21,77.0,1.5875
1975-01-22,76.0,1.6625
1975-01-23,75.0,2.55
1975-01-24,73.3,2.2375
1975-01-25,72.5,1.175
1975-01-26,72.8,1.0875
1975-01-27,72.3,2.725
1975-01-28,72.9,2.425
1975-01-29,72.6,1.65
1975-01-30,72.7,1.75
1975-01-31,72.2,2.85
1975-02-01,72.9,4.5
1975-02-02,74.5,3.6375
1975-02-03,76.5,2.5
1975-02-04,77.6,2.325
1975-02-05,78.7,3.15
1975-02-06,83.4,2.125
1975-02-07,81.6,2.95
1975-02-08,81.0,1.8875
1975-02-09,79.2,2.1625
1975-02-10,78.7,4.5125
1975-02-11,76.8,4.375
1975-02-12,76.9,4.475
1975-02-13,75.6,3.9625
1975-02-14,73.8,3.875
1975-02-15,71.5,3.55
1975-02-16,73.2,4.125
1975-02-17,71.0,2.925
1975-02-18,69.9,2.9125
1975-02-19,71.6,2.475
1975-02-20,71.1,1.9625
1975-02-21,70.4,2.175
1975-02-22,69.8,1.8875
1975-02-23,69.8,3.9125
1975-02-24,70.1,3.0375
1975-02-25,70.8,3.3375
1975-02-26,70.2,1.9
1975-02-27,70.7,1.1875
1975-02-28,69.9,2.6
1975-03-01,72.0,3.5
1975-03-02,73.7,2.3875
1975-03-03,74.7,2.4875
1975-03-04,74.0,2.0375
1975-03-05,72.5,4.125
1975-03-06,73.5,3.45
1975-03-07,73.0,0.7625
1975-03-08,73.5,0.275
1975-03-09,74.8,1.3625
1975-03-10,74.3,5.875
1975-03-11,74.0,4.95
1975-03-12,75.1,4.4375
1975-03-13,76.5,3.7875
1975-03-14,75.8,3.9875
1975-03-15,74.2,3.4125
1975-03-16,76.8,3.7
1975-03-17,76.1,2.725
1975-03-18,74.9,3.05
1975-03-19,73.5,2.2875
1975-03-20,72.5,2.875
1975-03-21,71.7,0.7
1975-03-22,69.8,1.475
1975-03-23,68.0,2.4375
1975-03-24,67.8,2.675
1975-03-25,67.8,1.8875
1975-03-26,68.9,3.0125
1975-03-27,67.6,3.8375
1975-03-28,68.0,4.425
1975-03-29,69.2,3.5125
1975-03-30,69.1,2.3375
1975-03-31,70.6,2.7
1975-04-01,70.3,1.725
1975-04-02,71.3,1.375
1975-04-03,72.2,1.6375
1975-04-04,72.9,1.925
1975-04-05,73.6,2.2
1975-04-06,73.6,2.75
1975-04-07,74.2,3.3875
1975-04-08,73.4,4.1
1975-04-09,73.2,5.05
1975-04-10,72.1,4.3625
1975-04-11,71.9,4.25
1975-04-12,70.4,3.75
1975-04-13,70.3,3.775
1975-04-14,69.3,3.375
1975-04-15,69.2,1.8375
1975-04-16,68.7,1.5
1975-04-17,69.0,1.2125
1975-04-18,67.7,1.55
1975-04-19,66.9,1.375
1975-04-20,67.3,3.0
1975-04-21,67.5,3.2
1975-04-22,67.1,2.9625
1975-04-23,68.0,3.8125
1975-04-24,68.5,3.1625
1975-04-25,70.8,1.9
1975-04-26,71.2,2.125
1975-04-27,73.4,1.15
1975-04-28,73.8,0.625
1975-04-29,72.1,0.4875
1975-04-30,72.3,1.4125
1975-05-01,75.1,1.55
1975-05-02,79.8,3.125
1975-05-03,78.3,3.325
1975-05-04,78.3,2.75
1975-05-05,77.0,4.2
1975-05-06,74.6,4.0875
1975-05-07,72.2,3.5125
1975-05-08,70.6,2.7375
1975-05-09,69.3,2.9875
1975-05-10,68.7,3.0125
1975-05-11,68.4,0.4125
1975-05-12,68.2,0.675
1975-05-13,67.7,1.5
1975-05-14,67.2,2.675
1975-05-15,66.5,0.6
1975-05-16,67.0,3.625
1975-05-17,66.8,2.7
1975-05-18,67.1,2.0
1975-05-19,67.3,2.5375
1975-05-20,67.0,3.2375
1975-05-21,68.0,2.5625
1975-05-22,69.1,2.45
1975-05-23,68.8,1.975
1975-05-24,68.8,1.375
1975-05-25,68.4,2.575
1975-05-26,67.2,2.7125
1975-05-27,68.6,2.4125
1975-05-28,68.7,1.2
1975-05-29,69.1,2.4625
1975-05-30,69.1,1.5875
1975-05-31,69.2,0.8625
1975-06-01,69.4,3.125
1975-06-02,70.9,3.925
1975-06-03,68.8,2.6375
1975-06-04,68.4,2.5
1975-06-05,67.3,2.6625
1975-06-06,66.2,2.5375
1975-06-07,66.1,1.625
1975-06-08,65.5,0.925
1975-06-09,65.7,1.3
1975-06-10,66.7,0.925
1975-06-11,66.1,2.775
1975-06-12,66.3,3.9125
1975-06-13,65.8,2.925
1975-06-14,66.4,2.025
1975-06-15,66.8,2.625
1975-06-16,69.2,3.2125
1975-06-17,68.0,2.55
1975-06-18,68.0,2.55
1975-06-19,68.7,2.6
1975-06-20,70.2,1.55
1975-06-21,66.5,2.1625
1975-06-22,67.7,1.325
1975-06-23,70.6,0.9375
1975-06-24,73.5,0.5375
1975-06-25,75.2,1.1625
1975-06-26,77.2,1.3375
1975-06-27,78.8,0.9125
1975-06-28,78.0,1.15
1975-06-29,76.8,3.375
1975-06-30,76.2,3.475
1975-07-01,76.1,2.45
1975-07-02,74.3,1.575
1975-07-03,74.6,1.875
1975-07-04,74.3,1.6
1975-07-05,74.3,1.2
1975-07-06,73.6,1.4
1975-07-07,71.7,2.5375
1975-07-08,71.6,4.1625
1975-07-09,70.9,3.8875
1975-07-10,70.6,3.0375
1975-07-11,75.0,2.9625
1975-07-12,80.1,1.4125
1975-07-13,85.7,2.1625
1975-07-14,86.2,2.7375
1975-07-15,82.9,2.95
1975-07-16,80.9,2.6125
1975-07-17,78.6,2.8375
1975-07-18,80.2,2.9125
1975-07-19,79.3,2.2
1975-07-20,80.6,1.7875
1975-07-21,80.5,1.575
1975-07-22,80.1,1.6375
1975-07-23,79.5,1.4625
1975-07-24,76.8,1.5875
1975-07-25,77.3,4.1375
1975-07-26,77.5,3.4125
1975-07-27,76.1,2.4625
1975-07-28,74.2,2.225
1975-07-29,73.2,1.075
1975-07-30,76.5,1.2875
1975-07-31,79.5,1.125
1975-08-01,88.9,2.0625
1975-08-02,92.6,1.85
1975-08-03,94.2,1.1625
1975-08-04,101.7,1.55
1975-08-05,104.9,4.0375
1975-08-06,116.6,1.5375
1975-08-07,119.8,1.1625
1975-08-08,120.3,2.4375
1975-08-09,112.7,2.7875
1975-08-10,113.4,2.675
1975-08-11,104.5,1.65
1975-08-12,101.8,0.8875
1975-08-13,95.5,1.325
1975-08-14,88.6,2.875
1975-08-15,83.8,3.225
1975-08-16,80.8,1.3375
1975-08-17,77.1,2.25
1975-08-18,74.5,1.45
1975-08-19,74.9,1.0
1975-08-20,75.4,2.3875
1975-08-21,78.2,3.05
1975-08-22,76.7,2.5875
1975-08-23,75.1,2.0875
1975-08-24,75.3,1.45
1975-08-25,78.9,2.225
1975-08-26,79.6,1.3
1975-08-27,81.9,1.2
1975-08-28,81.7,1.3375
1975-08-29,83.0,3.875
1975-08-30,84.6,2.6125
1975-08-31,85.1,1.7375
1975-09-01,85.5,1.8125
1975-09-02,86.3,1.6125
1975-09-03,86.3,0.75
1975-09-04,91.2,0.5875
1975-09-05,92.9,1.0125
1975-09-06,92.5,2.6625
1975-09-07,89.8,1.7125
1975-09-08,87.2,1.6625
1975-09-09,83.1,3.6375
1975-09-10,81.4,3.7875
1975-09-11,80.1,3.9125
1975-09-12,77.2,3.175
1975-09-13,74.2,2.875
1975-09-14,73.2,2.4125
1975-09-15,73.3,1.775
1975-09-16,73.5,1.4125
1975-09-17,74.1,2.55
1975-09-18,75.5,2.875
1975-09-19,75.5,2.0
1975-09-20,75.9,1.7875
1975-09-21,76.1,1.375
1975-09-22,74.8,0.9625
1975-09-23,75.6,0.95
1975-09-24,76.3,0.4125
1975-09-25,76.3,0.625
1975-09-26,76.3,2.7875
1975-09-27,75.4,2.7875
1975-09-28,75.8,1.975
1975-09-29,75.7,1.225
1975-09-30,75.6,0.5375
1975-10-01,76.2,1.45
1975-10-02,78.0,0.5875
1975-10-03,78.3,2.1375
1975-10-04,76.3,1.8375
1975-10-05,76.1,1.5
1975-10-06,75.2,3.75
1975-10-07,74.4,4.45
1975-10-08,74.1,4.7625
1975-10-09,75.6,4.5
1975-10-10,74.5,3.6125
1975-10-11,73.6,1.925
1975-10-12,75.1,2.5875
1975-10-13,79.4,1.85
1975-10-14,80.4,2.1125
1975-10-15,80.8,1.175
1975-10-16,79.1,2.2625
1975-10-17,79.5,1.95
1975-10-18,79.8,1.175
1975-10-19,78.6,0.7875
1975-10-20,77.8,1.225
1975-10-21,76.4,1.3625
1975-10-22,74.9,1.55
1975-10-23,75.0,1.4875
1975-10-24,73.5,1.075
1975-10-25,73.0,0.825
1975-10-26,72.8,1.3375
1975-10-27,73.0,1.1125
1975-10-28,72.6,1.9375
1975-10-29,71.8,2.1625
1975-10-30,71.2,2.1625
1975-10-31,71.0,2.9125
1975-11-01,71.5,1.6625
1975-11-02,72.6,3.875
1975-11-03,74.2,5.5875
1975-11-04,76.7,4.575
1975-11-05,80.3,3.5
1975-11-06,81.6,2.2375
1975-11-07,82.0,2.375
1975-11-08,82.5,1.8
1975-11-09,80.3,4.175
1975-11-10,80.5,3.025
1975-11-11,80.2,2.7625
1975-11-12,81.6,2.1375
1975-11-13,80.9,0.8625
1975-11-14,84.5,0.7375
1975-11-15,85.6,1.0
1975-11-16,89.6,1.4875
1975-11-17,91.0,2.75
1975-11-18,92.9,1.675
1975-11-19,95.3,1.9125
1975-11-20,93.1,2.0875
1975-11-21,88.7,3.05
1975-11-22,83.6,4.6625
1975-11-23,79.2,1.625
1975-11-24,76.7,2.375
1975-11-25,75.7,2.9125
1975-11-26,73.8,2.375
1975-11-27,72.7,1.4125
1975-11-28,72.4,2.1625
1975-11-29,72.9,3.8875
1975-11-30,72.6,4.475
1975-12-01,74.2,4.325
1975-12-02,77.0,3.9625
1975-12-03,76.5,2.675
1975-12-04,76.3,2.65
1975-12-05,79.7,2.15
1975-12-06,78.1,1.7625
1975-12-07,76.0,0.95
1975-12-08,78.3,3.15
1975-12-09,75.6,2.7125
1975-12-10,75.6,1.5375
1975-12-11,76.7,1.375
1975-12-12,75.7,0.625
1975-12-13,75.1,0.625
1975-12-14,74.1,1.5
1975-12-15,74.1,2.075
1975-12-16,72.8,2.8875
1975-12-17,72.8,2.0625
1975-12-18,71.9,1.7125
1975-12-19,71.4,1.4125
1975-12-20,72.0,0.625
1975-12-21,71.3,1.9625
1975-12-22,71.2,2.4125
1975-12-23,72.0,1.8375
1975-12-24,73.8,0.5875
1975-12-25,73.4,3.2625
1975-12-26,74.2,4.375
1975-12-27,75.0,4.0375
1975-12-28,73.9,2.75
1975-12-29,75.0,3.0
1975-12-30,74.4,2.5
1975-12-31,74.6,1.6375
1976-01-01,74.6,1.1375
1976-01-02,73.6,1.075
1976-01-03,73.7,2.875
1976-01-04,74.3,2.4125
1976-01-05,74.4,2.2
1976-01-06,74.1,2.55
1976-01-07,74.0,2.425
1976-01-08,73.3,1.4
1976-01-09,71.8,0.925
1976-01-10,72.9,3.9125
1976-01-11,74.6,3.9
1976-01-12,79.5,2.75
1976-01-13,82.7,2.1
1976-01-14,84.9,2.675
1976-01-15,83.1,1.55
1976-01-16,80.7,2.275
1976-01-17,79.1,2.7625
1976-01-18,79.2,2.1375
1976-01-19,77.7,2.0625
1976-01-20,77.1,2.3375
1976-01-21,74.5,3.4125
1976-01-22,73.2,3.6125
1976-01-23,72.4,3.4625
1976-01-24,70.7,3.55
1976-01-25,70.4,2.5375
1976-01-26,70.4,1.3875
1976-01-27,69.3,1.4125
1976-01-28,69.2,1.2375
1976-01-29,69.5,1.425
1976-01-30,71.0,1.75
1976-01-31,71.2,3.9125
1976-02-01,70.6,3.7875
1976-02-02,70.6,3.375
1976-02-03,70.4,3.0
1976-02-04,70.4,2.65
1976-02-05,69.5,2.05
1976-02-06,70.1,1.9875
1976-02-07,71.2,3.1625
1976-02-08,70.3,4.075
1976-02-09,70.2,3.8375
1976-02-10,70.3,3.7375
1976-02-11,70.2,2.625
1976-02-12,69.6,3.1
1976-02-13,71.5,3.45
1976-02-14,71.7,3.125
1976-02-15,71.4,2.05
1976-02-16,71.4,1.5
1976-02-17,71.6,2.7
1976-02-18,71.8,3.5125
1976-02-19,71.7,3.8625
1976-02-20,71.6,3.4125
1976-02-21,70.3,2.9875
1976-02-22,70.4,2.7875
1976-02-23,70.7,1.175
1976-02-24,71.1,0.7125
1976-02-25,69.8,1.0625
1976-02-26,69.9,2.0875
1976-02-27,69.8,3.8375
1976-02-28,69.2,3.4625
1976-02-29,68.6,4.05
1976-03-01,69.0,3.35
1976-03-02,69.3,4.2125
1976-03-03,68.6,4.075
1976-03-04,68.5,2.575
1976-03-05,68.7,2.75
1976-03-06,68.6,4.125
1976-03-07,69.0,3.925
1976-03-08,68.9,4.5875
1976-03-09,69.2,4.5
1976-03-10,69.4,4.25
1976-03-11,69.8,3.95
1976-03-12,69.8,3.875
1976-03-13,71.8,2.5
1976-03-14,70.9,2.5
1976-03-15,69.9,2.925
1976-03-16,73.3,3.275
1976-03-17,75.2,3.3375
1976-03-18,79.8,2.6
1976-03-19,82.3,2.425
1976-03-20,85.7,2.0
1976-03-21,91.9,1.3875
1976-03-22,83.6,0.625
1976-03-23,87.5,1.2625
1976-03-24,82.7,0.8625
1976-03-25,85.6,1.15
1976-03-26,84.5,6.95
1976-03-27,85.9,4.2375
1976-03-28,87.4,2.7625
1976-03-29,84.3,2.5
1976-03-30,82.6,2.425
1976-03-31,82.9,2.1375
1976-04-01,79.7,5.9375
1976-04-02,76.9,2.6625
1976-04-03,76.2,4.575
1976-04-04,74.7,4.125
1976-04-05,73.0,3.9625
1976-04-06,71.2,4.1625
1976-04-07,70.2,3.925
1976-04-08,71.7,2.8375
1976-04-09,73.9,2.925
1976-04-10,75.0,2.4875
1976-04-11,76.8,2.6375
1976-04-12,77.8,2.0875
1976-04-13,79.2,2.675
1976-04-14,79.1,3.05
1976-04-15,78.7,1.1375
1976-04-16,80.1,1.875
1976-04-17,79.9,1.3
1976-04-18,79.8,0.4
1976-04-19,79.1,1.1625
1976-04-20,79.3,0.45
1976-04-21,77.3,1.2375
1976-04-22,75.4,3.3
1976-04-23,74.9,1.7875
1976-04-24,75.9,2.95
1976-04-25,74.9,2.075
1976-04-26,74.8,1.45
1976-04-27,73.6,2.3125
1976-04-28,72.4,2.275
1976-04-29,78.5,2.9875
1976-04-30,78.4,2.3125
1976-05-01,76.4,2.2125
1976-05-02,73.0,4.725
1976-05-03,70.7,5.6625
1976-05-04,70.3,3.4125
1976-05-05,69.8,2.65
1976-05-06,68.7,2.075
1976-05-07,69.0,2.175
1976-05-08,68.9,2.2
1976-05-09,69.3,1.05
1976-05-10,70.3,1.5
1976-05-11,71.1,2.5375
1976-05-12,71.1,1.8375
1976-05-13,72.1,1.625
1976-05-14,72.6,0.9125
1976-05-15,75.2,1.25
1976-05-16,77.4,1.25
1976-05-17,74.8,0.825
1976-05-18,73.8,0.55
1976-05-19,72.1,1.925
1976-05-20,71.3,3.25
1976-05-21,72.2,2.425
1976-05-22,70.7,2.525
1976-05-23,70.1,2.6625
1976-05-24,69.0,1.6
1976-05-25,68.0,2.1
1976-05-26,67.7,1.5
1976-05-27,67.8,1.2875
1976-05-28,67.2,2.8
1976-05-29,66.1,3.25
1976-05-30,66.2,3.075
1976-05-31,66.8,2.175
1976-06-01,66.5,1.5875
1976-06-02,66.0,1.75
1976-06-03,66.2,2.1875
1976-06-04,66.5,3.1375
1976-06-05,66.7,3.375
1976-06-06,67.3,2.0375
1976-06-07,67.0,2.725
1976-06-08,68.6,2.1125
1976-06-09,68.0,0.9125
1976-06-10,68.9,1.375
1976-06-11,69.3,3.75
1976-06-12,69.5,1.7875
1976-06-13,69.8,1.0625
1976-06-14,71.4,0.6125
1976-06-15,72.0,0.7875
1976-06-16,74.7,1.2625
1976-06-17,74.7,2.7625
1976-06-18,75.4,3.4125
1976-06-19,74.4,1.0375
1976-06-20,74.4,1.375
1976-06-21,75.2,0.8
1976-06-22,76.4,0.7125
1976-06-23,74.1,1.0875
1976-06-24,72.8,2.425
1976-06-25,72.5,3.2125
1976-06-26,71.9,1.5875
1976-06-27,70.4,1.6875
1976-06-28,69.4,1.425
1976-06-29,69.0,1.2375
1976-06-30,68.0,3.55
1976-07-01,67.0,3.0875
1976-07-02,66.8,2.2125
1976-07-03,67.2,2.5375
1976-07-04,66.3,2.7875
1976-07-05,67.2,1.5375
1976-07-06,67.3,1.4875
1976-07-07,67.2,2.05
1976-07-08,67.4,2.6875
1976-07-09,67.4,2.3375
1976-07-10,67.8,1.525
1976-07-11,67.9,1.0375
1976-07-12,67.6,1.375
1976-07-13,67.6,1.0875
1976-07-14,68.4,1.575
1976-07-15,69.1,2.85
1976-07-16,67.6,3.075
1976-07-17,67.2,1.3375
1976-07-18,68.3,1.45
1976-07-19,68.0,1.375
1976-07-20,67.2,1.0
1976-07-21,67.9,0.75
1976-07-22,67.9,1.125
1976-07-23,66.6,1.25
1976-07-24,67.2,1.025
1976-07-25,66.7,2.175
1976-07-26,66.4,0.8875
1976-07-27,67.3,1.8
1976-07-28,67.3,3.125
1976-07-29,67.3,3.225
1976-07-30,68.6,3.3
1976-07-31,70.2,1.9125
1976-08-01,73.7,1.925
1976-08-02,75.5,1.7875
1976-08-03,79.9,2.175
1976-08-04,80.0,1.275
1976-08-05,81.8,1.3875
1976-08-06,81.9,1.375
1976-08-07,81.4,1.325
1976-08-08,79.8,1.125
1976-08-09,80.5,2.2375
1976-08-10,80.6,2.0125
1976-08-11,78.3,1.2625
1976-08-12,78.5,0.8375
1976-08-13,76.7,0.7125
1976-08-14,71.5,1.0375
1976-08-15,71.0,0.55
1976-08-16,71.1,1.6375
1976-08-17,75.9,1.1375
1976-08-18,76.3,1.1125
1976-08-19,74.3,1.5625
1976-08-20,72.8,1.4125
1976-08-21,71.6,1.8875
1976-08-22,70.7,1.2875
1976-08-23,69.3,3.8375
1976-08-24,69.4,3.6375
1976-08-25,69.1,3.8
1976-08-26,68.7,3.25
1976-08-27,70.0,2.55
1976-08-28,71.4,2.3125
1976-08-29,71.9,1.7375
1976-08-30,71.6,1.5375
1976-08-31,72.4,1.3625
1976-09-01,75.0,2.3375
1976-09-02,74.0,3.5375
1976-09-03,74.4,2.4125
1976-09-04,74.6,2.8625
1976-09-05,74.2,2.125
1976-09-06,71.9,1.8125
1976-09-07,71.9,2.2625
1976-09-08,71.8,1.8375
1976-09-09,72.2,1.4125
1976-09-10,74.8,1.425
1976-09-11,74.7,1.0875
1976-09-12,74.7,2.0625
1976-09-13,73.3,1.2875
1976-09-14,73.7,2.3375
1976-09-15,73.1,2.0375
1976-09-16,75.0,1.7
1976-09-17,75.7,2.1875
1976-09-18,73.6,3.6625
1976-09-19,72.6,3.125
1976-09-20,71.6,5.075
1976-09-21,70.3,3.7125
1976-09-22,70.0,3.2125
1976-09-23,71.5,2.5
1976-09-24,72.1,1.6625
1976-09-25,73.0,3.75
1976-09-26,72.4,2.55
1976-09-27,73.0,2.725
1976-09-28,73.3,1.4125
1976-09-29,71.7,2.2625
1976-09-30,72.4,2.05
1976-10-01,74.5,2.625
1976-10-02,73.8,3.15
1976-10-03,73.7,2.0375
1976-10-04,73.1,1.675
1976-10-05,74.8,2.3625
1976-10-06,74.8,2.2125
1976-10-07,74.6,1.3375
1976-10-08,74.7,1.4875
1976-10-09,75.0,1.7
1976-10-10,75.1,1.675
1976-10-11,74.0,1.8125
1976-10-12,73.6,2.425
1976-10-13,73.0,1.9
1976-10-14,74.8,1.5
1976-10-15,76.0,4.25
1976-10-16,77.5,3.8875
1976-10-17,78.5,4.025
1976-10-18,77.9,3.3
1976-10-19,77.2,1.5375
1976-10-20,76.5,1.8875
1976-10-21,74.2,1.925
1976-10-22,76.2,1.4625
1976-10-23,80.9,1.65
1976-10-24,81.0,1.25
1976-10-25,85.7,1.225
1976-10-26,81.4,0.9375
1976-10-27,78.4,1.75
1976-10-28,74.8,1.2375
1976-10-29,73.1,0.6625
1976-10-30,73.1,2.4875
1976-10-31,71.5,4.275
1976-11-01,72.0,2.3
1976-11-02,70.2,1.875
1976-11-03,70.9,1.575
1976-11-04,71.1,1.1125
1976-11-05,72.1,0.6625
1976-11-06,71.0,0.3625
1976-11-07,70.8,0.7375
1976-11-08,70.6,1.2875
1976-11-09,72.1,1.8875
1976-11-10,70.8,3.175
1976-11-11,71.9,3.55
1976-11-12,72.3,3.6125
1976-11-13,70.9,4.15
1976-11-14,70.7,2.975
1976-11-15,72.7,2.1375
1976-11-16,72.7,1.425
1976-11-17,74.5,1.7625
1976-11-18,77.4,1.2625
1976-11-19,76.4,2.1125
1976-11-20,74.7,1.8625
1976-11-21,75.0,0.95
1976-11-22,75.2,1.325
1976-11-23,74.4,0.9625
1976-11-24,74.8,0.6125
1976-11-25,74.6,2.45
1976-11-26,74.0,2.0875
1976-11-27,75.7,1.85
1976-11-28,73.7,0.4125
1976-11-29,71.6,1.4
1976-11-30,71.7,2.3375
1976-12-01,72.2,1.7
1976-12-02,73.7,0.625
1976-12-03,73.3,0.875
1976-12-04,73.4,2.7125
1976-12-05,72.2,1.5
1976-12-06,72.2,0.7
1976-12-07,71.9,2.3125
1976-12-08,73.0,3.2
1976-12-09,76.6,2.7875
1976-12-10,79.2,2.6625
1976-12-11,80.8,2.6
1976-12-12,81.1,2.8375
1976-12-13,80.6,1.825
1976-12-14,83.6,0.875
1976-12-15,82.4,0.3625
1976-12-16,80.4,1.8125
1976-12-17,78.0,2.2125
1976-12-18,76.2,3.25
1976-12-19,75.3,1.7125
1976-12-20,74.1,1.2375
1976-12-21,74.2,1.0375
1976-12-22,75.8,2.0375
1976-12-23,76.2,1.2
1976-12-24,76.7,1.675
1976-12-25,78.2,1.9625
1976-12-26,78.2,1.5375
1976-12-27,77.8,1.4
1976-12-28,77.0,1.5125
1976-12-29,77.4,4.4875
1976-12-30,77.7,2.575
1976-12-31,79.0,2.375
1977-01-01,76.3,3.1375
1977-01-02,79.1,1.0
1977-01-03,78.6,1.6875
1977-01-04,78.1,2.3
1977-01-05,76.5,2.75
1977-01-06,74.9,2.2875
1977-01-07,73.8,1.675
1977-01-08,72.0,1.6625
1977-01-09,70.7,1.525
1977-01-10,71.1,0.725
1977-01-11,73.6,2.2375
1977-01-12,77.5,2.7
1977-01-13,80.1,1.6375
1977-01-14,77.0,3.2375
1977-01-15,78.2,2.675
1977-01-16,80.1,1.7125
1977-01-17,78.6,1.6375
1977-01-18,77.9,2.1375
1977-01-19,79.4,1.875
1977-01-20,77.7,2.525
1977-01-21,76.4,1.25
1977-01-22,79.3,1.6625
1977-01-23,81.2,1.425
1977-01-24,79.9,2.025
1977-01-25,77.3,2.05
1977-01-26,78.4,0.9125
1977-01-27,77.6,0.9625
1977-01-28,79.5,1.875
1977-01-29,78.5,2.8375
1977-01-30,78.7,4.1625
1977-01-31,82.0,2.7
1977-02-01,84.1,1.5375
1977-02-02,84.6,3.3875
1977-02-03,83.3,2.1625
1977-02-04,81.0,1.025
1977-02-05,80.0,1.925
1977-02-06,77.4,2.7
1977-02-07,76.7,3.25
1977-02-08,80.8,3.25
1977-02-09,85.4,3.825
1977-02-10,85.7,2.5
1977-02-11,86.9,2.75
1977-02-12,89.2,1.8625
1977-02-13,90.8,2.4625
1977-02-14,87.4,2.425
1977-02-15,86.6,2.0
1977-02-16,87.8,1.425
1977-02-17,91.8,2.1125
1977-02-18,88.5,2.825
1977-02-19,84.8,1.7125
1977-02-20,82.9,1.325
1977-02-21,80.4,1.7375
1977-02-22,77.6,1.6625
1977-02-23,77.5,3.25
1977-02-24,75.8,2.5
1977-02-25,75.8,2.4125
1977-02-26,73.8,1.75
1977-02-27,73.4,0.675
1977-02-28,74.0,1.7875
1977-03-01,73.9,2.2125
1977-03-02,76.7,1.2125
1977-03-03,76.1,0.9625
1977-03-04,78.2,0.6625
1977-03-05,78.9,0.875
1977-03-06,78.8,1.5375
1977-03-07,78.4,1.375
1977-03-08,82.8,2.175
1977-03-09,81.4,4.5375
1977-03-10,81.6,3.3375
1977-03-11,79.9,3.1375
1977-03-12,79.6,3.5
1977-03-13,78.8,2.5875
1977-03-14,78.1,2.1125
1977-03-15,75.6,1.25
1977-03-16,74.8,1.625
1977-03-17,74.8,2.2125
1977-03-18,74.6,2.35
1977-03-19,74.6,1.225
1977-03-20,72.9,2.45
1977-03-21,73.3,2.075
1977-03-22,75.1,1.675
1977-03-23,75.2,2.6625
1977-03-24,75.3,2.5
1977-03-25,74.4,2.3875
1977-03-26,75.4,2.625
1977-03-27,74.8,1.9125
1977-03-28,74.6,2.875
1977-03-29,75.6,2.5
1977-03-30,74.7,1.4125
1977-03-31,74.2,0.8625
1977-04-01,74.9,0.95
1977-04-02,76.4,1.2
1977-04-03,76.6,2.4125
1977-04-04,76.7,3.6
1977-04-05,75.4,2.55
1977-04-06,75.9,4.425
1977-04-07,75.3,4.625
1977-04-08,74.1,3.95
1977-04-09,74.6,3.55
1977-04-10,76.2,2.7125
1977-04-11,78.8,2.775
1977-04-12,79.8,1.875
1977-04-13,82.2,1.3625
1977-04-14,82.9,2.3375
1977-04-15,86.2,2.1375
1977-04-16,83.1,2.9
1977-04-17,82.9,2.15
1977-04-18,80.1,2.0125
1977-04-19,79.1,4.8375
1977-04-20,79.6,3.9125
1977-04-21,80.0,2.5
1977-04-22,79.2,1.4375
1977-04-23,76.7,1.425
1977-04-24,75.6,2.375
1977-04-25,75.5,2.875
1977-04-26,74.4,1.0375
1977-04-27,73.9,0.95
1977-04-28,73.2,1.1125
1977-04-29,73.7,3.2625
1977-04-30,75.5,1.9625
1977-05-01,76.0,2.5375
1977-05-02,77.3,5.5
1977-05-03,80.5,2.675
1977-05-04,80.0,2.7375
1977-05-05,78.2,2.5125
1977-05-06,77.1,2.3875
1977-05-07,75.7,1.5
1977-05-08,76.4,0.75
1977-05-09,82.0,1.8375
1977-05-10,79.2,2.0875
1977-05-11,79.2,3.375
1977-05-12,78.1,2.7625
1977-05-13,79.8,1.375
1977-05-14,83.0,1.9125
1977-05-15,83.2,2.825
1977-05-16,83.2,3.625
1977-05-17,82.2,3.175
1977-05-18,81.0,2.425
1977-05-19,80.2,1.2
1977-05-20,79.4,2.3
1977-05-21,79.4,0.9125
1977-05-22,80.9,1.5875
1977-05-23,80.3,1.675
1977-05-24,77.2,2.1625
1977-05-25,75.4,1.3625
1977-05-26,74.8,0.575
1977-05-27,75.9,0.8375
1977-05-28,77.0,1.7125
1977-05-29,79.5,0.45
1977-05-30,87.5,1.2125
1977-05-31,89.5,1.9
1977-06-01,86.4,2.1125
1977-06-02,88.3,2.8
1977-06-03,90.4,1.5375
1977-06-04,91.5,1.4625
1977-06-05,87.6,1.6625
1977-06-06,88.0,1.3
1977-06-07,89.3,1.5625
1977-06-08,89.2,1.5
1977-06-09,88.2,1.4625
1977-06-10,86.5,1.925
1977-06-11,84.6,0.925
1977-06-12,80.8,0.9375
1977-06-13,81.6,1.5
1977-06-14,79.7,1.9625
1977-06-15,79.7,0.775
1977-06-16,78.9,2.0875
1977-06-17,79.8,2.075
1977-06-18,81.6,2.25
1977-06-19,82.5,2.2875
1977-06-20,86.1,2.3375
1977-06-21,89.4,1.6625
1977-06-22,95.6,2.0875
1977-06-23,96.2,2.2
1977-06-24,104.0,1.85
1977-06-25,110.2,1.2875
1977-06-26,116.7,1.6125
1977-06-27,112.1,1.7625
1977-06-28,109.7,2.675
1977-06-29,108.2,1.7125
1977-06-30,103.4,2.0875
1977-07-01,98.6,2.9125
1977-07-02,97.4,2.5
1977-07-03,94.2,2.075
1977-07-04,90.9,1.95
1977-07-05,85.1,1.375
1977-07-06,87.2,3.3375
1977-07-07,82.4,2.7125
1977-07-08,79.4,2.9125
1977-07-09,76.4,3.05
1977-07-10,74.4,2.875
1977-07-11,73.7,2.2125
1977-07-12,73.4,0.9375
1977-07-13,75.3,2.2125
1977-07-14,74.3,2.925
1977-07-15,73.6,2.675
1977-07-16,74.4,3.8375
1977-07-17,74.1,2.8875
1977-07-18,74.4,1.975
1977-07-19,74.4,3.6125
1977-07-20,77.5,4.0375
1977-07-21,79.2,2.3375
1977-07-22,80.5,2.45
1977-07-23,82.4,1.475
1977-07-24,81.4,1.8375
1977-07-25,83.3,1.25
1977-07-26,83.3,0.7125
1977-07-27,82.8,0.6625
1977-07-28,84.9,0.95
1977-07-29,84.1,4.9625
1977-07-30,81.6,2.8375
1977-07-31,78.1,1.925
1977-08-01,80.6,1.5625
1977-08-02,80.4,1.075
1977-08-03,79.9,1.5875
1977-08-04,80.6,2.175
1977-08-05,84.0,4.5
1977-08-06,85.7,3.5375
1977-08-07,84.5,3.075
1977-08-08,82.8,2.625
1977-08-09,83.6,3.35
1977-08-10,84.9,2.575
1977-08-11,85.3,3.975
1977-08-12,84.2,2.4375
1977-08-13,86.7,2.4625
1977-08-14,85.3,2.3625
1977-08-15,84.7,2.2875
1977-08-16,85.2,1.925
1977-08-17,85.0,3.7875
1977-08-18,86.4,2.7625
1977-08-19,85.0,3.5375
1977-08-20,86.6,2.0375
1977-08-21,88.8,1.2
1977-08-22,87.6,1.1375
1977-08-23,84.1,1.675
1977-08-24,84.1,2.2
1977-08-25,85.8,3.4875
1977-08-26,84.6,2.5
1977-08-27,83.6,2.7875
1977-08-28,80.8,1.8875
1977-08-29,84.4,1.4625
1977-08-30,83.9,1.3375
1977-08-31,83.1,0.925
1977-09-01,81.6,0.925
1977-09-02,82.7,1.4625
1977-09-03,85.7,1.7
1977-09-04,82.8,1.55
1977-09-05,84.3,0.7
1977-09-06,83.6,0.8625
1977-09-07,88.0,1.3375
1977-09-08,90.2,1.95
1977-09-09,94.6,2.5125
1977-09-10,98.4,2.6625
1977-09-11,103.3,3.3875
1977-09-12,106.4,1.3375
1977-09-13,111.5,3.925
1977-09-14,116.7,1.9625
1977-09-15,119.4,1.925
1977-09-16,119.1,1.875
1977-09-17,119.4,1.9625
1977-09-18,119.4,1.5875
1977-09-19,113.6,3.7625
1977-09-20,107.9,4.8
1977-09-21,104.1,5.1625
1977-09-22,101.7,5.2875
1977-09-23,98.6,3.1625
1977-09-24,100.0,2.675
1977-09-25,98.3,2.3625
1977-09-26,98.9,2.9625
1977-09-27,99.6,2.7125
1977-09-28,99.6,2.0375
1977-09-29,99.1,0.8375
1977-09-30,97.4,1.025
1977-10-01,93.6,0.9125
1977-10-02,93.1,1.2875
1977-10-03,97.3,2.0875
1977-10-04,98.8,1.875
1977-10-05,104.0,2.025
1977-10-06,103.6,2.0875
1977-10-07,105.6,0.7125
1977-10-08,104.0,1.5125
1977-10-09,101.0,0.45
1977-10-10,96.7,1.0
1977-10-11,95.7,2.3875
1977-10-12,101.2,3.8
1977-10-13,99.0,2.75
1977-10-14,99.4,2.3
1977-10-15,98.8,3.0875
1977-10-16,97.5,1.875
1977-10-17,95.6,2.65
1977-10-18,96.2,3.45
1977-10-19,105.8,3.475
1977-10-20,100.5,1.6875
1977-10-21,99.5,1.2875
1977-10-22,94.8,3.55
1977-10-23,88.2,1.475
1977-10-24,89.3,1.525
1977-10-25,89.2,1.0375
1977-10-26,89.7,1.3375
1977-10-27,89.7,5.125
1977-10-28,91.5,4.275
1977-10-29,91.6,2.0875
1977-10-30,96.2,2.0
1977-10-31,97.4,1.55
1977-11-01,95.8,1.15
1977-11-02,95.1,1.4
1977-11-03,91.9,0.8625
1977-11-04,90.9,1.7
1977-11-05,92.2,2.05
1977-11-06,92.8,1.775
1977-11-07,91.9,1.4125
1977-11-08,92.0,0.85
1977-11-09,92.9,0.7625
1977-11-10,95.0,1.8625
1977-11-11,96.8,1.6125
1977-11-12,93.4,3.2875
1977-11-13,96.0,3.8625
1977-11-14,100.0,4.7
1977-11-15,100.1,3.625
1977-11-16,98.1,2.925
1977-11-17,102.8,1.75
1977-11-18,104.4,1.7
1977-11-19,101.6,1.7375
1977-11-20,98.1,1.05
1977-11-21,95.1,1.1375
1977-11-22,91.6,0.775
1977-11-23,90.3,0.55
1977-11-24,89.0,0.45
1977-11-25,87.0,2.1625
1977-11-26,86.3,3.1125
1977-11-27,86.1,2.25
1977-11-28,88.0,1.3875
1977-11-29,88.0,1.6125
1977-11-30,87.8,2.4875
1977-12-01,90.9,1.325
1977-12-02,93.8,5.5
1977-12-03,96.5,2.2375
1977-12-04,98.8,2.375
1977-12-05,99.8,3.0125
1977-12-06,105.0,1.125
1977-12-07,108.8,0.7125
1977-12-08,110.0,0.35
1977-12-09,116.1,0.7
1977-12-10,118.2,0.825
1977-12-11,110.8,4.45
1977-12-12,114.5,3.175
1977-12-13,103.8,3.0875
1977-12-14,96.7,1.875
1977-12-15,95.5,1.3125
1977-12-16,95.6,1.8375
1977-12-17,94.1,2.0625
1977-12-18,96.7,0.525
1977-12-19,94.0,0.625
1977-12-20,91.6,0.8375
1977-12-21,90.7,1.4125
1977-12-22,92.9,1.3875
1977-12-23,94.3,1.0875
1977-12-24,97.1,1.375
1977-12-25,99.6,1.275
1977-12-26,102.7,2.4625
1977-12-27,101.7,1.5375
1977-12-28,102.3,1.9125
1977-12-29,109.2,1.8125
1977-12-30,118.6,1.45
1977-12-31,124.3,1.625
1978-01-01,131.2,1.725
1978-01-02,138.5,1.6625
1978-01-03,134.6,2.0125
1978-01-04,129.1,6.125
1978-01-05,123.3,3.8
1978-01-06,122.7,4.075
1978-01-07,115.4,2.3875
1978-01-08,106.3,3.2
1978-01-09,100.3,3.5125
1978-01-10,96.7,3.375
1978-01-11,96.3,1.8375
1978-01-12,95.2,1.0875
1978-01-13,93.4,2.025
1978-01-14,91.6,0.7875
1978-01-15,92.7,0.425
1978-01-16,89.3,2.45
1978-01-17,86.6,1.875
1978-01-18,87.5,2.0875
1978-01-19,88.2,1.75
1978-01-20,89.9,0.7625
1978-01-21,94.4,0.2
1978-01-22,100.0,0.575
1978-01-23,102.8,0.3625
1978-01-24,103.6,1.375
1978-01-25,106.6,2.2375
1978-01-26,116.3,2.425
1978-01-27,120.0,1.2125
1978-01-28,131.6,1.75
1978-01-29,136.3,4.325
1978-01-30,139.1,4.0
1978-01-31,137.3,3.725
1978-02-01,143.3,2.95
1978-02-02,157.2,2.6625
1978-02-03,161.3,2.8625
1978-02-04,158.4,2.35
1978-02-05,163.6,3.1375
1978-02-06,160.6,2.8125
1978-02-07,161.7,1.775
1978-02-08,161.4,2.425
1978-02-09,159.5,2.9125
1978-02-10,152.7,1.9875
1978-02-11,158.3,1.3125
1978-02-12,163.2,2.0875
1978-02-13,155.1,1.9625
1978-02-14,152.2,2.2375
1978-02-15,140.3,3.95
1978-02-16,133.4,2.4625
1978-02-17,129.0,1.9625
1978-02-18,127.8,2.475
1978-02-19,121.9,2.4625
1978-02-20,124.9,2.675
1978-02-21,124.9,2.4875
1978-02-22,130.6,3.4625
1978-02-23,134.6,1.5875
1978-02-24,138.5,1.25
1978-02-25,142.1,2.0125
1978-02-26,137.6,4.4625
1978-02-27,140.2,4.65
1978-02-28,138.0,4.7375
1978-03-01,138.8,4.2125
1978-03-02,143.5,3.85
1978-03-03,149.1,3.0125
1978-03-04,150.8,0.5875
1978-03-05,157.0,1.4875
1978-03-06,165.3,1.45
1978-03-07,167.7,2.1125
1978-03-08,171.1,2.7375
1978-03-09,186.3,2.825
1978-03-10,181.5,2.15
1978-03-11,177.5,1.675
1978-03-12,171.9,0.725
1978-03-13,162.9,2.6625
1978-03-14,162.3,2.3875
1978-03-15,155.9,3.0375
1978-03-16,144.7,3.6625
1978-03-17,136.8,3.7875
1978-03-18,133.5,3.65
1978-03-19,129.1,2.8625
1978-03-20,126.3,2.1625
1978-03-21,119.0,1.75
1978-03-22,117.8,2.575
1978-03-23,117.1,2.5875
1978-03-24,118.2,1.3625
1978-03-25,118.8,0.7
1978-03-26,113.0,4.6875
1978-03-27,114.6,5.6625
1978-03-28,113.0,3.0875
1978-03-29,111.4,2.825
1978-03-30,115.6,2.9625
1978-03-31,124.7,1.8375
1978-04-01,130.1,2.375
1978-04-02,129.9,2.7625
1978-04-03,134.5,4.325
1978-04-04,143.2,4.7
1978-04-05,146.6,3.0375
1978-04-06,145.0,2.225
1978-04-07,146.6,1.2875
1978-04-08,148.2,1.3875
1978-04-09,155.6,1.575
1978-04-10,154.8,3.3
1978-04-11,162.0,5.125
1978-04-12,155.4,3.6375
1978-04-13,144.7,3.4125
1978-04-14,138.3,4.9875
1978-04-15,140.4,3.25
1978-04-16,136.6,1.8625
1978-04-17,132.3,1.6625
1978-04-18,132.9,3.0875
1978-04-19,138.3,4.3375
1978-04-20,136.7,3.375
1978-04-21,137.0,2.2
1978-04-22,144.8,2.05
1978-04-23,161.1,3.5
1978-04-24,157.9,4.875
1978-04-25,157.2,3.0875
1978-04-26,164.6,3.2125
1978-04-27,170.4,3.025
1978-04-28,174.2,2.575
1978-04-29,182.5,1.65
1978-04-30,179.4,4.5125
1978-05-01,178.5,5.625
1978-05-02,180.1,6.0
1978-05-03,179.2,5.9625
1978-05-04,175.4,5.75
1978-05-05,170.8,1.6625
1978-05-06,170.0,1.3375
1978-05-07,159.6,1.8875
1978-05-08,140.7,2.75
1978-05-09,132.6,5.75
1978-05-10,127.0,1.675
1978-05-11,131.2,3.9125
1978-05-12,135.4,3.3375
1978-05-13,137.3,2.05
1978-05-14,140.6,2.2
1978-05-15,143.0,1.4
1978-05-16,144.5,1.7625
1978-05-17,140.6,1.9375
1978-05-18,132.4,1.275
1978-05-19,130.5,1.0875
1978-05-20,129.2,1.725
1978-05-21,129.5,3.1625
1978-05-22,132.4,3.6
1978-05-23,139.3,3.4875
1978-05-24,142.8,3.8
1978-05-25,143.9,2.275
1978-05-26,148.8,1.775
1978-05-27,146.6,1.25
1978-05-28,143.2,1.7625
1978-05-29,144.6,1.575
1978-05-30,143.2,3.05
1978-05-31,148.4,2.2
1978-06-01,144.9,1.975
1978-06-02,142.9,5.2
1978-06-03,127.1,3.8375
1978-06-04,115.3,3.375
1978-06-05,113.5,4.0625
1978-06-06,106.6,1.9625
1978-06-07,107.4,2.5375
1978-06-08,106.1,1.9875
1978-06-09,103.3,1.0
1978-06-10,105.1,3.2625
1978-06-11,109.8,2.7125
1978-06-12,112.9,2.05
1978-06-13,116.6,1.7125
1978-06-14,122.5,1.05
1978-06-15,128.4,1.7125
1978-06-16,135.2,1.675
1978-06-17,144.4,2.325
1978-06-18,148.6,2.5875
1978-06-19,156.8,3.1375
1978-06-20,168.6,2.4625
1978-06-21,179.5,4.2
1978-06-22,184.2,2.9875
1978-06-23,190.4,3.25
1978-06-24,188.6,3.3125
1978-06-25,177.6,3.6375
1978-06-26,176.4,4.875
1978-06-27,173.6,2.95
1978-06-28,168.4,2.65
1978-06-29,161.9,3.0625
1978-06-30,149.5,3.875
1978-07-01,138.2,1.4125
1978-07-02,123.4,1.4625
1978-07-03,112.7,2.0
1978-07-04,113.5,5.3875
1978-07-05,115.0,4.725
1978-07-06,115.4,2.675
1978-07-07,124.7,2.875
1978-07-08,131.4,2.8375
1978-07-09,142.3,1.95
1978-07-10,150.9,2.325
1978-07-11,157.8,1.425
1978-07-12,168.6,1.1125
1978-07-13,160.2,3.2125
1978-07-14,157.9,4.9125
1978-07-15,164.1,1.4
1978-07-16,158.2,1.3375
1978-07-17,154.4,1.4625
1978-07-18,149.2,2.825
1978-07-19,143.9,2.2875
1978-07-20,138.3,1.3625
1978-07-21,135.9,1.6
1978-07-22,123.1,2.0375
1978-07-23,119.6,1.9625
1978-07-24,114.8,1.45
1978-07-25,110.2,1.9625
1978-07-26,108.7,1.475
1978-07-27,107.5,1.0875
1978-07-28,106.6,1.5
1978-07-29,105.9,0.95
1978-07-30,105.9,0.7875
1978-07-31,105.6,0.325
1978-08-01,102.9,1.0
1978-08-02,102.9,0.875
1978-08-03,106.4,3.05
1978-08-04,109.1,3.825
1978-08-05,114.3,3.575
1978-08-06,119.1,3.0125
1978-08-07,124.7,1.7875
1978-08-08,127.0,1.55
1978-08-09,124.6,1.2375
1978-08-10,124.1,1.6
1978-08-11,118.5,2.3
1978-08-12,121.2,3.3375
1978-08-13,131.5,2.7375
1978-08-14,129.3,1.5
1978-08-15,126.7,0.85
1978-08-16,120.6,1.0625
1978-08-17,116.4,2.0375
1978-08-18,112.8,3.1875
1978-08-19,109.0,2.2625
1978-08-20,105.0,0.725
1978-08-21,102.4,1.3
1978-08-22,103.6,1.35
1978-08-23,101.9,1.0125
1978-08-24,103.1,1.0875
1978-08-25,102.0,2.0875
1978-08-26,98.6,0.8875
1978-08-27,105.1,4.075
1978-08-28,105.6,6.45
1978-08-29,113.9,4.4625
1978-08-30,121.8,4.1125
1978-08-31,131.4,4.625
1978-09-01,157.0,3.4125
1978-09-02,168.7,3.3
1978-09-03,164.2,2.55
1978-09-04,171.5,2.0875
1978-09-05,176.6,1.6625
1978-09-06,178.2,2.4875
1978-09-07,174.9,1.5125
1978-09-08,164.6,3.075
1978-09-09,155.4,4.175
1978-09-10,147.7,2.3875
1978-09-11,139.7,2.2
1978-09-12,136.7,2.75
1978-09-13,136.2,1.7
1978-09-14,141.7,1.05
1978-09-15,150.9,0.6625
1978-09-16,159.7,1.5875
1978-09-17,160.2,1.8
1978-09-18,167.8,0.5625
1978-09-19,167.3,0.225
1978-09-20,167.3,1.0375
1978-09-21,171.1,1.925
1978-09-22,170.3,2.575
1978-09-23,164.3,2.5125
1978-09-24,158.0,2.225
1978-09-25,156.4,4.2625
1978-09-26,147.8,4.35
1978-09-27,145.6,4.925
1978-09-28,147.2,4.9375
1978-09-29,147.7,5.85
1978-09-30,142.2,2.375
1978-10-01,138.7,2.7875
1978-10-02,137.7,2.6375
1978-10-03,131.6,1.925
1978-10-04,132.0,3.175
1978-10-05,138.7,1.825
1978-10-06,137.5,1.0125
1978-10-07,141.7,1.125
1978-10-08,150.4,1.3625
1978-10-09,156.3,2.3875
1978-10-10,162.8,2.7
1978-10-11,172.3,1.375
1978-10-12,177.9,2.5375
1978-10-13,179.4,1.9875
1978-10-14,181.0,1.2125
1978-10-15,183.1,1.2375
1978-10-16,177.9,1.0
1978-10-17,172.7,1.25
1978-10-18,170.8,4.15
1978-10-19,171.8,3.5875
1978-10-20,172.6,2.2625
1978-10-21,168.4,2.6125
1978-10-22,163.0,2.2125
1978-10-23,163.0,1.4125
1978-10-24,158.6,1.275
1978-10-25,158.0,1.6375
1978-10-26,156.3,2.925
1978-10-27,152.7,3.3625
1978-10-28,150.4,2.7125
1978-10-29,151.9,3.0375
1978-10-30,148.6,3.725
1978-10-31,146.2,3.425
1978-11-01,154.3,2.65
1978-11-02,161.6,2.2875
1978-11-03,172.7,2.6375
1978-11-04,180.5,1.375
1978-11-05,184.3,1.4125
1978-11-06,175.4,0.55
1978-11-07,177.8,1.2125
1978-11-08,171.3,2.7125
1978-11-09,168.1,1.8
1978-11-10,169.7,2.325
1978-11-11,167.0,2.125
1978-11-12,153.6,5.0875
1978-11-13,148.4,3.4
1978-11-14,139.2,1.8375
1978-11-15,136.8,1.95
1978-11-16,131.7,1.675
1978-11-17,131.1,1.575
1978-11-18,130.4,1.3375
1978-11-19,132.1,2.6
1978-11-20,138.2,3.575
1978-11-21,129.1,2.9625
1978-11-22,130.4,3.875
1978-11-23,125.0,2.3875
1978-11-24,126.8,3.0875
1978-11-25,128.0,5.1625
1978-11-26,136.2,4.2875
1978-11-27,148.4,3.2125
1978-11-28,158.4,1.2625
1978-11-29,166.7,1.1125
1978-11-30,172.6,1.2875
1978-12-01,171.4,2.25
1978-12-02,172.4,0.7
1978-12-03,169.1,1.2625
1978-12-04,170.2,2.625
1978-12-05,174.6,2.0875
1978-12-06,169.4,1.325
1978-12-07,184.0,0.45
1978-12-08,195.8,0.85
1978-12-09,195.5,0.575
1978-12-10,211.0,0.1625
1978-12-11,217.2,0.1625
1978-12-12,224.3,1.05
1978-12-13,217.3,1.45
1978-12-14,203.3,3.6625
1978-12-15,198.9,3.7
1978-12-16,186.5,2.8375
1978-12-17,183.6,2.15
1978-12-18,166.8,4.9125
1978-12-19,158.0,3.75
1978-12-20,142.7,3.9125
1978-12-21,136.5,2.5875
1978-12-22,137.1,3.25
1978-12-23,138.0,1.6875
1978-12-24,139.8,1.375
1978-12-25,142.7,3.0875
1978-12-26,149.1,2.125
1978-12-27,153.8,2.575
1978-12-28,169.7,2.4125
1978-12-29,171.9,3.0875
1978-12-30,187.9,3.8875
1978-12-31,201.8,3.225
1979-01-01,200.7,2.0875
1979-01-02,206.9,3.125
1979-01-03,210.4,3.325
1979-01-04,199.3,4.8375
1979-01-05,201.6,3.4125
1979-01-06,197.4,3.15
1979-01-07,192.6,3.525
1979-01-08,206.9,1.95
1979-01-09,199.2,2.8375
1979-01-10,192.6,0.95
1979-01-11,185.6,1.125
1979-01-12,180.5,2.2875
1979-01-13,200.5,1.05
1979-01-14,206.8,1.7875
1979-01-15,198.7,2.8375
1979-01-16,196.2,2.4375
1979-01-17,181.5,1.6625
1979-01-18,183.5,2.5
1979-01-19,194.0,3.1625
1979-01-20,203.7,2.5375
1979-01-21,217.3,2.5125
1979-01-22,234.2,2.2
1979-01-23,232.3,3.7375
1979-01-24,215.2,3.35
1979-01-25,212.7,4.225
1979-01-26,199.1,3.9
1979-01-27,211.8,3.55
1979-01-28,216.1,2.7375
1979-01-29,215.8,2.7875
1979-01-30,200.1,3.1125
1979-01-31,199.5,2.725
1979-02-01,191.4,1.6625
1979-02-02,191.1,2.3125
1979-02-03,193.0,1.8625
1979-02-04,193.1,3.325
1979-02-05,203.1,2.0
1979-02-06,212.4,2.9625
1979-02-07,209.0,1.6375
1979-02-08,213.0,2.2
1979-02-09,204.2,2.25
1979-02-10,203.7,1.675
1979-02-11,207.6,2.425
1979-02-12,200.6,2.925
1979-02-13,200.4,0.525
1979-02-14,209.4,0.55
1979-02-15,210.3,2.3375
1979-02-16,214.3,1.6125
1979-02-17,218.3,1.2
1979-02-18,243.3,3.4125
1979-02-19,243.4,2.9125
1979-02-20,235.3,1.5625
1979-02-21,230.2,5.1125
1979-02-22,228.3,4.25
1979-02-23,200.2,4.125
1979-02-24,186.7,3.2
1979-02-25,170.9,2.8
1979-02-26,169.4,3.5875
1979-02-27,165.9,3.5
1979-02-28,166.8,3.1
1979-03-01,171.6,2.65
1979-03-02,173.7,3.425
1979-03-03,176.3,2.675
1979-03-04,184.4,3.8625
1979-03-05,183.0,2.625
1979-03-06,185.2,4.125
1979-03-07,185.9,1.5375
1979-03-08,181.4,1.75
1979-03-09,184.0,2.7875
1979-03-10,183.0,4.9875
1979-03-11,184.1,2.825
1979-03-12,191.0,1.4125
1979-03-13,188.6,1.6625
1979-03-14,191.5,0.575
1979-03-15,183.3,1.8
1979-03-16,185.4,2.45
1979-03-17,179.5,3.2625
1979-03-18,190.3,1.6625
1979-03-19,179.0,2.2
1979-03-20,185.6,1.575
1979-03-21,183.5,1.1625
1979-03-22,182.4,3.9
1979-03-23,189.6,2.575
1979-03-24,189.4,2.9125
1979-03-25,189.1,3.525
1979-03-26,201.0,3.8875
1979-03-27,188.7,3.1625
1979-03-28,189.2,4.4625
1979-03-29,192.0,5.5875
1979-03-30,187.0,2.6625
1979-03-31,201.8,3.075
1979-04-01,202.8,4.025
1979-04-02,203.6,4.2625
1979-04-03,194.2,4.175
1979-04-04,183.3,4.2875
1979-04-05,179.1,4.8
1979-04-06,175.9,2.625
1979-04-07,166.4,2.575
1979-04-08,168.5,2.575
1979-04-09,169.1,1.875
1979-04-10,172.3,2.5
1979-04-11,169.2,1.4875
1979-04-12,173.6,2.95
1979-04-13,174.8,2.525
1979-04-14,169.9,2.8875
1979-04-15,166.9,3.1625
1979-04-16,170.5,2.875
1979-04-17,166.7,2.4625
1979-04-18,157.3,1.575
1979-04-19,158.0,1.45
1979-04-20,154.6,0.4625
1979-04-21,159.9,3.125
1979-04-22,158.0,4.8375
1979-04-23,160.5,3.4875
1979-04-24,160.0,2.775
1979-04-25,170.5,6.725
1979-04-26,179.7,2.375
1979-04-27,192.4,3.7875
1979-04-28,189.4,4.1625
1979-04-29,183.0,4.9
1979-04-30,182.5,3.775
1979-05-01,177.6,3.15
1979-05-02,176.4,2.675
1979-05-03,161.6,1.7125
1979-05-04,173.1,1.6625
1979-05-05,166.6,1.825
1979-05-06,168.1,1.5375
1979-05-07,174.7,2.375
1979-05-08,179.0,1.9125
1979-05-09,177.9,2.7375
1979-05-10,171.3,1.7125
1979-05-11,175.1,3.325
1979-05-12,180.4,2.2875
1979-05-13,182.8,2.0375
1979-05-14,178.1,2.4875
1979-05-15,178.0,2.5625
1979-05-16,172.4,1.4125
1979-05-17,183.5,0.8
1979-05-18,167.3,2.125
1979-05-19,157.7,3.725
1979-05-20,152.0,2.7
1979-05-21,151.9,2.475
1979-05-22,152.7,4.375
1979-05-23,152.0,2.0875
1979-05-24,155.2,3.9125
1979-05-25,149.4,4.325
1979-05-26,145.2,3.7875
1979-05-27,145.5,3.175
1979-05-28,145.3,2.2875
1979-05-29,146.1,2.8375
1979-05-30,154.1,2.1
1979-05-31,170.1,1.375
1979-06-01,184.2,1.175
1979-06-02,201.0,1.475
1979-06-03,210.0,0.9875
1979-06-04,222.4,1.5875
1979-06-05,223.5,1.0125
1979-06-06,231.2,3.175
1979-06-07,231.2,3.75
1979-06-08,235.6,2.85
1979-06-09,240.0,3.0
1979-06-10,232.7,2.8625
1979-06-11,222.7,2.375
1979-06-12,202.0,1.675
1979-06-13,187.7,1.825
1979-06-14,179.9,1.875
1979-06-15,170.5,2.25
1979-06-16,162.3,3.05
1979-06-17,153.2,2.825
1979-06-18,147.7,1.5375
1979-06-19,141.5,1.6125
1979-06-20,146.7,1.9625
1979-06-21,144.1,2.9125
1979-06-22,136.6,3.575
1979-06-23,134.6,3.3125
1979-06-24,136.7,2.25
1979-06-25,143.1,2.125
1979-06-26,148.6,2.825
1979-06-27,153.3,2.2125
1979-06-28,153.9,1.05
1979-06-29,161.4,1.6
1979-06-30,170.9,2.225
1979-07-01,180.2,1.8375
1979-07-02,194.3,0.9625
1979-07-03,206.4,2.5875
1979-07-04,210.9,1.9125
1979-07-05,197.8,2.2
1979-07-06,204.4,3.0875
1979-07-07,200.4,3.6875
1979-07-08,199.9,2.3125
1979-07-09,191.4,1.4875
1979-07-10,179.8,1.4625
1979-07-11,172.7,1.0375
1979-07-12,164.7,2.0
1979-07-13,156.2,2.8875
1979-07-14,149.8,2.5
1979-07-15,146.3,2.975
1979-07-16,139.0,2.4875
1979-07-17,138.1,2.825
1979-07-18,136.7,2.9625
1979-07-19,139.0,2.375
1979-07-20,141.9,3.0375
1979-07-21,139.2,2.3
1979-07-22,150.9,1.5125
1979-07-23,158.0,1.4875
1979-07-24,163.4,1.425
1979-07-25,159.4,0.75
1979-07-26,160.5,2.2625
1979-07-27,154.3,3.4125
1979-07-28,153.3,1.9625
1979-07-29,152.0,3.625
1979-07-30,155.5,2.2125
1979-07-31,148.0,0.525
1979-08-01,144.8,2.5125
1979-08-02,139.7,2.325
1979-08-03,140.9,2.2875
1979-08-04,137.7,3.0375
1979-08-05,137.6,1.875
1979-08-06,145.3,3.2
1979-08-07,147.0,2.4125
1979-08-08,148.5,2.0125
1979-08-09,153.0,1.7375
1979-08-10,148.1,1.8
1979-08-11,150.3,2.2375
1979-08-12,141.0,2.9625
1979-08-13,151.9,5.0875
1979-08-14,154.2,1.8375
1979-08-15,163.4,1.1625
1979-08-16,160.8,1.325
1979-08-17,161.8,1.75
1979-08-18,175.6,1.9875
1979-08-19,182.0,4.3
1979-08-20,199.4,4.1625
1979-08-21,202.9,3.5
1979-08-22,218.2,2.675
1979-08-23,213.9,1.25
1979-08-24,220.4,2.2625
1979-08-25,224.4,3.425
1979-08-26,218.7,2.875
1979-08-27,208.4,2.5375
1979-08-28,210.0,2.3375
1979-08-29,193.7,5.5875
1979-08-30,184.3,2.6375
1979-08-31,176.5,2.4625
1979-09-01,172.7,2.0
1979-09-02,176.9,1.4125
1979-09-03,177.8,2.1875
1979-09-04,172.4,2.375
1979-09-05,174.3,3.2125
1979-09-06,177.6,2.7125
1979-09-07,183.5,1.3
1979-09-08,180.9,1.625
1979-09-09,184.8,1.2875
1979-09-10,182.1,2.1625
1979-09-11,179.2,2.75
1979-09-12,179.4,1.8
1979-09-13,183.7,1.8625
1979-09-14,190.1,1.9375
1979-09-15,191.7,2.05
1979-09-16,194.2,2.9
1979-09-17,200.7,2.425
1979-09-18,213.8,5.2125
1979-09-19,216.2,1.5875
1979-09-20,212.2,3.25
1979-09-21,216.7,3.375
1979-09-22,215.0,1.625
1979-09-23,222.6,1.7125
1979-09-24,229.3,2.825
1979-09-25,234.3,3.2
1979-09-26,228.8,3.4125
1979-09-27,227.8,2.8375
1979-09-28,232.9,3.0375
1979-09-29,224.3,2.9375
1979-09-30,231.2,3.175
1979-10-01,212.4,2.175
1979-10-02,211.3,1.575
1979-10-03,204.5,2.5375
1979-10-04,197.7,1.6625
1979-10-05,192.8,1.375
1979-10-06,195.7,4.1375
1979-10-07,197.2,4.25
1979-10-08,200.7,4.5125
1979-10-09,210.1,3.625
1979-10-10,209.3,3.125
1979-10-11,212.7,2.1375
1979-10-12,217.3,1.925
1979-10-13,240.3,2.675
1979-10-14,237.6,1.55
1979-10-15,232.1,1.7375
1979-10-16,233.9,1.875
1979-10-17,227.6,1.1375
1979-10-18,238.7,0.6625
1979-10-19,239.2,1.25
1979-10-20,238.8,1.6625
1979-10-21,232.2,2.3375
1979-10-22,224.1,2.75
1979-10-23,217.1,1.75
1979-10-24,228.1,2.5375
1979-10-25,217.8,2.7875
1979-10-26,205.4,1.9625
1979-10-27,214.0,1.5125
1979-10-28,212.8,2.1375
1979-10-29,217.8,2.325
1979-10-30,216.7,1.15
1979-10-31,218.2,1.4125
1979-11-01,214.8,3.0375
1979-11-02,212.9,2.55
1979-11-03,210.9,2.1125
1979-11-04,217.9,2.25
1979-11-05,239.6,0.5375
1979-11-06,278.2,0.7
1979-11-07,292.2,2.4125
1979-11-08,316.1,2.725
1979-11-09,320.5,3.1125
1979-11-10,374.5,1.6625
1979-11-11,332.3,2.3375
1979-11-12,300.7,1.9
1979-11-13,278.5,4.4125
1979-11-14,261.9,1.875
1979-11-15,245.1,0.7875
1979-11-16,235.8,2.5875
1979-11-17,237.3,1.875
1979-11-18,237.4,1.0375
1979-11-19,220.1,1.6625
1979-11-20,211.0,2.2
1979-11-21,194.5,1.5
1979-11-22,187.2,0.5375
1979-11-23,187.9,1.0
1979-11-24,179.9,3.7625
1979-11-25,170.2,2.4125
1979-11-26,165.9,0.9875
1979-11-27,160.0,1.0875
1979-11-28,154.3,0.3625
1979-11-29,158.3,1.0
1979-11-30,156.6,2.625
1979-12-01,166.6,2.175
1979-12-02,177.0,2.375
1979-12-03,200.9,1.9
1979-12-04,227.6,3.0375
1979-12-05,230.1,1.8625
1979-12-06,230.1,1.4125
1979-12-07,229.5,1.05
1979-12-08,236.0,2.2875
1979-12-09,239.6,1.875
1979-12-10,237.4,1.3375
1979-12-11,238.0,1.25
1979-12-12,239.7,1.05
1979-12-13,239.1,0.875
1979-12-14,245.9,1.1625
1979-12-15,239.2,2.1375
1979-12-16,223.5,2.375
1979-12-17,208.9,2.7125
1979-12-18,193.6,1.8
1979-12-19,189.1,1.625
1979-12-20,186.8,1.125
1979-12-21,182.5,0.95
1979-12-22,181.1,2.8625
1979-12-23,174.4,0.8
1979-12-24,165.7,1.7
1979-12-25,167.5,0.4875
1979-12-26,165.2,2.2125
1979-12-27,158.8,2.4125
1979-12-28,168.7,2.8375
1979-12-29,179.9,4.2125
1979-12-30,191.8,3.4125
1979-12-31,195.3,1.9875
1980-01-01,195.6,3.475
1980-01-02,206.7,2.4875
1980-01-03,219.1,3.175
1980-01-04,219.7,3.1125
1980-01-05,214.8,2.6375
1980-01-06,229.7,1.9875
1980-01-07,235.8,1.1625
1980-01-08,235.9,1.5
1980-01-09,249.1,0.675
1980-01-10,261.6,0.7
1980-01-11,264.4,2.4
1980-01-12,253.5,1.125
1980-01-13,229.2,3.375
1980-01-14,210.8,2.175
1980-01-15,206.8,1.45
1980-01-16,194.8,1.6
1980-01-17,193.1,2.4875
1980-01-18,183.4,1.0375
1980-01-19,169.8,1.0125
1980-01-20,161.7,1.55
1980-01-21,158.5,1.3875
1980-01-22,163.3,1.25
1980-01-23,172.0,1.2125
1980-01-24,176.6,1.25
1980-01-25,176.8,1.625
1980-01-26,184.5,1.5375
1980-01-27,196.5,3.575
1980-01-28,200.0,3.7
1980-01-29,203.1,3.675
1980-01-30,204.0,2.2375
1980-01-31,220.3,1.3375
1980-02-01,218.9,2.2125
1980-02-02,224.4,1.9875
1980-02-03,232.4,0.7125
1980-02-04,238.4,0.95
1980-02-05,225.2,0.7125
1980-02-06,228.1,3.825
1980-02-07,230.1,2.6125
1980-02-08,224.8,3.125
1980-02-09,214.0,2.55
1980-02-10,210.1,0.8875
1980-02-11,219.4,1.025
1980-02-12,219.4,0.6125
1980-02-13,223.5,0.55
1980-02-14,206.2,3.0
1980-02-15,206.4,3.425
1980-02-16,205.1,4.2875
1980-02-17,187.3,1.5
1980-02-18,184.2,2.3875
1980-02-19,181.5,1.7
1980-02-20,178.6,1.5375
1980-02-21,173.4,1.1375
1980-02-22,171.1,1.05
1980-02-23,163.5,2.025
1980-02-24,160.6,1.6375
1980-02-25,169.1,2.3625
1980-02-26,172.4,2.75
1980-02-27,176.6,2.8625
1980-02-28,175.0,2.275
1980-02-29,179.9,1.775
1980-03-01,178.9,0.775
1980-03-02,175.9,0.5375
1980-03-03,173.1,1.0875
1980-03-04,175.5,1.2375
1980-03-05,174.6,1.6
1980-03-06,172.0,2.2
1980-03-07,168.8,1.7875
1980-03-08,167.2,1.6875
1980-03-09,163.6,1.825
1980-03-10,155.9,1.0875
1980-03-11,149.7,1.0875
1980-03-12,140.3,0.2875
1980-03-13,146.4,1.625
1980-03-14,142.8,1.25
1980-03-15,140.8,0.3125
1980-03-16,138.7,1.1875
1980-03-17,144.3,1.325
1980-03-18,148.7,0.8875
1980-03-19,163.6,2.0
1980-03-20,163.4,1.1625
1980-03-21,163.5,3.2125
1980-03-22,163.6,3.0375
1980-03-23,173.4,1.2875
1980-03-24,173.4,1.0875
1980-03-25,183.4,1.3375
1980-03-26,185.9,3.9625
1980-03-27,196.1,1.7125
1980-03-28,204.1,1.75
1980-03-29,200.5,1.95
1980-03-30,194.7,2.3
1980-03-31,187.6,3.4625
1980-04-01,182.1,0.9125
1980-04-02,181.3,0.725
1980-04-03,176.1,1.8375
1980-04-04,184.1,2.2
1980-04-05,209.5,1.625
1980-04-06,237.9,3.4
1980-04-07,235.6,3.1375
1980-04-08,241.0,3.1
1980-04-09,244.0,3.25
1980-04-10,248.0,3.375
1980-04-11,248.7,3.875
1980-04-12,244.4,3.9
1980-04-13,231.4,3.1375
1980-04-14,225.0,2.0
1980-04-15,204.7,3.4125
1980-04-16,191.1,2.5375
1980-04-17,190.4,2.375
1980-04-18,199.6,1.1
1980-04-19,212.6,1.2125
1980-04-20,213.7,1.5
1980-04-21,205.6,1.2125
1980-04-22,197.0,2.05
1980-04-23,184.2,1.6
1980-04-24,184.1,1.675
1980-04-25,183.7,2.05
1980-04-26,184.2,1.2375
1980-04-27,197.8,1.1625
1980-04-28,200.9,1.175
1980-04-29,200.5,1.5
1980-04-30,197.9,2.05
1980-05-01,215.1,1.9625
1980-05-02,219.5,1.075
1980-05-03,217.5,0.7125
1980-05-04,219.4,1.0875
1980-05-05,218.0,1.7125
1980-05-06,199.9,2.6875
1980-05-07,199.6,1.8875
1980-05-08,196.5,1.6375
1980-05-09,190.0,3.2
1980-05-10,187.4,1.85
1980-05-11,187.6,4.25
1980-05-12,185.6,3.5125
1980-05-13,188.9,2.5125
1980-05-14,198.5,3.025
1980-05-15,195.5,1.425
1980-05-16,198.3,0.6875
1980-05-17,202.8,0.675
1980-05-18,209.3,0.9625
1980-05-19,228.7,1.8
1980-05-20,239.0,1.2
1980-05-21,246.4,0.95
1980-05-22,269.9,1.6625
1980-05-23,282.2,2.25
1980-05-24,282.8,2.4625
1980-05-25,285.4,3.7875
1980-05-26,276.7,1.725
1980-05-27,273.8,1.725
1980-05-28,273.4,1.075
1980-05-29,245.4,1.25
1980-05-30,216.6,2.3875
1980-05-31,195.1,2.925
1980-06-01,185.8,3.5875
1980-06-02,178.8,1.6125
1980-06-03,173.8,2.2125
1980-06-04,176.4,1.3875
1980-06-05,173.2,0.8875
1980-06-06,167.4,2.6125
1980-06-07,160.9,3.9625
1980-06-08,167.4,3.4625
1980-06-09,169.1,2.575
1980-06-10,170.8,4.2875
1980-06-11,177.4,5.1625
1980-06-12,183.6,4.225
1980-06-13,180.7,3.95
1980-06-14,182.9,2.25
1980-06-15,180.6,1.225
1980-06-16,187.3,2.0375
1980-06-17,191.3,0.6125
1980-06-18,201.0,0.7625
1980-06-19,212.8,1.85
1980-06-20,220.6,1.4875
1980-06-21,220.7,1.575
1980-06-22,242.0,1.6625
1980-06-23,243.5,1.5375
1980-06-24,238.0,2.7625
1980-06-25,231.2,2.05
1980-06-26,218.9,2.825
1980-06-27,205.6,0.575
1980-06-28,193.1,0.7625
1980-06-29,182.6,1.2
1980-06-30,177.4,2.0
1980-07-01,154.7,1.25
1980-07-02,149.8,0.7375
1980-07-03,142.8,1.0375
1980-07-04,141.9,1.7125
1980-07-05,147.5,2.9625
1980-07-06,145.2,2.2875
1980-07-07,147.5,2.7125
1980-07-08,147.8,2.7125
1980-07-09,150.1,1.9625
1980-07-10,157.0,0.95
1980-07-11,167.6,2.2125
1980-07-12,172.3,1.2875
1980-07-13,190.5,2.075
1980-07-14,203.0,2.15
1980-07-15,211.4,1.625
1980-07-16,227.9,1.5875
1980-07-17,242.2,1.675
1980-07-18,241.8,3.175
1980-07-19,247.0,2.575
1980-07-20,249.8,2.0
1980-07-21,246.1,2.7125
1980-07-22,241.0,1.0875
1980-07-23,227.8,1.1125
1980-07-24,215.3,1.6125
1980-07-25,200.0,3.8375
1980-07-26,191.3,3.5
1980-07-27,182.7,2.9375
1980-07-28,164.4,2.8375
1980-07-29,150.6,1.55
1980-07-30,139.0,1.95
1980-07-31,132.5,1.55
1980-08-01,128.1,1.05
1980-08-02,128.0,1.625
1980-08-03,129.3,3.2375
1980-08-04,127.2,1.8625
1980-08-05,128.9,1.1125
1980-08-06,139.2,3.375
1980-08-07,138.4,2.425
1980-08-08,142.4,1.05
1980-08-09,152.2,2.0375
1980-08-10,168.9,2.2
1980-08-11,179.3,1.9125
1980-08-12,184.6,1.7375
1980-08-13,188.4,1.5
1980-08-14,186.8,1.5375
1980-08-15,187.0,1.425
1980-08-16,190.9,2.8625
1980-08-17,192.9,2.25
1980-08-18,199.3,3.0375
1980-08-19,196.7,3.75
1980-08-20,188.5,2.3
1980-08-21,189.7,1.8
1980-08-22,174.3,2.3875
1980-08-23,170.4,1.1625
1980-08-24,160.8,1.125
1980-08-25,150.5,1.1125
1980-08-26,151.4,2.4875
1980-08-27,156.0,3.4125
1980-08-28,165.0,1.075
1980-08-29,175.0,0.9375
1980-08-30,187.8,1.7
1980-08-31,195.0,1.8375
1980-09-01,209.4,1.6625
1980-09-02,220.5,1.125
1980-09-03,228.2,2.2
1980-09-04,221.3,2.45
1980-09-05,212.2,2.3875
1980-09-06,207.6,2.175
1980-09-07,209.9,2.1625
1980-09-08,197.9,1.9875
1980-09-09,187.1,2.5375
1980-09-10,186.1,1.125
1980-09-11,185.7,1.5875
1980-09-12,176.6,3.1625
1980-09-13,169.7,2.9625
1980-09-14,161.3,1.875
1980-09-15,152.1,2.0875
1980-09-16,157.9,1.8375
1980-09-17,156.4,2.75
1980-09-18,153.0,1.1125
1980-09-19,158.7,1.3875
1980-09-20,166.2,1.6625
1980-09-21,158.3,0.3625
1980-09-22,177.4,1.925
1980-09-23,187.4,1.2625
1980-09-24,190.2,0.9375
1980-09-25,182.9,1.725
1980-09-26,183.4,1.2125
1980-09-27,182.5,1.6875
1980-09-28,184.5,1.7125
1980-09-29,177.7,1.9125
1980-09-30,173.6,1.2
1980-10-01,170.8,0.5875
1980-10-02,167.7,1.2
1980-10-03,173.9,1.175
1980-10-04,175.2,3.825
1980-10-05,182.6,3.55
1980-10-06,185.5,2.8375
1980-10-07,198.9,2.625
1980-10-08,212.5,2.6375
1980-10-09,224.1,3.05
1980-10-10,233.4,3.2125
1980-10-11,241.7,4.2
1980-10-12,248.8,2.4125
1980-10-13,254.6,1.45
1980-10-14,252.4,2.3
1980-10-15,238.4,2.9125
1980-10-16,216.4,0.75
1980-10-17,202.5,1.3875
1980-10-18,202.2,3.4375
1980-10-19,204.9,2.5
1980-10-20,202.3,0.9875
1980-10-21,206.1,1.9875
1980-10-22,207.4,3.425
1980-10-23,198.1,4.625
1980-10-24,194.6,2.7875
1980-10-25,185.1,3.7
1980-10-26,182.5,2.375
1980-10-27,179.5,0.7125
1980-10-28,180.5,0.325
1980-10-29,189.0,0.675
1980-10-30,204.7,2.2
1980-10-31,214.7,4.025
1980-11-01,229.7,3.0125
1980-11-02,238.0,2.4375
1980-11-03,245.5,1.375
1980-11-04,254.2,2.3375
1980-11-05,267.9,1.325
1980-11-06,278.9,1.625
1980-11-07,277.7,1.5
1980-11-08,271.4,1.5625
1980-11-09,260.3,2.0
1980-11-10,262.4,2.7125
1980-11-11,261.2,3.7
1980-11-12,238.2,2.4625
1980-11-13,231.7,1.5375
1980-11-14,223.5,2.2125
1980-11-15,209.8,3.6375
1980-11-16,195.4,3.0625
1980-11-17,185.9,2.4125
1980-11-18,179.0,3.1375
1980-11-19,176.6,3.2
1980-11-20,165.6,3.1625
1980-11-21,165.8,2.5875
1980-11-22,175.8,2.0
1980-11-23,171.5,2.1
1980-11-24,179.6,2.575
1980-11-25,181.1,3.1
1980-11-26,194.7,3.4625
1980-11-27,190.4,3.3875
1980-11-28,196.7,3.5875
1980-11-29,211.8,3.075
1980-11-30,222.5,3.5875
1980-12-01,229.4,2.7875
1980-12-02,219.4,1.7875
1980-12-03,203.8,3.5875
1980-12-04,205.4,1.9625
1980-12-05,192.0,0.825
1980-12-06,176.1,0.8375
1980-12-07,181.9,1.55
1980-12-08,174.5,2.0375
1980-12-09,180.5,2.3375
1980-12-10,186.1,2.325
1980-12-11,210.0,2.8625
1980-12-12,248.2,2.7875
1980-12-13,252.0,1.4125
1980-12-14,261.3,1.825
1980-12-15,274.7,2.45
1980-12-16,282.0,2.9875
1980-12-17,263.2,1.25
1980-12-18,263.5,2.7875
1980-12-19,246.4,5.425
1980-12-20,243.7,3.5
1980-12-21,232.2,3.8375
1980-12-22,238.8,2.4625
1980-12-23,233.7,1.4125
1980-12-24,231.2,0.55
1980-12-25,228.2,1.7875
1980-12-26,227.6,1.5
1980-12-27,277.8,2.175
1980-12-28,239.4,0.9625
1980-12-29,224.6,2.0375
1980-12-30,217.1,2.4375
1980-12-31,205.8,2.875
1981-01-01,196.2,2.6625
1981-01-02,187.6,2.075
1981-01-03,179.0,2.225
1981-01-04,172.5,2.7875
1981-01-05,167.3,2.25
1981-01-06,162.8,2.2125
1981-01-07,174.4,1.575
1981-01-08,175.0,2.5125
1981-01-09,172.7,1.375
1981-01-10,170.2,1.875
1981-01-11,166.0,3.3
1981-01-12,161.9,0.95
1981-01-13,163.5,1.675
1981-01-14,159.2,1.35
1981-01-15,154.9,1.925
1981-01-16,157.5,2.4625
1981-01-17,160.4,2.0
1981-01-18,166.3,0.9125
1981-01-19,170.9,0.675
1981-01-20,165.2,1.0875
1981-01-21,161.8,0.5875
1981-01-22,161.4,2.1375
1981-01-23,161.8,1.95
1981-01-24,162.3,2.1125
1981-01-25,174.6,1.8625
1981-01-26,180.2,1.85
1981-01-27,181.2,1.95
1981-01-28,203.3,3.025
1981-01-29,210.5,2.95
1981-01-30,215.6,1.9125
1981-01-31,215.3,3.3625
1981-02-01,213.5,2.8625
1981-02-02,216.4,3.55
1981-02-03,211.5,2.75
1981-02-04,203.2,1.95
1981-02-05,193.2,3.7375
1981-02-06,190.7,4.4125
1981-02-07,185.5,2.45
1981-02-08,184.1,2.075
1981-02-09,181.6,3.0
1981-02-10,190.1,0.7
1981-02-11,191.4,2.0
1981-02-12,195.7,2.325
1981-02-13,202.9,1.75
1981-02-14,205.4,0.625
1981-02-15,198.5,1.875
1981-02-16,191.5,2.2875
1981-02-17,192.7,1.5375
1981-02-18,194.7,1.3875
1981-02-19,183.0,1.6375
1981-02-20,192.5,1.8625
1981-02-21,194.2,1.3125
1981-02-22,204.0,1.125
1981-02-23,222.6,2.325
1981-02-24,236.5,3.175
1981-02-25,238.6,3.8
1981-02-26,243.4,3.875
1981-02-27,240.0,3.5375
1981-02-28,229.3,2.5
1981-03-01,228.5,3.8875
1981-03-02,234.6,3.5875
1981-03-03,243.0,1.7875
1981-03-04,249.6,2.3
1981-03-05,231.0,5.4875
1981-03-06,215.9,2.4125
1981-03-07,204.5,3.3375
1981-03-08,203.4,2.125
1981-03-09,205.8,0.9625
1981-03-10,205.8,1.925
1981-03-11,202.3,1.7
1981-03-12,191.1,2.2375
1981-03-13,204.6,3.825
1981-03-14,211.2,4.675
1981-03-15,208.6,3.2875
1981-03-16,196.9,2.8
1981-03-17,183.3,3.2
1981-03-18,181.6,3.375
1981-03-19,176.5,2.2375
1981-03-20,184.2,1.95
1981-03-21,190.8,1.6125
1981-03-22,190.7,1.175
1981-03-23,189.1,0.8625
1981-03-24,192.6,0.9625
1981-03-25,200.3,4.325
1981-03-26,199.4,3.8625
1981-03-27,198.4,2.8
1981-03-28,204.3,2.725
1981-03-29,213.0,3.175
1981-03-30,208.6,2.9125
1981-03-31,214.4,3.775
1981-04-01,211.0,3.6625
1981-04-02,211.4,2.325
1981-04-03,221.2,2.775
1981-04-04,219.5,2.425
1981-04-05,226.0,1.05
1981-04-06,235.2,2.25
1981-04-07,241.8,2.175
1981-04-08,268.0,2.3375
1981-04-09,286.8,1.675
1981-04-10,267.7,1.875
1981-04-11,270.7,3.7625
1981-04-12,250.6,6.25
1981-04-13,253.4,6.55
1981-04-14,255.0,3.625
1981-04-15,253.1,2.0125
1981-04-16,245.8,2.625
1981-04-17,240.8,3.2875
1981-04-18,227.2,2.5625
1981-04-19,213.0,4.5875
1981-04-20,198.9,5.075
1981-04-21,194.2,4.7
1981-04-22,189.4,4.25
1981-04-23,202.7,4.2125
1981-04-24,200.6,3.475
1981-04-25,201.4,3.3875
1981-04-26,196.2,5.1625
1981-04-27,192.0,4.6375
1981-04-28,175.7,2.5875
1981-04-29,174.3,3.25
1981-04-30,172.7,1.825
1981-05-01,185.0,2.925
1981-05-02,190.4,1.7875
1981-05-03,203.0,1.375
1981-05-04,217.5,1.0375
1981-05-05,233.3,0.975
1981-05-06,227.1,1.3
1981-05-07,229.8,1.2625
1981-05-08,218.3,2.3375
1981-05-09,214.5,4.1875
1981-05-10,213.4,3.5875
1981-05-11,223.6,5.0
1981-05-12,218.8,2.6625
1981-05-13,216.7,1.9625
1981-05-14,227.5,3.1375
1981-05-15,219.1,5.0
1981-05-16,214.0,5.25
1981-05-17,202.9,2.3375
1981-05-18,189.8,4.9625
1981-05-19,182.2,3.2125
1981-05-20,175.8,4.575
1981-05-21,176.0,2.5
1981-05-22,165.2,1.75
1981-05-23,155.6,3.1625
1981-05-24,165.5,3.275
1981-05-25,172.7,4.3
1981-05-26,169.2,1.8
1981-05-27,172.3,1.425
1981-05-28,176.5,2.4875
1981-05-29,166.0,1.5375
1981-05-30,160.1,1.75
1981-05-31,151.8,2.0875
1981-06-01,145.4,1.875
1981-06-02,140.2,1.8875
1981-06-03,131.1,2.9625
1981-06-04,130.0,1.25
1981-06-05,132.0,1.4875
1981-06-06,136.5,2.5875
1981-06-07,142.4,4.9125
1981-06-08,142.4,2.775
1981-06-09,148.2,1.1375
1981-06-10,152.4,1.125
1981-06-11,150.1,1.6375
1981-06-12,147.4,0.95
1981-06-13,147.9,1.225
1981-06-14,154.2,0.95
1981-06-15,159.6,2.5125
1981-06-16,163.9,3.5
1981-06-17,165.9,2.0375
1981-06-18,164.7,2.3625
1981-06-19,160.6,2.275
1981-06-20,154.7,2.3875
1981-06-21,148.7,1.85
1981-06-22,160.8,1.075
1981-06-23,165.7,1.2125
1981-06-24,169.0,2.4125
1981-06-25,177.7,2.75
1981-06-26,187.5,2.825
1981-06-27,187.0,2.45
1981-06-28,185.3,2.2375
1981-06-29,181.3,3.625
1981-06-30,173.1,2.7
1981-07-01,169.6,3.175
1981-07-02,163.3,3.5125
1981-07-03,157.9,1.925
1981-07-04,160.4,1.95
1981-07-05,147.5,2.6875
1981-07-06,143.8,3.3375
1981-07-07,144.9,2.875
1981-07-08,147.4,1.9375
1981-07-09,145.1,1.7625
1981-07-10,151.4,1.0875
1981-07-11,161.9,2.55
1981-07-12,162.3,3.4625
1981-07-13,168.6,2.2625
1981-07-14,178.3,1.7125
1981-07-15,188.3,0.8375
1981-07-16,198.7,2.0375
1981-07-17,194.4,3.6875
1981-07-18,198.2,2.2
1981-07-19,213.3,2.125
1981-07-20,227.2,2.4
1981-07-21,221.0,1.6
1981-07-22,228.6,3.5625
1981-07-23,246.8,4.2125
1981-07-24,253.5,2.475
1981-07-25,251.6,6.625
1981-07-26,264.6,5.55
1981-07-27,248.1,3.5375
1981-07-28,216.9,2.0375
1981-07-29,206.9,1.3
1981-07-30,198.1,2.2625
1981-07-31,191.8,2.6125
1981-08-01,178.5,3.2125
1981-08-02,177.3,2.7
1981-08-03,186.8,3.2
1981-08-04,185.2,2.2
1981-08-05,173.8,2.8125
1981-08-06,174.5,2.675
1981-08-07,168.3,2.175
1981-08-08,173.5,0.9625
1981-08-09,175.6,1.5375
1981-08-10,177.2,2.85
1981-08-11,201.0,2.8
1981-08-12,203.5,2.2
1981-08-13,203.4,2.2875
1981-08-14,202.9,2.0125
1981-08-15,219.4,2.1625
1981-08-16,216.4,1.9125
1981-08-17,223.1,3.7375
1981-08-18,238.1,3.625
1981-08-19,248.6,2.375
1981-08-20,263.5,1.95
1981-08-21,261.1,2.8375
1981-08-22,256.3,2.6625
1981-08-23,249.3,5.1625
1981-08-24,253.3,3.8875
1981-08-25,249.3,3.0625
1981-08-26,267.3,1.7
1981-08-27,275.8,3.4
1981-08-28,269.9,3.325
1981-08-29,254.0,3.1125
1981-08-30,260.2,3.0875
1981-08-31,251.2,2.325
1981-09-01,243.9,1.225
1981-09-02,238.5,3.2
1981-09-03,225.2,2.15
1981-09-04,229.5,2.1625
1981-09-05,244.8,3.1125
1981-09-06,259.1,1.925
1981-09-07,258.6,1.4125
1981-09-08,262.4,1.775
1981-09-09,253.0,2.4875
1981-09-10,244.2,2.2375
1981-09-11,237.7,3.4125
1981-09-12,231.2,2.4125
1981-09-13,227.2,2.55
1981-09-14,225.8,2.175
1981-09-15,227.9,2.1875
1981-09-16,225.0,1.85
1981-09-17,216.0,1.125
1981-09-18,214.6,2.0375
1981-09-19,208.6,4.4
1981-09-20,198.5,2.175
1981-09-21,189.7,1.675
1981-09-22,181.7,2.5
1981-09-23,182.5,1.025
1981-09-24,181.1,1.9875
1981-09-25,181.1,2.5875
1981-09-26,187.9,4.1625
1981-09-27,202.0,3.4125
1981-09-28,200.1,1.5875
1981-09-29,203.9,2.5375
1981-09-30,203.2,2.95
1981-10-01,210.2,2.25
1981-10-02,204.6,3.075
1981-10-03,196.3,4.2625
1981-10-04,191.1,3.1375
1981-10-05,193.6,1.6125
1981-10-06,200.5,1.45
1981-10-07,204.3,4.0
1981-10-08,201.1,3.75
1981-10-09,206.0,3.4625
1981-10-10,214.0,3.7875
1981-10-11,220.9,4.75
1981-10-12,237.8,2.0
1981-10-13,257.5,2.7375
1981-10-14,277.0,5.1375
1981-10-15,288.8,3.425
1981-10-16,304.5,1.6625
1981-10-17,305.0,3.075
1981-10-18,298.9,1.5875
1981-10-19,280.8,3.7125
1981-10-20,260.1,5.2125
1981-10-21,240.4,4.075
1981-10-22,220.8,5.425
1981-10-23,210.3,3.625
1981-10-24,203.3,2.7
1981-10-25,188.3,3.0375
1981-10-26,174.1,2.2125
1981-10-27,173.5,2.2625
1981-10-28,184.8,3.2375
1981-10-29,190.2,2.5125
1981-10-30,204.4,2.625
1981-10-31,210.3,1.175
1981-11-01,225.9,1.825
1981-11-02,245.2,1.25
1981-11-03,259.5,2.0
1981-11-04,267.6,1.5125
1981-11-05,258.5,2.4625
1981-11-06,249.1,2.125
1981-11-07,245.8,3.25
1981-11-08,239.2,3.725
1981-11-09,237.1,1.175
1981-11-10,235.7,2.575
1981-11-11,221.4,3.95
1981-11-12,228.3,3.7125
1981-11-13,220.5,1.0625
1981-11-14,211.8,3.8375
1981-11-15,195.5,3.3
1981-11-16,185.3,3.1375
1981-11-17,176.8,4.1625
1981-11-18,164.6,3.875
1981-11-19,160.9,2.925
1981-11-20,155.7,2.775
1981-11-21,157.7,2.925
1981-11-22,156.6,2.4125
1981-11-23,155.8,3.3625
1981-11-24,154.4,2.175
1981-11-25,163.3,3.8375
1981-11-26,183.1,2.25
1981-11-27,195.6,0.875
1981-11-28,212.1,1.4125
1981-11-29,232.8,0.975
1981-11-30,238.3,0.2875
1981-12-01,237.3,1.575
1981-12-02,236.9,2.0375
1981-12-03,245.7,2.0375
1981-12-04,248.9,2.4125
1981-12-05,267.8,2.1625
1981-12-06,269.9,1.0375
1981-12-07,284.1,0.8
1981-12-08,296.7,2.7875
1981-12-09,301.4,2.4625
1981-12-10,287.3,1.8375
1981-12-11,275.2,1.5
1981-12-12,262.3,3.575
1981-12-13,225.9,2.5
1981-12-14,199.2,1.525
1981-12-15,178.1,1.275
1981-12-16,162.6,1.075
1981-12-17,149.0,1.375
1981-12-18,140.8,2.8625
1981-12-19,134.0,2.2
1981-12-20,138.3,1.6625
1981-12-21,146.9,1.5625
1981-12-22,150.7,0.6375
1981-12-23,158.2,1.6625
1981-12-24,161.4,2.3375
1981-12-25,167.6,2.0
1981-12-26,171.9,1.5
1981-12-27,182.8,1.4875
1981-12-28,189.2,2.5375
1981-12-29,189.9,3.8375
1981-12-30,192.0,3.925
1981-12-31,189.0,3.1125
1982-01-01,186.0,2.0125
1982-01-02,183.2,2.175
1982-01-03,182.1,3.25
1982-01-04,176.2,2.525
1982-01-05,171.1,1.175
1982-01-06,172.5,2.4125
1982-01-07,172.6,2.675
1982-01-08,162.3,2.2125
1982-01-09,170.0,1.0125
1982-01-10,150.7,0.8125
1982-01-11,141.0,1.3
1982-01-12,136.9,0.625
1982-01-13,131.8,0.875
1982-01-14,135.0,0.675
1982-01-15,141.0,2.575
1982-01-16,151.6,2.9875
1982-01-17,157.6,2.25
1982-01-18,173.1,2.2875
1982-01-19,175.0,0.8
1982-01-20,172.5,1.55
1982-01-21,168.7,2.75
1982-01-22,157.8,3.9625
1982-01-23,152.7,3.625
1982-01-24,153.9,3.5375
1982-01-25,174.7,2.175
1982-01-26,188.5,1.6375
1982-01-27,203.3,2.6625
1982-01-28,242.0,3.0
1982-01-29,275.3,2.1
1982-01-30,293.3,3.6125
1982-01-31,297.7,4.225
1982-02-01,293.3,4.25
1982-02-02,288.1,5.0125
1982-02-03,281.1,4.425
1982-02-04,260.1,5.0375
1982-02-05,252.3,4.2125
1982-02-06,252.3,4.5375
1982-02-07,246.6,3.7125
1982-02-08,251.9,3.25
1982-02-09,238.1,3.0
1982-02-10,219.4,4.15
1982-02-11,216.7,4.7
1982-02-12,209.4,4.3625
1982-02-13,199.9,5.15
1982-02-14,190.0,4.6625
1982-02-15,184.9,2.9625
1982-02-16,174.7,1.675
1982-02-17,166.5,3.8
1982-02-18,169.6,4.3
1982-02-19,174.9,4.425
1982-02-20,175.2,3.8375
1982-02-21,168.9,3.25
1982-02-22,167.4,4.75
1982-02-23,176.8,3.7875
1982-02-24,189.9,3.625
1982-02-25,187.9,4.5375
1982-02-26,208.2,4.625
1982-02-27,226.4,2.625
1982-02-28,228.3,2.1375
1982-03-01,235.5,4.825
1982-03-02,232.2,6.2125
1982-03-03,234.1,2.8
1982-03-04,242.2,2.5
1982-03-05,249.4,2.525
1982-03-06,233.5,0.575
1982-03-07,231.8,0.5875
1982-03-08,210.0,2.25
1982-03-09,194.9,3.325
1982-03-10,181.3,2.8625
1982-03-11,180.5,2.2125
1982-03-12,183.4,1.7875
1982-03-13,187.8,2.4625
1982-03-14,203.5,2.3875
1982-03-15,209.9,1.5125
1982-03-16,230.0,1.1625
1982-03-17,232.7,2.5125
1982-03-18,228.9,3.4625
1982-03-19,221.5,2.2125
1982-03-20,218.7,2.55
1982-03-21,213.9,3.525
1982-03-22,215.2,4.1125
1982-03-23,203.6,1.8625
1982-03-24,190.1,2.5375
1982-03-25,190.9,3.5
1982-03-26,193.6,2.4625
1982-03-27,196.2,2.0
1982-03-28,201.2,1.275
1982-03-29,198.6,2.5375
1982-03-30,194.9,2.8875
1982-03-31,184.5,3.4625
1982-04-01,172.4,2.9875
1982-04-02,172.2,4.675
1982-04-03,169.9,4.9125
1982-04-04,158.0,3.5375
1982-04-05,159.7,3.5
1982-04-06,164.9,3.3
1982-04-07,163.7,1.4125
1982-04-08,161.6,2.5375
1982-04-09,166.8,2.275
1982-04-10,176.4,5.025
1982-04-11,177.8,4.925
1982-04-12,176.6,2.8
1982-04-13,169.9,2.1375
1982-04-14,157.0,1.5
1982-04-15,151.1,2.25
1982-04-16,147.2,2.3375
1982-04-17,144.7,3.15
1982-04-18,145.7,2.325
1982-04-19,143.8,1.9875
1982-04-20,142.8,3.325
1982-04-21,143.8,4.2
1982-04-22,155.2,2.6875
1982-04-23,173.3,2.2125
1982-04-24,178.9,2.6125
1982-04-25,180.4,4.6625
1982-04-26,176.0,1.825
1982-04-27,165.0,3.2
1982-04-28,158.8,3.5
1982-04-29,153.3,4.125
1982-04-30,147.6,4.1375
1982-05-01,149.3,3.4875
1982-05-02,145.1,4.1125
1982-05-03,145.2,4.875
1982-05-04,142.3,3.1
1982-05-05,146.1,2.7375
1982-05-06,150.3,1.75
1982-05-07,148.2,1.0375
1982-05-08,148.0,1.25
1982-05-09,137.2,1.875
1982-05-10,128.1,1.3375
1982-05-11,129.7,2.2875
1982-05-12,129.6,1.675
1982-05-13,127.1,1.675
1982-05-14,129.4,1.925
1982-05-15,129.3,3.3125
1982-05-16,135.9,2.3625
1982-05-17,139.0,2.575
1982-05-18,143.4,3.2875
1982-05-19,152.2,2.6125
1982-05-20,152.0,2.1125
1982-05-21,161.4,2.0
1982-05-22,154.9,0.9125
1982-05-23,151.8,0.55
1982-05-24,141.1,1.05
1982-05-25,142.0,1.9125
1982-05-26,153.8,3.5
1982-05-27,167.0,5.075
1982-05-28,166.8,5.25
1982-05-29,166.2,4.4
1982-05-30,138.9,4.375
1982-05-31,133.0,4.25
1982-06-01,130.4,3.275
1982-06-02,131.3,2.9
1982-06-03,137.5,2.2125
1982-06-04,153.7,1.675
1982-06-05,152.0,1.5875
1982-06-06,145.2,2.8
1982-06-07,154.0,2.725
1982-06-08,162.4,2.1125
1982-06-09,172.1,2.7125
1982-06-10,190.1,4.75
1982-06-11,217.5,4.1375
1982-06-12,231.1,4.8375
1982-06-13,232.8,5.4
1982-06-14,233.3,3.7
1982-06-15,228.5,3.7625
1982-06-16,204.1,2.4125
1982-06-17,199.6,1.575
1982-06-18,194.3,1.6625
1982-06-19,200.9,3.4625
1982-06-20,200.5,3.2625
1982-06-21,204.0,2.125
1982-06-22,190.9,3.0875
1982-06-23,181.3,3.2
1982-06-24,162.8,2.9625
1982-06-25,154.0,2.7375
1982-06-26,137.6,2.7875
1982-06-27,123.4,4.025
1982-06-28,119.1,3.9
1982-06-29,108.0,3.275
1982-06-30,104.9,4.25
1982-07-01,103.0,3.2375
1982-07-02,103.4,2.425
1982-07-03,105.8,1.5
1982-07-04,107.8,0.4875
1982-07-05,110.3,0.9
1982-07-06,117.3,2.75
1982-07-07,124.0,3.425
1982-07-08,145.4,3.0
1982-07-09,170.8,2.3125
1982-07-10,196.8,2.2625
1982-07-11,219.0,3.95
1982-07-12,232.0,4.35
1982-07-13,244.5,6.25
1982-07-14,260.6,7.0125
1982-07-15,265.2,4.4875
1982-07-16,260.8,4.575
1982-07-17,264.6,3.2375
1982-07-18,239.3,3.625
1982-07-19,227.2,3.8375
1982-07-20,190.2,3.075
1982-07-21,168.3,2.4125
1982-07-22,144.9,2.8125
1982-07-23,124.5,2.6
1982-07-24,114.1,4.8875
1982-07-25,104.8,3.55
1982-07-26,98.9,3.9625
1982-07-27,94.9,3.7625
1982-07-28,93.5,3.5125
1982-07-29,94.6,3.45
1982-07-30,109.0,3.4625
1982-07-31,111.1,3.575
1982-08-01,119.8,2.575
1982-08-02,134.2,4.95
1982-08-03,149.0,3.9125
1982-08-04,162.6,2.95
1982-08-05,175.8,3.25
1982-08-06,195.5,3.6125
1982-08-07,213.6,5.8375
1982-08-08,211.6,1.675
1982-08-09,206.7,3.3375
1982-08-10,204.0,3.975
1982-08-11,199.6,3.7125
1982-08-12,190.1,3.45
1982-08-13,178.3,2.3875
1982-08-14,172.3,1.775
1982-08-15,168.6,0.8125
1982-08-16,157.5,1.5
1982-08-17,161.1,2.75
1982-08-18,162.3,3.075
1982-08-19,155.5,2.325
1982-08-20,141.3,2.4875
1982-08-21,135.5,2.875
1982-08-22,135.7,3.6
1982-08-23,138.2,3.1625
1982-08-24,139.8,3.2625
1982-08-25,155.1,3.375
1982-08-26,163.0,3.375
1982-08-27,176.7,2.575
1982-08-28,177.8,2.225
1982-08-29,179.8,4.475
1982-08-30,171.2,3.9625
1982-08-31,171.7,3.0125
1982-09-01,181.0,2.275
1982-09-02,165.7,2.675
1982-09-03,168.1,3.475
1982-09-04,185.0,4.2125
1982-09-05,176.6,4.3375
1982-09-06,169.4,7.775
1982-09-07,174.2,5.9625
1982-09-08,175.9,2.5875
1982-09-09,176.7,4.9
1982-09-10,163.3,2.225
1982-09-11,156.3,2.7875
1982-09-12,150.5,2.6625
1982-09-13,149.4,2.825
1982-09-14,145.5,2.625
1982-09-15,147.4,2.5875
1982-09-16,145.7,2.625
1982-09-17,145.5,2.3
1982-09-18,141.9,4.075
1982-09-19,141.3,3.9875
1982-09-20,145.7,3.675
1982-09-21,144.2,5.725
1982-09-22,145.2,6.75
1982-09-23,151.5,3.825
1982-09-24,164.4,3.5125
1982-09-25,169.5,2.575
1982-09-26,186.4,5.4875
1982-09-27,190.6,4.55
1982-09-28,196.1,2.575
1982-09-29,204.0,2.1125
1982-09-30,201.8,2.4625
1982-10-01,204.8,3.6625
1982-10-02,209.2,3.6625
1982-10-03,196.8,2.175
1982-10-04,182.3,2.3125
1982-10-05,163.9,2.0
1982-10-06,152.1,3.3625
1982-10-07,140.3,4.1125
1982-10-08,137.2,3.5
1982-10-09,137.8,1.4
1982-10-10,135.2,2.875
1982-10-11,137.9,2.85
1982-10-12,136.9,2.825
1982-10-13,144.6,4.0875
1982-10-14,141.1,3.95
1982-10-15,134.9,2.0875
1982-10-16,130.7,2.8875
1982-10-17,131.0,3.5375
1982-10-18,133.9,3.7
1982-10-19,137.8,3.125
1982-10-20,147.5,2.7
1982-10-21,162.9,2.3875
1982-10-22,169.9,1.625
1982-10-23,179.1,1.375
1982-10-24,193.0,1.2125
1982-10-25,199.2,2.925
1982-10-26,195.9,3.8375
1982-10-27,190.2,3.1125
1982-10-28,183.8,2.2875
1982-10-29,173.3,4.3625
1982-10-30,169.1,4.0
1982-10-31,167.6,3.95
1982-11-01,162.0,4.3
1982-11-02,157.0,4.05
1982-11-03,149.8,2.8375
1982-11-04,145.9,1.875
1982-11-05,138.8,2.075
1982-11-06,144.7,2.3375
1982-11-07,144.9,0.9125
1982-11-08,147.6,2.325
1982-11-09,150.4,1.975
1982-11-10,156.0,2.55
1982-11-11,157.2,3.4625
1982-11-12,168.4,3.05
1982-11-13,164.7,3.0875
1982-11-14,162.9,2.6625
1982-11-15,160.5,2.625
1982-11-16,167.0,2.0
1982-11-17,161.7,1.35
1982-11-18,174.2,2.65
1982-11-19,186.8,2.25
1982-11-20,193.9,1.4125
1982-11-21,205.8,3.825
1982-11-22,237.0,2.9875
1982-11-23,201.1,3.3125
1982-11-24,177.5,5.375
1982-11-25,169.2,5.0
1982-11-26,173.3,3.7875
1982-11-27,163.0,3.1625
1982-11-28,164.7,3.8
1982-11-29,165.9,3.9125
1982-11-30,169.5,2.425
1982-12-01,172.6,0.4
1982-12-02,171.1,0.8625
1982-12-03,187.0,2.2125
1982-12-04,200.3,2.25
1982-12-05,201.8,2.0125
1982-12-06,216.7,0.8
1982-12-07,251.9,3.525
1982-12-08,249.2,3.9125
1982-12-09,266.6,3.0375
1982-12-10,282.0,4.5375
1982-12-11,267.6,3.2875
1982-12-12,259.1,2.7875
1982-12-13,246.6,1.675
1982-12-14,243.1,1.75
1982-12-15,229.0,2.2125
1982-12-16,220.2,2.575
1982-12-17,207.1,5.2375
1982-12-18,192.7,4.55
1982-12-19,182.6,4.1875
1982-12-20,164.5,4.8625
1982-12-21,154.3,4.45
1982-12-22,155.1,4.05
1982-12-23,162.4,3.7125
1982-12-24,172.5,3.275
1982-12-25,176.4,2.7375
1982-12-26,174.5,2.125
1982-12-27,171.9,3.125
1982-12-28,162.4,3.5375
1982-12-29,152.3,3.4625
1982-12-30,147.4,2.95
1982-12-31,139.0,1.6625
1983-01-01,135.9,2.525
1983-01-02,135.9,1.9
1983-01-03,140.8,2.325
1983-01-04,142.9,2.2125
1983-01-05,159.9,1.4625
1983-01-06,167.1,0.7875
1983-01-07,168.9,1.0125
1983-01-08,161.2,2.0875
1983-01-09,155.1,3.15
1983-01-10,149.1,4.8625
1983-01-11,144.1,2.325
1983-01-12,140.3,3.2
1983-01-13,139.7,2.0375
1983-01-14,141.9,2.025
1983-01-15,145.8,3.525
1983-01-16,144.8,3.7375
1983-01-17,142.6,3.75
1983-01-18,139.3,4.2125
1983-01-19,131.6,3.075
1983-01-20,124.5,2.65
1983-01-21,119.9,2.5375
1983-01-22,117.1,1.95
1983-01-23,119.1,1.9125
1983-01-24,117.7,3.45
1983-01-25,126.6,3.125
1983-01-26,136.8,2.6375
1983-01-27,137.7,2.25
1983-01-28,144.9,1.925
1983-01-29,153.5,2.7875
1983-01-30,159.6,3.2375
1983-01-31,166.7,2.7375
1983-02-01,167.5,2.4625
1983-02-02,161.2,1.1375
1983-02-03,149.8,1.7875
1983-02-04,161.3,3.925
1983-02-05,158.7,7.1125
1983-02-06,156.7,4.4875
1983-02-07,146.1,4.6125
1983-02-08,137.0,2.9625
1983-02-09,125.3,3.175
1983-02-10,116.4,3.275
1983-02-11,109.8,3.2125
1983-02-12,102.5,3.9625
1983-02-13,97.9,4.3625
1983-02-14,94.1,3.8875
1983-02-15,90.8,3.8
1983-02-16,91.9,4.1
1983-02-17,94.2,3.125
1983-02-18,99.5,2.8
1983-02-19,96.8,2.2375
1983-02-20,99.5,4.625
1983-02-21,103.9,4.5
1983-02-22,108.6,3.3
1983-02-23,114.4,3.0125
1983-02-24,116.8,2.875
1983-02-25,122.8,1.45
1983-02-26,128.8,1.2
1983-02-27,141.0,1.7
1983-02-28,140.3,1.7875
1983-03-01,148.1,3.4875
1983-03-02,141.1,6.0125
1983-03-03,143.4,4.4125
1983-03-04,146.0,3.8375
1983-03-05,149.0,4.0
1983-03-06,141.4,1.875
1983-03-07,134.3,1.625
1983-03-08,129.9,1.5875
1983-03-09,123.7,1.825
1983-03-10,116.6,1.6375
1983-03-11,104.4,3.2875
1983-03-12,100.7,4.625
1983-03-13,97.0,3.4125
1983-03-14,97.0,3.75
1983-03-15,101.7,3.0
1983-03-16,108.9,2.25
1983-03-17,115.7,2.25
1983-03-18,118.8,2.9625
1983-03-19,119.3,3.9625
1983-03-20,121.7,4.0625
1983-03-21,119.6,2.6125
1983-03-22,118.0,2.075
1983-03-23,116.9,2.1375
1983-03-24,117.8,2.3375
1983-03-25,114.8,4.95
1983-03-26,115.2,2.3
1983-03-27,110.0,0.7875
1983-03-28,105.2,4.3375
1983-03-29,99.2,4.625
1983-03-30,100.9,3.9125
1983-03-31,98.9,3.925
1983-04-01,100.8,3.425
1983-04-02,101.3,3.0875
1983-04-03,101.4,2.8375
1983-04-04,100.7,3.05
1983-04-05,98.6,2.825
1983-04-06,99.3,4.3875
1983-04-07,102.0,4.325
1983-04-08,103.8,3.7
1983-04-09,105.8,3.3375
1983-04-10,102.9,3.6125
1983-04-11,103.9,1.8
1983-04-12,107.2,2.5125
1983-04-13,108.4,4.25
1983-04-14,111.0,4.825
1983-04-15,102.9,5.3
1983-04-16,104.4,4.2875
1983-04-17,112.6,3.3125
1983-04-18,119.6,2.475
1983-04-19,123.9,2.2125
1983-04-20,126.1,2.7
1983-04-21,132.0,2.5875
1983-04-22,138.2,2.5625
1983-04-23,138.9,2.9625
1983-04-24,141.0,5.425
1983-04-25,143.9,4.2125
1983-04-26,144.9,3.9625
1983-04-27,147.5,2.8
1983-04-28,154.2,2.55
1983-04-29,146.2,4.3875
1983-04-30,145.0,3.9
1983-05-01,139.8,3.4125
1983-05-02,143.1,2.6625
1983-05-03,137.1,2.4625
1983-05-04,130.7,3.8875
1983-05-05,128.5,3.55
1983-05-06,123.6,2.8
1983-05-07,115.2,2.125
1983-05-08,124.6,2.425
1983-05-09,129.7,1.45
1983-05-10,140.7,1.875
1983-05-11,156.2,4.825
1983-05-12,157.1,5.0875
1983-05-13,151.2,4.4625
1983-05-14,150.2,3.55
1983-05-15,142.6,3.45
1983-05-16,131.0,2.2875
1983-05-17,128.7,5.0
1983-05-18,134.4,2.575
1983-05-19,143.4,1.2625
1983-05-20,148.2,1.625
1983-05-21,146.1,3.65
1983-05-22,148.3,4.9
1983-05-23,140.1,4.5375
1983-05-24,136.9,5.1
1983-05-25,135.3,1.6875
1983-05-26,128.8,1.825
1983-05-27,127.1,2.5
1983-05-28,129.6,1.175
1983-05-29,135.2,1.175
1983-05-30,131.7,2.075
1983-05-31,134.2,2.525
1983-06-01,127.6,2.55
1983-06-02,135.1,1.8375
1983-06-03,135.4,1.7
1983-06-04,145.0,0.7375
1983-06-05,163.0,1.7
1983-06-06,185.8,2.2875
1983-06-07,174.3,1.6625
1983-06-08,168.6,2.5
1983-06-09,154.7,3.2125
1983-06-10,146.0,4.0
1983-06-11,135.0,2.25
1983-06-12,130.5,3.1125
1983-06-13,124.3,5.3125
1983-06-14,122.5,2.5875
1983-06-15,124.7,3.0375
1983-06-16,124.8,2.0625
1983-06-17,126.6,3.05
1983-06-18,126.3,4.425
1983-06-19,129.5,3.475
1983-06-20,132.5,3.2125
1983-06-21,139.4,3.3625
1983-06-22,144.1,3.0875
1983-06-23,145.0,3.125
1983-06-24,137.2,1.55
1983-06-25,136.9,1.075
1983-06-26,139.4,2.6125
1983-06-27,132.6,1.9625
1983-06-28,125.1,2.425
1983-06-29,124.7,2.675
1983-06-30,122.6,1.875
1983-07-01,120.0,1.6125
1983-07-02,121.3,2.0375
1983-07-03,127.2,2.125
1983-07-04,132.7,1.9625
1983-07-05,127.8,1.5
1983-07-06,128.0,2.7125
1983-07-07,128.3,2.6375
1983-07-08,123.7,2.3625
1983-07-09,119.1,2.625
1983-07-10,119.1,1.225
1983-07-11,121.6,1.0625
1983-07-12,120.7,2.725
1983-07-13,119.6,2.95
1983-07-14,120.4,1.7125
1983-07-15,120.6,1.2625
1983-07-16,117.4,3.45
1983-07-17,116.2,3.9625
1983-07-18,112.7,3.375
1983-07-19,115.7,2.2875
1983-07-20,121.1,1.825
1983-07-21,124.1,1.8
1983-07-22,134.6,1.7625
1983-07-23,128.8,3.625
1983-07-24,132.1,4.4625
1983-07-25,132.5,2.55
1983-07-26,124.9,1.925
1983-07-27,119.4,2.2875
1983-07-28,123.3,2.4
1983-07-29,134.3,2.9125
1983-07-30,140.0,3.25
1983-07-31,148.6,1.775
1983-08-01,146.7,1.3375
1983-08-02,141.2,4.2375
1983-08-03,135.3,3.0375
1983-08-04,132.7,1.4125
1983-08-05,132.7,0.4875
1983-08-06,138.0,1.5
1983-08-07,138.0,2.5
1983-08-08,137.2,4.275
1983-08-09,139.0,2.175
1983-08-10,147.6,1.25
1983-08-11,147.3,1.6375
1983-08-12,152.6,3.8375
1983-08-13,143.6,3.7
1983-08-14,138.0,2.175
1983-08-15,132.4,2.3375
1983-08-16,128.9,1.1125
1983-08-17,123.7,1.65
1983-08-18,119.2,0.325
1983-08-19,114.9,1.8125
1983-08-20,115.9,2.3125
1983-08-21,111.6,3.825
1983-08-22,108.3,2.6875
1983-08-23,108.4,4.05
1983-08-24,106.4,3.6875
1983-08-25,102.0,4.2875
1983-08-26,103.6,3.7125
1983-08-27,101.6,1.2
1983-08-28,100.8,2.0375
1983-08-29,103.6,2.95
1983-08-30,102.1,3.25
1983-08-31,102.3,4.0
1983-09-01,108.5,2.9625
1983-09-02,108.9,1.7
1983-09-03,104.6,1.4
1983-09-04,108.7,0.6625
1983-09-05,115.7,0.875
1983-09-06,118.8,1.4625
1983-09-07,116.8,3.25
1983-09-08,116.7,2.9625
1983-09-09,113.7,3.0875
1983-09-10,108.2,2.575
1983-09-11,109.1,2.675
1983-09-12,103.6,2.575
1983-09-13,103.1,1.875
1983-09-14,103.9,1.7
1983-09-15,105.1,3.3375
1983-09-16,105.1,3.8375
1983-09-17,104.1,3.5875
1983-09-18,101.6,2.5375
1983-09-19,100.3,5.0875
1983-09-20,99.6,3.525
1983-09-21,102.2,2.4
1983-09-22,105.3,2.5375
1983-09-23,111.8,1.0375
1983-09-24,111.1,2.0875
1983-09-25,110.0,4.2875
1983-09-26,114.0,3.7
1983-09-27,119.3,2.7125
1983-09-28,114.3,2.2375
1983-09-29,114.2,1.75
1983-09-30,112.7,0.625
1983-10-01,117.3,2.175
1983-10-02,120.3,3.65
1983-10-03,123.0,3.1625
1983-10-04,125.1,4.375
1983-10-05,126.6,2.1
1983-10-06,132.8,3.5
1983-10-07,134.0,2.425
1983-10-08,131.4,3.0
1983-10-09,130.8,1.3375
1983-10-10,134.0,1.6625
1983-10-11,138.9,1.45
1983-10-12,134.2,1.0875
1983-10-13,134.2,4.0875
1983-10-14,132.2,3.4625
1983-10-15,127.8,3.375
1983-10-16,118.0,2.625
1983-10-17,111.7,4.725
1983-10-18,104.4,5.0
1983-10-19,106.0,1.8875
1983-10-20,100.0,1.4875
1983-10-21,90.1,2.925
1983-10-22,88.1,3.2125
1983-10-23,88.7,3.325
1983-10-24,89.6,3.5
1983-10-25,90.3,1.6625
1983-10-26,90.2,0.6875
1983-10-27,90.1,0.45
1983-10-28,91.6,1.575
1983-10-29,92.0,4.3875
1983-10-30,93.9,3.25
1983-10-31,97.7,2.2625
1983-11-01,99.8,3.225
1983-11-02,99.2,4.2375
1983-11-03,98.5,3.1625
1983-11-04,104.9,1.7625
1983-11-05,106.9,0.75
1983-11-06,108.7,0.6125
1983-11-07,110.5,2.2875
1983-11-08,105.5,3.8625
1983-11-09,101.1,4.5
1983-11-10,102.9,3.875
1983-11-11,98.7,4.425
1983-11-12,91.5,4.7375
1983-11-13,93.9,3.7
1983-11-14,93.0,3.6625
1983-11-15,92.9,3.625
1983-11-16,92.6,4.0
1983-11-17,87.6,4.45
1983-11-18,86.4,3.8375
1983-11-19,84.3,3.2375
1983-11-20,82.3,3.9
1983-11-21,81.3,2.075
1983-11-22,82.2,1.525
1983-11-23,80.2,0.425
1983-11-24,80.9,2.5
1983-11-25,81.3,2.975
1983-11-26,82.5,3.375
1983-11-27,86.7,1.8
1983-11-28,89.0,2.4875
1983-11-29,91.9,3.5875
1983-11-30,92.6,3.5375
1983-12-01,93.1,2.7625
1983-12-02,91.5,2.0375
1983-12-03,91.1,0.875
1983-12-04,94.6,1.1125
1983-12-05,94.7,3.0375
1983-12-06,100.0,4.0
1983-12-07,101.6,4.0
1983-12-08,101.3,2.425
1983-12-09,111.5,0.6625
1983-12-10,111.3,3.3375
1983-12-11,105.0,4.0875
1983-12-12,104.3,3.675
1983-12-13,104.0,3.75
1983-12-14,99.6,3.7875
1983-12-15,95.1,3.0875
1983-12-16,96.6,1.3375
1983-12-17,95.0,1.625
1983-12-18,93.1,1.5125
1983-12-19,89.1,2.2375
1983-12-20,86.4,1.025
1983-12-21,85.0,0.875
1983-12-22,85.6,2.7
1983-12-23,85.8,2.5125
1983-12-24,85.9,2.4875
1983-12-25,85.2,2.525
1983-12-26,85.7,2.8375
1983-12-27,86.3,2.7875
1983-12-28,83.5,2.7125
1983-12-29,83.9,2.0625
1983-12-30,84.1,4.2
1983-12-31,86.7,3.8625
1984-01-01,87.2,4.05
1984-01-02,90.4,3.3
1984-01-03,92.6,3.375
1984-01-04,94.1,3.9625
1984-01-05,91.2,3.5875
1984-01-06,88.5,2.8625
1984-01-07,89.5,1.375
1984-01-08,95.5,0.6875
1984-01-09,97.6,1.0
1984-01-10,98.5,2.525
1984-01-11,100.1,2.3375
1984-01-12,104.5,1.425
1984-01-13,105.6,1.95
1984-01-14,102.6,1.5875
1984-01-15,101.1,1.375
1984-01-16,99.8,1.625
1984-01-17,98.3,1.475
1984-01-18,98.1,1.4125
1984-01-19,96.5,3.2875
1984-01-20,105.6,1.875
1984-01-21,106.7,2.5125
1984-01-22,114.0,2.55
1984-01-23,116.9,1.625
1984-01-24,130.4,1.1125
1984-01-25,151.5,2.175
1984-01-26,170.1,2.9875
1984-01-27,177.6,1.925
1984-01-28,174.1,3.575
1984-01-29,180.0,3.3375
1984-01-30,166.5,4.25
1984-01-31,174.4,3.5875
1984-02-01,159.2,2.9125
1984-02-02,146.2,2.7125
1984-02-03,135.3,2.8625
1984-02-04,129.6,5.1625
1984-02-05,117.5,2.675
1984-02-06,115.0,1.9
1984-02-07,116.8,2.1375
1984-02-08,130.7,1.95
1984-02-09,143.8,2.1625
1984-02-10,140.3,3.125
1984-02-11,144.9,3.0375
1984-02-12,139.4,2.3
1984-02-13,131.7,4.425
1984-02-14,123.4,4.7
1984-02-15,116.3,2.5875
1984-02-16,117.3,1.75
1984-02-17,119.4,2.15
1984-02-18,125.1,3.05
1984-02-19,131.4,1.8
1984-02-20,137.6,2.5125
1984-02-21,147.0,2.7875
1984-02-22,161.6,2.05
1984-02-23,169.7,2.8875
1984-02-24,176.6,2.3
1984-02-25,172.9,1.625
1984-02-26,167.6,2.7
1984-02-27,157.3,4.075
1984-02-28,151.7,1.9625
1984-02-29,150.8,2.125
1984-03-01,146.2,3.275
1984-03-02,140.6,4.5125
1984-03-03,124.6,4.2875
1984-03-04,116.3,1.9
1984-03-05,111.1,0.875
1984-03-06,111.2,3.8875
1984-03-07,106.6,3.875
1984-03-08,105.3,4.0375
1984-03-09,103.9,2.575
1984-03-10,100.1,3.075
1984-03-11,99.9,2.125
1984-03-12,103.5,2.3625
1984-03-13,116.1,2.9625
1984-03-14,122.4,1.5625
1984-03-15,135.9,1.825
1984-03-16,125.3,2.7375
1984-03-17,130.4,3.3625
1984-03-18,126.9,3.05
1984-03-19,127.5,2.2125
1984-03-20,127.3,0.8625
1984-03-21,123.3,1.7125
1984-03-22,123.6,3.2875
1984-03-23,115.8,3.05
1984-03-24,113.7,2.35
1984-03-25,112.2,4.375
1984-03-26,120.7,2.8625
1984-03-27,129.6,3.6875
1984-03-28,136.3,5.0875
1984-03-29,138.5,5.05
1984-03-30,144.1,4.1125
1984-03-31,144.0,3.7
1984-04-01,135.8,4.2125
1984-04-02,134.7,4.825
1984-04-03,128.8,4.7
1984-04-04,129.4,5.75
1984-04-05,118.6,5.175
1984-04-06,111.9,2.6125
1984-04-07,107.6,3.55
1984-04-08,100.4,5.2375
1984-04-09,94.6,3.8375
1984-04-10,93.5,1.9625
1984-04-11,96.8,2.6125
1984-04-12,106.7,2.75
1984-04-13,113.0,2.95
1984-04-14,118.1,2.65
1984-04-15,118.9,2.0375
1984-04-16,116.4,1.125
1984-04-17,121.9,1.5875
1984-04-18,118.8,1.8875
1984-04-19,111.5,2.5125
1984-04-20,122.9,3.125
1984-04-21,126.4,2.425
1984-04-22,129.4,1.075
1984-04-23,135.1,1.575
1984-04-24,141.2,1.6125
1984-04-25,150.6,3.775
1984-04-26,171.8,6.425
1984-04-27,181.2,3.7
1984-04-28,180.1,3.1625
1984-04-29,175.6,3.1625
1984-04-30,168.3,1.6625
1984-05-01,151.3,3.5875
1984-05-02,137.1,2.5875
1984-05-03,121.0,2.3375
1984-05-04,111.6,2.7
1984-05-05,112.9,3.7125
1984-05-06,106.2,2.1625
1984-05-07,116.1,0.975
1984-05-08,119.6,1.2125
1984-05-09,135.7,3.0875
1984-05-10,147.9,3.675
1984-05-11,145.0,2.2875
1984-05-12,145.2,2.5375
1984-05-13,148.3,1.7875
1984-05-14,143.7,2.2125
1984-05-15,136.6,2.0375
1984-05-16,134.2,1.675
1984-05-17,127.2,4.05
1984-05-18,128.8,2.5375
1984-05-19,134.4,3.3625
1984-05-20,134.8,4.0375
1984-05-21,141.8,4.7375
1984-05-22,126.9,4.1625
1984-05-23,126.7,4.05
1984-05-24,123.7,3.9125
1984-05-25,122.5,2.75
1984-05-26,117.8,2.7125
1984-05-27,117.1,1.75
1984-05-28,115.4,1.6375
1984-05-29,117.7,2.2375
1984-05-30,116.4,3.125
1984-05-31,112.7,1.525
1984-06-01,112.8,1.7875
1984-06-02,108.2,2.6625
1984-06-03,106.5,3.7
1984-06-04,103.8,3.875
1984-06-05,101.6,3.2125
1984-06-06,96.0,2.7125
1984-06-07,94.5,2.25
1984-06-08,91.8,1.9125
1984-06-09,90.8,3.425
1984-06-10,89.5,3.0125
1984-06-11,90.4,2.5125
1984-06-12,90.2,1.6375
1984-06-13,95.5,1.4375
1984-06-14,106.8,1.0375
1984-06-15,112.9,3.5
1984-06-16,106.9,4.35
1984-06-17,106.1,2.4125
1984-06-18,105.4,3.7625
1984-06-19,104.4,4.075
1984-06-20,103.2,2.75
1984-06-21,100.1,0.825
1984-06-22,101.3,1.55
1984-06-23,101.9,1.9625
1984-06-24,100.3,2.9875
1984-06-25,101.3,2.45
1984-06-26,96.8,2.1625
1984-06-27,98.2,2.05
1984-06-28,96.2,3.4875
1984-06-29,97.0,2.5875
1984-06-30,97.8,2.625
1984-07-01,98.4,2.625
1984-07-02,100.2,2.5875
1984-07-03,101.4,2.5875
1984-07-04,102.2,2.4625
1984-07-05,101.0,2.5375
1984-07-06,97.0,2.2875
1984-07-07,96.8,1.8375
1984-07-08,97.8,2.3375
1984-07-09,101.1,2.2125
1984-07-10,98.0,2.7875
1984-07-11,93.6,1.9125
1984-07-12,91.7,2.5
1984-07-13,89.6,5.125
1984-07-14,89.3,4.5375
1984-07-15,89.3,3.8
1984-07-16,87.2,3.7625
1984-07-17,84.5,4.7
1984-07-18,82.8,3.3
1984-07-19,82.0,2.925
1984-07-20,82.1,2.45
1984-07-21,84.0,1.9125
1984-07-22,83.6,2.1375
1984-07-23,84.6,1.9875
1984-07-24,84.1,2.5375
1984-07-25,83.2,2.1125
1984-07-26,80.8,1.2875
1984-07-27,80.5,2.75
1984-07-28,80.0,3.075
1984-07-29,79.8,2.3375
1984-07-30,79.7,1.9625
1984-07-31,80.6,2.6625
1984-08-01,81.6,5.75
1984-08-02,83.8,3.575
1984-08-03,85.8,2.825
1984-08-04,83.3,2.825
1984-08-05,83.3,1.825
1984-08-06,87.4,1.175
1984-08-07,89.9,0.85
1984-08-08,91.4,2.8625
1984-08-09,91.8,2.9125
1984-08-10,92.9,1.9625
1984-08-11,88.4,2.35
1984-08-12,85.7,2.925
1984-08-13,84.3,1.8375
1984-08-14,81.9,2.875
1984-08-15,80.5,3.55
1984-08-16,81.1,2.9125
1984-08-17,79.0,2.4625
1984-08-18,77.2,1.6625
1984-08-19,74.4,2.425
1984-08-20,73.8,2.125
1984-08-21,75.5,0.7875
1984-08-22,74.0,0.1875
1984-08-23,74.4,1.6625
1984-08-24,79.8,3.575
1984-08-25,81.2,3.0875
1984-08-26,85.9,2.1625
1984-08-27,88.5,4.075
1984-08-28,86.9,4.3125
1984-08-29,88.5,3.5
1984-08-30,90.1,3.0875
1984-08-31,91.4,2.55
1984-09-01,92.4,2.3375
1984-09-02,91.6,2.5
1984-09-03,92.9,2.4625
1984-09-04,90.4,4.55
1984-09-05,88.4,5.2875
1984-09-06,84.5,2.6125
1984-09-07,83.9,1.6875
1984-09-08,82.2,2.3625
1984-09-09,79.5,2.475
1984-09-10,78.0,3.7
1984-09-11,76.8,3.0875
1984-09-12,75.5,2.7875
1984-09-13,74.0,2.375
1984-09-14,73.5,2.925
1984-09-15,72.5,2.25
1984-09-16,72.6,2.1125
1984-09-17,73.9,1.4
1984-09-18,73.1,0.6625
1984-09-19,73.9,3.9
1984-09-20,73.5,3.45
1984-09-21,74.5,2.15
1984-09-22,75.4,3.3375
1984-09-23,75.6,6.6375
1984-09-24,75.7,5.075
1984-09-25,74.2,4.7625
1984-09-26,73.9,4.6625
1984-09-27,73.2,3.825
1984-09-28,72.8,3.0375
1984-09-29,71.5,2.55
1984-09-30,72.2,1.9875
1984-10-01,71.9,1.7125
1984-10-02,74.7,2.3
1984-10-03,75.1,3.1125
1984-10-04,75.2,1.4125
1984-10-05,74.0,1.8
1984-10-06,73.3,3.3
1984-10-07,73.6,4.625
1984-10-08,74.7,3.5625
1984-10-09,73.7,3.3625
1984-10-10,74.3,3.9875
1984-10-11,74.6,3.925
1984-10-12,74.2,4.1625
1984-10-13,75.1,2.9125
1984-10-14,73.6,2.75
1984-10-15,76.9,2.4625
1984-10-16,77.1,3.3375
1984-10-17,76.7,0.7625
1984-10-18,77.1,4.4
1984-10-19,74.8,5.825
1984-10-20,74.2,5.45
1984-10-21,73.9,4.85
1984-10-22,75.3,4.9125
1984-10-23,73.4,4.0
1984-10-24,71.6,4.6375
1984-10-25,71.1,3.375
1984-10-26,70.2,2.35
1984-10-27,69.5,2.0375
1984-10-28,70.2,2.125
1984-10-29,69.2,1.9625
1984-10-30,69.8,1.55
1984-10-31,70.9,1.1625
1984-11-01,70.6,3.55
1984-11-02,71.2,2.4125
1984-11-03,73.2,3.0125
1984-11-04,73.4,3.2625
1984-11-05,72.9,2.6625
1984-11-06,72.3,2.7625
1984-11-07,71.4,3.1625
1984-11-08,71.9,3.3625
1984-11-09,74.1,2.625
1984-11-10,77.3,2.95
1984-11-11,74.6,3.3
1984-11-12,74.4,1.675
1984-11-13,73.1,2.075
1984-11-14,73.5,2.825
1984-11-15,74.5,4.8625
1984-11-16,72.3,6.4625
1984-11-17,72.7,4.4125
1984-11-18,73.4,3.4625
1984-11-19,74.1,3.475
1984-11-20,76.6,3.4125
1984-11-21,80.2,3.625
1984-11-22,80.2,2.8625
1984-11-23,81.3,2.0875
1984-11-24,83.3,2.2625
1984-11-25,85.3,2.1625
1984-11-26,84.7,1.9125
1984-11-27,84.8,1.675
1984-11-28,83.3,1.425
1984-11-29,79.2,2.2125
1984-11-30,78.6,4.1625
1984-12-01,79.2,2.8375
1984-12-02,79.0,3.8375
1984-12-03,80.2,3.575
1984-12-04,78.2,3.8875
1984-12-05,75.6,3.425
1984-12-06,75.2,3.6625
1984-12-07,75.0,3.3
1984-12-08,76.4,1.9875
1984-12-09,76.8,1.425
1984-12-10,78.0,2.225
1984-12-11,81.4,2.8625
1984-12-12,80.3,2.8375
1984-12-13,78.6,3.6625
1984-12-14,78.2,2.0
1984-12-15,77.3,3.3375
1984-12-16,76.7,4.2875
1984-12-17,75.0,4.0375
1984-12-18,72.5,3.0
1984-12-19,73.3,1.925
1984-12-20,72.2,1.65
1984-12-21,72.0,2.4875
1984-12-22,73.0,2.05
1984-12-23,73.7,3.0375
1984-12-24,74.2,1.1375
1984-12-25,74.7,1.325
1984-12-26,74.8,3.8375
1984-12-27,74.5,2.7875
1984-12-28,74.7,4.125
1984-12-29,74.6,3.8375
1984-12-30,73.8,3.5375
1984-12-31,72.4,3.7625
1985-01-01,70.7,4.1
1985-01-02,70.1,3.075
1985-01-03,70.0,2.6375
1985-01-04,70.1,1.7875
1985-01-05,69.3,1.55
1985-01-06,70.2,1.425
1985-01-07,70.4,1.2875
1985-01-08,69.7,2.7875
1985-01-09,70.4,4.7625
1985-01-10,69.7,4.0375
1985-01-11,70.0,3.4125
1985-01-12,70.7,3.375
1985-01-13,75.1,2.875
1985-01-14,74.8,2.075
1985-01-15,74.9,2.15
1985-01-16,77.2,1.9875
1985-01-17,78.3,1.8625
1985-01-18,76.5,1.5375
1985-01-19,77.9,1.55
1985-01-20,84.4,1.5
1985-01-21,87.7,2.375
1985-01-22,88.0,2.15
1985-01-23,85.1,4.3375
1985-01-24,80.7,1.7875
1985-01-25,76.3,1.95
1985-01-26,73.3,1.5875
1985-01-27,71.7,2.2
1985-01-28,71.8,5.35
1985-01-29,70.8,3.25
1985-01-30,70.4,3.125
1985-01-31,72.0,2.95
1985-02-01,74.4,2.925
1985-02-02,76.0,2.45
1985-02-03,75.8,1.8
1985-02-04,72.9,0.6125
1985-02-05,73.3,3.4125
1985-02-06,72.6,4.875
1985-02-07,72.3,3.4125
1985-02-08,74.5,3.575
1985-02-09,75.2,3.325
1985-02-10,75.6,3.675
1985-02-11,75.2,2.7875
1985-02-12,74.2,2.3375
1985-02-13,72.6,1.9625
1985-02-14,72.4,3.0125
1985-02-15,72.0,1.8875
1985-02-16,71.5,1.65
1985-02-17,72.6,2.575
1985-02-18,75.1,0.9625
1985-02-19,77.9,1.625
1985-02-20,76.7,2.15
1985-02-21,75.9,1.8
1985-02-22,74.9,1.925
1985-02-23,73.2,1.9625
1985-02-24,72.0,3.175
1985-02-25,71.5,2.4875
1985-02-26,71.1,1.3375
1985-02-27,70.2,2.3
1985-02-28,71.1,4.875
1985-03-01,70.6,2.5375
1985-03-02,70.3,3.5375
1985-03-03,70.2,2.5625
1985-03-04,69.7,2.2
1985-03-05,68.6,4.55
1985-03-06,69.1,3.7125
1985-03-07,69.0,3.575
1985-03-08,69.7,3.825
1985-03-09,69.7,0.875
1985-03-10,68.9,2.175
1985-03-11,70.5,1.4125
1985-03-12,70.1,1.575
1985-03-13,70.3,0.9625
1985-03-14,70.3,1.55
1985-03-15,70.4,2.6
1985-03-16,70.8,2.4125
1985-03-17,72.8,1.625
1985-03-18,75.3,2.075
1985-03-19,74.8,2.125
1985-03-20,74.8,1.2125
1985-03-21,76.6,1.1875
1985-03-22,76.4,1.0
1985-03-23,77.8,1.25
1985-03-24,80.1,1.375
1985-03-25,78.9,1.3
1985-03-26,80.0,1.9875
1985-03-27,77.7,2.325
1985-03-28,77.9,2.575
1985-03-29,76.9,1.625
1985-03-30,76.0,1.675
1985-03-31,76.6,2.15
1985-04-01,72.3,3.35
1985-04-02,72.7,3.0
1985-04-03,72.5,3.35
1985-04-04,71.8,3.125
1985-04-05,71.1,1.5875
1985-04-06,70.4,1.2
1985-04-07,70.2,1.7625
1985-04-08,69.7,2.3375
1985-04-09,69.2,4.075
1985-04-10,69.4,2.3375
1985-04-11,68.7,2.1625
1985-04-12,69.3,1.275
1985-04-13,69.4,1.5
1985-04-14,70.2,2.125
1985-04-15,69.5,1.1375
1985-04-16,68.9,1.9125
1985-04-17,69.6,1.175
1985-04-18,71.1,0.925
1985-04-19,71.1,3.375
1985-04-20,71.6,4.7125
1985-04-21,77.1,5.9625
1985-04-22,88.8,2.5375
1985-04-23,92.3,2.6375
1985-04-24,87.9,2.8875
1985-04-25,94.1,3.4375
1985-04-26,87.2,4.05
1985-04-27,79.5,4.2125
1985-04-28,77.0,4.775
1985-04-29,82.0,2.375
1985-04-30,79.6,3.6125
1985-05-01,79.3,2.225
1985-05-02,75.3,3.7625
1985-05-03,71.4,1.675
1985-05-04,69.6,2.2125
1985-05-05,70.1,1.875
1985-05-06,73.7,2.25
1985-05-07,77.6,1.7875
1985-05-08,82.1,2.0375
1985-05-09,87.9,1.825
1985-05-10,89.9,0.95
1985-05-11,88.1,1.4125
1985-05-12,90.2,2.4875
1985-05-13,90.0,2.375
1985-05-14,88.7,1.9
1985-05-15,90.0,3.0
1985-05-16,93.4,2.3125
1985-05-17,90.2,1.8
1985-05-18,90.5,2.125
1985-05-19,87.5,2.2
1985-05-20,84.7,1.3
1985-05-21,82.3,1.825
1985-05-22,80.7,1.2125
1985-05-23,78.0,1.075
1985-05-24,76.3,1.2
1985-05-25,75.2,1.575
1985-05-26,73.5,2.0875
1985-05-27,72.6,1.4125
1985-05-28,70.8,1.2125
1985-05-29,70.5,1.075
1985-05-30,69.5,0.675
1985-05-31,67.7,1.5375
1985-06-01,67.5,3.2125
1985-06-02,70.4,1.5375
1985-06-03,72.5,0.9625
1985-06-04,75.3,1.2125
1985-06-05,81.8,1.2375
1985-06-06,84.9,3.4625
1985-06-07,85.8,4.125
1985-06-08,86.3,2.9875
1985-06-09,87.1,2.6125
1985-06-10,88.9,3.825
1985-06-11,88.5,2.4625
1985-06-12,87.1,2.2875
1985-06-13,86.4,1.125
1985-06-14,82.7,0.9625
1985-06-15,81.2,1.175
1985-06-16,78.4,0.6625
1985-06-17,74.9,1.7875
1985-06-18,71.4,1.0875
1985-06-19,69.9,0.8125
1985-06-20,69.6,2.25
1985-06-21,69.2,1.8
1985-06-22,69.3,1.5125
1985-06-23,69.5,1.65
1985-06-24,68.5,1.15
1985-06-25,68.7,2.5375
1985-06-26,67.7,3.4375
1985-06-27,67.9,2.6625
1985-06-28,68.7,3.2875
1985-06-29,69.9,2.7625
1985-06-30,72.3,1.95
1985-07-01,74.4,2.525
1985-07-02,76.5,0.7875
1985-07-03,78.6,1.4875
1985-07-04,77.8,3.9875
1985-07-05,80.6,3.0375
1985-07-06,84.6,3.375
1985-07-07,94.5,3.2875
1985-07-08,93.5,2.9625
1985-07-09,97.6,1.75
1985-07-10,101.2,1.95
1985-07-11,94.1,2.45
1985-07-12,89.9,4.75
1985-07-13,82.8,3.2125
1985-07-14,74.0,2.825
1985-07-15,70.7,1.7125
1985-07-16,69.6,1.2125
1985-07-17,69.6,3.175
1985-07-18,69.5,2.7125
1985-07-19,69.4,1.75
1985-07-20,69.4,1.9125
1985-07-21,69.0,1.3125
1985-07-22,68.8,1.125
1985-07-23,68.9,2.5875
1985-07-24,68.8,2.55
1985-07-25,73.3,2.525
1985-07-26,75.0,2.9125
1985-07-27,76.8,2.925
1985-07-28,78.8,2.675
1985-07-29,81.0,1.2875
1985-07-30,81.3,2.375
1985-07-31,80.0,4.1625
1985-08-01,78.2,3.15
1985-08-02,78.1,2.5
1985-08-03,76.9,1.6625
1985-08-04,77.1,1.75
1985-08-05,76.3,0.925
1985-08-06,75.7,0.7125
1985-08-07,77.3,0.8125
1985-08-08,76.4,1.5375
1985-08-09,72.9,1.1625
1985-08-10,70.9,1.8125
1985-08-11,66.6,1.025
1985-08-12,67.9,2.7375
1985-08-13,67.2,4.5375
1985-08-14,67.5,2.5
1985-08-15,67.3,2.5875
1985-08-16,66.5,2.2625
1985-08-17,66.2,2.15
1985-08-18,66.9,2.4875
1985-08-19,67.5,2.2375
1985-08-20,68.9,2.5125
1985-08-21,68.8,2.2625
1985-08-22,71.1,3.8875
1985-08-23,71.3,3.125
1985-08-24,70.5,1.65
1985-08-25,70.9,3.0125
1985-08-26,70.8,2.775
1985-08-27,71.6,2.8625
1985-08-28,71.7,2.75
1985-08-29,71.7,3.2
1985-08-30,72.5,2.125
1985-08-31,72.7,4.2125
1985-09-01,71.7,1.4125
1985-09-02,71.5,1.0875
1985-09-03,71.9,1.0375
1985-09-04,72.3,0.5375
1985-09-05,71.1,0.575
1985-09-06,71.4,2.1125
1985-09-07,69.8,2.0625
1985-09-08,69.3,2.2375
1985-09-09,69.6,2.7
1985-09-10,69.3,2.55
1985-09-11,68.3,2.1125
1985-09-12,67.6,1.4125
1985-09-13,69.8,1.2375
1985-09-14,69.5,3.5875
1985-09-15,70.3,2.475
1985-09-16,69.5,4.1375
1985-09-17,69.3,2.7
1985-09-18,69.8,1.4375
1985-09-19,70.1,4.0
1985-09-20,69.2,3.9875
1985-09-21,69.0,3.6625
1985-09-22,69.3,2.7125
1985-09-23,68.7,1.8625
1985-09-24,68.6,2.95
1985-09-25,68.4,3.225
1985-09-26,68.1,3.0125
1985-09-27,67.4,3.0
1985-09-28,67.5,1.65
1985-09-29,68.1,1.1125
1985-09-30,68.1,1.25
1985-10-01,68.2,0.675
1985-10-02,67.4,1.4
1985-10-03,68.6,2.375
1985-10-04,68.3,2.5875
1985-10-05,67.0,5.2875
1985-10-06,66.1,4.6125
1985-10-07,66.0,3.875
1985-10-08,65.9,3.075
1985-10-09,66.2,1.575
1985-10-10,66.9,1.625
1985-10-11,68.0,3.0125
1985-10-12,67.2,2.375
1985-10-13,67.0,3.3
1985-10-14,70.2,2.0125
1985-10-15,72.1,2.9125
1985-10-16,73.7,2.9875
1985-10-17,76.0,2.95
1985-10-18,76.1,3.575
1985-10-19,78.3,2.45
1985-10-20,80.1,1.55
1985-10-21,85.5,2.8
1985-10-22,95.3,3.05
1985-10-23,94.1,2.75
1985-10-24,93.5,1.825
1985-10-25,89.6,2.25
1985-10-26,84.0,0.9625
1985-10-27,79.5,0.9125
1985-10-28,77.7,0.9
1985-10-29,74.6,2.25
1985-10-30,71.5,0.8125
1985-10-31,70.6,1.5875
1985-11-01,70.1,2.9625
1985-11-02,69.9,3.5875
1985-11-03,69.1,3.8375
1985-11-04,68.8,2.9125
1985-11-05,69.7,2.1625
1985-11-06,71.3,2.5625
1985-11-07,73.1,1.7
1985-11-08,75.1,1.4625
1985-11-09,74.3,2.675
1985-11-10,74.0,3.2
1985-11-11,76.2,2.375
1985-11-12,76.3,1.1
1985-11-13,75.9,3.3625
1985-11-14,78.5,3.0875
1985-11-15,84.0,2.9125
1985-11-16,80.6,2.425
1985-11-17,79.2,2.625
1985-11-18,79.1,3.0125
1985-11-19,77.5,2.2875
1985-11-20,77.6,0.7125
1985-11-21,75.5,1.25
1985-11-22,75.0,1.8125
1985-11-23,74.7,0.8875
1985-11-24,73.8,0.95
1985-11-25,72.2,1.45
1985-11-26,71.4,1.4
1985-11-27,71.7,3.1625
1985-11-28,70.9,1.7875
1985-11-29,71.0,3.425
1985-11-30,70.8,4.65
1985-12-01,69.8,2.8375
1985-12-02,70.4,2.8625
1985-12-03,70.5,2.1625
1985-12-04,70.3,2.55
1985-12-05,71.8,2.025
1985-12-06,73.2,1.775
1985-12-07,74.1,1.25
1985-12-08,75.3,0.675
1985-12-09,77.5,1.3625
1985-12-10,77.9,3.075
1985-12-11,79.0,2.3375
1985-12-12,79.8,1.6625
1985-12-13,78.0,4.0375
1985-12-14,78.8,2.5375
1985-12-15,82.8,2.0875
1985-12-16,86.5,1.5
1985-12-17,82.9,1.7625
1985-12-18,81.0,2.3375
1985-12-19,80.1,4.625
1985-12-20,77.9,2.175
1985-12-21,77.6,1.2
1985-12-22,75.9,1.5875
1985-12-23,73.6,1.1
1985-12-24,72.3,1.9875
1985-12-25,69.6,1.25
1985-12-26,68.6,1.7125
1985-12-27,68.5,2.4125
1985-12-28,68.5,4.3625
1985-12-29,68.3,1.625
1985-12-30,68.6,4.7875
1985-12-31,68.9,3.625
1986-01-01,69.3,3.7875
1986-01-02,69.9,3.2625
1986-01-03,70.7,2.125
1986-01-04,71.9,1.2375
1986-01-05,73.1,1.0875
1986-01-06,74.7,2.2625
1986-01-07,74.0,4.0125
1986-01-08,73.6,2.275
1986-01-09,75.2,2.4875
1986-01-10,74.7,2.0375
1986-01-11,74.4,0.9625
1986-01-12,73.6,1.25
1986-01-13,76.8,0.8
1986-01-14,79.0,0.925
1986-01-15,77.7,1.2375
1986-01-16,78.0,0.5875
1986-01-17,76.9,1.4125
1986-01-18,75.5,1.75
1986-01-19,72.5,1.0625
1986-01-20,71.5,2.825
1986-01-21,70.1,3.3
1986-01-22,69.5,2.5875
1986-01-23,69.1,3.1375
1986-01-24,69.0,2.625
1986-01-25,70.2,3.7625
1986-01-26,69.9,2.4625
1986-01-27,69.3,4.3625
1986-01-28,72.2,4.175
1986-01-29,73.4,3.325
1986-01-30,76.0,2.8875
1986-01-31,78.9,1.875
1986-02-01,84.2,1.3375
1986-02-02,89.0,1.7
1986-02-03,98.9,1.6625
1986-02-04,100.6,1.2
1986-02-05,102.7,1.6875
1986-02-06,101.9,1.9875
1986-02-07,99.4,5.4375
1986-02-08,96.9,7.675
1986-02-09,95.1,5.875
1986-02-10,95.9,2.1625
1986-02-11,97.6,3.2625
1986-02-12,90.8,3.3125
1986-02-13,88.6,2.875
1986-02-14,88.4,3.225
1986-02-15,81.6,1.25
1986-02-16,72.9,1.175
1986-02-17,70.0,1.95
1986-02-18,70.3,2.6125
1986-02-19,69.7,2.0875
1986-02-20,69.6,3.125
1986-02-21,67.5,3.8375
1986-02-22,69.2,4.175
1986-02-23,69.2,4.3875
1986-02-24,70.1,3.375
1986-02-25,71.5,3.35
1986-02-26,73.5,3.75
1986-02-27,76.7,3.4
1986-02-28,78.5,3.7125
1986-03-01,85.6,3.2
1986-03-02,90.7,2.5875
1986-03-03,92.7,2.2875
1986-03-04,92.9,2.175
1986-03-05,92.0,2.0375
1986-03-06,91.1,3.9625
1986-03-07,88.9,4.25
1986-03-08,86.3,3.5875
1986-03-09,85.5,1.1875
1986-03-10,82.7,0.45
1986-03-11,80.3,0.4875
1986-03-12,77.8,1.6625
1986-03-13,75.2,3.5
1986-03-14,72.7,1.8375
1986-03-15,70.5,1.95
1986-03-16,69.6,1.6625
1986-03-17,69.6,1.6
1986-03-18,69.5,2.05
1986-03-19,69.4,2.15
1986-03-20,69.0,0.7
1986-03-21,69.0,2.9625
1986-03-22,69.6,3.375
1986-03-23,70.2,2.5375
1986-03-24,69.9,3.4625
1986-03-25,69.9,3.875
1986-03-26,71.1,2.5875
1986-03-27,70.5,3.0375
1986-03-28,70.6,2.925
1986-03-29,71.7,1.925
1986-03-30,71.6,1.3375
1986-03-31,71.6,1.7125
1986-04-01,71.9,1.7875
1986-04-02,70.7,1.425
1986-04-03,70.9,2.6375
1986-04-04,71.6,0.9625
1986-04-05,71.8,2.125
1986-04-06,71.8,1.1
1986-04-07,71.8,1.325
1986-04-08,71.6,1.3625
1986-04-09,71.8,2.7125
1986-04-10,72.2,2.975
1986-04-11,72.0,1.3375
1986-04-12,72.7,2.2875
1986-04-13,73.8,1.375
1986-04-14,75.5,1.15
1986-04-15,75.5,1.6625
1986-04-16,75.3,2.0
1986-04-17,74.7,1.5125
1986-04-18,73.7,1.5875
1986-04-19,74.2,2.4375
1986-04-20,74.3,1.3375
1986-04-21,73.5,1.6375
1986-04-22,74.3,2.4625
1986-04-23,81.2,2.2625
1986-04-24,86.4,2.5875
1986-04-25,84.7,1.7625
1986-04-26,83.1,1.75
1986-04-27,82.2,1.05
1986-04-28,79.0,2.3375
1986-04-29,75.9,1.9
1986-04-30,73.6,1.2625
1986-05-01,71.4,1.325
1986-05-02,73.1,4.2625
1986-05-03,72.6,3.3875
1986-05-04,70.4,2.85
1986-05-05,69.5,2.7875
1986-05-06,68.6,5.5
1986-05-07,68.6,2.5
1986-05-08,68.2,1.8375
1986-05-09,68.5,1.45
1986-05-10,69.5,1.5375
1986-05-11,70.0,1.85
1986-05-12,69.4,1.6875
1986-05-13,70.2,0.975
1986-05-14,70.1,0.7875
1986-05-15,71.1,0.9625
1986-05-16,72.6,1.75
1986-05-17,73.6,2.0875
1986-05-18,76.9,1.375
1986-05-19,76.9,2.0125
1986-05-20,77.7,1.475
1986-05-21,77.3,1.575
1986-05-22,77.3,0.775
1986-05-23,76.8,1.9875
1986-05-24,77.5,1.7625
1986-05-25,79.0,2.25
1986-05-26,75.1,1.9625
1986-05-27,72.7,1.8625
1986-05-28,72.3,0.6125
1986-05-29,72.3,0.9125
1986-05-30,70.5,1.9625
1986-05-31,71.2,3.2125
1986-06-01,69.1,2.8375
1986-06-02,67.8,2.0875
1986-06-03,67.9,2.25
1986-06-04,67.3,1.9625
1986-06-05,67.3,1.3625
1986-06-06,67.8,1.4875
1986-06-07,68.0,2.65
1986-06-08,68.2,1.7
1986-06-09,69.0,1.75
1986-06-10,68.2,2.675
1986-06-11,68.0,1.6625
1986-06-12,68.4,1.6125
1986-06-13,68.2,1.675
1986-06-14,69.9,1.725
1986-06-15,69.1,1.3375
1986-06-16,68.5,1.4375
1986-06-17,67.6,1.9
1986-06-18,67.7,2.0375
1986-06-19,67.4,1.35
1986-06-20,67.4,1.6625
1986-06-21,67.0,1.5625
1986-06-22,67.5,1.825
1986-06-23,67.4,1.125
1986-06-24,66.2,1.7
1986-06-25,66.3,0.7
1986-06-26,66.0,1.2
1986-06-27,66.3,3.6
1986-06-28,66.1,2.8
1986-06-29,66.1,2.3875
1986-06-30,66.1,2.05
1986-07-01,66.6,1.5875
1986-07-02,66.4,2.6625
1986-07-03,66.6,1.95
1986-07-04,67.0,1.875
1986-07-05,68.8,1.75
1986-07-06,71.5,1.3
1986-07-07,69.7,0.9125
1986-07-08,69.2,1.45
1986-07-09,70.1,1.6625
1986-07-10,72.5,1.5875
1986-07-11,72.2,0.825
1986-07-12,71.2,1.4
1986-07-13,71.8,1.675
1986-07-14,72.2,0.9625
1986-07-15,71.6,0.925
1986-07-16,72.0,1.4125
1986-07-17,72.5,1.925
1986-07-18,72.2,1.5125
1986-07-19,71.0,1.025
1986-07-20,70.9,0.8
1986-07-21,70.3,1.725
1986-07-22,70.9,1.625
1986-07-23,69.4,1.2375
1986-07-24,69.0,1.8125
1986-07-25,68.7,2.7125
1986-07-26,68.9,3.45
1986-07-27,69.4,2.8375
1986-07-28,70.3,2.2375
1986-07-29,71.8,3.2125
1986-07-30,71.4,2.4875
1986-07-31,70.5,2.5375
1986-08-01,70.7,1.55
1986-08-02,70.2,1.2
1986-08-03,70.8,3.2875
1986-08-04,69.6,3.3125
1986-08-05,69.7,2.1625
1986-08-06,70.1,1.65
1986-08-07,69.9,0.8625
1986-08-08,69.4,1.925
1986-08-09,69.4,2.175
1986-08-10,68.6,1.5
1986-08-11,66.8,1.8
1986-08-12,66.6,2.225
1986-08-13,66.2,2.325
1986-08-14,66.5,1.4125
1986-08-15,67.7,1.625
1986-08-16,67.7,1.1125
1986-08-17,67.2,1.25
1986-08-18,67.4,0.6
1986-08-19,67.7,1.175
1986-08-20,69.0,2.5125
1986-08-21,68.9,3.825
1986-08-22,68.5,3.925
1986-08-23,68.1,3.7875
1986-08-24,67.6,3.4875
1986-08-25,67.8,2.925
1986-08-26,68.5,2.4625
1986-08-27,67.7,2.7875
1986-08-28,67.5,2.4875
1986-08-29,67.5,3.6375
1986-08-30,68.0,3.8
1986-08-31,68.3,2.7875
1986-09-01,68.6,2.0875
1986-09-02,68.0,2.8375
1986-09-03,68.1,1.6625
1986-09-04,68.2,1.7875
1986-09-05,68.5,2.125
1986-09-06,68.4,1.8375
1986-09-07,68.9,1.3875
1986-09-08,68.4,1.2875
1986-09-09,68.4,1.425
1986-09-10,68.3,1.5
1986-09-11,67.9,2.2625
1986-09-12,67.9,5.5875
1986-09-13,68.1,3.5125
1986-09-14,69.1,2.3875
1986-09-15,70.7,3.175
1986-09-16,69.7,1.55
1986-09-17,68.5,2.7375
1986-09-18,68.2,3.375
1986-09-19,68.1,3.325
1986-09-20,68.1,3.0
1986-09-21,68.3,2.1
1986-09-22,67.8,0.95
1986-09-23,68.2,4.675
1986-09-24,68.4,3.5875
1986-09-25,69.1,3.5625
1986-09-26,68.2,3.775
1986-09-27,68.6,3.4125
1986-09-28,70.0,2.5
1986-09-29,71.3,2.6625
1986-09-30,71.4,1.3125
1986-10-01,71.1,1.75
1986-10-02,71.5,3.4
1986-10-03,72.0,2.05
1986-10-04,70.7,1.75
1986-10-05,71.1,3.3375
1986-10-06,72.5,2.325
1986-10-07,74.4,1.25
1986-10-08,75.0,1.425
1986-10-09,74.8,1.4875
1986-10-10,73.5,0.7125
1986-10-11,73.5,0.925
1986-10-12,75.6,0.525
1986-10-13,75.5,2.95
1986-10-14,75.4,4.0375
1986-10-15,72.2,2.775
1986-10-16,79.7,1.4875
1986-10-17,83.2,1.55
1986-10-18,87.0,2.3375
1986-10-19,89.3,3.5
1986-10-20,93.0,2.8375
1986-10-21,92.3,2.4875
1986-10-22,95.4,1.4
1986-10-23,98.9,1.2125
1986-10-24,98.4,0.45
1986-10-25,95.5,0.9
1986-10-26,95.3,0.8375
1986-10-27,95.5,2.925
1986-10-28,94.8,1.7875
1986-10-29,92.7,2.875
1986-10-30,91.1,2.8625
1986-10-31,90.6,1.6625
1986-11-01,88.9,2.2375
1986-11-02,85.5,1.5125
1986-11-03,82.1,2.75
1986-11-04,83.7,5.5875
1986-11-05,82.9,3.0375
1986-11-06,82.1,2.625
1986-11-07,78.3,1.3375
1986-11-08,74.9,1.1625
1986-11-09,73.3,0.7875
1986-11-10,71.8,1.1125
1986-11-11,71.3,2.6
1986-11-12,72.9,1.75
1986-11-13,77.6,1.3375
1986-11-14,75.7,1.25
1986-11-15,76.8,2.5875
1986-11-16,76.7,2.5125
1986-11-17,75.5,2.05
1986-11-18,74.7,1.4125
1986-11-19,74.3,0.9875
1986-11-20,74.3,1.1625
1986-11-21,75.9,0.625
1986-11-22,76.4,0.45
1986-11-23,77.7,1.6625
1986-11-24,79.1,4.5875
1986-11-25,77.5,4.925
1986-11-26,76.3,2.9125
1986-11-27,75.6,1.875
1986-11-28,75.1,1.25
1986-11-29,74.4,2.25
1986-11-30,72.9,2.7125
1986-12-01,72.7,2.525
1986-12-02,72.6,1.9625
1986-12-03,72.3,1.5375
1986-12-04,71.3,1.7
1986-12-05,72.1,0.7
1986-12-06,71.2,1.0375
1986-12-07,70.3,1.575
1986-12-08,71.2,0.9125
1986-12-09,73.0,1.575
1986-12-10,74.5,2.5125
1986-12-11,75.3,1.9125
1986-12-12,73.4,1.05
1986-12-13,73.8,2.25
1986-12-14,73.7,3.05
1986-12-15,73.2,0.9
1986-12-16,73.1,2.5125
1986-12-17,74.1,1.25
1986-12-18,73.8,1.25
1986-12-19,73.3,1.3
1986-12-20,72.7,1.8625
1986-12-21,72.9,2.2625
1986-12-22,73.8,2.7125
1986-12-23,73.2,3.5375
1986-12-24,72.4,2.25
1986-12-25,72.4,2.2125
1986-12-26,72.1,2.825
1986-12-27,71.8,2.2125
1986-12-28,71.6,0.775
1986-12-29,71.6,0.7875
1986-12-30,72.0,1.0875
1986-12-31,70.4,1.7125
1987-01-01,74.0,3.2875
1987-01-02,72.9,2.2625
1987-01-03,71.5,1.6625
1987-01-04,71.4,0.6625
1987-01-05,72.7,0.6625
1987-01-06,71.7,0.8
1987-01-07,72.1,1.125
1987-01-08,70.5,1.875
1987-01-09,70.3,2.1625
1987-01-10,69.7,1.4625
1987-01-11,70.3,1.2875
1987-01-12,71.3,2.225
1987-01-13,72.1,1.5375
1987-01-14,73.5,1.2125
1987-01-15,73.9,1.15
1987-01-16,73.0,2.5875
1987-01-17,73.1,2.0875
1987-01-18,72.9,1.8375
1987-01-19,72.3,1.7875
1987-01-20,71.2,3.125
1987-01-21,73.6,2.2875
1987-01-22,76.0,2.275
1987-01-23,74.4,2.4125
1987-01-24,73.9,1.825
1987-01-25,73.8,1.8375
1987-01-26,74.9,1.775
1987-01-27,72.1,1.6375
1987-01-28,73.0,2.4875
1987-01-29,72.8,1.875
1987-01-30,72.0,0.875
1987-01-31,70.8,1.7875
1987-02-01,71.3,1.75
1987-02-02,71.9,1.0375
1987-02-03,72.1,0.9625
1987-02-04,70.3,1.0
1987-02-05,69.4,1.05
1987-02-06,69.6,1.7
1987-02-07,71.0,2.2
1987-02-08,70.8,2.8375
1987-02-09,71.1,2.375
1987-02-10,71.1,1.9875
1987-02-11,70.3,1.4625
1987-02-12,69.6,3.1625
1987-02-13,69.7,1.075
1987-02-14,70.0,1.2125
1987-02-15,71.1,1.6
1987-02-16,70.1,2.575
1987-02-17,69.8,2.0875
1987-02-18,71.4,1.8375
1987-02-19,71.1,1.2125
1987-02-20,71.2,3.9125
1987-02-21,72.3,3.225
1987-02-22,72.0,3.075
1987-02-23,72.0,2.875
1987-02-24,73.6,2.4625
1987-02-25,75.0,1.7875
1987-02-26,75.4,1.375
1987-02-27,75.4,2.4875
1987-02-28,74.1,2.675
1987-03-01,74.1,2.125
1987-03-02,74.6,0.8375
1987-03-03,72.8,1.6125
1987-03-04,74.5,2.25
1987-03-05,74.9,3.3625
1987-03-06,76.8,2.2
1987-03-07,76.6,3.2375
1987-03-08,78.0,2.6125
1987-03-09,74.6,1.825
1987-03-10,72.3,2.1625
1987-03-11,71.4,2.075
1987-03-12,70.3,2.7
1987-03-13,70.4,1.95
1987-03-14,71.9,2.0875
1987-03-15,71.3,2.325
1987-03-16,71.7,2.4625
1987-03-17,71.9,2.0875
1987-03-18,73.2,2.4125
1987-03-19,72.1,2.4125
1987-03-20,74.4,0.9125
1987-03-21,74.7,2.9875
1987-03-22,74.3,2.7375
1987-03-23,76.0,1.5125
1987-03-24,76.4,1.125
1987-03-25,76.1,1.3375
1987-03-26,75.9,2.675
1987-03-27,75.7,3.8375
1987-03-28,75.2,2.2
1987-03-29,75.5,1.25
1987-03-30,74.7,1.05
1987-03-31,72.0,1.0125
1987-04-01,72.6,2.2625
1987-04-02,72.0,1.075
1987-04-03,72.4,0.275
1987-04-04,73.9,2.6625
1987-04-05,77.5,2.625
1987-04-06,89.2,1.8125
1987-04-07,94.2,2.55
1987-04-08,94.5,2.4875
1987-04-09,100.2,1.9875
1987-04-10,99.6,1.725
1987-04-11,100.8,1.7625
1987-04-12,98.1,1.1625
1987-04-13,98.7,2.375
1987-04-14,97.1,1.5375
1987-04-15,97.1,1.5375
1987-04-16,94.6,0.9875
1987-04-17,96.5,1.175
1987-04-18,93.2,0.925
1987-04-19,90.9,1.95
1987-04-20,84.9,2.075
1987-04-21,77.5,0.6625
1987-04-22,75.7,1.2
1987-04-23,75.7,0.8625
1987-04-24,77.7,2.225
1987-04-25,74.9,1.15
1987-04-26,73.3,1.075
1987-04-27,73.8,2.05
1987-04-28,73.3,0.45
1987-04-29,72.5,1.075
1987-04-30,75.7,0.975
1987-05-01,78.1,1.75
1987-05-02,78.9,1.5125
1987-05-03,81.4,1.4875
1987-05-04,83.0,1.3375
1987-05-05,84.6,1.0875
1987-05-06,86.3,1.1625
1987-05-07,86.5,1.825
1987-05-08,87.4,1.0
1987-05-09,85.7,1.175
1987-05-10,87.7,2.0875
1987-05-11,84.7,1.425
1987-05-12,83.6,0.5
1987-05-13,85.6,1.625
1987-05-14,89.2,2.2125
1987-05-15,91.6,1.0375
1987-05-16,96.0,1.1
1987-05-17,94.5,0.9125
1987-05-18,96.2,0.5
1987-05-19,97.8,0.475
1987-05-20,97.5,1.0625
1987-05-21,97.5,0.6125
1987-05-22,98.5,1.6625
1987-05-23,92.5,2.0125
1987-05-24,96.0,3.3
1987-05-25,94.3,3.4625
1987-05-26,89.9,2.0
1987-05-27,85.2,2.8875
1987-05-28,82.9,2.175
1987-05-29,77.1,3.0375
1987-05-30,75.8,1.9125
1987-05-31,75.2,2.475
1987-06-01,75.6,1.8875
1987-06-02,75.7,1.7375
1987-06-03,74.2,1.1125
1987-06-04,75.1,1.6125
1987-06-05,73.9,1.8625
1987-06-06,73.6,3.5375
1987-06-07,73.8,2.125
1987-06-08,74.8,0.875
1987-06-09,74.5,0.8
1987-06-10,75.8,1.0875
1987-06-11,78.3,1.8875
1987-06-12,79.6,2.7125
1987-06-13,79.7,1.7125
1987-06-14,78.1,1.475
1987-06-15,77.9,0.9875
1987-06-16,78.8,1.9125
1987-06-17,79.3,1.4
1987-06-18,80.3,1.6375
1987-06-19,79.8,3.0
1987-06-20,78.5,2.0
1987-06-21,80.0,1.5
1987-06-22,84.3,0.9625
1987-06-23,84.7,0.7625
1987-06-24,86.3,1.5875
1987-06-25,83.5,1.5
1987-06-26,81.5,2.0125
1987-06-27,76.3,1.2375
1987-06-28,76.6,1.05
1987-06-29,74.2,1.2875
1987-06-30,73.4,0.6625
1987-07-01,73.5,0.55
1987-07-02,72.0,0.7875
1987-07-03,71.3,1.7125
1987-07-04,70.8,1.825
1987-07-05,71.0,1.6375
1987-07-06,70.9,1.325
1987-07-07,71.7,0.9
1987-07-08,73.6,2.3375
1987-07-09,73.8,2.175
1987-07-10,73.8,2.375
1987-07-11,73.2,1.775
1987-07-12,73.1,1.95
1987-07-13,72.7,1.0
1987-07-14,74.1,1.4625
1987-07-15,76.3,3.5125
1987-07-16,78.3,3.375
1987-07-17,78.9,2.9
1987-07-18,79.9,2.45
1987-07-19,82.4,2.05
1987-07-20,90.8,2.1375
1987-07-21,92.6,1.625
1987-07-22,99.4,1.95
1987-07-23,112.0,1.375
1987-07-24,111.4,2.175
1987-07-25,111.4,3.125
1987-07-26,106.4,0.8625
1987-07-27,102.2,1.35
1987-07-28,99.4,3.4875
1987-07-29,94.4,4.25
1987-07-30,91.2,2.0125
1987-07-31,89.2,2.4125
1987-08-01,88.4,2.125
1987-08-02,87.1,1.2375
1987-08-03,84.6,2.2875
1987-08-04,81.6,1.775
1987-08-05,79.3,2.6875
1987-08-06,82.8,1.9125
1987-08-07,87.1,1.0875
1987-08-08,91.3,2.2125
1987-08-09,92.3,2.0
1987-08-10,91.5,1.1125
1987-08-11,97.2,1.6625
1987-08-12,97.4,3.0375
1987-08-13,99.2,3.45
1987-08-14,99.8,3.0375
1987-08-15,98.8,3.325
1987-08-16,100.2,2.6125
1987-08-17,98.8,2.4875
1987-08-18,98.0,1.675
1987-08-19,96.7,2.075
1987-08-20,98.9,2.1125
1987-08-21,94.4,1.2875
1987-08-22,92.3,1.6625
1987-08-23,89.8,2.4375
1987-08-24,87.7,2.375
1987-08-25,88.0,4.2625
1987-08-26,85.5,4.5125
1987-08-27,83.4,3.425
1987-08-28,79.7,2.725
1987-08-29,78.4,2.45
1987-08-30,77.0,2.7625
1987-08-31,81.7,4.0875
1987-09-01,83.8,4.325
1987-09-02,84.0,2.5375
1987-09-03,86.0,0.9125
1987-09-04,88.2,1.75
1987-09-05,92.0,1.75
1987-09-06,94.1,2.25
1987-09-07,98.0,2.2625
1987-09-08,100.5,2.3125
1987-09-09,99.5,2.1375
1987-09-10,96.5,3.7125
1987-09-11,94.2,4.625
1987-09-12,90.0,3.5375
1987-09-13,88.7,3.4625
1987-09-14,85.8,3.8
1987-09-15,84.1,4.075
1987-09-16,82.7,3.3
1987-09-17,83.2,3.2125
1987-09-18,81.7,1.9875
1987-09-19,82.0,0.8375
1987-09-20,84.2,2.2
1987-09-21,82.4,2.2875
1987-09-22,80.7,3.6375
1987-09-23,79.9,2.55
1987-09-24,79.8,2.75
1987-09-25,77.5,4.7125
1987-09-26,76.1,3.3
1987-09-27,79.9,2.4625
1987-09-28,82.0,3.45
1987-09-29,83.3,3.9625
1987-09-30,81.7,4.5875
1987-10-01,84.1,2.7
1987-10-02,84.7,1.9125
1987-10-03,85.6,3.95
1987-10-04,89.2,2.5875
1987-10-05,90.2,1.4875
1987-10-06,89.6,1.325
1987-10-07,91.1,1.7
1987-10-08,95.2,2.0
1987-10-09,93.0,0.7125
1987-10-10,101.5,1.6625
1987-10-11,101.2,3.85
1987-10-12,102.7,1.9625
1987-10-13,106.1,3.6625
1987-10-14,114.0,4.125
1987-10-15,118.5,3.8375
1987-10-16,111.9,2.7
1987-10-17,106.8,3.0375
1987-10-18,107.4,1.325
1987-10-19,101.3,1.6125
1987-10-20,96.5,1.7
1987-10-21,90.2,2.7
1987-10-22,89.1,1.325
1987-10-23,87.9,2.2875
1987-10-24,88.1,3.025
1987-10-25,93.4,3.7875
1987-10-26,98.1,2.375
1987-10-27,107.3,4.4125
1987-10-28,107.7,4.7875
1987-10-29,104.2,3.375
1987-10-30,105.7,2.65
1987-10-31,99.3,2.4625
1987-11-01,100.7,1.8
1987-11-02,106.7,3.325
1987-11-03,99.7,3.75
1987-11-04,102.9,2.125
1987-11-05,101.0,2.225
1987-11-06,96.6,2.25
1987-11-07,96.2,1.2125
1987-11-08,94.5,1.0875
1987-11-09,92.1,1.95
1987-11-10,91.0,2.2875
1987-11-11,94.5,2.7875
1987-11-12,94.6,3.25
1987-11-13,94.9,3.9375
1987-11-14,94.3,3.575
1987-11-15,95.8,2.8375
1987-11-16,97.2,1.7875
1987-11-17,99.1,0.525
1987-11-18,102.4,1.3125
1987-11-19,109.2,2.575
1987-11-20,115.0,2.4125
1987-11-21,118.2,1.525
1987-11-22,120.8,1.8375
1987-11-23,118.1,4.1875
1987-11-24,112.3,3.7125
1987-11-25,107.7,2.6625
1987-11-26,104.1,3.125
1987-11-27,97.5,3.4125
1987-11-28,94.9,2.2
1987-11-29,93.3,0.625
1987-11-30,91.6,0.7875
1987-12-01,90.1,1.2125
1987-12-02,89.0,1.0875
1987-12-03,88.3,2.5625
1987-12-04,87.6,1.825
1987-12-05,89.4,3.0375
1987-12-06,88.3,2.0
1987-12-07,87.9,1.15
1987-12-08,91.4,0.2375
1987-12-09,94.0,1.125
1987-12-10,92.9,3.825
1987-12-11,94.0,2.775
1987-12-12,94.4,2.15
1987-12-13,94.0,0.9625
1987-12-14,94.4,1.05
1987-12-15,95.0,1.875
1987-12-16,96.4,4.55
1987-12-17,95.2,3.0375
1987-12-18,93.2,1.8125
1987-12-19,91.3,1.875
1987-12-20,89.8,1.2
1987-12-21,93.7,2.2375
1987-12-22,91.0,3.5875
1987-12-23,91.2,2.15
1987-12-24,92.9,1.7125
1987-12-25,99.5,1.7125
1987-12-26,100.1,1.175
1987-12-27,104.8,0.2375
1987-12-28,106.0,0.5875
1987-12-29,104.9,1.15
1987-12-30,102.6,0.575
1987-12-31,103.1,1.1625
1988-01-01,103.5,1.2625
1988-01-02,96.9,3.825
1988-01-03,104.7,1.7375
1988-01-04,101.6,2.2875
1988-01-05,102.9,2.75
1988-01-06,105.2,3.9125
1988-01-07,105.6,3.375
1988-01-08,109.2,3.3
1988-01-09,104.0,1.6
1988-01-10,104.3,1.0
1988-01-11,105.2,1.95
1988-01-12,111.1,3.125
1988-01-13,111.7,1.6625
1988-01-14,117.5,4.325
1988-01-15,116.2,4.825
1988-01-16,125.9,1.3375
1988-01-17,120.3,1.75
1988-01-18,114.6,2.25
1988-01-19,118.0,2.3375
1988-01-20,116.4,2.7
1988-01-21,115.2,2.0
1988-01-22,107.9,1.7125
1988-01-23,108.1,0.5375
1988-01-24,105.5,1.2
1988-01-25,97.9,1.55
1988-01-26,96.5,1.825
1988-01-27,104.8,2.625
1988-01-28,106.2,1.35
1988-01-29,102.2,1.0375
1988-01-30,103.2,0.575
1988-01-31,106.2,0.575
1988-02-01,108.7,0.4875
1988-02-02,107.4,1.1375
1988-02-03,106.6,0.7
1988-02-04,106.1,1.7
1988-02-05,105.6,4.0625
1988-02-06,106.5,2.45
1988-02-07,108.3,1.425
1988-02-08,105.3,1.125
1988-02-09,103.8,2.3625
1988-02-10,102.9,2.6375
1988-02-11,102.2,2.25
1988-02-12,104.0,3.0125
1988-02-13,105.6,2.875
1988-02-14,105.2,1.625
1988-02-15,102.9,3.175
1988-02-16,103.5,2.55
1988-02-17,108.8,2.6625
1988-02-18,115.2,3.1125
1988-02-19,111.5,1.7875
1988-02-20,108.9,1.25
1988-02-21,107.0,3.7125
1988-02-22,104.7,6.3
1988-02-23,102.4,3.95
1988-02-24,101.7,2.5875
1988-02-25,98.4,2.7875
1988-02-26,98.6,2.1375
1988-02-27,98.2,1.6125
1988-02-28,99.0,1.3375
1988-02-29,105.2,0.7125
1988-03-01,101.6,1.1625
1988-03-02,100.8,1.4125
1988-03-03,103.6,2.2875
1988-03-04,104.3,3.25
1988-03-05,108.4,1.9125
1988-03-06,109.3,3.2
1988-03-07,108.9,2.325
1988-03-08,105.6,3.6125
1988-03-09,102.9,2.6375
1988-03-10,100.5,2.4875
1988-03-11,104.2,2.7875
1988-03-12,104.8,2.1625
1988-03-13,109.1,1.2
1988-03-14,110.1,2.5875
1988-03-15,113.8,3.325
1988-03-16,115.2,2.7125
1988-03-17,118.5,2.1625
1988-03-18,117.1,1.825
1988-03-19,117.1,1.1625
1988-03-20,117.2,1.3375
1988-03-21,118.3,0.375
1988-03-22,118.4,0.7625
1988-03-23,121.6,1.2875
1988-03-24,123.7,1.1625
1988-03-25,129.1,2.2
1988-03-26,128.1,4.6
1988-03-27,128.5,4.0875
1988-03-28,130.2,3.7375
1988-03-29,132.1,4.2125
1988-03-30,128.6,4.0375
1988-03-31,130.8,2.525
1988-04-01,127.3,2.7875
1988-04-02,126.6,3.35
1988-04-03,127.6,4.175
1988-04-04,122.5,5.7
1988-04-05,114.4,3.375
1988-04-06,116.6,4.6625
1988-04-07,119.7,2.925
1988-04-08,121.4,1.7625
1988-04-09,121.4,2.2375
1988-04-10,126.7,2.9125
1988-04-11,127.4,2.175
1988-04-12,129.9,2.8875
1988-04-13,133.8,2.3
1988-04-14,145.3,2.2375
1988-04-15,142.5,1.425
1988-04-16,146.5,1.2625
1988-04-17,144.3,1.225
1988-04-18,144.0,1.7
1988-04-19,137.2,2.2
1988-04-20,133.6,1.5375
1988-04-21,126.3,1.875
1988-04-22,118.8,4.825
1988-04-23,110.2,3.225
1988-04-24,104.3,1.7375
1988-04-25,105.4,1.375
1988-04-26,102.5,1.2125
1988-04-27,100.5,1.5
1988-04-28,100.2,2.5125
1988-04-29,100.6,1.375
1988-04-30,103.2,1.875
1988-05-01,107.1,1.45
1988-05-02,111.3,1.8
1988-05-03,114.5,1.7625
1988-05-04,125.3,2.6875
1988-05-05,119.0,2.75
1988-05-06,114.4,6.3625
1988-05-07,110.8,2.5875
1988-05-08,114.5,2.775
1988-05-09,119.6,2.325
1988-05-10,114.1,2.45
1988-05-11,112.3,1.75
1988-05-12,109.3,1.2875
1988-05-13,103.7,1.2625
1988-05-14,102.9,0.8375
1988-05-15,101.1,1.425
1988-05-16,101.0,2.3875
1988-05-17,101.3,3.675
1988-05-18,104.2,2.9875
1988-05-19,102.3,1.6375
1988-05-20,103.6,1.5875
1988-05-21,109.9,2.3375
1988-05-22,111.2,1.825
1988-05-23,119.2,1.425
1988-05-24,116.8,1.9625
1988-05-25,120.6,1.4875
1988-05-26,124.5,1.6375
1988-05-27,126.6,0.625
1988-05-28,126.6,0.75
1988-05-29,136.4,1.8
1988-05-30,138.9,2.45
1988-05-31,149.4,2.25
1988-06-01,145.2,1.6625
1988-06-02,143.5,1.275
1988-06-03,145.3,0.5375
1988-06-04,146.6,0.6125
1988-06-05,146.8,2.0875
1988-06-06,154.4,1.5375
1988-06-07,159.8,1.6375
1988-06-08,163.3,1.575
1988-06-09,160.9,1.7125
1988-06-10,145.3,1.9875
1988-06-11,133.6,1.825
1988-06-12,122.1,0.8625
1988-06-13,111.5,1.3
1988-06-14,108.2,3.375
1988-06-15,110.0,2.0
1988-06-16,117.9,1.5875
1988-06-17,120.9,2.3875
1988-06-18,121.7,2.5875
1988-06-19,115.6,3.4
1988-06-20,114.7,2.3
1988-06-21,118.9,1.375
1988-06-22,120.4,2.5875
1988-06-23,125.2,2.075
1988-06-24,131.3,3.125
1988-06-25,148.7,3.875
1988-06-26,152.5,3.0
1988-06-27,155.3,2.125
1988-06-28,177.3,2.2875
1988-06-29,183.3,3.75
1988-06-30,181.3,3.5375
1988-07-01,188.1,2.925
1988-07-02,192.4,2.3875
1988-07-03,184.0,1.8
1988-07-04,175.1,0.9125
1988-07-05,165.6,1.125
1988-07-06,151.6,2.5375
1988-07-07,147.4,2.0
1988-07-08,137.8,2.3625
1988-07-09,133.2,0.65
1988-07-10,133.8,1.75
1988-07-11,133.2,3.5
1988-07-12,133.4,2.9875
1988-07-13,136.7,1.25
1988-07-14,145.3,1.875
1988-07-15,145.9,2.45
1988-07-16,148.4,3.4625
1988-07-17,147.9,1.725
1988-07-18,147.5,2.2125
1988-07-19,137.6,2.05
1988-07-20,136.9,0.7625
1988-07-21,141.2,3.4
1988-07-22,136.8,3.925
1988-07-23,140.1,2.3
1988-07-24,134.3,1.8375
1988-07-25,136.6,1.575
1988-07-26,145.2,3.0875
1988-07-27,156.6,2.45
1988-07-28,170.1,2.4
1988-07-29,180.4,1.5875
1988-07-30,182.7,1.575
1988-07-31,186.9,2.05
1988-08-01,175.6,1.8625
1988-08-02,182.2,1.425
1988-08-03,167.3,1.5875
1988-08-04,159.0,0.4875
1988-08-05,154.7,1.55
1988-08-06,158.9,1.3625
1988-08-07,165.7,1.2375
1988-08-08,181.8,0.7
1988-08-09,177.5,2.7
1988-08-10,177.0,1.95
1988-08-11,173.5,2.125
1988-08-12,157.0,3.0375
1988-08-13,155.6,3.2125
1988-08-14,147.8,3.3125
1988-08-15,140.4,3.0
1988-08-16,134.4,2.0
1988-08-17,142.1,1.225
1988-08-18,125.5,2.0875
1988-08-19,121.0,2.05
1988-08-20,115.4,2.9625
1988-08-21,113.5,1.5625
1988-08-22,112.4,2.9125
1988-08-23,119.1,2.4125
1988-08-24,130.9,2.4125
1988-08-25,141.3,2.875
1988-08-26,153.9,2.125
1988-08-27,163.5,2.8875
1988-08-28,170.6,2.1625
1988-08-29,185.4,2.675
1988-08-30,186.5,2.5625
1988-08-31,191.0,2.4625
1988-09-01,187.9,3.4625
1988-09-02,175.8,2.6625
1988-09-03,174.3,2.0625
1988-09-04,163.2,1.8625
1988-09-05,163.7,1.0
1988-09-06,150.1,0.825
1988-09-07,143.2,1.1625
1988-09-08,136.9,1.5125
1988-09-09,126.2,1.05
1988-09-10,116.0,1.675
1988-09-11,120.3,4.9125
1988-09-12,125.4,3.1
1988-09-13,123.3,2.4125
1988-09-14,128.7,2.4625
1988-09-15,124.7,2.5
1988-09-16,127.2,1.5
1988-09-17,134.0,3.4625
1988-09-18,138.2,4.0375
1988-09-19,137.4,3.6125
1988-09-20,150.2,2.45
1988-09-21,156.6,2.4125
1988-09-22,177.4,3.3
1988-09-23,176.7,2.4125
1988-09-24,177.6,1.9875
1988-09-25,176.5,2.4
1988-09-26,171.2,1.925
1988-09-27,178.9,1.325
1988-09-28,170.4,1.425
1988-09-29,171.5,0.9375
1988-09-30,172.7,1.95
1988-10-01,179.1,2.4875
1988-10-02,196.8,1.225
1988-10-03,200.3,0.65
1988-10-04,189.2,1.5375
1988-10-05,191.1,3.25
1988-10-06,193.6,4.4625
1988-10-07,182.7,1.7375
1988-10-08,173.0,1.7
1988-10-09,177.0,3.2
1988-10-10,178.4,5.7875
1988-10-11,168.9,2.5
1988-10-12,149.1,1.475
1988-10-13,158.3,1.5125
1988-10-14,151.3,1.4625
1988-10-15,150.0,1.4125
1988-10-16,153.3,2.3
1988-10-17,176.3,2.975
1988-10-18,163.6,4.075
1988-10-19,165.4,2.6125
1988-10-20,167.5,3.3
1988-10-21,167.5,1.75
1988-10-22,167.9,0.6
1988-10-23,173.0,1.5625
1988-10-24,170.3,1.6
1988-10-25,164.0,0.975
1988-10-26,157.3,1.7125
1988-10-27,163.9,2.0375
1988-10-28,158.1,2.0125
1988-10-29,158.1,0.7
1988-10-30,156.5,1.0
1988-10-31,162.8,2.4125
1988-11-01,159.7,1.75
1988-11-02,159.0,4.05
1988-11-03,166.7,3.8375
1988-11-04,162.4,2.1125
1988-11-05,166.7,2.3375
1988-11-06,164.1,2.6625
1988-11-07,154.4,3.2
1988-11-08,146.3,3.175
1988-11-09,155.4,2.5375
1988-11-10,150.7,2.5875
1988-11-11,157.0,2.1875
1988-11-12,153.8,3.1875
1988-11-13,161.2,2.1125
1988-11-14,177.0,2.5
1988-11-15,164.7,2.75
1988-11-16,190.4,3.175
1988-11-17,179.7,2.3625
1988-11-18,165.7,2.0125
1988-11-19,154.9,1.05
1988-11-20,150.2,0.45
1988-11-21,156.7,1.4625
1988-11-22,157.0,1.0
1988-11-23,139.2,0.5875
1988-11-24,141.6,0.925
1988-11-25,141.2,1.625
1988-11-26,141.1,3.3375
1988-11-27,144.8,2.6375
1988-11-28,142.7,2.025
1988-11-29,141.5,2.025
1988-11-30,139.7,3.9875
1988-12-01,154.8,1.2
1988-12-02,153.8,2.725
1988-12-03,151.6,3.1875
1988-12-04,146.9,2.3
1988-12-05,159.2,0.925
1988-12-06,162.5,0.8
1988-12-07,157.6,0.625
1988-12-08,169.2,1.25
1988-12-09,170.3,0.875
1988-12-10,166.3,1.9125
1988-12-11,182.0,3.0375
1988-12-12,179.4,2.6625
1988-12-13,186.9,3.4
1988-12-14,211.0,2.45
1988-12-15,218.9,1.9
1988-12-16,239.7,3.7
1988-12-17,249.6,3.9375
1988-12-18,251.5,3.8
1988-12-19,248.2,3.425
1988-12-20,246.8,1.7875
1988-12-21,253.4,2.4625
1988-12-22,254.9,2.6625
1988-12-23,242.7,1.05
1988-12-24,229.1,1.1625
1988-12-25,217.6,3.4
1988-12-26,199.6,3.75
1988-12-27,208.8,3.35
1988-12-28,208.5,2.75
1988-12-29,203.4,3.3375
1988-12-30,185.6,2.375
1988-12-31,183.7,2.5375
1989-01-01,185.7,3.0
1989-01-02,200.4,1.5875
1989-01-03,195.7,1.0375
1989-01-04,202.4,2.05
1989-01-05,208.5,4.1375
1989-01-06,205.5,2.2625
1989-01-07,247.7,2.375
1989-01-08,269.1,2.9875
1989-01-09,259.9,3.125
1989-01-10,258.5,2.5875
1989-01-11,263.4,3.4875
1989-01-12,272.1,2.9125
1989-01-13,301.5,2.2125
1989-01-14,284.1,2.5125
1989-01-15,289.5,4.55
1989-01-16,301.8,4.7625
1989-01-17,275.6,3.9625
1989-01-18,280.2,2.875
1989-01-19,249.6,1.8375
1989-01-20,229.3,4.1375
1989-01-21,204.7,4.0875
1989-01-22,210.2,4.0
1989-01-23,212.2,3.575
1989-01-24,217.8,2.4625
1989-01-25,234.5,2.675
1989-01-26,212.8,2.4125
1989-01-27,217.7,2.5
1989-01-28,213.5,2.7125
1989-01-29,206.7,2.2875
1989-01-30,193.0,2.65
1989-01-31,193.2,3.9375
1989-02-01,190.3,3.925
1989-02-02,176.3,3.1625
1989-02-03,191.3,4.775
1989-02-04,188.7,3.7625
1989-02-05,200.7,3.5875
1989-02-06,211.1,3.675
1989-02-07,216.4,3.8875
1989-02-08,250.7,2.7875
1989-02-09,266.4,3.325
1989-02-10,277.1,2.25
1989-02-11,263.8,2.225
1989-02-12,264.0,2.85
1989-02-13,265.1,3.55
1989-02-14,267.3,2.625
1989-02-15,247.3,2.5375
1989-02-16,247.0,2.95
1989-02-17,239.5,1.325
1989-02-18,218.9,2.0125
1989-02-19,219.0,2.1125
1989-02-20,206.8,3.4875
1989-02-21,222.7,2.375
1989-02-22,218.6,2.7
1989-02-23,219.3,1.275
1989-02-24,217.9,2.0875
1989-02-25,208.0,1.625
1989-02-26,194.1,0.8375
1989-02-27,171.9,1.6375
1989-02-28,166.6,2.625
1989-03-01,171.9,2.6625
1989-03-02,176.8,3.7
1989-03-03,171.9,4.3875
1989-03-04,166.3,2.4875
1989-03-05,186.5,4.0
1989-03-06,204.2,3.75
1989-03-07,193.2,3.1625
1989-03-08,205.5,2.95
1989-03-09,207.0,4.125
1989-03-10,215.2,3.3375
1989-03-11,235.4,3.1375
1989-03-12,240.5,3.55
1989-03-13,256.0,8.125
1989-03-14,266.7,6.925
1989-03-15,258.5,4.8
1989-03-16,264.3,4.75
1989-03-17,243.0,4.275
1989-03-18,236.3,2.45
1989-03-19,222.9,4.5375
1989-03-20,219.9,2.7375
1989-03-21,215.0,3.6375
1989-03-22,224.0,4.425
1989-03-23,217.4,4.3375
1989-03-24,194.3,2.5375
1989-03-25,187.1,2.1125
1989-03-26,172.4,2.8
1989-03-27,163.2,4.5375
1989-03-28,157.8,4.5
1989-03-29,156.2,5.6125
1989-03-30,160.1,4.6625
1989-03-31,167.8,5.1125
1989-04-01,174.0,4.7125
1989-04-02,183.6,3.8375
1989-04-03,196.5,3.3875
1989-04-04,188.8,4.875
1989-04-05,190.8,4.65
1989-04-06,196.1,2.7875
1989-04-07,199.3,3.85
1989-04-08,206.5,3.4125
1989-04-09,193.3,2.9125
1989-04-10,181.5,1.95
1989-04-11,179.8,2.6875
1989-04-12,180.3,1.7625
1989-04-13,184.2,3.15
1989-04-14,196.8,3.525
1989-04-15,198.1,3.7375
1989-04-16,202.3,2.7375
1989-04-17,208.9,2.075
1989-04-18,202.3,1.875
1989-04-19,207.8,1.5875
1989-04-20,190.6,2.325
1989-04-21,194.1,1.7
1989-04-22,191.5,1.6625
1989-04-23,181.0,2.4875
1989-04-24,186.8,1.975
1989-04-25,177.5,3.9625
1989-04-26,174.6,5.75
1989-04-27,174.5,5.0
1989-04-28,180.7,4.625
1989-04-29,186.8,3.9625
1989-04-30,177.9,3.1125
1989-05-01,177.7,2.1625
1989-05-02,181.6,3.2875
1989-05-03,187.5,2.575
1989-05-04,194.9,3.2375
1989-05-05,190.3,4.4625
1989-05-06,192.4,2.8375
1989-05-07,196.9,4.5625
1989-05-08,208.4,1.325
1989-05-09,201.2,1.3
1989-05-10,204.6,1.1
1989-05-11,194.9,1.5375
1989-05-12,193.1,2.3375
1989-05-13,193.3,2.05
1989-05-14,189.0,2.2875
1989-05-15,191.5,2.7125
1989-05-16,184.4,1.875
1989-05-17,182.8,1.925
1989-05-18,180.6,1.65
1989-05-19,184.2,1.4625
1989-05-20,198.3,2.4625
1989-05-21,206.8,2.025
1989-05-22,198.9,2.5
1989-05-23,206.9,4.0
1989-05-24,204.7,5.625
1989-05-25,189.6,3.75
1989-05-26,183.1,3.0625
1989-05-27,172.0,3.05
1989-05-28,168.9,2.7375
1989-05-29,168.9,2.8875
1989-05-30,178.0,2.2
1989-05-31,188.9,2.7125
1989-06-01,186.3,2.5
1989-06-02,202.4,3.275
1989-06-03,197.5,2.7875
1989-06-04,215.0,2.2375
1989-06-05,207.0,1.7625
1989-06-06,206.0,2.0875
1989-06-07,199.3,3.925
1989-06-08,216.3,2.9625
1989-06-09,234.7,3.9
1989-06-10,243.3,5.8375
1989-06-11,262.1,3.525
1989-06-12,277.1,2.5375
1989-06-13,309.4,2.8375
1989-06-14,317.1,4.95
1989-06-15,324.3,4.4125
1989-06-16,310.9,1.85
1989-06-17,294.2,1.2
1989-06-18,262.9,1.25
1989-06-19,262.0,2.0375
1989-06-20,241.4,3.825
1989-06-21,235.1,1.175
1989-06-22,225.6,1.25
1989-06-23,231.0,1.425
1989-06-24,220.3,2.0375
1989-06-25,214.5,1.9
1989-06-26,225.5,1.9625
1989-06-27,220.1,1.45
1989-06-28,220.0,1.7375
1989-06-29,215.8,2.775
1989-06-30,210.3,2.1375
1989-07-01,197.4,2.9
1989-07-02,187.1,1.1125
1989-07-03,186.2,0.575
1989-07-04,183.6,0.5625
1989-07-05,177.4,2.5875
1989-07-06,186.0,2.45
1989-07-07,187.2,2.0375
1989-07-08,182.7,0.8375
1989-07-09,182.0,1.4625
1989-07-10,178.1,2.5125
1989-07-11,186.9,1.0
1989-07-12,184.5,0.7875
1989-07-13,178.1,1.7
1989-07-14,178.0,1.125
1989-07-15,179.7,1.6375
1989-07-16,178.0,0.35
1989-07-17,178.2,2.7375
1989-07-18,183.2,2.5625
1989-07-19,187.6,0.975
1989-07-20,186.3,1.1875
1989-07-21,188.9,1.3375
1989-07-22,194.6,1.725
1989-07-23,190.4,2.4375
1989-07-24,185.2,2.15
1989-07-25,174.9,1.7125
1989-07-26,164.6,2.75
1989-07-27,167.6,2.0875
1989-07-28,165.6,2.175
1989-07-29,175.5,2.375
1989-07-30,179.6,1.8625
1989-07-31,182.7,1.175
1989-08-01,192.7,1.4625
1989-08-02,195.9,1.475
1989-08-03,213.9,1.375
1989-08-04,219.3,2.0
1989-08-05,234.7,0.4875
1989-08-06,233.6,1.7875
1989-08-07,234.0,2.2875
1989-08-08,227.3,1.875
1989-08-09,227.6,1.9625
1989-08-10,226.4,4.5875
1989-08-11,237.2,3.6125
1989-08-12,249.5,1.95
1989-08-13,257.2,2.25
1989-08-14,264.5,4.875
1989-08-15,274.7,5.7125
1989-08-16,253.4,3.625
1989-08-17,256.6,4.0875
1989-08-18,258.7,3.9625
1989-08-19,243.3,2.3375
1989-08-20,231.0,3.425
1989-08-21,220.6,2.8625
1989-08-22,200.9,2.35
1989-08-23,187.2,3.8375
1989-08-24,178.1,1.425
1989-08-25,156.4,1.2
1989-08-26,157.7,1.6
1989-08-27,156.4,3.6625
1989-08-28,170.7,2.675
1989-08-29,176.9,4.7125
1989-08-30,188.4,3.0375
1989-08-31,205.1,1.5375
1989-09-01,219.8,1.9125
1989-09-02,229.3,1.9125
1989-09-03,238.9,1.8
1989-09-04,241.0,3.575
1989-09-05,269.0,3.1625
1989-09-06,284.0,2.6625
1989-09-07,298.9,3.3
1989-09-08,297.8,2.9625
1989-09-09,307.2,2.3875
1989-09-10,299.2,2.325
1989-09-11,295.5,0.7375
1989-09-12,288.6,2.5375
1989-09-13,246.4,2.2125
1989-09-14,242.1,1.275
1989-09-15,223.6,4.3875
1989-09-16,231.3,3.275
1989-09-17,214.1,1.625
1989-09-18,206.7,4.55
1989-09-19,195.3,4.7125
1989-09-20,171.7,1.5375
1989-09-21,160.6,2.0
1989-09-22,158.2,3.55
1989-09-23,156.5,1.1375
1989-09-24,156.1,1.7125
1989-09-25,165.9,1.2
1989-09-26,181.4,4.4125
1989-09-27,198.6,1.6625
1989-09-28,193.6,1.875
1989-09-29,204.1,2.025
1989-09-30,201.5,2.45
1989-10-01,198.0,2.7375
1989-10-02,208.2,2.0875
1989-10-03,222.2,2.425
1989-10-04,234.0,1.625
1989-10-05,223.3,1.25
1989-10-06,220.7,2.3375
1989-10-07,226.1,2.6125
1989-10-08,210.6,2.0875
1989-10-09,202.5,2.4125
1989-10-10,196.1,2.5875
1989-10-11,192.2,1.85
1989-10-12,204.1,2.0375
1989-10-13,225.3,0.25
1989-10-14,227.1,0.1625
1989-10-15,226.8,1.0125
1989-10-16,238.5,2.35
1989-10-17,227.0,2.625
1989-10-18,223.1,3.025
1989-10-19,216.6,3.4125
1989-10-20,207.3,5.875
1989-10-21,208.2,7.125
1989-10-22,220.0,5.0375
1989-10-23,212.6,3.2125
1989-10-24,216.5,3.1625
1989-10-25,185.4,3.125
1989-10-26,173.8,3.5
1989-10-27,179.2,3.1125
1989-10-28,175.3,2.125
1989-10-29,174.4,2.675
1989-10-30,189.0,3.5875
1989-10-31,205.0,2.6625
1989-11-01,214.6,2.0
1989-11-02,219.5,3.25
1989-11-03,221.2,3.875
1989-11-04,227.7,3.825
1989-11-05,239.5,3.325
1989-11-06,260.0,2.55
1989-11-07,211.1,3.275
1989-11-08,276.0,2.8375
1989-11-09,262.2,3.625
1989-11-10,251.3,2.3625
1989-11-11,254.3,3.3
1989-11-12,258.8,2.2
1989-11-13,245.5,4.7375
1989-11-14,248.4,2.5625
1989-11-15,221.4,1.375
1989-11-16,221.2,1.425
1989-11-17,220.0,5.975
1989-11-18,226.8,4.0
1989-11-19,234.7,2.05
1989-11-20,229.2,2.2
1989-11-21,235.1,2.2
1989-11-22,227.7,1.5375
1989-11-23,218.8,1.425
1989-11-24,214.2,2.025
1989-11-25,221.7,0.4125
1989-11-26,240.6,2.175
1989-11-27,245.9,2.875
1989-11-28,237.7,4.0
1989-11-29,221.2,3.3625
1989-11-30,247.7,3.45
1989-12-01,230.1,4.3375
1989-12-02,219.9,3.4125
1989-12-03,211.6,3.875
1989-12-04,219.2,3.9875
1989-12-05,216.0,2.275
1989-12-06,216.1,1.3375
1989-12-07,228.3,2.3
1989-12-08,209.8,1.6125
1989-12-09,200.6,1.1125
1989-12-10,182.7,0.5875
1989-12-11,177.2,1.4875
1989-12-12,170.1,1.8625
1989-12-13,168.4,1.65
1989-12-14,167.0,2.1625
1989-12-15,170.9,2.3375
1989-12-16,169.5,2.9375
1989-12-17,181.8,2.4875
1989-12-18,192.0,1.9625
1989-12-19,194.4,1.575
1989-12-20,195.5,1.6125
1989-12-21,196.3,1.95
1989-12-22,206.6,3.7
1989-12-23,221.0,2.8625
1989-12-24,238.8,3.3625
1989-12-25,256.4,3.05
1989-12-26,261.2,3.3625
1989-12-27,284.1,3.8125
1989-12-28,254.8,2.1625
1989-12-29,250.9,4.55
1989-12-30,267.0,4.125
1989-12-31,244.8,4.2125
1990-01-01,216.5,3.0875
1990-01-02,215.7,2.9875
1990-01-03,199.1,2.6125
1990-01-04,195.6,2.4625
1990-01-05,193.5,3.1375
1990-01-06,187.0,1.825
1990-01-07,183.2,1.4125
1990-01-08,176.8,2.1625
1990-01-09,166.0,2.625
1990-01-10,172.9,3.0375
1990-01-11,175.2,3.3375
1990-01-12,175.7,3.0
1990-01-13,172.6,2.2
1990-01-14,171.5,1.8375
1990-01-15,191.1,2.1375
1990-01-16,193.8,2.0875
1990-01-17,193.0,2.1375
1990-01-18,224.4,2.075
1990-01-19,240.7,0.8625
1990-01-20,246.0,2.85
1990-01-21,259.0,3.125
1990-01-22,241.2,3.3375
1990-01-23,241.1,3.4625
1990-01-24,247.4,4.2125
1990-01-25,242.0,3.1625
1990-01-26,246.3,2.2125
1990-01-27,239.4,0.8625
1990-01-28,237.2,1.6625
1990-01-29,234.7,3.7625
1990-01-30,217.8,3.625
1990-01-31,215.6,3.1875
1990-02-01,206.8,3.375
1990-02-02,183.0,3.9
1990-02-03,162.5,2.0375
1990-02-04,159.2,3.7875
1990-02-05,155.2,3.675
1990-02-06,151.7,1.95
1990-02-07,148.3,3.575
1990-02-08,146.1,1.575
1990-02-09,145.8,1.5875
1990-02-10,152.5,1.9625
1990-02-11,138.5,2.2875
1990-02-12,143.7,1.45
1990-02-13,146.5,1.5625
1990-02-14,153.3,3.5
1990-02-15,152.5,3.875
1990-02-16,152.4,4.725
1990-02-17,155.2,4.1625
1990-02-18,164.8,3.6875
1990-02-19,184.4,4.2625
1990-02-20,193.8,4.55
1990-02-21,216.6,3.0875
1990-02-22,220.4,3.425
1990-02-23,221.1,4.3875
1990-02-24,236.2,4.0375
1990-02-25,229.9,4.0875
1990-02-26,217.5,3.325
1990-02-27,228.4,3.75
1990-02-28,226.2,3.9625
1990-03-01,203.6,3.4625
1990-03-02,196.1,2.925
1990-03-03,179.4,2.3625
1990-03-04,171.7,1.5875
1990-03-05,164.4,2.3375
1990-03-06,166.4,3.2375
1990-03-07,170.7,2.05
1990-03-08,159.4,2.35
1990-03-09,153.0,2.0
1990-03-10,151.1,1.9375
1990-03-11,144.3,2.75
1990-03-12,147.9,3.9875
1990-03-13,148.0,3.7875
1990-03-14,151.5,3.6625
1990-03-15,166.0,2.4125
1990-03-16,179.9,1.825
1990-03-17,183.8,0.6625
1990-03-18,198.2,3.875
1990-03-19,218.2,2.475
1990-03-20,225.7,3.7125
1990-03-21,229.3,5.75
1990-03-22,244.7,4.0375
1990-03-23,246.9,4.0875
1990-03-24,232.6,3.3
1990-03-25,225.0,4.4625
1990-03-26,227.9,4.575
1990-03-27,216.0,4.25
1990-03-28,206.7,3.75
1990-03-29,184.7,3.7375
1990-03-30,186.9,5.025
1990-03-31,173.1,1.9875
1990-04-01,159.4,1.5625
1990-04-02,153.4,2.45
1990-04-03,151.7,3.125
1990-04-04,148.5,2.3
1990-04-05,156.3,2.175
1990-04-06,149.9,1.8625
1990-04-07,154.7,2.075
1990-04-08,151.9,1.675
1990-04-09,146.3,4.0125
1990-04-10,148.7,6.575
1990-04-11,160.1,5.3
1990-04-12,169.1,6.2
1990-04-13,194.4,4.525
1990-04-14,214.4,4.825
1990-04-15,221.4,3.5
1990-04-16,224.6,2.375
1990-04-17,234.9,4.45
1990-04-18,240.9,3.5
1990-04-19,242.0,2.075
1990-04-20,254.7,3.075
1990-04-21,237.2,2.2125
1990-04-22,230.4,2.8875
1990-04-23,223.7,4.3375
1990-04-24,214.9,3.8375
1990-04-25,195.8,3.375
1990-04-26,186.5,2.525
1990-04-27,167.6,2.95
1990-04-28,150.6,3.4125
1990-04-29,138.9,4.0125
1990-04-30,134.8,3.05
1990-05-01,127.0,2.0875
1990-05-02,127.2,2.2125
1990-05-03,123.2,3.175
1990-05-04,121.5,2.65
1990-05-05,128.4,2.25
1990-05-06,148.3,1.45
1990-05-07,152.7,1.7125
1990-05-08,167.5,2.4375
1990-05-09,171.3,3.0375
1990-05-10,191.7,4.1625
1990-05-11,201.3,3.6125
1990-05-12,210.9,1.5875
1990-05-13,221.1,2.15
1990-05-14,219.4,0.8
1990-05-15,241.3,1.4125
1990-05-16,246.0,0.6
1990-05-17,243.4,1.075
1990-05-18,265.6,3.75
1990-05-19,273.5,3.2
1990-05-20,266.1,3.35
1990-05-21,253.0,3.2875
1990-05-22,243.9,4.2
1990-05-23,233.5,2.4125
1990-05-24,203.9,1.6625
1990-05-25,184.3,3.4
1990-05-26,181.5,4.5
1990-05-27,160.3,4.375
1990-05-28,155.1,1.85
1990-05-29,141.0,2.325
1990-05-30,138.6,3.6125
1990-05-31,138.6,2.55
1990-06-01,136.7,2.35
1990-06-02,137.3,1.575
1990-06-03,142.0,1.6125
1990-06-04,143.9,1.3625
1990-06-05,149.3,1.3875
1990-06-06,156.8,2.475
1990-06-07,178.2,3.4875
1990-06-08,189.8,3.125
1990-06-09,197.9,4.0625
1990-06-10,201.3,3.05
1990-06-11,210.7,2.5875
1990-06-12,215.1,5.4875
1990-06-13,202.5,5.4375
1990-06-14,200.4,5.4125
1990-06-15,190.2,2.2375
1990-06-16,184.0,1.1625
1990-06-17,181.6,0.5875
1990-06-18,164.1,2.3375
1990-06-19,158.3,1.5375
1990-06-20,156.1,0.5
1990-06-21,150.9,1.2875
1990-06-22,140.6,1.45
1990-06-23,134.6,1.6625
1990-06-24,139.2,2.0375
1990-06-25,144.5,1.9125
1990-06-26,149.6,1.85
1990-06-27,167.8,2.1625
1990-06-28,181.7,1.8375
1990-06-29,203.9,1.925
1990-06-30,219.2,0.875
1990-07-01,240.2,1.35
1990-07-02,258.9,1.675
1990-07-03,245.6,1.7
1990-07-04,230.6,1.8875
1990-07-05,224.1,2.3
1990-07-06,214.6,1.725
1990-07-07,208.7,1.5
1990-07-08,183.4,2.3875
1990-07-09,165.4,1.375
1990-07-10,158.7,2.55
1990-07-11,155.1,1.7
1990-07-12,155.7,1.95
1990-07-13,156.3,2.6625
1990-07-14,150.4,2.4625
1990-07-15,144.3,2.125
1990-07-16,141.8,1.6375
1990-07-17,142.9,1.375
1990-07-18,140.1,1.8625
1990-07-19,140.7,3.0
1990-07-20,149.1,3.0625
1990-07-21,154.2,1.8
1990-07-22,160.8,1.625
1990-07-23,174.8,1.0375
1990-07-24,180.8,1.0375
1990-07-25,207.1,0.95
1990-07-26,203.5,2.0
1990-07-27,191.2,2.1625
1990-07-28,187.3,6.05
1990-07-29,175.0,5.625
1990-07-30,182.7,2.55
1990-07-31,178.0,1.5125
1990-08-01,193.2,3.4125
1990-08-02,202.6,2.1375
1990-08-03,186.9,2.45
1990-08-04,185.8,1.625
1990-08-05,175.8,1.2875
1990-08-06,169.8,2.125
1990-08-07,167.4,1.875
1990-08-08,179.8,1.425
1990-08-09,178.3,1.425
1990-08-10,181.3,1.55
1990-08-11,182.2,2.1125
1990-08-12,183.3,1.7375
1990-08-13,187.5,2.5875
1990-08-14,183.4,3.1625
1990-08-15,194.6,3.6375
1990-08-16,205.9,3.7375
1990-08-17,222.8,2.8625
1990-08-18,240.2,2.6
1990-08-19,261.7,2.8875
1990-08-20,282.0,3.25
1990-08-21,291.5,4.1375
1990-08-22,315.6,4.9875
1990-08-23,315.7,5.725
1990-08-24,322.1,3.325
1990-08-25,297.5,1.6125
1990-08-26,279.2,5.05
1990-08-27,263.8,2.9125
1990-08-28,245.3,1.6125
1990-08-29,220.8,2.3875
1990-08-30,206.4,3.7125
1990-08-31,179.6,2.85
1990-09-01,168.3,3.0875
1990-09-02,166.0,0.425
1990-09-03,159.8,0.9375
1990-09-04,155.6,1.8375
1990-09-05,155.0,2.4875
1990-09-06,155.2,2.6125
1990-09-07,162.6,2.7875
1990-09-08,161.1,2.125
1990-09-09,168.0,2.3375
1990-09-10,168.8,2.1125
1990-09-11,178.2,3.8
1990-09-12,190.9,3.3375
1990-09-13,195.6,3.25
1990-09-14,207.0,3.35
1990-09-15,205.0,3.5375
1990-09-16,203.0,3.5375
1990-09-17,208.6,2.7125
1990-09-18,205.6,3.25
1990-09-19,211.9,2.975
1990-09-20,202.3,2.4875
1990-09-21,201.6,2.95
1990-09-22,193.9,3.425
1990-09-23,184.2,2.5375
1990-09-24,177.6,2.6625
1990-09-25,166.1,2.4125
1990-09-26,158.8,2.575
1990-09-27,152.0,1.9625
1990-09-28,151.5,2.0
1990-09-29,149.7,1.7375
1990-09-30,157.4,1.1875
1990-10-01,160.2,0.5375
1990-10-02,162.6,1.325
1990-10-03,177.3,2.2125
1990-10-04,186.7,3.0125
1990-10-05,170.0,2.275
1990-10-06,170.1,2.625
1990-10-07,169.5,2.0125
1990-10-08,176.2,1.0375
1990-10-09,184.4,2.3625
1990-10-10,195.3,4.675
1990-10-11,205.8,4.65
1990-10-12,201.5,4.175
1990-10-13,210.4,3.0625
1990-10-14,221.8,3.1125
1990-10-15,232.9,3.8
1990-10-16,226.0,2.3875
1990-10-17,195.0,1.2
1990-10-18,199.7,1.325
1990-10-19,216.0,2.1125
1990-10-20,203.4,3.3625
1990-10-21,190.4,2.3
1990-10-22,169.5,2.1625
1990-10-23,165.7,1.9875
1990-10-24,159.3,3.6625
1990-10-25,163.7,2.05
1990-10-26,155.4,2.125
1990-10-27,164.5,1.925
1990-10-28,152.9,0.95
1990-10-29,158.1,2.0
1990-10-30,153.2,3.05
1990-10-31,143.8,3.7875
1990-11-01,143.8,2.125
1990-11-02,140.7,2.25
1990-11-03,152.6,1.6125
1990-11-04,157.3,0.625
1990-11-05,172.7,0.3125
1990-11-06,199.9,0.4
1990-11-07,218.2,1.45
1990-11-08,215.8,2.0375
1990-11-09,205.1,2.625
1990-11-10,194.9,2.625
1990-11-11,198.9,2.5125
1990-11-12,194.9,1.2625
1990-11-13,185.3,0.7375
1990-11-14,202.3,0.2875
1990-11-15,211.9,0.7625
1990-11-16,212.0,3.2
1990-11-17,222.1,3.0875
1990-11-18,203.5,2.9625
1990-11-19,195.8,2.2875
1990-11-20,191.4,1.65
1990-11-21,182.0,2.2625
1990-11-22,181.9,0.675
1990-11-23,176.1,1.0375
1990-11-24,171.6,0.5
1990-11-25,166.6,1.175
1990-11-26,157.3,2.0375
1990-11-27,159.2,4.5
1990-11-28,171.7,3.0375
1990-11-29,167.8,1.25
1990-11-30,174.4,2.0875
1990-12-01,177.5,1.2125
1990-12-02,183.1,1.2
1990-12-03,193.1,1.5375
1990-12-04,205.2,3.15
1990-12-05,213.2,2.6875
1990-12-06,227.7,1.8375
1990-12-07,228.8,1.1625
1990-12-08,230.4,1.925
1990-12-09,237.4,1.425
1990-12-10,240.7,0.4125
1990-12-11,240.8,0.4375
1990-12-12,235.2,1.5375
1990-12-13,226.5,2.6625
1990-12-14,201.5,1.775
1990-12-15,199.4,1.575
1990-12-16,192.2,2.075
1990-12-17,198.7,1.55
1990-12-18,208.2,1.2125
1990-12-19,197.5,0.4375
1990-12-20,187.6,1.875
1990-12-21,191.9,0.8375
1990-12-22,184.1,0.75
1990-12-23,191.9,1.575
1990-12-24,191.2,2.8
1990-12-25,191.2,2.3625
1990-12-26,194.5,0.8875
1990-12-27,198.4,1.4625
1990-12-28,199.0,1.0375
1990-12-29,202.2,0.8875
1990-12-30,196.1,2.55
1990-12-31,186.8,2.0
1991-01-01,186.8,1.45
1991-01-02,181.8,2.4125
1991-01-03,175.8,2.325
1991-01-04,176.0,1.8875
1991-01-05,178.8,1.95
1991-01-06,185.8,0.85
1991-01-07,206.5,0.6125
1991-01-08,215.0,2.1125
1991-01-09,216.3,1.9125
1991-01-10,221.9,2.1375
1991-01-11,216.5,1.875
1991-01-12,208.4,3.175
1991-01-13,196.9,2.4625
1991-01-14,190.7,0.875
1991-01-15,190.8,2.5375
1991-01-16,187.9,1.8125
1991-01-17,208.7,2.425
1991-01-18,203.3,2.375
1991-01-19,198.6,0.825
1991-01-20,203.9,1.2125
1991-01-21,202.3,0.9875
1991-01-22,224.5,0.925
1991-01-23,223.0,1.4125
1991-01-24,244.4,3.55
1991-01-25,269.2,2.5875
1991-01-26,285.6,2.3375
1991-01-27,303.0,1.6125
1991-01-28,323.6,1.3375
1991-01-29,355.1,1.0875
1991-01-30,370.1,0.9875
1991-01-31,359.1,2.7875
1991-02-01,316.5,3.6625
1991-02-02,297.9,2.05
1991-02-03,265.9,1.3125
1991-02-04,246.1,1.3375
1991-02-05,222.7,2.1375
1991-02-06,204.4,1.4875
1991-02-07,198.1,2.375
1991-02-08,198.0,2.825
1991-02-09,178.7,3.0125
1991-02-10,174.0,1.95
1991-02-11,181.1,3.05
1991-02-12,186.4,2.675
1991-02-13,186.8,2.475
1991-02-14,188.6,2.0375
1991-02-15,196.6,2.0875
1991-02-16,205.3,1.25
1991-02-17,215.2,0.9125
1991-02-18,265.7,0.9
1991-02-19,276.0,1.8375
1991-02-20,290.2,1.625
1991-02-21,305.8,2.0125
1991-02-22,309.2,2.75
1991-02-23,318.1,3.5125
1991-02-24,319.6,1.55
1991-02-25,294.3,2.3
1991-02-26,277.2,2.0
1991-02-27,253.6,2.1375
1991-02-28,232.3,3.3
1991-03-01,220.5,2.75
1991-03-02,211.3,2.2375
1991-03-03,210.0,1.625
1991-03-04,222.7,2.0875
1991-03-05,211.6,3.5875
1991-03-06,209.9,3.675
1991-03-07,217.8,3.7875
1991-03-08,212.2,3.175
1991-03-09,218.8,3.75
1991-03-10,225.9,2.875
1991-03-11,224.8,1.15
1991-03-12,231.6,3.125
1991-03-13,241.9,3.15
1991-03-14,244.4,1.675
1991-03-15,244.9,1.375
1991-03-16,261.2,1.6
1991-03-17,247.9,2.7875
1991-03-18,277.4,1.7125
1991-03-19,267.3,2.5
1991-03-20,256.3,2.4625
1991-03-21,255.1,3.25
1991-03-22,259.6,3.3
1991-03-23,234.9,2.475
1991-03-24,262.0,6.75
1991-03-25,236.5,6.6375
1991-03-26,230.5,6.5
1991-03-27,203.8,4.25
1991-03-28,198.4,3.3
1991-03-29,193.5,1.075
1991-03-30,201.8,3.7375
1991-03-31,195.0,2.0125
1991-04-01,193.1,4.0375
1991-04-02,189.2,3.5875
1991-04-03,195.9,4.4125
1991-04-04,195.0,4.6375
1991-04-05,196.5,3.0
1991-04-06,199.6,2.8
1991-04-07,192.2,2.4125
1991-04-08,182.3,1.575
1991-04-09,203.5,2.325
1991-04-10,222.7,1.9625
1991-04-11,230.5,1.25
1991-04-12,253.1,2.5375
1991-04-13,241.2,1.3625
1991-04-14,267.7,1.625
1991-04-15,261.4,1.5875
1991-04-16,267.1,1.2875
1991-04-17,252.3,2.6625
1991-04-18,237.1,2.625
1991-04-19,230.0,2.6625
1991-04-20,233.1,0.9625
1991-04-21,179.8,1.625
1991-04-22,166.9,2.0125
1991-04-23,147.4,1.825
1991-04-24,135.8,2.325
1991-04-25,136.4,2.9125
1991-04-26,136.6,2.4125
1991-04-27,142.7,3.575
1991-04-28,156.3,4.2125
1991-04-29,158.7,5.3
1991-04-30,159.3,4.25
1991-05-01,161.1,3.9625
1991-05-02,157.1,4.7875
1991-05-03,157.0,3.0125
1991-05-04,163.1,2.1625
1991-05-05,180.1,1.425
1991-05-06,203.6,1.25
1991-05-07,211.4,1.5
1991-05-08,231.3,2.25
1991-05-09,225.7,2.4625
1991-05-10,232.5,2.25
1991-05-11,229.8,0.8
1991-05-12,248.5,1.0375
1991-05-13,215.1,3.6625
1991-05-14,208.3,4.0125
1991-05-15,193.4,1.8875
1991-05-16,189.2,2.275
1991-05-17,172.3,3.7
1991-05-18,170.2,0.8375
1991-05-19,159.0,0.9875
1991-05-20,148.2,0.9
1991-05-21,149.3,1.725
1991-05-22,148.2,3.125
1991-05-23,154.7,3.475
1991-05-24,158.7,3.7625
1991-05-25,174.3,4.3
1991-05-26,186.5,3.625
1991-05-27,197.7,3.5625
1991-05-28,215.5,4.05
1991-05-29,224.9,3.4625
1991-05-30,207.8,2.65
1991-05-31,224.4,4.7125
1991-06-01,218.7,5.2
1991-06-02,236.3,5.2125
1991-06-03,220.4,2.8625
1991-06-04,238.6,4.4125
1991-06-05,250.7,7.8
1991-06-06,234.3,4.525
1991-06-07,229.7,3.875
1991-06-08,243.3,3.6625
1991-06-09,238.0,5.0875
1991-06-10,238.8,6.4125
1991-06-11,235.5,6.0375
1991-06-12,229.6,5.4125
1991-06-13,217.9,6.575
1991-06-14,200.9,1.875
1991-06-15,196.9,2.625
1991-06-16,184.6,1.25
1991-06-17,176.4,4.9625
1991-06-18,173.1,3.8375
1991-06-19,175.0,4.075
1991-06-20,166.3,2.7875
1991-06-21,169.5,3.7875
1991-06-22,169.8,3.2875
1991-06-23,161.3,4.7625
1991-06-24,168.3,4.1625
1991-06-25,173.1,3.7875
1991-06-26,185.1,3.6125
1991-06-27,199.6,2.3875
1991-06-28,210.5,2.2625
1991-06-29,226.8,1.3375
1991-06-30,235.7,3.5375
1991-07-01,242.1,2.425
1991-07-02,243.6,3.425
1991-07-03,248.9,4.1
1991-07-04,247.1,2.5125
1991-07-05,251.1,1.075
1991-07-06,232.9,1.925
1991-07-07,218.7,1.7125
1991-07-08,204.3,4.8375
1991-07-09,194.1,6.3375
1991-07-10,193.7,3.075
1991-07-11,195.7,3.375
1991-07-12,203.1,3.8375
1991-07-13,195.7,6.675
1991-07-14,188.6,5.6625
1991-07-15,185.8,2.4
1991-07-16,167.1,3.025
1991-07-17,158.7,4.525
1991-07-18,188.6,3.2875
1991-07-19,178.3,4.5
1991-07-20,198.8,4.0
1991-07-21,214.7,4.2125
1991-07-22,223.0,3.625
1991-07-23,226.8,2.8125
1991-07-24,233.4,1.8
1991-07-25,230.2,2.5
1991-07-26,219.7,1.2125
1991-07-27,212.9,1.675
1991-07-28,212.8,1.425
1991-07-29,219.9,1.6125
1991-07-30,221.6,1.9875
1991-07-31,219.2,1.5375
1991-08-01,225.2,3.8125
1991-08-02,207.0,4.9125
1991-08-03,213.1,4.575
1991-08-04,193.1,4.7125
1991-08-05,174.3,4.1625
1991-08-06,166.6,3.95
1991-08-07,165.3,2.5875
1991-08-08,159.1,2.4125
1991-08-09,150.4,2.95
1991-08-10,141.8,2.0625
1991-08-11,138.6,3.675
1991-08-12,146.8,4.9625
1991-08-13,155.4,2.0
1991-08-14,175.1,2.6375
1991-08-15,214.9,4.4875
1991-08-16,264.0,3.325
1991-08-17,271.0,3.4875
1991-08-18,283.5,3.45
1991-08-19,289.6,5.2625
1991-08-20,286.4,5.0125
1991-08-21,285.2,4.4375
1991-08-22,285.0,4.5
1991-08-23,270.9,2.5
1991-08-24,249.9,2.4625
1991-08-25,238.3,2.2875
1991-08-26,210.3,2.175
1991-08-27,196.3,3.875
1991-08-28,189.9,3.0
1991-08-29,195.3,2.5375
1991-08-30,195.6,4.625
1991-08-31,181.8,4.8625
1991-09-01,175.9,4.9
1991-09-02,181.0,3.65
1991-09-03,175.1,2.975
1991-09-04,170.9,2.5875
1991-09-05,163.5,3.4625
1991-09-06,176.2,2.825
1991-09-07,174.4,2.7875
1991-09-08,196.1,3.45
1991-09-09,180.7,4.7875
1991-09-10,184.6,4.2
1991-09-11,177.5,3.475
1991-09-12,183.1,2.175
1991-09-13,184.8,2.6875
1991-09-14,181.3,3.8625
1991-09-15,180.1,2.0
1991-09-16,174.3,1.7875
1991-09-17,176.9,1.3625
1991-09-18,181.2,1.3375
1991-09-19,172.4,2.35
1991-09-20,169.7,1.925
1991-09-21,176.6,1.175
1991-09-22,187.6,1.8625
1991-09-23,184.9,1.0875
1991-09-24,179.8,1.725
1991-09-25,180.9,4.8875
1991-09-26,200.6,4.55
1991-09-27,177.9,4.9125
1991-09-28,175.6,4.6375
1991-09-29,194.7,3.2
1991-09-30,199.8,3.7875
1991-10-01,207.5,4.575
1991-10-02,220.5,5.5
1991-10-03,211.5,3.325
1991-10-04,212.5,4.2
1991-10-05,193.4,2.85
1991-10-06,182.0,3.275
1991-10-07,180.2,4.1125
1991-10-08,179.0,4.5125
1991-10-09,184.1,2.75
1991-10-10,179.7,4.0
1991-10-11,178.9,2.7
1991-10-12,188.0,1.6
1991-10-13,183.3,1.9625
1991-10-14,187.1,1.8875
1991-10-15,178.7,1.3875
1991-10-16,181.4,1.1625
1991-10-17,169.4,1.6125
1991-10-18,157.7,2.5
1991-10-19,154.3,2.6
1991-10-20,156.9,3.5
1991-10-21,168.4,3.875
1991-10-22,184.5,3.575
1991-10-23,194.0,3.25
1991-10-24,230.5,3.675
1991-10-25,240.1,4.55
1991-10-26,251.1,4.2375
1991-10-27,249.4,4.9875
1991-10-28,271.0,6.075
1991-10-29,272.5,6.6625
1991-10-30,261.7,4.1
1991-10-31,231.5,5.2
1991-11-01,230.2,6.15
1991-11-02,218.2,4.075
1991-11-03,186.1,3.125
1991-11-04,176.9,4.3
1991-11-05,175.6,3.7375
1991-11-06,186.7,3.1625
1991-11-07,193.5,2.625
1991-11-08,200.4,5.4375
1991-11-09,197.4,6.4
1991-11-10,195.2,3.6
1991-11-11,197.6,3.25
1991-11-12,192.4,2.2125
1991-11-13,181.2,2.6375
1991-11-14,183.5,3.2
1991-11-15,173.2,4.0375
1991-11-16,165.5,3.825
1991-11-17,164.5,3.5875
1991-11-18,163.3,4.1125
1991-11-19,158.3,5.25
1991-11-20,153.2,3.225
1991-11-21,145.0,5.275
1991-11-22,139.2,4.9125
1991-11-23,136.4,4.3
1991-11-24,131.4,2.9
1991-11-25,134.4,2.4875
1991-11-26,144.1,1.7875
1991-11-27,153.0,1.875
1991-11-28,154.6,2.1625
1991-11-29,161.0,2.8625
1991-11-30,167.8,2.6625
1991-12-01,172.4,2.375
1991-12-02,170.9,3.25
1991-12-03,182.9,2.7
1991-12-04,190.6,2.9625
1991-12-05,191.8,2.1375
1991-12-06,197.3,1.2875
1991-12-07,209.0,1.5875
1991-12-08,226.3,1.8125
1991-12-09,257.4,2.175
1991-12-10,260.3,2.9375
1991-12-11,245.3,2.7625
1991-12-12,243.3,2.725
1991-12-13,254.4,3.0
1991-12-14,229.4,3.125
1991-12-15,213.2,1.625
1991-12-16,232.5,3.0375
1991-12-17,198.3,4.3875
1991-12-18,195.3,2.5125
1991-12-19,187.8,2.5375
1991-12-20,198.2,2.1625
1991-12-21,192.4,3.925
1991-12-22,223.2,1.5375
1991-12-23,226.3,2.9125
1991-12-24,229.8,2.2375
1991-12-25,259.2,1.7125
1991-12-26,260.8,2.075
1991-12-27,252.0,4.2125
1991-12-28,272.3,3.6
1991-12-29,254.4,3.95
1991-12-30,272.1,2.925
1991-12-31,243.0,2.175
1992-01-01,248.5,2.5875
1992-01-02,260.2,3.3375
1992-01-03,279.6,3.0875
1992-01-04,274.7,3.0375
1992-01-05,266.5,2.6875
1992-01-06,254.1,2.7375
1992-01-07,262.4,2.1125
1992-01-08,261.7,3.125
1992-01-09,257.3,1.5
1992-01-10,232.8,2.8375
1992-01-11,209.3,3.7875
1992-01-12,188.6,3.6125
1992-01-13,183.3,3.85
1992-01-14,178.6,3.4875
1992-01-15,173.3,3.0875
1992-01-16,161.3,3.6625
1992-01-17,155.6,2.4125
1992-01-18,151.9,1.625
1992-01-19,160.1,1.5875
1992-01-20,168.3,2.875
1992-01-21,174.2,1.625
1992-01-22,173.0,1.7125
1992-01-23,173.1,1.05
1992-01-24,178.4,0.9625
1992-01-25,202.2,1.0875
1992-01-26,209.0,1.5
1992-01-27,220.7,3.3375
1992-01-28,237.7,2.7875
1992-01-29,266.2,2.9125
1992-01-30,280.3,3.5875
1992-01-31,302.3,2.925
1992-02-01,283.8,3.7
1992-02-02,288.3,5.125
1992-02-03,270.9,6.0625
1992-02-04,251.5,3.6625
1992-02-05,246.3,1.6625
1992-02-06,238.6,1.75
1992-02-07,240.6,2.875
1992-02-08,225.0,4.55
1992-02-09,235.6,5.825
1992-02-10,240.8,3.6625
1992-02-11,224.2,1.875
1992-02-12,210.3,2.3875
1992-02-13,198.0,2.0875
1992-02-14,203.7,2.2875
1992-02-15,202.8,1.0375
1992-02-16,200.0,1.0625
1992-02-17,206.5,2.8375
1992-02-18,206.4,2.8
1992-02-19,195.7,2.75
1992-02-20,203.5,5.4125
1992-02-21,217.1,5.05
1992-02-22,234.5,3.825
1992-02-23,249.3,2.875
1992-02-24,255.4,3.75
1992-02-25,253.4,5.0875
1992-02-26,252.9,4.875
1992-02-27,244.2,5.25
1992-02-28,233.2,1.8875
1992-02-29,217.8,4.25
1992-03-01,200.4,2.9125
1992-03-02,181.4,2.6625
1992-03-03,163.0,2.45
1992-03-04,159.7,2.7125
1992-03-05,154.8,2.6625
1992-03-06,155.5,1.7125
1992-03-07,159.6,2.2125
1992-03-08,182.0,2.5375
1992-03-09,171.7,3.6625
1992-03-10,169.3,3.175
1992-03-11,165.2,3.3875
1992-03-12,163.7,2.525
1992-03-13,165.2,1.425
1992-03-14,164.7,1.05
1992-03-15,169.0,2.125
1992-03-16,161.3,2.65
1992-03-17,159.1,3.6
1992-03-18,160.4,2.9625
1992-03-19,167.4,0.9125
1992-03-20,168.5,1.0625
1992-03-21,167.6,3.4625
1992-03-22,160.7,3.1
1992-03-23,166.3,3.8375
1992-03-24,175.7,3.5875
1992-03-25,186.0,3.0125
1992-03-26,178.6,2.6375
1992-03-27,180.7,2.425
1992-03-28,186.0,2.4
1992-03-29,192.8,3.2625
1992-03-30,182.4,2.6
1992-03-31,191.4,2.75
1992-04-01,186.1,2.65
1992-04-02,161.2,1.6125
1992-04-03,159.7,3.75
1992-04-04,153.9,2.625
1992-04-05,154.4,2.9625
1992-04-06,142.7,3.3375
1992-04-07,141.5,3.2625
1992-04-08,151.2,3.3375
1992-04-09,139.7,1.575
1992-04-10,140.6,1.2125
1992-04-11,143.3,0.7625
1992-04-12,143.9,1.0
1992-04-13,146.3,1.6875
1992-04-14,154.1,1.6375
1992-04-15,149.3,2.3
1992-04-16,157.7,1.2125
1992-04-17,184.1,0.95
1992-04-18,203.0,3.1125
1992-04-19,205.7,3.175
1992-04-20,204.5,3.3
1992-04-21,195.1,1.95
1992-04-22,182.7,2.7125
1992-04-23,172.7,1.9
1992-04-24,160.9,2.75
1992-04-25,153.8,2.3875
1992-04-26,143.2,1.85
1992-04-27,137.2,1.4125
1992-04-28,128.5,2.2125
1992-04-29,130.5,1.75
1992-04-30,127.9,2.2125
1992-05-01,130.9,2.6125
1992-05-02,135.8,2.325
1992-05-03,125.7,2.1625
1992-05-04,134.7,2.5125
1992-05-05,133.0,1.3625
1992-05-06,130.6,1.25
1992-05-07,129.1,2.675
1992-05-08,142.6,4.025
1992-05-09,126.7,3.925
1992-05-10,124.4,7.45
1992-05-11,126.3,5.4625
1992-05-12,125.1,2.5
1992-05-13,125.6,3.4125
1992-05-14,126.5,1.0875
1992-05-15,122.1,1.2875
1992-05-16,115.9,1.0875
1992-05-17,112.9,0.8
1992-05-18,117.4,2.5
1992-05-19,131.4,2.575
1992-05-20,137.0,1.95
1992-05-21,141.9,1.9125
1992-05-22,144.8,4.75
1992-05-23,142.0,2.6125
1992-05-24,133.5,1.9375
1992-05-25,122.9,2.375
1992-05-26,118.9,1.7875
1992-05-27,114.6,2.4375
1992-05-28,110.9,2.7
1992-05-29,105.2,3.3125
1992-05-30,99.0,2.925
1992-05-31,99.0,1.925
1992-06-01,98.6,1.8
1992-06-02,102.1,1.2375
1992-06-03,106.9,1.4125
1992-06-04,108.3,0.9625
1992-06-05,115.0,1.5375
1992-06-06,119.6,1.2
1992-06-07,115.7,2.1375
1992-06-08,115.2,4.8375
1992-06-09,118.6,3.05
1992-06-10,125.4,3.225
1992-06-11,129.0,3.55
1992-06-12,126.7,4.1125
1992-06-13,123.6,2.625
1992-06-14,123.3,1.7
1992-06-15,120.8,2.225
1992-06-16,119.1,1.075
1992-06-17,130.1,1.325
1992-06-18,116.0,3.0125
1992-06-19,115.3,2.425
1992-06-20,113.1,1.775
1992-06-21,117.4,1.8625
1992-06-22,116.1,2.075
1992-06-23,121.5,2.6875
1992-06-24,117.9,3.5875
1992-06-25,123.3,2.9125
1992-06-26,111.6,1.95
1992-06-27,109.5,2.3625
1992-06-28,108.3,2.8875
1992-06-29,110.7,4.4125
1992-06-30,122.9,3.8375
1992-07-01,129.8,3.275
1992-07-02,136.6,2.8
1992-07-03,136.5,1.4625
1992-07-04,136.7,1.1125
1992-07-05,145.7,2.1125
1992-07-06,150.4,1.4125
1992-07-07,154.7,0.9125
1992-07-08,151.5,1.325
1992-07-09,159.6,1.0375
1992-07-10,170.0,1.4125
1992-07-11,168.3,0.8875
1992-07-12,172.0,3.0125
1992-07-13,175.6,3.6625
1992-07-14,175.5,2.675
1992-07-15,167.8,1.5375
1992-07-16,157.6,2.45
1992-07-17,135.9,1.2875
1992-07-18,126.1,1.2125
1992-07-19,118.5,0.9625
1992-07-20,123.5,1.925
1992-07-21,108.3,2.2625
1992-07-22,104.3,4.125
1992-07-23,98.8,3.05
1992-07-24,100.1,1.8375
1992-07-25,98.4,2.25
1992-07-26,101.1,1.0
1992-07-27,100.3,1.5875
1992-07-28,95.6,3.0
1992-07-29,98.1,1.1875
1992-07-30,96.9,2.2125
1992-07-31,103.2,2.2875
1992-08-01,110.3,2.0875
1992-08-02,124.5,1.2125
1992-08-03,131.3,1.05
1992-08-04,130.9,2.575
1992-08-05,130.5,4.0875
1992-08-06,138.0,2.975
1992-08-07,141.5,3.6125
1992-08-08,143.5,3.125
1992-08-09,137.3,2.5375
1992-08-10,132.7,1.8125
1992-08-11,130.4,2.775
1992-08-12,128.3,1.525
1992-08-13,128.9,1.9875
1992-08-14,128.7,2.55
1992-08-15,130.5,1.875
1992-08-16,136.6,2.05
1992-08-17,133.8,1.0
1992-08-18,129.6,1.675
1992-08-19,134.8,1.9625
1992-08-20,155.5,3.3875
1992-08-21,124.9,2.875
1992-08-22,121.6,4.025
1992-08-23,110.7,4.9125
1992-08-24,101.8,2.275
1992-08-25,98.1,1.325
1992-08-26,92.5,2.45
1992-08-27,93.8,2.75
1992-08-28,95.7,1.375
1992-08-29,95.3,2.75
1992-08-30,94.8,1.45
1992-08-31,97.2,1.1375
1992-09-01,99.8,0.5
1992-09-02,104.5,3.3
1992-09-03,107.0,4.9125
1992-09-04,104.7,4.125
1992-09-05,119.3,3.875
1992-09-06,139.2,3.075
1992-09-07,131.7,3.575
1992-09-08,128.9,3.2125
1992-09-09,116.9,5.9625
1992-09-10,116.9,6.125
1992-09-11,118.6,3.9875
1992-09-12,117.3,1.25
1992-09-13,127.3,1.2125
1992-09-14,121.7,1.95
1992-09-15,120.2,2.3375
1992-09-16,126.6,2.6
1992-09-17,119.4,6.175
1992-09-18,117.5,4.1625
1992-09-19,112.5,2.7
1992-09-20,106.3,2.125
1992-09-21,109.5,1.55
1992-09-22,111.6,2.75
1992-09-23,111.9,2.0875
1992-09-24,112.0,0.775
1992-09-25,115.9,2.425
1992-09-26,116.7,1.7375
1992-09-27,121.1,0.975
1992-09-28,116.2,2.55
1992-09-29,117.3,5.3
1992-09-30,115.9,4.3
1992-10-01,117.9,3.725
1992-10-02,119.4,2.175
1992-10-03,120.1,1.45
1992-10-04,126.1,1.55
1992-10-05,130.2,1.325
1992-10-06,137.4,2.0875
1992-10-07,136.1,2.0375
1992-10-08,125.6,1.7
1992-10-09,121.3,3.6125
1992-10-10,112.5,2.1625
1992-10-11,110.5,3.425
1992-10-12,107.0,4.025
1992-10-13,108.7,3.325
1992-10-14,105.5,3.625
1992-10-15,98.4,4.4125
1992-10-16,100.6,3.5
1992-10-17,106.6,3.0875
1992-10-18,112.3,2.325
1992-10-19,124.5,3.05
1992-10-20,133.1,2.2
1992-10-21,140.6,1.6
1992-10-22,150.7,2.0
1992-10-23,141.8,1.325
1992-10-24,146.8,0.6625
1992-10-25,161.2,1.7625
1992-10-26,169.9,2.75
1992-10-27,171.1,4.0875
1992-10-28,174.7,3.275
1992-10-29,163.8,3.9625
1992-10-30,158.0,3.05
1992-10-31,149.6,2.2875
1992-11-01,147.1,2.375
1992-11-02,141.0,3.4125
1992-11-03,135.1,2.9625
1992-11-04,142.8,3.6625
1992-11-05,136.0,2.85
1992-11-06,132.9,2.8375
1992-11-07,134.9,2.625
1992-11-08,132.2,2.4125
1992-11-09,132.4,4.45
1992-11-10,136.4,2.7
1992-11-11,134.8,3.3375
1992-11-12,127.4,3.125
1992-11-13,124.9,3.075
1992-11-14,126.1,2.6625
1992-11-15,126.9,3.125
1992-11-16,136.7,2.2875
1992-11-17,152.3,1.9875
1992-11-18,161.9,1.5875
1992-11-19,160.9,1.675
1992-11-20,158.8,0.9625
1992-11-21,162.5,1.4125
1992-11-22,166.2,3.0125
1992-11-23,176.2,4.0375
1992-11-24,173.8,2.5125
1992-11-25,166.8,2.6375
1992-11-26,162.5,2.2125
1992-11-27,156.8,1.3625
1992-11-28,148.7,1.6125
1992-11-29,139.8,1.325
1992-11-30,139.8,2.2875
1992-12-01,131.4,3.1625
1992-12-02,130.3,2.125
1992-12-03,125.5,2.9625
1992-12-04,119.8,2.925
1992-12-05,116.3,1.5375
1992-12-06,119.8,1.1375
1992-12-07,120.1,2.4375
1992-12-08,129.0,3.9375
1992-12-09,134.0,3.2875
1992-12-10,142.2,3.0375
1992-12-11,164.4,2.2875
1992-12-12,168.6,1.9625
1992-12-13,173.3,2.05
1992-12-14,167.2,2.2
1992-12-15,155.5,2.8375
1992-12-16,150.7,1.5875
1992-12-17,150.3,3.1625
1992-12-18,149.8,2.025
1992-12-19,147.0,2.225
1992-12-20,147.9,2.7625
1992-12-21,145.4,2.7375
1992-12-22,142.1,1.9375
1992-12-23,143.8,2.0
1992-12-24,136.3,2.025
1992-12-25,136.2,1.2
1992-12-26,131.3,1.15
1992-12-27,125.0,1.25
1992-12-28,127.2,4.0375
1992-12-29,125.1,4.5875
1992-12-30,125.7,2.2875
1992-12-31,129.7,2.3625
1993-01-01,122.3,2.4125
1993-01-02,121.4,3.7875
1993-01-03,124.7,4.2375
1993-01-04,121.1,4.1625
1993-01-05,124.9,3.1625
1993-01-06,130.1,3.125
1993-01-07,130.6,3.6
1993-01-08,132.9,2.925
1993-01-09,128.8,3.0375
1993-01-10,132.1,3.2875
1993-01-11,131.7,3.2375
1993-01-12,140.2,2.575
1993-01-13,141.3,2.4125
1993-01-14,133.1,3.5875
1993-01-15,126.0,2.8375
1993-01-16,133.4,2.425
1993-01-17,126.0,2.5875
1993-01-18,121.6,2.425
1993-01-19,116.4,3.5125
1993-01-20,110.0,2.55
1993-01-21,106.6,1.625
1993-01-22,104.2,1.5875
1993-01-23,106.0,0.9125
1993-01-24,104.8,2.225
1993-01-25,105.8,3.125
1993-01-26,106.5,3.4875
1993-01-27,110.9,2.5375
1993-01-28,112.0,1.625
1993-01-29,114.0,1.2375
1993-01-30,113.0,2.65
1993-01-31,119.0,5.3375
1993-02-01,125.1,4.125
1993-02-02,128.3,3.3875
1993-02-03,136.9,2.0375
1993-02-04,147.4,1.825
1993-02-05,160.1,1.5375
1993-02-06,183.8,1.325
1993-02-07,175.9,3.7
1993-02-08,188.4,4.6125
1993-02-09,185.1,4.0
1993-02-10,179.6,2.9375
1993-02-11,173.2,3.4125
1993-02-12,148.6,2.4625
1993-02-13,135.0,2.5125
1993-02-14,141.4,1.5875
1993-02-15,134.8,1.1375
1993-02-16,133.7,1.425
1993-02-17,124.3,3.8
1993-02-18,126.0,2.55
1993-02-19,116.0,1.7125
1993-02-20,123.3,3.8
1993-02-21,122.9,3.8375
1993-02-22,133.1,4.0
1993-02-23,132.3,2.05
1993-02-24,135.4,1.625
1993-02-25,128.0,1.5875
1993-02-26,126.2,1.3375
1993-02-27,124.0,0.975
1993-02-28,123.6,3.2125
1993-03-01,132.0,3.175
1993-03-02,143.5,3.625
1993-03-03,151.1,4.375
1993-03-04,166.5,3.175
1993-03-05,165.2,1.7125
1993-03-06,166.6,1.9625
1993-03-07,153.2,3.3375
1993-03-08,146.4,3.7375
1993-03-09,142.6,5.3
1993-03-10,148.7,2.575
1993-03-11,149.9,4.475
1993-03-12,160.6,3.8
1993-03-13,141.5,4.05
1993-03-14,135.7,3.625
1993-03-15,131.1,4.825
1993-03-16,121.7,4.375
1993-03-17,123.6,3.5875
1993-03-18,127.3,3.0875
1993-03-19,134.5,2.3375
1993-03-20,128.0,3.425
1993-03-21,130.6,3.9875
1993-03-22,127.5,3.8625
1993-03-23,120.8,2.425
1993-03-24,115.0,4.9875
1993-03-25,116.5,3.0
1993-03-26,116.9,1.8625
1993-03-27,122.9,2.575
1993-03-28,126.2,3.05
1993-03-29,128.7,2.5875
1993-03-30,129.0,3.2375
1993-03-31,125.1,2.175
1993-04-01,123.6,2.0875
1993-04-02,120.8,1.125
1993-04-03,117.0,0.9625
1993-04-04,116.3,3.925
1993-04-05,118.8,5.9125
1993-04-06,132.8,2.75
1993-04-07,129.7,2.5375
1993-04-08,143.1,3.7375
1993-04-09,135.5,3.5875
1993-04-10,138.6,3.25
1993-04-11,118.8,2.0625
1993-04-12,103.2,2.425
1993-04-13,97.2,3.9625
1993-04-14,92.2,3.375
1993-04-15,88.2,3.75
1993-04-16,90.2,2.9625
1993-04-17,95.7,2.35
1993-04-18,105.7,3.325
1993-04-19,110.9,2.2125
1993-04-20,118.8,3.5875
1993-04-21,119.3,4.25
1993-04-22,117.1,3.3375
1993-04-23,121.5,2.4
1993-04-24,128.8,2.2125
1993-04-25,124.6,2.325
1993-04-26,123.3,1.25
1993-04-27,118.0,1.0125
1993-04-28,113.6,1.2625
1993-04-29,106.5,2.2625
1993-04-30,105.8,2.6625
1993-05-01,102.6,1.5625
1993-05-02,103.1,1.4
1993-05-03,107.1,1.8625
1993-05-04,110.6,1.1625
1993-05-05,117.9,1.375
1993-05-06,120.0,2.2875
1993-05-07,130.6,2.9125
1993-05-08,128.7,4.65
1993-05-09,129.0,4.9
1993-05-10,134.1,4.7125
1993-05-11,132.0,1.175
1993-05-12,126.4,3.05
1993-05-13,119.8,1.9625
1993-05-14,112.1,2.675
1993-05-15,104.4,2.7
1993-05-16,98.8,2.425
1993-05-17,96.2,3.0375
1993-05-18,91.3,1.675
1993-05-19,90.9,2.425
1993-05-20,91.1,1.7375
1993-05-21,91.0,0.625
1993-05-22,91.8,0.9875
1993-05-23,94.9,0.4375
1993-05-24,98.4,0.6125
1993-05-25,99.8,0.325
1993-05-26,107.5,0.925
1993-05-27,119.5,3.1875
1993-05-28,125.8,3.6625
1993-05-29,129.0,2.175
1993-05-30,140.1,1.0
1993-05-31,138.2,1.2125
1993-06-01,136.6,0.975
1993-06-02,139.4,1.4625
1993-06-03,136.4,2.875
1993-06-04,129.9,5.1375
1993-06-05,133.8,4.375
1993-06-06,127.5,3.2875
1993-06-07,112.3,3.475
1993-06-08,111.8,2.7625
1993-06-09,115.4,1.5125
1993-06-10,112.6,2.5875
1993-06-11,101.8,2.1375
1993-06-12,93.3,2.575
1993-06-13,86.6,2.675
1993-06-14,83.7,1.9625
1993-06-15,82.0,1.375
1993-06-16,82.3,0.7
1993-06-17,83.4,1.175
1993-06-18,84.7,0.675
1993-06-19,86.0,1.3875
1993-06-20,91.2,1.25
1993-06-21,91.0,0.275
1993-06-22,96.6,1.3
1993-06-23,109.4,2.875
1993-06-24,121.4,3.8125
1993-06-25,118.7,3.1625
1993-06-26,122.0,1.875
1993-06-27,127.5,1.525
1993-06-28,123.7,1.05
1993-06-29,122.6,2.2875
1993-06-30,116.4,2.325
1993-07-01,108.1,3.575
1993-07-02,109.9,3.8375
1993-07-03,110.5,3.25
1993-07-04,106.5,1.9625
1993-07-05,100.5,1.1375
1993-07-06,95.2,1.1375
1993-07-07,93.4,1.8625
1993-07-08,93.3,2.9125
1993-07-09,90.2,2.825
1993-07-10,86.1,2.575
1993-07-11,83.0,3.1125
1993-07-12,85.8,2.0375
1993-07-13,86.6,2.3
1993-07-14,92.6,0.65
1993-07-15,93.2,1.3875
1993-07-16,97.1,0.8375
1993-07-17,99.3,0.725
1993-07-18,100.4,1.25
1993-07-19,100.8,1.4125
1993-07-20,102.2,2.875
1993-07-21,105.4,2.85
1993-07-22,107.7,2.3875
1993-07-23,109.8,1.45
1993-07-24,106.4,1.0375
1993-07-25,101.9,1.1875
1993-07-26,103.6,0.875
1993-07-27,103.2,2.0875
1993-07-28,101.5,1.6125
1993-07-29,100.4,2.8375
1993-07-30,97.9,1.525
1993-07-31,96.2,1.5375
1993-08-01,99.8,0.65
1993-08-02,100.7,0.7375
1993-08-03,97.9,1.5375
1993-08-04,96.1,3.3625
1993-08-05,94.3,2.925
1993-08-06,94.4,2.675
1993-08-07,91.3,2.9375
1993-08-08,90.9,1.8
1993-08-09,96.5,2.45
1993-08-10,101.8,1.675
1993-08-11,108.3,1.0125
1993-08-12,100.5,1.575
1993-08-13,96.7,1.1625
1993-08-14,92.2,0.325
1993-08-15,90.5,2.125
1993-08-16,90.1,5.8625
1993-08-17,92.8,3.0375
1993-08-18,92.1,3.25
1993-08-19,91.7,2.575
1993-08-20,91.6,1.675
1993-08-21,94.8,1.175
1993-08-22,94.0,1.4875
1993-08-23,92.8,0.75
1993-08-24,90.6,1.1375
1993-08-25,88.7,0.8375
1993-08-26,88.3,1.5375
1993-08-27,87.6,3.3
1993-08-28,88.4,2.45
1993-08-29,90.0,2.2625
1993-08-30,89.0,1.0
1993-08-31,89.0,1.2875
1993-09-01,85.5,0.525
1993-09-02,81.1,1.425
1993-09-03,79.6,4.1625
1993-09-04,79.2,3.7
1993-09-05,79.7,2.625
1993-09-06,78.9,2.6
1993-09-07,78.4,1.875
1993-09-08,79.1,1.825
1993-09-09,79.0,1.1875
1993-09-10,79.1,1.125
1993-09-11,78.8,1.5875
1993-09-12,78.5,2.4375
1993-09-13,80.1,6.0375
1993-09-14,81.7,3.95
1993-09-15,84.7,3.0125
1993-09-16,88.0,1.5375
1993-09-17,85.1,1.175
1993-09-18,85.3,1.025
1993-09-19,84.3,1.0875
1993-09-20,79.7,3.05
1993-09-21,80.0,2.3
1993-09-22,79.2,1.5625
1993-09-23,81.5,1.825
1993-09-24,89.5,3.175
1993-09-25,96.0,2.475
1993-09-26,106.3,2.225
1993-09-27,104.4,2.225
1993-09-28,111.3,1.8
1993-09-29,116.4,3.4625
1993-09-30,120.6,2.825
1993-10-01,116.9,3.7
1993-10-02,126.8,1.7125
1993-10-03,124.7,1.175
1993-10-04,121.5,1.4
1993-10-05,123.8,1.2875
1993-10-06,118.1,2.3
1993-10-07,116.7,0.7875
1993-10-08,113.4,2.8625
1993-10-09,110.4,4.7
1993-10-10,107.5,4.1625
1993-10-11,102.7,3.9
1993-10-12,97.8,3.2125
1993-10-13,95.0,2.425
1993-10-14,91.3,1.875
1993-10-15,94.1,0.7875
1993-10-16,90.9,1.3625
1993-10-17,90.0,1.875
1993-10-18,87.4,1.625
1993-10-19,88.8,2.05
1993-10-20,94.4,1.125
1993-10-21,95.1,1.425
1993-10-22,92.2,2.9625
1993-10-23,92.4,2.575
1993-10-24,91.7,2.2125
1993-10-25,87.0,3.925
1993-10-26,88.5,2.8
1993-10-27,87.1,4.5875
1993-10-28,88.5,3.3875
1993-10-29,91.8,2.375
1993-10-30,91.3,0.8125
1993-10-31,91.5,1.7875
1993-11-01,91.4,2.5375
1993-11-02,93.3,1.05
1993-11-03,93.9,1.825
1993-11-04,95.7,5.875
1993-11-05,96.4,4.3125
1993-11-06,96.7,3.875
1993-11-07,95.2,3.675
1993-11-08,91.9,3.1625
1993-11-09,90.5,2.5375
1993-11-10,90.0,2.5125
1993-11-11,88.8,1.5125
1993-11-12,90.8,0.85
1993-11-13,94.2,1.8875
1993-11-14,94.4,2.7875
1993-11-15,102.2,2.45
1993-11-16,100.4,2.45
1993-11-17,100.0,1.2375
1993-11-18,102.6,3.325
1993-11-19,101.1,3.975
1993-11-20,100.5,2.1125
1993-11-21,97.2,1.9
1993-11-22,99.3,1.35
1993-11-23,100.4,1.825
1993-11-24,100.0,1.2625
1993-11-25,97.2,1.625
1993-11-26,93.2,3.0375
1993-11-27,89.7,1.6
1993-11-28,93.2,1.125
1993-11-29,93.8,2.4875
1993-11-30,103.7,0.925
1993-12-01,108.6,3.675
1993-12-02,104.3,4.8875
1993-12-03,105.6,4.1625
1993-12-04,104.6,1.875
1993-12-05,101.2,2.2375
1993-12-06,103.0,1.75
1993-12-07,107.0,2.9625
1993-12-08,105.1,4.525
1993-12-09,98.4,0.625
1993-12-10,96.1,2.0875
1993-12-11,92.5,1.7875
1993-12-12,90.9,1.55
1993-12-13,87.8,0.775
1993-12-14,87.9,0.975
1993-12-15,85.4,2.3875
1993-12-16,84.5,3.675
1993-12-17,83.8,3.5375
1993-12-18,85.1,3.375
1993-12-19,87.0,2.5875
1993-12-20,91.0,2.75
1993-12-21,92.9,3.4
1993-12-22,99.8,2.4125
1993-12-23,105.0,2.4
1993-12-24,111.2,2.6375
1993-12-25,119.1,2.45
1993-12-26,124.6,2.1125
1993-12-27,140.4,1.7125
1993-12-28,133.6,0.7375
1993-12-29,128.7,0.575
1993-12-30,142.8,1.075
1993-12-31,140.8,3.2
1994-01-01,148.3,3.8625
1994-01-02,146.2,3.5
1994-01-03,133.1,2.925
1994-01-04,128.8,1.5375
1994-01-05,136.9,1.0
1994-01-06,132.1,2.6125
1994-01-07,126.3,1.2
1994-01-08,122.9,1.65
1994-01-09,117.0,0.7125
1994-01-10,110.1,0.4125
1994-01-11,101.1,3.2875
1994-01-12,97.8,4.1
1994-01-13,95.0,3.8625
1994-01-14,90.2,3.8375
1994-01-15,95.7,3.35
1994-01-16,100.3,3.425
1994-01-17,105.4,3.9125
1994-01-18,100.7,3.7
1994-01-19,102.7,3.7625
1994-01-20,104.9,2.9125
1994-01-21,110.8,2.1125
1994-01-22,113.0,1.95
1994-01-23,118.3,1.7875
1994-01-24,129.1,0.8625
1994-01-25,132.1,1.275
1994-01-26,127.8,3.5875
1994-01-27,120.5,3.475
1994-01-28,119.3,2.9125
1994-01-29,101.9,2.4125
1994-01-30,99.0,2.375
1994-01-31,97.6,2.125
1994-02-01,94.4,1.3375
1994-02-02,96.3,2.475
1994-02-03,97.9,2.3625
1994-02-04,95.3,2.625
1994-02-05,93.1,4.1
1994-02-06,94.8,5.4125
1994-02-07,95.9,5.4125
1994-02-08,95.1,5.5375
1994-02-09,101.0,4.45
1994-02-10,94.2,4.6625
1994-02-11,93.1,5.0375
1994-02-12,97.6,4.3875
1994-02-13,97.8,4.4625
1994-02-14,101.4,4.45
1994-02-15,103.8,3.8625
1994-02-16,104.7,3.625
1994-02-17,106.4,2.5625
1994-02-18,106.3,1.5375
1994-02-19,108.0,3.825
1994-02-20,107.6,3.0
1994-02-21,105.4,5.5
1994-02-22,106.7,4.75
1994-02-23,107.4,2.5875
1994-02-24,105.0,1.25
1994-02-25,96.7,2.85
1994-02-26,94.4,1.6625
1994-02-27,94.8,1.725
1994-02-28,92.5,1.95
1994-03-01,94.1,2.575
1994-03-02,98.0,3.125
1994-03-03,100.9,3.3375
1994-03-04,97.9,0.9875
1994-03-05,95.7,1.6
1994-03-06,95.5,2.3375
1994-03-07,91.3,5.375
1994-03-08,91.3,5.175
1994-03-09,89.9,5.4625
1994-03-10,88.0,4.875
1994-03-11,88.1,4.675
1994-03-12,92.8,4.5
1994-03-13,90.1,3.7625
1994-03-14,87.2,4.375
1994-03-15,87.4,4.8375
1994-03-16,86.2,3.725
1994-03-17,85.1,4.4125
1994-03-18,86.7,3.3
1994-03-19,89.1,2.9
1994-03-20,88.6,2.675
1994-03-21,90.7,3.9125
1994-03-22,91.1,3.25
1994-03-23,91.8,3.475
1994-03-24,92.7,3.125
1994-03-25,90.9,3.075
1994-03-26,88.5,2.0875
1994-03-27,88.4,2.0375
1994-03-28,87.6,2.6375
1994-03-29,86.1,1.5
1994-03-30,86.3,2.6625
1994-03-31,85.0,1.4625
1994-04-01,82.5,1.7375
1994-04-02,79.3,4.7875
1994-04-03,77.4,6.2125
1994-04-04,77.1,5.2125
1994-04-05,77.1,4.625
1994-04-06,73.2,4.9875
1994-04-07,72.8,4.7125
1994-04-08,72.6,4.6625
1994-04-09,72.6,5.0875
1994-04-10,75.3,4.5875
1994-04-11,74.3,4.825
1994-04-12,73.9,4.0875
1994-04-13,73.9,4.15
1994-04-14,79.4,3.8375
1994-04-15,80.1,3.3625
1994-04-16,81.7,3.8625
1994-04-17,81.8,5.5375
1994-04-18,84.2,3.475
1994-04-19,85.4,2.8375
1994-04-20,86.2,1.925
1994-04-21,86.7,2.075
1994-04-22,85.4,1.825
1994-04-23,85.2,2.175
1994-04-24,83.4,1.8375
1994-04-25,82.8,2.0125
1994-04-26,81.0,1.3
1994-04-27,78.0,1.1625
1994-04-28,77.3,0.925
1994-04-29,77.8,1.2
1994-04-30,74.9,0.45
1994-05-01,75.2,4.0375
1994-05-02,75.9,4.6625
1994-05-03,74.4,4.6625
1994-05-04,73.1,3.8375
1994-05-05,73.1,4.65
1994-05-06,74.0,4.35
1994-05-07,73.8,4.5
1994-05-08,74.4,4.55
1994-05-09,77.3,3.925
1994-05-10,79.8,4.25
1994-05-11,81.9,3.8625
1994-05-12,87.4,2.225
1994-05-13,89.5,1.675
1994-05-14,90.2,3.4625
1994-05-15,91.4,4.375
1994-05-16,91.3,4.05
1994-05-17,95.0,2.95
1994-05-18,93.6,3.2625
1994-05-19,90.6,2.2625
1994-05-20,89.8,1.55
1994-05-21,87.7,1.2625
1994-05-22,84.6,1.5875
1994-05-23,81.5,1.875
1994-05-24,77.9,3.375
1994-05-25,74.2,3.175
1994-05-26,71.5,2.225
1994-05-27,70.2,1.1625
1994-05-28,69.5,3.375
1994-05-29,69.5,4.625
1994-05-30,69.4,5.075
1994-05-31,69.1,4.0125
1994-06-01,67.6,3.7
1994-06-02,67.9,3.7375
1994-06-03,68.3,3.6375
1994-06-04,67.6,3.325
1994-06-05,68.3,3.5
1994-06-06,70.6,3.2875
1994-06-07,77.1,2.95
1994-06-08,80.4,2.125
1994-06-09,83.0,2.025
1994-06-10,85.4,3.0375
1994-06-11,86.4,2.8375
1994-06-12,86.3,3.7375
1994-06-13,85.0,2.7125
1994-06-14,85.3,2.95
1994-06-15,88.2,1.625
1994-06-16,87.9,1.175
1994-06-17,83.9,1.825
1994-06-18,78.4,2.5
1994-06-19,77.3,3.1375
1994-06-20,76.4,2.875
1994-06-21,74.4,2.2125
1994-06-22,72.2,1.7
1994-06-23,73.1,0.625
1994-06-24,72.8,0.825
1994-06-25,73.1,0.75
1994-06-26,73.9,3.825
1994-06-27,73.0,2.7625
1994-06-28,73.9,2.7875
1994-06-29,78.8,3.8875
1994-06-30,82.6,3.4
1994-07-01,86.7,3.7625
1994-07-02,82.8,3.8625
1994-07-03,86.4,2.5
1994-07-04,84.6,2.3375
1994-07-05,83.4,1.175
1994-07-06,84.2,2.25
1994-07-07,88.1,3.125
1994-07-08,85.8,1.0875
1994-07-09,85.9,1.25
1994-07-10,86.0,0.9375
1994-07-11,85.6,1.0375
1994-07-12,82.9,0.5375
1994-07-13,81.4,0.95
1994-07-14,81.9,3.5875
1994-07-15,83.0,3.225
1994-07-16,82.4,4.1375
1994-07-17,80.3,2.7875
1994-07-18,80.1,2.325
1994-07-19,77.6,2.4125
1994-07-20,76.9,1.2125
1994-07-21,77.3,2.2125
1994-07-22,77.6,1.275
1994-07-23,75.8,1.625
1994-07-24,75.3,1.7
1994-07-25,75.5,2.325
1994-07-26,74.0,1.0375
1994-07-27,74.3,2.275
1994-07-28,74.8,3.1625
1994-07-29,75.7,2.55
1994-07-30,75.3,2.2625
1994-07-31,74.5,2.0625
1994-08-01,74.0,1.5875
1994-08-02,75.0,0.8375
1994-08-03,76.4,1.075
1994-08-04,75.2,0.575
1994-08-05,75.7,1.2
1994-08-06,75.3,1.05
1994-08-07,75.8,0.875
1994-08-08,73.8,0.4125
1994-08-09,75.3,1.0875
1994-08-10,77.6,2.4625
1994-08-11,76.7,2.9125
1994-08-12,80.8,3.2625
1994-08-13,84.5,3.9125
1994-08-14,88.9,3.7875
1994-08-15,81.4,2.7
1994-08-16,76.8,2.075
1994-08-17,77.6,1.7625
1994-08-18,77.4,1.5875
1994-08-19,75.3,1.2625
1994-08-20,72.3,1.7875
1994-08-21,71.1,1.5875
1994-08-22,70.6,2.1125
1994-08-23,71.9,1.375
1994-08-24,71.9,1.5
1994-08-25,71.0,2.325
1994-08-26,72.2,1.5125
1994-08-27,71.1,2.2
1994-08-28,71.0,1.5875
1994-08-29,77.6,1.2
1994-08-30,83.1,1.0
1994-08-31,82.3,1.4125
1994-09-01,85.8,2.3
1994-09-02,93.3,1.175
1994-09-03,96.5,1.55
1994-09-04,94.2,1.0375
1994-09-05,93.6,2.1375
1994-09-06,93.6,2.7
1994-09-07,90.8,4.375
1994-09-08,88.3,3.925
1994-09-09,86.1,4.425
1994-09-10,81.7,3.125
1994-09-11,81.0,2.9625
1994-09-12,77.2,2.45
1994-09-13,75.5,2.3375
1994-09-14,74.0,1.7125
1994-09-15,71.5,1.7625
1994-09-16,70.8,2.3875
1994-09-17,70.3,2.2125
1994-09-18,71.9,1.5375
1994-09-19,70.2,1.4625
1994-09-20,69.8,1.425
1994-09-21,69.9,1.675
1994-09-22,70.7,1.3
1994-09-23,71.4,1.0375
1994-09-24,72.8,1.5
1994-09-25,76.2,2.3875
1994-09-26,77.0,3.2625
1994-09-27,74.7,3.2
1994-09-28,74.0,2.625
1994-09-29,74.4,1.6625
1994-09-30,74.5,1.0875
1994-10-01,74.6,0.9625
1994-10-02,74.5,2.2875
1994-10-03,74.2,6.0125
1994-10-04,74.7,4.2625
1994-10-05,79.4,4.6625
1994-10-06,84.2,4.3875
1994-10-07,83.8,4.675
1994-10-08,86.1,3.2625
1994-10-09,87.2,2.5375
1994-10-10,86.9,3.2125
1994-10-11,87.6,3.4125
1994-10-12,88.1,2.925
1994-10-13,93.1,2.7625
1994-10-14,92.6,2.25
1994-10-15,92.7,2.5375
1994-10-16,91.5,1.4125
1994-10-17,91.6,1.1875
1994-10-18,90.5,1.15
1994-10-19,90.7,1.7125
1994-10-20,90.1,1.9625
1994-10-21,87.8,0.7625
1994-10-22,85.5,3.1
1994-10-23,84.2,5.075
1994-10-24,82.2,4.2625
1994-10-25,89.5,2.1875
1994-10-26,92.6,2.0
1994-10-27,93.1,1.1875
1994-10-28,97.4,1.1625
1994-10-29,98.3,4.625
1994-10-30,97.8,5.075
1994-10-31,96.6,4.475
1994-11-01,92.3,3.2125
1994-11-02,91.4,3.325
1994-11-03,87.3,2.75
1994-11-04,84.0,3.4875
1994-11-05,83.4,3.1875
1994-11-06,81.1,4.55
1994-11-07,81.9,2.0875
1994-11-08,80.1,1.2625
1994-11-09,78.9,3.0
1994-11-10,80.0,3.075
1994-11-11,79.0,1.9625
1994-11-12,80.2,1.2875
1994-11-13,81.2,1.625
1994-11-14,78.7,2.2
1994-11-15,79.0,2.375
1994-11-16,79.0,1.3375
1994-11-17,79.1,1.55
1994-11-18,80.0,1.55
1994-11-19,78.4,3.5375
1994-11-20,78.8,3.5375
1994-11-21,77.8,1.7125
1994-11-22,76.3,1.5875
1994-11-23,77.5,0.9625
1994-11-24,78.6,1.1875
1994-11-25,81.5,0.7
1994-11-26,83.2,3.825
1994-11-27,80.4,3.9625
1994-11-28,79.7,2.7125
1994-11-29,79.6,2.175
1994-11-30,78.3,3.4625
1994-12-01,79.1,3.2125
1994-12-02,79.1,3.7625
1994-12-03,81.8,2.775
1994-12-04,81.9,1.6
1994-12-05,80.7,1.9125
1994-12-06,78.5,3.825
1994-12-07,80.1,3.1625
1994-12-08,81.2,2.925
1994-12-09,86.6,2.4
1994-12-10,86.4,2.2625
1994-12-11,95.2,2.3375
1994-12-12,99.5,3.0125
1994-12-13,96.8,3.0125
1994-12-14,94.7,1.8375
1994-12-15,93.2,3.4625
1994-12-16,93.1,3.05
1994-12-17,91.8,1.9625
1994-12-18,87.3,1.725
1994-12-19,85.1,1.5375
1994-12-20,82.4,2.45
1994-12-21,82.3,1.575
1994-12-22,82.2,0.8625
1994-12-23,79.8,2.1625
1994-12-24,79.6,4.425
1994-12-25,80.6,3.2375
1994-12-26,79.8,3.225
1994-12-27,75.9,2.5875
1994-12-28,78.9,2.0875
1994-12-29,79.7,2.7125
1994-12-30,76.6,1.7375
1994-12-31,77.4,1.25
1995-01-01,75.4,0.9625
1995-01-02,77.3,3.0375
1995-01-03,76.8,4.1625
1995-01-04,76.9,3.3
1995-01-05,76.3,3.6625
1995-01-06,74.4,3.0875
1995-01-07,74.7,2.625
1995-01-08,73.7,1.9
1995-01-09,73.8,1.6625
1995-01-10,73.3,1.8
1995-01-11,75.2,3.0625
1995-01-12,76.2,1.3125
1995-01-13,74.9,1.9
1995-01-14,77.2,1.125
1995-01-15,80.6,0.9
1995-01-16,82.7,3.0375
1995-01-17,83.5,4.25
1995-01-18,86.6,3.875
1995-01-19,90.1,1.2125
1995-01-20,92.5,1.375
1995-01-21,96.4,1.925
1995-01-22,95.5,1.9
1995-01-23,96.0,1.525
1995-01-24,97.0,0.95
1995-01-25,89.5,1.4125
1995-01-26,85.7,0.775
1995-01-27,88.4,0.875
1995-01-28,82.6,0.7875
1995-01-29,84.5,4.0
1995-01-30,86.4,4.5875
1995-01-31,86.7,3.9125
1995-02-01,87.1,2.95
1995-02-02,85.9,3.925
1995-02-03,82.7,3.7875
1995-02-04,86.0,3.55
1995-02-05,81.0,1.3
1995-02-06,84.3,2.3375
1995-02-07,83.7,2.375
1995-02-08,85.5,3.6125
1995-02-09,83.7,0.775
1995-02-10,81.4,0.5375
1995-02-11,81.0,3.8375
1995-02-12,81.1,4.0375
1995-02-13,85.6,4.625
1995-02-14,82.4,3.875
1995-02-15,84.9,3.125
1995-02-16,85.5,1.9125
1995-02-17,89.0,1.65
1995-02-18,88.7,2.3625
1995-02-19,94.5,1.8
1995-02-20,90.8,1.3625
1995-02-21,89.0,1.2125
1995-02-22,85.2,0.4875
1995-02-23,84.6,1.2625
1995-02-24,83.3,0.6625
1995-02-25,83.3,0.2375
1995-02-26,86.1,2.875
1995-02-27,87.6,3.75
1995-02-28,90.7,4.2125
1995-03-01,89.9,4.3375
1995-03-02,90.2,3.8625
1995-03-03,90.9,1.45
1995-03-04,89.1,3.2875
1995-03-05,84.2,3.1625
1995-03-06,83.5,0.9125
1995-03-07,83.9,0.7625
1995-03-08,80.7,0.8125
1995-03-09,76.9,2.75
1995-03-10,79.1,3.125
1995-03-11,76.1,3.8
1995-03-12,76.2,4.5375
1995-03-13,77.4,4.55
1995-03-14,79.0,3.5875
1995-03-15,81.1,2.65
1995-03-16,84.1,2.825
1995-03-17,83.3,2.1375
1995-03-18,91.7,1.1625
1995-03-19,84.1,1.0375
1995-03-20,89.0,1.075
1995-03-21,89.9,0.4
1995-03-22,93.5,0.675
1995-03-23,94.1,1.45
1995-03-24,94.9,1.375
1995-03-25,92.2,1.425
1995-03-26,90.2,3.775
1995-03-27,89.0,3.3625
1995-03-28,83.7,3.1625
1995-03-29,80.8,3.25
1995-03-30,79.6,1.8875
1995-03-31,76.7,1.875
1995-04-01,75.3,1.9125
1995-04-02,76.2,3.0375
1995-04-03,75.2,0.2625
1995-04-04,73.0,0.775
1995-04-05,72.1,2.2875
1995-04-06,71.8,1.2875
1995-04-07,70.5,6.1625
1995-04-08,71.7,4.2875
1995-04-09,72.6,3.8
1995-04-10,74.4,3.8
1995-04-11,77.7,3.4625
1995-04-12,81.9,2.95
1995-04-13,82.8,1.875
1995-04-14,88.3,1.3
1995-04-15,91.4,0.8125
1995-04-16,89.0,0.9125
1995-04-17,88.8,1.2125
1995-04-18,89.9,1.775
1995-04-19,91.8,1.625
1995-04-20,86.3,1.9625
1995-04-21,84.6,0.4125
1995-04-22,83.9,2.3625
1995-04-23,76.7,3.5875
1995-04-24,72.5,3.7375
1995-04-25,70.4,2.9875
1995-04-26,69.2,3.25
1995-04-27,68.1,3.6875
1995-04-28,67.6,2.5
1995-04-29,68.0,1.9625
1995-04-30,67.1,0.9625
1995-05-01,68.6,0.6375
1995-05-02,68.8,4.7
1995-05-03,69.0,4.95
1995-05-04,70.6,4.25
1995-05-05,72.9,4.7875
1995-05-06,76.4,3.6625
1995-05-07,77.6,3.6625
1995-05-08,77.9,3.325
1995-05-09,77.7,2.275
1995-05-10,77.8,1.5
1995-05-11,76.8,1.625
1995-05-12,80.7,1.75
1995-05-13,80.5,2.15
1995-05-14,79.8,1.4875
1995-05-15,85.8,1.1625
1995-05-16,93.7,4.7
1995-05-17,95.1,3.975
1995-05-18,91.2,2.3
1995-05-19,86.2,2.5375
1995-05-20,80.8,2.8
1995-05-21,75.1,1.15
1995-05-22,70.8,1.5375
1995-05-23,68.6,2.7
1995-05-24,67.0,3.7125
1995-05-25,67.1,2.4625
1995-05-26,66.3,2.65
1995-05-27,65.7,1.45
1995-05-28,66.6,1.75
1995-05-29,66.8,1.7125
1995-05-30,67.5,4.425
1995-05-31,68.9,4.075
1995-06-01,70.5,3.8375
1995-06-02,73.2,3.25
1995-06-03,74.6,3.6375
1995-06-04,79.0,1.7625
1995-06-05,81.7,1.6375
1995-06-06,79.4,1.7875
1995-06-07,82.4,1.5375
1995-06-08,84.2,0.8
1995-06-09,86.3,1.2625
1995-06-10,84.4,1.9125
1995-06-11,82.5,1.225
1995-06-12,80.7,0.7625
1995-06-13,76.7,0.5
1995-06-14,75.6,1.3375
1995-06-15,73.2,1.5
1995-06-16,70.7,2.5875
1995-06-17,69.8,1.325
1995-06-18,69.5,2.55
1995-06-19,71.3,3.95
1995-06-20,71.8,3.2875
1995-06-21,72.3,2.4
1995-06-22,73.0,1.8375
1995-06-23,71.9,1.8375
1995-06-24,71.0,1.1625
1995-06-25,70.8,2.5375
1995-06-26,70.8,3.075
1995-06-27,72.3,1.5375
1995-06-28,74.4,2.275
1995-06-29,77.5,1.575
1995-06-30,78.1,3.625
1995-07-01,78.8,2.425
1995-07-02,77.7,1.325
1995-07-03,78.0,2.0375
1995-07-04,80.7,1.7
1995-07-05,80.1,0.8125
1995-07-06,80.8,0.5875
1995-07-07,80.5,1.075
1995-07-08,81.4,1.15
1995-07-09,80.2,1.3
1995-07-10,77.3,0.5
1995-07-11,76.0,0.4375
1995-07-12,74.2,0.825
1995-07-13,72.5,1.325
1995-07-14,74.3,1.4125
1995-07-15,74.3,1.65
1995-07-16,73.4,3.2875
1995-07-17,72.3,3.6125
1995-07-18,72.0,2.375
1995-07-19,70.4,2.125
1995-07-20,69.6,2.05
1995-07-21,68.5,1.2625
1995-07-22,68.8,1.4625
1995-07-23,68.4,1.7125
1995-07-24,69.2,3.75
1995-07-25,69.7,1.5875
1995-07-26,69.4,1.4625
1995-07-27,70.4,1.375
1995-07-28,70.3,1.425
1995-07-29,69.8,1.375
1995-07-30,69.7,1.4625
1995-07-31,70.7,1.425
1995-08-01,72.5,1.0875
1995-08-02,73.5,1.2625
1995-08-03,73.2,1.925
1995-08-04,72.9,1.175
1995-08-05,75.0,1.5125
1995-08-06,75.1,0.975
1995-08-07,73.7,1.8875
1995-08-08,73.5,3.275
1995-08-09,73.4,3.575
1995-08-10,72.9,2.825
1995-08-11,72.8,1.875
1995-08-12,71.8,1.8375
1995-08-13,70.8,2.5
1995-08-14,70.0,3.65
1995-08-15,71.3,2.8
1995-08-16,70.4,1.8375
1995-08-17,69.7,2.5
1995-08-18,71.8,1.5375
1995-08-19,71.6,2.2
1995-08-20,71.3,1.4125
1995-08-21,71.0,0.7
1995-08-22,70.2,2.1375
1995-08-23,74.2,2.3
1995-08-24,77.0,1.6625
1995-08-25,77.0,2.875
1995-08-26,77.3,1.6625
1995-08-27,79.8,1.9125
1995-08-28,81.5,1.225
1995-08-29,78.1,2.45
1995-08-30,77.3,1.1375
1995-08-31,75.5,0.6625
1995-09-01,73.6,0.8375
1995-09-02,73.2,0.875
1995-09-03,73.6,1.05
1995-09-04,74.3,1.175
1995-09-05,74.6,4.125
1995-09-06,71.8,3.45
1995-09-07,70.1,3.3375
1995-09-08,69.0,4.2125
1995-09-09,68.7,2.775
1995-09-10,67.9,2.175
1995-09-11,68.0,3.75
1995-09-12,68.6,2.575
1995-09-13,69.2,3.225
1995-09-14,69.4,1.825
1995-09-15,70.1,3.675
1995-09-16,69.6,2.45
1995-09-17,69.7,1.4875
1995-09-18,71.6,0.6125
1995-09-19,73.6,0.875
1995-09-20,75.5,2.225
1995-09-21,73.8,1.5
1995-09-22,74.5,0.825
1995-09-23,74.9,2.5
1995-09-24,73.7,1.7
1995-09-25,74.0,1.1125
1995-09-26,73.5,1.0875
1995-09-27,72.2,4.075
1995-09-28,72.7,2.2875
1995-09-29,73.7,0.65
1995-09-30,72.7,1.1375
1995-10-01,72.6,0.6625
1995-10-02,72.5,2.9
1995-10-03,71.0,3.5
1995-10-04,70.8,5.1
1995-10-05,69.8,3.6
1995-10-06,70.9,3.6625
1995-10-07,72.8,3.7875
1995-10-08,74.2,3.9
1995-10-09,76.1,3.5375
1995-10-10,82.3,1.8
1995-10-11,89.4,2.625
1995-10-12,92.1,3.2875
1995-10-13,87.8,2.25
1995-10-14,87.1,1.575
1995-10-15,82.9,1.3375
1995-10-16,85.5,1.7625
1995-10-17,84.6,1.9125
1995-10-18,81.5,3.4625
1995-10-19,80.4,3.4125
1995-10-20,82.5,4.075
1995-10-21,80.9,2.65
1995-10-22,80.4,2.5125
1995-10-23,76.6,3.2375
1995-10-24,74.3,1.9875
1995-10-25,73.9,0.975
1995-10-26,73.9,0.7375
1995-10-27,73.9,1.35
1995-10-28,73.8,0.3875
1995-10-29,73.7,0.7125
1995-10-30,73.3,2.05
1995-10-31,73.3,3.125
1995-11-01,74.5,3.7
1995-11-02,73.3,3.1375
1995-11-03,72.6,1.2125
1995-11-04,73.2,1.9125
1995-11-05,75.1,3.0875
1995-11-06,74.8,3.5375
1995-11-07,73.3,2.25
1995-11-08,76.3,1.7375
1995-11-09,77.2,0.8875
1995-11-10,78.1,1.325
1995-11-11,77.4,1.275
1995-11-12,76.2,2.2375
1995-11-13,73.1,1.0875
1995-11-14,75.0,1.0125
1995-11-15,76.6,0.7
1995-11-16,75.9,0.875
1995-11-17,75.1,1.6375
1995-11-18,75.1,1.2375
1995-11-19,74.0,1.8375
1995-11-20,73.2,1.0375
1995-11-21,72.8,0.75
1995-11-22,72.8,1.4625
1995-11-23,72.7,1.0375
1995-11-24,72.2,0.325
1995-11-25,71.8,0.4
1995-11-26,72.7,0.5
1995-11-27,70.8,3.175
1995-11-28,73.5,2.325
1995-11-29,72.3,2.8
1995-11-30,74.3,1.8375
1995-12-01,72.7,3.05
1995-12-02,73.3,2.45
1995-12-03,73.3,1.8375
1995-12-04,72.8,2.7375
1995-12-05,73.6,1.05
1995-12-06,74.0,1.1
1995-12-07,74.1,0.925
1995-12-08,74.1,0.45
1995-12-09,73.9,1.95
1995-12-10,73.5,1.075
1995-12-11,73.4,0.925
1995-12-12,72.3,1.25
1995-12-13,72.6,0.4125
1995-12-14,69.8,1.2375
1995-12-15,70.2,2.3875
1995-12-16,69.9,2.9
1995-12-17,69.3,2.1375
1995-12-18,68.6,0.7375
1995-12-19,69.2,1.4625
1995-12-20,69.6,0.9125
1995-12-21,70.0,1.5
1995-12-22,71.2,3.25
1995-12-23,72.3,1.7125
1995-12-24,72.2,3.575
1995-12-25,72.5,2.8375
1995-12-26,74.1,2.9
1995-12-27,74.0,1.925
1995-12-28,76.0,0.9625
1995-12-29,76.4,0.875
1995-12-30,75.3,0.7625
1995-12-31,75.1,1.825
1996-01-01,75.1,1.2
1996-01-02,74.8,1.6375
1996-01-03,80.8,1.8875
1996-01-04,85.9,1.3
1996-01-05,84.9,2.1625
1996-01-06,82.7,1.5875
1996-01-07,82.5,1.0875
1996-01-08,79.3,0.8375
1996-01-09,75.9,0.675
1996-01-10,73.8,0.9625
1996-01-11,71.5,1.05
1996-01-12,69.5,1.675
1996-01-13,69.0,3.9125
1996-01-14,69.7,3.4875
1996-01-15,70.2,2.9125
1996-01-16,69.9,2.075
1996-01-17,70.4,2.45
1996-01-18,71.0,2.2
1996-01-19,70.8,2.1375
1996-01-20,71.4,2.3875
1996-01-21,71.8,1.875
1996-01-22,72.3,1.625
1996-01-23,73.3,1.175
1996-01-24,73.0,1.4125
1996-01-25,73.9,1.425
1996-01-26,73.8,1.95
1996-01-27,73.8,1.925
1996-01-28,73.6,1.8625
1996-01-29,74.0,3.375
1996-01-30,74.7,1.8375
1996-01-31,76.7,2.3125
1996-02-01,75.1,1.75
1996-02-02,76.4,2.2125
1996-02-03,74.0,0.9625
1996-02-04,73.5,1.3875
1996-02-05,71.4,1.25
1996-02-06,71.2,0.7625
1996-02-07,70.1,1.75
1996-02-08,67.5,1.95
1996-02-09,70.0,1.925
1996-02-10,69.8,2.2125
1996-02-11,70.0,3.425
1996-02-12,69.1,2.825
1996-02-13,68.7,2.8
1996-02-14,68.9,2.825
1996-02-15,69.0,1.9375
1996-02-16,70.1,2.1625
1996-02-17,70.7,1.8375
1996-02-18,70.2,2.4125
1996-02-19,71.0,1.825
1996-02-20,72.2,1.9875
1996-02-21,71.9,1.2875
1996-02-22,71.6,1.95
1996-02-23,73.9,2.8625
1996-02-24,75.7,3.2125
1996-02-25,73.3,3.1875
1996-02-26,72.4,2.975
1996-02-27,72.1,2.7
1996-02-28,72.2,1.8375
1996-02-29,72.2,1.8
1996-03-01,71.9,1.375
1996-03-02,71.1,0.85
1996-03-03,70.2,1.8
1996-03-04,69.2,2.2125
1996-03-05,69.1,1.675
1996-03-06,69.4,1.0875
1996-03-07,67.8,0.5375
1996-03-08,69.8,1.7
1996-03-09,67.5,1.9125
1996-03-10,69.1,2.35
1996-03-11,71.8,3.75
1996-03-12,73.2,2.875
1996-03-13,71.3,3.4125
1996-03-14,70.8,2.05
1996-03-15,70.4,1.55
1996-03-16,71.0,1.6625
1996-03-17,70.6,2.65
1996-03-18,70.6,2.1625
1996-03-19,69.9,2.9125
1996-03-20,69.3,3.55
1996-03-21,70.4,4.5125
1996-03-22,73.8,3.0375
1996-03-23,72.1,1.8
1996-03-24,71.2,3.25
1996-03-25,72.5,3.1625
1996-03-26,71.9,2.3625
1996-03-27,71.8,2.3
1996-03-28,71.9,2.175
1996-03-29,70.5,1.625
1996-03-30,70.2,1.425
1996-03-31,70.1,1.4125
1996-04-01,68.2,2.125
1996-04-02,70.7,1.0875
1996-04-03,71.1,1.5
1996-04-04,70.2,2.4625
1996-04-05,69.9,1.4625
1996-04-06,68.7,0.7
1996-04-07,68.4,0.2875
1996-04-08,68.4,1.2
1996-04-09,69.0,2.5875
1996-04-10,68.8,1.55
1996-04-11,68.5,1.9375
1996-04-12,68.3,3.875
1996-04-13,68.8,1.8875
1996-04-14,68.7,3.725
1996-04-15,68.0,3.0
1996-04-16,68.3,2.2125
1996-04-17,69.3,4.0375
1996-04-18,70.1,3.65
1996-04-19,70.5,3.875
1996-04-20,71.5,3.0875
1996-04-21,74.0,2.7125
1996-04-22,72.4,1.9625
1996-04-23,71.1,2.3625
1996-04-24,68.6,1.3625
1996-04-25,67.8,1.25
1996-04-26,68.2,0.875
1996-04-27,68.2,1.325
1996-04-28,67.7,1.1
1996-04-29,68.4,1.15
1996-04-30,68.5,1.4125
1996-05-01,67.9,1.55
1996-05-02,67.9,1.4625
1996-05-03,68.3,1.625
1996-05-04,69.4,2.2125
1996-05-05,70.8,1.5375
1996-05-06,74.6,1.15
1996-05-07,74.9,1.075
1996-05-08,76.1,1.375
1996-05-09,76.2,1.1625
1996-05-10,77.5,1.3
1996-05-11,76.5,1.175
1996-05-12,73.6,1.05
1996-05-13,72.7,2.825
1996-05-14,71.8,2.425
1996-05-15,70.9,1.875
1996-05-16,71.0,2.125
1996-05-17,71.2,1.75
1996-05-18,70.3,0.4
1996-05-19,68.8,1.7125
1996-05-20,68.0,2.175
1996-05-21,66.9,2.075
1996-05-22,66.4,1.3125
1996-05-23,67.2,1.125
1996-05-24,67.2,1.8375
1996-05-25,66.9,1.575
1996-05-26,66.9,1.375
1996-05-27,66.6,1.925
1996-05-28,66.0,1.0125
1996-05-29,66.5,2.025
1996-05-30,66.5,1.875
1996-05-31,68.0,1.8875
1996-06-01,68.9,0.9
1996-06-02,68.7,0.95
1996-06-03,69.3,0.925
1996-06-04,69.6,1.125
1996-06-05,70.9,1.4625
1996-06-06,71.8,2.7375
1996-06-07,73.7,1.0375
1996-06-08,70.7,1.125
1996-06-09,70.3,0.925
1996-06-10,69.3,1.1875
1996-06-11,68.4,1.0
1996-06-12,67.5,0.95
1996-06-13,68.5,0.5
1996-06-14,67.9,0.8
1996-06-15,67.3,1.4375
1996-06-16,67.4,1.25
1996-06-17,67.6,1.8
1996-06-18,67.7,1.55
1996-06-19,68.5,2.525
1996-06-20,69.7,1.5875
1996-06-21,70.4,1.025
1996-06-22,70.3,0.8625
1996-06-23,69.7,0.9625
1996-06-24,72.8,1.4875
1996-06-25,72.3,0.7
1996-06-26,72.1,1.0125
1996-06-27,71.6,1.575
1996-06-28,71.8,1.5
1996-06-29,71.3,2.05
1996-06-30,71.2,1.2125
1996-07-01,70.9,1.4125
1996-07-02,70.4,1.5625
1996-07-03,69.0,2.25
1996-07-04,69.1,1.8625
1996-07-05,68.6,2.0875
1996-07-06,68.2,1.2125
1996-07-07,71.9,1.875
1996-07-08,81.6,2.3375
1996-07-09,83.6,0.7875
1996-07-10,79.8,0.5125
1996-07-11,77.0,0.875
1996-07-12,73.7,2.0375
1996-07-13,70.2,1.6625
1996-07-14,67.8,1.5125
1996-07-15,67.0,1.95
1996-07-16,66.9,1.35
1996-07-17,66.8,2.05
1996-07-18,64.9,1.4125
1996-07-19,66.1,1.2125
1996-07-20,65.4,2.125
1996-07-21,65.1,1.8125
1996-07-22,66.0,1.5875
1996-07-23,66.7,1.3
1996-07-24,66.2,0.9625
1996-07-25,68.2,1.5375
1996-07-26,70.2,1.3875
1996-07-27,73.3,0.825
1996-07-28,75.5,1.9625
1996-07-29,77.9,1.1625
1996-07-30,79.9,1.775
1996-07-31,80.2,2.8875
1996-08-01,80.4,2.5875
1996-08-02,79.6,2.0375
1996-08-03,79.3,1.7125
1996-08-04,77.6,1.375
1996-08-05,74.1,1.5875
1996-08-06,73.0,1.7
1996-08-07,71.6,1.3
1996-08-08,69.8,0.9625
1996-08-09,70.2,1.7375
1996-08-10,71.6,1.0625
1996-08-11,72.9,1.075
1996-08-12,70.1,1.125
1996-08-13,69.6,1.3125
1996-08-14,68.8,2.4625
1996-08-15,67.6,1.575
1996-08-16,67.6,2.375
1996-08-17,67.8,2.25
1996-08-18,66.7,1.25
1996-08-19,67.7,1.1
1996-08-20,68.5,1.925
1996-08-21,69.7,1.2875
1996-08-22,72.8,1.15
1996-08-23,74.2,2.375
1996-08-24,74.6,2.05
1996-08-25,74.7,3.025
1996-08-26,74.2,2.2875
1996-08-27,74.3,2.8
1996-08-28,73.3,2.775
1996-08-29,73.5,4.425
1996-08-30,73.3,2.7
1996-08-31,76.2,2.3875
1996-09-01,73.5,1.425
1996-09-02,72.3,1.2
1996-09-03,71.2,0.6
1996-09-04,70.8,1.8375
1996-09-05,70.3,1.575
1996-09-06,69.7,1.4
1996-09-07,69.5,1.85
1996-09-08,68.2,1.475
1996-09-09,67.9,1.5
1996-09-10,68.0,4.05
1996-09-11,67.6,3.325
1996-09-12,67.8,4.0
1996-09-13,67.3,3.075
1996-09-14,67.1,2.2125
1996-09-15,66.4,3.0375
1996-09-16,68.0,3.1125
1996-09-17,69.0,2.0375
1996-09-18,68.9,3.1875
1996-09-19,69.2,2.5125
1996-09-20,69.2,4.25
1996-09-21,69.8,4.025
1996-09-22,68.6,3.7125
1996-09-23,69.9,3.85
1996-09-24,70.0,2.0375
1996-09-25,70.8,2.2
1996-09-26,70.0,3.775
1996-09-27,69.8,2.8375
1996-09-28,71.0,2.8
1996-09-29,70.1,1.7875
1996-09-30,69.5,0.9875
1996-10-01,69.5,1.2
1996-10-02,69.7,2.1625
1996-10-03,69.6,2.9625
1996-10-04,69.4,1.5125
1996-10-05,68.5,0.6625
1996-10-06,68.8,0.5375
1996-10-07,68.3,0.9125
1996-10-08,67.9,2.225
1996-10-09,67.9,3.3375
1996-10-10,67.6,2.2375
1996-10-11,66.7,1.8875
1996-10-12,67.2,2.9625
1996-10-13,67.6,3.075
1996-10-14,68.6,2.575
1996-10-15,69.0,1.2125
1996-10-16,68.6,2.3
1996-10-17,68.5,1.425
1996-10-18,69.6,3.65
1996-10-19,71.0,4.4875
1996-10-20,71.3,3.0
1996-10-21,69.7,1.95
1996-10-22,69.8,4.3375
1996-10-23,69.9,3.625
1996-10-24,69.9,2.3375
1996-10-25,69.9,1.625
1996-10-26,71.1,1.0375
1996-10-27,72.1,1.1375
1996-10-28,68.4,2.925
1996-10-29,70.4,2.8625
1996-10-30,70.7,2.6625
1996-10-31,69.7,1.7875
1996-11-01,69.6,0.6375
1996-11-02,69.0,0.4125
1996-11-03,69.5,0.45
1996-11-04,69.0,2.325
1996-11-05,68.3,1.7125
1996-11-06,69.2,1.95
1996-11-07,68.5,1.075
1996-11-08,69.1,0.9625
1996-11-09,70.2,2.3875
1996-11-10,71.0,2.0625
1996-11-11,71.5,0.975
1996-11-12,72.2,1.9125
1996-11-13,73.1,2.6125
1996-11-14,73.7,3.275
1996-11-15,73.6,2.7875
1996-11-16,73.9,1.1875
1996-11-17,72.0,2.5
1996-11-18,74.1,2.8
1996-11-19,74.4,2.2625
1996-11-20,74.5,1.975
1996-11-21,74.4,1.325
1996-11-22,82.6,1.0625
1996-11-23,91.0,0.95
1996-11-24,99.8,2.15
1996-11-25,104.4,1.7125
1996-11-26,103.6,1.7
1996-11-27,102.7,2.0
1996-11-28,98.1,1.8
1996-11-29,91.0,1.3
1996-11-30,87.5,0.3375
1996-12-01,83.1,0.675
1996-12-02,78.0,2.0125
1996-12-03,72.8,1.9625
1996-12-04,70.7,2.3375
1996-12-05,69.6,0.425
1996-12-06,69.7,0.25
1996-12-07,69.2,1.1125
1996-12-08,68.6,0.75
1996-12-09,73.7,1.4125
1996-12-10,72.4,3.7625
1996-12-11,77.6,2.825
1996-12-12,81.1,2.0875
1996-12-13,81.7,1.4125
1996-12-14,82.5,1.5875
1996-12-15,85.0,2.7625
1996-12-16,86.2,2.575
1996-12-17,86.4,2.325
1996-12-18,88.4,1.4875
1996-12-19,87.4,0.175
1996-12-20,83.0,0.325
1996-12-21,83.7,1.5
1996-12-22,81.5,1.8875
1996-12-23,79.5,1.8
1996-12-24,79.0,0.975
1996-12-25,77.3,1.5
1996-12-26,75.5,0.7625
1996-12-27,74.6,0.7875
1996-12-28,74.2,0.7125
1996-12-29,73.8,0.9125
1996-12-30,72.5,2.2125
1996-12-31,72.2,1.425
1997-01-01,72.4,1.175
1997-01-02,72.1,1.425
1997-01-03,73.3,0.8625
1997-01-04,73.8,0.8125
1997-01-05,74.4,0.9125
1997-01-06,73.1,0.625
1997-01-07,73.3,2.5
1997-01-08,73.8,1.825
1997-01-09,73.7,1.3625
1997-01-10,75.4,4.0125
1997-01-11,74.0,2.875
1997-01-12,74.5,2.5125
1997-01-13,74.6,1.7625
1997-01-14,74.9,1.1375
1997-01-15,75.8,1.05
1997-01-16,74.8,0.625
1997-01-17,74.1,0.5
1997-01-18,74.6,1.25
1997-01-19,75.3,1.2875
1997-01-20,76.8,1.5875
1997-01-21,74.1,2.2125
1997-01-22,73.0,1.5125
1997-01-23,73.4,0.8375
1997-01-24,74.2,1.0
1997-01-25,73.1,1.4875
1997-01-26,74.1,2.8875
1997-01-27,73.5,2.9125
1997-01-28,72.9,3.675
1997-01-29,74.6,2.175
1997-01-30,73.6,2.9125
1997-01-31,72.4,1.8
1997-02-01,71.3,1.2625
1997-02-02,78.4,2.325
1997-02-03,79.6,1.425
1997-02-04,80.7,0.9625
1997-02-05,75.3,1.325
1997-02-06,74.2,2.1625
1997-02-07,75.7,0.9875
1997-02-08,75.2,3.0125
1997-02-09,73.2,3.1875
1997-02-10,72.3,3.625
1997-02-11,71.1,3.4875
1997-02-12,70.9,1.325
1997-02-13,71.1,1.0875
1997-02-14,71.3,1.3375
1997-02-15,71.8,1.0125
1997-02-16,72.0,1.825
1997-02-17,73.1,2.6125
1997-02-18,72.9,1.55
1997-02-19,72.0,0.6625
1997-02-20,72.6,1.0125
1997-02-21,73.2,2.125
1997-02-22,73.5,1.9625
1997-02-23,74.6,2.2
1997-02-24,74.6,1.925
1997-02-25,74.1,1.375
1997-02-26,73.8,2.8375
1997-02-27,73.8,3.3625
1997-02-28,72.8,4.2375
1997-03-01,53.5,2.7
1997-03-02,72.3,2.3625
1997-03-03,74.0,1.7375
1997-03-04,74.0,0.8875
1997-03-05,74.6,1.75
1997-03-06,75.4,1.875
1997-03-07,74.1,1.7375
1997-03-08,74.7,1.3375
1997-03-09,75.1,0.2125
1997-03-10,74.7,0.5125
1997-03-11,74.3,0.7875
1997-03-12,74.3,2.7
1997-03-13,74.1,1.9125
1997-03-14,75.5,1.4375
1997-03-15,75.8,1.575
1997-03-16,75.7,1.7625
1997-03-17,75.1,1.4375
1997-03-18,74.3,1.45
1997-03-19,73.7,0.6375
1997-03-20,71.5,0.6
1997-03-21,70.5,0.95
1997-03-22,70.6,2.05
1997-03-23,70.7,0.7
1997-03-24,71.0,1.85
1997-03-25,70.6,2.675
1997-03-26,69.8,3.2125
1997-03-27,72.2,1.2875
1997-03-28,73.2,2.675
1997-03-29,75.3,3.3375
1997-03-30,74.0,2.3125
1997-03-31,74.7,1.3375
1997-04-01,76.3,2.0875
1997-04-02,80.5,2.125
1997-04-03,78.8,1.425
1997-04-04,78.5,2.625
1997-04-05,80.2,2.2
1997-04-06,78.1,2.2125
1997-04-07,76.8,2.1125
1997-04-08,76.1,1.05
1997-04-09,78.1,1.4375
1997-04-10,77.6,2.075
1997-04-11,77.1,4.1
1997-04-12,76.4,1.925
1997-04-13,78.8,1.875
1997-04-14,77.4,1.125
1997-04-15,78.7,0.4625
1997-04-16,75.0,2.175
1997-04-17,71.7,3.55
1997-04-18,70.1,2.75
1997-04-19,69.9,2.6625
1997-04-20,69.7,0.9
1997-04-21,70.1,2.7875
1997-04-22,70.7,2.375
1997-04-23,68.9,1.925
1997-04-24,69.8,2.475
1997-04-25,68.7,1.6125
1997-04-26,70.9,0.8125
1997-04-27,73.1,0.6625
1997-04-28,72.4,0.55
1997-04-29,71.9,0.7125
1997-04-30,72.6,2.1625
1997-05-01,72.2,3.325
1997-05-02,72.1,2.6375
1997-05-03,71.1,2.1
1997-05-04,70.9,1.9125
1997-05-05,72.3,1.575
1997-05-06,72.1,0.9625
1997-05-07,72.0,0.75
1997-05-08,71.9,0.925
1997-05-09,71.6,0.775
1997-05-10,72.0,1.075
1997-05-11,72.3,1.125
1997-05-12,72.2,0.1625
1997-05-13,73.8,0.3625
1997-05-14,73.5,1.3125
1997-05-15,73.0,4.7875
1997-05-16,72.2,2.2875
1997-05-17,72.8,2.075
1997-05-18,74.1,1.2375
1997-05-19,74.2,0.6
1997-05-20,79.1,0.9125
1997-05-21,84.8,0.875
1997-05-22,81.0,0.6875
1997-05-23,76.2,0.5625
1997-05-24,76.9,1.775
1997-05-25,78.0,1.1625
1997-05-26,78.2,1.7
1997-05-27,78.3,2.8625
1997-05-28,77.4,1.25
1997-05-29,75.6,0.475
1997-05-30,75.1,1.5125
1997-05-31,72.5,1.925
1997-06-01,77.3,1.6
1997-06-02,76.9,1.4125
1997-06-03,75.2,2.125
1997-06-04,73.9,1.2875
1997-06-05,73.9,0.7625
1997-06-06,74.2,1.9125
1997-06-07,74.7,2.325
1997-06-08,73.2,2.375
1997-06-09,73.1,4.0125
1997-06-10,71.9,1.3625
1997-06-11,70.8,0.75
1997-06-12,69.6,1.25
1997-06-13,70.1,0.5375
1997-06-14,70.6,0.45
1997-06-15,70.7,1.3625
1997-06-16,72.1,1.425
1997-06-17,69.6,0.8625
1997-06-18,71.2,0.6625
1997-06-19,70.1,2.1
1997-06-20,70.2,0.95
1997-06-21,67.6,0.3375
1997-06-22,69.5,1.95
1997-06-23,69.0,1.4125
1997-06-24,69.9,0.925
1997-06-25,71.7,1.8875
1997-06-26,71.8,1.025
1997-06-27,71.7,2.8
1997-06-28,71.2,1.875
1997-06-29,70.2,1.8375
1997-06-30,69.8,1.0
1997-07-01,70.0,0.9
1997-07-02,70.1,1.0
1997-07-03,69.0,1.4875
1997-07-04,69.7,1.5125
1997-07-05,69.7,0.95
1997-07-06,68.3,1.0125
1997-07-07,70.2,2.7875
1997-07-08,69.8,0.9625
1997-07-09,70.0,2.3125
1997-07-10,68.5,1.5
1997-07-11,68.6,1.05
1997-07-12,67.4,0.6
1997-07-13,67.1,0.7625
1997-07-14,68.1,0.4875
1997-07-15,69.2,2.5
1997-07-16,69.6,1.2125
1997-07-17,69.9,1.5375
1997-07-18,70.1,2.0375
1997-07-19,70.5,2.1375
1997-07-20,71.2,1.375
1997-07-21,71.3,1.2625
1997-07-22,72.2,1.175
1997-07-23,75.7,1.125
1997-07-24,78.7,2.4625
1997-07-25,80.4,1.25
1997-07-26,76.6,0.925
1997-07-27,74.5,1.3375
1997-07-28,74.2,1.2125
1997-07-29,72.7,0.8875
1997-07-30,71.0,1.45
1997-07-31,70.4,2.775
1997-08-01,71.0,1.575
1997-08-02,70.8,1.125
1997-08-03,72.2,3.0375
1997-08-04,72.7,1.5875
1997-08-05,74.8,0.75
1997-08-06,76.8,0.625
1997-08-07,77.9,1.2875
1997-08-08,77.8,1.25
1997-08-09,78.1,1.8
1997-08-10,78.3,1.425
1997-08-11,79.5,1.75
1997-08-12,80.8,1.2875
1997-08-13,82.0,2.5
1997-08-14,79.5,2.6625
1997-08-15,77.7,1.5125
1997-08-16,77.9,1.2625
1997-08-17,75.6,2.0375
1997-08-18,75.8,1.5
1997-08-19,74.3,0.6625
1997-08-20,74.6,1.275
1997-08-21,74.6,1.75
1997-08-22,75.5,1.625
1997-08-23,76.5,0.6625
1997-08-24,77.7,1.45
1997-08-25,82.0,0.8375
1997-08-26,83.8,0.275
1997-08-27,81.9,0.75
1997-08-28,90.5,2.85
1997-08-29,91.5,2.7
1997-08-30,92.0,2.325
1997-08-31,96.4,0.875
1997-09-01,93.4,1.0375
1997-09-02,91.7,0.95
1997-09-03,93.1,3.375
1997-09-04,93.0,2.625
1997-09-05,96.0,1.2
1997-09-06,97.6,1.8875
1997-09-07,102.0,0.8375
1997-09-08,119.4,2.125
1997-09-09,116.1,2.9
1997-09-10,114.9,3.2375
1997-09-11,108.6,2.0875
1997-09-12,109.0,2.7375
1997-09-13,107.6,2.05
1997-09-14,102.5,2.65
1997-09-15,98.0,2.425
1997-09-16,95.4,1.575
1997-09-17,93.1,1.925
1997-09-18,88.1,3.125
1997-09-19,88.4,0.7125
1997-09-20,87.7,1.4625
1997-09-21,85.2,2.4875
1997-09-22,88.9,1.6125
1997-09-23,91.7,1.125
1997-09-24,92.9,1.05
1997-09-25,88.5,0.6875
1997-09-26,89.1,0.9625
1997-09-27,88.4,2.725
1997-09-28,87.2,2.5
1997-09-29,89.7,1.6625
1997-09-30,87.7,2.15
1997-10-01,87.1,4.4625
1997-10-02,85.9,1.225
1997-10-03,85.7,1.9625
1997-10-04,83.4,0.9875
1997-10-05,84.4,0.4125
1997-10-06,83.7,0.65
1997-10-07,83.5,2.075
1997-10-08,82.9,2.625
1997-10-09,83.5,3.1125
1997-10-10,84.2,3.7875
1997-10-11,86.1,2.375
1997-10-12,88.7,1.3875
1997-10-13,88.3,1.4625
1997-10-14,84.8,0.7875
1997-10-15,86.9,0.575
1997-10-16,87.5,0.7125
1997-10-17,88.2,1.4875
1997-10-18,86.6,0.925
1997-10-19,84.7,0.625
1997-10-20,82.8,1.325
1997-10-21,85.0,0.7125
1997-10-22,80.7,1.0875
1997-10-23,79.7,1.7125
1997-10-24,78.6,3.15
1997-10-25,81.4,3.2375
1997-10-26,82.0,2.825
1997-10-27,84.4,3.175
1997-10-28,85.5,2.9625
1997-10-29,87.2,1.85
1997-10-30,88.2,1.6625
1997-10-31,90.5,1.175
1997-11-01,93.0,2.0
1997-11-02,97.8,0.4125
1997-11-03,109.8,0.875
1997-11-04,117.9,2.15
1997-11-05,113.8,1.65
1997-11-06,105.3,2.8875
1997-11-07,94.4,4.1375
1997-11-08,89.6,1.2625
1997-11-09,86.4,2.2875
1997-11-10,89.4,2.3625
1997-11-11,91.5,1.55
1997-11-12,87.2,0.5
1997-11-13,90.1,0.7875
1997-11-14,93.0,2.375
1997-11-15,96.2,2.0375
1997-11-16,96.2,2.175
1997-11-17,94.2,2.075
1997-11-18,91.5,2.5
1997-11-19,99.1,0.7125
1997-11-20,88.7,0.4
1997-11-21,95.9,0.325
1997-11-22,100.2,4.6125
1997-11-23,99.8,4.75
1997-11-24,103.3,2.3
1997-11-25,102.1,0.4875
1997-11-26,108.1,0.8
1997-11-27,111.1,0.375
1997-11-28,116.3,0.325
1997-11-29,112.1,0.1625
1997-11-30,112.4,1.4625
1997-12-01,117.0,0.9625
1997-12-02,112.2,0.875
1997-12-03,112.2,1.5625
1997-12-04,107.3,1.425
1997-12-05,103.8,2.05
1997-12-06,108.8,0.9375
1997-12-07,99.0,0.55
1997-12-08,98.1,0.1125
1997-12-09,96.7,0.25
1997-12-10,95.1,2.9625
1997-12-11,96.4,2.375
1997-12-12,92.5,0.45
1997-12-13,89.3,0.1625
1997-12-14,90.0,0.5
1997-12-15,89.1,0.6625
1997-12-16,84.7,1.0
1997-12-17,85.6,1.0
1997-12-18,86.2,1.45
1997-12-19,89.7,0.7125
1997-12-20,89.6,0.7125
1997-12-21,92.0,0.8875
1997-12-22,97.0,0.4625
1997-12-23,104.1,0.8875
1997-12-24,107.8,1.0
1997-12-25,104.7,0.25
1997-12-26,104.7,0.375
1997-12-27,95.9,0.075
1997-12-28,102.1,0.15
1997-12-29,104.4,0.4125
1997-12-30,101.3,3.2875
1997-12-31,104.5,0.7
1998-01-01,101.6,0.975
1998-01-02,101.0,1.4125
1998-01-03,101.1,0.775
1998-01-04,90.7,0.6375
1998-01-05,89.3,0.7
1998-01-06,87.0,2.9125
1998-01-07,84.9,3.05
1998-01-08,82.2,1.8375
1998-01-09,81.6,2.025
1998-01-10,80.7,1.725
1998-01-11,84.8,1.55
1998-01-12,95.8,1.1
1998-01-13,90.4,0.9125
1998-01-14,93.9,0.7375
1998-01-15,97.8,0.4375
1998-01-16,97.5,1.875
1998-01-17,95.9,1.7625
1998-01-18,95.1,1.7625
1998-01-19,93.5,0.9125
1998-01-20,91.4,2.625
1998-01-21,90.9,1.6375
1998-01-22,93.0,0.9625
1998-01-23,96.9,0.825
1998-01-24,97.5,1.575
1998-01-25,108.3,2.1375
1998-01-26,100.0,0.7125
1998-01-27,100.8,1.8
1998-01-28,96.6,0.4875
1998-01-29,93.6,1.9
1998-01-30,91.0,3.25
1998-01-31,89.4,2.2625
1998-02-01,90.7,2.0125
1998-02-02,89.1,0.6625
1998-02-03,88.8,0.75
1998-02-04,89.1,1.875
1998-02-05,85.5,0.75
1998-02-06,84.2,0.5875
1998-02-07,83.1,0.575
1998-02-08,83.6,1.6125
1998-02-09,83.7,2.5
1998-02-10,83.7,2.075
1998-02-11,86.2,3.025
1998-02-12,90.6,2.3375
1998-02-13,94.7,1.6875
1998-02-14,104.8,1.375
1998-02-15,107.3,0.7125
1998-02-16,106.8,0.625
1998-02-17,104.9,2.375
1998-02-18,103.3,4.0875
1998-02-19,98.5,1.45
1998-02-20,95.7,1.975
1998-02-21,94.8,1.0875
1998-02-22,95.5,1.75
1998-02-23,99.4,2.25
1998-02-24,98.6,0.7125
1998-02-25,94.7,0.7125
1998-02-26,92.7,0.4
1998-02-27,90.3,1.1875
1998-02-28,94.0,2.65
1998-03-01,98.3,2.9625
1998-03-02,56.8,3.1375
1998-03-03,96.6,0.9625
1998-03-04,101.7,2.1625
1998-03-05,96.7,1.9375
1998-03-06,91.7,1.7875
1998-03-07,91.9,0.8375
1998-03-08,91.2,0.2875
1998-03-09,90.0,0.45
1998-03-10,96.3,4.375
1998-03-11,100.7,3.825
1998-03-12,101.6,2.8625
1998-03-13,104.9,2.6625
1998-03-14,119.6,2.25
1998-03-15,133.0,3.0
1998-03-16,123.9,2.55
1998-03-17,125.5,1.875
1998-03-18,127.0,0.8875
1998-03-19,124.6,0.875
1998-03-20,126.5,2.0
1998-03-21,125.8,3.775
1998-03-22,127.6,2.5875
1998-03-23,122.0,1.275
1998-03-24,120.6,1.6625
1998-03-25,115.0,2.75
1998-03-26,110.0,2.25
1998-03-27,108.1,3.0
1998-03-28,103.9,2.425
1998-03-29,100.3,3.2125
1998-03-30,107.5,2.0
1998-03-31,108.1,1.7375
1998-04-01,105.7,0.6875
1998-04-02,103.4,0.6125
1998-04-03,103.6,1.45
1998-04-04,110.2,1.95
1998-04-05,126.2,0.775
1998-04-06,133.4,1.0375
1998-04-07,135.2,1.8375
1998-04-08,140.6,1.5375
1998-04-09,139.7,1.8125
1998-04-10,129.7,2.7875
1998-04-11,128.3,2.5375
1998-04-12,117.0,1.825
1998-04-13,114.8,0.95
1998-04-14,111.9,1.6
1998-04-15,112.7,0.825
1998-04-16,106.4,1.6
1998-04-17,101.3,2.75
1998-04-18,98.5,1.3375
1998-04-19,95.8,1.0375
1998-04-20,97.7,2.0125
1998-04-21,92.0,1.7625
1998-04-22,87.6,1.525
1998-04-23,90.2,2.3
1998-04-24,90.6,4.1375
1998-04-25,91.9,3.75
1998-04-26,90.7,4.1375
1998-04-27,91.4,2.45
1998-04-28,98.4,2.05
1998-04-29,100.5,1.1375
1998-04-30,102.5,2.3875
1998-05-01,113.4,1.875
1998-05-02,117.0,5.3375
1998-05-03,117.4,5.4125
1998-05-04,121.1,5.4625
1998-05-05,133.4,4.3
1998-05-06,130.1,1.3625
1998-05-07,123.3,2.3375
1998-05-08,118.0,3.6
1998-05-09,110.7,2.5625
1998-05-10,107.2,2.2875
1998-05-11,108.0,2.4875
1998-05-12,112.1,2.7
1998-05-13,116.6,1.2125
1998-05-14,117.2,0.875
1998-05-15,116.0,1.5625
1998-05-16,117.7,2.375
1998-05-17,110.4,2.1625
1998-05-18,102.2,2.1125
1998-05-19,99.2,1.325
1998-05-20,91.9,2.25
1998-05-21,89.0,2.7375
1998-05-22,87.4,1.7125
1998-05-23,90.3,2.45
1998-05-24,95.6,2.6375
1998-05-25,92.3,2.25
1998-05-26,92.5,1.8
1998-05-27,94.0,1.5375
1998-05-28,98.4,1.175
1998-05-29,94.9,3.25
1998-05-30,96.1,3.0875
1998-05-31,94.2,1.05
1998-06-01,100.1,1.0
1998-06-02,104.7,1.75
1998-06-03,113.1,2.6625
1998-06-04,111.7,1.75
1998-06-05,115.0,2.55
1998-06-06,115.1,2.85
1998-06-07,113.0,2.825
1998-06-08,116.9,2.3
1998-06-09,112.3,1.925
1998-06-10,111.8,2.7125
1998-06-11,112.4,1.2875
1998-06-12,112.2,1.4125
1998-06-13,110.5,1.0875
1998-06-14,101.9,2.5
1998-06-15,100.4,1.6125
1998-06-16,104.0,1.45
1998-06-17,100.6,0.5
1998-06-18,100.1,1.1375
1998-06-19,98.6,2.325
1998-06-20,101.1,2.55
1998-06-21,102.0,2.825
1998-06-22,100.5,2.2125
1998-06-23,95.7,1.9625
1998-06-24,105.3,3.05
1998-06-25,106.2,2.1875
1998-06-26,109.2,4.2875
1998-06-27,115.2,1.175
1998-06-28,122.0,0.6375
1998-06-29,119.3,0.6625
1998-06-30,120.9,0.6625
1998-07-01,126.8,1.25
1998-07-02,120.4,1.825
1998-07-03,127.6,1.9125
1998-07-04,129.1,2.2875
1998-07-05,123.5,3.0
1998-07-06,121.1,3.05
1998-07-07,114.6,1.2125
1998-07-08,112.4,0.7125
1998-07-09,114.3,2.3125
1998-07-10,109.2,1.125
1998-07-11,107.7,2.3625
1998-07-12,99.3,1.425
1998-07-13,106.1,1.0375
1998-07-14,102.9,0.3625
1998-07-15,104.8,0.6125
1998-07-16,106.2,4.4125
1998-07-17,100.3,1.7625
1998-07-18,99.2,1.375
1998-07-19,101.9,1.1125
1998-07-20,111.8,0.7875
1998-07-21,110.3,2.125
1998-07-22,114.1,2.075
1998-07-23,115.4,4.575
1998-07-24,125.2,3.9625
1998-07-25,121.7,2.3625
1998-07-26,119.1,1.1625
1998-07-27,119.5,0.8375
1998-07-28,121.3,1.25
1998-07-29,119.5,1.7125
1998-07-30,114.8,1.9125
1998-07-31,113.7,4.05
1998-08-01,112.1,2.9875
1998-08-02,109.6,1.5
1998-08-03,108.5,1.325
1998-08-04,115.8,1.8375
1998-08-05,126.8,1.6625
1998-08-06,138.3,4.875
1998-08-07,145.0,3.375
1998-08-08,146.8,1.75
1998-08-09,154.1,0.525
1998-08-10,149.2,2.8625
1998-08-11,150.1,1.525
1998-08-12,147.0,1.6875
1998-08-13,136.8,1.3375
1998-08-14,137.0,1.4875
1998-08-15,133.4,1.125
1998-08-16,139.7,0.575
1998-08-17,136.3,0.575
1998-08-18,132.6,1.125
1998-08-19,134.6,1.8375
1998-08-20,138.6,3.1625
1998-08-21,132.1,0.95
1998-08-22,132.9,2.9875
1998-08-23,126.4,3.175
1998-08-24,121.2,2.0
1998-08-25,122.1,2.1125
1998-08-26,126.9,4.6375
1998-08-27,135.0,7.1375
1998-08-28,139.2,4.075
1998-08-29,146.5,3.225
1998-08-30,163.3,3.0
1998-08-31,178.5,3.1375
1998-09-01,177.0,3.25
1998-09-02,163.4,2.0625
1998-09-03,162.7,1.725
1998-09-04,154.7,1.3125
1998-09-05,154.3,1.1875
1998-09-06,164.6,1.325
1998-09-07,151.2,1.35
1998-09-08,153.5,1.925
1998-09-09,145.3,1.7875
1998-09-10,141.7,1.35
1998-09-11,138.6,1.325
1998-09-12,134.9,2.625
1998-09-13,130.7,1.4125
1998-09-14,121.8,0.825
1998-09-15,117.3,1.3375
1998-09-16,118.7,1.0125
1998-09-17,117.4,1.4125
1998-09-18,122.5,3.45
1998-09-19,126.9,1.95
1998-09-20,132.1,1.0875
1998-09-21,138.3,2.175
1998-09-22,141.1,1.575
1998-09-23,143.2,2.5
1998-09-24,135.4,3.625
1998-09-25,138.5,6.0
1998-09-26,135.6,2.95
1998-09-27,127.4,2.325
1998-09-28,122.5,1.1625
1998-09-29,115.9,1.75
1998-09-30,121.5,1.9625
1998-10-01,118.8,3.6125
1998-10-02,112.7,4.1625
1998-10-03,111.9,2.375
1998-10-04,114.8,0.7875
1998-10-05,117.1,0.65
1998-10-06,117.0,0.65
1998-10-07,124.2,3.675
1998-10-08,124.1,2.95
1998-10-09,123.5,3.0375
1998-10-10,120.7,1.775
1998-10-11,118.9,1.55
1998-10-12,113.9,1.0875
1998-10-13,118.1,1.225
1998-10-14,119.0,0.4375
1998-10-15,131.1,0.8625
1998-10-16,131.0,0.675
1998-10-17,135.4,2.0875
1998-10-18,125.9,2.2
1998-10-19,117.7,5.325
1998-10-20,121.2,3.375
1998-10-21,118.3,3.5
1998-10-22,114.9,3.375
1998-10-23,112.5,2.8625
1998-10-24,110.9,2.5
1998-10-25,107.5,2.4
1998-10-26,104.1,0.9875
1998-10-27,103.0,2.0125
1998-10-28,107.8,2.1625
1998-10-29,109.5,2.4625
1998-10-30,111.5,1.1125
1998-10-31,118.7,1.0
1998-11-01,121.4,0.8875
1998-11-02,126.1,1.0625
1998-11-03,151.8,1.5875
1998-11-04,141.4,1.425
1998-11-05,152.7,1.9625
1998-11-06,140.9,3.4125
1998-11-07,148.5,3.7125
1998-11-08,152.7,4.875
1998-11-09,162.4,5.7625
1998-11-10,153.8,1.3375
1998-11-11,147.1,0.625
1998-11-12,141.6,0.8375
1998-11-13,135.4,5.5125
1998-11-14,126.5,4.5
1998-11-15,126.4,2.2
1998-11-16,124.6,1.875
1998-11-17,120.8,1.2875
1998-11-18,114.8,1.9875
1998-11-19,116.5,1.875
1998-11-20,121.5,2.1625
1998-11-21,121.2,1.6125
1998-11-22,126.1,1.525
1998-11-23,129.9,2.5
1998-11-24,140.2,3.0
1998-11-25,149.5,2.675
1998-11-26,156.4,2.3625
1998-11-27,158.9,2.05
1998-11-28,164.8,1.5375
1998-11-29,167.8,1.8625
1998-11-30,163.4,3.075
1998-12-01,162.7,2.4
1998-12-02,151.7,1.125
1998-12-03,153.1,1.75
1998-12-04,148.2,2.325
1998-12-05,142.4,2.75
1998-12-06,142.3,1.8625
1998-12-07,153.2,1.8375
1998-12-08,162.0,0.975
1998-12-09,153.9,1.5
1998-12-10,133.8,1.5375
1998-12-11,143.1,4.25
1998-12-12,143.3,1.7
1998-12-13,144.2,0.6875
1998-12-14,144.4,1.375
1998-12-15,141.6,1.275
1998-12-16,140.5,2.325
1998-12-17,146.1,0.0375
1998-12-18,154.7,0.575
1998-12-19,138.0,1.8375
1998-12-20,134.7,2.65
1998-12-21,135.3,0.8375
1998-12-22,128.8,1.0
1998-12-23,139.8,1.5875
1998-12-24,139.4,0.95
1998-12-25,144.4,2.575
1998-12-26,144.9,2.825
1998-12-27,166.8,0.45
1998-12-28,184.4,1.5
1998-12-29,182.8,3.375
1998-12-30,179.0,1.5375
1998-12-31,174.6,0.8875
1999-01-01,167.2,1.575
1999-01-02,160.1,1.775
1999-01-03,154.5,1.05
1999-01-04,146.9,1.7625
1999-01-05,136.5,1.9
1999-01-06,125.8,2.275
1999-01-07,115.1,2.0875
1999-01-08,115.5,3.1625
1999-01-09,114.8,2.3375
1999-01-10,110.3,1.45
1999-01-11,111.9,1.5
1999-01-12,112.8,1.325
1999-01-13,118.6,3.8625
1999-01-14,136.9,3.9125
1999-01-15,142.6,3.3375
1999-01-16,158.5,1.8875
1999-01-17,161.4,1.4625
1999-01-18,170.9,1.075
1999-01-19,175.9,0.95
1999-01-20,238.8,1.6625
1999-01-21,175.3,1.375
1999-01-22,177.9,2.45
1999-01-23,165.9,3.3625
1999-01-24,161.8,3.0875
1999-01-25,138.1,2.075
1999-01-26,133.2,1.2125
1999-01-27,125.4,2.2125
1999-01-28,118.8,1.8
1999-01-29,117.7,1.95
1999-01-30,118.0,0.9875
1999-01-31,114.8,0.8
1999-02-01,118.0,0.0375
1999-02-02,110.9,0.2
1999-02-03,108.8,1.4125
1999-02-04,107.3,2.0875
1999-02-05,103.7,2.2625
1999-02-06,99.3,2.6375
1999-02-07,109.5,2.7125
1999-02-08,124.5,1.55
1999-02-09,129.3,0.7625
1999-02-10,152.4,1.4125
1999-02-11,163.5,3.425
1999-02-12,188.4,3.7
1999-02-13,198.4,1.925
1999-02-14,204.6,1.8
1999-02-15,190.1,2.925
1999-02-16,191.8,0.9625
1999-02-17,189.8,2.7625
1999-02-18,168.1,5.8875
1999-02-19,164.2,4.5
1999-02-20,157.1,0.7375
1999-02-21,147.2,0.825
1999-02-22,129.7,1.525
1999-02-23,127.0,1.9875
1999-02-24,119.8,2.0875
1999-02-25,119.5,1.3875
1999-02-26,115.6,0.25
1999-02-27,115.1,1.05
1999-02-28,123.0,2.4625
1999-03-01,120.2,4.5875
1999-03-02,129.9,3.2625
1999-03-03,137.0,2.925
1999-03-04,144.1,4.1
1999-03-05,127.5,2.7625
1999-03-06,114.4,2.5375
1999-03-07,110.0,3.5125
1999-03-08,126.9,2.4625
1999-03-09,127.1,3.45
1999-03-10,135.4,3.875
1999-03-11,137.0,2.9125
1999-03-12,140.3,2.4875
1999-03-13,144.4,1.4
1999-03-14,150.4,2.925
1999-03-15,150.1,2.6375
1999-03-16,155.7,0.775
1999-03-17,154.5,1.175
1999-03-18,148.1,1.625
1999-03-19,139.3,1.5875
1999-03-20,132.7,1.2375
1999-03-21,124.0,1.125
1999-03-22,115.9,0.6125
1999-03-23,112.9,1.475
1999-03-24,108.2,0.825
1999-03-25,107.0,1.575
1999-03-26,103.6,1.45
1999-03-27,104.5,1.0
1999-03-28,103.0,1.5875
1999-03-29,104.2,3.925
1999-03-30,104.7,3.5875
1999-03-31,101.9,2.925
1999-04-01,103.0,1.9875
1999-04-02,99.5,2.275
1999-04-03,102.7,2.3375
1999-04-04,115.9,2.7375
1999-04-05,132.6,2.4125
1999-04-06,137.4,2.1
1999-04-07,141.4,2.425
1999-04-08,139.1,1.7875
1999-04-09,136.2,1.4625
1999-04-10,136.3,3.0125
1999-04-11,130.7,2.2
1999-04-12,130.0,1.625
1999-04-13,129.6,0.825
1999-04-14,120.2,1.675
1999-04-15,121.8,0.8625
1999-04-16,122.9,2.85
1999-04-17,115.7,4.075
1999-04-18,112.8,1.675
1999-04-19,110.0,2.375
1999-04-20,104.8,3.7
1999-04-21,103.4,2.4125
1999-04-22,100.4,1.05
1999-04-23,98.2,1.225
1999-04-24,100.9,1.4
1999-04-25,102.6,1.1125
1999-04-26,104.5,1.525
1999-04-27,108.6,2.55
1999-04-28,109.8,3.25
1999-04-29,122.1,3.6625
1999-04-30,123.5,3.6625
1999-05-01,105.4,3.5
1999-05-02,135.7,2.5375
1999-05-03,127.1,1.95
1999-05-04,138.7,1.0375
1999-05-05,140.9,1.5875
1999-05-06,146.9,2.225
1999-05-07,163.4,1.8875
1999-05-08,171.9,1.0375
1999-05-09,178.3,1.2125
1999-05-10,169.5,1.0875
1999-05-11,159.4,0.225
1999-05-12,153.1,2.0375
1999-05-13,147.3,3.6375
1999-05-14,144.2,1.8625
1999-05-15,143.6,1.575
1999-05-16,152.2,0.7875
1999-05-17,145.3,0.525
1999-05-18,140.6,3.875
1999-05-19,142.4,2.2875
1999-05-20,142.5,1.8875
1999-05-21,140.3,1.2875
1999-05-22,140.2,0.7625
1999-05-23,140.7,1.875
1999-05-24,136.9,2.425
1999-05-25,143.1,2.8375
1999-05-26,152.6,1.675
1999-05-27,155.2,1.7125
1999-05-28,152.1,1.8125
1999-05-29,148.6,0.825
1999-05-30,156.8,1.075
1999-05-31,165.4,0.5375
1999-06-01,176.2,1.525
1999-06-02,173.1,1.9
1999-06-03,173.5,1.675
1999-06-04,170.9,2.0375
1999-06-05,164.0,1.0
1999-06-06,167.9,0.7125
1999-06-07,157.7,1.2125
1999-06-08,156.5,2.7375
1999-06-09,165.2,2.675
1999-06-10,161.1,1.0625
1999-06-11,164.7,1.05
1999-06-12,168.0,1.1875
1999-06-13,167.7,1.175
1999-06-14,168.2,0.4875
1999-06-15,158.5,1.1875
1999-06-16,152.7,1.75
1999-06-17,146.5,1.525
1999-06-18,146.5,1.675
1999-06-19,138.8,1.05
1999-06-20,151.5,0.575
1999-06-21,145.5,0.4125
1999-06-22,161.6,0.45
1999-06-23,167.5,1.125
1999-06-24,185.0,1.175
1999-06-25,200.8,0.8
1999-06-26,199.5,3.2125
1999-06-27,207.4,3.5875
1999-06-28,196.6,3.275
1999-06-29,191.3,1.7875
1999-06-30,209.5,0.6625
1999-07-01,195.4,1.5
1999-07-02,187.1,3.825
1999-07-03,196.8,1.875
1999-07-04,185.6,0.325
1999-07-05,174.2,0.625
1999-07-06,167.9,1.8875
1999-07-07,158.4,1.075
1999-07-08,149.1,1.675
1999-07-09,150.8,0.8875
1999-07-10,156.3,0.9625
1999-07-11,152.6,0.9625
1999-07-12,154.1,2.325
1999-07-13,143.5,1.05
1999-07-14,129.6,1.05
1999-07-15,129.5,2.1625
1999-07-16,132.0,0.9625
1999-07-17,136.7,0.7875
1999-07-18,138.2,1.0
1999-07-19,141.1,0.8875
1999-07-20,139.5,1.175
1999-07-21,147.3,2.35
1999-07-22,152.8,3.75
1999-07-23,193.7,2.4125
1999-07-24,184.2,2.4625
1999-07-25,182.3,2.0
1999-07-26,172.4,1.575
1999-07-27,174.5,1.3
1999-07-28,197.8,1.925
1999-07-29,202.4,1.4625
1999-07-30,205.9,4.375
1999-07-31,200.6,3.625
1999-08-01,216.3,1.45
1999-08-02,212.5,1.5875
1999-08-03,210.7,1.175
1999-08-04,200.1,2.075
1999-08-05,177.0,1.7375
1999-08-06,170.4,2.7125
1999-08-07,153.3,2.175
1999-08-08,137.8,1.5625
1999-08-09,138.1,2.45
1999-08-10,127.3,1.1
1999-08-11,127.9,1.55
1999-08-12,123.1,1.9375
1999-08-13,126.5,1.9625
1999-08-14,128.1,1.0875
1999-08-15,131.1,2.9
1999-08-16,131.1,3.8375
1999-08-17,141.0,3.95
1999-08-18,130.7,3.95
1999-08-19,134.7,3.7875
1999-08-20,151.6,4.3
1999-08-21,161.2,1.2875
1999-08-22,172.7,2.125
1999-08-23,187.5,4.0875
1999-08-24,202.0,4.0
1999-08-25,208.4,1.9125
1999-08-26,222.2,2.75
1999-08-27,223.1,2.7375
1999-08-28,248.4,2.725
1999-08-29,218.2,2.25
1999-08-30,198.1,3.5125
1999-08-31,182.7,3.4875
1999-09-01,162.8,3.4125
1999-09-02,156.5,2.1375
1999-09-03,139.3,2.7375
1999-09-04,131.2,2.5375
1999-09-05,121.8,1.4625
1999-09-06,118.5,1.425
1999-09-07,112.4,3.05
1999-09-08,106.8,1.9125
1999-09-09,106.5,2.0625
1999-09-10,122.0,3.025
1999-09-11,122.5,2.0125
1999-09-12,140.8,3.8375
1999-09-13,154.6,4.8375
1999-09-14,156.4,3.425
1999-09-15,154.9,3.65
1999-09-16,158.2,3.9125
1999-09-17,157.5,2.95
1999-09-18,151.6,2.475
1999-09-19,149.3,2.225
1999-09-20,145.0,2.0375
1999-09-21,146.8,2.3375
1999-09-22,140.4,4.05
1999-09-23,136.9,2.9875
1999-09-24,131.6,1.2375
1999-09-25,125.4,0.8375
1999-09-26,122.7,2.3375
1999-09-27,123.8,4.7875
1999-09-28,126.0,3.875
1999-09-29,124.8,3.7375
1999-09-30,124.8,3.7
1999-10-01,121.6,2.125
1999-10-02,126.3,2.675
1999-10-03,134.5,2.0875
1999-10-04,144.4,3.0875
1999-10-05,146.2,3.2125
1999-10-06,133.6,1.45
1999-10-07,129.4,1.2875
1999-10-08,151.2,1.675
1999-10-09,153.2,1.5125
1999-10-10,160.5,4.175
1999-10-11,166.6,4.0375
1999-10-12,183.6,4.8625
1999-10-13,191.0,3.675
1999-10-14,199.8,4.1625
1999-10-15,198.2,4.0875
1999-10-16,189.0,3.85
1999-10-17,178.0,3.3
1999-10-18,172.7,1.575
1999-10-19,169.6,1.2
1999-10-20,158.8,0.7625
1999-10-21,158.5,3.125
1999-10-22,160.3,5.75
1999-10-23,164.5,4.1625
1999-10-24,158.8,3.9125
1999-10-25,179.2,2.9125
1999-10-26,189.4,2.2625
1999-10-27,197.3,3.2625
1999-10-28,183.9,3.1625
1999-10-29,179.6,2.175
1999-10-30,169.4,1.5875
1999-10-31,160.4,2.3
1999-11-01,150.6,2.2875
1999-11-02,142.8,1.75
1999-11-03,143.1,1.2375
1999-11-04,147.5,1.2125
1999-11-05,160.5,1.075
1999-11-06,150.0,2.175
1999-11-07,173.9,4.075
1999-11-08,191.9,4.1375
1999-11-09,229.9,4.0875
1999-11-10,248.5,3.2375
1999-11-11,239.8,3.875
1999-11-12,231.9,2.45
1999-11-13,223.8,4.575
1999-11-14,218.8,2.6
1999-11-15,205.6,1.2
1999-11-16,233.4,2.675
1999-11-17,221.3,2.5875
1999-11-18,217.9,3.1625
1999-11-19,210.0,2.5
1999-11-20,204.3,1.9625
1999-11-21,210.1,2.5
1999-11-22,192.0,2.2875
1999-11-23,185.6,3.175
1999-11-24,186.7,3.3625
1999-11-25,183.7,3.125
1999-11-26,172.2,0.9125
1999-11-27,169.0,0.3625
1999-11-28,174.8,2.1625
1999-11-29,163.9,1.075
1999-11-30,162.7,2.3625
1999-12-01,165.0,1.2375
1999-12-02,165.5,1.175
1999-12-03,151.8,3.0125
1999-12-04,147.5,4.075
1999-12-05,142.7,3.475
1999-12-06,142.8,3.2
1999-12-07,153.3,3.075
1999-12-08,150.1,2.875
1999-12-09,156.2,2.8375
1999-12-10,164.4,2.2875
1999-12-11,159.1,1.6625
1999-12-12,159.2,2.25
1999-12-13,166.1,3.375
1999-12-14,168.4,0.6625
1999-12-15,178.7,0.6875
1999-12-16,194.0,1.3875
1999-12-17,200.7,1.8375
1999-12-18,205.5,1.5375
1999-12-19,206.9,1.25
1999-12-20,209.2,0.7125
1999-12-21,217.2,0.5
1999-12-22,201.7,0.1125
1999-12-23,198.4,0.5875
1999-12-24,182.4,2.2875
1999-12-25,178.4,2.2375
1999-12-26,177.0,0.4125
1999-12-27,161.7,1.6375
1999-12-28,150.4,1.8625
1999-12-29,143.7,1.875
1999-12-30,135.6,2.0375
1999-12-31,130.1,4.3875
2000-01-01,129.9,4.075
2000-01-02,132.9,3.15
2000-01-03,133.1,2.625
2000-01-04,134.7,2.7375
2000-01-05,136.5,3.3625
2000-01-06,144.8,3.275
2000-01-07,149.8,2.325
2000-01-08,154.7,1.3
2000-01-09,160.6,0.65
2000-01-10,163.2,1.55
2000-01-11,177.6,3.4125
2000-01-12,195.7,2.3375
2000-01-13,202.0,2.1625
2000-01-14,201.3,1.875
2000-01-15,210.7,1.5375
2000-01-16,207.7,1.5
2000-01-17,196.4,0.575
2000-01-18,194.6,0.7125
2000-01-19,178.6,1.125
2000-01-20,170.7,2.375
2000-01-21,159.3,0.2875
2000-01-22,150.6,3.225
2000-01-23,140.5,3.2625
2000-01-24,140.7,2.7
2000-01-25,137.4,1.7875
2000-01-26,140.7,1.825
2000-01-27,132.4,2.9875
2000-01-28,152.0,4.2
2000-01-29,127.7,4.2
2000-01-30,132.7,2.9625
2000-01-31,138.6,2.45
2000-02-01,138.1,2.0375
2000-02-02,144.4,2.0
2000-02-03,154.1,2.2125
2000-02-04,167.4,1.3375
2000-02-05,167.8,1.9
2000-02-06,177.7,4.3375
2000-02-07,181.9,4.175
2000-02-08,173.6,2.975
2000-02-09,199.0,2.3875
2000-02-10,175.7,2.4125
2000-02-11,170.2,3.125
2000-02-12,163.2,5.125
2000-02-13,159.9,2.9125
2000-02-14,158.7,4.2875
2000-02-15,156.0,3.0375
2000-02-16,160.2,1.7875
2000-02-17,168.4,1.4375
2000-02-18,141.1,0.1875
2000-02-19,144.8,0.7625
2000-02-20,153.3,1.0875
2000-02-21,152.1,3.4
2000-02-22,172.3,1.5125
2000-02-23,185.1,2.175
2000-02-24,192.2,4.1375
2000-02-25,210.4,3.45
2000-02-26,214.8,3.0375
2000-02-27,227.3,2.7375
2000-02-28,218.8,3.0
2000-02-29,219.0,1.65
2000-03-01,232.8,3.4875
2000-03-02,213.2,2.05
2000-03-03,203.8,1.2375
2000-03-04,200.2,0.7625
2000-03-05,220.3,1.5
2000-03-06,222.4,2.625
2000-03-07,221.8,3.125
2000-03-08,214.9,2.8
2000-03-09,205.8,1.05
2000-03-10,203.4,1.95
2000-03-11,203.2,2.5875
2000-03-12,203.2,3.25
2000-03-13,188.1,0.9625
2000-03-14,182.6,1.5125
2000-03-15,177.8,0.325
2000-03-16,184.4,0.375
2000-03-17,192.4,1.125
2000-03-18,194.8,1.3375
2000-03-19,208.2,1.8875
2000-03-20,210.3,1.25
2000-03-21,230.5,0.9125
2000-03-22,233.8,2.625
2000-03-23,224.1,2.7
2000-03-24,218.9,2.3625
2000-03-25,205.1,1.95
2000-03-26,211.3,0.8375
2000-03-27,204.9,0.9625
2000-03-28,200.9,0.9625
2000-03-29,208.8,1.575
2000-03-30,205.5,2.525
2000-03-31,225.4,3.675
2000-04-01,222.9,2.6625
2000-04-02,219.3,2.875
2000-04-03,215.4,2.175
2000-04-04,206.7,3.3375
2000-04-05,194.4,1.925
2000-04-06,177.7,4.7
2000-04-07,174.9,5.05
2000-04-08,182.0,2.4125
2000-04-09,176.3,2.875
2000-04-10,177.8,3.3375
2000-04-11,181.5,2.125
2000-04-12,173.0,1.6625
2000-04-13,164.0,1.25
2000-04-14,165.2,0.4875
2000-04-15,163.7,1.5
2000-04-16,159.0,3.4375
2000-04-17,157.9,2.375
2000-04-18,160.4,1.3375
2000-04-19,167.7,2.475
2000-04-20,180.6,2.7
2000-04-21,187.3,2.1
2000-04-22,201.8,1.3875
2000-04-23,206.1,1.575
2000-04-24,205.6,3.2
2000-04-25,202.5,1.425
2000-04-26,189.9,0.475
2000-04-27,183.5,2.675
2000-04-28,183.4,2.7375
2000-04-29,174.9,2.6875
2000-04-30,169.5,2.325
2000-05-01,157.7,2.9625
2000-05-02,152.8,3.375
2000-05-03,137.3,2.9125
2000-05-04,134.5,1.75
2000-05-05,129.8,2.2875
2000-05-06,126.8,2.375
2000-05-07,130.9,1.3375
2000-05-08,137.0,0.975
2000-05-09,149.5,1.9625
2000-05-10,179.2,1.4125
2000-05-11,177.7,1.0625
2000-05-12,190.4,2.75
2000-05-13,217.3,2.7875
2000-05-14,232.5,2.0
2000-05-15,244.4,2.5375
2000-05-16,258.7,3.05
2000-05-17,262.0,3.25
2000-05-18,252.9,1.5875
2000-05-19,254.3,1.8625
2000-05-20,245.6,1.125
2000-05-21,232.3,1.4625
2000-05-22,214.9,1.9875
2000-05-23,204.3,3.2125
2000-05-24,189.4,5.9625
2000-05-25,172.8,4.0125
2000-05-26,167.9,2.8125
2000-05-27,161.8,2.0875
2000-05-28,155.9,2.2125
2000-05-29,149.0,3.4625
2000-05-30,146.4,3.5875
2000-05-31,154.4,2.05
2000-06-01,148.0,1.8875
2000-06-02,187.2,1.625
2000-06-03,165.9,2.5
2000-06-04,169.7,2.175
2000-06-05,171.0,3.75
2000-06-06,186.4,2.7
2000-06-07,180.3,2.475
2000-06-08,174.6,5.1625
2000-06-09,168.9,1.3125
2000-06-10,179.6,3.55
2000-06-11,186.8,3.5125
2000-06-12,192.7,2.925
2000-06-13,199.2,2.3375
2000-06-14,200.6,3.875
2000-06-15,202.4,3.4375
2000-06-16,197.5,1.175
2000-06-17,193.1,1.5
2000-06-18,187.6,2.0375
2000-06-19,178.4,1.5
2000-06-20,183.7,1.6625
2000-06-21,188.0,1.425
2000-06-22,179.7,2.4125
2000-06-23,175.2,3.575
2000-06-24,168.3,2.5375
2000-06-25,175.1,1.225
2000-06-26,177.4,4.45
2000-06-27,178.6,3.2125
2000-06-28,175.3,2.2
2000-06-29,163.3,1.7875
2000-06-30,159.6,1.0625
2000-07-01,163.7,1.7
2000-07-02,162.4,1.0875
2000-07-03,156.3,2.0125
2000-07-04,158.4,2.0
2000-07-05,168.7,2.0875
2000-07-06,174.3,1.4125
2000-07-07,187.1,1.375
2000-07-08,210.0,1.5875
2000-07-09,211.3,1.5125
2000-07-10,244.5,3.3
2000-07-11,241.6,4.2625
2000-07-12,314.6,1.975
2000-07-13,231.9,3.75
2000-07-14,203.9,4.5
2000-07-15,213.1,6.2625
2000-07-16,218.9,4.2625
2000-07-17,228.3,2.025
2000-07-18,261.9,2.4875
2000-07-19,249.9,2.4125
2000-07-20,252.9,4.2
2000-07-21,250.9,1.7
2000-07-22,251.0,2.575
2000-07-23,217.3,3.125
2000-07-24,224.8,1.15
2000-07-25,201.8,1.4125
2000-07-26,174.6,3.2125
2000-07-27,162.4,1.55
2000-07-28,157.8,3.8875
2000-07-29,153.2,3.7625
2000-07-30,149.9,2.0
2000-07-31,147.9,3.075
2000-08-01,149.4,2.5375
2000-08-02,150.6,2.3625
2000-08-03,154.2,2.2875
2000-08-04,154.2,3.2
2000-08-05,158.5,3.6625
2000-08-06,166.0,3.025
2000-08-07,166.9,1.8375
2000-08-08,170.8,1.7875
2000-08-09,182.2,1.3375
2000-08-10,181.0,3.5375
2000-08-11,187.3,4.8
2000-08-12,189.3,6.5375
2000-08-13,186.0,2.8875
2000-08-14,189.5,2.125
2000-08-15,193.9,1.875
2000-08-16,185.6,1.825
2000-08-17,177.1,1.7125
2000-08-18,169.5,0.75
2000-08-19,157.1,0.9875
2000-08-20,152.4,1.0
2000-08-21,151.4,2.35
2000-08-22,144.2,0.575
2000-08-23,136.9,1.525
2000-08-24,130.6,1.8375
2000-08-25,133.2,0.7125
2000-08-26,137.0,1.2125
2000-08-27,150.1,1.7125
2000-08-28,160.0,3.525
2000-08-29,163.3,4.3
2000-08-30,164.8,2.6625
2000-08-31,162.9,2.825
2000-09-01,157.7,3.1
2000-09-02,154.0,3.6125
2000-09-03,154.1,1.6
2000-09-04,170.8,2.6375
2000-09-05,180.2,1.775
2000-09-06,178.7,2.2
2000-09-07,173.2,3.0
2000-09-08,163.4,3.1875
2000-09-09,150.9,1.325
2000-09-10,140.6,1.0
2000-09-11,134.9,0.9875
2000-09-12,132.6,3.45
2000-09-13,133.2,1.925
2000-09-14,150.8,1.1375
2000-09-15,159.4,1.9625
2000-09-16,174.6,3.75
2000-09-17,181.5,4.5375
2000-09-18,203.8,5.3
2000-09-19,207.1,3.8375
2000-09-20,211.4,2.475
2000-09-21,225.1,2.225
2000-09-22,232.2,1.675
2000-09-23,225.2,1.675
2000-09-24,224.5,1.9875
2000-09-25,225.6,3.3375
2000-09-26,223.6,3.7125
2000-09-27,204.7,2.5875
2000-09-28,202.3,2.3375
2000-09-29,192.0,1.8
2000-09-30,193.6,4.95
2000-10-01,201.6,2.5125
2000-10-02,202.6,1.9875
2000-10-03,192.0,3.825
2000-10-04,184.1,5.0375
2000-10-05,173.8,6.5875
2000-10-06,158.1,0.925
2000-10-07,155.6,1.125
2000-10-08,148.9,0.525
2000-10-09,140.8,0.9125
2000-10-10,139.6,2.0375
2000-10-11,151.4,2.625
2000-10-12,162.7,1.5375
2000-10-13,168.1,3.8375
2000-10-14,163.3,4.8375
2000-10-15,161.1,2.0125
2000-10-16,160.9,2.1625
2000-10-17,154.1,2.4625
2000-10-18,151.1,2.225
2000-10-19,157.8,2.1625
2000-10-20,160.7,0.625
2000-10-21,158.0,0.7
2000-10-22,160.2,2.675
2000-10-23,166.5,2.875
2000-10-24,159.2,2.125
2000-10-25,164.0,1.55
2000-10-26,171.0,2.0
2000-10-27,175.9,1.1125
2000-10-28,182.2,2.875
2000-10-29,187.1,4.0
2000-10-30,193.7,2.6375
2000-10-31,193.4,2.675
2000-11-01,204.4,1.6875
2000-11-02,196.3,0.8875
2000-11-03,198.8,0.825
2000-11-04,194.7,3.8875
2000-11-05,186.4,2.7875
2000-11-06,178.1,4.9625
2000-11-07,179.9,4.4625
2000-11-08,172.8,3.0875
2000-11-09,166.2,2.5875
2000-11-10,153.4,4.3625
2000-11-11,149.6,2.9875
2000-11-12,146.6,3.375
2000-11-13,143.7,2.1625
2000-11-14,148.6,1.3125
2000-11-15,146.5,1.0
2000-11-16,154.2,0.625
2000-11-17,163.3,0.5875
2000-11-18,177.1,1.075
2000-11-19,174.9,1.75
2000-11-20,173.7,1.9625
2000-11-21,185.4,2.2875
2000-11-22,194.9,2.05
2000-11-23,205.3,1.525
2000-11-24,197.1,2.3375
2000-11-25,282.1,1.4625
2000-11-26,202.4,3.5625
2000-11-27,191.7,4.5125
2000-11-28,195.5,4.1625
2000-11-29,188.4,4.75
2000-11-30,192.3,1.6375
2000-12-01,184.5,1.5
2000-12-02,167.0,0.8
2000-12-03,163.6,2.2875
2000-12-04,152.0,2.1375
2000-12-05,147.0,1.2
2000-12-06,141.0,1.75
2000-12-07,144.2,2.95
2000-12-08,138.3,3.325
2000-12-09,134.7,3.2375
2000-12-10,146.6,2.5
2000-12-11,143.6,2.0125
2000-12-12,149.8,1.325
2000-12-13,164.6,1.1375
2000-12-14,182.2,0.575
2000-12-15,187.8,0.4625
2000-12-16,190.5,0.7375
2000-12-17,196.7,2.025
2000-12-18,198.0,2.225
2000-12-19,198.6,1.325
2000-12-20,201.3,0.675
2000-12-21,194.5,0.9625
2000-12-22,190.0,1.3
2000-12-23,190.9,3.1625
2000-12-24,193.0,1.3
2000-12-25,187.0,1.5375
2000-12-26,188.8,1.375
2000-12-27,187.6,1.8625
2000-12-28,185.4,1.4
2000-12-29,181.5,1.45
2000-12-30,182.1,0.8
2000-12-31,169.5,0.45
2001-01-01,171.0,0.5375
2001-01-02,176.1,0.7875
2001-01-03,169.9,1.9125
2001-01-04,174.6,2.4375
2001-01-05,176.3,1.0875
2001-01-06,179.4,1.0
2001-01-07,176.7,1.25
2001-01-08,167.1,2.175
2001-01-09,166.3,1.3375
2001-01-10,162.8,1.1875
2001-01-11,165.9,1.6875
2001-01-12,178.3,1.5375
2001-01-13,184.3,1.5
2001-01-14,176.3,1.9125
2001-01-15,169.2,1.5375
2001-01-16,161.9,1.325
2001-01-17,151.9,1.575
2001-01-18,151.5,1.0375
2001-01-19,152.5,1.075
2001-01-20,153.2,2.125
2001-01-21,151.5,3.3
2001-01-22,162.1,2.6625
2001-01-23,167.1,2.875
2001-01-24,172.5,3.2125
2001-01-25,168.6,1.3875
2001-01-26,165.6,2.4625
2001-01-27,166.8,1.1
2001-01-28,167.6,1.875
2001-01-29,165.4,2.5
2001-01-30,159.6,0.7
2001-01-31,153.3,2.925
2001-02-01,160.9,2.0375
2001-02-02,166.3,1.325
2001-02-03,163.6,0.2375
2001-02-04,148.1,0.2875
2001-02-05,165.3,0.675
2001-02-06,170.0,2.75
2001-02-07,164.0,1.5875
2001-02-08,156.5,1.55
2001-02-09,162.4,1.325
2001-02-10,160.7,1.4875
2001-02-11,151.3,1.6625
2001-02-12,144.6,1.375
2001-02-13,141.3,3.75
2001-02-14,137.9,3.3875
2001-02-15,135.1,1.325
2001-02-16,129.6,0.75
2001-02-17,129.8,0.575
2001-02-18,132.0,0.5875
2001-02-19,137.0,1.125
2001-02-20,145.5,1.725
2001-02-21,143.6,1.625
2001-02-22,145.8,1.3375
2001-02-23,145.2,2.2875
2001-02-24,137.3,0.925
2001-02-25,134.9,0.5375
2001-02-26,135.4,2.0
2001-02-27,130.6,2.3
2001-02-28,131.8,1.8375
2001-03-01,131.4,1.4625
2001-03-02,129.7,2.0375
2001-03-03,139.6,2.85
2001-03-04,141.0,3.3
2001-03-05,155.8,2.9625
2001-03-06,157.8,1.8375
2001-03-07,176.6,2.0875
2001-03-08,167.2,1.6
2001-03-09,161.4,1.575
2001-03-10,160.1,1.375
2001-03-11,157.8,0.9125
2001-03-12,157.6,2.15
2001-03-13,147.3,2.1625
2001-03-14,142.2,1.775
2001-03-15,136.1,0.45
2001-03-16,139.9,0.45
2001-03-17,134.2,1.025
2001-03-18,139.8,1.875
2001-03-19,147.0,3.825
2001-03-20,153.3,5.55
2001-03-21,159.4,1.625
2001-03-22,183.0,2.0875
2001-03-23,180.0,4.0
2001-03-24,218.7,2.325
2001-03-25,216.8,1.5125
2001-03-26,263.7,0.8875
2001-03-27,273.4,3.5
2001-03-28,273.5,4.375
2001-03-29,261.7,3.5125
2001-03-30,256.8,2.625
2001-03-31,245.6,7.625
2001-04-01,257.5,4.375
2001-04-02,228.0,3.5625
2001-04-03,223.1,1.6625
2001-04-04,204.8,3.1625
2001-04-05,398.7,3.2
2001-04-06,563.5,2.675
2001-04-07,179.5,3.2625
2001-04-08,169.2,4.8375
2001-04-09,164.8,3.3375
2001-04-10,169.7,2.3875
2001-04-11,159.6,4.625
2001-04-12,149.0,4.0375
2001-04-13,137.0,4.3
2001-04-14,138.7,3.2375
2001-04-15,134.2,2.6625
2001-04-16,123.4,1.9
2001-04-17,126.1,1.6125
2001-04-18,131.8,4.0875
2001-04-19,144.5,1.5375
2001-04-20,180.4,1.55
2001-04-21,191.1,1.7
2001-04-22,192.5,4.3375
2001-04-23,196.4,2.8125
2001-04-24,193.5,1.4875
2001-04-25,193.9,1.575
2001-04-26,196.2,1.6375
2001-04-27,190.8,1.075
2001-04-28,187.8,4.3
2001-04-29,191.7,2.425
2001-04-30,187.8,0.2875
2001-05-01,209.7,0.8
2001-05-02,176.2,1.2125
2001-05-03,172.3,1.5875
2001-05-04,175.6,1.675
2001-05-05,160.6,0.5875
2001-05-06,155.0,1.2
2001-05-07,138.3,2.5125
2001-05-08,128.7,2.7375
2001-05-09,129.4,4.5875
2001-05-10,130.4,3.425
2001-05-11,136.6,1.45
2001-05-12,138.1,4.025
2001-05-13,138.9,3.725
2001-05-14,138.2,2.0875
2001-05-15,142.1,2.425
2001-05-16,137.8,1.8375
2001-05-17,147.4,1.5875
2001-05-18,138.2,1.7875
2001-05-19,141.3,1.85
2001-05-20,141.5,1.375
2001-05-21,150.1,0.85
2001-05-22,152.0,1.825
2001-05-23,158.7,2.1875
2001-05-24,170.3,1.25
2001-05-25,161.9,1.6625
2001-05-26,147.4,1.225
2001-05-27,146.9,1.525
2001-05-28,143.0,3.2
2001-05-29,138.5,1.875
2001-05-30,132.3,0.65
2001-05-31,132.8,0.5
2001-06-01,133.0,1.9625
2001-06-02,134.0,3.45
2001-06-03,145.3,1.6625
2001-06-04,153.8,1.825
2001-06-05,153.4,1.2625
2001-06-06,157.7,1.65
2001-06-07,164.8,2.125
2001-06-08,180.2,1.875
2001-06-09,177.0,3.4625
2001-06-10,163.0,3.125
2001-06-11,162.4,1.95
2001-06-12,166.4,1.125
2001-06-13,181.4,2.05
2001-06-14,194.7,1.425
2001-06-15,196.9,1.575
2001-06-16,207.6,1.2625
2001-06-17,204.6,1.625
2001-06-18,221.3,4.2875
2001-06-19,195.4,2.4
2001-06-20,198.5,2.425
2001-06-21,200.3,2.675
2001-06-22,203.6,1.2375
2001-06-23,206.2,1.225
2001-06-24,194.8,1.925
2001-06-25,182.4,1.5
2001-06-26,167.9,2.525
2001-06-27,147.9,1.1625
2001-06-28,140.2,0.3125
2001-06-29,139.9,0.675
2001-06-30,136.6,1.65
2001-07-01,135.4,1.725
2001-07-02,134.3,1.0375
2001-07-03,131.9,1.4875
2001-07-04,127.0,1.575
2001-07-05,119.6,2.5875
2001-07-06,116.4,1.95
2001-07-07,117.8,1.25
2001-07-08,126.3,2.625
2001-07-09,130.0,1.7375
2001-07-10,130.0,2.025
2001-07-11,131.9,1.5875
2001-07-12,133.9,1.75
2001-07-13,133.3,1.375
2001-07-14,140.8,2.3375
2001-07-15,142.1,2.1375
2001-07-16,149.8,2.75
2001-07-17,145.6,2.9125
2001-07-18,143.0,2.0
2001-07-19,142.3,1.7
2001-07-20,142.6,1.15
2001-07-21,139.0,1.0875
2001-07-22,140.4,2.2
2001-07-23,143.2,2.25
2001-07-24,132.5,2.5875
2001-07-25,133.3,3.4
2001-07-26,123.4,2.225
2001-07-27,121.4,1.6625
2001-07-28,115.5,0.525
2001-07-29,116.9,1.4625
2001-07-30,114.5,1.7
2001-07-31,116.8,3.8
2001-08-01,120.2,2.1375
2001-08-02,120.8,1.45
2001-08-03,131.6,2.5
2001-08-04,148.4,1.7
2001-08-05,156.0,3.3
2001-08-06,163.7,3.15
2001-08-07,166.3,1.7875
2001-08-08,166.9,1.5
2001-08-09,163.3,1.7875
2001-08-10,160.3,1.6375
2001-08-11,165.0,0.925
2001-08-12,159.8,2.325
2001-08-13,151.5,3.4125
2001-08-14,147.3,2.375
2001-08-15,146.7,1.3875
2001-08-16,142.6,0.725
2001-08-17,144.9,3.575
2001-08-18,156.1,2.825
2001-08-19,157.5,1.775
2001-08-20,156.1,1.5125
2001-08-21,160.2,2.55
2001-08-22,161.5,3.2
2001-08-23,169.7,1.8375
2001-08-24,174.9,0.6625
2001-08-25,199.0,2.075
2001-08-26,189.9,2.375
2001-08-27,192.0,2.4125
2001-08-28,199.2,2.3375
2001-08-29,197.0,1.4125
2001-08-30,199.2,2.1375
2001-08-31,188.7,2.5875
2001-09-01,184.1,1.0875
2001-09-02,182.5,1.0875
2001-09-03,198.7,3.075
2001-09-04,218.4,2.9
2001-09-05,218.3,1.775
2001-09-06,222.2,1.375
2001-09-07,226.1,0.6375
2001-09-08,249.5,1.45
2001-09-09,236.2,1.0
2001-09-10,244.5,0.7875
2001-09-11,249.7,1.9125
2001-09-12,235.1,2.6375
2001-09-13,239.7,2.8375
2001-09-14,236.6,1.9375
2001-09-15,219.3,3.4375
2001-09-16,207.1,1.875
2001-09-17,199.1,1.55
2001-09-18,203.8,2.0625
2001-09-19,198.8,1.9625
2001-09-20,226.8,1.175
2001-09-21,238.6,0.9625
2001-09-22,255.2,1.9
2001-09-23,258.5,4.2125
2001-09-24,279.3,1.9375
2001-09-25,275.1,2.5875
2001-09-26,282.6,3.3875
2001-09-27,269.5,2.325
2001-09-28,284.5,2.875
2001-09-29,239.5,3.875
2001-09-30,235.8,3.625
2001-10-01,216.5,4.8375
2001-10-02,200.9,4.9625
2001-10-03,191.7,5.425
2001-10-04,186.5,3.0875
2001-10-05,176.9,1.7
2001-10-06,180.4,1.75
2001-10-07,172.7,0.75
2001-10-08,171.2,2.9625
2001-10-09,176.4,3.0375
2001-10-10,178.7,1.875
2001-10-11,174.8,3.0
2001-10-12,179.2,4.0875
2001-10-13,179.5,2.375
2001-10-14,191.9,2.675
2001-10-15,192.9,2.175
2001-10-16,207.2,1.925
2001-10-17,217.4,1.0375
2001-10-18,228.7,0.75
2001-10-19,247.6,1.925
2001-10-20,244.7,2.45
2001-10-21,224.1,4.0
2001-10-22,232.7,6.0875
2001-10-23,226.4,2.575
2001-10-24,238.7,0.325
2001-10-25,238.9,1.6625
2001-10-26,236.5,1.175
2001-10-27,246.5,1.3875
2001-10-28,227.2,4.5125
2001-10-29,215.8,2.925
2001-10-30,226.0,1.7375
2001-10-31,221.1,2.15
2001-11-01,235.6,3.3875
2001-11-02,213.5,1.175
2001-11-03,216.0,0.325
2001-11-04,227.3,1.2875
2001-11-05,234.6,2.7875
2001-11-06,237.4,6.75
2001-11-07,268.8,2.925
2001-11-08,247.8,1.5375
2001-11-09,270.8,1.25
2001-11-10,245.9,1.625
2001-11-11,234.0,1.325
2001-11-12,227.3,0.525
2001-11-13,231.6,1.0125
2001-11-14,217.2,0.675
2001-11-15,207.0,1.5375
2001-11-16,202.1,1.8625
2001-11-17,198.5,2.75
2001-11-18,188.2,2.4125
2001-11-19,191.3,3.3625
2001-11-20,185.0,1.4875
2001-11-21,184.2,1.0375
2001-11-22,282.5,2.2125
2001-11-23,177.3,2.75
2001-11-24,173.0,5.825
2001-11-25,170.0,1.975
2001-11-26,174.8,1.1
2001-11-27,190.4,0.4625
2001-11-28,198.5,0.5375
2001-11-29,216.4,0.65
2001-11-30,225.8,0.4875
2001-12-01,221.3,1.65
2001-12-02,245.0,1.2
2001-12-03,235.0,1.8625
2001-12-04,233.3,2.375
2001-12-05,237.0,2.375
2001-12-06,246.7,2.55
2001-12-07,225.9,1.625
2001-12-08,220.5,1.55
2001-12-09,224.2,0.625
2001-12-10,219.0,0.8375
2001-12-11,220.6,1.0625
2001-12-12,236.7,2.5625
2001-12-13,220.2,0.875
2001-12-14,245.8,1.175
2001-12-15,217.8,2.2
2001-12-16,209.1,2.325
2001-12-17,205.5,3.0125
2001-12-18,211.8,2.175
2001-12-19,208.2,2.0375
2001-12-20,221.1,1.1625
2001-12-21,234.3,2.625
2001-12-22,242.8,2.0
2001-12-23,254.6,1.75
2001-12-24,274.5,3.575
2001-12-25,258.8,2.1375
2001-12-26,267.8,1.5
2001-12-27,274.6,1.7125
2001-12-28,655.6,1.2125
2001-12-29,264.4,2.5
2001-12-30,246.6,3.325
2001-12-31,245.6,2.7375
2002-01-01,232.2,1.9125
2002-01-02,231.1,1.925
2002-01-03,220.3,0.5125
2002-01-04,218.2,0.6875
2002-01-05,212.2,0.475
2002-01-06,196.6,0.4875
2002-01-07,188.6,1.7
2002-01-08,199.2,2.175
2002-01-09,228.5,0.5875
2002-01-10,224.6,2.9875
2002-01-11,228.9,3.9
2002-01-12,233.3,3.1375
2002-01-13,240.7,2.7375
2002-01-14,229.0,2.0
2002-01-15,218.3,1.825
2002-01-16,216.1,0.8875
2002-01-17,211.8,2.1125
2002-01-18,210.5,1.2
2002-01-19,213.7,2.55
2002-01-20,222.2,2.2625
2002-01-21,224.5,2.55
2002-01-22,228.7,1.5875
2002-01-23,226.5,2.0875
2002-01-24,230.8,0.8625
2002-01-25,234.8,2.1
2002-01-26,256.5,1.95
2002-01-27,248.0,1.9625
2002-01-28,259.8,1.875
2002-01-29,261.0,1.1375
2002-01-30,256.3,0.5875
2002-01-31,242.6,1.325
2002-02-01,245.6,2.7
2002-02-02,240.6,3.2
2002-02-03,232.9,1.125
2002-02-04,234.6,1.4125
2002-02-05,220.6,3.45
2002-02-06,202.5,3.55
2002-02-07,191.7,2.9125
2002-02-08,191.5,2.5375
2002-02-09,199.4,2.4625
2002-02-10,216.5,2.0875
2002-02-11,201.7,2.825
2002-02-12,208.3,2.0125
2002-02-13,203.5,2.45
2002-02-14,196.1,0.5875
2002-02-15,195.0,0.8375
2002-02-16,193.5,1.2
2002-02-17,196.6,2.45
2002-02-18,192.8,2.2625
2002-02-19,189.4,1.425
2002-02-20,193.4,1.975
2002-02-21,201.1,2.0
2002-02-22,191.9,1.8375
2002-02-23,188.2,1.0
2002-02-24,192.8,1.4125
2002-02-25,210.6,1.6625
2002-02-26,207.5,2.0125
2002-02-27,198.6,1.3875
2002-02-28,204.2,3.5
2002-03-01,187.7,1.8
2002-03-02,191.0,1.4375
2002-03-03,182.7,2.4125
2002-03-04,174.9,2.3875
2002-03-05,172.2,3.4875
2002-03-06,177.8,3.1625
2002-03-07,179.7,2.125
2002-03-08,176.8,1.025
2002-03-09,207.7,1.175
2002-03-10,179.3,1.775
2002-03-11,182.3,2.2125
2002-03-12,178.4,2.5
2002-03-13,184.3,1.25
2002-03-14,180.7,0.575
2002-03-15,175.9,1.1125
2002-03-16,184.6,0.7875
2002-03-17,184.4,0.375
2002-03-18,178.1,2.375
2002-03-19,174.8,2.6625
2002-03-20,187.8,1.65
2002-03-21,174.1,1.7875
2002-03-22,171.6,1.4625
2002-03-23,170.4,2.3
2002-03-24,175.3,4.6625
2002-03-25,170.0,1.7125
2002-03-26,165.7,2.5375
2002-03-27,169.1,0.8875
2002-03-28,176.2,0.55
2002-03-29,181.3,0.9875
2002-03-30,188.7,3.3625
2002-03-31,204.4,3.4125
2002-04-01,207.0,3.2
2002-04-02,206.0,2.575
2002-04-03,209.4,2.7875
2002-04-04,216.2,1.4
2002-04-05,217.4,0.725
2002-04-06,206.3,0.95
2002-04-07,207.9,1.75
2002-04-08,206.2,0.425
2002-04-09,205.0,0.7125
2002-04-10,194.3,1.325
2002-04-11,197.4,2.8875
2002-04-12,211.9,3.0125
2002-04-13,226.0,3.2
2002-04-14,210.3,2.275
2002-04-15,203.3,1.45
2002-04-16,195.7,1.6375
2002-04-17,193.5,4.75
2002-04-18,188.2,5.3
2002-04-19,179.7,5.25
2002-04-20,177.3,5.3375
2002-04-21,173.4,1.375
2002-04-22,169.9,2.3
2002-04-23,175.3,3.525
2002-04-24,176.9,1.825
2002-04-25,167.3,0.675
2002-04-26,162.6,0.6875
2002-04-27,156.9,2.2375
2002-04-28,147.1,3.325
2002-04-29,153.0,2.125
2002-04-30,153.4,1.75
2002-05-01,162.4,0.875
2002-05-02,169.0,1.25
2002-05-03,179.1,1.2875
2002-05-04,189.5,1.1875
2002-05-05,180.0,0.7
2002-05-06,190.8,1.75
2002-05-07,186.8,1.95
2002-05-08,186.6,1.9625
2002-05-09,190.0,1.4625
2002-05-10,191.0,2.875
2002-05-11,188.0,4.05
2002-05-12,183.3,2.8375
2002-05-13,172.0,1.7875
2002-05-14,160.7,4.1
2002-05-15,159.2,2.5375
2002-05-16,158.4,1.8375
2002-05-17,157.1,1.275
2002-05-18,163.0,2.025
2002-05-19,170.9,1.7875
2002-05-20,171.3,2.2875
2002-05-21,185.9,2.0
2002-05-22,181.1,1.9625
2002-05-23,180.3,4.8
2002-05-24,189.1,0.3625
2002-05-25,182.6,0.9
2002-05-26,183.1,1.65
2002-05-27,186.7,3.4625
2002-05-28,186.4,2.2375
2002-05-29,184.8,1.6375
2002-05-30,180.1,1.5375
2002-05-31,181.9,0.7625
2002-06-01,178.8,0.825
2002-06-02,174.9,3.0375
2002-06-03,170.4,2.1625
2002-06-04,169.8,2.7125
2002-06-05,159.0,1.525
2002-06-06,154.5,1.1125
2002-06-07,158.3,1.2375
2002-06-08,155.2,2.475
2002-06-09,157.1,2.1
2002-06-10,151.6,2.8
2002-06-11,147.8,2.075
2002-06-12,141.7,1.6375
2002-06-13,133.4,1.825
2002-06-14,131.4,1.0125
2002-06-15,135.3,0.925
2002-06-16,136.7,1.8875
2002-06-17,142.9,1.125
2002-06-18,142.9,2.0875
2002-06-19,145.8,2.5
2002-06-20,145.1,1.3875
2002-06-21,139.6,1.775
2002-06-22,142.0,1.4625
2002-06-23,142.8,2.2
2002-06-24,150.3,1.375
2002-06-25,144.7,1.875
2002-06-26,143.8,1.2875
2002-06-27,138.6,0.4375
2002-06-28,137.3,0.4875
2002-06-29,142.7,1.275
2002-06-30,146.5,2.6625
2002-07-01,147.4,2.7125
2002-07-02,148.5,1.1625
2002-07-03,172.5,0.9375
2002-07-04,146.3,1.0375
2002-07-05,138.8,2.4875
2002-07-06,133.5,3.6125
2002-07-07,136.9,1.9
2002-07-08,130.9,1.875
2002-07-09,136.3,2.7125
2002-07-10,128.8,1.875
2002-07-11,136.4,1.3375
2002-07-12,133.2,3.175
2002-07-13,134.9,1.5875
2002-07-14,143.8,0.5
2002-07-15,323.6,1.0375
2002-07-16,171.5,2.4625
2002-07-17,180.0,3.25
2002-07-18,180.7,1.175
2002-07-19,182.3,1.95
2002-07-20,184.8,3.0375
2002-07-21,182.8,3.1625
2002-07-22,189.7,3.0375
2002-07-23,198.3,3.05
2002-07-24,208.4,1.8
2002-07-25,217.7,2.6375
2002-07-26,241.5,2.675
2002-07-27,230.8,3.2
2002-07-28,238.8,2.425
2002-07-29,234.0,2.1625
2002-07-30,227.2,1.575
2002-07-31,208.5,1.7125
2002-08-01,192.6,3.5375
2002-08-02,180.3,4.4625
2002-08-03,167.8,2.7625
2002-08-04,150.9,2.45
2002-08-05,141.9,1.1625
2002-08-06,144.6,0.9125
2002-08-07,136.2,1.125
2002-08-08,134.6,1.5375
2002-08-09,140.1,2.5875
2002-08-10,148.4,2.85
2002-08-11,172.3,2.5
2002-08-12,183.9,2.6
2002-08-13,191.8,2.0
2002-08-14,208.1,2.5625
2002-08-15,210.3,3.2375
2002-08-16,213.8,2.2875
2002-08-17,226.7,1.95
2002-08-18,241.0,2.8625
2002-08-19,237.0,4.0375
2002-08-20,227.5,3.4125
2002-08-21,219.9,3.95
2002-08-22,220.1,1.8
2002-08-23,224.5,1.675
2002-08-24,195.6,1.0875
2002-08-25,178.6,1.3
2002-08-26,168.6,2.9625
2002-08-27,161.4,2.7625
2002-08-28,163.2,1.825
2002-08-29,169.3,1.875
2002-08-30,174.8,1.925
2002-08-31,180.3,1.7875
2002-09-01,180.5,2.3375
2002-09-02,173.8,1.8375
2002-09-03,171.4,1.5
2002-09-04,171.3,4.5875
2002-09-05,175.2,1.8375
2002-09-06,178.1,1.825
2002-09-07,182.8,4.2125
2002-09-08,191.6,3.425
2002-09-09,206.0,1.8
2002-09-10,220.5,3.55
2002-09-11,216.1,3.7125
2002-09-12,212.4,2.875
2002-09-13,206.1,2.325
2002-09-14,206.9,1.9125
2002-09-15,187.8,1.625
2002-09-16,182.6,1.3625
2002-09-17,194.0,2.3875
2002-09-18,176.8,2.8875
2002-09-19,165.3,2.8
2002-09-20,164.4,1.0
2002-09-21,158.6,1.55
2002-09-22,160.0,1.7125
2002-09-23,153.8,0.425
2002-09-24,157.9,0.5625
2002-09-25,153.4,0.4875
2002-09-26,149.9,1.35
2002-09-27,151.6,1.4625
2002-09-28,148.6,1.2
2002-09-29,138.1,0.875
2002-09-30,139.7,3.8375
2002-10-01,139.8,5.025
2002-10-02,135.8,4.4125
2002-10-03,145.9,4.5125
2002-10-04,157.5,5.25
2002-10-05,155.1,3.8625
2002-10-06,161.7,2.8
2002-10-07,163.8,4.8875
2002-10-08,165.4,4.1125
2002-10-09,167.2,3.2875
2002-10-10,171.9,2.9125
2002-10-11,179.4,1.675
2002-10-12,180.4,1.55
2002-10-13,179.2,1.3875
2002-10-14,181.2,3.6
2002-10-15,176.8,3.225
2002-10-16,182.5,2.925
2002-10-17,178.9,2.675
2002-10-18,172.6,2.825
2002-10-19,179.5,2.8
2002-10-20,180.3,2.3875
2002-10-21,182.5,2.1
2002-10-22,169.4,2.225
2002-10-23,163.6,2.325
2002-10-24,160.3,5.4625
2002-10-25,172.9,4.45
2002-10-26,158.0,3.9625
2002-10-27,157.1,3.7625
2002-10-28,158.3,3.2875
2002-10-29,161.6,2.8875
2002-10-30,167.7,2.875
2002-10-31,170.2,3.3625
2002-11-01,162.2,1.825
2002-11-02,164.6,3.9625
2002-11-03,169.2,4.425
2002-11-04,177.4,3.675
2002-11-05,183.1,3.7125
2002-11-06,184.5,3.5625
2002-11-07,189.8,2.7125
2002-11-08,189.0,1.2
2002-11-09,190.6,1.3125
2002-11-10,191.4,2.8375
2002-11-11,184.7,2.5375
2002-11-12,178.2,3.0
2002-11-13,182.4,2.6375
2002-11-14,184.1,2.0875
2002-11-15,197.5,2.625
2002-11-16,199.2,1.5375
2002-11-17,184.7,1.5875
2002-11-18,178.9,2.2875
2002-11-19,168.2,2.825
2002-11-20,159.1,3.2
2002-11-21,150.9,4.95
2002-11-22,149.1,3.85
2002-11-23,147.5,3.0875
2002-11-24,146.2,3.0
2002-11-25,136.8,3.0
2002-11-26,142.3,2.325
2002-11-27,142.6,3.4625
2002-11-28,139.7,2.675
2002-11-29,141.3,2.825
2002-11-30,146.2,3.0875
2002-12-01,149.6,3.2875
2002-12-02,146.1,2.7625
2002-12-03,145.9,2.475
2002-12-04,148.7,2.6
2002-12-05,148.7,2.175
2002-12-06,148.2,2.1625
2002-12-07,151.1,3.2875
2002-12-08,154.4,2.5375
2002-12-09,156.3,1.3375
2002-12-10,161.4,1.2375
2002-12-11,152.3,1.125
2002-12-12,153.1,1.1875
2002-12-13,166.9,1.1625
2002-12-14,185.9,2.7
2002-12-15,203.0,1.95
2002-12-16,202.9,1.3875
2002-12-17,212.5,0.6625
2002-12-18,196.9,0.675
2002-12-19,192.9,3.75
2002-12-20,196.6,3.4
2002-12-21,183.9,3.0125
2002-12-22,172.0,2.275
2002-12-23,158.9,3.7
2002-12-24,147.3,3.2625
2002-12-25,131.9,2.625
2002-12-26,127.4,2.8
2002-12-27,116.5,4.4125
2002-12-28,116.9,3.325
2002-12-29,114.8,2.7125
2002-12-30,113.8,2.5
2002-12-31,115.1,1.6625
2003-01-01,115.0,1.825
2003-01-02,118.3,1.6
2003-01-03,137.6,2.8875
2003-01-04,143.0,2.95
2003-01-05,148.1,1.8875
2003-01-06,162.1,1.0
2003-01-07,163.2,1.55
2003-01-08,173.7,1.0125
2003-01-09,182.9,0.6625
2003-01-10,184.7,2.5375
2003-01-11,188.8,1.9625
2003-01-12,173.4,2.075
2003-01-13,171.8,1.675
2003-01-14,164.0,2.075
2003-01-15,149.9,1.7125
2003-01-16,144.6,1.25
2003-01-17,141.7,1.7125
2003-01-18,137.4,2.6375
2003-01-19,130.2,3.2375
2003-01-20,138.0,3.175
2003-01-21,133.6,3.3375
2003-01-22,129.5,3.25
2003-01-23,135.9,3.15
2003-01-24,129.8,3.2125
2003-01-25,128.9,3.8375
2003-01-26,125.0,3.375
2003-01-27,121.3,2.0125
2003-01-28,125.6,2.5375
2003-01-29,124.4,2.875
2003-01-30,121.2,3.675
2003-01-31,120.4,3.05
2003-02-01,125.8,2.425
2003-02-02,126.7,5.175
2003-02-03,132.5,3.55
2003-02-04,134.8,4.0125
2003-02-05,140.1,2.85
2003-02-06,149.5,2.875
2003-02-07,147.3,2.725
2003-02-08,139.2,3.0875
2003-02-09,141.4,3.3125
2003-02-10,136.2,2.9125
2003-02-11,134.9,2.1625
2003-02-12,131.6,2.6125
2003-02-13,130.6,1.55
2003-02-14,131.4,3.375
2003-02-15,123.6,3.5875
2003-02-16,118.5,3.2
2003-02-17,112.1,2.625
2003-02-18,109.9,3.3125
2003-02-19,116.3,2.7
2003-02-20,118.3,3.2
2003-02-21,119.6,2.75
2003-02-22,106.6,2.5
2003-02-23,104.0,2.4875
2003-02-24,102.0,1.5625
2003-02-25,101.6,1.225
2003-02-26,109.4,2.7875
2003-02-27,117.6,4.075
2003-02-28,124.9,3.0875
2003-03-01,138.1,2.8375
2003-03-02,147.3,2.55
2003-03-03,149.1,3.275
2003-03-04,146.0,4.3375
2003-03-05,148.5,3.325
2003-03-06,150.3,3.9625
2003-03-07,149.9,2.9
2003-03-08,148.3,1.975
2003-03-09,152.7,2.4125
2003-03-10,143.7,3.0125
2003-03-11,141.5,2.5
2003-03-12,138.0,2.0375
2003-03-13,134.2,2.6375
2003-03-14,138.9,3.4625
2003-03-15,130.7,3.875
2003-03-16,128.6,3.95
2003-03-17,164.1,4.6375
2003-03-18,118.4,3.85
2003-03-19,108.2,2.6125
2003-03-20,97.4,3.5875
2003-03-21,91.0,4.0
2003-03-22,89.0,2.9625
2003-03-23,93.0,3.5125
2003-03-24,97.8,1.5375
2003-03-25,108.8,0.7875
2003-03-26,127.2,1.7875
2003-03-27,141.1,3.8
2003-03-28,146.9,3.75
2003-03-29,155.1,4.4125
2003-03-30,154.5,4.55
2003-03-31,160.1,4.4125
2003-04-01,153.0,3.125
2003-04-02,157.5,3.75
2003-04-03,155.7,3.1125
2003-04-04,165.5,4.0375
2003-04-05,137.4,3.9625
2003-04-06,125.9,2.1375
2003-04-07,115.6,1.2625
2003-04-08,112.3,3.5
2003-04-09,109.4,3.4875
2003-04-10,103.7,3.6625
2003-04-11,102.6,2.7875
2003-04-12,102.1,2.025
2003-04-13,102.4,2.0625
2003-04-14,102.0,3.0
2003-04-15,100.5,3.1
2003-04-16,98.5,4.25
2003-04-17,101.0,3.8875
2003-04-18,107.8,3.4375
2003-04-19,112.1,2.25
2003-04-20,118.5,2.8
2003-04-21,125.8,3.5875
2003-04-22,132.4,3.675
2003-04-23,132.8,3.2625
2003-04-24,128.3,3.825
2003-04-25,143.6,4.25
2003-04-26,143.7,2.9875
2003-04-27,154.1,2.7875
2003-04-28,152.2,2.625
2003-04-29,155.1,3.2625
2003-04-30,153.5,4.7375
2003-05-01,148.7,4.55
2003-05-02,156.5,2.75
2003-05-03,147.7,2.2375
2003-05-04,142.0,1.45
2003-05-05,128.8,2.6625
2003-05-06,122.0,3.825
2003-05-07,110.2,4.5
2003-05-08,100.9,4.5875
2003-05-09,97.1,4.0375
2003-05-10,92.7,4.075
2003-05-11,91.5,3.975
2003-05-12,93.9,3.4
2003-05-13,96.1,3.7625
2003-05-14,96.3,4.0
2003-05-15,99.2,3.6125
2003-05-16,102.6,2.05
2003-05-17,102.4,1.6625
2003-05-18,109.0,1.75
2003-05-19,114.7,2.325
2003-05-20,117.1,2.3
2003-05-21,119.3,3.5
2003-05-22,118.4,3.7375
2003-05-23,117.9,2.9875
2003-05-24,116.8,3.5125
2003-05-25,121.1,3.0375
2003-05-26,125.1,3.0375
2003-05-27,128.8,3.925
2003-05-28,130.2,4.3375
2003-05-29,137.8,5.7125
2003-05-30,117.2,5.0
2003-05-31,113.1,2.7375
2003-06-01,112.3,3.5125
2003-06-02,121.4,4.4125
2003-06-03,114.5,4.0
2003-06-04,105.6,3.575
2003-06-05,113.6,2.45
2003-06-06,125.6,2.7125
2003-06-07,133.2,3.8375
2003-06-08,153.4,4.375
2003-06-09,158.3,3.825
2003-06-10,176.5,3.5375
2003-06-11,192.9,2.7125
2003-06-12,163.5,1.8125
2003-06-13,151.0,1.7875
2003-06-14,133.5,3.9625
2003-06-15,128.7,3.2625
2003-06-16,122.6,4.375
2003-06-17,121.9,4.95
2003-06-18,120.4,5.225
2003-06-19,122.9,2.8375
2003-06-20,116.9,2.5
2003-06-21,115.0,3.475
2003-06-22,110.2,2.6375
2003-06-23,113.5,3.25
2003-06-24,114.5,3.525
2003-06-25,116.3,3.05
2003-06-26,118.9,3.1125
2003-06-27,123.9,4.175
2003-06-28,123.9,4.55
2003-06-29,127.3,3.8
2003-06-30,128.2,3.0875
2003-07-01,131.1,2.0375
2003-07-02,134.8,2.5875
2003-07-03,132.2,3.0875
2003-07-04,140.0,3.5875
2003-07-05,141.9,3.25
2003-07-06,129.6,2.2375
2003-07-07,133.3,2.375
2003-07-08,131.3,0.6625
2003-07-09,126.0,0.9625
2003-07-10,122.8,1.7875
2003-07-11,122.0,5.0
2003-07-12,121.5,4.4125
2003-07-13,126.5,2.7375
2003-07-14,127.2,2.7
2003-07-15,125.8,3.7625
2003-07-16,133.1,4.8625
2003-07-17,138.7,3.175
2003-07-18,139.7,2.7625
2003-07-19,146.0,3.95
2003-07-20,157.3,3.175
2003-07-21,155.6,1.5875
2003-07-22,152.5,1.6125
2003-07-23,144.1,2.2125
2003-07-24,125.2,1.6125
2003-07-25,111.6,1.775
2003-07-26,102.6,3.85
2003-07-27,101.7,3.425
2003-07-28,103.4,3.1625
2003-07-29,99.9,4.45
2003-07-30,98.7,3.9875
2003-07-31,102.1,4.3875
2003-08-01,107.3,4.475
2003-08-02,111.4,3.5
2003-08-03,120.0,2.7875
2003-08-04,122.5,2.1625
2003-08-05,130.6,1.5875
2003-08-06,128.7,3.8
2003-08-07,137.0,3.3875
2003-08-08,132.9,4.2375
2003-08-09,130.0,2.825
2003-08-10,131.1,2.175
2003-08-11,129.2,2.25
2003-08-12,123.3,3.875
2003-08-13,130.8,2.85
2003-08-14,129.7,2.8625
2003-08-15,131.4,2.525
2003-08-16,126.9,2.0625
2003-08-17,119.3,2.4875
2003-08-18,115.9,6.5375
2003-08-19,116.7,3.05
2003-08-20,111.8,2.8375
2003-08-21,119.2,5.2875
2003-08-22,120.9,4.925
2003-08-23,120.2,4.375
2003-08-24,116.4,3.325
2003-08-25,116.5,3.325
2003-08-26,120.8,2.3
2003-08-27,125.7,2.2125
2003-08-28,118.7,3.275
2003-08-29,116.3,2.625
2003-08-30,114.0,2.65
2003-08-31,109.7,1.675
2003-09-01,108.1,2.575
2003-09-02,105.7,2.5
2003-09-03,110.5,3.0
2003-09-04,112.2,3.575
2003-09-05,108.0,2.95
2003-09-06,104.9,2.2
2003-09-07,107.8,0.9875
2003-09-08,98.8,1.25
2003-09-09,95.9,3.4
2003-09-10,99.3,3.3375
2003-09-11,96.7,2.75
2003-09-12,94.4,2.2
2003-09-13,96.1,1.775
2003-09-14,94.7,1.1125
2003-09-15,97.3,0.95
2003-09-16,99.3,4.2875
2003-09-17,105.9,5.6125
2003-09-18,109.2,5.05
2003-09-19,111.1,4.5375
2003-09-20,111.9,3.9
2003-09-21,119.9,3.2375
2003-09-22,122.6,3.0375
2003-09-23,124.9,2.9
2003-09-24,133.5,4.6375
2003-09-25,132.6,4.075
2003-09-26,131.1,3.0
2003-09-27,129.7,1.1625
2003-09-28,137.0,0.9875
2003-09-29,135.1,1.0875
2003-09-30,133.0,1.175
2003-10-01,136.8,2.0375
2003-10-02,124.8,1.875
2003-10-03,120.1,3.05
2003-10-04,119.0,1.2375
2003-10-05,109.6,1.125
2003-10-06,112.1,2.025
2003-10-07,111.9,2.9125
2003-10-08,113.3,1.725
2003-10-09,110.8,1.4875
2003-10-10,111.8,0.6
2003-10-11,105.8,0.4125
2003-10-12,97.8,0.8625
2003-10-13,94.4,2.925
2003-10-14,92.4,5.15
2003-10-15,95.9,4.7125
2003-10-16,95.2,4.025
2003-10-17,98.8,4.05
2003-10-18,108.6,3.825
2003-10-19,120.4,4.45
2003-10-20,135.1,4.375
2003-10-21,151.5,5.0
2003-10-22,191.0,4.125
2003-10-23,209.3,1.375
2003-10-24,190.6,3.5875
2003-10-25,221.5,2.9625
2003-10-26,298.3,2.125
2003-10-27,257.2,2.3625
2003-10-28,274.4,3.7625
2003-10-29,291.7,7.3125
2003-10-30,271.4,7.0
2003-10-31,248.9,6.2875
2003-11-01,210.4,3.75
2003-11-02,190.4,3.2875
2003-11-03,166.9,2.75
2003-11-04,560.9,3.75
2003-11-05,114.0,1.45
2003-11-06,97.8,2.5125
2003-11-07,91.0,1.9125
2003-11-08,92.7,1.875
2003-11-09,93.0,3.8875
2003-11-10,94.6,3.975
2003-11-11,95.6,5.4625
2003-11-12,98.7,4.05
2003-11-13,102.1,5.0375
2003-11-14,98.9,4.5125
2003-11-15,97.8,4.5375
2003-11-16,104.4,4.6625
2003-11-17,121.0,4.625
2003-11-18,144.3,3.825
2003-11-19,155.1,2.525
2003-11-20,175.2,6.3
2003-11-21,177.0,4.1
2003-11-22,176.2,3.8375
2003-11-23,178.2,3.55
2003-11-24,177.3,2.7
2003-11-25,170.7,2.9
2003-11-26,170.9,2.125
2003-11-27,174.7,1.5
2003-11-28,167.7,1.4125
2003-11-29,165.9,1.625
2003-11-30,152.8,2.4625
2003-12-01,143.3,2.2375
2003-12-02,139.3,1.575
2003-12-03,123.8,0.85
2003-12-04,115.8,1.3375
2003-12-05,111.7,4.5
2003-12-06,108.9,3.675
2003-12-07,92.0,2.7875
2003-12-08,93.7,4.3875
2003-12-09,92.2,4.075
2003-12-10,89.2,4.6625
2003-12-11,86.1,4.625
2003-12-12,87.2,3.8375
2003-12-13,87.8,3.925
2003-12-14,92.4,3.875
2003-12-15,100.8,3.8125
2003-12-16,106.3,2.4375
2003-12-17,117.5,1.7125
2003-12-18,123.0,0.7625
2003-12-19,122.5,0.3
2003-12-20,130.1,2.6125
2003-12-21,133.4,3.7375
2003-12-22,137.6,3.275
2003-12-23,142.0,1.9875
2003-12-24,138.9,1.6375
2003-12-25,139.1,1.25
2003-12-26,137.2,1.8375
2003-12-27,161.5,2.3375
2003-12-28,119.0,2.75
2003-12-29,114.5,1.25
2003-12-30,107.7,1.4375
2003-12-31,105.6,3.075
2004-01-01,116.0,3.8125
2004-01-02,116.5,2.95
2004-01-03,116.1,3.575
2004-01-04,119.4,3.6375
2004-01-05,123.0,3.825
2004-01-06,117.3,3.3
2004-01-07,118.8,4.0375
2004-01-08,120.1,1.6625
2004-01-09,118.4,3.575
2004-01-10,119.2,3.7875
2004-01-11,118.5,3.05
2004-01-12,118.3,1.95
2004-01-13,117.9,3.2875
2004-01-14,121.1,2.55
2004-01-15,119.1,3.0
2004-01-16,120.3,4.0
2004-01-17,122.6,3.2875
2004-01-18,119.5,3.175
2004-01-19,134.6,3.2125
2004-01-20,128.9,3.3
2004-01-21,130.1,2.9125
2004-01-22,121.8,5.3375
2004-01-23,115.2,4.7
2004-01-24,107.5,3.1125
2004-01-25,102.3,4.4875
2004-01-26,98.0,3.2125
2004-01-27,93.7,3.15
2004-01-28,88.5,3.475
2004-01-29,87.4,2.0875
2004-01-30,92.7,3.3375
2004-01-31,94.4,2.225
2004-02-01,97.3,2.3125
2004-02-02,101.5,3.0875
2004-02-03,99.4,3.4625
2004-02-04,101.4,2.9625
2004-02-05,105.5,2.625
2004-02-06,106.7,3.3875
2004-02-07,111.1,1.8375
2004-02-08,116.2,0.925
2004-02-09,117.8,1.675
2004-02-10,116.5,1.625
2004-02-11,114.2,3.175
2004-02-12,112.2,4.075
2004-02-13,107.8,3.8375
2004-02-14,103.7,3.475
2004-02-15,102.1,3.6
2004-02-16,98.7,1.4625
2004-02-17,101.9,1.0375
2004-02-18,97.7,1.875
2004-02-19,96.4,1.7875
2004-02-20,95.4,1.125
2004-02-21,98.2,1.7
2004-02-22,103.9,2.0125
2004-02-23,104.3,2.275
2004-02-24,105.5,2.5375
2004-02-25,118.5,1.5875
2004-02-26,120.8,0.7
2004-02-27,122.2,2.375
2004-02-28,115.8,3.2875
2004-02-29,110.0,3.575
2004-03-01,101.8,3.4
2004-03-02,98.8,3.45
2004-03-03,90.4,2.575
2004-03-04,97.5,1.625
2004-03-05,106.7,1.35
2004-03-06,104.5,0.7375
2004-03-07,106.1,0.7625
2004-03-08,107.8,0.8375
2004-03-09,108.7,3.4125
2004-03-10,112.6,4.5875
2004-03-11,113.2,4.425
2004-03-12,107.5,3.8125
2004-03-13,103.8,2.825
2004-03-14,102.5,3.05
2004-03-15,101.4,2.95
2004-03-16,109.6,2.225
2004-03-17,109.8,1.55
2004-03-18,115.4,2.4125
2004-03-19,112.2,1.625
2004-03-20,113.6,2.4125
2004-03-21,111.2,2.5375
2004-03-22,116.4,2.575
2004-03-23,118.3,1.7375
2004-03-24,119.7,0.5625
2004-03-25,127.0,0.9875
2004-03-26,123.8,2.7625
2004-03-27,127.6,3.3625
2004-03-28,129.0,3.325
2004-03-29,128.6,2.4125
2004-03-30,126.7,2.525
2004-03-31,121.2,2.15
2004-04-01,112.8,0.925
2004-04-02,108.1,0.625
2004-04-03,107.4,4.1375
2004-04-04,108.9,2.3625
2004-04-05,108.7,2.7
2004-04-06,101.4,3.6625
2004-04-07,98.1,2.625
2004-04-08,93.5,2.875
2004-04-09,90.0,2.875
2004-04-10,87.7,2.25
2004-04-11,89.6,2.2375
2004-04-12,91.3,2.2
2004-04-13,93.1,1.6875
2004-04-14,95.2,1.0125
2004-04-15,96.7,1.55
2004-04-16,96.9,2.7625
2004-04-17,98.2,1.8625
2004-04-18,109.0,2.025
2004-04-19,113.4,1.5125
2004-04-20,110.7,1.0375
2004-04-21,112.7,1.65
2004-04-22,117.1,1.0875
2004-04-23,115.3,3.35
2004-04-24,111.6,2.1875
2004-04-25,107.1,2.4625
2004-04-26,99.6,1.325
2004-04-27,95.1,1.1875
2004-04-28,89.5,1.8625
2004-04-29,88.5,1.0375
2004-04-30,89.4,2.7125
2004-05-01,94.2,2.25
2004-05-02,97.5,1.5
2004-05-03,91.3,1.7
2004-05-04,87.4,1.875
2004-05-05,88.5,2.875
2004-05-06,86.4,2.05
2004-05-07,85.2,3.0875
2004-05-08,87.2,2.175
2004-05-09,93.2,1.2875
2004-05-10,93.0,1.475
2004-05-11,90.2,2.2875
2004-05-12,98.8,2.1625
2004-05-13,100.8,2.375
2004-05-14,109.6,1.375
2004-05-15,115.3,1.675
2004-05-16,118.3,1.025
2004-05-17,111.1,0.925
2004-05-18,107.8,0.9125
2004-05-19,108.8,1.925
2004-05-20,104.6,2.5875
2004-05-21,106.9,1.7
2004-05-22,102.4,1.7375
2004-05-23,104.0,2.5125
2004-05-24,105.2,2.225
2004-05-25,102.4,1.175
2004-05-26,103.3,0.8
2004-05-27,101.8,0.9625
2004-05-28,102.4,1.6625
2004-05-29,101.2,2.95
2004-05-30,99.6,2.4625
2004-05-31,95.4,2.5875
2004-06-01,90.0,3.0875
2004-06-02,90.4,2.425
2004-06-03,90.0,1.825
2004-06-04,89.4,1.8375
2004-06-05,84.5,2.4125
2004-06-06,88.4,2.5
2004-06-07,88.5,1.8375
2004-06-08,86.0,2.2
2004-06-09,85.2,2.7375
2004-06-10,82.5,2.0875
2004-06-11,83.9,1.2125
2004-06-12,88.0,0.775
2004-06-13,95.2,0.8875
2004-06-14,99.9,2.175
2004-06-15,109.4,3.125
2004-06-16,111.5,1.75
2004-06-17,111.3,1.825
2004-06-18,107.8,2.1625
2004-06-19,112.7,1.1625
2004-06-20,119.1,0.85
2004-06-21,115.8,0.9625
2004-06-22,116.7,0.5
2004-06-23,112.5,0.675
2004-06-24,108.3,0.825
2004-06-25,102.9,0.75
2004-06-26,98.9,1.7625
2004-06-27,97.2,0.775
2004-06-28,89.4,2.7125
2004-06-29,85.1,3.35
2004-06-30,81.8,2.0375
2004-07-01,81.3,2.15
2004-07-02,80.7,2.0875
2004-07-03,79.5,1.5375
2004-07-04,79.4,1.45
2004-07-05,78.2,1.525
2004-07-06,78.9,1.1625
2004-07-07,79.3,0.7
2004-07-08,81.8,0.35
2004-07-09,86.7,0.8125
2004-07-10,93.3,1.5
2004-07-11,104.4,2.875
2004-07-12,125.0,2.375
2004-07-13,149.5,2.775
2004-07-14,138.1,1.625
2004-07-15,145.7,1.3875
2004-07-16,146.5,1.8625
2004-07-17,149.2,2.825
2004-07-18,155.1,1.5375
2004-07-19,170.2,1.925
2004-07-20,175.2,2.0125
2004-07-21,172.2,0.8375
2004-07-22,172.9,2.95
2004-07-23,165.1,4.7375
2004-07-24,147.2,4.175
2004-07-25,156.2,7.275
2004-07-26,128.0,3.625
2004-07-27,118.1,7.575
2004-07-28,100.7,2.9875
2004-07-29,99.7,1.4875
2004-07-30,88.7,1.65
2004-07-31,86.4,1.7875
2004-08-01,83.4,1.75
2004-08-02,84.5,1.4875
2004-08-03,87.6,0.625
2004-08-04,85.4,0.5875
2004-08-05,88.9,1.3375
2004-08-06,91.0,1.1875
2004-08-07,94.6,2.9
2004-08-08,104.8,0.7
2004-08-09,113.9,2.6125
2004-08-10,121.4,2.925
2004-08-11,130.8,2.3875
2004-08-12,147.2,1.875
2004-08-13,148.6,1.625
2004-08-14,149.2,1.8875
2004-08-15,138.8,0.85
2004-08-16,133.6,1.25
2004-08-17,135.0,2.15
2004-08-18,139.9,2.1375
2004-08-19,120.6,1.0875
2004-08-20,121.4,2.9875
2004-08-21,120.0,3.05
2004-08-22,115.2,2.6625
2004-08-23,109.5,1.2
2004-08-24,104.9,0.7125
2004-08-25,100.4,0.9875
2004-08-26,97.5,1.175
2004-08-27,90.5,1.4625
2004-08-28,87.2,1.7
2004-08-29,86.1,1.375
2004-08-30,89.9,4.1625
2004-08-31,88.1,3.7875
2004-09-01,89.9,1.8375
2004-09-02,93.9,1.4625
2004-09-03,96.7,0.5375
2004-09-04,99.3,0.5
2004-09-05,103.2,1.575
2004-09-06,106.5,2.85
2004-09-07,118.9,2.4125
2004-09-08,124.5,1.5875
2004-09-09,131.0,0.825
2004-09-10,130.0,0.475
2004-09-11,116.4,0.425
2004-09-12,114.6,0.45
2004-09-13,117.7,1.15
2004-09-14,114.7,4.2
2004-09-15,109.6,2.7125
2004-09-16,108.3,3.3875
2004-09-17,104.5,3.475
2004-09-18,102.7,2.2125
2004-09-19,105.2,1.05
2004-09-20,100.5,2.3
2004-09-21,94.9,1.825
2004-09-22,91.4,2.8
2004-09-23,90.2,2.1875
2004-09-24,89.4,1.4625
2004-09-25,89.5,0.7875
2004-09-26,89.5,0.7
2004-09-27,89.8,1.0
2004-09-28,89.9,1.5875
2004-09-29,89.8,1.075
2004-09-30,88.2,0.575
2004-10-01,88.0,0.7625
2004-10-02,88.0,2.4625
2004-10-03,89.0,2.425
2004-10-04,90.7,2.5375
2004-10-05,90.8,0.9625
2004-10-06,92.1,0.7
2004-10-07,93.8,0.3625
2004-10-08,90.6,1.375
2004-10-09,88.0,1.175
2004-10-10,89.0,1.875
2004-10-11,86.9,2.4
2004-10-12,87.6,1.9625
2004-10-13,89.2,4.2375
2004-10-14,90.7,3.625
2004-10-15,89.2,2.075
2004-10-16,91.7,0.9375
2004-10-17,91.9,0.275
2004-10-18,96.2,0.7375
2004-10-19,99.1,0.875
2004-10-20,111.3,2.4625
2004-10-21,112.1,1.7875
2004-10-22,122.5,1.5125
2004-10-23,131.6,0.5125
2004-10-24,140.2,1.7625
2004-10-25,138.5,2.525
2004-10-26,136.7,0.2875
2004-10-27,129.5,0.7875
2004-10-28,135.8,0.5375
2004-10-29,130.6,1.5125
2004-10-30,136.4,3.125
2004-10-31,139.2,2.5875
2004-11-01,135.5,1.2875
2004-11-02,133.1,1.125
2004-11-03,135.9,1.95
2004-11-04,136.0,2.0375
2004-11-05,141.2,0.75
2004-11-06,128.8,0.1625
2004-11-07,129.6,3.8375
2004-11-08,124.1,6.25
2004-11-09,140.9,6.5125
2004-11-10,104.6,7.025
2004-11-11,94.9,3.6125
2004-11-12,96.0,4.1625
2004-11-13,96.4,1.825
2004-11-14,100.3,1.7
2004-11-15,105.6,0.275
2004-11-16,106.6,1.825
2004-11-17,104.9,1.2375
2004-11-18,104.0,0.325
2004-11-19,103.4,0.925
2004-11-20,99.3,3.4375
2004-11-21,100.9,3.125
2004-11-22,106.3,1.825
2004-11-23,106.9,1.5125
2004-11-24,107.3,2.075
2004-11-25,109.4,3.375
2004-11-26,111.1,2.6
2004-11-27,110.3,2.375
2004-11-28,112.8,2.725
2004-11-29,111.4,3.1625
2004-11-30,110.6,3.1625
2004-12-01,111.0,2.375
2004-12-02,105.6,0.8625
2004-12-03,100.8,0.625
2004-12-04,97.4,0.0
2004-12-05,95.9,1.8375
2004-12-06,93.2,3.4625
2004-12-07,89.7,2.9625
2004-12-08,96.5,2.5
2004-12-09,87.4,1.9125
2004-12-10,84.8,2.3625
2004-12-11,89.8,2.575
2004-12-12,90.5,3.9125
2004-12-13,89.7,1.7875
2004-12-14,89.3,1.725
2004-12-15,89.3,1.575
2004-12-16,90.0,2.575
2004-12-17,89.9,3.1
2004-12-18,90.6,2.5
2004-12-19,94.0,0.6375
2004-12-20,93.9,1.0375
2004-12-21,101.0,2.475
2004-12-22,98.8,3.275
2004-12-23,96.4,1.6875
2004-12-24,97.2,0.7875
2004-12-25,93.0,2.7
2004-12-26,91.7,2.475
2004-12-27,96.9,1.9625
2004-12-28,105.2,2.9375
2004-12-29,98.5,2.9625
2004-12-30,100.0,3.225
2004-12-31,98.5,1.8
2005-01-01,98.9,3.1125
2005-01-02,100.0,4.4125
2005-01-03,94.2,3.35
2005-01-04,88.0,3.8125
2005-01-05,86.9,3.15
2005-01-06,83.2,1.0375
2005-01-07,83.5,3.0
2005-01-08,87.3,3.75
2005-01-09,87.5,0.9125
2005-01-10,90.1,1.5375
2005-01-11,94.2,2.7
2005-01-12,102.1,4.2375
2005-01-13,115.6,2.925
2005-01-14,129.8,2.6125
2005-01-15,144.9,3.2125
2005-01-16,144.5,3.075
2005-01-17,137.5,5.2
2005-01-18,124.3,5.925
2005-01-19,132.5,5.0375
2005-01-20,122.7,3.0
2005-01-21,113.5,4.325
2005-01-22,102.2,4.0125
2005-01-23,95.8,3.3375
2005-01-24,94.6,2.2625
2005-01-25,94.1,0.9625
2005-01-26,89.3,0.55
2005-01-27,86.9,0.4875
2005-01-28,84.9,1.525
2005-01-29,86.4,3.3625
2005-01-30,85.5,3.0375
2005-01-31,86.2,3.1375
2005-02-01,83.7,1.3
2005-02-02,81.8,2.0
2005-02-03,83.0,1.9125
2005-02-04,82.1,0.8
2005-02-05,94.6,0.45
2005-02-06,97.0,2.0875
2005-02-07,103.1,3.875
2005-02-08,108.2,4.2
2005-02-09,108.6,3.8375
2005-02-10,114.1,3.5125
2005-02-11,114.1,2.575
2005-02-12,116.4,1.125
2005-02-13,115.5,0.925
2005-02-14,118.1,1.4125
2005-02-15,121.7,0.8625
2005-02-16,112.8,2.775
2005-02-17,111.3,1.4625
2005-02-18,104.2,3.875
2005-02-19,98.5,2.9125
2005-02-20,95.7,2.6125
2005-02-21,94.5,1.375
2005-02-22,92.3,0.9625
2005-02-23,84.6,0.825
2005-02-24,80.3,1.1875
2005-02-25,78.2,2.15
2005-02-26,76.6,2.45
2005-02-27,75.8,1.8
2005-02-28,75.0,2.7125
2005-03-01,73.7,2.4375
2005-03-02,74.6,2.7375
2005-03-03,77.0,1.075
2005-03-04,78.9,0.45
2005-03-05,81.2,2.3625
2005-03-06,83.6,4.4125
2005-03-07,87.0,4.625
2005-03-08,93.5,4.0
2005-03-09,99.9,3.7125
2005-03-10,101.6,2.8375
2005-03-11,104.9,1.2875
2005-03-12,110.1,0.8
2005-03-13,113.8,1.2
2005-03-14,111.5,3.2125
2005-03-15,108.2,0.9625
2005-03-16,104.6,1.55
2005-03-17,101.7,2.575
2005-03-18,96.5,1.8875
2005-03-19,93.0,1.8375
2005-03-20,89.0,0.8625
2005-03-21,89.8,1.5625
2005-03-22,87.3,0.6625
2005-03-23,87.7,0.9125
2005-03-24,87.1,1.1375
2005-03-25,82.1,3.35
2005-03-26,77.7,3.0125
2005-03-27,78.4,2.8
2005-03-28,79.7,1.075
2005-03-29,78.8,0.925
2005-03-30,77.6,1.725
2005-03-31,76.7,2.075
2005-04-01,78.3,1.2875
2005-04-02,80.2,0.6625
2005-04-03,81.1,1.35
2005-04-04,84.8,3.2875
2005-04-05,88.3,4.5
2005-04-06,88.0,2.3875
2005-04-07,87.8,1.675
2005-04-08,87.7,0.7375
2005-04-09,88.4,0.6125
2005-04-10,88.3,0.4875
2005-04-11,87.5,1.9625
2005-04-12,84.9,4.025
2005-04-13,83.5,4.125
2005-04-14,85.4,2.9875
2005-04-15,84.9,2.725
2005-04-16,82.9,1.5
2005-04-17,83.6,1.0375
2005-04-18,81.3,1.7125
2005-04-19,78.2,1.75
2005-04-20,77.0,3.25
2005-04-21,77.1,0.5875
2005-04-22,77.2,1.8375
2005-04-23,79.3,1.4125
2005-04-24,82.3,1.975
2005-04-25,86.0,1.9625
2005-04-26,90.9,0.55
2005-04-27,95.3,0.325
2005-04-28,98.0,0.525
2005-04-29,105.0,2.0875
2005-04-30,106.4,3.7
2005-05-01,111.6,3.5875
2005-05-02,112.2,1.825
2005-05-03,112.3,2.1375
2005-05-04,108.7,1.1625
2005-05-05,109.1,1.0375
2005-05-06,110.4,1.0375
2005-05-07,99.9,1.925
2005-05-08,101.3,5.75
2005-05-09,110.0,2.1375
2005-05-10,119.2,1.875
2005-05-11,125.3,2.325
2005-05-12,117.4,2.875
2005-05-13,125.9,3.425
2005-05-14,99.5,1.5375
2005-05-15,103.0,5.675
2005-05-16,99.1,4.25
2005-05-17,90.0,2.9625
2005-05-18,83.8,1.8625
2005-05-19,84.7,1.8375
2005-05-20,83.5,3.4625
2005-05-21,81.9,3.225
2005-05-22,82.1,2.0
2005-05-23,83.4,1.1
2005-05-24,85.2,0.7
2005-05-25,83.8,0.8625
2005-05-26,90.4,0.225
2005-05-27,95.5,0.325
2005-05-28,92.5,2.25
2005-05-29,92.7,3.125
2005-05-30,94.9,5.7875
2005-05-31,96.3,2.8
2005-06-01,94.3,1.55
2005-06-02,93.3,1.5
2005-06-03,95.3,1.6375
2005-06-04,96.9,3.1125
2005-06-05,105.4,3.1625
2005-06-06,106.0,2.1
2005-06-07,109.1,2.75
2005-06-08,115.7,1.0375
2005-06-09,116.1,1.1375
2005-06-10,114.3,0.6125
2005-06-11,108.0,1.1375
2005-06-12,103.0,4.4625
2005-06-13,91.8,3.8375
2005-06-14,93.8,2.225
2005-06-15,94.5,2.825
2005-06-16,98.1,3.425
2005-06-17,90.8,2.6
2005-06-18,90.0,1.45
2005-06-19,86.9,1.1625
2005-06-20,86.1,0.7125
2005-06-21,82.8,0.2875
2005-06-22,79.5,1.3875
2005-06-23,77.5,4.8
2005-06-24,76.7,1.9875
2005-06-25,76.7,2.325
2005-06-26,78.7,1.65
2005-06-27,77.4,0.825
2005-06-28,80.0,0.9125
2005-06-29,88.2,1.225
2005-06-30,102.5,1.4875
2005-07-01,114.6,2.5375
2005-07-02,123.8,2.575
2005-07-03,129.8,1.875
2005-07-04,123.7,1.0875
2005-07-05,126.8,0.9
2005-07-06,123.0,0.8875
2005-07-07,124.9,1.575
2005-07-08,110.4,0.95
2005-07-09,106.6,3.5375
2005-07-10,101.8,5.2
2005-07-11,93.3,3.4125
2005-07-12,96.2,4.15
2005-07-13,91.7,3.9125
2005-07-14,89.9,1.575
2005-07-15,87.2,1.1625
2005-07-16,76.3,2.075
2005-07-17,74.1,3.325
2005-07-18,72.0,3.3125
2005-07-19,71.2,1.75
2005-07-20,72.1,3.325
2005-07-21,72.8,3.2125
2005-07-22,73.6,2.525
2005-07-23,80.1,1.0875
2005-07-24,80.2,0.8375
2005-07-25,83.9,0.925
2005-07-26,86.5,1.0125
2005-07-27,90.6,2.425
2005-07-28,95.8,3.4625
2005-07-29,103.7,3.125
2005-07-30,105.0,2.2125
2005-07-31,109.7,1.8375
2005-08-01,111.2,2.8875
2005-08-02,110.2,2.175
2005-08-03,108.9,1.9875
2005-08-04,106.1,2.0875
2005-08-05,98.8,1.7125
2005-08-06,93.4,4.0875
2005-08-07,92.3,2.7875
2005-08-08,86.4,1.675
2005-08-09,82.5,2.125
2005-08-10,76.3,2.5875
2005-08-11,75.9,0.6125
2005-08-12,76.2,1.2
2005-08-13,75.4,2.875
2005-08-14,74.8,1.775
2005-08-15,75.8,1.4125
2005-08-16,75.8,2.9125
2005-08-17,77.0,2.7125
2005-08-18,82.7,2.675
2005-08-19,93.1,1.5875
2005-08-20,98.1,0.7125
2005-08-21,98.5,1.7625
2005-08-22,157.3,2.1
2005-08-23,112.3,1.8875
2005-08-24,98.6,5.7
2005-08-25,92.4,3.4625
2005-08-26,93.2,1.55
2005-08-27,92.1,1.25
2005-08-28,89.8,1.2875
2005-08-29,89.2,1.425
2005-08-30,86.0,0.7
2005-08-31,84.0,4.125
2005-09-01,79.2,2.5375
2005-09-02,77.1,4.25
2005-09-03,74.2,3.625
2005-09-04,74.6,3.65
2005-09-05,75.0,2.525
2005-09-06,83.4,1.875
2005-09-07,117.0,2.075
2005-09-08,94.1,1.575
2005-09-09,707.6,2.7375
2005-09-10,116.0,4.0375
2005-09-11,109.7,6.2875
2005-09-12,118.0,5.675
2005-09-13,302.0,4.5625
2005-09-14,116.6,3.2375
2005-09-15,119.4,4.5375
2005-09-16,134.1,3.2875
2005-09-17,103.9,2.4625
2005-09-18,102.2,2.1875
2005-09-19,91.1,1.6375
2005-09-20,87.8,1.2125
2005-09-21,86.0,0.7375
2005-09-22,83.7,1.625
2005-09-23,82.8,1.5125
2005-09-24,81.4,0.475
2005-09-25,81.0,1.15
2005-09-26,81.3,2.9625
2005-09-27,76.9,2.45
2005-09-28,74.6,2.425
2005-09-29,73.8,1.7625
2005-09-30,72.2,1.9125
2005-10-01,72.1,2.7
2005-10-02,74.9,2.8875
2005-10-03,74.3,1.675
2005-10-04,82.7,0.775
2005-10-05,81.3,0.85
2005-10-06,79.5,0.9875
2005-10-07,78.8,2.3875
2005-10-08,78.1,3.7875
2005-10-09,78.9,2.25
2005-10-10,79.1,2.15
2005-10-11,77.6,1.6875
2005-10-12,76.8,0.375
2005-10-13,78.0,0.975
2005-10-14,78.4,0.4875
2005-10-15,79.6,0.4625
2005-10-16,79.2,1.7375
2005-10-17,78.1,2.5375
2005-10-18,78.3,1.3875
2005-10-19,77.9,1.7
2005-10-20,76.7,0.575
2005-10-21,75.3,0.3625
2005-10-22,74.7,1.45
2005-10-23,74.2,0.5
2005-10-24,73.4,1.025
2005-10-25,73.0,3.4625
2005-10-26,72.0,2.425
2005-10-27,71.6,1.825
2005-10-28,73.1,1.3625
2005-10-29,74.1,0.65
2005-10-30,75.6,1.2875
2005-10-31,77.8,2.75
2005-11-01,77.3,2.1375
2005-11-02,78.0,1.725
2005-11-03,76.8,3.7125
2005-11-04,77.4,3.3625
2005-11-05,79.3,2.7125
2005-11-06,81.7,2.8375
2005-11-07,79.4,1.7625
2005-11-08,79.4,0.7625
2005-11-09,78.1,0.7625
2005-11-10,77.9,0.5
2005-11-11,78.6,1.3375
2005-11-12,83.1,2.625
2005-11-13,87.8,2.8375
2005-11-14,92.4,2.0875
2005-11-15,100.0,1.1625
2005-11-16,94.0,0.65
2005-11-17,100.5,0.4625
2005-11-18,101.1,0.9
2005-11-19,102.0,1.825
2005-11-20,96.4,1.925
2005-11-21,94.7,1.0875
2005-11-22,92.6,1.65
2005-11-23,89.7,1.9375
2005-11-24,86.6,2.25
2005-11-25,79.9,2.45
2005-11-26,80.8,1.2875
2005-11-27,80.7,0.675
2005-11-28,81.9,1.8625
2005-11-29,84.7,1.65
2005-11-30,94.7,2.7875
2005-12-01,98.2,3.0125
2005-12-02,106.3,2.9875
2005-12-03,101.3,2.875
2005-12-04,95.2,1.55
2005-12-05,91.7,0.6125
2005-12-06,89.1,0.5
2005-12-07,89.0,0.075
2005-12-08,89.6,0.25
2005-12-09,89.1,1.2125
2005-12-10,91.4,2.6625
2005-12-11,93.1,3.425
2005-12-12,88.3,2.575
2005-12-13,87.9,1.3875
2005-12-14,89.6,0.675
2005-12-15,87.0,0.4625
2005-12-16,85.8,1.7
2005-12-17,85.2,0.925
2005-12-18,85.6,0.875
2005-12-19,89.5,2.0375
2005-12-20,87.8,3.1125
2005-12-21,86.5,2.1625
2005-12-22,87.6,1.075
2005-12-23,93.1,0.0375
2005-12-24,91.9,1.0375
2005-12-25,91.8,1.5375
2005-12-26,92.5,1.325
2005-12-27,92.3,2.75
2005-12-28,89.1,3.2125
2005-12-29,90.3,2.75
2005-12-30,89.9,2.0875
2005-12-31,87.4,2.45
2006-01-01,87.4,1.6375
2006-01-02,84.5,1.675
2006-01-03,84.9,0.8375
2006-01-04,84.0,0.45
2006-01-05,83.4,0.8625
2006-01-06,82.0,1.825
2006-01-07,79.2,1.4625
2006-01-08,78.2,0.875
2006-01-09,77.6,0.125
2006-01-10,77.8,0.2875
2006-01-11,77.3,0.5875
2006-01-12,76.5,0.8375
2006-01-13,76.5,0.7125
2006-01-14,77.4,0.7875
2006-01-15,80.9,1.375
2006-01-16,83.8,2.5875
2006-01-17,82.5,2.0875
2006-01-18,85.6,2.325
2006-01-19,88.6,2.05
2006-01-20,90.7,1.8125
2006-01-21,93.8,1.0875
2006-01-22,92.8,1.3375
2006-01-23,92.4,3.0
2006-01-24,92.6,1.55
2006-01-25,89.0,1.6375
2006-01-26,86.9,3.9375
2006-01-27,83.5,2.5
2006-01-28,80.0,1.625
2006-01-29,79.5,0.4625
2006-01-30,78.8,0.325
2006-01-31,77.6,0.3625
2006-02-01,77.6,0.825
2006-02-02,77.3,1.1
2006-02-03,78.7,1.1625
2006-02-04,77.0,1.275
2006-02-05,76.3,0.8
2006-02-06,74.9,2.7625
2006-02-07,74.0,1.0375
2006-02-08,74.0,0.7875
2006-02-09,74.8,0.575
2006-02-10,75.2,0.7875
2006-02-11,76.0,1.625
2006-02-12,76.0,1.25
2006-02-13,76.3,0.55
2006-02-14,77.3,0.2
2006-02-15,78.5,2.175
2006-02-16,79.2,2.075
2006-02-17,79.2,1.175
2006-02-18,78.5,0.6
2006-02-19,76.5,1.7
2006-02-20,76.2,3.2375
2006-02-21,75.9,3.3375
2006-02-22,76.0,2.9125
2006-02-23,75.1,1.1125
2006-02-24,76.0,1.4125
2006-02-25,76.0,0.4125
2006-02-26,76.5,1.5
2006-02-27,77.0,0.9625
2006-02-28,77.1,1.1625
2006-03-01,77.0,1.8125
2006-03-02,76.1,0.6375
2006-03-03,75.5,0.6125
2006-03-04,75.0,0.625
2006-03-05,74.2,0.25
2006-03-06,73.6,2.0625
2006-03-07,74.4,2.125
2006-03-08,72.4,1.175
2006-03-09,72.9,0.7125
2006-03-10,72.2,2.7
2006-03-11,74.0,2.2
2006-03-12,73.2,1.0375
2006-03-13,72.6,0.5875
2006-03-14,73.6,0.5375
2006-03-15,74.2,1.9125
2006-03-16,72.4,1.8625
2006-03-17,72.0,0.625
2006-03-18,72.4,3.5875
2006-03-19,75.2,4.375
2006-03-20,76.9,3.325
2006-03-21,76.7,2.7
2006-03-22,75.9,2.125
2006-03-23,76.6,0.925
2006-03-24,75.8,1.025
2006-03-25,75.6,1.5
2006-03-26,73.6,1.6125
2006-03-27,74.3,1.9
2006-03-28,79.3,1.3625
2006-03-29,81.7,1.2625
2006-03-30,83.9,0.8625
2006-03-31,86.3,1.175
2006-04-01,87.0,0.1625
2006-04-02,91.1,0.2375
2006-04-03,100.4,0.2875
2006-04-04,99.5,1.7875
2006-04-05,99.0,3.9625
2006-04-06,98.9,1.8375
2006-04-07,94.5,0.55
2006-04-08,91.0,1.0
2006-04-09,89.2,4.7875
2006-04-10,88.7,2.8875
2006-04-11,89.7,1.2125
2006-04-12,81.1,0.15
2006-04-13,80.0,2.5875
2006-04-14,78.9,5.325
2006-04-15,78.4,4.2125
2006-04-16,76.5,2.3375
2006-04-17,77.9,1.2875
2006-04-18,76.9,1.5
2006-04-19,75.8,0.5875
2006-04-20,78.6,1.125
2006-04-21,79.2,1.6125
2006-04-22,82.4,2.95
2006-04-23,86.7,1.575
2006-04-24,92.8,1.425
2006-04-25,95.1,0.875
2006-04-26,100.0,0.7125
2006-04-27,100.7,1.0375
2006-04-28,100.1,2.1
2006-04-29,101.2,0.45
2006-04-30,99.9,0.0
2006-05-01,93.4,0.2875
2006-05-02,89.4,0.8375
2006-05-03,89.0,0.7125
2006-05-04,91.8,2.5125
2006-05-05,86.7,1.95
2006-05-06,87.0,3.0375
2006-05-07,86.2,3.0875
2006-05-08,84.7,1.3375
2006-05-09,82.6,0.7375
2006-05-10,78.2,0.6625
2006-05-11,76.4,3.2125
2006-05-12,75.7,2.7375
2006-05-13,73.5,2.2
2006-05-14,72.0,1.55
2006-05-15,71.7,0.8
2006-05-16,71.5,0.325
2006-05-17,72.0,1.2625
2006-05-18,73.3,2.625
2006-05-19,75.3,1.625
2006-05-20,76.2,1.475
2006-05-21,77.5,1.5
2006-05-22,83.1,1.925
2006-05-23,84.2,1.1125
2006-05-24,83.7,0.825
2006-05-25,83.7,0.8125
2006-05-26,81.6,0.8
2006-05-27,83.0,0.4
2006-05-28,84.7,1.3
2006-05-29,81.1,0.575
2006-05-30,80.0,1.8
2006-05-31,78.4,1.2625
2006-06-01,77.2,2.3375
2006-06-02,75.3,1.4875
2006-06-03,75.9,1.0125
2006-06-04,75.6,0.35
2006-06-05,77.9,0.6625
2006-06-06,78.0,3.45
2006-06-07,82.7,3.45
2006-06-08,80.0,3.2625
2006-06-09,77.6,2.125
2006-06-10,76.1,1.9
2006-06-11,74.4,1.2
2006-06-12,74.2,0.75
2006-06-13,77.1,0.5
2006-06-14,75.3,1.375
2006-06-15,76.4,3.45
2006-06-16,75.3,1.9625
2006-06-17,73.2,1.95
2006-06-18,73.3,1.35
2006-06-19,73.3,0.5375
2006-06-20,72.9,0.7
2006-06-21,72.7,0.425
2006-06-22,72.1,1.2875
2006-06-23,71.8,0.325
2006-06-24,73.6,0.5375
2006-06-25,74.0,0.925
2006-06-26,76.4,0.275
2006-06-27,78.5,1.1625
2006-06-28,83.5,2.8
2006-06-29,85.5,2.425
2006-06-30,86.1,1.875
2006-07-01,85.5,0.8625
2006-07-02,87.1,0.3125
2006-07-03,85.9,0.55
2006-07-04,92.0,2.2125
2006-07-05,84.7,3.075
2006-07-06,85.0,1.925
2006-07-07,79.9,1.45
2006-07-08,77.4,0.4875
2006-07-09,74.6,0.725
2006-07-10,72.8,2.125
2006-07-11,71.2,1.5
2006-07-12,70.6,2.3625
2006-07-13,69.9,1.2
2006-07-14,70.9,2.325
2006-07-15,70.2,1.0875
2006-07-16,70.8,0.6125
2006-07-17,71.0,0.725
2006-07-18,71.2,0.4625
2006-07-19,71.1,0.375
2006-07-20,72.2,0.5375
2006-07-21,72.6,0.275
2006-07-22,73.6,0.8875
2006-07-23,76.5,0.8875
2006-07-24,77.0,1.3375
2006-07-25,75.5,1.525
2006-07-26,74.7,1.0
2006-07-27,74.4,1.6375
2006-07-28,72.6,3.0375
2006-07-29,73.0,1.0125
2006-07-30,73.9,0.875
2006-07-31,72.4,2.8
2006-08-01,72.8,2.5
2006-08-02,72.1,2.2125
2006-08-03,71.3,1.2125
2006-08-04,69.6,0.375
2006-08-05,69.5,0.65
2006-08-06,69.5,0.6625
2006-08-07,69.8,4.05
2006-08-08,71.4,2.2375
2006-08-09,74.1,2.075
2006-08-10,80.3,0.7875
2006-08-11,83.9,1.2875
2006-08-12,84.7,1.4125
2006-08-13,85.9,0.325
2006-08-14,86.4,0.5375
2006-08-15,85.6,0.6625
2006-08-16,100.6,0.575
2006-08-17,85.8,1.25
2006-08-18,88.5,2.55
2006-08-19,88.8,3.65
2006-08-20,88.1,2.825
2006-08-21,87.8,2.55
2006-08-22,80.8,3.525
2006-08-23,78.3,1.1125
2006-08-24,78.2,1.125
2006-08-25,77.2,0.275
2006-08-26,75.7,0.6125
2006-08-27,78.6,2.85
2006-08-28,76.4,2.5625
2006-08-29,73.0,1.925
2006-08-30,74.2,1.6125
2006-08-31,83.2,1.8875
2006-09-01,76.9,2.7
2006-09-02,75.6,1.65
2006-09-03,76.5,1.4875
2006-09-04,79.0,3.1
2006-09-05,80.4,2.175
2006-09-06,84.0,1.7375
2006-09-07,86.7,1.95
2006-09-08,87.2,0.975
2006-09-09,85.5,0.3625
2006-09-10,87.3,1.1875
2006-09-11,84.6,1.5375
2006-09-12,84.1,1.325
2006-09-13,82.9,1.225
2006-09-14,82.8,1.0375
2006-09-15,80.1,0.075
2006-09-16,79.2,0.6625
2006-09-17,78.0,2.5375
2006-09-18,74.4,3.625
2006-09-19,73.4,2.325
2006-09-20,70.9,0.825
2006-09-21,71.4,0.6375
2006-09-22,72.3,0.3125
2006-09-23,70.4,1.75
2006-09-24,69.8,3.475
2006-09-25,70.2,1.8625
2006-09-26,70.7,1.7625
2006-09-27,72.0,0.7375
2006-09-28,73.0,0.825
2006-09-29,76.5,0.9625
2006-09-30,77.7,2.5375
2006-10-01,78.4,3.375
2006-10-02,77.9,1.75
2006-10-03,76.6,1.8
2006-10-04,76.7,0.875
2006-10-05,77.3,0.9125
2006-10-06,76.4,0.5
2006-10-07,76.5,1.9
2006-10-08,75.2,1.55
2006-10-09,75.0,1.0375
2006-10-10,75.3,0.3875
2006-10-11,73.6,0.6625
2006-10-12,73.6,1.3
2006-10-13,73.3,3.8625
2006-10-14,72.4,3.6125
2006-10-15,71.1,2.2375
2006-10-16,69.5,1.6625
2006-10-17,69.6,0.7125
2006-10-18,69.5,0.875
2006-10-19,69.6,0.4125
2006-10-20,71.1,2.45
2006-10-21,74.7,3.375
2006-10-22,75.8,2.8
2006-10-23,76.4,0.8375
2006-10-24,74.8,1.125
2006-10-25,74.7,1.05
2006-10-26,71.9,0.55
2006-10-27,72.0,0.8625
2006-10-28,74.7,2.675
2006-10-29,73.3,3.4625
2006-10-30,75.7,2.1625
2006-10-31,80.1,1.1625
2006-11-01,86.7,1.6375
2006-11-02,88.2,2.0
2006-11-03,87.4,1.7625
2006-11-04,85.5,1.9625
2006-11-05,84.7,1.2125
2006-11-06,83.5,0.4625
2006-11-07,87.1,0.0
2006-11-08,86.4,0.0875
2006-11-09,89.4,1.6625
2006-11-10,91.1,4.2125
2006-11-11,97.0,3.5375
2006-11-12,96.7,1.5875
2006-11-13,95.2,0.3
2006-11-14,94.5,1.3
2006-11-15,96.1,1.625
2006-11-16,94.1,1.375
2006-11-17,89.5,1.4125
2006-11-18,88.8,0.2375
2006-11-19,84.9,0.9125
2006-11-20,80.5,0.1625
2006-11-21,77.5,0.175
2006-11-22,76.5,1.3
2006-11-23,76.8,2.8625
2006-11-24,77.4,3.0375
2006-11-25,78.6,2.8875
2006-11-26,78.2,2.775
2006-11-27,82.4,2.075
2006-11-28,85.5,1.575
2006-11-29,85.0,1.6375
2006-11-30,84.1,3.5875
2006-12-01,84.2,1.1875
2006-12-02,87.3,0.5125
2006-12-03,86.5,0.8375
2006-12-04,94.5,0.075
2006-12-05,102.4,0.8
2006-12-06,573.4,3.8875
2006-12-07,124.7,3.75
2006-12-08,96.0,3.6625
2006-12-09,92.4,1.8
2006-12-10,90.0,3.05
2006-12-11,92.2,2.6375
2006-12-12,104.2,3.825
2006-12-13,94.6,1.6625
2006-12-14,94.4,4.075
2006-12-15,88.2,5.7625
2006-12-16,82.6,2.3625
2006-12-17,82.1,1.4125
2006-12-18,75.4,2.25
2006-12-19,74.4,2.725
2006-12-20,72.7,3.725
2006-12-21,74.0,3.2
2006-12-22,74.6,3.2875
2006-12-23,73.5,3.0375
2006-12-24,74.4,2.575
2006-12-25,76.4,1.9
2006-12-26,75.0,1.175
2006-12-27,73.3,0.5
2006-12-28,76.3,0.525
2006-12-29,78.4,0.5375
2006-12-30,80.9,0.6625
2006-12-31,85.1,0.325
2007-01-01,88.4,2.05
2007-01-02,91.7,3.625
2007-01-03,87.7,3.4625
2007-01-04,91.0,3.2125
2007-01-05,89.4,2.25
2007-01-06,88.6,1.2875
2007-01-07,88.3,0.2
2007-01-08,88.7,0.7375
2007-01-09,92.2,0.875
2007-01-10,86.2,1.575
2007-01-11,83.9,1.7
2007-01-12,83.8,0.5625
2007-01-13,81.4,0.0
2007-01-14,82.1,0.7875
2007-01-15,82.0,2.8
2007-01-16,78.7,2.3375
2007-01-17,78.1,3.7875
2007-01-18,76.8,3.3125
2007-01-19,76.3,2.6625
2007-01-20,78.8,1.9875
2007-01-21,78.6,1.9625
2007-01-22,78.5,0.725
2007-01-23,79.3,0.65
2007-01-24,80.4,0.5
2007-01-25,79.9,0.4875
2007-01-26,79.7,0.675
2007-01-27,80.5,0.8875
2007-01-28,81.7,1.1625
2007-01-29,86.7,3.7375
2007-01-30,87.5,3.75
2007-01-31,89.2,3.4
2007-02-01,89.9,2.075
2007-02-02,90.3,1.0125
2007-02-03,87.3,0.6
2007-02-04,83.7,0.45
2007-02-05,83.0,1.5
2007-02-06,81.9,1.5125
2007-02-07,82.0,2.7125
2007-02-08,78.4,2.1125
2007-02-09,76.7,1.3375
2007-02-10,75.9,1.0375
2007-02-11,74.7,0.5125
2007-02-12,73.6,1.7375
2007-02-13,72.7,3.1625
2007-02-14,72.7,3.225
2007-02-15,73.6,2.6625
2007-02-16,74.7,1.9625
2007-02-17,75.3,2.125
2007-02-18,75.8,1.3
2007-02-19,74.9,0.625
2007-02-20,74.7,0.375
2007-02-21,74.8,0.125
2007-02-22,75.5,0.55
2007-02-23,75.1,0.6375
2007-02-24,75.5,0.4375
2007-02-25,76.6,0.7625
2007-02-26,75.4,1.2125
2007-02-27,74.8,2.1625
2007-02-28,75.8,3.5875
2007-03-01,74.8,2.2625
2007-03-02,75.5,1.075
2007-03-03,73.3,0.3375
2007-03-04,72.5,0.8625
2007-03-05,71.9,2.1375
2007-03-06,71.9,3.0125
2007-03-07,72.9,3.1625
2007-03-08,72.5,1.0
2007-03-09,71.6,0.4625
2007-03-10,71.2,1.175
2007-03-11,71.0,1.7875
2007-03-12,71.2,2.4625
2007-03-13,71.4,3.7
2007-03-14,70.0,2.4875
2007-03-15,69.2,2.2875
2007-03-16,68.7,2.3
2007-03-17,69.3,1.725
2007-03-18,70.5,0.8
2007-03-19,70.1,0.45
2007-03-20,72.6,0.15
2007-03-21,72.8,0.25
2007-03-22,72.5,0.7
2007-03-23,72.5,2.1
2007-03-24,72.8,3.0125
2007-03-25,73.7,2.1
2007-03-26,73.8,2.1625
2007-03-27,73.3,2.375
2007-03-28,74.6,1.5375
2007-03-29,73.8,0.575
2007-03-30,74.1,1.125
2007-03-31,73.2,0.8375
2007-04-01,71.7,4.075
2007-04-02,71.2,3.525
2007-04-03,70.8,2.4625
2007-04-04,70.7,2.0875
2007-04-05,70.9,0.8625
2007-04-06,71.0,0.9125
2007-04-07,71.2,0.625
2007-04-08,71.1,0.6375
2007-04-09,69.9,2.0
2007-04-10,69.4,1.7125
2007-04-11,69.1,0.8625
2007-04-12,68.3,2.175
2007-04-13,68.3,0.2
2007-04-14,68.2,0.9625
2007-04-15,69.3,1.1125
2007-04-16,69.3,0.0375
2007-04-17,69.2,2.0125
2007-04-18,68.8,1.9875
2007-04-19,68.3,1.25
2007-04-20,68.5,0.65
2007-04-21,68.7,0.325
2007-04-22,68.9,2.25
2007-04-23,69.1,2.15
2007-04-24,73.2,1.0125
2007-04-25,76.5,1.3
2007-04-26,80.5,1.55
2007-04-27,82.7,2.675
2007-04-28,84.9,4.05
2007-04-29,84.8,3.4125
2007-04-30,87.0,2.6125
2007-05-01,86.3,1.7125
2007-05-02,87.4,0.45
2007-05-03,83.1,0.9625
2007-05-04,82.5,0.5375
2007-05-05,81.0,0.3875
2007-05-06,78.1,0.2
2007-05-07,75.7,2.6625
2007-05-08,73.4,2.775
2007-05-09,72.1,1.275
2007-05-10,71.2,0.7
2007-05-11,71.5,0.5375
2007-05-12,71.4,0.4875
2007-05-13,73.5,0.45
2007-05-14,72.9,0.5625
2007-05-15,76.9,1.075
2007-05-16,77.1,0.7125
2007-05-17,76.5,1.1375
2007-05-18,75.8,3.0
2007-05-19,74.8,2.625
2007-05-20,74.1,1.575
2007-05-21,73.2,1.2
2007-05-22,72.0,2.3625
2007-05-23,70.1,4.2
2007-05-24,69.9,4.0
2007-05-25,68.1,2.7875
2007-05-26,67.7,2.7875
2007-05-27,67.0,2.4125
2007-05-28,68.7,1.0
2007-05-29,69.6,0.9625
2007-05-30,70.7,0.7125
2007-05-31,74.6,0.7375
2007-06-01,79.4,1.6375
2007-06-02,83.2,1.55
2007-06-03,87.0,2.1375
2007-06-04,85.7,1.8875
2007-06-05,81.2,0.45
2007-06-06,87.1,0.4
2007-06-07,85.7,0.55
2007-06-08,84.3,1.8875
2007-06-09,78.6,1.575
2007-06-10,75.9,1.6
2007-06-11,73.3,0.575
2007-06-12,70.4,0.45
2007-06-13,70.9,1.375
2007-06-14,68.5,3.25
2007-06-15,69.1,1.7
2007-06-16,68.0,1.4625
2007-06-17,66.7,1.5
2007-06-18,66.6,1.2125
2007-06-19,66.4,1.2375
2007-06-20,65.7,0.875
2007-06-21,65.5,2.6625
2007-06-22,65.3,2.7
2007-06-23,65.9,1.8375
2007-06-24,66.9,1.5
2007-06-25,67.6,0.65
2007-06-26,70.5,0.6125
2007-06-27,73.2,1.075
2007-06-28,74.9,1.1
2007-06-29,75.3,1.875
2007-06-30,74.0,1.0625
2007-07-01,74.3,1.0
2007-07-02,72.6,0.5875
2007-07-03,71.7,1.6375
2007-07-04,72.4,2.875
2007-07-05,71.5,1.2875
2007-07-06,71.1,1.2125
2007-07-07,73.1,1.25
2007-07-08,75.1,0.8875
2007-07-09,77.1,0.2625
2007-07-10,78.1,0.9
2007-07-11,78.5,3.2125
2007-07-12,76.9,1.25
2007-07-13,78.0,0.825
2007-07-14,75.7,2.9
2007-07-15,74.7,2.2875
2007-07-16,72.9,0.9125
2007-07-17,72.3,0.7625
2007-07-18,69.6,0.45
2007-07-19,68.3,0.375
2007-07-20,67.3,2.4875
2007-07-21,66.4,2.2
2007-07-22,66.2,0.5875
2007-07-23,67.2,0.7125
2007-07-24,68.0,0.5
2007-07-25,68.6,0.325
2007-07-26,68.4,1.625
2007-07-27,68.7,1.6125
2007-07-28,69.9,0.8375
2007-07-29,69.0,2.85
2007-07-30,68.9,2.1125
2007-07-31,68.0,1.2625
2007-08-01,68.4,3.0125
2007-08-02,69.4,1.325
2007-08-03,70.4,0.9
2007-08-04,69.4,0.275
2007-08-05,68.9,0.3625
2007-08-06,70.0,2.3125
2007-08-07,69.0,3.4875
2007-08-08,69.0,1.35
2007-08-09,67.4,0.7875
2007-08-10,67.5,2.4375
2007-08-11,67.6,2.275
2007-08-12,68.1,1.1625
2007-08-13,67.7,0.45
2007-08-14,68.5,0.8375
2007-08-15,67.6,2.0
2007-08-16,67.3,1.2625
2007-08-17,67.6,0.8375
2007-08-18,67.9,0.4125
2007-08-19,67.8,0.7875
2007-08-20,69.1,0.4875
2007-08-21,69.3,0.9125
2007-08-22,70.0,0.7
2007-08-23,70.8,0.2875
2007-08-24,71.6,0.2375
2007-08-25,71.5,1.75
2007-08-26,70.1,2.3
2007-08-27,69.2,2.75
2007-08-28,70.1,2.2125
2007-08-29,69.6,1.1375
2007-08-30,71.6,1.05
2007-08-31,70.8,1.5
2007-09-01,70.8,2.3625
2007-09-02,69.4,3.6375
2007-09-03,68.0,2.3375
2007-09-04,68.2,1.4375
2007-09-05,67.6,2.4
2007-09-06,66.7,2.375
2007-09-07,67.1,2.2125
2007-09-08,66.6,1.6375
2007-09-09,66.7,0.3875
2007-09-10,66.9,0.45
2007-09-11,66.1,0.525
2007-09-12,65.9,0.5
2007-09-13,66.4,0.25
2007-09-14,66.8,1.125
2007-09-15,67.7,1.0375
2007-09-16,67.0,0.575
2007-09-17,66.9,0.5375
2007-09-18,66.5,0.7
2007-09-19,66.8,0.825
2007-09-20,66.8,2.0
2007-09-21,66.9,2.175
2007-09-22,66.7,2.6875
2007-09-23,66.3,2.825
2007-09-24,66.1,2.3625
2007-09-25,66.2,1.7625
2007-09-26,66.5,0.825
2007-09-27,67.1,2.3875
2007-09-28,67.2,3.4625
2007-09-29,67.6,4.05
2007-09-30,65.0,2.5875
2007-10-01,67.7,1.925
2007-10-02,66.4,1.3375
2007-10-03,67.3,3.1125
2007-10-04,67.3,2.3375
2007-10-05,67.8,1.55
2007-10-06,69.0,0.95
2007-10-07,68.1,0.375
2007-10-08,68.1,0.125
2007-10-09,68.7,0.15
2007-10-10,68.1,0.2125
2007-10-11,68.8,0.125
2007-10-12,68.6,1.0875
2007-10-13,67.6,0.5375
2007-10-14,67.1,1.3
2007-10-15,67.2,0.4875
2007-10-16,67.1,0.525
2007-10-17,67.4,0.125
2007-10-18,68.2,2.475
2007-10-19,67.3,3.0375
2007-10-20,66.9,2.4625
2007-10-21,67.2,1.2125
2007-10-22,66.7,1.4625
2007-10-23,67.1,1.7
2007-10-24,67.5,0.6625
2007-10-25,67.1,2.675
2007-10-26,67.5,2.8
2007-10-27,67.1,2.7125
2007-10-28,67.5,1.7875
2007-10-29,67.1,2.2125
2007-10-30,67.2,1.9625
2007-10-31,67.1,1.1375
2007-11-01,67.3,1.0875
2007-11-02,67.9,0.525
2007-11-03,67.6,0.375
2007-11-04,67.7,1.075
2007-11-05,67.4,0.5875
2007-11-06,68.5,0.0875
2007-11-07,68.1,0.0375
2007-11-08,69.7,0.8625
2007-11-09,69.5,1.0375
2007-11-10,69.8,0.9375
2007-11-11,69.0,0.5375
2007-11-12,69.7,0.7
2007-11-13,69.9,2.375
2007-11-14,70.4,2.3375
2007-11-15,69.2,1.7625
2007-11-16,70.6,1.875
2007-11-17,69.8,1.6125
2007-11-18,68.8,0.5375
2007-11-19,69.5,0.675
2007-11-20,69.7,3.5375
2007-11-21,69.1,2.9125
2007-11-22,69.7,2.3
2007-11-23,70.0,2.75
2007-11-24,71.3,2.7625
2007-11-25,70.7,2.95
2007-11-26,71.5,2.05
2007-11-27,71.4,1.325
2007-11-28,71.2,1.125
2007-11-29,71.2,0.7375
2007-11-30,71.2,0.6375
2007-12-01,71.9,0.6625
2007-12-02,73.0,0.425
2007-12-03,72.6,0.1125
2007-12-04,73.6,0.1875
2007-12-05,75.3,0.575
2007-12-06,78.2,0.6625
2007-12-07,82.2,0.25
2007-12-08,86.9,0.0875
2007-12-09,88.9,0.8375
2007-12-10,86.9,1.875
2007-12-11,93.4,3.125
2007-12-12,93.9,2.2125
2007-12-13,93.8,1.375
2007-12-14,91.9,1.05
2007-12-15,88.9,0.475
2007-12-16,81.7,0.625
2007-12-17,79.5,3.25
2007-12-18,76.8,3.6375
2007-12-19,74.5,2.4
2007-12-20,72.6,2.875
2007-12-21,71.0,2.7375
2007-12-22,71.5,2.1
2007-12-23,71.4,1.9875
2007-12-24,71.4,0.7375
2007-12-25,72.0,0.25
2007-12-26,72.6,0.425
2007-12-27,72.1,1.2625
2007-12-28,71.8,0.9
2007-12-29,72.7,0.325
2007-12-30,75.0,1.0
2007-12-31,76.7,1.25
2008-01-01,79.4,1.025
2008-01-02,79.6,0.4
2008-01-03,79.3,0.325
2008-01-04,79.0,0.55
2008-01-05,79.7,3.35
2008-01-06,79.2,3.175
2008-01-07,77.7,2.6625
2008-01-08,75.5,2.9125
2008-01-09,76.5,1.7875
2008-01-10,75.7,1.0875
2008-01-11,76.0,0.7125
2008-01-12,75.7,1.7
2008-01-13,75.3,2.375
2008-01-14,75.6,3.3625
2008-01-15,73.7,2.325
2008-01-16,72.9,2.8
2008-01-17,73.7,2.5125
2008-01-18,71.1,2.625
2008-01-19,70.8,2.3875
2008-01-20,70.2,1.6375
2008-01-21,71.6,1.5
2008-01-22,70.3,0.5375
2008-01-23,70.6,1.1125
2008-01-24,71.3,1.425
2008-01-25,71.0,2.2625
2008-01-26,72.5,1.7625
2008-01-27,72.0,0.95
2008-01-28,71.3,1.0375
2008-01-29,71.6,1.0125
2008-01-30,72.7,0.375
2008-01-31,72.0,1.175
2008-02-01,71.1,3.15
2008-02-02,71.8,3.2375
2008-02-03,71.6,3.15
2008-02-04,71.3,2.0
2008-02-05,70.5,1.025
2008-02-06,71.6,0.9875
2008-02-07,70.8,1.525
2008-02-08,70.9,1.575
2008-02-09,72.2,1.05
2008-02-10,72.6,3.25
2008-02-11,72.1,3.1625
2008-02-12,72.1,2.775
2008-02-13,70.5,2.7625
2008-02-14,70.6,2.6125
2008-02-15,69.7,2.7
2008-02-16,70.3,2.125
2008-02-17,71.1,1.375
2008-02-18,71.2,2.5
2008-02-19,71.7,2.7625
2008-02-20,70.9,1.4375
2008-02-21,71.8,1.425
2008-02-22,72.4,0.925
2008-02-23,71.6,1.25
2008-02-24,70.7,0.8875
2008-02-25,71.4,0.8125
2008-02-26,70.7,1.0
2008-02-27,70.7,2.175
2008-02-28,70.0,3.6125
2008-02-29,69.8,4.1125
2008-03-01,68.6,3.425
2008-03-02,69.2,2.2375
2008-03-03,68.4,1.4875
2008-03-04,68.3,0.875
2008-03-05,69.3,2.0125
2008-03-06,70.3,0.65
2008-03-07,70.5,0.5875
2008-03-08,69.8,1.825
2008-03-09,69.5,4.0125
2008-03-10,70.3,3.325
2008-03-11,70.2,2.85
2008-03-12,69.4,2.725
2008-03-13,69.5,2.525
2008-03-14,69.9,3.0375
2008-03-15,69.5,2.375
2008-03-16,70.3,1.6375
2008-03-17,69.8,1.1375
2008-03-18,69.6,1.65
2008-03-19,69.0,1.75
2008-03-20,68.4,2.05
2008-03-21,68.2,1.55
2008-03-22,69.6,1.05
2008-03-23,72.0,2.125
2008-03-24,79.4,0.775
2008-03-25,88.6,0.825
2008-03-26,81.6,3.6625
2008-03-27,84.8,4.3
2008-03-28,82.9,3.7875
2008-03-29,82.6,2.2
2008-03-30,80.5,2.125
2008-03-31,79.2,1.0375
2008-04-01,77.8,1.1
2008-04-02,75.9,0.2375
2008-04-03,76.4,0.4625
2008-04-04,73.0,1.8625
2008-04-05,71.0,2.825
2008-04-06,69.4,3.2875
2008-04-07,69.1,2.675
2008-04-08,69.8,2.3
2008-04-09,68.0,2.7125
2008-04-10,67.9,2.25
2008-04-11,67.1,1.2
2008-04-12,68.2,2.675
2008-04-13,69.3,1.9125
2008-04-14,68.5,0.3625
2008-04-15,69.2,1.075
2008-04-16,69.5,2.9125
2008-04-17,69.2,1.675
2008-04-18,70.2,1.7
2008-04-19,71.0,1.4625
2008-04-20,70.8,0.925
2008-04-21,70.9,1.3
2008-04-22,71.3,1.4625
2008-04-23,70.7,3.9125
2008-04-24,70.4,3.05
2008-04-25,69.8,1.9625
2008-04-26,69.0,2.2875
2008-04-27,68.1,1.7875
2008-04-28,68.5,2.3375
2008-04-29,68.6,1.3625
2008-04-30,67.0,1.3625
2008-05-01,68.5,1.625
2008-05-02,68.1,1.9625
2008-05-03,67.3,2.5375
2008-05-04,68.3,1.95
2008-05-05,67.6,2.525
2008-05-06,67.2,1.8625
2008-05-07,66.5,1.125
2008-05-08,66.4,1.125
2008-05-09,67.3,0.675
2008-05-10,67.4,1.075
2008-05-11,68.0,0.85
2008-05-12,68.0,0.7
2008-05-13,68.3,0.8375
2008-05-14,69.0,0.5375
2008-05-15,71.1,0.525
2008-05-16,71.6,1.1125
2008-05-17,71.2,0.1625
2008-05-18,71.6,0.5375
2008-05-19,68.9,1.675
2008-05-20,68.6,1.95
2008-05-21,69.1,2.375
2008-05-22,69.3,2.175
2008-05-23,67.8,1.875
2008-05-24,68.5,1.8
2008-05-25,68.3,1.4125
2008-05-26,68.0,0.7375
2008-05-27,67.9,0.7125
2008-05-28,67.8,2.375
2008-05-29,68.1,2.175
2008-05-30,67.1,2.125
2008-05-31,66.9,2.0875
2008-06-01,66.6,1.925
2008-06-02,67.1,1.1625
2008-06-03,66.3,1.125
2008-06-04,65.2,0.7125
2008-06-05,66.4,0.45
2008-06-06,65.9,1.5875
2008-06-07,65.6,2.4625
2008-06-08,64.9,1.6625
2008-06-09,66.0,0.7
2008-06-10,66.2,0.45
2008-06-11,65.7,0.7125
2008-06-12,67.1,0.7
2008-06-13,66.5,0.3625
2008-06-14,67.1,2.175
2008-06-15,66.5,3.1125
2008-06-16,65.3,2.6375
2008-06-17,65.9,2.275
2008-06-18,65.4,1.875
2008-06-19,64.9,1.525
2008-06-20,65.2,2.075
2008-06-21,64.8,0.9625
2008-06-22,65.4,0.6125
2008-06-23,65.3,0.975
2008-06-24,65.8,1.1875
2008-06-25,65.9,2.2375
2008-06-26,65.4,2.7125
2008-06-27,66.1,1.9875
2008-06-28,65.9,1.275
2008-06-29,66.6,1.875
2008-06-30,66.7,1.025
2008-07-01,65.6,1.0875
2008-07-02,65.9,0.4875
2008-07-03,65.5,0.525
2008-07-04,65.4,0.75
2008-07-05,65.1,1.825
2008-07-06,66.1,0.7375
2008-07-07,65.5,0.4625
2008-07-08,65.5,0.35
2008-07-09,66.0,0.55
2008-07-10,65.4,0.7375
2008-07-11,65.7,1.5375
2008-07-12,64.9,2.9875
2008-07-13,65.2,2.5125
2008-07-14,65.6,2.3375
2008-07-15,65.7,1.7625
2008-07-16,64.6,1.2125
2008-07-17,65.0,0.8875
2008-07-18,65.3,0.7375
2008-07-19,66.4,0.2875
2008-07-20,65.9,0.5625
2008-07-21,66.2,1.3125
2008-07-22,65.8,2.2125
2008-07-23,65.5,3.0875
2008-07-24,65.4,2.2625
2008-07-25,65.8,0.4875
2008-07-26,66.1,1.1
2008-07-27,66.3,1.2125
2008-07-28,66.3,1.2375
2008-07-29,66.0,0.7125
2008-07-30,66.5,0.9125
2008-07-31,65.5,0.6375
2008-08-01,66.1,0.875
2008-08-02,66.2,0.375
2008-08-03,65.5,0.875
2008-08-04,66.2,0.6625
2008-08-05,66.5,0.45
2008-08-06,67.0,1.075
2008-08-07,66.1,0.95
2008-08-08,65.5,0.6125
2008-08-09,65.5,3.2375
2008-08-10,65.6,2.4625
2008-08-11,65.7,1.45
2008-08-12,65.2,1.6625
2008-08-13,65.3,0.9625
2008-08-14,65.9,1.175
2008-08-15,65.3,0.5625
2008-08-16,66.2,0.8875
2008-08-17,66.5,1.6375
2008-08-18,66.2,3.2875
2008-08-19,67.3,2.2
2008-08-20,65.9,1.0
2008-08-21,67.1,0.6625
2008-08-22,67.6,0.675
2008-08-23,67.9,0.625
2008-08-24,67.1,0.3625
2008-08-25,66.6,0.1125
2008-08-26,66.9,0.325
2008-08-27,66.6,0.75
2008-08-28,66.1,0.6625
2008-08-29,66.8,0.6375
2008-08-30,67.1,0.4
2008-08-31,66.7,0.95
2008-09-01,65.8,0.6625
2008-09-02,66.0,0.6625
2008-09-03,66.2,1.9
2008-09-04,65.9,3.7875
2008-09-05,65.2,1.7
2008-09-06,65.8,2.0125
2008-09-07,66.6,1.9625
2008-09-08,67.1,2.2125
2008-09-09,67.1,1.5625
2008-09-10,67.2,1.2125
2008-09-11,66.9,0.45
2008-09-12,66.3,0.125
2008-09-13,66.4,0.075
2008-09-14,66.8,1.2125
2008-09-15,67.5,3.125
2008-09-16,69.4,2.0
2008-09-17,67.1,0.775
2008-09-18,67.2,1.675
2008-09-19,67.9,1.0375
2008-09-20,67.8,0.875
2008-09-21,67.9,0.375
2008-09-22,69.1,0.7875
2008-09-23,69.4,0.575
2008-09-24,68.4,0.4875
2008-09-25,68.2,0.7375
2008-09-26,67.7,0.5375
2008-09-27,67.3,0.65
2008-09-28,67.0,0.5
2008-09-29,66.8,0.5125
2008-09-30,66.2,1.0375
2008-10-01,65.8,2.075
2008-10-02,66.3,2.875
2008-10-03,67.2,2.9125
2008-10-04,66.6,2.175
2008-10-05,67.4,1.025
2008-10-06,67.2,0.8
2008-10-07,66.7,0.375
2008-10-08,67.7,0.3375
2008-10-09,68.7,0.075
2008-10-10,68.9,0.5875
2008-10-11,70.8,3.775
2008-10-12,70.1,2.6625
2008-10-13,70.9,1.8875
2008-10-14,70.4,0.7
2008-10-15,70.9,1.85
2008-10-16,71.9,0.875
2008-10-17,70.0,0.325
2008-10-18,69.2,0.125
2008-10-19,69.6,1.925
2008-10-20,69.2,0.7875
2008-10-21,68.8,0.8875
2008-10-22,67.7,1.125
2008-10-23,67.2,0.775
2008-10-24,67.5,0.2125
2008-10-25,67.5,0.25
2008-10-26,66.9,1.175
2008-10-27,67.0,0.2125
2008-10-28,67.1,1.175
2008-10-29,66.7,3.075
2008-10-30,66.8,2.7875
2008-10-31,68.1,1.5875
2008-11-01,66.7,0.625
2008-11-02,69.1,0.75
2008-11-03,69.5,0.1625
2008-11-04,68.0,0.2
2008-11-05,67.7,0.3
2008-11-06,68.6,0.1625
2008-11-07,67.8,2.075
2008-11-08,68.3,2.7
2008-11-09,68.4,2.4375
2008-11-10,69.3,0.8375
2008-11-11,71.4,0.2875
2008-11-12,70.9,0.625
2008-11-13,69.1,0.2
2008-11-14,68.3,0.1625
2008-11-15,68.2,1.0
2008-11-16,67.7,2.225
2008-11-17,67.7,0.75
2008-11-18,69.8,0.1625
2008-11-19,69.4,0.2125
2008-11-20,69.6,0.375
2008-11-21,68.5,0.075
2008-11-22,69.0,0.0375
2008-11-23,69.0,0.625
2008-11-24,67.9,0.375
2008-11-25,67.7,2.825
2008-11-26,68.3,2.3875
2008-11-27,68.2,2.125
2008-11-28,67.0,1.2375
2008-11-29,68.2,0.7375
2008-11-30,68.4,0.325
2008-12-01,68.1,0.0
2008-12-02,68.9,0.0
2008-12-03,69.2,1.1
2008-12-04,69.6,2.075
2008-12-05,68.8,2.425
2008-12-06,69.1,3.1125
2008-12-07,69.0,1.9375
2008-12-08,68.5,0.5625
2008-12-09,68.7,0.15
2008-12-10,70.8,0.6625
2008-12-11,70.2,1.2125
2008-12-12,71.0,0.7
2008-12-13,69.7,0.4
2008-12-14,68.8,0.125
2008-12-15,68.9,0.575
2008-12-16,69.4,1.4625
2008-12-17,68.8,1.5375
2008-12-18,68.4,0.3375
2008-12-19,69.2,0.9125
2008-12-20,69.1,0.425
2008-12-21,68.4,0.2875
2008-12-22,67.7,0.9875
2008-12-23,68.6,2.5125
2008-12-24,69.4,1.8
2008-12-25,69.3,0.9125
2008-12-26,69.2,0.5
2008-12-27,69.4,0.3625
2008-12-28,69.8,0.45
2008-12-29,69.8,0.15
2008-12-30,68.5,0.1625
2008-12-31,69.3,2.775
2009-01-01,68.9,1.8875
2009-01-02,69.9,1.1
2009-01-03,69.5,2.3875
2009-01-04,68.8,1.2125
2009-01-05,69.2,1.25
2009-01-06,68.7,0.9125
2009-01-07,69.0,0.5
2009-01-08,68.7,0.7875
2009-01-09,69.7,1.3875
2009-01-10,70.9,1.1125
2009-01-11,70.0,0.2125
2009-01-12,69.3,0.0375
2009-01-13,70.5,1.125
2009-01-14,71.2,1.575
2009-01-15,71.1,1.6125
2009-01-16,70.8,0.9625
2009-01-17,71.9,0.65
2009-01-18,71.1,0.5375
2009-01-19,70.8,2.0
2009-01-20,70.4,0.9125
2009-01-21,69.4,0.8375
2009-01-22,69.0,0.275
2009-01-23,70.0,0.25
2009-01-24,68.8,0.325
2009-01-25,69.8,0.4625
2009-01-26,69.9,2.325
2009-01-27,69.7,0.95
2009-01-28,69.5,0.425
2009-01-29,69.3,0.9375
2009-01-30,69.1,0.85
2009-01-31,69.4,1.7875
2009-02-01,69.5,0.7375
2009-02-02,69.1,0.15
2009-02-03,69.3,0.75
2009-02-04,69.5,2.7125
2009-02-05,70.1,1.4625
2009-02-06,70.1,0.325
2009-02-07,71.1,0.4
2009-02-08,71.2,0.075
2009-02-09,70.7,0.4125
2009-02-10,67.6,0.3125
2009-02-11,70.3,0.8
2009-02-12,69.7,0.6875
2009-02-13,70.1,0.5
2009-02-14,70.1,3.0
2009-02-15,69.6,2.3875
2009-02-16,69.5,0.925
2009-02-17,70.6,0.1625
2009-02-18,69.8,0.7375
2009-02-19,68.9,0.2875
2009-02-20,69.2,1.125
2009-02-21,70.6,0.6625
2009-02-22,70.3,0.9375
2009-02-23,70.8,1.2875
2009-02-24,71.0,1.6125
2009-02-25,70.7,0.8375
2009-02-26,69.9,0.6375
2009-02-27,68.9,2.3375
2009-02-28,70.6,1.25
2009-03-01,69.4,0.625
2009-03-02,69.2,0.1125
2009-03-03,69.1,1.875
2009-03-04,69.7,1.8375
2009-03-05,69.2,0.7875
2009-03-06,69.1,0.4625
2009-03-07,69.1,0.225
2009-03-08,68.9,1.925
2009-03-09,68.1,0.2875
2009-03-10,68.8,0.875
2009-03-11,68.9,0.95
2009-03-12,68.7,1.725
2009-03-13,68.2,3.0875
2009-03-14,68.5,2.25
2009-03-15,68.4,1.925
2009-03-16,69.4,1.2625
2009-03-17,68.8,1.05
2009-03-18,68.4,0.35
2009-03-19,69.1,0.9625
2009-03-20,68.7,0.875
2009-03-21,70.1,1.8
2009-03-22,68.7,1.1375
2009-03-23,68.0,0.5
2009-03-24,69.1,1.8875
2009-03-25,68.5,1.8875
2009-03-26,69.1,1.6625
2009-03-27,71.6,1.125
2009-03-28,70.6,0.8375
2009-03-29,70.9,0.8875
2009-03-30,70.9,0.9875
2009-03-31,71.2,0.8
2009-04-01,70.8,0.875
2009-04-02,70.6,0.4375
2009-04-03,70.4,0.45
2009-04-04,70.1,0.1875
2009-04-05,70.4,1.0875
2009-04-06,68.8,0.7375
2009-04-07,70.2,0.5375
2009-04-08,70.0,1.475
2009-04-09,70.1,2.6125
2009-04-10,69.4,1.8625
2009-04-11,69.3,2.375
2009-04-12,69.3,1.7
2009-04-13,68.4,0.95
2009-04-14,69.4,0.5
2009-04-15,69.4,1.025
2009-04-16,69.9,1.3375
2009-04-17,69.8,1.3
2009-04-18,69.9,1.8875
2009-04-19,70.1,1.2
2009-04-20,69.8,1.0375
2009-04-21,71.0,1.0375
2009-04-22,71.1,0.9875
2009-04-23,70.6,0.3625
2009-04-24,69.7,1.6125
2009-04-25,69.4,1.0875
2009-04-26,69.2,0.7625
2009-04-27,67.7,0.7875
2009-04-28,68.8,0.55
2009-04-29,69.5,0.7
2009-04-30,69.4,0.5125
2009-05-01,68.5,0.7
2009-05-02,68.3,0.9125
2009-05-03,68.6,0.75
2009-05-04,68.0,0.6625
2009-05-05,68.0,0.4625
2009-05-06,68.7,1.6375
2009-05-07,69.5,1.675
2009-05-08,70.8,2.3375
2009-05-09,72.3,1.3375
2009-05-10,71.8,0.925
2009-05-11,71.9,1.0
2009-05-12,73.9,0.2
2009-05-13,73.8,0.525
2009-05-14,73.9,1.9125
2009-05-15,73.7,0.5
2009-05-16,74.2,0.95
2009-05-17,74.0,0.2875
2009-05-18,72.9,0.7
2009-05-19,72.3,0.725
2009-05-20,71.5,1.2625
2009-05-21,71.8,0.925
2009-05-22,72.1,1.2125
2009-05-23,70.4,0.9
2009-05-24,69.2,0.875
2009-05-25,68.9,0.3125
2009-05-26,68.1,0.5375
2009-05-27,66.7,0.2375
2009-05-28,67.7,1.275
2009-05-29,68.2,1.1125
2009-05-30,68.5,0.65
2009-05-31,68.5,0.7375
2009-06-01,72.5,0.3625
2009-06-02,71.9,0.5
2009-06-03,72.5,1.075
2009-06-04,71.0,1.175
2009-06-05,70.1,1.1875
2009-06-06,69.0,0.7625
2009-06-07,68.9,1.1
2009-06-08,69.0,0.6375
2009-06-09,69.1,0.3875
2009-06-10,69.2,0.7625
2009-06-11,69.3,0.5375
2009-06-12,69.0,0.1875
2009-06-13,68.2,0.7
2009-06-14,68.1,1.225
2009-06-15,67.4,0.675
2009-06-16,68.3,0.575
2009-06-17,67.8,0.375
2009-06-18,67.7,0.7125
2009-06-19,67.0,0.3875
2009-06-20,66.7,1.125
2009-06-21,67.0,1.475
2009-06-22,68.0,0.4875
2009-06-23,67.9,0.9125
2009-06-24,66.8,2.8
2009-06-25,68.0,1.525
2009-06-26,66.8,0.625
2009-06-27,67.0,1.0875
2009-06-28,67.0,2.0875
2009-06-29,68.5,1.625
2009-06-30,68.2,0.9625
2009-07-01,67.5,0.6125
2009-07-02,66.5,0.3625
2009-07-03,67.3,0.7125
2009-07-04,71.0,0.7125
2009-07-05,71.6,1.2
2009-07-06,68.9,0.7875
2009-07-07,71.3,0.8875
2009-07-08,70.8,0.9625
2009-07-09,69.1,1.4125
2009-07-10,67.8,1.6625
2009-07-11,68.2,0.775
2009-07-12,68.0,0.7125
2009-07-13,67.2,1.75
2009-07-14,66.6,1.75
2009-07-15,66.5,0.95
2009-07-16,66.7,0.4
2009-07-17,66.2,0.1125
2009-07-18,67.0,0.2875
2009-07-19,67.6,0.15
2009-07-20,68.2,1.15
2009-07-21,67.7,0.8875
2009-07-22,67.8,3.125
2009-07-23,67.8,1.825
2009-07-24,68.3,1.4125
2009-07-25,69.1,1.075
2009-07-26,67.6,0.4125
2009-07-27,68.4,0.6875
2009-07-28,68.7,0.8375
2009-07-29,68.3,0.4625
2009-07-30,68.0,0.775
2009-07-31,68.7,1.05
2009-08-01,68.1,0.75
2009-08-02,68.1,0.6
2009-08-03,67.4,1.5875
2009-08-04,65.8,0.8
2009-08-05,66.2,1.325
2009-08-06,66.8,2.2375
2009-08-07,67.8,1.725
2009-08-08,67.0,0.7
2009-08-09,67.2,1.5
2009-08-10,67.1,0.75
2009-08-11,66.6,0.6125
2009-08-12,66.5,1.0125
2009-08-13,67.2,0.875
2009-08-14,67.6,0.4875
2009-08-15,68.1,0.2875
2009-08-16,68.8,0.3125
2009-08-17,68.1,0.4125
2009-08-18,67.4,0.5875
2009-08-19,67.1,1.7875
2009-08-20,67.6,2.175
2009-08-21,66.4,1.8
2009-08-22,66.6,1.125
2009-08-23,67.3,1.0375
2009-08-24,67.6,0.3125
2009-08-25,67.1,0.5
2009-08-26,67.3,0.825
2009-08-27,67.7,1.375
2009-08-28,67.9,0.4
2009-08-29,68.0,0.3625
2009-08-30,67.2,3.0375
2009-08-31,68.3,1.4
2009-09-01,69.1,0.7
2009-09-02,68.2,0.7125
2009-09-03,68.6,1.2
2009-09-04,68.4,1.6625
2009-09-05,68.5,0.5375
2009-09-06,69.2,0.85
2009-09-07,68.8,0.5
2009-09-08,68.9,0.425
2009-09-09,69.2,0.45
2009-09-10,69.3,0.5
2009-09-11,69.3,0.8
2009-09-12,69.0,0.4625
2009-09-13,69.1,1.2875
2009-09-14,69.0,1.2875
2009-09-15,69.2,1.3
2009-09-16,68.8,1.175
2009-09-17,69.1,1.5375
2009-09-18,69.0,0.5375
2009-09-19,70.5,0.325
2009-09-20,71.3,1.0875
2009-09-21,71.9,1.5875
2009-09-22,74.7,0.625
2009-09-23,76.1,0.0375
2009-09-24,74.6,0.25
2009-09-25,72.4,0.325
2009-09-26,71.8,0.7125
2009-09-27,72.3,1.575
2009-09-28,73.2,1.825
2009-09-29,72.3,0.1875
2009-09-30,72.0,1.3
2009-10-01,72.0,0.4375
2009-10-02,71.6,0.2875
2009-10-03,71.6,0.1625
2009-10-04,71.1,1.0375
2009-10-05,69.9,0.5875
2009-10-06,68.9,0.325
2009-10-07,68.5,0.325
2009-10-08,68.8,0.4125
2009-10-09,69.2,0.375
2009-10-10,70.0,0.125
2009-10-11,70.4,1.7375
2009-10-12,70.1,0.2875
2009-10-13,69.8,0.675
2009-10-14,70.9,0.1125
2009-10-15,70.4,1.25
2009-10-16,69.6,0.7
2009-10-17,70.7,0.125
2009-10-18,70.1,0.2
2009-10-19,70.9,0.375
2009-10-20,71.0,0.0875
2009-10-21,71.3,0.2375
2009-10-22,71.6,2.725
2009-10-23,72.9,1.925
2009-10-24,75.6,1.75
2009-10-25,75.5,1.275
2009-10-26,81.3,0.875
2009-10-27,81.5,0.6625
2009-10-28,79.9,0.5625
2009-10-29,76.7,1.25
2009-10-30,75.2,1.8875
2009-10-31,75.1,0.4875
2009-11-01,72.3,0.6375
2009-11-02,71.4,0.6125
2009-11-03,71.5,0.075
2009-11-04,71.4,0.0875
2009-11-05,70.5,0.1125
2009-11-06,70.9,0.0
2009-11-07,70.6,0.125
2009-11-08,70.9,1.7875
2009-11-09,72.1,1.0
2009-11-10,72.8,0.2
2009-11-11,72.4,0.0875
2009-11-12,73.2,0.125
2009-11-13,74.1,0.4
2009-11-14,74.8,1.4625
2009-11-15,75.1,1.325
2009-11-16,76.2,0.0875
2009-11-17,77.2,0.3
2009-11-18,76.1,0.375
2009-11-19,76.7,0.4875
2009-11-20,76.2,0.575
2009-11-21,75.8,1.9125
2009-11-22,76.3,1.175
2009-11-23,75.7,0.0375
2009-11-24,74.7,1.6375
2009-11-25,74.2,1.375
2009-11-26,74.7,1.45
2009-11-27,73.7,0.3625
2009-11-28,72.9,0.4875
2009-11-29,72.1,0.0375
2009-11-30,72.4,0.1125
2009-12-01,72.2,0.0
2009-12-02,71.4,0.15
2009-12-03,71.6,0.0
2009-12-04,71.5,0.0
2009-12-05,71.7,0.925
2009-12-06,71.9,0.7
2009-12-07,71.1,0.6875
2009-12-08,72.2,0.075
2009-12-09,73.0,0.0375
2009-12-10,73.9,0.1875
2009-12-11,72.1,0.0
2009-12-12,74.5,0.5
2009-12-13,75.5,0.5125
2009-12-14,78.6,1.2875
2009-12-15,81.6,0.2875
2009-12-16,83.2,1.225
2009-12-17,86.9,0.5375
2009-12-18,84.2,0.6625
2009-12-19,81.7,0.2875
2009-12-20,83.7,0.4625
2009-12-21,82.7,0.625
2009-12-22,82.2,0.6125
2009-12-23,78.4,0.8375
2009-12-24,77.1,0.45
2009-12-25,76.0,0.8625
2009-12-26,75.9,0.9625
2009-12-27,76.8,0.525
2009-12-28,75.8,0.2125
2009-12-29,75.1,0.0375
2009-12-30,76.9,0.0
2009-12-31,79.9,0.0375
2010-01-01,75.2,0.125
2010-01-02,78.0,0.1875
2010-01-03,76.4,0.875
2010-01-04,73.0,0.4
2010-01-05,76.8,0.25
2010-01-06,77.3,0.2
2010-01-07,78.1,0.0875
2010-01-08,77.4,0.1625
2010-01-09,81.7,0.15
2010-01-10,84.4,0.675
2010-01-11,89.2,1.625
2010-01-12,93.3,0.9625
2010-01-13,90.5,1.7
2010-01-14,89.9,1.0875
2010-01-15,85.3,0.9375
2010-01-16,84.2,0.2
2010-01-17,82.6,0.1125
2010-01-18,81.5,0.625
2010-01-19,84.2,0.2
2010-01-20,81.7,2.0875
2010-01-21,82.6,1.2
2010-01-22,82.4,0.7625
2010-01-23,84.6,1.2375
2010-01-24,84.6,1.075
2010-01-25,81.2,0.7375
2010-01-26,79.8,0.7375
2010-01-27,77.8,0.1625
2010-01-28,76.3,0.7
2010-01-29,73.3,0.3
2010-01-30,75.0,1.325
2010-01-31,75.3,1.0375
2010-02-01,75.3,1.975
2010-02-02,75.2,2.0875
2010-02-03,74.4,2.1875
2010-02-04,73.9,0.6125
2010-02-05,77.8,0.45
2010-02-06,87.5,1.0375
2010-02-07,90.3,0.75
2010-02-08,93.7,1.0375
2010-02-09,91.4,0.575
2010-02-10,91.3,0.7125
2010-02-11,94.2,1.375
2010-02-12,95.5,1.425
2010-02-13,94.1,0.9875
2010-02-14,89.4,0.875
2010-02-15,87.6,2.625
2010-02-16,86.8,1.9875
2010-02-17,86.9,1.2375
2010-02-18,85.0,1.1125
2010-02-19,83.7,1.05
2010-02-20,83.8,0.1625
2010-02-21,83.5,0.3
2010-02-22,83.7,1.1625
2010-02-23,84.2,0.5625
2010-02-24,82.6,0.7875
2010-02-25,82.7,0.7875
2010-02-26,80.5,0.4125
2010-02-27,78.6,0.25
2010-02-28,78.1,0.5
2010-03-01,77.9,1.2875
2010-03-02,79.4,0.9875
2010-03-03,80.4,1.95
2010-03-04,81.3,1.675
2010-03-05,79.5,0.8
2010-03-06,78.3,0.8375
2010-03-07,76.6,1.0875
2010-03-08,76.3,0.625
2010-03-09,77.9,0.5375
2010-03-10,80.3,1.9625
2010-03-11,84.2,2.0625
2010-03-12,89.6,2.125
2010-03-13,91.8,0.7
2010-03-14,89.4,1.425
2010-03-15,86.4,0.525
2010-03-16,85.2,0.875
2010-03-17,86.7,1.4625
2010-03-18,85.8,1.3
2010-03-19,84.4,0.8
2010-03-20,83.5,1.6375
2010-03-21,84.8,0.2375
2010-03-22,82.5,0.0375
2010-03-23,83.9,0.2
2010-03-24,84.4,0.825
2010-03-25,87.6,1.4625
2010-03-26,85.9,0.875
2010-03-27,88.1,0.7875
2010-03-28,86.0,1.4125
2010-03-29,83.2,1.075
2010-03-30,82.8,1.6
2010-03-31,81.0,1.2625
2010-04-01,79.2,2.5375
2010-04-02,76.2,2.7625
2010-04-03,77.4,2.075
2010-04-04,78.7,2.625
2010-04-05,79.3,4.75
2010-04-06,77.5,4.8375
2010-04-07,76.3,3.575
2010-04-08,75.7,2.4
2010-04-09,76.0,1.4625
2010-04-10,75.0,0.575
2010-04-11,74.6,2.1375
2010-04-12,74.5,2.7875
2010-04-13,74.9,0.625
2010-04-14,75.1,1.6625
2010-04-15,74.5,1.575
2010-04-16,74.8,0.6875
2010-04-17,73.9,0.675
2010-04-18,74.7,0.575
2010-04-19,75.4,1.175
2010-04-20,75.6,1.075
2010-04-21,76.1,1.5
2010-04-22,76.1,1.3375
2010-04-23,75.0,1.85
2010-04-24,74.2,1.35
2010-04-25,75.4,0.5625
2010-04-26,76.0,0.275
2010-04-27,74.8,1.075
2010-04-28,76.1,0.7875
2010-04-29,76.2,1.2
2010-04-30,78.6,0.725
2010-05-01,77.8,0.6125
2010-05-02,79.5,3.6625
2010-05-03,80.3,3.7125
2010-05-04,81.7,2.3375
2010-05-05,83.2,1.8
2010-05-06,79.1,2.0625
2010-05-07,79.0,2.075
2010-05-08,78.8,1.375
2010-05-09,75.4,0.45
2010-05-10,73.6,0.9625
2010-05-11,73.5,1.5
2010-05-12,71.2,1.3
2010-05-13,69.4,0.575
2010-05-14,69.7,0.575
2010-05-15,70.3,0.525
2010-05-16,68.5,0.775
2010-05-17,69.2,1.375
2010-05-18,68.7,1.3375
2010-05-19,68.6,1.6875
2010-05-20,68.8,2.2875
2010-05-21,70.9,1.0125
2010-05-22,72.5,0.6
2010-05-23,74.5,0.075
2010-05-24,72.6,0.2375
2010-05-25,73.2,1.1625
2010-05-26,72.4,1.2
2010-05-27,72.7,0.475
2010-05-28,73.2,2.4125
2010-05-29,73.7,3.9125
2010-05-30,73.0,3.3375
2010-05-31,72.0,3.0125
2010-06-01,72.7,2.375
2010-06-02,74.0,1.625
2010-06-03,74.6,2.25
2010-06-04,71.9,2.4625
2010-06-05,70.3,1.1875
2010-06-06,68.0,1.375
2010-06-07,68.5,1.175
2010-06-08,71.9,0.625
2010-06-09,71.5,0.85
2010-06-10,72.9,1.375
2010-06-11,74.6,0.9625
2010-06-12,76.2,0.3875
2010-06-13,76.3,1.4375
2010-06-14,72.8,0.9625
2010-06-15,70.1,1.8625
2010-06-16,71.6,3.2375
2010-06-17,70.4,1.925
2010-06-18,70.5,1.225
2010-06-19,68.9,0.675
2010-06-20,70.0,0.575
2010-06-21,72.0,1.0375
2010-06-22,73.3,1.125
2010-06-23,74.0,0.7875
2010-06-24,74.4,1.025
2010-06-25,74.5,1.6625
2010-06-26,74.5,2.7
2010-06-27,72.9,2.675
2010-06-28,73.9,1.675
2010-06-29,73.6,2.1625
2010-06-30,73.8,3.0375
2010-07-01,73.0,2.375
2010-07-02,73.4,2.0125
2010-07-03,72.4,1.5875
2010-07-04,71.6,1.05
2010-07-05,72.7,0.675
2010-07-06,72.7,0.45
2010-07-07,74.1,0.375
2010-07-08,75.6,0.475
2010-07-09,80.0,1.1375
2010-07-10,79.9,0.1875
2010-07-11,82.6,0.925
2010-07-12,80.0,0.775
2010-07-13,78.5,0.4125
2010-07-14,77.7,1.875
2010-07-15,75.9,1.8375
2010-07-16,76.6,0.65
2010-07-17,78.7,0.225
2010-07-18,76.9,0.325
2010-07-19,79.8,0.625
2010-07-20,87.0,1.175
2010-07-21,89.1,1.0875
2010-07-22,87.7,0.9625
2010-07-23,86.4,1.8375
2010-07-24,85.2,1.0875
2010-07-25,85.2,1.4
2010-07-26,84.4,1.3375
2010-07-27,82.6,3.3375
2010-07-28,85.3,2.5
2010-07-29,84.6,1.625
2010-07-30,83.2,1.625
2010-07-31,81.5,1.325
2010-08-01,79.7,0.9125
2010-08-02,79.1,1.425
2010-08-03,80.6,2.9125
2010-08-04,80.8,4.75
2010-08-05,82.7,1.8
2010-08-06,82.0,1.3125
2010-08-07,90.5,0.875
2010-08-08,82.6,0.75
2010-08-09,84.1,2.1625
2010-08-10,83.5,1.5875
2010-08-11,85.8,1.6625
2010-08-12,83.8,0.975
2010-08-13,83.7,0.65
2010-08-14,85.2,0.625
2010-08-15,85.6,1.3625
2010-08-16,84.7,1.2125
2010-08-17,81.1,1.05
2010-08-18,79.8,0.975
2010-08-19,77.9,0.7375
2010-08-20,77.1,0.4875
2010-08-21,75.5,0.475
2010-08-22,74.6,0.1875
2010-08-23,74.9,1.0625
2010-08-24,73.6,3.425
2010-08-25,73.5,3.0875
2010-08-26,73.4,2.2625
2010-08-27,73.2,2.7375
2010-08-28,71.9,1.8875
2010-08-29,73.9,0.45
2010-08-30,75.0,0.15
2010-08-31,74.6,0.625
2010-09-01,76.3,1.025
2010-09-02,77.0,1.5875
2010-09-03,77.2,0.4125
2010-09-04,82.2,0.275
2010-09-05,82.1,0.75
2010-09-06,79.7,1.9625
2010-09-07,76.2,2.3875
2010-09-08,74.5,2.375
2010-09-09,73.7,1.2
2010-09-10,75.3,0.45
2010-09-11,78.0,0.1125
2010-09-12,78.3,0.2375
2010-09-13,79.5,0.4625
2010-09-14,80.7,2.0
2010-09-15,81.2,1.3625
2010-09-16,82.5,1.375
2010-09-17,82.2,1.9625
2010-09-18,82.1,1.05
2010-09-19,81.2,0.8125
2010-09-20,82.6,0.8875
2010-09-21,84.6,1.05
2010-09-22,84.8,0.4
2010-09-23,84.3,1.575
2010-09-24,82.6,2.925
2010-09-25,82.9,1.7
2010-09-26,83.9,1.625
2010-09-27,83.0,1.5125
2010-09-28,83.2,2.25
2010-09-29,90.7,0.8875
2010-09-30,89.9,0.325
2010-10-01,86.7,0.2875
2010-10-02,85.0,0.0
2010-10-03,80.0,0.3375
2010-10-04,76.1,0.3375
2010-10-05,75.4,1.375
2010-10-06,74.2,1.275
2010-10-07,75.1,0.75
2010-10-08,74.9,1.0875
2010-10-09,76.4,1.0375
2010-10-10,75.9,0.7125
2010-10-11,75.3,3.1625
2010-10-12,75.2,2.3
2010-10-13,78.1,1.0875
2010-10-14,80.4,0.1625
2010-10-15,82.2,1.3
2010-10-16,86.9,1.6375
2010-10-17,83.6,2.2875
2010-10-18,90.6,1.2125
2010-10-19,86.6,1.625
2010-10-20,83.9,1.15
2010-10-21,83.5,0.675
2010-10-22,82.2,1.325
2010-10-23,84.3,3.85
2010-10-24,82.1,3.1625
2010-10-25,86.2,1.8375
2010-10-26,86.1,2.0875
2010-10-27,87.6,1.1375
2010-10-28,86.4,0.825
2010-10-29,85.7,0.8
2010-10-30,84.8,0.4625
2010-10-31,81.2,1.0875
2010-11-01,79.1,0.725
2010-11-02,78.9,0.5125
2010-11-03,78.5,1.225
2010-11-04,79.2,0.8
2010-11-05,83.0,0.5875
2010-11-06,88.6,0.25
2010-11-07,85.0,0.4125
2010-11-08,83.7,0.9625
2010-11-09,84.1,0.4875
2010-11-10,85.6,0.7875
2010-11-11,84.5,2.9875
2010-11-12,85.4,3.05
2010-11-13,85.4,1.675
2010-11-14,86.4,1.8
2010-11-15,90.8,1.9125
2010-11-16,91.8,1.7125
2010-11-17,91.2,1.1375
2010-11-18,86.5,1.4625
2010-11-19,84.0,0.5
2010-11-20,79.8,0.575
2010-11-21,77.6,1.025
2010-11-22,74.8,1.5375
2010-11-23,75.3,2.2
2010-11-24,75.8,1.5875
2010-11-25,77.9,0.8625
2010-11-26,76.2,0.2375
2010-11-27,76.5,1.5125
2010-11-28,80.1,2.0875
2010-11-29,82.5,0.9
2010-11-30,86.4,0.8875
2010-12-01,86.5,0.525
2010-12-02,86.5,0.5375
2010-12-03,86.8,0.1625
2010-12-04,87.4,0.2875
2010-12-05,87.9,0.2125
2010-12-06,88.5,0.6625
2010-12-07,87.1,1.2875
2010-12-08,87.2,1.625
2010-12-09,86.8,0.2375
2010-12-10,88.4,0.1125
2010-12-11,86.9,0.1875
2010-12-12,89.4,1.0375
2010-12-13,87.7,2.1
2010-12-14,90.3,3.0375
2010-12-15,86.9,2.05
2010-12-16,84.1,1.5375
2010-12-17,81.6,1.125
2010-12-18,80.5,0.875
2010-12-19,80.9,0.575
2010-12-20,77.9,2.375
2010-12-21,77.9,0.5
2010-12-22,77.7,0.1125
2010-12-23,80.1,0.1625
2010-12-24,78.6,0.75
2010-12-25,79.4,1.375
2010-12-26,80.5,0.7875
2010-12-27,80.1,0.45
2010-12-28,80.7,1.8
2010-12-29,82.6,1.05
2010-12-30,82.9,1.075
2010-12-31,90.9,0.9625
2011-01-01,91.0,0.9625
2011-01-02,91.1,1.125
2011-01-03,92.1,1.25
2011-01-04,90.6,1.425
2011-01-05,87.7,0.55
2011-01-06,86.8,1.1875
2011-01-07,86.4,2.825
2011-01-08,84.8,2.125
2011-01-09,82.7,1.7875
2011-01-10,83.3,1.55
2011-01-11,82.6,1.8
2011-01-12,80.0,1.675
2011-01-13,79.5,1.9125
2011-01-14,79.3,2.2875
2011-01-15,80.2,1.2875
2011-01-16,80.3,1.2375
2011-01-17,81.8,1.6125
2011-01-18,81.0,1.1625
2011-01-19,80.8,2.125
2011-01-20,82.3,1.225
2011-01-21,87.5,0.7875
2011-01-22,87.7,0.9125
2011-01-23,84.3,0.4625
2011-01-24,82.5,1.1625
2011-01-25,80.5,1.45
2011-01-26,80.0,0.875
2011-01-27,80.5,0.6625
2011-01-28,80.6,1.25
2011-01-29,81.4,1.0125
2011-01-30,82.6,0.15
2011-01-31,81.3,1.075
2011-02-01,79.9,2.3375
2011-02-02,79.2,1.575
2011-02-03,80.4,0.275
2011-02-04,82.1,3.0
2011-02-05,81.0,2.875
2011-02-06,80.2,2.6375
2011-02-07,82.3,1.0125
2011-02-08,89.7,1.1625
2011-02-09,88.7,0.275
2011-02-10,91.4,1.075
2011-02-11,91.2,1.2625
2011-02-12,95.6,1.0875
2011-02-13,106.8,0.4125
2011-02-14,112.6,1.7
2011-02-15,112.8,1.8125
2011-02-16,114.1,0.7375
2011-02-17,110.9,0.5375
2011-02-18,124.8,3.3375
2011-02-19,109.4,1.6
2011-02-20,104.6,2.125
2011-02-21,96.7,2.0
2011-02-22,90.9,0.5
2011-02-23,89.3,0.55
2011-02-24,88.9,0.3375
2011-02-25,88.2,0.575
2011-02-26,90.2,0.75
2011-02-27,90.4,0.425
2011-02-28,95.8,0.55
2011-03-01,110.5,3.7125
2011-03-02,113.4,3.25
2011-03-03,120.9,3.1375
2011-03-04,126.8,2.725
2011-03-05,134.6,1.5375
2011-03-06,142.5,1.4
2011-03-07,938.6,2.175
2011-03-08,166.7,1.3
2011-03-09,143.1,1.175
2011-03-10,131.3,3.2125
2011-03-11,123.1,4.1625
2011-03-12,120.7,2.6875
2011-03-13,112.9,1.6125
2011-03-14,107.4,0.675
2011-03-15,101.5,0.15
2011-03-16,104.9,0.25
2011-03-17,90.1,1.125
2011-03-18,87.6,0.525
2011-03-19,88.8,0.975
2011-03-20,92.0,1.3375
2011-03-21,101.0,1.125
2011-03-22,99.8,1.6125
2011-03-23,104.6,2.6625
2011-03-24,107.6,1.0125
2011-03-25,112.6,0.8375
2011-03-26,114.5,0.15
2011-03-27,115.6,0.325
2011-03-28,118.5,0.6
2011-03-29,116.2,0.65
2011-03-30,117.6,0.8625
2011-03-31,113.3,0.7125
2011-04-01,108.9,2.325
2011-04-02,107.5,3.3625
2011-04-03,114.0,3.125
2011-04-04,112.7,1.5125
2011-04-05,109.2,1.4625
2011-04-06,117.1,3.6
2011-04-07,112.3,1.0875
2011-04-08,108.7,2.125
2011-04-09,105.0,1.4625
2011-04-10,104.8,0.5875
2011-04-11,105.8,1.725
2011-04-12,110.3,3.4125
2011-04-13,117.8,2.3375
2011-04-14,118.7,1.0125
2011-04-15,129.4,1.0875
2011-04-16,119.2,0.75
2011-04-17,114.4,0.8
2011-04-18,111.0,1.875
2011-04-19,110.9,1.0875
2011-04-20,117.0,2.5625
2011-04-21,113.0,1.1
2011-04-22,114.8,1.4125
2011-04-23,119.1,0.7875
2011-04-24,117.2,1.4125
2011-04-25,112.1,0.9625
2011-04-26,109.4,0.375
2011-04-27,107.9,0.2
2011-04-28,110.4,0.5625
2011-04-29,109.6,2.0
2011-04-30,109.5,3.875
2011-05-01,106.1,3.1375
2011-05-02,109.8,3.4
2011-05-03,107.0,2.75
2011-05-04,106.9,1.2125
2011-05-05,104.9,1.7125
2011-05-06,101.9,0.7125
2011-05-07,102.2,1.2625
2011-05-08,102.2,0.4
2011-05-09,103.7,0.525
2011-05-10,97.5,2.2875
2011-05-11,94.1,1.175
2011-05-12,92.8,0.4375
2011-05-13,91.5,0.8125
2011-05-14,91.4,0.825
2011-05-15,94.5,2.3
2011-05-16,92.2,2.6625
2011-05-17,91.5,2.1625
2011-05-18,90.6,1.35
2011-05-19,84.4,0.775
2011-05-20,83.7,0.4125
2011-05-21,83.6,1.05
2011-05-22,84.5,1.0375
2011-05-23,84.1,0.925
2011-05-24,81.7,1.45
2011-05-25,80.3,0.6125
2011-05-26,82.7,1.5375
2011-05-27,89.9,2.3
2011-05-28,100.5,4.1625
2011-05-29,110.8,4.2875
2011-05-30,111.9,2.125
2011-05-31,112.0,2.75
2011-06-01,113.6,2.25
2011-06-02,111.6,1.8
2011-06-03,107.1,0.8
2011-06-04,102.8,1.5375
2011-06-05,102.9,3.4125
2011-06-06,100.2,1.45
2011-06-07,96.4,1.5875
2011-06-08,90.2,2.2125
2011-06-09,87.5,2.05
2011-06-10,86.7,1.9875
2011-06-11,84.5,2.325
2011-06-12,84.6,1.675
2011-06-13,86.6,1.9875
2011-06-14,99.3,1.7875
2011-06-15,101.5,1.725
2011-06-16,103.3,1.1
2011-06-17,104.3,1.9625
2011-06-18,99.2,0.975
2011-06-19,99.1,0.825
2011-06-20,96.4,1.7125
2011-06-21,95.1,2.25
2011-06-22,92.9,2.5
2011-06-23,96.3,3.25
2011-06-24,96.2,2.5
2011-06-25,93.6,1.5375
2011-06-26,90.1,1.6625
2011-06-27,89.2,0.925
2011-06-28,86.9,0.6125
2011-06-29,87.3,0.4125
2011-06-30,89.2,1.175
2011-07-01,87.6,2.6625
2011-07-02,85.6,1.075
2011-07-03,86.2,1.5
2011-07-04,85.0,2.1625
2011-07-05,84.8,2.1625
2011-07-06,84.6,1.9625
2011-07-07,85.5,1.625
2011-07-08,85.8,1.475
2011-07-09,85.6,2.2375
2011-07-10,90.7,2.25
2011-07-11,90.1,2.575
2011-07-12,91.7,1.875
2011-07-13,94.6,1.6125
2011-07-14,94.1,1.8125
2011-07-15,93.8,1.0875
2011-07-16,93.8,0.8875
2011-07-17,103.6,1.0
2011-07-18,102.0,1.5375
2011-07-19,100.3,2.6375
2011-07-20,100.1,3.2875
2011-07-21,96.0,2.6
2011-07-22,92.4,2.4125
2011-07-23,88.2,1.725
2011-07-24,86.2,0.9125
2011-07-25,87.0,2.4125
2011-07-26,93.5,1.425
2011-07-27,99.3,0.575
2011-07-28,107.3,0.65
2011-07-29,111.7,0.9
2011-07-30,112.7,2.55
2011-07-31,118.6,2.1625
2011-08-01,124.9,1.475
2011-08-02,121.6,0.7125
2011-08-03,119.9,0.625
2011-08-04,116.3,0.775
2011-08-05,109.4,2.9125
2011-08-06,110.0,3.7875
2011-08-07,105.4,1.65
2011-08-08,101.5,1.775
2011-08-09,97.5,1.8125
2011-08-10,90.3,1.475
2011-08-11,84.2,1.0125
2011-08-12,83.4,0.9625
2011-08-13,83.1,0.8375
2011-08-14,88.1,2.1125
2011-08-15,90.4,2.3375
2011-08-16,93.0,1.825
2011-08-17,97.5,1.475
2011-08-18,97.8,0.45
2011-08-19,98.2,0.45
2011-08-20,100.5,1.25
2011-08-21,100.9,0.7125
2011-08-22,108.2,1.55
2011-08-23,103.7,1.95
2011-08-24,104.1,1.575
2011-08-25,104.2,1.125
2011-08-26,104.6,0.8125
2011-08-27,103.8,1.2125
2011-08-28,101.0,1.4125
2011-08-29,101.2,1.9625
2011-08-30,101.3,0.825
2011-08-31,109.0,0.2375
2011-09-01,111.8,0.525
2011-09-02,115.4,0.7875
2011-09-03,118.7,2.5
2011-09-04,119.4,1.9625
2011-09-05,118.7,1.4125
2011-09-06,111.5,1.7
2011-09-07,112.8,1.3375
2011-09-08,110.1,0.5375
2011-09-09,111.8,3.05
2011-09-10,116.2,4.525
2011-09-11,121.3,2.375
2011-09-12,123.9,3.975
2011-09-13,129.4,2.9875
2011-09-14,142.6,1.2
2011-09-15,140.7,1.5375
2011-09-16,143.1,0.7125
2011-09-17,144.8,3.8625
2011-09-18,150.1,1.3
2011-09-19,140.9,0.45
2011-09-20,144.3,1.5125
2011-09-21,144.2,1.0375
2011-09-22,150.8,0.95
2011-09-23,158.2,0.4125
2011-09-24,190.4,0.9125
2011-09-25,168.8,1.125
2011-09-26,148.2,3.3625
2011-09-27,139.0,4.0125
2011-09-28,133.4,3.1625
2011-09-29,136.6,3.3125
2011-09-30,138.1,1.375
2011-10-01,136.9,2.9125
2011-10-02,130.9,2.7125
2011-10-03,128.9,1.1125
2011-10-04,130.3,1.375
2011-10-05,126.7,2.925
2011-10-06,123.9,1.7875
2011-10-07,122.0,1.175
2011-10-08,118.4,1.7125
2011-10-09,121.0,2.3
2011-10-10,126.4,0.575
2011-10-11,130.1,0.7875
2011-10-12,134.1,1.3375
2011-10-13,137.6,0.75
2011-10-14,136.1,0.325
2011-10-15,137.7,1.7
2011-10-16,151.0,1.75
2011-10-17,152.6,0.925
2011-10-18,146.8,0.9875
2011-10-19,147.3,1.425
2011-10-20,159.1,1.125
2011-10-21,167.8,0.95
2011-10-22,164.1,0.2875
2011-10-23,155.5,0.5125
2011-10-24,145.3,2.25
2011-10-25,138.8,3.4625
2011-10-26,132.2,0.9625
2011-10-27,131.5,1.0375
2011-10-28,133.9,0.0375
2011-10-29,123.0,0.0375
2011-10-30,126.7,1.4125
2011-10-31,138.1,2.125
2011-11-01,138.6,3.3
2011-11-02,153.6,2.0625
2011-11-03,160.4,0.75
2011-11-04,163.9,0.7875
2011-11-05,171.9,0.7625
2011-11-06,176.7,0.675
2011-11-07,182.1,1.05
2011-11-08,181.0,1.775
2011-11-09,180.2,0.25
2011-11-10,178.6,0.6625
2011-11-11,173.9,0.7625
2011-11-12,168.8,0.7375
2011-11-13,155.3,0.3625
2011-11-14,161.1,0.15
2011-11-15,148.3,1.45
2011-11-16,142.3,0.75
2011-11-17,147.7,0.925
2011-11-18,144.4,0.5875
2011-11-19,139.6,0.0375
2011-11-20,139.9,0.2625
2011-11-21,141.1,1.125
2011-11-22,142.4,1.7125
2011-11-23,140.0,1.6625
2011-11-24,137.2,1.7625
2011-11-25,135.2,1.0625
2011-11-26,132.8,0.8875
2011-11-27,135.2,1.5875
2011-11-28,137.6,0.65
2011-11-29,140.6,2.45
2011-11-30,144.0,2.3625
2011-12-01,152.2,1.675
2011-12-02,157.3,1.2
2011-12-03,164.1,2.175
2011-12-04,163.6,1.0
2011-12-05,158.1,0.4875
2011-12-06,151.1,0.1625
2011-12-07,148.9,0.2
2011-12-08,144.8,0.3625
2011-12-09,143.5,0.9625
2011-12-10,140.0,2.05
2011-12-11,134.3,1.7625
2011-12-12,131.5,1.55
2011-12-13,133.1,1.175
2011-12-14,132.0,0.5625
2011-12-15,124.2,0.1625
2011-12-16,121.0,0.0375
2011-12-17,119.6,0.125
2011-12-18,127.4,0.375
2011-12-19,128.2,1.7125
2011-12-20,137.4,1.375
2011-12-21,144.5,1.425
2011-12-22,145.8,0.95
2011-12-23,138.2,0.2625
2011-12-24,142.8,0.4625
2011-12-25,144.3,0.6625
2011-12-26,145.6,0.1125
2011-12-27,140.3,0.0
2011-12-28,144.8,1.0
2011-12-29,147.1,2.0
2011-12-30,141.1,1.625
2011-12-31,132.9,1.45
2012-01-01,133.8,1.175
2012-01-02,134.7,0.9
2012-01-03,134.6,1.875
2012-01-04,136.2,0.4625
2012-01-05,141.3,1.1875
2012-01-06,135.5,1.5125
2012-01-07,140.5,1.55
2012-01-08,135.8,1.075
2012-01-09,142.3,1.9125
2012-01-10,128.8,1.3
2012-01-11,120.1,1.5625
2012-01-12,116.8,1.4375
2012-01-13,124.1,1.5375
2012-01-14,132.3,0.325
2012-01-15,133.5,0.95
2012-01-16,139.7,2.0625
2012-01-17,139.0,1.425
2012-01-18,148.1,0.875
2012-01-19,157.0,0.4875
2012-01-20,141.2,0.9875
2012-01-21,141.6,1.7875
2012-01-22,141.0,3.425
2012-01-23,144.3,1.7625
2012-01-24,135.7,2.95
2012-01-25,126.4,2.95
2012-01-26,128.2,1.825
2012-01-27,141.7,1.75
2012-01-28,114.5,1.5
2012-01-29,109.8,1.5
2012-01-30,114.4,1.3875
2012-01-31,116.5,0.7
2012-02-01,117.5,1.4125
2012-02-02,118.0,1.1625
2012-02-03,111.1,1.4875
2012-02-04,107.0,2.3375
2012-02-05,102.7,2.0625
2012-02-06,112.0,1.7375
2012-02-07,107.2,2.875
2012-02-08,97.2,2.375
2012-02-09,99.2,1.3875
2012-02-10,110.8,1.25
2012-02-11,112.3,1.075
2012-02-12,110.4,0.9625
2012-02-13,108.4,2.25
2012-02-14,107.4,2.6
2012-02-15,104.6,3.4125
2012-02-16,103.2,0.95
2012-02-17,103.7,0.2875
2012-02-18,104.1,0.8
2012-02-19,105.3,2.9125
2012-02-20,111.1,3.3625
2012-02-21,103.3,1.675
2012-02-22,104.2,2.225
2012-02-23,103.3,0.7
2012-02-24,108.9,1.3375
2012-02-25,108.0,1.55
2012-02-26,107.0,1.7125
2012-02-27,105.5,2.9875
2012-02-28,103.3,2.2
2012-02-29,102.0,1.375
2012-03-01,103.4,3.0125
2012-03-02,108.2,2.3875
2012-03-03,116.4,1.9125
2012-03-04,120.1,2.5875
2012-03-05,131.6,2.25
2012-03-06,138.1,2.225
2012-03-07,135.7,4.925
2012-03-08,139.5,3.3875
2012-03-09,145.5,5.5
2012-03-10,148.9,3.125
2012-03-11,131.2,2.2125
2012-03-12,114.9,3.6625
2012-03-13,140.7,2.125
2012-03-14,118.8,2.0
2012-03-15,110.6,3.9625
2012-03-16,98.5,3.8625
2012-03-17,102.4,3.8375
2012-03-18,102.0,2.625
2012-03-19,101.8,2.25
2012-03-20,99.6,1.25
2012-03-21,99.9,1.3375
2012-03-22,102.4,1.2875
2012-03-23,104.8,1.175
2012-03-24,102.7,2.375
2012-03-25,101.3,0.975
2012-03-26,102.4,0.8375
2012-03-27,105.6,2.925
2012-03-28,107.0,2.575
2012-03-29,111.5,0.7
2012-03-30,110.6,1.0875
2012-03-31,110.1,0.9875
2012-04-01,107.3,1.5875
2012-04-02,105.9,2.0875
2012-04-03,103.5,1.2625
2012-04-04,102.1,1.6125
2012-04-05,100.9,3.0
2012-04-06,97.4,0.575
2012-04-07,98.5,2.1125
2012-04-08,93.3,1.0375
2012-04-09,94.5,0.75
2012-04-10,93.3,1.6125
2012-04-11,93.4,1.15
2012-04-12,95.3,2.6875
2012-04-13,97.7,3.1875
2012-04-14,98.1,2.1625
2012-04-15,101.7,1.25
2012-04-16,107.9,1.1
2012-04-17,113.8,2.05
2012-04-18,121.5,1.9125
2012-04-19,137.8,1.075
2012-04-20,141.7,1.6625
2012-04-21,149.1,1.4875
2012-04-22,147.9,1.8875
2012-04-23,141.8,3.4125
2012-04-24,133.6,4.225
2012-04-25,127.2,3.9125
2012-04-26,119.2,2.75
2012-04-27,117.9,1.875
2012-04-28,121.1,1.5
2012-04-29,116.0,1.0
2012-04-30,114.1,0.425
2012-05-01,109.9,0.6625
2012-05-02,115.5,0.9125
2012-05-03,114.0,1.7875
2012-05-04,114.0,0.7
2012-05-05,116.0,0.575
2012-05-06,117.3,1.0375
2012-05-07,121.7,0.5
2012-05-08,122.8,1.9125
2012-05-09,127.3,3.925
2012-05-10,130.7,2.25
2012-05-11,136.4,2.3
2012-05-12,129.5,2.175
2012-05-13,130.5,2.425
2012-05-14,130.0,0.8625
2012-05-15,129.0,1.0125
2012-05-16,130.9,2.0375
2012-05-17,136.3,0.8375
2012-05-18,132.2,1.875
2012-05-19,130.9,1.1625
2012-05-20,130.8,2.05
2012-05-21,125.1,0.775
2012-05-22,121.3,3.3375
2012-05-23,117.2,2.9625
2012-05-24,115.5,1.725
2012-05-25,117.2,1.4125
2012-05-26,110.0,0.5875
2012-05-27,110.7,0.525
2012-05-28,110.3,1.0375
2012-05-29,106.3,1.2
2012-05-30,111.0,1.5875
2012-05-31,117.3,2.05
2012-06-01,128.6,1.375
2012-06-02,129.1,1.8375
2012-06-03,129.4,3.125
2012-06-04,128.2,2.9625
2012-06-05,138.7,3.1625
2012-06-06,151.9,3.125
2012-06-07,128.2,1.8375
2012-06-08,124.2,1.55
2012-06-09,128.3,1.7875
2012-06-10,128.3,1.1625
2012-06-11,133.9,2.7625
2012-06-12,141.3,1.875
2012-06-13,142.8,1.0875
2012-06-14,148.6,0.6375
2012-06-15,144.9,0.3875
2012-06-16,134.5,2.4125
2012-06-17,124.0,4.575
2012-06-18,118.0,2.65
2012-06-19,109.9,0.2375
2012-06-20,103.7,0.625
2012-06-21,97.7,0.5125
2012-06-22,88.4,0.9625
2012-06-23,84.0,0.8125
2012-06-24,85.3,0.875
2012-06-25,88.6,2.0
2012-06-26,99.2,1.6625
2012-06-27,106.3,1.5
2012-06-28,119.7,1.3875
2012-06-29,117.4,1.1625
2012-06-30,124.0,3.75
2012-07-01,133.4,3.2875
2012-07-02,165.9,3.4125
2012-07-03,145.8,2.2875
2012-07-04,163.2,1.8375
2012-07-05,164.6,2.6125
2012-07-06,157.7,2.8375
2012-07-07,158.4,1.7625
2012-07-08,177.7,2.4625
2012-07-09,173.8,4.5
2012-07-10,173.4,2.6375
2012-07-11,161.7,2.325
2012-07-12,165.4,2.225
2012-07-13,147.2,0.4
2012-07-14,147.9,2.3375
2012-07-15,140.5,5.825
2012-07-16,154.4,4.5
2012-07-17,127.5,2.925
2012-07-18,109.5,1.1125
2012-07-19,100.0,1.25
2012-07-20,92.3,2.3125
2012-07-21,89.9,1.8875
2012-07-22,93.7,1.6375
2012-07-23,96.7,2.125
2012-07-24,102.4,1.9125
2012-07-25,105.4,1.25
2012-07-26,114.7,0.45
2012-07-27,123.3,0.8875
2012-07-28,126.6,2.2625
2012-07-29,131.4,1.3375
2012-07-30,136.0,2.6625
2012-07-31,139.8,1.1625
2012-08-01,150.1,1.2875
2012-08-02,134.6,2.4625
2012-08-03,139.7,1.4375
2012-08-04,138.7,1.3625
2012-08-05,134.0,1.1125
2012-08-06,134.1,2.375
2012-08-07,128.5,1.55
2012-08-08,133.3,1.8875
2012-08-09,131.2,1.225
2012-08-10,125.4,0.4
2012-08-11,119.7,0.9125
2012-08-12,112.3,1.7875
2012-08-13,108.1,1.8875
2012-08-14,105.8,1.625
2012-08-15,100.7,1.275
2012-08-16,98.3,2.4625
2012-08-17,95.1,1.7125
2012-08-18,97.0,2.2125
2012-08-19,96.2,2.4125
2012-08-20,96.2,2.5
2012-08-21,94.2,1.375
2012-08-22,94.8,1.3125
2012-08-23,96.7,2.125
2012-08-24,104.2,1.8625
2012-08-25,105.9,2.2
2012-08-26,113.2,2.3375
2012-08-27,111.5,1.3625
2012-08-28,111.2,0.6625
2012-08-29,118.3,0.7625
2012-08-30,127.8,0.625
2012-08-31,130.5,0.25
2012-09-01,145.6,1.475
2012-09-02,142.3,2.9625
2012-09-03,141.6,4.0875
2012-09-04,137.6,2.9
2012-09-05,132.7,3.9125
2012-09-06,128.0,2.1375
2012-09-07,133.4,2.2375
2012-09-08,128.6,1.875
2012-09-09,123.0,0.925
2012-09-10,111.3,0.7625
2012-09-11,105.1,0.15
2012-09-12,102.6,1.2875
2012-09-13,99.1,1.25
2012-09-14,100.5,1.3
2012-09-15,97.5,1.6125
2012-09-16,97.3,1.7125
2012-09-17,101.5,1.0125
2012-09-18,104.3,2.0375
2012-09-19,109.8,2.3875
2012-09-20,117.4,2.2875
2012-09-21,116.9,1.575
2012-09-22,124.5,0.9375
2012-09-23,133.6,0.0375
2012-09-24,136.6,0.375
2012-09-25,139.8,0.375
2012-09-26,139.2,1.3
2012-09-27,133.2,1.0375
2012-09-28,137.8,0.0375
2012-09-29,136.0,0.7625
2012-09-30,135.6,2.375
2012-10-01,128.1,3.0375
2012-10-02,118.2,1.3375
2012-10-03,111.7,1.2625
2012-10-04,109.5,0.25
2012-10-05,106.2,0.9125
2012-10-06,98.8,1.65
2012-10-07,98.1,1.175
2012-10-08,103.4,4.325
2012-10-09,106.2,4.3
2012-10-10,112.0,2.4875
2012-10-11,116.6,1.5875
2012-10-12,121.9,2.6125
2012-10-13,124.9,4.8375
2012-10-14,132.1,3.5375
2012-10-15,136.8,2.0125
2012-10-16,137.0,1.3625
2012-10-17,135.0,1.675
2012-10-18,137.6,1.225
2012-10-19,141.4,0.5625
2012-10-20,151.4,0.275
2012-10-21,144.2,0.6875
2012-10-22,155.5,0.5
2012-10-23,141.6,1.8
2012-10-24,135.6,0.8
2012-10-25,130.0,0.7
2012-10-26,130.7,1.0125
2012-10-27,121.7,0.8
2012-10-28,117.0,0.6375
2012-10-29,108.4,0.4
2012-10-30,106.3,0.3625
2012-10-31,104.2,1.075
2012-11-01,98.4,3.5375
2012-11-02,96.5,1.325
2012-11-03,93.3,0.5375
2012-11-04,95.0,0.325
2012-11-05,96.6,0.6
2012-11-06,98.7,0.925
2012-11-07,101.7,2.7875
2012-11-08,104.1,0.575
2012-11-09,115.1,0.125
2012-11-10,122.2,0.4625
2012-11-11,133.3,0.3625
2012-11-12,143.8,0.9875
2012-11-13,146.2,3.2875
2012-11-14,142.1,3.7125
2012-11-15,141.7,0.7875
2012-11-16,138.3,1.7125
2012-11-17,135.5,2.175
2012-11-18,141.0,1.1625
2012-11-19,133.9,1.1625
2012-11-20,141.2,2.925
2012-11-21,140.4,1.8
2012-11-22,127.7,0.525
2012-11-23,126.7,1.0
2012-11-24,118.0,2.7
2012-11-25,121.6,1.0
2012-11-26,121.8,1.125
2012-11-27,117.1,0.875
2012-11-28,114.3,0.2875
2012-11-29,113.1,0.5375
2012-11-30,110.6,0.2125
2012-12-01,101.7,1.075
2012-12-02,97.7,1.725
2012-12-03,96.6,0.9125
2012-12-04,96.2,0.8625
2012-12-05,95.5,0.2875
2012-12-06,97.4,0.075
2012-12-07,97.1,0.0875
2012-12-08,101.1,0.1125
2012-12-09,103.7,1.0125
2012-12-10,104.0,0.75
2012-12-11,103.7,0.4125
2012-12-12,111.9,0.3375
2012-12-13,116.6,0.5375
2012-12-14,119.2,0.75
2012-12-15,122.4,2.2125
2012-12-16,119.5,1.375
2012-12-17,115.0,2.35
2012-12-18,116.2,1.6625
2012-12-19,113.4,1.1125
2012-12-20,114.1,1.8875
2012-12-21,114.6,0.9
2012-12-22,115.3,0.1125
2012-12-23,114.2,0.2875
2012-12-24,113.1,0.4875
2012-12-25,113.0,0.625
2012-12-26,109.8,0.6375
2012-12-27,106.8,0.0875
2012-12-28,105.8,0.2875
2012-12-29,104.3,0.65
2012-12-30,106.7,1.2
2012-12-31,113.6,0.15
2013-01-01,117.8,0.2
2013-01-02,119.0,0.85
2013-01-03,128.8,0.5125
2013-01-04,143.1,0.5875
2013-01-05,145.1,0.4625
2013-01-06,142.2,0.975
2013-01-07,149.7,0.6125
2013-01-08,155.6,1.1125
2013-01-09,169.3,1.075
2013-01-10,173.9,0.575
2013-01-11,172.3,0.775
2013-01-12,168.5,0.9125
2013-01-13,156.4,2.3375
2013-01-14,154.1,2.25
2013-01-15,139.7,1.4125
2013-01-16,137.1,1.375
2013-01-17,122.7,2.7625
2013-01-18,115.2,2.4625
2013-01-19,106.7,1.7
2013-01-20,106.6,2.0875
2013-01-21,108.3,1.125
2013-01-22,110.3,0.2875
2013-01-23,104.9,0.5375
2013-01-24,103.4,0.5
2013-01-25,100.5,1.3
2013-01-26,99.4,3.4875
2013-01-27,97.7,1.575
2013-01-28,97.6,1.1125
2013-01-29,95.4,0.6125
2013-01-30,96.6,0.4125
2013-01-31,102.7,0.575
2013-02-01,103.7,1.1625
2013-02-02,111.8,2.25
2013-02-03,111.1,1.05
2013-02-04,106.7,1.075
2013-02-05,105.1,0.5375
2013-02-06,103.5,0.2125
2013-02-07,102.8,1.7
2013-02-08,104.2,1.9625
2013-02-09,107.6,0.8
2013-02-10,105.9,1.175
2013-02-11,105.2,1.2125
2013-02-12,101.8,1.175
2013-02-13,100.3,2.325
2013-02-14,99.5,2.875
2013-02-15,100.1,1.0375
2013-02-16,103.2,1.5
2013-02-17,105.5,2.0875
2013-02-18,104.7,0.7875
2013-02-19,112.4,1.575
2013-02-20,113.5,1.825
2013-02-21,108.5,1.75
2013-02-22,107.0,2.4125
2013-02-23,99.6,1.8125
2013-02-24,94.9,0.8
2013-02-25,95.4,0.75
2013-02-26,98.7,1.3375
2013-02-27,102.0,0.925
2013-02-28,105.5,1.6875
2013-03-01,112.6,4.375
2013-03-02,111.0,2.7875
2013-03-03,112.0,2.175
2013-03-04,114.3,1.075
2013-03-05,118.4,0.8375
2013-03-06,114.3,0.6375
2013-03-07,113.8,0.5375
2013-03-08,115.0,0.5
2013-03-09,116.2,1.575
2013-03-10,119.2,0.7875
2013-03-11,119.7,1.0625
2013-03-12,123.0,1.4
2013-03-13,122.9,0.8
2013-03-14,122.8,0.975
2013-03-15,123.1,1.325
2013-03-16,126.0,2.2125
2013-03-17,125.7,5.25
2013-03-18,117.6,1.75
2013-03-19,110.4,1.175
2013-03-20,107.6,2.175
2013-03-21,106.1,2.0875
2013-03-22,100.9,1.125
2013-03-23,98.2,2.1375
2013-03-24,96.0,1.35
2013-03-25,92.6,0.65
2013-03-26,92.4,0.5375
2013-03-27,93.0,3.2125
2013-03-28,98.7,2.1625
2013-03-29,105.1,3.925
2013-03-30,108.4,2.825
2013-03-31,113.3,1.05
2013-04-01,119.1,1.3
2013-04-02,122.1,0.7875
2013-04-03,127.0,0.475
2013-04-04,128.5,1.0125
2013-04-05,134.4,0.5625
2013-04-06,137.0,1.2375
2013-04-07,137.8,1.2125
2013-04-08,139.2,0.4125
2013-04-09,146.5,0.775
2013-04-10,148.0,1.1125
2013-04-11,137.1,0.95
2013-04-12,137.9,1.075
2013-04-13,125.1,1.375
2013-04-14,116.8,2.625
2013-04-15,113.3,1.2
2013-04-16,113.3,0.7125
2013-04-17,108.1,0.4625
2013-04-18,105.0,0.3625
2013-04-19,99.4,0.1125
2013-04-20,104.9,0.7125
2013-04-21,109.3,0.4375
2013-04-22,112.9,0.925
2013-04-23,117.5,1.4875
2013-04-24,114.7,3.625
2013-04-25,119.2,2.3375
2013-04-26,121.9,3.175
2013-04-27,127.0,1.5
2013-04-28,131.7,1.325
2013-04-29,142.4,0.875
2013-04-30,154.4,1.3875
2013-05-01,159.2,3.8875
2013-05-02,149.4,2.2625
2013-05-03,147.9,1.3
2013-05-04,141.6,1.325
2013-05-05,137.1,1.7875
2013-05-06,130.7,1.8625
2013-05-07,128.7,2.1
2013-05-08,126.9,1.625
2013-05-09,128.4,0.8625
2013-05-10,124.8,0.8625
2013-05-11,136.6,0.625
2013-05-12,147.3,0.7875
2013-05-13,150.3,1.0
2013-05-14,147.9,1.75
2013-05-15,145.6,1.75
2013-05-16,144.7,2.95
2013-05-17,136.4,2.0625
2013-05-18,132.1,2.9875
2013-05-19,135.3,2.5
2013-05-20,132.0,1.6125
2013-05-21,125.3,1.2625
2013-05-22,133.4,2.3375
2013-05-23,134.5,1.9125
2013-05-24,127.3,3.125
2013-05-25,121.3,4.45
2013-05-26,120.0,3.1375
2013-05-27,110.1,2.7375
2013-05-28,104.8,1.7125
2013-05-29,106.9,0.15
2013-05-30,104.1,0.2875
2013-05-31,101.8,1.6625
2013-06-01,105.8,4.9625
2013-06-02,110.9,3.1625
2013-06-03,111.8,2.175
2013-06-04,109.9,1.8375
2013-06-05,108.8,1.275
2013-06-06,109.0,3.4625
2013-06-07,109.8,3.4625
2013-06-08,103.2,1.65
2013-06-09,96.0,1.775
2013-06-10,93.3,2.2375
2013-06-11,89.5,1.1875
2013-06-12,93.3,0.9125
2013-06-13,98.9,0.575
2013-06-14,109.1,0.6875
2013-06-15,111.0,0.875
2013-06-16,115.9,0.325
2013-06-17,123.8,0.675
2013-06-18,124.8,0.8375
2013-06-19,123.4,1.025
2013-06-20,126.3,2.325
2013-06-21,133.2,3.225
2013-06-22,130.0,2.7875
2013-06-23,128.2,3.2125
2013-06-24,120.6,3.1625
2013-06-25,109.2,1.575
2013-06-26,106.5,0.3875
2013-06-27,99.5,1.45
2013-06-28,101.0,3.4625
2013-06-29,100.2,4.9625
2013-06-30,102.8,2.375
2013-07-01,107.8,1.4375
2013-07-02,114.3,0.8
2013-07-03,124.5,0.8375
2013-07-04,137.7,0.825
2013-07-05,140.8,2.0125
2013-07-06,134.2,3.925
2013-07-07,125.6,1.0
2013-07-08,119.3,0.9
2013-07-09,119.9,1.825
2013-07-10,117.9,3.8625
2013-07-11,113.4,3.2625
2013-07-12,117.6,2.125
2013-07-13,114.0,1.9125
2013-07-14,112.9,3.7875
2013-07-15,114.1,3.3875
2013-07-16,113.9,1.1125
2013-07-17,111.3,0.8375
2013-07-18,114.8,2.625
2013-07-19,113.6,3.025
2013-07-20,112.5,1.0
2013-07-21,109.4,0.9625
2013-07-22,109.9,1.125
2013-07-23,106.7,1.075
2013-07-24,107.6,0.9625
2013-07-25,106.9,2.0125
2013-07-26,109.5,2.375
2013-07-27,107.9,2.25
2013-07-28,109.4,1.5
2013-07-29,112.1,1.1625
2013-07-30,113.1,1.25
2013-07-31,108.7,0.9625
2013-08-01,112.1,1.0375
2013-08-02,112.9,0.5
2013-08-03,107.3,0.825
2013-08-04,104.8,2.575
2013-08-05,104.3,2.7875
2013-08-06,103.9,1.325
2013-08-07,105.5,0.7
2013-08-08,104.4,0.75
2013-08-09,103.6,1.625
2013-08-10,102.5,1.3375
2013-08-11,110.4,1.0375
2013-08-12,114.1,1.0875
2013-08-13,122.0,1.8125
2013-08-14,125.2,2.0375
2013-08-15,122.7,2.7625
2013-08-16,119.9,3.725
2013-08-17,149.7,1.8625
2013-08-18,126.1,1.4625
2013-08-19,128.3,1.05
2013-08-20,131.5,0.7125
2013-08-21,130.4,3.2375
2013-08-22,131.6,2.6375
2013-08-23,124.1,2.875
2013-08-24,117.4,1.75
2013-08-25,112.6,1.4625
2013-08-26,111.2,1.3
2013-08-27,109.7,2.5375
2013-08-28,108.1,1.875
2013-08-29,108.8,0.3625
2013-08-30,107.5,1.625
2013-08-31,107.5,2.375
2013-09-01,103.8,2.275
2013-09-02,105.6,2.0375
2013-09-03,106.0,1.5375
2013-09-04,109.3,1.3
2013-09-05,110.1,0.6
2013-09-06,101.3,1.2125
2013-09-07,98.5,0.625
2013-09-08,95.7,1.3375
2013-09-09,94.3,0.6125
2013-09-10,94.9,1.5375
2013-09-11,92.8,1.3125
2013-09-12,92.9,1.525
2013-09-13,91.6,2.125
2013-09-14,92.5,1.2875
2013-09-15,92.8,0.4625
2013-09-16,94.5,0.925
2013-09-17,98.7,1.925
2013-09-18,104.1,1.9875
2013-09-19,107.9,2.65
2013-09-20,109.2,1.5
2013-09-21,110.3,1.9625
2013-09-22,111.2,1.25
2013-09-23,107.8,1.0875
2013-09-24,110.2,2.125
2013-09-25,111.1,0.925
2013-09-26,109.9,0.1125
2013-09-27,107.9,0.1625
2013-09-28,105.7,0.0375
2013-09-29,103.1,0.3375
2013-09-30,104.9,0.4125
2013-10-01,106.8,1.125
2013-10-02,108.1,4.8875
2013-10-03,113.8,0.825
2013-10-04,109.1,0.125
2013-10-05,105.9,0.0375
2013-10-06,106.5,0.4
2013-10-07,112.0,1.1125
2013-10-08,111.9,1.875
2013-10-09,113.4,3.7875
2013-10-10,120.7,1.8875
2013-10-11,129.0,1.3875
2013-10-12,127.9,1.0
2013-10-13,129.3,0.325
2013-10-14,125.0,2.9375
2013-10-15,125.3,2.8375
2013-10-16,128.1,2.3125
2013-10-17,136.1,2.1625
2013-10-18,139.9,0.4125
2013-10-19,132.7,0.25
2013-10-20,133.4,0.3125
2013-10-21,135.8,0.2375
2013-10-22,146.3,1.0875
2013-10-23,152.7,0.8625
2013-10-24,160.6,0.325
2013-10-25,161.4,0.4125
2013-10-26,171.8,0.3125
2013-10-27,166.9,0.4625
2013-10-28,159.9,0.1875
2013-10-29,152.6,1.2875
2013-10-30,141.9,2.4875
2013-10-31,142.6,1.5375
2013-11-01,146.5,1.2375
2013-11-02,141.6,0.75
2013-11-03,143.5,1.675
2013-11-04,147.3,1.2875
2013-11-05,148.5,0.9125
2013-11-06,153.5,0.9125
2013-11-07,148.0,2.4625
2013-11-08,146.0,0.9125
2013-11-09,148.1,3.2875
2013-11-10,154.1,2.6625
2013-11-11,163.7,3.3375
2013-11-12,167.5,0.375
2013-11-13,171.0,0.5375
2013-11-14,175.8,0.425
2013-11-15,177.9,2.0375
2013-11-16,174.5,2.5375
2013-11-17,177.0,1.5375
2013-11-18,163.3,0.3375
2013-11-19,152.9,0.7625
2013-11-20,147.0,0.9125
2013-11-21,141.2,0.125
2013-11-22,142.8,0.3375
2013-11-23,135.6,1.7125
2013-11-24,127.1,0.0375
2013-11-25,119.1,0.0
2013-11-26,115.5,0.2
2013-11-27,129.0,0.125
2013-11-28,132.9,0.1625
2013-11-29,128.5,1.775
2013-11-30,131.2,2.0
2013-12-01,130.5,1.925
2013-12-02,133.7,0.1125
2013-12-03,135.7,1.9125
2013-12-04,138.0,0.9625
2013-12-05,149.6,0.9625
2013-12-06,150.5,0.775
2013-12-07,156.9,1.25
2013-12-08,165.5,3.425
2013-12-09,168.1,0.8625
2013-12-10,175.2,0.9125
2013-12-11,170.8,0.7125
2013-12-12,164.8,0.1125
2013-12-13,163.1,0.75
2013-12-14,164.2,2.6875
2013-12-15,156.2,1.3375
2013-12-16,154.3,1.4625
2013-12-17,159.0,0.8
2013-12-18,156.0,0.75
2013-12-19,153.4,1.2
2013-12-20,149.2,1.25
2013-12-21,144.2,0.625
2013-12-22,137.9,0.125
2013-12-23,136.1,0.3625
2013-12-24,128.3,0.3375
2013-12-25,122.7,1.575
2013-12-26,124.7,0.3125
2013-12-27,130.6,0.1625
2013-12-28,134.5,0.425
2013-12-29,137.0,0.9375
2013-12-30,142.9,0.425
2013-12-31,145.3,1.2875
2014-01-01,159.6,2.3375
2014-01-02,160.5,3.225
2014-01-03,182.3,2.1375
2014-01-04,262.0,1.5
2014-01-05,217.5,0.6625
2014-01-06,203.9,0.7
2014-01-07,237.1,1.4625
2014-01-08,194.6,1.5
2014-01-09,184.1,1.8875
2014-01-10,175.1,1.1
2014-01-11,166.1,0.7125
2014-01-12,155.3,1.5
2014-01-13,143.3,1.3375
2014-01-14,137.0,2.2875
2014-01-15,126.2,0.75
2014-01-16,121.0,0.325
2014-01-17,128.8,0.5
2014-01-18,129.6,0.25
2014-01-19,127.5,0.075
2014-01-20,137.4,0.375
2014-01-21,146.0,1.975
2014-01-22,143.3,2.3
2014-01-23,136.3,1.625
2014-01-24,135.5,0.7875
2014-01-25,133.2,1.5875
2014-01-26,137.9,1.55
2014-01-27,143.9,0.7625
2014-01-28,157.2,1.0125
2014-01-29,156.4,1.6625
2014-01-30,160.5,0.7
2014-01-31,165.7,0.1625
2014-02-01,176.7,0.7875
2014-02-02,189.8,0.7625
2014-02-03,188.3,1.4875
2014-02-04,188.1,0.9375
2014-02-05,193.5,0.8375
2014-02-06,191.3,1.9125
2014-02-07,178.0,1.575
2014-02-08,171.8,3.4625
2014-02-09,169.0,2.925
2014-02-10,161.0,2.2
2014-02-11,172.2,1.25
2014-02-12,160.1,1.6625
2014-02-13,166.6,0.125
2014-02-14,166.6,0.5875
2014-02-15,162.1,1.625
2014-02-16,153.9,3.2
2014-02-17,152.4,1.0
2014-02-18,151.4,1.5375
2014-02-19,157.7,4.2375
2014-02-20,156.4,3.9625
2014-02-21,156.8,2.375
2014-02-22,163.2,2.5375
2014-02-23,171.8,3.1625
2014-02-24,170.7,1.375
2014-02-25,173.9,0.675
2014-02-26,178.2,0.45
2014-02-27,175.7,2.5
2014-02-28,170.6,2.25
2014-03-01,164.6,1.5625
2014-03-02,161.3,0.7625
2014-03-03,161.0,1.4125
2014-03-04,158.0,1.6125
2014-03-05,149.1,1.625
2014-03-06,148.8,1.2625
2014-03-07,148.2,0.4625
2014-03-08,141.6,0.5625
2014-03-09,145.9,0.375
2014-03-10,151.5,0.8375
2014-03-11,164.6,0.6
2014-03-12,147.6,1.175
2014-03-13,147.7,2.175
2014-03-14,143.8,1.35
2014-03-15,139.0,0.7875
2014-03-16,135.6,0.2
2014-03-17,136.4,0.35
2014-03-18,138.3,1.3625
2014-03-19,149.2,0.9
2014-03-20,151.3,1.2625
2014-03-21,152.6,2.1375
2014-03-22,154.9,1.0875
2014-03-23,157.0,1.5125
2014-03-24,158.6,0.8
2014-03-25,152.8,1.4875
2014-03-26,153.2,1.7625
2014-03-27,144.8,1.3375
2014-03-28,146.4,1.575
2014-03-29,142.7,1.5875
2014-03-30,148.4,1.0125
2014-03-31,152.4,1.325
2014-04-01,153.3,1.15
2014-04-02,154.7,0.775
2014-04-03,153.0,1.375
2014-04-04,156.9,1.1875
2014-04-05,142.1,2.3375
2014-04-06,140.9,0.5375
2014-04-07,139.9,2.1875
2014-04-08,132.0,0.925
2014-04-09,130.6,0.9875
2014-04-10,136.7,0.325
2014-04-11,137.6,1.55
2014-04-12,135.9,3.2125
2014-04-13,137.1,2.875
2014-04-14,150.3,1.55
2014-04-15,161.9,1.1625
2014-04-16,183.9,0.75
2014-04-17,178.9,2.3
2014-04-18,172.3,1.6375
2014-04-19,169.3,2.75
2014-04-20,162.5,3.3375
2014-04-21,158.8,3.05
2014-04-22,144.8,0.8375
2014-04-23,136.1,1.425
2014-04-24,130.1,2.5125
2014-04-25,124.7,1.9125
2014-04-26,120.7,1.2125
2014-04-27,118.1,0.675
2014-04-28,120.8,1.15
2014-04-29,120.1,0.7875
2014-04-30,123.6,2.9125
2014-05-01,125.7,1.125
2014-05-02,135.4,0.4125
2014-05-03,132.6,1.0375
2014-05-04,131.5,2.575
2014-05-05,139.0,2.1125
2014-05-06,138.9,0.375
2014-05-07,145.9,0.5875
2014-05-08,148.1,3.375
2014-05-09,152.3,1.4125
2014-05-10,152.1,1.725
2014-05-11,164.4,2.3
2014-05-12,162.9,1.7875
2014-05-13,159.4,0.675
2014-05-14,163.2,1.075
2014-05-15,152.1,1.0125
2014-05-16,138.7,1.075
2014-05-17,133.5,0.525
2014-05-18,127.5,1.05
2014-05-19,116.9,0.875
2014-05-20,117.2,0.775
2014-05-21,113.9,0.225
2014-05-22,111.3,1.7875
2014-05-23,116.3,2.5375
2014-05-24,124.5,1.125
2014-05-25,113.0,0.6875
2014-05-26,108.2,0.575
2014-05-27,105.9,0.7125
2014-05-28,99.4,0.875
2014-05-29,102.7,1.425
2014-05-30,101.6,1.9375
2014-05-31,103.7,0.4875
2014-06-01,103.3,0.55
2014-06-02,105.3,0.775
2014-06-03,107.0,1.375
2014-06-04,105.4,1.275
2014-06-05,110.5,1.7
2014-06-06,133.0,1.125
2014-06-07,136.7,2.4125
2014-06-08,148.6,4.1375
2014-06-09,161.2,1.1375
2014-06-10,166.2,1.6625
2014-06-11,168.4,1.625
2014-06-12,174.5,0.625
2014-06-13,152.7,1.0375
2014-06-14,143.5,1.6625
2014-06-15,130.2,0.75
2014-06-16,116.8,1.175
2014-06-17,114.3,1.8125
2014-06-18,110.8,2.875
2014-06-19,111.1,2.0875
2014-06-20,102.2,1.95
2014-06-21,101.2,1.1875
2014-06-22,94.2,0.75
2014-06-23,92.6,0.6375
2014-06-24,93.5,1.35
2014-06-25,97.0,1.175
2014-06-26,100.0,0.825
2014-06-27,104.2,0.625
2014-06-28,114.6,1.3375
2014-06-29,125.7,1.425
2014-06-30,140.5,1.0875
2014-07-01,151.8,0.575
2014-07-02,169.4,0.925
2014-07-03,178.1,1.375
2014-07-04,187.6,0.9875
2014-07-05,193.0,0.6125
2014-07-06,201.0,0.75
2014-07-07,197.9,1.3875
2014-07-08,201.4,1.4625
2014-07-09,198.4,1.725
2014-07-10,177.4,1.7
2014-07-11,166.3,1.325
2014-07-12,145.0,1.325
2014-07-13,126.8,1.1375
2014-07-14,109.4,1.825
2014-07-15,100.6,1.7
2014-07-16,92.1,0.95
2014-07-17,88.6,0.8375
2014-07-18,88.5,0.425
2014-07-19,86.1,0.2375
2014-07-20,87.1,0.5
2014-07-21,90.1,0.825
2014-07-22,92.6,1.0875
2014-07-23,99.1,0.9375
2014-07-24,104.1,1.2125
2014-07-25,106.5,1.25
2014-07-26,116.5,1.6
2014-07-27,121.4,1.0875
2014-07-28,132.2,2.125
2014-07-29,141.6,0.7
2014-07-30,151.9,0.7375
2014-07-31,156.4,1.25
2014-08-01,168.4,1.9625
2014-08-02,155.6,2.1125
2014-08-03,151.7,1.375
2014-08-04,139.3,2.4625
2014-08-05,139.3,2.225
2014-08-06,136.6,1.55
2014-08-07,136.2,1.2
2014-08-08,123.0,1.675
2014-08-09,113.1,0.625
2014-08-10,108.4,1.625
2014-08-11,104.5,1.45
2014-08-12,104.0,2.25
2014-08-13,102.9,1.4125
2014-08-14,102.7,0.85
2014-08-15,113.1,0.9125
2014-08-16,112.0,0.2375
2014-08-17,115.1,1.3375
2014-08-18,110.6,1.0375
2014-08-19,110.7,2.4375
2014-08-20,118.3,1.4125
2014-08-21,128.3,2.175
2014-08-22,126.4,0.625
2014-08-23,132.0,0.9625
2014-08-24,140.9,0.4625
2014-08-25,151.5,0.475
2014-08-26,128.1,0.7
2014-08-27,122.8,3.1625
2014-08-28,118.6,3.25
2014-08-29,120.1,3.2125
2014-08-30,123.1,2.725
2014-08-31,124.8,2.725
2014-09-01,126.6,2.4125
2014-09-02,136.3,2.2125
2014-09-03,137.7,2.0375
2014-09-04,146.0,1.55
2014-09-05,143.9,1.7625
2014-09-06,157.3,2.1625
2014-09-07,160.2,1.425
2014-09-08,163.9,1.2125
2014-09-09,159.3,1.8375
2014-09-10,174.6,1.5
2014-09-11,151.4,2.2875
2014-09-12,152.0,4.0375
2014-09-13,145.1,2.4125
2014-09-14,139.3,0.375
2014-09-15,132.9,0.45
2014-09-16,132.7,1.7875
2014-09-17,132.8,1.175
2014-09-18,120.2,1.5125
2014-09-19,121.8,3.4125
2014-09-20,119.1,1.3625
2014-09-21,123.9,1.4125
2014-09-22,135.8,1.925
2014-09-23,138.2,2.425
2014-09-24,144.7,3.5125
2014-09-25,166.9,2.5
2014-09-26,170.2,3.0
2014-09-27,181.4,2.6875
2014-09-28,181.1,1.775
2014-09-29,175.0,2.125
2014-09-30,162.1,2.65
2014-10-01,155.1,2.375
2014-10-02,149.0,1.825
2014-10-03,136.7,0.775
2014-10-04,127.5,1.2125
2014-10-05,128.4,1.3875
2014-10-06,130.0,1.3
2014-10-07,125.4,1.0375
2014-10-08,126.4,1.875
2014-10-09,118.9,2.625
2014-10-10,120.8,1.5375
2014-10-11,112.0,1.8375
2014-10-12,110.5,0.6625
2014-10-13,113.1,1.375
2014-10-14,132.6,2.625
2014-10-15,125.8,1.75
2014-10-16,138.9,1.65
2014-10-17,145.8,1.625
2014-10-18,172.4,2.9
2014-10-19,173.1,2.075
2014-10-20,204.0,3.7125
2014-10-21,199.0,2.95
2014-10-22,216.3,2.7625
2014-10-23,227.1,2.075
2014-10-24,217.8,2.1
2014-10-25,219.3,2.0875
2014-10-26,216.6,2.375
2014-10-27,187.8,2.55
2014-10-28,167.2,2.55
2014-10-29,150.4,1.75
2014-10-30,140.4,1.0
2014-10-31,121.2,1.45
2014-11-01,119.9,1.5875
2014-11-02,124.4,1.7
2014-11-03,125.2,1.075
2014-11-04,129.4,3.125
2014-11-05,145.2,2.75
2014-11-06,135.5,1.7875
2014-11-07,145.5,2.5375
2014-11-08,132.0,1.875
2014-11-09,131.7,2.1375
2014-11-10,136.1,3.4125
2014-11-11,142.3,2.2875
2014-11-12,152.9,1.7125
2014-11-13,153.5,1.0625
2014-11-14,161.0,2.5375
2014-11-15,160.6,2.9125
2014-11-16,171.5,3.425
2014-11-17,167.5,2.2
2014-11-18,167.4,2.2125
2014-11-19,169.6,1.7375
2014-11-20,168.1,2.2875
2014-11-21,162.5,2.6625
2014-11-22,166.6,2.0375
2014-11-23,173.1,2.0875
2014-11-24,144.4,1.6125
2014-11-25,169.4,1.2
2014-11-26,170.9,0.875
2014-11-27,178.8,1.8375
2014-11-28,181.4,0.825
2014-11-29,177.3,1.0
2014-11-30,177.3,1.925
2014-12-01,168.1,2.1125
2014-12-02,167.7,2.4125
2014-12-03,154.2,1.7625
2014-12-04,157.6,1.975
2014-12-05,136.8,2.325
2014-12-06,128.7,2.4625
2014-12-07,131.8,3.75
2014-12-08,132.6,2.875
2014-12-09,139.7,2.8625
2014-12-10,149.8,1.8125
2014-12-11,147.5,1.0
2014-12-12,154.2,3.2875
2014-12-13,159.8,2.0
2014-12-14,166.4,2.3375
2014-12-15,169.3,2.8375
2014-12-16,184.6,1.6625
2014-12-17,198.5,1.4125
2014-12-18,213.2,1.325
2014-12-19,215.7,1.9125
2014-12-20,203.2,1.8
2014-12-21,205.8,2.675
2014-12-22,179.2,2.7
2014-12-23,165.9,2.05
2014-12-24,151.4,2.95
2014-12-25,145.3,2.2625
2014-12-26,137.0,2.925
2014-12-27,134.1,1.45
2014-12-28,132.6,1.9875
2014-12-29,131.5,3.375
2014-12-30,130.4,2.925
2014-12-31,133.6,1.8625
2015-01-01,137.5,1.4875
2015-01-02,145.8,2.325
2015-01-03,148.7,2.25
2015-01-04,149.7,2.875
2015-01-05,141.9,2.6625
2015-01-06,141.9,2.5875
2015-01-07,147.2,3.4875
2015-01-08,157.2,2.6
2015-01-09,151.2,1.75
2015-01-10,151.9,2.025
2015-01-11,153.7,2.2875
2015-01-12,158.6,1.7375
2015-01-13,150.2,1.8875
2015-01-14,141.8,1.5125
2015-01-15,131.4,1.1125
2015-01-16,124.7,1.6625
2015-01-17,121.9,1.425
2015-01-18,125.8,0.8625
2015-01-19,130.0,0.9625
2015-01-20,125.6,0.4875
2015-01-21,123.9,2.2875
2015-01-22,120.3,2.5
2015-01-23,121.1,2.0125
2015-01-24,125.3,1.4125
2015-01-25,126.6,1.2625
2015-01-26,147.0,2.95
2015-01-27,158.1,2.5375
2015-01-28,159.3,1.6625
2015-01-29,171.8,1.9
2015-01-30,159.4,2.125
2015-01-31,153.5,2.025
2015-02-01,141.7,3.25
2015-02-02,144.0,3.8875
2015-02-03,149.3,3.0
2015-02-04,154.4,1.875
2015-02-05,141.9,2.4875
2015-02-06,143.3,1.2875
2015-02-07,153.0,2.0375
2015-02-08,152.8,2.3375
2015-02-09,145.8,1.7
2015-02-10,141.0,1.4625
2015-02-11,131.1,1.25
2015-02-12,127.6,1.0375
2015-02-13,124.9,0.4125
2015-02-14,120.4,0.4875
2015-02-15,119.6,1.5125
2015-02-16,118.1,1.25
2015-02-17,118.5,3.55
2015-02-18,121.0,3.0875
2015-02-19,118.7,2.0625
2015-02-20,119.7,1.3625
2015-02-21,116.1,1.7125
2015-02-22,117.5,1.6125
2015-02-23,116.8,3.125
2015-02-24,114.4,3.4125
2015-02-25,111.0,1.875
2015-02-26,111.3,0.8625
2015-02-27,118.0,0.4875
2015-02-28,123.4,2.425
2015-03-01,127.6,3.4125
2015-03-02,130.4,3.8375
2015-03-03,125.1,2.325
2015-03-04,124.2,2.0
2015-03-05,140.2,1.3125
2015-03-06,127.4,2.2625
2015-03-07,137.8,3.5375
2015-03-08,124.2,2.3
2015-03-09,122.9,1.1125
2015-03-10,120.9,0.9875
2015-03-11,131.7,2.0
2015-03-12,126.7,1.825
2015-03-13,119.4,1.325
2015-03-14,115.6,1.325
2015-03-15,114.4,1.7
2015-03-16,117.2,2.3375
2015-03-17,114.3,6.0125
2015-03-18,114.8,4.9125
2015-03-19,109.3,3.7875
2015-03-20,112.7,3.5
2015-03-21,113.6,2.4625
2015-03-22,122.4,2.8625
2015-03-23,128.1,3.3
2015-03-24,133.0,2.1625
2015-03-25,137.8,2.75
2015-03-26,136.1,1.9125
2015-03-27,137.8,1.85
2015-03-28,145.6,1.925
2015-03-29,144.5,2.375
2015-03-30,133.6,1.0125
2015-03-31,128.1,2.0375
2015-04-01,124.1,1.7
2015-04-02,121.3,2.4125
2015-04-03,119.9,2.6625
2015-04-04,122.4,2.4625
2015-04-05,122.2,1.55
2015-04-06,125.6,1.3875
2015-04-07,111.2,0.95
2015-04-08,106.0,0.7125
2015-04-09,111.3,2.55
2015-04-10,115.1,4.0625
2015-04-11,122.9,3.0
2015-04-12,133.9,0.7875
2015-04-13,141.3,1.4875
2015-04-14,146.8,2.25
2015-04-15,154.7,3.7625
2015-04-16,150.2,4.675
2015-04-17,149.6,3.425
2015-04-18,147.6,2.375
2015-04-19,151.7,2.0375
2015-04-20,149.6,2.1625
2015-04-21,153.8,3.575
2015-04-22,150.3,2.2875
2015-04-23,140.5,1.25
2015-04-24,134.5,0.775
2015-04-25,125.9,0.075
2015-04-26,118.5,0.325
2015-04-27,107.5,1.0875
2015-04-28,107.7,1.325
2015-04-29,104.0,0.875
2015-04-30,101.8,1.0
2015-05-01,99.9,1.25
2015-05-02,105.7,1.8
2015-05-03,111.1,1.7375
2015-05-04,123.4,1.75
2015-05-05,127.8,1.3375
2015-05-06,136.2,3.45
2015-05-07,146.6,1.5625
2015-05-08,149.8,1.3625
2015-05-09,154.5,1.575
2015-05-10,159.9,2.05
2015-05-11,163.0,2.8
2015-05-12,163.2,2.9625
2015-05-13,157.0,4.875
2015-05-14,145.1,2.0375
2015-05-15,136.5,1.75
2015-05-16,131.0,1.2
2015-05-17,119.6,1.1625
2015-05-18,115.0,2.4875
2015-05-19,110.3,2.375
2015-05-20,105.6,1.5125
2015-05-21,101.8,0.45
2015-05-22,99.1,0.4875
2015-05-23,97.7,0.6375
2015-05-24,98.7,0.9
2015-05-25,96.5,0.4125
2015-05-26,94.5,1.4125
2015-05-27,95.2,1.075
2015-05-28,93.0,1.575
2015-05-29,92.3,1.75
2015-05-30,95.0,1.0875
2015-05-31,94.3,1.125
2015-06-01,100.4,1.5375
2015-06-02,101.0,0.2625
2015-06-03,108.5,0.75
2015-06-04,118.0,0.3125
2015-06-05,126.0,0.225
2015-06-06,132.7,1.0125
2015-06-07,137.3,1.55
2015-06-08,134.2,4.3
2015-06-09,136.5,2.75
2015-06-10,135.4,2.5875
2015-06-11,139.9,2.1125
2015-06-12,136.7,1.5375
2015-06-13,136.1,2.1625
2015-06-14,131.7,3.1
2015-06-15,134.8,2.625
2015-06-16,136.1,2.35
2015-06-17,135.8,2.5875
2015-06-18,150.8,1.5
2015-06-19,137.3,0.7
2015-06-20,135.4,0.15
2015-06-21,131.7,1.4625
2015-06-22,246.9,4.4
2015-06-23,116.1,5.2125
2015-06-24,109.5,2.925
2015-06-25,101.8,3.875
2015-06-26,101.2,1.7625
2015-06-27,97.3,1.9125
2015-06-28,97.3,2.6625
2015-06-29,97.1,1.1625
2015-06-30,100.8,1.2875
2015-07-01,109.6,1.0875
2015-07-02,113.8,0.35
2015-07-03,112.3,0.4125
2015-07-04,116.8,2.4375
2015-07-05,124.8,3.2875
2015-07-06,133.4,2.075
2015-07-07,132.6,1.1375
2015-07-08,128.9,0.9625
2015-07-09,121.9,0.975
2015-07-10,129.0,1.2875
2015-07-11,120.2,3.6375
2015-07-12,116.0,2.7
2015-07-13,110.1,4.125
2015-07-14,105.2,1.375
2015-07-15,101.0,1.5375
2015-07-16,99.6,1.725
2015-07-17,97.4,0.9375
2015-07-18,96.0,0.5
2015-07-19,99.4,0.275
2015-07-20,93.2,0.625
2015-07-21,91.0,1.9875
2015-07-22,89.0,1.5
2015-07-23,89.4,3.3125
2015-07-24,92.2,1.3375
2015-07-25,94.0,1.825
2015-07-26,97.0,1.5875
2015-07-27,100.1,2.1
2015-07-28,101.1,1.825
2015-07-29,100.7,1.1625
2015-07-30,102.0,2.25
2015-07-31,100.7,2.7
2015-08-01,102.9,2.125
2015-08-02,101.5,2.275
2015-08-03,105.6,1.5875
2015-08-04,106.8,1.5375
2015-08-05,112.2,1.15
2015-08-06,121.6,2.3625
2015-08-07,122.1,2.9125
2015-08-08,121.0,2.4375
2015-08-09,114.5,2.3125
2015-08-10,106.2,2.0875
2015-08-11,102.8,1.75
2015-08-12,99.2,2.375
2015-08-13,94.8,2.075
2015-08-14,93.2,0.5125
2015-08-15,89.4,3.95
2015-08-16,85.6,4.1
2015-08-17,87.0,3.625
2015-08-18,88.7,1.875
2015-08-19,98.2,3.2125
2015-08-20,102.8,2.5875
2015-08-21,118.6,1.325
2015-08-22,116.9,1.95
2015-08-23,133.1,3.6375
2015-08-24,127.7,1.65
2015-08-25,121.2,1.9625
2015-08-26,126.2,3.925
2015-08-27,110.2,4.9625
2015-08-28,109.1,4.5
2015-08-29,100.1,2.675
2015-08-30,91.6,0.925
2015-08-31,91.0,1.05
2015-09-01,89.0,1.1375
2015-09-02,88.2,1.7
2015-09-03,86.5,1.8375
2015-09-04,89.9,3.3125
2015-09-05,85.4,2.55
2015-09-06,85.6,2.7125
2015-09-07,83.7,4.3375
2015-09-08,83.5,3.0875
2015-09-09,82.3,5.3375
2015-09-10,83.5,2.375
2015-09-11,92.8,4.925
2015-09-12,99.1,2.875
2015-09-13,98.8,2.3
2015-09-14,96.5,2.675
2015-09-15,101.1,3.1125
2015-09-16,109.4,2.4875
2015-09-17,106.8,2.025
2015-09-18,102.8,2.5375
2015-09-19,105.7,2.6375
2015-09-20,110.4,4.375
2015-09-21,103.4,1.925
2015-09-22,107.0,2.2125
2015-09-23,110.7,2.4875
2015-09-24,106.8,1.7125
2015-09-25,119.8,1.575
2015-09-26,120.2,0.9875
2015-09-27,127.5,0.7375
2015-09-28,124.0,0.8375
2015-09-29,129.2,1.1125
2015-09-30,131.1,0.3375
2015-10-01,119.7,2.125
2015-10-02,107.4,2.6375
2015-10-03,96.9,2.25
2015-10-04,88.3,3.05
2015-10-05,82.6,3.0125
2015-10-06,81.4,3.1625
2015-10-07,80.5,5.625
2015-10-08,79.7,4.8875
2015-10-09,81.2,3.925
2015-10-10,81.4,2.375
2015-10-11,84.6,2.5
2015-10-12,89.1,3.3
2015-10-13,95.6,3.65
2015-10-14,100.7,3.5
2015-10-15,106.8,2.0
2015-10-16,109.1,1.5875
2015-10-17,116.6,2.3
2015-10-18,119.5,3.25
2015-10-19,123.7,0.925
2015-10-20,122.8,2.125
2015-10-21,129.0,2.1625
2015-10-22,120.5,1.175
2015-10-23,114.9,1.4625
2015-10-24,106.3,1.975
2015-10-25,106.4,1.6375
2015-10-26,106.2,0.2375
2015-10-27,110.1,0.7375
2015-10-28,112.2,0.1625
2015-10-29,112.9,0.875
2015-10-30,121.2,1.875
2015-10-31,118.5,1.375
2015-11-01,124.3,2.1125
2015-11-02,122.0,0.9
2015-11-03,124.2,3.9875
2015-11-04,113.8,3.8625
2015-11-05,109.9,2.9625
2015-11-06,115.2,2.7
2015-11-07,115.0,4.125
2015-11-08,107.7,2.4125
2015-11-09,107.6,3.85
2015-11-10,105.4,4.45
2015-11-11,105.0,3.4625
2015-11-12,103.5,0.9625
2015-11-13,102.9,2.55
2015-11-14,106.3,2.025
2015-11-15,105.8,1.9
2015-11-16,105.6,2.6625
2015-11-17,107.1,1.85
2015-11-18,107.6,2.6375
2015-11-19,108.1,1.7125
2015-11-20,111.0,0.9
2015-11-21,122.2,0.525
2015-11-22,122.9,0.3375
2015-11-23,119.7,0.25
2015-11-24,113.2,0.0
2015-11-25,109.0,0.0
2015-11-26,103.9,0.325
2015-11-27,98.9,1.5375
2015-11-28,96.6,1.5375
2015-11-29,95.5,1.8875
2015-11-30,95.7,2.95
2015-12-01,94.6,2.675
2015-12-02,95.3,2.0
2015-12-03,94.5,0.8125
2015-12-04,97.6,0.9875
2015-12-05,100.5,2.7375
2015-12-06,102.2,3.55
2015-12-07,100.7,3.375
2015-12-08,111.2,2.2625
2015-12-09,108.8,1.8625
2015-12-10,108.5,3.675
2015-12-11,113.7,3.325
2015-12-12,116.7,2.3375
2015-12-13,122.5,1.6375
2015-12-14,124.0,2.875
2015-12-15,118.9,2.8375
2015-12-16,126.2,1.025
2015-12-17,117.8,1.3625
2015-12-18,117.1,1.15
2015-12-19,119.0,1.8375
2015-12-20,116.6,5.575
2015-12-21,121.7,3.875
2015-12-22,130.1,2.525
2015-12-23,133.9,2.2875
2015-12-24,132.7,2.4625
2015-12-25,126.4,1.9625
2015-12-26,117.4,2.7375
2015-12-27,110.3,2.325
2015-12-28,112.1,1.1625
2015-12-29,105.4,1.5
2015-12-30,101.5,0.5875
2015-12-31,96.2,4.25
2016-01-01,98.4,3.25
2016-01-02,100.0,2.2
2016-01-03,101.9,1.5875
2016-01-04,95.3,1.1875
2016-01-05,95.2,1.4125
2016-01-06,100.2,3.0375
2016-01-07,103.4,2.7125
2016-01-08,108.5,1.775
2016-01-09,107.0,1.375
2016-01-10,108.9,1.95
2016-01-11,108.0,2.5875
2016-01-12,105.5,2.6625
2016-01-13,104.1,2.5375
2016-01-14,103.2,1.925
2016-01-15,103.5,1.175
2016-01-16,99.9,0.6125
2016-01-17,100.6,0.6625
2016-01-18,99.9,0.8375
2016-01-19,97.5,1.9875
2016-01-20,100.4,3.5375
2016-01-21,104.0,4.1375
2016-01-22,100.5,2.7375
2016-01-23,98.9,2.375
2016-01-24,103.8,2.0375
2016-01-25,107.6,0.275
2016-01-26,114.8,0.8375
2016-01-27,112.7,0.9125
2016-01-28,109.9,1.0375
2016-01-29,106.9,0.6
2016-01-30,105.1,0.325
2016-01-31,101.2,2.0875
2016-02-01,100.2,1.45
2016-02-02,102.1,1.2125
2016-02-03,112.1,1.8875
2016-02-04,123.3,1.2
2016-02-05,119.7,2.3625
2016-02-06,117.1,1.7
2016-02-07,117.1,1.7875
2016-02-08,115.2,2.3625
2016-02-09,117.3,1.9125
2016-02-10,112.2,1.0
2016-02-11,112.8,2.0375
2016-02-12,112.2,2.575
2016-02-13,110.3,1.6
2016-02-14,108.0,2.1625
2016-02-15,107.3,2.1625
2016-02-16,104.0,4.375
2016-02-17,99.9,4.2125
2016-02-18,94.9,3.9875
2016-02-19,94.0,3.0375
2016-02-20,100.0,1.1625
2016-02-21,95.6,1.025
2016-02-22,93.7,0.55
2016-02-23,91.0,1.2125
2016-02-24,87.9,1.625
2016-02-25,91.7,1.3125
2016-02-26,89.0,1.5125
2016-02-27,90.4,0.7
2016-02-28,93.2,0.7
2016-02-29,90.9,0.9125
2016-03-01,96.8,1.975
2016-03-02,98.2,1.5375
2016-03-03,98.7,1.6125
2016-03-04,100.5,0.8375
2016-03-05,96.2,0.6875
2016-03-06,95.5,3.0875
2016-03-07,94.1,3.725
2016-03-08,95.5,1.75
2016-03-09,97.4,1.625
2016-03-10,95.0,1.75
2016-03-11,94.2,3.075
2016-03-12,95.0,2.25
2016-03-13,92.6,0.675
2016-03-14,93.4,2.075
2016-03-15,94.1,3.525
2016-03-16,91.0,3.1375
2016-03-17,91.6,3.5125
2016-03-18,90.3,1.95
2016-03-19,89.4,2.8
2016-03-20,87.6,2.175
2016-03-21,88.9,1.675
2016-03-22,87.3,1.4
2016-03-23,86.8,2.1375
2016-03-24,86.5,1.4625
2016-03-25,85.5,1.1625
2016-03-26,85.5,0.425
2016-03-27,88.2,2.5375
2016-03-28,87.7,1.975
2016-03-29,87.8,2.45
2016-03-30,83.8,2.4
2016-03-31,81.7,1.375
2016-04-01,82.1,0.45
2016-04-02,81.5,2.45
2016-04-03,82.3,2.6375
2016-04-04,83.4,1.375
2016-04-05,83.4,1.2875
2016-04-06,87.1,1.5375
2016-04-07,92.3,2.3375
2016-04-08,98.3,1.3375
2016-04-09,105.5,0.325
2016-04-10,110.6,1.55
2016-04-11,116.6,1.0125
2016-04-12,111.3,3.0375
2016-04-13,108.2,3.8
2016-04-14,111.1,3.525
2016-04-15,112.4,1.6625
2016-04-16,113.2,2.1625
2016-04-17,102.1,3.175
2016-04-18,94.6,1.0875
2016-04-19,89.1,0.3125
2016-04-20,83.2,0.7
2016-04-21,76.8,1.0375
2016-04-22,76.6,2.4625
2016-04-23,78.7,2.2125
2016-04-24,81.8,2.1625
2016-04-25,81.9,1.2125
2016-04-26,85.2,1.35
2016-04-27,92.6,2.1625
2016-04-28,94.9,0.9125
2016-04-29,92.4,0.5375
2016-04-30,94.0,1.6875
2016-05-01,92.2,2.825
2016-05-02,89.8,3.7625
2016-05-03,90.0,2.2
2016-05-04,90.1,0.8375
2016-05-05,87.1,1.5375
2016-05-06,89.6,2.8
2016-05-07,88.0,1.9625
2016-05-08,84.0,5.7125
2016-05-09,88.5,3.8375
2016-05-10,88.7,2.7375
2016-05-11,93.9,1.2375
2016-05-12,92.0,0.7625
2016-05-13,93.4,1.5875
2016-05-14,101.2,2.075
2016-05-15,108.4,2.5875
2016-05-16,102.0,2.525
2016-05-17,103.2,2.7125
2016-05-18,102.3,1.7125
2016-05-19,98.8,1.7125
2016-05-20,99.5,1.3625
2016-05-21,97.8,2.7875
2016-05-22,97.4,1.5875
2016-05-23,97.4,0.7875
2016-05-24,94.3,1.075
2016-05-25,93.6,0.4875
2016-05-26,91.7,0.525
2016-05-27,90.4,2.2
2016-05-28,87.7,2.7375
2016-05-29,83.0,1.625
2016-05-30,86.2,2.2875
2016-05-31,86.6,2.1625
2016-06-01,86.0,1.2875
2016-06-02,85.2,0.5375
2016-06-03,83.2,0.4
2016-06-04,80.0,0.65
2016-06-05,79.1,3.625
2016-06-06,78.5,3.4625
2016-06-07,78.5,2.0
2016-06-08,80.1,1.3375
2016-06-09,85.2,0.75
2016-06-10,84.9,1.3125
2016-06-11,88.2,2.075
2016-06-12,94.1,2.3
2016-06-13,91.0,1.85
2016-06-14,87.6,2.8
2016-06-15,87.3,2.2875
2016-06-16,88.2,1.65
2016-06-17,86.6,1.8375
2016-06-18,83.6,1.95
2016-06-19,85.2,1.1375
2016-06-20,84.3,0.875
2016-06-21,80.2,0.6375
2016-06-22,78.3,2.0875
2016-06-23,77.5,2.1
2016-06-24,75.7,2.625
2016-06-25,77.1,1.725
2016-06-26,76.6,2.2125
2016-06-27,75.4,1.7875
2016-06-28,73.1,1.4
2016-06-29,73.6,1.0625
2016-06-30,72.9,1.25
2016-07-01,72.0,1.4875
2016-07-02,70.9,1.5125
2016-07-03,72.3,1.9125
2016-07-04,73.8,1.3375
2016-07-05,72.4,0.6625
2016-07-06,77.1,0.875
2016-07-07,83.3,3.425
2016-07-08,87.1,3.325
2016-07-09,92.2,2.65
2016-07-10,94.4,2.2125
2016-07-11,94.7,2.3375
2016-07-12,92.4,3.1625
2016-07-13,96.8,1.8375
2016-07-14,95.1,2.3375
2016-07-15,102.1,2.3875
2016-07-16,106.6,1.7
2016-07-17,105.2,1.275
2016-07-18,107.1,0.6625
2016-07-19,100.8,1.175
2016-07-20,108.0,3.0
2016-07-21,100.1,1.25
2016-07-22,90.4,1.825
2016-07-23,86.2,1.625
2016-07-24,82.2,2.35
2016-07-25,73.6,3.2125
2016-07-26,73.5,0.9125
2016-07-27,71.6,0.5375
2016-07-28,70.3,2.7875
2016-07-29,70.5,2.75
2016-07-30,71.0,1.2125
2016-07-31,71.5,0.6625
2016-08-01,71.9,0.575
2016-08-02,74.9,2.65
2016-08-03,74.8,4.175
2016-08-04,76.3,3.0125
2016-08-05,79.8,2.9625
2016-08-06,83.1,2.675
2016-08-07,92.7,2.3375
2016-08-08,96.4,2.2625
2016-08-09,92.3,2.5
2016-08-10,95.0,3.0
2016-08-11,94.7,1.875
2016-08-12,94.8,2.125
2016-08-13,90.5,1.125
2016-08-14,87.2,0.7875
2016-08-15,87.6,0.6625
2016-08-16,86.5,1.0875
2016-08-17,82.9,1.75
2016-08-18,82.4,1.475
2016-08-19,80.8,0.8625
2016-08-20,78.1,0.7375
2016-08-21,76.7,1.5875
2016-08-22,80.0,0.9125
2016-08-23,81.3,2.7375
2016-08-24,78.0,3.05
2016-08-25,78.7,2.375
2016-08-26,81.9,1.475
2016-08-27,83.9,1.1375
2016-08-28,85.4,0.4375
2016-08-29,87.8,1.4125
2016-08-30,100.4,3.0
2016-08-31,97.5,1.3625
2016-09-01,95.2,3.9625
2016-09-02,94.6,4.25
2016-09-03,99.0,4.4625
2016-09-04,97.4,3.875
2016-09-05,93.8,3.025
2016-09-06,92.4,2.7875
2016-09-07,93.0,2.4
2016-09-08,94.5,2.5375
2016-09-09,91.0,0.8375
2016-09-10,93.0,0.7875
2016-09-11,86.4,0.7625
2016-09-12,86.5,1.1375
2016-09-13,86.0,1.0125
2016-09-14,85.2,1.8625
2016-09-15,84.4,1.3875
2016-09-16,83.7,0.5
2016-09-17,80.3,0.6125
2016-09-18,83.0,1.6125
2016-09-19,82.6,1.9875
2016-09-20,84.5,3.175
2016-09-21,85.5,1.75
2016-09-22,85.1,0.7625
2016-09-23,85.5,0.6625
2016-09-24,84.9,0.9125
2016-09-25,84.6,3.4125
2016-09-26,86.8,3.4125
2016-09-27,85.6,4.3
2016-09-28,84.4,4.4125
2016-09-29,82.7,4.375
2016-09-30,80.6,3.325
2016-10-01,81.0,3.125
2016-10-02,82.3,3.025
2016-10-03,87.8,2.6625
2016-10-04,93.1,3.5375
2016-10-05,99.3,2.4875
2016-10-06,101.5,1.2875
2016-10-07,104.2,1.35
2016-10-08,104.3,1.7875
2016-10-09,104.5,1.25
2016-10-10,102.0,2.0875
2016-10-11,99.2,0.375
2016-10-12,97.6,1.0
2016-10-13,95.3,4.575
2016-10-14,92.8,2.8625
2016-10-15,84.9,2.3375
2016-10-16,80.9,2.9625
2016-10-17,76.2,3.45
2016-10-18,77.4,2.075
2016-10-19,76.5,1.4125
2016-10-20,74.7,0.4375
2016-10-21,77.8,0.1625
2016-10-22,77.5,1.2125
2016-10-23,76.9,2.0
2016-10-24,75.3,3.0625
2016-10-25,77.8,5.1
2016-10-26,78.0,4.775
2016-10-27,78.9,3.875
2016-10-28,79.2,3.0875
2016-10-29,79.1,3.6625
2016-10-30,76.2,3.075
2016-10-31,76.7,2.0
2016-11-01,76.5,2.425
2016-11-02,76.0,2.675
2016-11-03,75.6,3.1
2016-11-04,76.7,0.925
2016-11-05,76.7,0.375
2016-11-06,76.2,1.075
2016-11-07,76.5,0.7625
2016-11-08,76.9,0.4125
2016-11-09,79.9,1.5125
2016-11-10,80.2,2.7125
2016-11-11,78.4,2.375
2016-11-12,78.4,3.25
2016-11-13,77.8,3.55
2016-11-14,77.3,2.325
2016-11-15,76.5,1.65
2016-11-16,80.9,0.925
2016-11-17,78.6,0.6
2016-11-18,77.6,0.4875
2016-11-19,76.8,0.25
2016-11-20,76.4,0.5
2016-11-21,75.0,1.3375
2016-11-22,77.3,2.1625
2016-11-23,77.7,2.2625
2016-11-24,79.0,3.425
2016-11-25,80.9,3.95
2016-11-26,81.2,2.5
2016-11-27,82.6,2.0375
2016-11-28,85.2,1.875
2016-11-29,85.5,1.2125
2016-11-30,83.6,0.6125
2016-12-01,84.5,0.5
2016-12-02,84.4,0.8375
2016-12-03,84.7,0.325
2016-12-04,82.4,0.1625
2016-12-05,82.7,0.875
2016-12-06,79.8,1.5625
2016-12-07,77.2,2.1
2016-12-08,74.8,3.4625
2016-12-09,72.9,3.6375
2016-12-10,72.2,3.0
2016-12-11,71.4,2.7875
2016-12-12,70.8,1.2375
2016-12-13,71.2,0.875
2016-12-14,72.4,0.875
2016-12-15,72.5,0.4125
2016-12-16,72.6,0.2875
2016-12-17,72.1,1.1125
2016-12-18,72.3,1.875
2016-12-19,72.8,1.2125
2016-12-20,74.9,1.3375
2016-12-21,75.0,3.2
2016-12-22,74.8,3.5
2016-12-23,73.7,3.375
2016-12-24,73.1,2.625
2016-12-25,72.5,3.375
2016-12-26,73.8,3.4625
2016-12-27,73.7,2.4125
2016-12-28,73.3,1.25
2016-12-29,73.4,1.025
2016-12-30,73.6,0.5375
2016-12-31,73.5,2.5375
2017-01-01,72.5,2.625
2017-01-02,73.0,1.5
2017-01-03,73.4,2.35
2017-01-04,72.4,2.2
2017-01-05,73.3,3.125
2017-01-06,72.0,2.9375
2017-01-07,72.0,3.4125
2017-01-08,71.5,3.0875
2017-01-09,71.2,2.4375
2017-01-10,72.7,2.1375
2017-01-11,74.5,1.7875
2017-01-12,75.5,0.95
2017-01-13,74.9,0.875
2017-01-14,76.6,0.925
2017-01-15,77.5,1.175
2017-01-16,78.3,0.2875
2017-01-17,78.6,0.6125
2017-01-18,78.6,2.75
2017-01-19,79.5,2.225
2017-01-20,83.2,2.2375
2017-01-21,86.1,2.2375
2017-01-22,86.8,2.2125
2017-01-23,84.1,1.0125
2017-01-24,82.3,0.5875
2017-01-25,85.1,1.0875
2017-01-26,83.1,2.1375
2017-01-27,80.3,3.2875
2017-01-28,78.5,1.9625
2017-01-29,76.6,1.6625
2017-01-30,77.0,1.45
2017-01-31,76.0,3.575
2017-02-01,76.0,3.9
2017-02-02,75.3,3.55
2017-02-03,75.1,3.2375
2017-02-04,74.0,2.325
2017-02-05,72.6,2.925
2017-02-06,72.5,2.6375
2017-02-07,72.1,1.8375
2017-02-08,73.1,1.05
2017-02-09,73.4,1.7
2017-02-10,74.0,1.8125
2017-02-11,75.7,0.8
2017-02-12,76.2,0.6125
2017-02-13,74.8,1.2375
2017-02-14,74.5,0.2125
2017-02-15,74.8,0.6
2017-02-16,74.0,1.95
2017-02-17,74.6,3.25
2017-02-18,76.6,2.775
2017-02-19,78.1,2.1125
2017-02-20,80.7,2.0
2017-02-21,82.5,1.0
2017-02-22,83.2,2.05
2017-02-23,83.3,2.325
2017-02-24,82.1,3.175
2017-02-25,80.0,1.425
2017-02-26,79.0,0.3375
2017-02-27,82.2,1.5875
2017-02-28,81.6,1.875
2017-03-01,80.8,4.25
2017-03-02,79.1,4.1125
2017-03-03,78.0,3.125
2017-03-04,75.2,3.375
2017-03-05,72.8,3.175
2017-03-06,72.4,3.5
2017-03-07,71.7,2.9125
2017-03-08,70.6,2.35
2017-03-09,71.2,2.75
2017-03-10,71.0,2.1125
2017-03-11,70.0,1.0875
2017-03-12,70.1,1.675
2017-03-13,70.3,0.5
2017-03-14,69.6,1.0
2017-03-15,69.8,1.425
2017-03-16,70.5,1.075
2017-03-17,70.5,0.5625
2017-03-18,70.2,0.375
2017-03-19,71.2,0.3375
2017-03-20,72.7,0.2375
2017-03-21,71.0,3.45
2017-03-22,72.5,3.75
2017-03-23,72.0,1.925
2017-03-24,72.3,1.3375
2017-03-25,74.0,0.6625
2017-03-26,77.2,0.75
2017-03-27,82.8,4.7
2017-03-28,83.7,3.775
2017-03-29,83.3,3.3625
2017-03-30,85.9,3.2875
2017-03-31,90.6,3.9625
2017-04-01,101.0,2.9625
2017-04-02,112.0,1.775
2017-04-03,107.9,0.9625
2017-04-04,93.8,2.975
2017-04-05,84.6,1.9
2017-04-06,75.7,1.525
2017-04-07,73.9,2.0125
2017-04-08,73.1,2.925
2017-04-09,74.4,2.5875
2017-04-10,73.6,1.1
2017-04-11,74.6,2.2875
2017-04-12,71.4,1.025
2017-04-13,73.5,0.9
2017-04-14,72.9,2.55
2017-04-15,73.0,1.2875
2017-04-16,74.5,0.7875
2017-04-17,75.2,0.7875
2017-04-18,85.6,1.325
2017-04-19,80.9,2.575
2017-04-20,80.7,3.8
2017-04-21,82.2,2.325
2017-04-22,83.6,4.925
2017-04-23,82.5,4.45
2017-04-24,80.2,3.325
2017-04-25,81.3,2.375
2017-04-26,79.6,2.025
2017-04-27,78.2,1.5375
2017-04-28,78.0,1.2875
2017-04-29,77.0,1.4625
2017-04-30,77.4,1.3
2017-05-01,75.3,1.1125
2017-05-02,77.2,0.9125
2017-05-03,74.9,0.6625
2017-05-04,74.2,1.1625
2017-05-05,73.5,0.8625
2017-05-06,72.8,1.05
2017-05-07,71.7,1.925
2017-05-08,70.5,1.3375
2017-05-09,68.9,1.325
2017-05-10,68.6,1.2625
2017-05-11,69.1,1.3875
2017-05-12,68.9,1.7
2017-05-13,70.4,0.875
2017-05-14,71.2,2.0875
2017-05-15,70.6,2.3875
2017-05-16,71.9,1.875
2017-05-17,71.4,1.7875
2017-05-18,72.2,1.9125
2017-05-19,72.3,2.5875
2017-05-20,72.4,3.6375
2017-05-21,73.5,1.9625
2017-05-22,74.4,2.2125
2017-05-23,76.0,1.7875
2017-05-24,77.9,0.7
2017-05-25,76.1,0.5375
2017-05-26,80.2,0.45
2017-05-27,81.9,1.7125
2017-05-28,78.8,3.8875
2017-05-29,75.8,1.6625
2017-05-30,73.7,1.125
2017-05-31,74.1,0.825
2017-06-01,75.7,1.375
2017-06-02,78.2,1.05
2017-06-03,77.9,1.75
2017-06-04,77.7,0.3625
2017-06-05,79.4,1.1625
2017-06-06,75.4,1.05
2017-06-07,75.5,1.05
2017-06-08,74.0,0.7
2017-06-09,73.7,0.75
2017-06-10,74.7,0.6625
2017-06-11,74.3,2.5375
2017-06-12,75.2,1.65
2017-06-13,74.9,1.5375
2017-06-14,74.1,1.25
2017-06-15,77.4,0.7875
2017-06-16,73.5,3.425
2017-06-17,74.8,2.75
2017-06-18,74.9,2.325
2017-06-19,73.6,1.1625
2017-06-20,74.4,0.4125
2017-06-21,73.7,0.7875
2017-06-22,73.7,1.025
2017-06-23,73.7,1.0875
2017-06-24,74.1,2.0875
2017-06-25,73.7,2.2
2017-06-26,73.7,1.675
2017-06-27,74.1,1.05
2017-06-28,72.1,0.825
2017-06-29,71.8,1.0625
2017-06-30,71.5,0.725
2017-07-01,70.7,2.55
2017-07-02,71.2,3.0875
2017-07-03,71.7,1.3
2017-07-04,71.8,0.8625
2017-07-05,73.0,0.275
2017-07-06,75.9,1.425
2017-07-07,79.5,0.9875
2017-07-08,86.6,0.4875
2017-07-09,90.9,3.45
2017-07-10,95.1,1.725
2017-07-11,91.1,1.7
2017-07-12,90.2,0.85
2017-07-13,92.3,0.7125
2017-07-14,93.9,0.4
2017-07-15,91.6,0.675
2017-07-16,86.5,4.3375
2017-07-17,85.6,3.5875
2017-07-18,78.2,1.4125
2017-07-19,73.1,0.6625
2017-07-20,70.2,1.475
2017-07-21,69.4,2.5625
2017-07-22,69.5,2.8125
2017-07-23,70.6,2.675
2017-07-24,70.1,2.375
2017-07-25,69.8,2.2375
2017-07-26,68.6,1.9875
2017-07-27,68.3,1.25
2017-07-28,69.5,1.675
2017-07-29,69.9,0.7875
2017-07-30,69.5,0.675
2017-07-31,72.2,0.5375
2017-08-01,73.5,1.0875
2017-08-02,74.4,1.0125
2017-08-03,75.1,1.8875
2017-08-04,74.1,3.525
2017-08-05,74.1,2.975
2017-08-06,73.5,2.525
2017-08-07,72.7,1.1875
2017-08-08,71.1,1.0125
2017-08-09,71.5,0.8625
2017-08-10,71.0,1.075
2017-08-11,69.8,1.6625
2017-08-12,70.3,2.05
2017-08-13,68.2,1.7875
2017-08-14,73.0,1.075
2017-08-15,74.2,0.4875
2017-08-16,77.3,1.3625
2017-08-17,76.7,3.65
2017-08-18,80.0,3.2625
2017-08-19,86.8,4.075
2017-08-20,86.0,3.275
2017-08-21,87.1,2.25
2017-08-22,90.2,3.0
2017-08-23,85.1,3.55
2017-08-24,78.8,2.0
2017-08-25,80.8,1.05
2017-08-26,77.5,0.7
2017-08-27,78.2,1.9125
2017-08-28,81.6,0.5625
2017-08-29,84.3,1.775
2017-08-30,86.9,0.7875
2017-08-31,91.9,3.8375
2017-09-01,93.4,3.0
2017-09-02,100.0,3.275
2017-09-03,120.2,1.8
2017-09-04,182.5,2.9375
2017-09-05,120.5,2.4125
2017-09-06,132.9,1.8625
2017-09-07,128.5,3.6125
2017-09-08,116.8,6.075
2017-09-09,107.2,0.7
2017-09-10,100.2,1.0
2017-09-11,79.9,2.55
2017-09-12,75.5,2.7875
2017-09-13,75.1,2.3375
2017-09-14,74.2,3.1625
2017-09-15,72.8,4.25
2017-09-16,72.1,3.8625
2017-09-17,72.2,2.7375
2017-09-18,72.2,3.425
2017-09-19,70.6,1.875
2017-09-20,73.9,2.0
2017-09-21,73.0,1.325
2017-09-22,77.5,1.275
2017-09-23,81.2,1.0875
2017-09-24,86.9,1.475
2017-09-25,89.9,0.9375
2017-09-26,90.7,0.7375
2017-09-27,91.0,4.225
2017-09-28,90.9,4.8875
2017-09-29,89.7,2.5
2017-09-30,89.4,2.825
2017-10-01,85.7,2.425
2017-10-02,86.0,1.1875
2017-10-03,86.4,1.325
2017-10-04,86.8,1.15
2017-10-05,84.7,1.1625
2017-10-06,84.1,1.9125
2017-10-07,79.6,0.7875
2017-10-08,76.7,0.6125
2017-10-09,72.3,0.325
2017-10-10,70.9,0.4
2017-10-11,69.6,4.0125
2017-10-12,70.2,3.8625
2017-10-13,69.7,4.2125
2017-10-14,69.0,4.05
2017-10-15,70.3,3.5
2017-10-16,70.9,1.9625
2017-10-17,70.3,1.2375
2017-10-18,73.2,1.05
2017-10-19,73.4,2.625
2017-10-20,75.7,1.7125
2017-10-21,76.5,2.0375
2017-10-22,77.3,1.3
2017-10-23,78.0,1.05
2017-10-24,77.5,2.8875
2017-10-25,78.8,3.2875
2017-10-26,77.3,3.0375
2017-10-27,76.0,1.025
2017-10-28,75.4,1.25
2017-10-29,75.3,0.5875
2017-10-30,75.6,0.375
2017-10-31,75.4,0.4125
2017-11-01,72.6,0.5875
2017-11-02,73.6,1.825
2017-11-03,73.2,1.95
2017-11-04,72.1,0.7875
2017-11-05,71.1,0.2
2017-11-06,69.4,0.125
2017-11-07,68.3,3.85
2017-11-08,67.6,4.6125
2017-11-09,65.8,3.3375
2017-11-10,68.6,3.425
2017-11-11,67.3,1.7
2017-11-12,69.4,1.3
2017-11-13,72.1,1.4
2017-11-14,74.4,2.5
2017-11-15,74.2,2.5375
2017-11-16,73.2,2.6625
2017-11-17,76.4,1.125
2017-11-18,76.1,1.65
2017-11-19,74.4,1.0375
2017-11-20,73.6,1.2375
2017-11-21,73.2,3.925
2017-11-22,73.4,2.3375
2017-11-23,72.4,2.0875
2017-11-24,74.1,1.8625
2017-11-25,74.3,1.2875
2017-11-26,75.5,0.5125
2017-11-27,73.6,1.1625
2017-11-28,71.9,1.5375
2017-11-29,72.6,1.0875
2017-11-30,71.7,2.1875
2017-12-01,70.2,1.6625
2017-12-02,71.5,0.575
2017-12-03,69.0,0.1625
2017-12-04,68.4,1.9125
2017-12-05,67.9,3.9625
2017-12-06,68.3,2.9125
2017-12-07,67.9,2.275
2017-12-08,69.9,1.25
2017-12-09,71.1,0.75
2017-12-10,72.0,0.5
2017-12-11,72.3,2.2375
2017-12-12,71.4,2.575
2017-12-13,72.1,1.4625
2017-12-14,72.1,0.7875
2017-12-15,71.7,0.7
2017-12-16,71.3,0.6375
2017-12-17,71.0,3.6
2017-12-18,71.6,2.875
2017-12-19,68.8,1.125
2017-12-20,74.2,1.3
2017-12-21,76.0,0.4625
2017-12-22,75.3,0.2375
2017-12-23,76.2,1.1375
2017-12-24,76.1,2.4375
2017-12-25,75.7,2.0875
2017-12-26,71.8,2.2625
2017-12-27,71.0,1.8375
2017-12-28,71.1,1.1625
2017-12-29,71.5,0.875
2017-12-30,70.4,0.7
2017-12-31,70.7,0.6125
2018-01-01,69.1,2.2
2018-01-02,69.5,1.1375
2018-01-03,70.7,0.5
2018-01-04,69.5,0.625
2018-01-05,69.3,1.175
2018-01-06,69.4,0.3625
2018-01-07,69.9,0.375
2018-01-08,70.3,1.925
2018-01-09,70.8,2.0875
2018-01-10,70.4,0.825
2018-01-11,70.8,0.4125
2018-01-12,70.9,0.7875
2018-01-13,70.8,1.45
2018-01-14,70.5,2.3375
2018-01-15,70.2,2.0125
2018-01-16,71.1,0.9625
2018-01-17,70.9,0.1625
2018-01-18,71.1,0.1875
2018-01-19,70.8,1.8
2018-01-20,69.6,1.675
2018-01-21,68.3,2.05
2018-01-22,70.1,2.425
2018-01-23,70.5,0.9875
2018-01-24,69.9,1.5375
2018-01-25,70.3,2.2
2018-01-26,69.8,1.675
2018-01-27,68.8,1.425
2018-01-28,68.5,0.8375
2018-01-29,68.2,0.6625
2018-01-30,68.9,0.7875
2018-01-31,69.2,1.4125
2018-02-01,69.0,0.8125
2018-02-02,68.8,0.7125
2018-02-03,69.2,0.775
2018-02-04,73.0,0.7
2018-02-05,74.0,1.875
2018-02-06,76.9,1.1125
2018-02-07,76.6,0.5
2018-02-08,77.5,0.5375
2018-02-09,78.1,0.9125
2018-02-10,78.2,1.525
2018-02-11,78.2,0.325
2018-02-12,78.6,0.75
2018-02-13,75.9,0.4125
2018-02-14,75.3,0.4125
2018-02-15,72.5,2.0875
2018-02-16,71.5,1.775
2018-02-17,69.0,2.375
2018-02-18,70.3,2.7
2018-02-19,69.1,2.925
2018-02-20,70.5,0.7375
2018-02-21,67.6,0.5375
2018-02-22,69.7,2.175
2018-02-23,70.0,2.75
2018-02-24,70.0,1.7375
2018-02-25,69.2,0.8375
2018-02-26,72.0,1.5875
2018-02-27,70.0,2.7375
2018-02-28,69.9,1.5375
2018-03-01,67.2,1.3875
2018-03-02,67.8,0.7
2018-03-03,67.8,1.375
2018-03-04,67.5,1.3875
2018-03-05,67.6,1.0625
2018-03-06,67.6,1.0625
2018-03-07,67.8,0.625
2018-03-08,66.6,0.7875
2018-03-09,67.5,2.0
2018-03-10,67.7,2.375
2018-03-11,67.8,1.025
2018-03-12,68.1,0.4125
2018-03-13,68.6,0.5875
2018-03-14,67.7,1.75
2018-03-15,69.0,2.8375
2018-03-16,68.6,3.25
2018-03-17,69.7,2.6625
2018-03-18,69.1,3.0
2018-03-19,70.3,2.625
2018-03-20,68.8,1.4375
2018-03-21,69.3,0.9125
2018-03-22,68.5,1.4625
2018-03-23,68.1,2.8
2018-03-24,67.6,2.0
2018-03-25,68.3,3.0375
2018-03-26,67.8,2.375
2018-03-27,68.3,1.7875
2018-03-28,68.6,0.325
2018-03-29,69.0,0.85
2018-03-30,68.8,1.0875
2018-03-31,69.0,1.425
2018-04-01,69.0,1.1125
2018-04-02,68.4,1.1625
2018-04-03,67.8,0.575
2018-04-04,68.5,1.05
2018-04-05,66.4,1.8375
2018-04-06,67.3,0.8
2018-04-07,66.8,0.9125
2018-04-08,67.9,1.1625
2018-04-09,68.7,2.1875
2018-04-10,68.5,3.125
2018-04-11,68.3,2.1625
2018-04-12,70.0,2.0
2018-04-13,69.7,1.925
2018-04-14,69.5,1.325
2018-04-15,70.6,1.3
2018-04-16,69.2,0.45
2018-04-17,69.3,0.6
2018-04-18,70.8,1.3125
2018-04-19,70.8,0.3375
2018-04-20,73.0,4.6125
2018-04-21,76.8,2.5375
2018-04-22,75.7,1.2125
2018-04-23,73.9,1.425
2018-04-24,72.9,0.95
2018-04-25,70.8,0.9125
2018-04-26,69.4,0.925
2018-04-27,68.7,1.2125
2018-04-28,70.2,0.7125
2018-04-29,71.1,0.7
2018-04-30,70.2,1.25
2018-05-01,68.4,0.4
2018-05-02,67.1,0.9625
2018-05-03,66.5,0.6125
2018-05-04,67.8,0.875
2018-05-05,67.6,2.8875
2018-05-06,67.2,3.7
2018-05-07,69.6,3.0375
2018-05-08,69.6,2.85
2018-05-09,69.6,2.7875
2018-05-10,69.6,2.425
2018-05-11,70.3,2.8375
2018-05-12,69.8,1.7625
2018-05-13,70.9,1.9125
2018-05-14,70.3,0.975
2018-05-15,70.3,0.625
2018-05-16,69.9,0.65
2018-05-17,69.0,2.3
2018-05-18,69.4,1.0375
2018-05-19,70.3,0.4125
2018-05-20,68.8,0.4875
2018-05-21,69.6,0.375
2018-05-22,70.8,1.1625
2018-05-23,73.1,1.8625
2018-05-24,73.7,0.6625
2018-05-25,75.7,0.55
2018-05-26,72.9,0.575
2018-05-27,74.6,0.7875
2018-05-28,76.9,0.9125
2018-05-29,74.9,0.8125
2018-05-30,75.3,0.8375
2018-05-31,76.8,2.1625
2018-06-01,74.8,3.5875
2018-06-02,74.4,3.0125
2018-06-03,73.6,2.025
2018-06-04,70.5,1.075
2018-06-05,71.3,1.35
2018-06-06,71.1,1.375
2018-06-07,69.3,1.2125
2018-06-08,68.2,0.9125
2018-06-09,66.8,0.75
2018-06-10,70.2,0.4625
2018-06-11,69.9,0.6875
2018-06-12,70.3,0.75
2018-06-13,70.8,0.8625
2018-06-14,72.4,1.1125
2018-06-15,70.6,0.5875
2018-06-16,70.5,0.325
2018-06-17,72.3,0.925
2018-06-18,73.7,2.9875
2018-06-19,76.6,1.3375
2018-06-20,82.1,1.2125
2018-06-21,81.5,0.5875
2018-06-22,80.3,0.7375
2018-06-23,77.1,3.1625
2018-06-24,74.5,1.675
2018-06-25,72.8,2.1
2018-06-26,71.1,3.35
2018-06-27,70.0,1.65
2018-06-28,69.5,1.2125
2018-06-29,68.6,0.7125
2018-06-30,68.8,0.7875
2018-07-01,68.1,0.3125
2018-07-02,66.6,0.3625
2018-07-03,68.2,0.6375
2018-07-04,67.9,0.8875
2018-07-05,68.1,2.75
2018-07-06,70.5,1.675
2018-07-07,72.0,1.3
2018-07-08,71.6,0.8375
2018-07-09,72.9,0.3125
2018-07-10,72.1,1.6125
2018-07-11,73.3,1.8625
2018-07-12,72.1,1.7
2018-07-13,72.5,1.3
2018-07-14,72.3,0.875
2018-07-15,71.7,0.5625
2018-07-16,71.9,1.85
2018-07-17,71.2,1.4625
2018-07-18,71.2,0.625
2018-07-19,70.5,0.8
2018-07-20,70.5,1.55
2018-07-21,70.0,2.35
2018-07-22,68.2,1.1125
2018-07-23,67.0,0.675
2018-07-24,66.9,3.125
2018-07-25,65.8,1.775
2018-07-26,66.2,0.7625
2018-07-27,66.6,0.625
2018-07-28,67.9,1.1625
2018-07-29,68.0,0.9625
2018-07-30,68.3,1.0
2018-07-31,68.9,1.025
2018-08-01,70.2,1.375
2018-08-02,69.9,1.1625
2018-08-03,70.2,1.2875
2018-08-04,70.4,1.075
2018-08-05,69.2,0.9625
2018-08-06,69.1,0.6
2018-08-07,69.5,2.2125
2018-08-08,69.6,1.125
2018-08-09,70.3,0.875
2018-08-10,69.5,0.7875
2018-08-11,67.4,2.175
2018-08-12,68.1,1.3125
2018-08-13,67.8,0.825
2018-08-14,68.7,0.75
2018-08-15,68.8,2.5875
2018-08-16,68.3,2.2875
2018-08-17,67.3,2.4
2018-08-18,67.2,2.1625
2018-08-19,66.8,1.8625
2018-08-20,68.0,2.8375
2018-08-21,67.8,1.775
2018-08-22,66.9,1.2375
2018-08-23,69.5,0.85
2018-08-24,72.4,1.0375
2018-08-25,71.6,2.3
2018-08-26,71.1,5.3
2018-08-27,69.6,3.3875
2018-08-28,69.8,1.8125
2018-08-29,70.5,1.4125
2018-08-30,68.3,0.7875
2018-08-31,67.5,1.05
2018-09-01,68.3,0.9125
2018-09-02,67.7,1.15
2018-09-03,68.1,0.9
2018-09-04,67.5,1.9375
2018-09-05,67.5,2.175
2018-09-06,67.4,1.1625
2018-09-07,67.5,1.125
2018-09-08,68.7,0.875
2018-09-09,68.4,1.55
2018-09-10,69.0,2.575
2018-09-11,69.4,4.05
2018-09-12,69.7,2.0875
2018-09-13,69.6,3.125
2018-09-14,69.0,2.75
2018-09-15,68.5,1.8
2018-09-16,69.1,1.2875
2018-09-17,67.8,2.475
2018-09-18,68.1,1.425
2018-09-19,67.9,0.7375
2018-09-20,66.6,0.2
2018-09-21,66.9,1.1625
2018-09-22,67.9,3.925
2018-09-23,68.4,2.325
2018-09-24,68.6,1.5875
2018-09-25,67.6,2.3
2018-09-26,69.0,1.7125
2018-09-27,67.1,1.4625
2018-09-28,69.1,1.55
2018-09-29,68.7,2.1625
2018-09-30,68.3,1.1625
2018-10-01,70.1,1.825
2018-10-02,67.0,1.5875
2018-10-03,68.4,1.1375
2018-10-04,67.2,0.9
2018-10-05,68.7,2.0125
2018-10-06,68.6,0.875
2018-10-07,69.5,2.9125
2018-10-08,68.8,3.2125
2018-10-09,69.5,3.1
2018-10-10,69.8,2.7125
2018-10-11,70.9,2.175
2018-10-12,71.6,1.2875
2018-10-13,72.4,2.275
2018-10-14,71.5,1.375
2018-10-15,70.0,2.3125
2018-10-16,69.7,1.225
2018-10-17,70.0,0.5
2018-10-18,69.5,0.075
2018-10-19,69.6,0.275
2018-10-20,70.4,0.1125
2018-10-21,71.0,1.0375
2018-10-22,70.9,1.3125
2018-10-23,71.6,0.575
2018-10-24,69.7,0.6875
2018-10-25,69.4,1.4125
2018-10-26,69.2,1.5375
2018-10-27,69.3,0.7125
2018-10-28,68.3,0.675
2018-10-29,68.8,0.15
2018-10-30,67.1,0.8375
2018-10-31,68.1,0.875
2018-11-01,66.8,1.1625
2018-11-02,67.6,0.9125
2018-11-03,67.4,0.8125
2018-11-04,66.6,2.1
2018-11-05,68.3,4.0375
2018-11-06,68.8,1.625
2018-11-07,68.7,2.075
2018-11-08,69.5,2.1625
2018-11-09,68.9,2.0375
2018-11-10,69.0,2.5375
2018-11-11,69.3,1.7125
2018-11-12,68.2,2.1625
2018-11-13,67.0,0.6625
2018-11-14,67.9,0.6625
2018-11-15,68.4,0.25
2018-11-16,71.1,0.1625
2018-11-17,73.3,0.1625
2018-11-18,72.3,0.5
2018-11-19,71.1,1.075
2018-11-20,70.5,1.2125
2018-11-21,68.8,1.0
2018-11-22,69.2,0.3625
2018-11-23,69.2,0.4625
2018-11-24,70.0,0.6625
2018-11-25,69.6,0.6
2018-11-26,68.6,0.3375
2018-11-27,68.4,1.3
2018-11-28,67.5,0.4625
2018-11-29,67.8,0.4875
2018-11-30,67.9,0.3625
2018-12-01,69.4,1.425
2018-12-02,69.0,2.3875
2018-12-03,68.4,2.0375
2018-12-04,68.7,1.875
2018-12-05,70.9,1.125
2018-12-06,69.7,1.225
2018-12-07,70.1,2.2375
2018-12-08,70.5,2.375
2018-12-09,71.6,1.9125
2018-12-10,71.0,2.2
2018-12-11,71.0,1.8375
2018-12-12,70.8,0.9875
2018-12-13,70.2,0.2875
2018-12-14,70.8,0.2875
2018-12-15,71.2,0.1875
2018-12-16,69.8,0.3625
2018-12-17,70.1,1.25
2018-12-18,70.4,1.6
2018-12-19,70.2,1.375
2018-12-20,69.8,2.35
2018-12-21,71.1,1.0875
2018-12-22,71.0,0.375
2018-12-23,70.2,0.275
2018-12-24,69.5,0.5125
2018-12-25,69.6,0.8
2018-12-26,68.7,0.325
2018-12-27,68.5,0.7875
2018-12-28,69.3,3.575
2018-12-29,69.0,2.25
2018-12-30,69.4,2.25
2018-12-31,69.3,1.625
2019-01-01,71.9,1.2125
2019-01-02,75.2,0.075
2019-01-03,72.6,0.2375
2019-01-04,71.5,1.9125
2019-01-05,71.1,2.825
2019-01-06,72.0,2.2625
2019-01-07,71.5,1.5
2019-01-08,71.3,1.4
2019-01-09,71.5,0.9625
2019-01-10,70.1,0.75
2019-01-11,68.1,1.35
2019-01-12,69.6,0.4125
2019-01-13,68.9,0.55
2019-01-14,70.0,1.725
2019-01-15,69.5,1.175
2019-01-16,69.7,1.25
2019-01-17,68.6,1.675
2019-01-18,68.8,1.3
2019-01-19,69.7,0.925
2019-01-20,69.2,0.8125
2019-01-21,69.9,0.7
2019-01-22,70.7,0.6625
2019-01-23,71.5,2.6625
2019-01-24,72.4,3.0
2019-01-25,75.0,2.625
2019-01-26,76.6,1.6
2019-01-27,75.1,0.9875
2019-01-28,75.8,0.2
2019-01-29,73.1,0.375
2019-01-30,73.5,0.25
2019-01-31,72.1,2.2
2019-02-01,72.1,2.9875
2019-02-02,70.9,3.0375
2019-02-03,71.1,2.2375
2019-02-04,70.7,1.25
2019-02-05,70.6,0.9875
2019-02-06,71.3,2.0375
2019-02-07,70.2,1.0
2019-02-08,71.8,1.8375
2019-02-09,70.3,2.125
2019-02-10,70.0,1.2
2019-02-11,69.9,1.875
2019-02-12,70.2,1.1125
2019-02-13,70.4,2.6
2019-02-14,71.4,2.0375
2019-02-15,70.9,0.75
2019-02-16,70.7,0.75
2019-02-17,70.1,0.7
2019-02-18,69.9,1.3125
2019-02-19,70.2,0.4875
2019-02-20,71.0,0.6125
2019-02-21,70.8,2.3125
2019-02-22,71.2,0.7875
2019-02-23,70.7,0.325
2019-02-24,70.5,0.3
2019-02-25,70.4,0.25
2019-02-26,70.6,0.425
2019-02-27,70.7,2.0
2019-02-28,70.1,3.575
2019-03-01,69.9,3.675
2019-03-02,69.4,2.625
2019-03-03,69.5,1.3875
2019-03-04,70.9,1.525
2019-03-05,72.0,1.0875
2019-03-06,72.5,1.675
2019-03-07,70.9,1.4125
2019-03-08,71.8,1.05
2019-03-09,70.7,1.075
2019-03-10,71.1,0.775
2019-03-11,70.4,0.4625
2019-03-12,70.7,1.5375
2019-03-13,70.8,0.825
2019-03-14,70.1,1.5875
2019-03-15,69.6,1.6375
2019-03-16,69.5,2.3375
2019-03-17,69.3,2.5125
2019-03-18,70.0,0.4625
2019-03-19,69.7,1.6
2019-03-20,76.8,1.2625
2019-03-21,80.1,0.275
2019-03-22,82.4,0.1625
2019-03-23,79.4,0.1625
2019-03-24,75.4,0.2875
2019-03-25,71.2,1.1125
2019-03-26,69.0,1.025
2019-03-27,68.9,1.6875
2019-03-28,68.4,2.1625
2019-03-29,68.8,1.75
2019-03-30,69.4,0.6875
2019-03-31,69.5,2.05
2019-04-01,69.3,1.675
2019-04-02,70.8,1.2125
2019-04-03,70.6,2.3375
2019-04-04,70.3,2.2125
2019-04-05,71.7,2.6375
2019-04-06,73.6,1.6625
2019-04-07,76.5,1.125
2019-04-08,78.6,2.5375
2019-04-09,79.0,2.2
2019-04-10,78.1,2.625
2019-04-11,78.5,1.6375
2019-04-12,77.3,1.8
2019-04-13,77.9,1.625
2019-04-14,75.4,0.925
2019-04-15,75.4,1.6875
2019-04-16,74.2,1.4125
2019-04-17,76.1,0.675
2019-04-18,74.6,0.3875
2019-04-19,72.7,0.9875
2019-04-20,69.9,0.85
2019-04-21,69.3,0.7125
2019-04-22,69.4,0.6125
2019-04-23,68.8,1.4875
2019-04-24,69.3,1.5375
2019-04-25,67.5,1.175
2019-04-26,67.2,0.8375
2019-04-27,66.9,1.4125
2019-04-28,67.9,1.0375
2019-04-29,66.9,1.0875
2019-04-30,68.5,1.05
2019-05-01,67.6,2.125
2019-05-02,69.2,2.4
2019-05-03,69.8,1.8
2019-05-04,72.3,2.05
2019-05-05,73.5,0.6625
2019-05-06,76.0,1.075
2019-05-07,78.7,1.125
2019-05-08,75.3,0.325
2019-05-09,76.2,1.525
2019-05-10,76.3,1.6375
2019-05-11,78.0,3.6625
2019-05-12,76.0,0.9125
2019-05-13,74.7,1.3875
2019-05-14,74.4,3.6625
2019-05-15,74.0,1.3
2019-05-16,73.6,1.625
2019-05-17,72.1,0.95
2019-05-18,70.6,0.875
2019-05-19,68.0,0.5375
2019-05-20,68.7,1.1625
2019-05-21,68.0,0.6625
2019-05-22,67.3,0.9125
2019-05-23,66.5,1.075
2019-05-24,66.4,1.0375
2019-05-25,67.0,0.6875
2019-05-26,68.0,0.7875
2019-05-27,67.5,1.9
2019-05-28,68.1,1.625
2019-05-29,68.2,2.7
2019-05-30,68.7,1.8625
2019-05-31,68.7,0.825
2019-06-01,69.7,0.5875
2019-06-02,69.9,0.6
2019-06-03,69.8,0.7375
2019-06-04,70.0,1.65
2019-06-05,69.8,0.8375
2019-06-06,68.9,0.375
2019-06-07,68.9,0.825
2019-06-08,68.4,2.6375
2019-06-09,68.4,1.4125
2019-06-10,68.9,0.4625
2019-06-11,69.7,0.4
2019-06-12,69.5,0.6625
2019-06-13,67.5,2.0
2019-06-14,68.0,1.5125
2019-06-15,66.7,0.75
2019-06-16,65.9,0.8375
2019-06-17,66.3,0.4125
2019-06-18,67.0,0.6125
2019-06-19,68.0,0.675
2019-06-20,67.7,1.5375
2019-06-21,66.5,1.3625
2019-06-22,66.4,0.7875
2019-06-23,67.2,0.45
2019-06-24,67.9,1.1
2019-06-25,67.9,0.6625
2019-06-26,68.0,1.25
2019-06-27,67.0,0.75
2019-06-28,68.1,0.8375
2019-06-29,67.6,0.5875
2019-06-30,67.4,0.8125
2019-07-01,68.2,1.9
2019-07-02,67.3,1.1625
2019-07-03,66.9,0.8125
2019-07-04,67.6,1.0625
2019-07-05,66.8,0.925
2019-07-06,66.5,0.625
2019-07-07,67.3,1.0
2019-07-08,66.5,1.5375
2019-07-09,67.5,2.7125
2019-07-10,67.8,2.625
2019-07-11,67.1,1.425
2019-07-12,66.8,1.175
2019-07-13,66.0,1.375
2019-07-14,67.2,1.175
2019-07-15,67.1,1.625
2019-07-16,67.2,1.1625
2019-07-17,67.8,1.325
2019-07-18,67.0,0.6625
2019-07-19,66.7,0.675
2019-07-20,67.0,0.375
2019-07-21,67.7,1.6375
2019-07-22,67.3,1.825
2019-07-23,67.4,1.4375
2019-07-24,67.8,0.95
2019-07-25,68.2,0.4125
2019-07-26,67.6,0.225
2019-07-27,66.7,0.9375
2019-07-28,67.1,1.0
2019-07-29,66.1,0.9875
2019-07-30,66.2,1.6625
2019-07-31,66.9,1.7125
2019-08-01,66.8,1.6
2019-08-02,66.9,0.7125
2019-08-03,65.7,0.3125
2019-08-04,66.9,0.7
2019-08-05,68.1,3.9625
2019-08-06,68.1,2.3
2019-08-07,68.0,1.4125
2019-08-08,68.6,1.4625
2019-08-09,67.2,1.425
2019-08-10,67.2,1.6375
2019-08-11,67.6,1.2875
2019-08-12,67.2,1.1625
2019-08-13,66.8,1.5875
2019-08-14,67.4,0.825
2019-08-15,67.6,0.7625
2019-08-16,67.5,1.0
2019-08-17,68.0,0.9125
2019-08-18,67.5,1.3
2019-08-19,67.7,0.675
2019-08-20,67.3,1.0125
2019-08-21,66.8,0.8625
2019-08-22,65.7,1.25
2019-08-23,66.5,0.8375
2019-08-24,66.3,0.8625
2019-08-25,66.0,0.7
2019-08-26,65.8,1.275
2019-08-27,66.1,2.3375
2019-08-28,65.9,1.05
2019-08-29,65.9,0.6875
2019-08-30,66.5,1.9625
2019-08-31,66.4,4.5
2019-09-01,67.1,4.8375
2019-09-02,68.8,3.425
2019-09-03,68.6,2.05
2019-09-04,68.6,2.4625
2019-09-05,68.3,2.5375
2019-09-06,68.9,1.6375
2019-09-07,73.9,1.525
2019-09-08,67.5,2.0875
2019-09-09,68.8,2.7375
2019-09-10,70.0,0.95
2019-09-11,68.1,1.05
2019-09-12,69.4,1.375
2019-09-13,68.3,1.7625
2019-09-14,68.6,1.35
2019-09-15,67.7,1.875
2019-09-16,68.7,2.0875
2019-09-17,67.5,1.625
2019-09-18,66.3,1.875
2019-09-19,67.1,0.6625
2019-09-20,67.2,0.5375
2019-09-21,67.7,1.65
2019-09-22,68.3,0.7375
2019-09-23,66.1,0.5375
2019-09-24,67.1,2.375
2019-09-25,67.5,0.8625
2019-09-26,67.1,0.6125
2019-09-27,66.4,2.8625
2019-09-28,67.3,3.6625
2019-09-29,67.4,2.5125
2019-09-30,67.9,2.575
2019-10-01,68.7,2.0375
2019-10-02,68.3,1.5
2019-10-03,68.2,1.0375
2019-10-04,68.1,1.6875
2019-10-05,67.8,1.7125
2019-10-06,67.4,1.0375
2019-10-07,67.7,1.375
2019-10-08,67.1,1.125
2019-10-09,68.1,1.8375
2019-10-10,67.5,2.4
2019-10-11,68.5,1.7
2019-10-12,68.3,1.175
2019-10-13,67.2,0.0875
2019-10-14,66.2,1.2625
2019-10-15,67.2,0.825
2019-10-16,66.3,1.375
2019-10-17,66.1,1.25
2019-10-18,66.1,1.3375
2019-10-19,66.0,1.1
2019-10-20,65.0,1.0875
2019-10-21,64.0,1.05
2019-10-22,65.6,0.575
2019-10-23,64.5,0.25
2019-10-24,65.0,2.775
2019-10-25,68.6,3.65
2019-10-26,68.6,3.7125
2019-10-27,68.8,2.8375
2019-10-28,69.4,2.375
2019-10-29,69.2,1.675
2019-10-30,69.7,1.6875
2019-10-31,71.2,1.2875
2019-11-01,70.7,0.6625
2019-11-02,70.7,0.1625
2019-11-03,69.4,0.25
2019-11-04,70.8,0.925
2019-11-05,70.4,1.3375
2019-11-06,69.3,1.425
2019-11-07,69.8,0.875
2019-11-08,70.2,0.6375
2019-11-09,69.6,0.9625
2019-11-10,70.8,0.525
2019-11-11,69.5,1.8875
2019-11-12,70.8,0.7875
2019-11-13,71.1,0.25
2019-11-14,69.9,0.575
2019-11-15,70.0,0.45
2019-11-16,69.7,1.5125
2019-11-17,70.1,0.95
2019-11-18,70.4,0.0375
2019-11-19,69.2,0.45
2019-11-20,70.2,0.25
2019-11-21,70.8,2.225
2019-11-22,69.6,2.6625
2019-11-23,70.2,2.3
2019-11-24,70.6,2.4125
2019-11-25,69.5,1.1
2019-11-26,70.4,0.575
2019-11-27,71.5,1.0875
2019-11-28,70.2,0.6875
2019-11-29,69.8,1.0125
2019-11-30,70.4,0.7875
2019-12-01,71.2,0.8375
2019-12-02,70.4,0.25
2019-12-03,69.9,0.1875
2019-12-04,69.6,0.7125
2019-12-05,70.7,0.3
2019-12-06,70.3,0.55
2019-12-07,70.2,0.375
2019-12-08,71.6,0.525
2019-12-09,70.7,0.8375
2019-12-10,70.6,0.875
2019-12-11,70.7,1.35
2019-12-12,70.5,0.7375
2019-12-13,68.9,0.7375
2019-12-14,70.3,0.3625
2019-12-15,71.0,1.1125
2019-12-16,70.0,0.375
2019-12-17,70.5,0.3
2019-12-18,70.2,2.325
2019-12-19,69.9,2.325
2019-12-20,70.0,1.375
2019-12-21,70.6,1.0375
2019-12-22,71.0,0.75
2019-12-23,72.6,0.6125
2019-12-24,72.7,0.275
2019-12-25,72.1,0.8
2019-12-26,72.1,0.875
2019-12-27,72.4,0.425
2019-12-28,72.2,0.2
2019-12-29,72.0,0.125
2019-12-30,70.9,0.2875
2019-12-31,70.5,0.675
2020-01-01,71.8,0.5875
2020-01-02,71.9,0.45
2020-01-03,71.2,1.2125
2020-01-04,72.2,1.3875
2020-01-05,71.8,1.9625
2020-01-06,70.5,1.75
2020-01-07,71.6,1.125
2020-01-08,73.7,1.375
2020-01-09,74.4,2.4625
2020-01-10,72.8,1.4625
2020-01-11,73.5,1.275
2020-01-12,71.9,0.5375
2020-01-13,71.5,0.4125
2020-01-14,71.9,0.275
2020-01-15,71.2,0.8
2020-01-16,71.8,1.0
2020-01-17,70.1,0.525
2020-01-18,71.3,0.5875
2020-01-19,71.8,0.125
2020-01-20,71.2,0.075
2020-01-21,70.5,1.2875
2020-01-22,71.9,1.45
2020-01-23,70.8,0.8625
2020-01-24,71.0,0.275
2020-01-25,72.7,0.4875
2020-01-26,74.7,0.675
2020-01-27,72.9,0.325
2020-01-28,74.2,0.95
2020-01-29,74.3,1.875
2020-01-30,74.1,2.5375
2020-01-31,73.9,1.5875
2020-02-01,72.5,1.375
2020-02-02,72.2,1.3625
2020-02-03,72.1,0.85
2020-02-04,70.3,1.425
2020-02-05,70.6,1.125
2020-02-06,71.3,2.7875
2020-02-07,70.8,2.75
2020-02-08,72.0,1.4625
2020-02-09,70.6,1.5625
2020-02-10,70.2,1.175
2020-02-11,71.1,1.2125
2020-02-12,71.6,1.125
2020-02-13,71.2,0.4
2020-02-14,71.3,0.4625
2020-02-15,70.6,1.0125
2020-02-16,70.5,0.5375
2020-02-17,70.7,1.4875
2020-02-18,71.0,2.5875
2020-02-19,71.0,2.3625
2020-02-20,70.8,1.8375
2020-02-21,71.2,2.675
2020-02-22,72.3,1.975
2020-02-23,70.2,1.025
2020-02-24,70.1,0.875
2020-02-25,70.6,0.4
2020-02-26,70.1,0.7
2020-02-27,70.9,0.625
2020-02-28,70.6,1.4625
2020-02-29,70.1,2.2125
2020-03-01,69.3,1.375
2020-03-02,69.3,1.0
2020-03-03,70.0,1.425
2020-03-04,69.8,1.4125
2020-03-05,69.5,0.8125
2020-03-06,70.0,0.925
2020-03-07,69.9,0.8625
2020-03-08,70.2,1.3
2020-03-09,70.8,1.2625
2020-03-10,70.8,0.8375
2020-03-11,70.5,0.5375
2020-03-12,69.9,1.425
2020-03-13,68.8,1.7125
2020-03-14,68.1,0.4625
2020-03-15,70.2,1.0
2020-03-16,69.8,1.0875
2020-03-17,71.6,1.375
2020-03-18,72.0,1.3375
2020-03-19,72.1,2.1625
2020-03-20,71.7,1.5875
2020-03-21,70.8,1.9125
2020-03-22,70.2,1.6625
2020-03-23,70.4,2.4375
2020-03-24,71.2,0.7375
2020-03-25,71.2,0.7125
2020-03-26,70.2,1.075
2020-03-27,69.4,1.3375
2020-03-28,69.2,1.1625
2020-03-29,68.8,1.625
2020-03-30,69.3,2.225
2020-03-31,69.9,2.7875
2020-04-01,69.2,1.325
2020-04-02,69.8,1.5875
2020-04-03,69.9,1.75
2020-04-04,70.1,1.0
2020-04-05,71.2,1.0
2020-04-06,69.9,0.45
2020-04-07,69.9,0.575
2020-04-08,70.4,2.6375
2020-04-09,70.3,1.0125
2020-04-10,69.2,0.95
2020-04-11,70.6,1.625
2020-04-12,70.8,1.5875
2020-04-13,70.3,1.1625
2020-04-14,68.9,1.6125
2020-04-15,68.4,1.55
2020-04-16,68.5,0.8625
2020-04-17,67.9,0.775
2020-04-18,69.8,0.825
2020-04-19,68.6,0.2
2020-04-20,68.2,2.6125
2020-04-21,69.1,2.0
2020-04-22,70.7,1.6625
2020-04-23,68.7,0.7
2020-04-24,69.7,1.5875
2020-04-25,68.9,1.0
2020-04-26,69.2,1.5625
2020-04-27,69.0,1.55
2020-04-28,69.0,1.1625
2020-04-29,69.9,0.45
2020-04-30,69.8,0.2375
2020-05-01,70.2,1.075
2020-05-02,69.2,1.05
2020-05-03,68.7,0.95
2020-05-04,69.3,1.2
2020-05-05,69.3,1.4125
2020-05-06,69.8,0.9875
2020-05-07,68.7,0.6875
2020-05-08,67.9,0.6625
2020-05-09,71.0,0.2375
2020-05-10,67.9,0.7375
2020-05-11,66.2,0.95
2020-05-12,68.9,0.7
2020-05-13,68.8,0.7
2020-05-14,67.2,0.3
2020-05-15,67.8,0.525
2020-05-16,69.4,0.5875
2020-05-17,69.6,0.4125
2020-05-18,70.2,0.7125
2020-05-19,68.7,1.1625
2020-05-20,69.6,0.5
2020-05-21,70.2,1.2125
2020-05-22,70.8,1.425
2020-05-23,69.1,0.75
2020-05-24,68.8,1.0
2020-05-25,70.3,1.2625
2020-05-26,69.7,0.7125
2020-05-27,68.0,0.6875
2020-05-28,67.5,0.5
2020-05-29,69.6,0.575
2020-05-30,70.0,2.95
2020-05-31,70.8,0.7375
2020-06-01,69.2,1.2125
2020-06-02,70.4,1.625
2020-06-03,70.0,0.575
2020-06-04,70.1,0.875
2020-06-05,71.1,0.65
2020-06-06,71.6,0.4375
2020-06-07,71.6,1.575
2020-06-08,71.0,1.0125
2020-06-09,72.4,1.0125
2020-06-10,71.0,1.6125
2020-06-11,71.5,0.6125
2020-06-12,70.5,0.5875
2020-06-13,69.4,0.5
2020-06-14,70.2,0.375
2020-06-15,70.4,0.625
2020-06-16,69.3,1.2625
2020-06-17,68.8,0.8375
2020-06-18,67.9,0.925
2020-06-19,68.8,0.925
2020-06-20,67.8,1.2875
2020-06-21,67.6,0.8
2020-06-22,67.6,0.4
2020-06-23,67.1,0.7
2020-06-24,66.9,0.7625
2020-06-25,68.9,0.5375
2020-06-26,67.8,1.2375
2020-06-27,68.9,1.525
2020-06-28,69.2,0.625
2020-06-29,68.7,0.4125
2020-06-30,68.1,0.9625
2020-07-01,68.9,1.0375
2020-07-02,68.0,0.7125
2020-07-03,69.3,0.7125
2020-07-04,69.5,1.6125
2020-07-05,69.4,2.175
2020-07-06,68.5,1.025
2020-07-07,67.7,0.6125
2020-07-08,67.2,0.3125
2020-07-09,68.7,0.625
2020-07-10,68.8,0.35
2020-07-11,68.7,0.45
2020-07-12,67.6,0.325
2020-07-13,68.2,1.4625
2020-07-14,68.9,1.9125
2020-07-15,68.4,1.0375
2020-07-16,68.7,0.7875
2020-07-17,69.0,0.8625
2020-07-18,67.8,0.7375
2020-07-19,68.9,0.85
2020-07-20,69.3,0.6625
2020-07-21,69.8,0.925
2020-07-22,70.0,0.575
2020-07-23,70.3,0.4875
2020-07-24,69.5,2.5125
2020-07-25,70.4,2.5125
2020-07-26,71.4,0.525
2020-07-27,71.4,0.725
2020-07-28,71.8,0.85
2020-07-29,72.6,0.9625
2020-07-30,73.3,0.7125
2020-07-31,72.3,0.875
2020-08-01,72.0,0.5875
2020-08-02,72.7,2.0
2020-08-03,72.7,3.025
2020-08-04,73.0,1.7375
2020-08-05,73.4,1.25
2020-08-06,73.1,1.0875
2020-08-07,74.0,0.7
2020-08-08,74.7,1.1625
2020-08-09,73.9,0.3625
2020-08-10,74.2,0.3625
2020-08-11,73.5,0.3625
2020-08-12,73.1,0.75
2020-08-13,72.3,0.775
2020-08-14,70.8,0.7125
2020-08-15,70.6,0.3125
2020-08-16,70.9,0.7
2020-08-17,70.8,0.5875
2020-08-18,71.3,1.4125
2020-08-19,70.5,1.0375
2020-08-20,69.9,0.55
2020-08-21,70.9,0.7
2020-08-22,70.0,1.55
2020-08-23,70.6,1.875
2020-08-24,70.3,0.425
2020-08-25,70.6,0.625
2020-08-26,70.4,1.55
2020-08-27,70.0,1.6625
2020-08-28,70.1,1.7625
2020-08-29,70.2,2.6125
2020-08-30,70.0,2.0
2020-08-31,69.2,3.7625
2020-09-01,69.5,3.175
2020-09-02,68.3,2.2625
2020-09-03,70.0,0.7125
2020-09-04,69.7,1.7
2020-09-05,69.2,1.3375
2020-09-06,69.5,1.0
2020-09-07,70.2,0.7875
2020-09-08,69.9,0.75
2020-09-09,69.7,0.125
2020-09-10,69.3,0.275
2020-09-11,68.7,0.4125
2020-09-12,69.3,1.15
2020-09-13,69.8,1.4
2020-09-14,68.9,2.2875
2020-09-15,68.8,1.3125
2020-09-16,69.5,0.575
2020-09-17,69.7,0.525
2020-09-18,69.9,0.8375
2020-09-19,70.6,0.4625
2020-09-20,70.2,0.75
2020-09-21,71.3,0.3625
2020-09-22,72.4,1.3125
2020-09-23,73.3,2.225
2020-09-24,73.6,2.95
2020-09-25,73.4,2.9875
2020-09-26,72.6,3.6375
2020-09-27,74.1,3.0125
2020-09-28,73.9,4.2625
2020-09-29,72.8,3.125
2020-09-30,73.3,2.9625
2020-10-01,72.8,2.325
2020-10-02,72.2,1.95
2020-10-03,71.8,1.175
2020-10-04,71.2,0.8375
2020-10-05,72.3,1.9
2020-10-06,71.7,1.25
2020-10-07,70.7,0.95
2020-10-08,71.6,0.4125
2020-10-09,73.1,0.075
2020-10-10,73.6,0.175
2020-10-11,72.9,0.4
2020-10-12,73.8,0.5375
2020-10-13,72.3,0.45
2020-10-14,74.5,0.0
2020-10-15,73.8,0.25
2020-10-16,75.3,0.85
2020-10-17,73.1,1.125
2020-10-18,75.9,0.4
2020-10-19,74.8,1.55
2020-10-20,74.7,0.875
2020-10-21,73.7,1.8
2020-10-22,74.9,1.0625
2020-10-23,73.5,2.125
2020-10-24,72.1,3.075
2020-10-25,74.2,2.7625
2020-10-26,75.0,2.875
2020-10-27,82.4,1.7875
2020-10-28,87.6,2.3
2020-10-29,84.6,2.4125
2020-10-30,79.6,1.075
2020-10-31,76.8,1.375
2020-11-01,77.3,1.8
2020-11-02,81.6,0.3375
2020-11-03,82.9,0.425
2020-11-04,88.1,0.3125
2020-11-05,90.7,0.6625
2020-11-06,93.8,1.75
2020-11-07,90.6,1.5875
2020-11-08,90.0,1.125
2020-11-09,90.0,0.0
2020-11-10,86.8,0.075
2020-11-11,88.1,0.7375
2020-11-12,85.1,0.65
2020-11-13,81.9,0.625
2020-11-14,80.2,0.5875
2020-11-15,78.7,0.6125
2020-11-16,76.6,0.075
2020-11-17,79.1,0.3375
2020-11-18,77.3,0.575
2020-11-19,76.7,0.4
2020-11-20,81.7,1.6375
2020-11-21,85.0,2.175
2020-11-22,87.7,3.7625
2020-11-23,95.5,1.925
2020-11-24,100.4,0.75
2020-11-25,103.7,1.5875
2020-11-26,105.8,1.4875
2020-11-27,106.3,1.575
2020-11-28,109.6,2.125
2020-11-29,116.3,0.8625
2020-11-30,109.4,1.575
2020-12-01,104.1,0.2875
2020-12-02,104.9,0.7125
2020-12-03,102.9,0.45
2020-12-04,95.8,0.0375
2020-12-05,99.9,0.925
2020-12-06,90.9,1.45
2020-12-07,89.5,0.3
2020-12-08,82.4,0.875
2020-12-09,82.1,1.625
2020-12-10,81.5,1.4875
2020-12-11,83.3,1.5
2020-12-12,81.8,0.875
2020-12-13,80.6,1.0375
2020-12-14,83.0,0.625
2020-12-15,82.9,0.4625
2020-12-16,81.9,0.4125
2020-12-17,81.8,0.1625
2020-12-18,81.8,0.275
2020-12-19,81.7,1.2
2020-12-20,83.8,0.9875
2020-12-21,79.6,2.45
2020-12-22,85.8,2.75
2020-12-23,86.4,2.3125
2020-12-24,87.4,1.925
2020-12-25,87.7,1.0375
2020-12-26,87.9,0.975
2020-12-27,87.8,1.3875
2020-12-28,87.2,1.7875
2020-12-29,84.2,1.4625
2020-12-30,82.8,1.8875
2020-12-31,81.2,0.6125
2021-01-01,80.4,0.5375
2021-01-02,81.5,0.075
2021-01-03,80.4,0.1125
2021-01-04,77.6,0.3125
2021-01-05,75.1,1.975
2021-01-06,74.1,2.25
2021-01-07,74.6,1.1125
2021-01-08,75.2,0.225
2021-01-09,74.2,0.325
2021-01-10,73.1,0.5875
2021-01-11,73.2,2.2375
2021-01-12,72.8,1.875
2021-01-13,73.2,0.75
2021-01-14,73.6,0.15
2021-01-15,73.4,0.5
2021-01-16,77.7,0.725
2021-01-17,77.2,0.275
2021-01-18,75.3,0.75
2021-01-19,78.1,1.3
2021-01-20,77.2,1.3375
2021-01-21,77.6,0.2375
2021-01-22,78.2,0.5
2021-01-23,77.9,0.8375
2021-01-24,77.6,1.25
2021-01-25,77.1,2.75
2021-01-26,75.7,2.2875
2021-01-27,76.3,2.2875
2021-01-28,75.6,0.575
2021-01-29,75.5,0.4875
2021-01-30,73.7,0.2375
2021-01-31,73.4,0.175
2021-02-01,73.0,1.25
2021-02-02,72.3,2.85
2021-02-03,73.3,2.4625
2021-02-04,73.3,1.6625
2021-02-05,73.1,1.3125
2021-02-06,73.0,1.3625
2021-02-07,72.8,3.0125
2021-02-08,73.3,1.375
2021-02-09,72.9,0.825
2021-02-10,72.9,0.4625
2021-02-11,72.4,0.375
2021-02-12,73.5,1.1125
2021-02-13,71.3,2.45
2021-02-14,71.4,0.925
2021-02-15,69.6,1.0125
2021-02-16,70.7,2.375
2021-02-17,71.6,1.825
2021-02-18,72.2,0.9625
2021-02-19,71.6,2.7125
2021-02-20,73.3,3.5
2021-02-21,72.5,3.3375
2021-02-22,74.8,3.1625
2021-02-23,75.8,2.5
2021-02-24,79.2,3.3
2021-02-25,78.7,2.725
2021-02-26,79.6,2.2375
2021-02-27,77.9,0.925
2021-02-28,77.2,1.2
2021-03-01,74.1,3.375
2021-03-02,75.6,3.1125
2021-03-03,75.7,3.2125
2021-03-04,75.4,2.0125
2021-03-05,75.1,1.25
2021-03-06,75.6,2.8125
2021-03-07,77.5,1.8125
2021-03-08,79.9,1.075
2021-03-09,76.5,0.5875
2021-03-10,76.3,0.275
2021-03-11,75.6,0.7125
2021-03-12,75.6,2.5375
2021-03-13,75.9,3.0125
2021-03-14,75.1,3.575
2021-03-15,73.9,1.6625
2021-03-16,73.7,0.5125
2021-03-17,72.8,1.0375
2021-03-18,73.2,1.125
2021-03-19,73.1,1.2875
2021-03-20,74.7,3.7625
2021-03-21,75.2,3.3875
2021-03-22,76.6,1.7
2021-03-23,76.9,2.325
2021-03-24,75.8,2.125
2021-03-25,75.2,2.7125
2021-03-26,75.1,2.2
2021-03-27,75.1,1.1625
2021-03-28,73.9,1.075
2021-03-29,73.4,0.6625
2021-03-30,74.6,0.7125
2021-03-31,72.5,2.125
2021-04-01,77.9,1.7
2021-04-02,71.4,1.2125
2021-04-03,72.2,0.875
2021-04-04,72.0,0.5875
2021-04-05,71.7,0.9125
2021-04-06,71.2,0.375
2021-04-07,70.5,2.8375
2021-04-08,70.3,0.8875
2021-04-09,70.5,0.575
2021-04-10,70.5,0.925
2021-04-11,71.9,1.475
2021-04-12,74.2,1.0875
2021-04-13,73.2,1.2
2021-04-14,73.9,1.3875
2021-04-15,75.5,2.2875
2021-04-16,74.6,3.1125
2021-04-17,75.3,4.0125
2021-04-18,75.8,3.1625
2021-04-19,80.4,3.2
2021-04-20,82.9,2.625
2021-04-21,76.9,1.55
2021-04-22,77.8,1.1
2021-04-23,75.3,2.55
2021-04-24,76.8,1.925
2021-04-25,77.7,3.0125
2021-04-26,78.2,2.1375
2021-04-27,78.4,1.3625
2021-04-28,76.8,0.4125
2021-04-29,76.9,1.025
2021-04-30,72.9,1.1625
2021-05-01,71.6,1.15
2021-05-02,72.0,1.9625
2021-05-03,71.6,1.2125
2021-05-04,70.6,0.7875
2021-05-05,69.5,0.2375
2021-05-06,70.8,0.6625
2021-05-07,74.5,0.5375
2021-05-08,75.9,0.6125
2021-05-09,76.2,0.5625
2021-05-10,76.5,1.6125
2021-05-11,76.1,0.525
2021-05-12,74.7,3.625
2021-05-13,74.7,1.625
2021-05-14,70.9,0.7875
2021-05-15,73.3,1.575
2021-05-16,73.2,0.8875
2021-05-17,74.8,1.375
2021-05-18,76.4,1.8875
2021-05-19,75.9,1.2125
2021-05-20,72.3,3.4875
2021-05-21,73.7,1.425
2021-05-22,75.6,1.0875
2021-05-23,79.0,0.75
2021-05-24,72.7,0.4
2021-05-25,83.5,0.525
2021-05-26,88.0,2.1375
2021-05-27,83.3,2.7
2021-05-28,77.4,0.325
2021-05-29,76.0,1.2875
2021-05-30,74.4,1.2125
2021-05-31,81.7,0.425
2021-06-01,75.2,0.1625
2021-06-02,76.3,1.025
2021-06-03,75.5,1.3375
2021-06-04,77.1,0.9875
2021-06-05,74.4,0.8125
2021-06-06,77.4,0.825
2021-06-07,80.8,2.375
2021-06-08,79.9,1.1875
2021-06-09,78.6,0.65
2021-06-10,73.3,0.9875
2021-06-11,77.3,2.0375
2021-06-12,77.6,2.1125
2021-06-13,68.9,1.0375
2021-06-14,76.8,0.8375
2021-06-15,75.5,2.7625
2021-06-16,80.3,2.7
2021-06-17,85.0,1.375
2021-06-18,77.0,1.625
2021-06-19,77.1,0.75
2021-06-20,76.4,0.825
2021-06-21,79.1,0.75
2021-06-22,80.8,1.4
2021-06-23,79.7,0.75
2021-06-24,80.6,1.0375
2021-06-25,83.4,1.325
2021-06-26,82.4,0.6875
2021-06-27,87.0,0.6625
2021-06-28,88.6,0.625
2021-06-29,92.5,1.125
2021-06-30,94.1,2.5
2021-07-01,94.1,1.175
2021-07-02,94.9,1.125
2021-07-03,93.7,0.8375
2021-07-04,91.1,0.525
2021-07-05,89.4,1.7875
2021-07-06,83.2,1.625
2021-07-07,76.0,1.25
2021-07-08,73.4,0.875
2021-07-09,73.8,1.0
2021-07-10,74.0,1.3625
2021-07-11,73.6,0.6875
2021-07-12,71.6,1.5375
2021-07-13,72.0,1.0
2021-07-14,72.1,2.375
2021-07-15,73.5,2.1625
2021-07-16,75.0,0.8375
2021-07-17,77.4,0.7875
2021-07-18,80.4,0.8125
2021-07-19,82.6,1.7625
2021-07-20,87.0,2.2375
2021-07-21,93.5,1.4125
2021-07-22,89.0,1.7875
2021-07-23,87.4,0.5875
2021-07-24,83.9,0.6625
2021-07-25,81.6,0.4375
2021-07-26,80.8,0.7125
2021-07-27,79.6,1.0
2021-07-28,78.8,2.6375
2021-07-29,75.8,1.9
2021-07-30,75.5,1.55
2021-07-31,75.9,1.45
2021-08-01,74.9,0.75
2021-08-02,74.6,2.3375
2021-08-03,75.9,1.95
2021-08-04,70.8,1.025
2021-08-05,74.3,0.2875
2021-08-06,74.4,1.625
2021-08-07,73.7,2.375
2021-08-08,73.5,0.9875
2021-08-09,73.0,0.875
2021-08-10,73.3,1.575
2021-08-11,73.8,1.1875
2021-08-12,73.6,0.8375
2021-08-13,72.9,1.2
2021-08-14,72.6,0.7125
2021-08-15,74.6,2.0375
2021-08-16,74.4,1.75
2021-08-17,73.1,1.1625
2021-08-18,75.3,1.3625
2021-08-19,74.9,0.85
2021-08-20,77.7,1.4125
2021-08-21,77.1,0.7375
2021-08-22,77.1,0.4625
2021-08-23,78.1,0.35
2021-08-24,80.9,0.95
2021-08-25,83.6,1.775
2021-08-26,88.6,1.2625
2021-08-27,89.5,3.25
2021-08-28,89.9,2.4
2021-08-29,88.7,1.725
2021-08-30,90.6,1.6625
2021-08-31,84.4,1.45
2021-09-01,84.2,1.125
2021-09-02,85.8,0.7875
2021-09-03,83.8,1.6875
2021-09-04,86.5,1.15
2021-09-05,93.3,1.45
2021-09-06,99.5,1.4625
2021-09-07,101.2,1.8125
2021-09-08,100.4,2.6625
2021-09-09,99.7,1.0625
2021-09-10,96.3,1.7125
2021-09-11,91.8,1.5
2021-09-12,87.7,1.4125
2021-09-13,83.3,1.925
2021-09-14,78.1,1.375
2021-09-15,75.2,1.3
2021-09-16,73.2,0.6625
2021-09-17,73.4,3.25
2021-09-18,73.7,1.7875
2021-09-19,75.0,0.325
2021-09-20,80.0,0.5625
2021-09-21,84.9,1.45
2021-09-22,88.5,2.3
2021-09-23,89.7,1.9625
2021-09-24,88.4,1.675
2021-09-25,88.4,1.55
2021-09-26,86.3,0.2
2021-09-27,85.3,1.575
2021-09-28,88.9,2.2
2021-09-29,101.6,1.0375
2021-09-30,94.6,1.5
2021-10-01,90.5,2.45
2021-10-02,87.0,1.375
2021-10-03,86.0,1.3375
2021-10-04,83.5,1.05
2021-10-05,81.7,0.9875
2021-10-06,84.8,1.9625
2021-10-07,85.7,0.625
2021-10-08,92.4,0.7375
2021-10-09,81.0,1.0125
2021-10-10,84.5,2.0375
2021-10-11,88.5,2.7875
2021-10-12,83.5,4.7
2021-10-13,83.5,1.05
2021-10-14,84.0,1.7375
2021-10-15,81.7,1.075
2021-10-16,80.4,1.2
2021-10-17,77.6,2.075
2021-10-18,76.8,2.1
2021-10-19,78.8,2.4125
2021-10-20,77.9,1.375
2021-10-21,82.4,1.3875
2021-10-22,85.7,0.6625
2021-10-23,90.1,0.525
2021-10-24,93.8,0.85
2021-10-25,101.8,1.0
2021-10-26,110.8,1.05
2021-10-27,112.2,0.4125
2021-10-28,112.7,0.2
2021-10-29,108.0,0.2875
2021-10-30,110.4,1.9375
2021-10-31,101.7,2.65
2021-11-01,97.6,1.8875
2021-11-02,96.0,3.0875
2021-11-03,92.4,2.2125
2021-11-04,92.4,4.975
2021-11-05,91.2,2.3375
2021-11-06,87.0,3.0875
2021-11-07,89.9,0.8125
2021-11-08,90.8,1.0
2021-11-09,91.4,1.475
2021-11-10,96.9,1.4
2021-11-11,84.2,0.825
2021-11-12,84.1,0.55
2021-11-13,83.6,0.2375
2021-11-14,79.1,0.5875
2021-11-15,80.9,1.4125
2021-11-16,80.8,2.5375
2021-11-17,80.4,2.5375
2021-11-18,78.9,1.15
2021-11-19,78.9,1.125
2021-11-20,81.6,2.15
2021-11-21,79.8,2.675
2021-11-22,79.5,1.8625
2021-11-23,80.9,2.125
2021-11-24,86.6,1.05
2021-11-25,84.9,1.05
2021-11-26,93.6,0.4875
2021-11-27,92.4,0.75
2021-11-28,93.5,1.9625
2021-11-29,92.4,1.6
2021-11-30,90.0,1.2375
2021-12-01,86.4,3.2125
2021-12-02,86.6,2.175
2021-12-03,85.3,1.7875
2021-12-04,88.1,1.5875
2021-12-05,82.7,1.7375
2021-12-06,80.0,1.6875
2021-12-07,78.9,0.8125
2021-12-08,76.9,0.875
2021-12-09,76.7,0.3
2021-12-10,75.7,0.575
2021-12-11,76.2,0.8625
2021-12-12,79.9,0.6125
2021-12-13,80.6,0.9125
2021-12-14,88.9,1.075
2021-12-15,102.5,2.0875
2021-12-16,117.9,1.875
2021-12-17,120.9,0.575
2021-12-18,121.3,0.6625
2021-12-19,115.3,1.9625
2021-12-20,122.7,2.7875
2021-12-21,136.6,2.0125
2021-12-22,140.4,2.325
2021-12-23,129.8,0.825
2021-12-24,126.2,1.175
2021-12-25,130.7,1.6375
2021-12-26,125.4,0.625
2021-12-27,123.9,2.125
2021-12-28,120.5,1.8
2021-12-29,111.4,1.45
2021-12-30,102.4,1.8125
2021-12-31,101.5,0.825
2022-01-01,93.9,2.4125
2022-01-02,89.0,2.025
2022-01-03,84.0,2.4125
2022-01-04,85.5,1.075
2022-01-05,83.7,0.625
2022-01-06,93.7,0.0375
2022-01-07,107.3,0.0
2022-01-08,102.4,1.7125
2022-01-09,102.1,2.0
2022-01-10,102.2,1.4875
2022-01-11,100.0,0.9625
2022-01-12,103.2,0.6625
2022-01-13,105.5,0.4875
2022-01-14,110.2,1.9625
2022-01-15,115.6,3.3
2022-01-16,119.4,3.0375
2022-01-17,113.5,2.0875
2022-01-18,114.5,3.0375
2022-01-19,105.3,3.325
2022-01-20,99.3,0.775
2022-01-21,97.3,1.625
2022-01-22,95.2,2.2
2022-01-23,93.5,1.575
2022-01-24,95.2,0.7875
2022-01-25,100.9,2.8375
2022-01-26,101.8,2.3375
2022-01-27,107.1,1.5125
2022-01-28,113.4,1.6375
2022-01-29,125.3,2.5125
2022-01-30,129.6,2.3875
2022-01-31,129.5,2.175
2022-02-01,128.6,1.3
2022-02-02,128.2,2.0125
2022-02-03,126.5,3.6625
2022-02-04,129.6,4.2125
2022-02-05,125.9,2.5125
2022-02-06,123.6,2.8125
2022-02-07,127.2,1.6125
2022-02-08,123.1,1.0375
2022-02-09,125.9,0.3625
2022-02-10,118.0,3.2625
2022-02-11,113.1,3.1625
2022-02-12,110.5,2.75
2022-02-13,105.4,2.9125
2022-02-14,106.5,1.7125
2022-02-15,114.3,0.925
2022-02-16,102.9,2.0875
2022-02-17,96.7,1.1125
2022-02-18,93.3,1.3375
2022-02-19,95.7,1.9875
2022-02-20,93.3,2.425
2022-02-21,97.8,2.2625
2022-02-22,95.3,2.6625
2022-02-23,95.5,1.5875
2022-02-24,92.3,1.2375
2022-02-25,96.2,1.775
2022-02-26,96.5,0.125
2022-02-27,96.9,2.3375
2022-02-28,99.0,1.7875
2022-03-01,99.3,2.0375
2022-03-02,109.5,0.8125
2022-03-03,110.9,1.025
2022-03-04,113.1,2.325
2022-03-05,120.1,3.6375
2022-03-06,115.7,2.9625
2022-03-07,118.3,1.9
2022-03-08,115.3,1.25
2022-03-09,114.8,1.1
2022-03-10,127.1,1.825
2022-03-11,126.5,3.3625
2022-03-12,124.7,1.9875
2022-03-13,122.9,3.6625
2022-03-14,114.9,2.15
2022-03-15,110.4,1.4125
2022-03-16,106.6,1.375
2022-03-17,102.8,1.225
2022-03-18,97.8,0.55
2022-03-19,94.4,1.125
2022-03-20,94.9,1.8
2022-03-21,97.7,0.7125
2022-03-22,105.9,1.9125
2022-03-23,105.6,1.5125
2022-03-24,111.6,2.2375
2022-03-25,112.4,1.8875
2022-03-26,118.7,1.45
2022-03-27,130.3,2.875
2022-03-28,156.0,1.675
2022-03-29,149.2,1.875
2022-03-30,151.3,1.3375
2022-03-31,239.5,3.8
2022-04-01,146.6,2.9125
2022-04-02,143.3,3.2625
2022-04-03,140.2,1.7875
2022-04-04,128.0,2.3
2022-04-05,122.4,1.4875
2022-04-06,117.0,1.4125
2022-04-07,111.1,2.425
2022-04-08,108.9,1.75
2022-04-09,107.1,3.025
2022-04-10,101.1,3.375
2022-04-11,98.7,2.3
2022-04-12,96.2,2.2125
2022-04-13,98.7,1.7125
2022-04-14,103.4,4.45
2022-04-15,110.3,3.5375
2022-04-16,122.4,1.7875
2022-04-17,134.9,2.35
2022-04-18,140.5,2.025
2022-04-19,160.1,1.4875
2022-04-20,165.5,1.8125
2022-04-21,164.4,2.1875
2022-04-22,162.5,1.575
2022-04-23,159.8,2.45
2022-04-24,158.5,1.2125
2022-04-25,156.6,0.925
2022-04-26,148.9,0.45
2022-04-27,141.5,2.6625
2022-04-28,132.2,2.8375
2022-04-29,123.5,2.5875
2022-04-30,119.7,2.7875
2022-05-01,109.0,1.9625
2022-05-02,111.9,1.05
2022-05-03,113.8,1.5125
2022-05-04,130.1,1.4625
2022-05-05,119.9,0.7875
2022-05-06,119.2,0.825
2022-05-07,118.1,0.2875
2022-05-08,119.2,1.425
2022-05-09,117.0,1.525
2022-05-10,115.8,0.525
2022-05-11,132.9,1.2875
2022-05-12,133.0,1.8375
2022-05-13,149.5,1.5875
2022-05-14,152.7,1.5875
2022-05-15,153.6,2.1625
2022-05-16,161.7,2.0875
2022-05-17,170.8,2.3375
2022-05-18,179.9,1.375
2022-05-19,173.2,2.125
2022-05-20,165.5,2.375
2022-05-21,166.7,2.2625
2022-05-22,164.7,2.2125
2022-05-23,158.2,0.9
2022-05-24,146.9,0.75
2022-05-25,136.5,1.5
2022-05-26,122.7,0.925
2022-05-27,113.6,2.6125
2022-05-28,101.8,3.05
2022-05-29,98.4,3.0375
2022-05-30,100.6,1.95
2022-05-31,98.0,2.0875
2022-06-01,104.2,1.2
2022-06-02,100.9,0.9
2022-06-03,100.7,0.85
2022-06-04,100.9,0.5375
2022-06-05,98.7,0.8875
2022-06-06,96.4,2.125
2022-06-07,98.4,1.6875
2022-06-08,99.9,1.0
2022-06-09,106.4,1.1125
2022-06-10,110.5,0.9125
2022-06-11,112.1,1.75
2022-06-12,121.3,2.125
2022-06-13,131.5,2.6
2022-06-14,145.5,1.7625
2022-06-15,140.0,2.9625
2022-06-16,146.7,2.3625
2022-06-17,148.9,2.6875
2022-06-18,140.2,2.4625
2022-06-19,143.6,2.1625
2022-06-20,136.5,2.1875
2022-06-21,138.7,1.7625
2022-06-22,128.7,2.2125
2022-06-23,121.4,2.25
2022-06-24,115.4,1.3625
2022-06-25,108.1,2.675
2022-06-26,102.0,3.4625
2022-06-27,98.2,1.875
2022-06-28,96.1,1.6875
2022-06-29,96.2,1.175
2022-06-30,95.7,0.725
2022-07-01,98.0,1.2125
2022-07-02,100.2,2.8875
2022-07-03,102.2,1.6125
2022-07-04,104.4,3.35
2022-07-05,109.4,0.5375
2022-07-06,114.6,0.8875
2022-07-07,121.3,2.7375
2022-07-08,129.6,3.1
2022-07-09,136.9,1.3375
2022-07-10,153.0,1.3625
2022-07-11,161.0,2.0375
2022-07-12,164.9,3.075
2022-07-13,164.8,0.9625
2022-07-14,169.0,0.8625
2022-07-15,171.4,1.75
2022-07-16,176.2,1.475
2022-07-17,161.2,0.8625
2022-07-18,149.4,1.825
2022-07-19,144.1,3.925
2022-07-20,132.2,1.4
2022-07-21,121.7,2.8875
2022-07-22,114.7,2.275
2022-07-23,110.5,2.7125
2022-07-24,107.1,2.0
2022-07-25,102.3,1.175
2022-07-26,98.8,1.625
2022-07-27,98.0,2.1625
2022-07-28,93.4,1.7
2022-07-29,93.0,0.825
2022-07-30,90.8,1.525
2022-07-31,94.3,2.3
2022-08-01,95.4,1.8875
2022-08-02,97.8,2.15
2022-08-03,99.9,1.9625
2022-08-04,108.8,1.5
2022-08-05,112.2,1.2875
2022-08-06,116.3,0.5875
2022-08-07,116.1,3.2875
2022-08-08,113.0,3.85
2022-08-09,109.4,3.325
2022-08-10,107.6,2.5375
2022-08-11,114.8,3.025
2022-08-12,119.5,1.5
2022-08-13,124.2,2.0
2022-08-14,125.5,1.2375
2022-08-15,130.6,1.1625
2022-08-16,128.5,0.8875
2022-08-17,122.7,3.375
2022-08-18,116.5,3.8
2022-08-19,105.4,3.1625
2022-08-20,101.5,2.2
2022-08-21,97.0,2.7125
2022-08-22,102.6,1.5
2022-08-23,100.9,0.575
2022-08-24,107.8,0.5
2022-08-25,117.8,0.6625
2022-08-26,118.6,0.7875
2022-08-27,127.5,2.25
2022-08-28,251.9,1.675
2022-08-29,130.6,2.5125
2022-08-30,125.6,2.625
2022-08-31,113.3,2.6125
2022-09-01,116.3,1.9375
2022-09-02,129.8,1.75
2022-09-03,123.4,3.525
2022-09-04,128.3,5.425
2022-09-05,130.2,4.5
2022-09-06,126.2,3.375
2022-09-07,126.1,2.6625
2022-09-08,126.6,3.25
2022-09-09,126.2,2.4375
2022-09-10,135.9,2.625
2022-09-11,151.5,1.9125
2022-09-12,150.4,1.675
2022-09-13,154.1,0.55
2022-09-14,144.3,1.8125
2022-09-15,139.7,1.2625
2022-09-16,131.1,0.95
2022-09-17,131.5,1.0
2022-09-18,136.1,2.3
2022-09-19,127.9,2.3
2022-09-20,137.2,1.825
2022-09-21,136.9,1.0875
2022-09-22,136.7,1.2125
2022-09-23,146.3,2.4375
2022-09-24,146.5,2.6625
2022-09-25,134.7,1.3375
2022-09-26,135.1,0.9
2022-09-27,134.5,3.325
2022-09-28,134.8,0.825
2022-09-29,137.2,1.5375
2022-09-30,137.1,2.425
2022-10-01,147.9,0.45
2022-10-02,153.9,2.3625
2022-10-03,155.1,3.4625
2022-10-04,152.4,2.9
2022-10-05,161.0,2.7375
2022-10-06,155.7,3.025
2022-10-07,159.7,2.6375
2022-10-08,157.2,2.3875
2022-10-09,160.5,3.725
2022-10-10,163.2,2.0625
2022-10-11,150.3,1.4
2022-10-12,140.6,1.125
2022-10-13,130.0,0.825
2022-10-14,120.5,2.9125
2022-10-15,115.1,2.8
2022-10-16,119.2,2.9125
2022-10-17,125.6,0.8375
2022-10-18,113.9,1.325
2022-10-19,113.2,0.875
2022-10-20,115.8,1.425
2022-10-21,109.4,0.9
2022-10-22,105.0,3.425
2022-10-23,105.5,2.675
2022-10-24,114.8,1.5875
2022-10-25,116.3,0.7375
2022-10-26,122.4,0.875
2022-10-27,129.7,2.2625
2022-10-28,129.3,2.8125
2022-10-29,133.9,3.75
2022-10-30,130.5,2.45
2022-10-31,127.9,2.4625
2022-11-01,128.1,1.675
2022-11-02,129.7,2.75
2022-11-03,125.3,3.7125
2022-11-04,117.7,2.875
2022-11-05,131.1,2.0125
2022-11-06,130.8,0.55
2022-11-07,134.6,2.8875
2022-11-08,132.3,2.375
2022-11-09,137.6,1.1625
2022-11-10,138.7,0.0375
2022-11-11,137.6,1.8
2022-11-12,138.2,1.0875
2022-11-13,137.0,1.6625
2022-11-14,141.5,0.75
2022-11-15,134.2,0.3875
2022-11-16,132.9,0.4375
2022-11-17,119.2,0.2625
2022-11-18,116.0,1.4125
2022-11-19,115.1,0.95
2022-11-20,119.1,1.2125
2022-11-21,117.0,2.0375
2022-11-22,115.7,0.45
2022-11-23,113.3,0.4125
2022-11-24,109.7,1.3375
2022-11-25,108.5,3.25
2022-11-26,107.1,2.9625
2022-11-27,107.2,2.7625
2022-11-28,107.0,3.2
2022-11-29,107.9,3.3625
2022-11-30,111.0,3.575
2022-12-01,118.7,3.775
2022-12-02,124.0,3.0
2022-12-03,133.8,2.2875
2022-12-04,143.7,2.7875
2022-12-05,149.8,1.575
2022-12-06,144.2,0.75
2022-12-07,148.0,2.55
2022-12-08,143.0,1.9625
2022-12-09,149.1,2.2125
2022-12-10,141.7,1.9375
2022-12-11,147.7,2.125
2022-12-12,150.8,1.2875
2022-12-13,153.0,0.625
2022-12-14,164.7,1.0
2022-12-15,165.9,1.3375
2022-12-16,163.1,1.0
2022-12-17,154.6,0.45
2022-12-18,155.6,0.7875
2022-12-19,152.4,2.0875
2022-12-20,146.4,1.15
2022-12-21,138.7,2.0625
2022-12-22,131.3,2.0875
2022-12-23,127.7,3.3875
2022-12-24,133.3,3.5625
2022-12-25,144.0,2.0125
2022-12-26,150.5,3.175
2022-12-27,159.0,3.65
2022-12-28,160.4,1.1375
2022-12-29,162.8,2.0
2022-12-30,178.3,4.0375
2022-12-31,164.9,2.925
2023-01-01,152.6,2.7625
2023-01-02,146.4,1.7875
2023-01-03,148.5,1.325
2023-01-04,151.0,3.0
2023-01-05,154.3,1.8
2023-01-06,172.4,0.775
2023-01-07,178.9,1.275
2023-01-08,182.5,1.75
2023-01-09,190.9,1.125
2023-01-10,193.0,1.4375
2023-01-11,195.1,1.925
2023-01-12,211.6,2.175
2023-01-13,208.5,2.45
2023-01-14,227.8,2.05
2023-01-15,234.3,4.025
2023-01-16,228.1,2.5875
2023-01-17,221.7,1.125
2023-01-18,220.3,2.675
2023-01-19,226.1,1.375
2023-01-20,217.5,1.2875
2023-01-21,208.7,2.9125
2023-01-22,198.6,2.1125
2023-01-23,189.1,1.5375
2023-01-24,180.2,0.825
2023-01-25,171.8,1.325
2023-01-26,150.6,2.225
2023-01-27,144.9,1.875
2023-01-28,137.6,2.2125
2023-01-29,137.0,1.0875
2023-01-30,135.9,1.0125
2023-01-31,137.0,1.875
2023-02-01,133.5,1.2
2023-02-02,134.9,0.9125
2023-02-03,134.5,1.675
2023-02-04,139.0,1.1375
2023-02-05,144.0,1.1125
2023-02-06,156.7,3.0875
2023-02-07,184.7,3.3
2023-02-08,197.6,3.2
2023-02-09,214.9,3.2375
2023-02-10,207.8,2.9625
2023-02-11,209.5,1.9
2023-02-12,199.7,1.8875
2023-02-13,189.2,0.925
2023-02-14,179.7,1.4875
2023-02-15,173.7,3.8625
2023-02-16,163.2,3.275
2023-02-17,343.1,1.375
2023-02-18,167.2,1.5
2023-02-19,169.0,1.45
2023-02-20,159.8,1.7125
2023-02-21,160.9,2.6625
2023-02-22,151.9,1.6125
2023-02-23,148.2,3.425
2023-02-24,164.1,1.1625
2023-02-25,279.3,2.0375
2023-02-26,159.0,3.4125
2023-02-27,161.2,6.2125
2023-02-28,160.9,3.4625
2023-03-01,162.0,1.75
2023-03-02,168.8,1.925
2023-03-03,190.9,3.4125
2023-03-04,181.6,3.075
2023-03-05,179.8,3.5375
2023-03-06,188.0,2.9375
2023-03-07,180.3,1.9625
2023-03-08,181.9,1.7
2023-03-09,178.8,2.825
2023-03-10,171.2,2.0
2023-03-11,157.4,1.4625
2023-03-12,150.0,1.5875
2023-03-13,143.3,0.4875
2023-03-14,138.5,3.2875
2023-03-15,135.7,3.7625
2023-03-16,135.4,1.125
2023-03-17,134.2,1.3625
2023-03-18,140.3,2.025
2023-03-19,142.7,2.0875
2023-03-20,156.1,2.1125
2023-03-21,151.6,1.7
2023-03-22,158.9,2.825
2023-03-23,151.0,4.35
2023-03-24,157.5,5.075
2023-03-25,160.3,2.8
2023-03-26,159.4,1.7375
2023-03-27,158.2,0.525
2023-03-28,158.7,0.875
2023-03-29,147.8,1.2625
2023-03-30,140.3,3.0875
2023-03-31,129.3,3.3125
2023-04-01,125.3,2.675
2023-04-02,126.9,2.7125
2023-04-03,133.6,2.5
2023-04-04,135.7,2.625
2023-04-05,136.6,2.4625
2023-04-06,137.1,1.7375
2023-04-07,136.3,1.8875
2023-04-08,135.9,1.25
2023-04-09,140.3,1.4125
2023-04-10,139.8,2.5375
2023-04-11,143.4,1.075
2023-04-12,154.0,0.6125
2023-04-13,159.5,1.375
2023-04-14,171.3,1.45
2023-04-15,175.8,1.825
2023-04-16,177.8,0.925
2023-04-17,166.6,1.15
2023-04-18,153.2,2.0875
2023-04-19,147.0,1.9625
2023-04-20,147.0,1.0875
2023-04-21,151.2,2.0375
2023-04-22,141.2,1.475
2023-04-23,135.2,4.275
2023-04-24,133.9,4.925
2023-04-25,130.7,1.7375
2023-04-26,136.5,2.8625
2023-04-27,140.8,3.5
2023-04-28,149.8,3.2875
2023-04-29,155.8,3.4
2023-04-30,153.5,1.9625
2023-05-01,147.9,2.1125
2023-05-02,156.8,1.85
2023-05-03,156.2,0.6625
2023-05-04,162.0,1.375
2023-05-05,161.9,0.725
2023-05-06,151.8,3.7875
2023-05-07,157.2,2.125
2023-05-08,171.9,2.6625
2023-05-09,194.7,2.375
2023-05-10,170.1,3.55
2023-05-11,163.4,2.05
2023-05-12,149.1,3.025
2023-05-13,143.8,2.2875
2023-05-14,139.7,1.7875
2023-05-15,134.5,1.075
2023-05-16,134.3,1.7
2023-05-17,137.9,0.6375
2023-05-18,150.6,0.275
2023-05-19,164.6,1.4125
2023-05-20,169.6,4.05
2023-05-21,163.4,3.2125
2023-05-22,161.5,3.375
2023-05-23,154.9,2.3875
2023-05-24,164.1,2.2875
2023-05-25,152.1,2.425
2023-05-26,149.0,1.3375
2023-05-27,156.9,0.8375
2023-05-28,151.3,2.175
2023-05-29,154.4,0.75
2023-05-30,162.0,0.9625
2023-05-31,161.4,2.2375
2023-06-01,163.9,2.6625
2023-06-02,162.3,1.175
2023-06-03,164.6,0.7625
2023-06-04,168.3,1.9875
2023-06-05,169.2,0.9625
2023-06-06,171.8,1.3375
2023-06-07,167.2,0.75
2023-06-08,168.5,1.1625
2023-06-09,164.3,0.7125
2023-06-10,161.2,0.9
2023-06-11,153.8,2.075
2023-06-12,146.1,1.475
2023-06-13,146.3,1.275
2023-06-14,143.5,0.75
2023-06-15,153.1,3.1875
2023-06-16,157.2,4.0125
2023-06-17,158.1,2.0
2023-06-18,164.1,2.125
2023-06-19,168.8,2.3625
2023-06-20,180.1,2.0125
2023-06-21,176.4,1.4625
2023-06-22,173.2,2.1375
2023-06-23,169.7,2.1125
2023-06-24,160.8,2.9125
2023-06-25,154.8,2.7
2023-06-26,157.7,2.4125
2023-06-27,151.2,2.0
2023-06-28,154.9,1.9
2023-06-29,162.2,3.05
2023-06-30,158.6,1.55
2023-07-01,165.5,1.1375
2023-07-02,170.2,1.0
2023-07-03,173.2,0.9625
2023-07-04,167.2,0.8125
2023-07-05,154.6,1.325
2023-07-06,157.6,2.3375
2023-07-07,161.4,3.225
2023-07-08,160.5,1.275
2023-07-09,179.2,0.7
2023-07-10,190.6,0.95
2023-07-11,213.5,1.725
2023-07-12,193.3,1.525
2023-07-13,202.9,1.625
2023-07-14,180.6,3.3375
2023-07-15,178.5,1.6
2023-07-16,184.3,1.3375
2023-07-17,180.0,3.3
2023-07-18,218.5,2.5875
2023-07-19,188.9,0.9625
2023-07-20,184.3,1.8
2023-07-21,172.8,2.275
2023-07-22,174.4,1.8375
2023-07-23,172.5,1.45
2023-07-24,165.1,1.5
2023-07-25,169.0,1.8
2023-07-26,167.4,3.2875
2023-07-27,165.3,1.5875
2023-07-28,168.2,1.225
2023-07-29,178.6,1.95
2023-07-30,174.4,1.925
2023-07-31,177.1,1.4125
2023-08-01,174.7,1.9625
2023-08-02,172.9,2.3375
2023-08-03,162.9,1.2375
2023-08-04,170.8,2.25
2023-08-05,175.8,3.4625
2023-08-06,173.5,0.325
2023-08-07,169.7,2.0375
2023-08-08,158.9,1.5
2023-08-09,153.4,1.5875
2023-08-10,155.7,1.625
2023-08-11,152.8,0.8375
2023-08-12,148.3,1.6625
2023-08-13,150.4,1.0125
2023-08-14,154.0,0.9375
2023-08-15,158.1,0.6125
2023-08-16,160.1,1.5875
2023-08-17,151.9,1.5
2023-08-18,150.6,2.3625
2023-08-19,150.6,1.6875
2023-08-20,146.3,1.95
2023-08-21,148.7,2.0
2023-08-22,150.9,1.5375
2023-08-23,147.0,0.6625
2023-08-24,144.1,1.5625
2023-08-25,138.9,0.875
2023-08-26,139.3,1.625
2023-08-27,141.5,2.15
2023-08-28,141.7,1.55
2023-08-29,142.2,0.95
2023-08-30,138.6,1.2375
2023-08-31,139.9,1.425
2023-09-01,135.8,2.6375
2023-09-02,131.2,4.4875
2023-09-03,130.5,3.4
2023-09-04,136.0,1.5375
2023-09-05,142.9,1.725
2023-09-06,147.1,1.4625
2023-09-07,160.8,1.35
2023-09-08,160.9,1.2375
2023-09-09,161.4,1.75
2023-09-10,163.9,0.5375
2023-09-11,176.4,1.375
2023-09-12,153.5,2.875
2023-09-13,142.6,2.925
2023-09-14,145.2,2.9
2023-09-15,139.1,1.5875
2023-09-16,140.4,1.2875
2023-09-17,144.6,2.9125
2023-09-18,154.5,4.0
2023-09-19,166.1,4.6625
2023-09-20,155.5,2.9125
2023-09-21,168.1,2.175
2023-09-22,175.7,2.05
2023-09-23,173.0,2.0875
2023-09-24,173.7,2.55
2023-09-25,170.2,3.45
2023-09-26,164.9,3.9125
2023-09-27,156.0,2.7125
2023-09-28,147.8,1.0875
2023-09-29,155.0,2.225
2023-09-30,159.1,2.1
2023-10-01,161.1,1.85
2023-10-02,157.4,1.825
2023-10-03,153.7,1.6625
2023-10-04,155.0,2.3
2023-10-05,156.1,2.425
2023-10-06,155.3,1.7375
2023-10-07,157.2,0.95
2023-10-08,157.1,1.575
2023-10-09,165.5,1.8625
2023-10-10,164.4,0.7125
2023-10-11,158.0,0.5875
2023-10-12,157.1,0.4625
2023-10-13,149.0,2.6
2023-10-14,148.2,1.4
2023-10-15,144.6,0.5875
2023-10-16,144.0,0.4875
2023-10-17,137.3,0.2375
2023-10-18,135.3,2.0
2023-10-19,128.7,1.95
2023-10-20,125.7,1.7125
2023-10-21,122.6,3.0875
2023-10-22,118.8,1.8
2023-10-23,122.1,0.2375
2023-10-24,121.1,0.6375
2023-10-25,125.8,0.675
2023-10-26,126.4,3.375
2023-10-27,127.5,2.2125
2023-10-28,128.0,3.0125
2023-10-29,135.2,3.9125
2023-10-30,139.7,2.4
2023-10-31,147.3,1.875
2023-11-01,158.6,1.9625
2023-11-02,158.4,1.5
2023-11-03,156.1,0.55
2023-11-04,155.3,1.975
2023-11-05,154.8,4.6375
2023-11-06,146.2,4.3375
2023-11-07,145.1,3.125
2023-11-08,145.7,2.8625
2023-11-09,138.7,2.425
2023-11-10,143.9,1.9625
2023-11-11,141.5,0.9625
2023-11-12,137.2,1.875
2023-11-13,132.7,2.4375
2023-11-14,123.8,1.35
2023-11-15,118.9,2.625
2023-11-16,117.9,1.5875
2023-11-17,119.6,0.5875
2023-11-18,127.1,0.2875
2023-11-19,140.1,0.6625
2023-11-20,156.5,1.125
2023-11-21,171.5,3.1125
2023-11-22,189.5,3.9875
2023-11-23,194.2,1.3625
2023-11-24,178.0,1.925
2023-11-25,176.4,4.3
2023-11-26,180.2,1.8375
2023-11-27,187.3,1.7
2023-11-28,254.6,1.6625
2023-11-29,170.6,1.0625
2023-11-30,166.5,1.1125
2023-12-01,162.0,4.9625
2023-12-02,148.2,1.9125
2023-12-03,139.2,2.3875
2023-12-04,137.8,2.1
2023-12-05,141.6,2.8625
2023-12-06,129.9,2.375
2023-12-07,134.6,1.175
2023-12-08,132.6,1.0875
2023-12-09,127.9,0.25
2023-12-10,126.6,0.725
2023-12-11,125.9,0.2
2023-12-12,126.2,1.5375
2023-12-13,134.8,1.7
2023-12-14,155.1,2.75
2023-12-15,144.3,2.1625
2023-12-16,149.0,2.6
2023-12-17,154.6,4.15
2023-12-18,161.4,3.525
2023-12-19,179.3,2.3875
2023-12-20,195.3,2.2125
2023-12-21,193.6,0.95
2023-12-22,186.7,0.475
2023-12-23,174.2,1.2125
2023-12-24,183.4,2.0125
2023-12-25,166.7,0.6125
2023-12-26,154.2,1.2125
2023-12-27,149.4,1.0
2023-12-28,146.7,0.4125
2023-12-29,142.9,1.5
2023-12-30,139.7,0.95
2023-12-31,146.2,0.575
2024-01-01,135.7,1.9125
2024-01-02,142.1,1.925
2024-01-03,140.2,2.35
2024-01-04,125.8,1.2625
2024-01-05,152.7,1.075
2024-01-06,159.4,0.375
2024-01-07,167.1,0.1125
2024-01-08,176.2,0.6625
2024-01-09,175.9,1.2
2024-01-10,186.0,1.75
2024-01-11,192.5,1.3375
2024-01-12,186.4,0.8625
2024-01-13,185.4,0.4625
2024-01-14,187.9,1.675
2024-01-15,182.5,1.3375
2024-01-16,179.6,1.1375
2024-01-17,174.1,0.7625
2024-01-18,162.3,1.4875
2024-01-19,157.4,1.75
2024-01-20,166.3,1.575
2024-01-21,178.5,1.125
2024-01-22,196.1,1.6625
2024-01-23,180.3,1.5875
2024-01-24,172.0,1.65
2024-01-25,160.5,1.25
2024-01-26,156.7,1.1625
2024-01-27,148.1,1.05
2024-01-28,141.1,1.7125
2024-01-29,140.3,1.875
2024-01-30,135.0,1.75
2024-01-31,136.2,1.65
2024-02-01,136.9,1.4125
2024-02-02,142.6,0.5
2024-02-03,156.4,0.2875
2024-02-04,170.4,1.375
2024-02-05,173.4,1.4125
2024-02-06,190.3,1.7625
2024-02-07,188.4,0.7875
2024-02-08,185.0,1.1375
2024-02-09,183.4,1.075
2024-02-10,193.8,1.05
2024-02-11,180.4,2.6625
2024-02-12,208.3,0.9375
2024-02-13,194.8,2.0875
2024-02-14,184.1,1.2125
2024-02-15,178.3,0.7625
2024-02-16,168.8,0.875
2024-02-17,169.9,1.0375
2024-02-18,156.5,1.1125
2024-02-19,152.1,0.1125
2024-02-20,152.6,1.4125
2024-02-21,169.9,0.7125
2024-02-22,173.3,1.3375
2024-02-23,172.9,0.5375
2024-02-24,179.2,1.4125
2024-02-25,180.8,2.425
2024-02-26,171.7,2.2375
2024-02-27,168.3,2.2125
2024-02-28,179.1,1.175
2024-02-29,164.1,0.7875
2024-03-01,152.8,1.7125
2024-03-02,152.3,1.0
2024-03-03,145.5,3.5
2024-03-04,139.9,1.9
2024-03-05,141.5,1.4625
2024-03-06,136.0,1.2125
2024-03-07,136.6,2.5
2024-03-08,129.0,2.025
2024-03-09,134.5,2.3375
2024-03-10,127.0,1.7125
2024-03-11,126.7,0.9625
2024-03-12,130.5,1.025
2024-03-13,128.3,1.825
2024-03-14,127.1,1.675
2024-03-15,129.0,1.4375
2024-03-16,144.1,0.2875
2024-03-17,151.3,0.0375
2024-03-18,177.4,0.8
2024-03-19,168.9,1.7
2024-03-20,175.5,0.9
2024-03-21,196.9,3.45
2024-03-22,197.6,1.95
2024-03-23,210.7,4.1
2024-03-24,195.1,4.95
2024-03-25,190.1,3.575
2024-03-26,178.2,2.35
2024-03-27,174.6,1.45
2024-03-28,172.7,1.875
2024-03-29,167.3,1.125
2024-03-30,139.6,0.8375
2024-03-31,133.6,1.8625
2024-04-01,120.4,2.2125
2024-04-02,112.8,1.675
2024-04-03,111.7,1.425
2024-04-04,113.7,2.175
2024-04-05,120.5,2.45
2024-04-06,122.9,2.175
2024-04-07,124.6,1.575
2024-04-08,124.8,1.4375
2024-04-09,124.4,2.0375
2024-04-10,131.2,1.8375
2024-04-11,143.7,1.175
2024-04-12,151.5,1.2
2024-04-13,161.0,1.25
2024-04-14,178.4,1.2375
2024-04-15,191.9,1.4875
2024-04-16,198.7,4.1125
2024-04-17,216.5,1.4625
2024-04-18,226.9,0.75
2024-04-19,213.4,4.35
2024-04-20,209.5,2.35
2024-04-21,217.1,3.25
2024-04-22,226.8,1.8625
2024-04-23,219.1,1.675
2024-04-24,199.1,0.5875
2024-04-25,166.7,0.3875
2024-04-26,152.6,2.875
2024-04-27,152.6,2.5375
2024-04-28,140.1,1.2625
2024-04-29,137.6,1.5375
2024-04-30,130.2,2.25
2024-05-01,134.8,1.5875
2024-05-02,141.9,4.0
2024-05-03,156.0,1.7125
2024-05-04,166.6,1.05
2024-05-05,176.9,2.0375
2024-05-06,171.2,2.6875
2024-05-07,203.6,1.525
2024-05-08,227.1,1.4375
2024-05-09,233.2,1.2875
2024-05-10,223.4,4.8125
2024-05-11,213.7,8.375
2024-05-12,221.8,4.575
2024-05-13,215.4,3.4875
2024-05-14,219.8,1.6125
2024-05-15,216.0,2.2
2024-05-16,207.2,3.4125
2024-05-17,204.1,3.3625
2024-05-18,194.3,2.3625
2024-05-19,200.7,1.925
2024-05-20,199.7,1.425
2024-05-21,190.8,1.725
2024-05-22,195.7,0.7375
2024-05-23,176.2,1.8625
2024-05-24,162.8,1.95
2024-05-25,152.4,1.3625
2024-05-26,155.6,1.9625
2024-05-27,170.0,1.6875
2024-05-28,166.4,1.0625
2024-05-29,170.5,1.3875
2024-05-30,172.9,1.625
2024-05-31,179.4,2.0375
2024-06-01,226.9,1.0
2024-06-02,179.8,0.95
2024-06-03,186.0,1.875
2024-06-04,192.3,1.4125
2024-06-05,195.3,1.6625
2024-06-06,190.9,1.2125
2024-06-07,184.4,3.4125
2024-06-08,190.4,2.6875
2024-06-09,180.9,1.2125
2024-06-10,177.8,1.7125
2024-06-11,164.9,1.95
2024-06-12,164.9,0.925
2024-06-13,170.1,0.525
2024-06-14,169.0,1.3
2024-06-15,170.7,3.0375
2024-06-16,167.3,2.6375
2024-06-17,179.9,2.45
2024-06-18,192.7,2.35
2024-06-19,196.0,2.25
2024-06-20,203.3,1.65
2024-06-21,196.9,0.7375
2024-06-22,195.7,0.6625
2024-06-23,195.8,2.3
2024-06-24,198.7,0.7875
2024-06-25,193.7,1.7125
2024-06-26,181.4,2.0375
2024-06-27,182.5,1.825
2024-06-28,180.7,5.0125
2024-06-29,186.4,2.6625
2024-06-30,173.8,2.45
2024-07-01,170.6,1.2875
2024-07-02,163.8,1.0
2024-07-03,167.4,1.075
2024-07-04,173.0,2.0875
2024-07-05,165.6,1.75
2024-07-06,166.0,0.4875
2024-07-07,171.3,1.5875
2024-07-08,168.5,2.2875
2024-07-09,178.2,1.5125
2024-07-10,213.6,1.1625
2024-07-11,205.0,1.5
2024-07-12,209.7,1.2625
2024-07-13,238.3,0.7375
2024-07-14,233.9,1.1125
2024-07-15,233.2,1.375
2024-07-16,241.9,2.0875
2024-07-17,223.8,1.25
2024-07-18,208.7,0.8625
2024-07-19,201.6,0.875
2024-07-20,207.4,1.6375
2024-07-21,197.9,0.9875
2024-07-22,185.0,1.9125
2024-07-23,175.5,1.0
2024-07-24,174.8,1.2125
2024-07-25,167.2,1.8375
2024-07-26,176.3,3.625
2024-07-27,203.6,2.1625
2024-07-28,214.4,1.7
2024-07-29,223.1,1.55
2024-07-30,400.7,3.325
2024-07-31,235.1,2.4625
2024-08-01,234.4,3.1
2024-08-02,247.1,1.8875
2024-08-03,244.6,2.0
2024-08-04,240.8,4.5875
2024-08-05,247.3,2.1375
2024-08-06,270.0,1.2
2024-08-07,303.2,1.5375
2024-08-08,336.0,1.45
2024-08-09,305.5,1.4625
2024-08-10,291.1,1.5375
2024-08-11,281.5,3.8375
2024-08-12,272.4,6.85
2024-08-13,259.9,2.375
2024-08-14,248.2,2.1125
2024-08-15,227.4,1.075
2024-08-16,224.9,1.7125
2024-08-17,229.5,3.025
2024-08-18,231.0,2.5375
2024-08-19,239.1,1.9625
2024-08-20,238.2,2.05
2024-08-21,239.0,1.9125
2024-08-22,230.6,2.2125
2024-08-23,241.7,1.4875
2024-08-24,232.3,2.0625
2024-08-25,232.6,1.2875
2024-08-26,227.0,0.8625
2024-08-27,221.3,2.05
2024-08-28,211.9,3.25
2024-08-29,204.0,1.175
2024-08-30,214.2,3.3875
2024-08-31,231.6,3.7125
2024-09-01,225.5,2.9125
2024-09-02,237.6,1.825
2024-09-03,242.1,1.3625
2024-09-04,261.8,2.2
2024-09-05,240.7,1.05
2024-09-06,248.9,1.4125
2024-09-07,221.7,1.75
2024-09-08,227.6,1.7875
2024-09-09,214.8,1.9875
2024-09-10,205.2,1.525
2024-09-11,207.0,1.8875
2024-09-12,201.2,5.3125
2024-09-13,185.8,4.2375
2024-09-14,172.4,3.175
2024-09-15,172.8,3.0875
2024-09-16,169.2,3.3
2024-09-17,165.4,5.35
2024-09-18,163.3,2.35
2024-09-19,161.2,3.0375
2024-09-20,153.8,1.0375
2024-09-21,158.0,1.375
2024-09-22,162.8,1.2125
2024-09-23,167.4,2.175
2024-09-24,172.4,2.775
2024-09-25,174.2,4.1375
2024-09-26,181.1,2.1875
2024-09-27,186.0,1.3125
2024-09-28,194.5,1.4625
2024-09-29,197.2,2.875
2024-09-30,214.2,1.9875
2024-10-01,244.6,1.325
2024-10-02,274.4,1.4625
2024-10-03,311.9,1.7875
2024-10-04,291.0,1.875
2024-10-05,277.3,1.425
2024-10-06,264.5,2.325
2024-10-07,277.0,5.0875
2024-10-08,224.7,4.8375
2024-10-09,220.3,3.1625
2024-10-10,216.3,4.6375
2024-10-11,213.9,6.0
2024-10-12,213.6,3.0875
2024-10-13,194.9,0.9125
2024-10-14,181.9,1.35
2024-10-15,172.0,2.525
2024-10-16,167.7,2.725
2024-10-17,173.5,1.75
2024-10-18,165.2,2.4125
2024-10-19,162.3,3.675
2024-10-20,161.7,1.3
2024-10-21,163.9,1.2
2024-10-22,176.1,1.9625
2024-10-23,185.7,1.975
2024-10-24,196.6,2.25
2024-10-25,209.3,0.4
2024-10-26,238.4,2.05
2024-10-27,246.2,2.275
2024-10-28,255.5,2.875
2024-10-29,265.6,2.4625
2024-10-30,269.8,2.7875
2024-10-31,269.9,1.8375
2024-11-01,256.2,1.4125
2024-11-02,250.6,2.2
2024-11-03,240.6,1.7875
2024-11-04,242.3,2.55
2024-11-05,245.6,2.475
2024-11-06,260.5,2.325
2024-11-07,239.2,2.0
2024-11-08,231.0,2.2
2024-11-09,220.9,4.2125
2024-11-10,230.6,3.5125
2024-11-11,182.2,2.1375
2024-11-12,171.7,1.125
2024-11-13,150.3,1.55
2024-11-14,146.8,2.2375
2024-11-15,148.9,2.625
2024-11-16,139.9,1.4125
2024-11-17,146.3,1.5875
2024-11-18,165.0,0.925
2024-11-19,157.2,1.8
2024-11-20,162.6,1.7625
2024-11-21,166.2,1.7625
2024-11-22,179.1,2.3
2024-11-23,199.9,1.925
2024-11-24,202.7,1.5375
2024-11-25,220.4,2.4125
2024-11-26,222.3,1.3
2024-11-27,225.0,1.0125
2024-11-28,213.9,0.6625
2024-11-29,219.8,1.8
2024-11-30,204.0,1.925
2024-12-01,186.3,1.5
2024-12-02,185.3,1.3
2024-12-03,174.2,2.5
2024-12-04,174.7,1.625
2024-12-05,174.6,1.1
2024-12-06,177.5,1.075
2024-12-07,182.5,1.3
2024-12-08,177.7,1.3625
2024-12-09,172.5,3.075
2024-12-10,171.9,1.7
2024-12-11,160.5,1.3375
2024-12-12,160.9,1.125
2024-12-13,163.7,0.8
2024-12-14,170.5,1.875
2024-12-15,172.0,2.4625
2024-12-16,166.7,2.6
2024-12-17,170.0,3.825
2024-12-18,173.5,2.75
2024-12-19,175.0,2.25
2024-12-20,184.0,2.5375
2024-12-21,201.2,2.9125
2024-12-22,223.3,2.6125
2024-12-23,238.3,2.4625
2024-12-24,258.5,2.1625
2024-12-25,252.7,1.3
2024-12-26,255.8,0.1875
2024-12-27,258.5,0.525
2024-12-28,260.3,0.7
2024-12-29,254.7,1.0375
2024-12-30,223.5,1.575
2024-12-31,217.6,2.1625
2025-01-01,219.2,5.6625
2025-01-02,212.4,3.45
2025-01-03,199.9,2.0375
2025-01-04,209.3,3.9875
2025-01-05,168.6,3.15
2025-01-06,171.9,2.8375
2025-01-07,167.7,2.45
2025-01-08,160.2,1.5875
2025-01-09,162.2,2.0125
2025-01-10,156.9,2.45
2025-01-11,156.0,1.5375
2025-01-12,158.4,1.625
2025-01-13,159.7,2.275
2025-01-14,166.4,2.4625
2025-01-15,173.5,3.0125
2025-01-16,208.2,2.8
2025-01-17,226.8,3.5375
2025-01-18,222.4,2.075
2025-01-19,235.8,2.8375
2025-01-20,232.1,3.3375
2025-01-21,236.4,2.25
2025-01-22,214.2,2.125
2025-01-23,215.4,2.2125
2025-01-24,204.5,1.5625
2025-01-25,181.7,0.4125
2025-01-26,170.5,0.275
2025-01-27,162.5,1.375
2025-01-28,171.5,2.2625
2025-01-29,173.7,1.5375
2025-01-30,183.7,1.1375
2025-01-31,206.5,1.6875
2025-02-01,187.9,3.7625
2025-02-02,215.7,3.2875
2025-02-03,220.5,0.625
2025-02-04,212.6,1.0125
2025-02-05,191.3,1.4375
2025-02-06,187.8,1.75
2025-02-07,181.6,0.4875
2025-02-08,173.4,1.9125
2025-02-09,163.0,2.8
2025-02-10,159.2,3.725
2025-02-11,153.4,3.0875
2025-02-12,163.4,3.0875
2025-02-13,173.4,3.55
2025-02-14,178.6,3.625
2025-02-15,184.0,3.9625
2025-02-16,185.0,3.375
2025-02-17,181.8,2.825
2025-02-18,178.6,2.4625
2025-02-19,177.9,3.2
2025-02-20,184.0,1.2
2025-02-21,197.1,1.0125
2025-02-22,199.0,1.2875
2025-02-23,239.9,1.35
2025-02-24,202.9,2.5875
2025-02-25,190.1,1.7875
2025-02-26,180.2,2.8625
2025-02-27,163.9,4.075
2025-02-28,157.2,4.175
2025-03-01,152.2,3.175
2025-03-02,151.2,1.1875
2025-03-03,163.2,1.0
2025-03-04,160.5,2.0375
2025-03-05,156.5,2.3375
2025-03-06,150.0,1.525
2025-03-07,146.5,2.1375
2025-03-08,147.5,3.3375
2025-03-09,147.6,4.0
2025-03-10,149.4,2.1125
2025-03-11,161.4,2.175
2025-03-12,160.3,4.075
2025-03-13,175.9,4.4625
2025-03-14,180.1,3.4125
2025-03-15,177.9,2.8375
2025-03-16,185.8,2.125
2025-03-17,203.5,2.8375
2025-03-18,184.0,2.5375
2025-03-19,179.5,3.375
2025-03-20,170.2,1.35
2025-03-21,165.3,3.3375
2025-03-22,177.9,4.05
2025-03-23,168.1,2.0875
2025-03-24,156.0,3.225
2025-03-25,156.1,2.875
2025-03-26,152.3,4.45
2025-03-27,152.6,4.1875
2025-03-28,160.4,2.875
2025-03-29,156.6,1.575
2025-03-30,171.1,1.2875
2025-03-31,171.9,1.3375
2025-04-01,181.9,1.1625
2025-04-02,179.9,3.125
2025-04-03,178.4,3.45
2025-04-04,180.4,4.3
2025-04-05,184.4,4.625
2025-04-06,167.0,3.45
2025-04-07,162.3,2.5875
2025-04-08,158.6,3.5875
2025-04-09,166.8,3.425
2025-04-10,152.6,2.875
2025-04-11,170.1,2.9125
2025-04-12,165.3,3.025
2025-04-13,163.7,2.7125
2025-04-14,152.7,3.125
2025-04-15,153.6,3.2375
2025-04-16,148.4,5.325
2025-04-17,150.7,2.0125
2025-04-18,155.7,2.6375
2025-04-19,157.4,3.2375
2025-04-20,156.3,2.2875
2025-04-21,163.0,4.275
2025-04-22,163.4,2.725
2025-04-23,167.7,1.5125
2025-04-24,169.6,2.625
2025-04-25,164.0,1.1375
2025-04-26,155.7,1.4875
2025-04-27,155.7,1.625
2025-04-28,153.6,0.7875
2025-04-29,149.2,1.3625
2025-04-30,148.0,2.2125
2025-05-01,152.3,3.925
2025-05-02,152.3,4.5375
2025-05-03,152.1,3.875
2025-05-04,159.0,3.875
2025-05-05,158.6,4.1125
2025-05-06,156.0,2.7875
2025-05-07,154.2,1.8375
2025-05-08,148.5,2.25
2025-05-09,136.2,2.8375
2025-05-10,134.1,2.2375
2025-05-11,125.8,2.75
2025-05-12,115.5,1.5
2025-05-13,116.7,1.9375
2025-05-14,121.8,2.8875
2025-05-15,118.8,2.6625
2025-05-16,117.3,2.35
2025-05-17,117.2,4.3625
2025-05-18,118.2,3.475
2025-05-19,116.8,1.9875
2025-05-20,118.7,2.675
2025-05-21,119.4,2.5
2025-05-22,120.0,1.5375
2025-05-23,121.6,1.9125
2025-05-24,129.7,0.9625
2025-05-25,133.3,1.55
2025-05-26,132.9,1.75
2025-05-27,137.1,2.7
2025-05-28,144.3,3.125
2025-05-29,144.8,5.45
2025-05-30,156.9,4.075
2025-05-31,164.2,3.0
2025-06-01,150.3,6.05
2025-06-02,139.9,5.5875
2025-06-03,134.8,4.9625
2025-06-04,130.6,3.575
2025-06-05,127.8,2.6375
2025-06-06,124.5,1.825
2025-06-07,120.9,3.1125
2025-06-08,115.0,2.75
2025-06-09,120.3,2.875
2025-06-10,129.6,1.975
2025-06-11,141.8,2.95
2025-06-12,141.5,4.0875
2025-06-13,143.0,5.625
2025-06-14,150.8,3.3875
2025-06-15,160.5,2.125
2025-06-16,147.9,2.225
2025-06-17,139.2,1.9875
2025-06-18,137.0,2.7
2025-06-19,136.2,2.075
2025-06-20,129.7,2.075
2025-06-21,120.3,2.1625
2025-06-22,124.8,2.275
2025-06-23,121.8,1.475
2025-06-24,119.9,1.8375
2025-06-25,116.9,2.3625
2025-06-26,117.3,4.025
2025-06-27,118.3,3.25
2025-06-28,121.8,2.075
2025-06-29,128.3,1.8375
2025-06-30,128.2,2.4625
2025-07-01,125.8,1.2875
2025-07-02,129.8,1.6125
2025-07-03,125.1,2.9125
2025-07-04,119.1,2.05
2025-07-05,116.8,3.125
2025-07-06,118.2,3.4625
2025-07-07,118.2,3.35
2025-07-08,115.9,2.55
2025-07-09,120.2,1.7
2025-07-10,129.5,0.6375
2025-07-11,132.4,3.0875
2025-07-12,138.7,2.625
2025-07-13,128.2,3.5375
2025-07-14,128.2,2.65
2025-07-15,139.6,3.125
2025-07-16,152.1,2.925
2025-07-17,156.1,3.3
2025-07-18,155.7,2.2125
2025-07-19,152.6,1.625
2025-07-20,150.3,1.2125
2025-07-21,142.9,0.6875
2025-07-22,145.0,2.3
2025-07-23,150.1,3.9375
2025-07-24,156.2,2.975
2025-07-25,148.0,2.0875
2025-07-26,143.2,2.25
2025-07-27,145.0,0.8375
2025-07-28,144.6,1.3625
2025-07-29,151.5,1.6375
2025-07-30,149.0,1.7875
2025-07-31,144.8,2.1625
2025-08-01,145.6,2.4875
2025-08-02,146.3,2.0375
2025-08-03,146.3,1.9375
2025-08-04,142.7,1.8125
2025-08-05,156.6,2.125
2025-08-06,158.2,1.5
2025-08-07,151.6,0.7
2025-08-08,147.7,2.825
2025-08-09,139.7,4.7125
2025-08-10,153.3,3.4875
2025-08-11,145.7,3.0625
2025-08-12,152.5,2.75
2025-08-13,140.0,2.7125
2025-08-14,130.4,2.2
2025-08-15,122.8,1.65
2025-08-16,122.1,1.125
2025-08-17,117.4,0.9625
2025-08-18,113.8,1.45
2025-08-19,116.0,3.2125
2025-08-20,119.7,2.575
2025-08-21,121.0,1.675
2025-08-22,135.7,1.8125
2025-08-23,142.5,1.3
2025-08-24,151.5,1.2625
2025-08-25,174.9,1.6375
2025-08-26,202.3,1.7125
2025-08-27,225.7,1.675
2025-08-28,231.6,1.675
2025-08-29,221.7,1.55
2025-08-30,316.5,1.7125
2025-08-31,217.0,1.7125
2025-09-01,201.9,2.0
2025-09-02,187.4,4.15
2025-09-03,179.6,2.1875
2025-09-04,172.0,2.0375
2025-09-05,149.0,1.5
2025-09-06,146.4,3.625
2025-09-07,132.5,0.575
2025-09-08,124.6,2.6625
2025-09-09,121.7,2.875
2025-09-10,119.0,2.125
2025-09-11,115.2,1.8625
2025-09-12,114.1,1.6375
2025-09-13,117.6,1.3
2025-09-14,122.1,2.2375
2025-09-15,129.9,4.8125
2025-09-16,134.7,3.175
2025-09-17,147.2,2.2875
2025-09-18,150.4,1.6375
2025-09-19,159.9,0.275
2025-09-20,166.4,0.9625
2025-09-21,176.0,1.175
2025-09-22,172.4,2.775
2025-09-23,171.3,2.8875
2025-09-24,184.7,1.7
2025-09-25,170.4,1.5875
2025-09-26,165.1,1.425
2025-09-27,163.5,1.175
2025-09-28,170.5,2.15
2025-09-29,186.4,3.7375
2025-09-30,187.1,5.75
2025-10-01,184.0,4.875
2025-10-02,167.8,4.625
2025-10-03,169.6,3.925
2025-10-04,157.6,3.3375
2025-10-05,147.7,1.775
2025-10-06,133.1,1.05
2025-10-07,130.5,2.6625
2025-10-08,119.6,2.075
2025-10-09,121.6,1.0375
2025-10-10,120.7,1.9125
2025-10-11,131.2,2.9625
2025-10-12,142.5,4.25
2025-10-13,141.4,3.4625
2025-10-14,154.4,1.8625
2025-10-15,162.1,2.175
2025-10-16,160.6,0.8125
2025-10-17,164.3,2.2125
2025-10-18,157.1,4.4125
2025-10-19,148.5,3.075
2025-10-20,140.4,1.8375
2025-10-21,132.9,1.875
2025-10-22,132.9,0.875
2025-10-23,129.9,1.325
2025-10-24,133.6,2.2375
2025-10-25,127.0,1.7875
2025-10-26,123.4,0.675
2025-10-27,121.4,1.275
2025-10-28,122.3,3.2375
2025-10-29,118.4,3.2875
2025-10-30,120.3,4.45
2025-10-31,125.3,3.5875
2025-11-01,115.3,2.75
2025-11-02,123.0,2.9875
2025-11-03,133.0,3.4125
2025-11-04,159.2,2.175
2025-11-05,147.5,3.3375
2025-11-06,163.7,4.35
2025-11-07,165.8,3.9875
2025-11-08,171.9,3.8625
2025-11-09,175.6,1.6625
2025-11-10,180.3,2.6625
2025-11-11,168.0,1.45
2025-11-12,163.3,6.425
2025-11-13,155.9,4.475
2025-11-14,145.3,0.7125
2025-11-15,132.3,1.9625
2025-11-16,132.3,3.175
2025-11-17,122.3,2.1375
2025-11-18,120.1,0.9125
2025-11-19,122.5,0.4
2025-11-20,121.4,1.5
2025-11-21,121.2,1.8
2025-11-22,119.3,1.2125
2025-11-23,119.6,2.5125
2025-11-24,116.2,3.45
2025-11-25,116.9,4.05
2025-11-26,120.8,3.6125
2025-11-27,120.9,3.825
2025-11-28,138.2,3.425
2025-11-29,170.7,3.325
2025-11-30,180.4,2.7875
2025-12-01,196.7,2.0125
2025-12-02,200.9,1.85
2025-12-03,209.5,3.4625
2025-12-04,219.9,4.2125
2025-12-05,206.1,2.8625
2025-12-06,199.9,2.8375
2025-12-07,194.4,1.525
2025-12-08,186.2,0.2
2025-12-09,183.7,0.875
2025-12-10,168.5,2.775
2025-12-11,146.9,3.55
2025-12-12,134.5,3.875
2025-12-13,122.1,2.6875
2025-12-14,118.8,1.425
2025-12-15,118.3,1.15
2025-12-16,116.7,2.4125
2025-12-17,118.5,3.05
2025-12-18,115.9,3.0875
2025-12-19,118.2,1.5875
2025-12-20,119.5,1.5125
2025-12-21,123.9,3.7625
2025-12-22,133.3,3.6625
2025-12-23,141.6,3.4875
2025-12-24,134.2,3.375
2025-12-25,162.5,2.325
2025-12-26,166.4,1.8625
2025-12-27,177.7,1.6375
2025-12-28,187.7,1.8
2025-12-29,195.8,1.95
2025-12-30,182.1,1.8375
2025-12-31,170.5,1.7
2026-01-01,169.2,2.5375
2026-01-02,166.0,3.5875
2026-01-03,165.2,2.2875
2026-01-04,157.4,0.8375
2026-01-05,154.3,2.375
2026-01-06,144.5,0.9625
2026-01-07,135.0,0.875
2026-01-08,140.2,2.5
2026-01-09,116.8,2.425
2026-01-10,114.2,3.8375
2026-01-11,110.6,3.825
2026-01-12,112.9,3.05
2026-01-13,116.6,1.9125
2026-01-14,126.5,1.6
2026-01-15,139.3,2.375
2026-01-16,147.5,3.75
2026-01-17,159.2,3.7125
2026-01-18,231.8,2.8875
2026-01-19,173.4,3.325
2026-01-20,177.6,7.125
2026-01-21,188.0,5.2
2026-01-22,194.4,2.825
2026-01-23,179.5,3.9875
2026-01-24,173.5,2.95
2026-01-25,164.5,2.8625
2026-01-26,152.7,2.2875
2026-01-27,143.7,2.05
2026-01-28,133.1,3.6125
2026-01-29,128.7,3.5
2026-01-30,127.5,2.0
2026-01-31,140.5,0.9875
2026-02-01,161.5,0.825
2026-02-02,173.8,1.3625
2026-02-03,177.6,1.1375
2026-02-04,167.2,1.6625
2026-02-05,175.9,3.025
2026-02-06,163.7,2.625
2026-02-07,169.4,2.9375
2026-02-08,167.4,1.625
2026-02-09,144.2,1.6875
2026-02-10,142.1,1.925
2026-02-11,128.9,3.0875
2026-02-12,129.0,1.8625
2026-02-13,117.3,2.5875
2026-02-14,116.9,1.7875
2026-02-15,117.5,3.6625
2026-02-16,117.9,3.6625
2026-02-17,121.5,2.325
2026-02-18,118.7,2.275
2026-02-19,116.4,2.125
2026-02-20,111.1,2.3875
2026-02-21,109.9,2.675
2026-02-22,110.1,4.3375
2026-02-23,107.9,3.4125
2026-02-24,119.6,2.925
2026-02-25,124.7,2.7125
2026-02-26,129.8,3.0125
2026-02-27,138.5,2.175
2026-02-28,140.7,1.8625
2026-03-01,147.0,1.8375
2026-03-02,147.6,1.0375
2026-03-03,143.5,2.4875
2026-03-04,141.2,1.75
2026-03-05,146.2,0.65
2026-03-06,142.8,1.625
2026-03-07,135.4,3.0875
2026-03-08,134.5,3.4625
2026-03-09,128.4,1.625
2026-03-10,126.9,2.675
2026-03-11,122.8,2.075
2026-03-12,120.8,1.775
2026-03-13,120.3,3.2625
2026-03-14,111.6,4.5125
2026-03-15,108.9,3.0875
2026-03-16,111.2,1.925
2026-03-17,111.1,0.85
2026-03-18,112.9,0.925
2026-03-19,106.0,0.325
2026-03-20,102.1,3.6125
2026-03-21,107.2,4.3
2026-03-22,120.1,5.725
2026-03-23,124.3,4.125
2026-03-24,128.3,3.0
2026-03-25,140.1,2.5
2026-03-26,152.2,2.125
2026-03-27,156.4,1.575
2026-03-28,161.8,2.1125
2026-03-29,157.9,2.675
2026-03-30,151.8,2.3375
2026-03-31,140.8,1.6375
2026-04-01,141.9,1.9875
2026-04-02,140.3,4.7125
2026-04-03,135.8,4.7125
2026-04-04,128.1,2.675
2026-04-05,118.0,2.45
2026-04-06,116.4,2.175
2026-04-07,108.9,1.825
2026-04-08,108.4,1.6625
2026-04-09,96.7,1.55
2026-04-10,93.7,2.9125
2026-04-11,93.3,2.425
2026-04-12,98.8,1.925
2026-04-13,98.7,0.675
2026-04-14,100.9,0.65
2026-04-15,104.8,1.0375
2026-04-16,108.0,0.4875
2026-04-17,107.1,0.7
2026-04-18,105.1,4.2
2026-04-19,104.5,3.1875
2026-04-20,105.1,3.2875
2026-04-21,112.3,3.2125
2026-04-22,116.2,1.125
2026-04-23,127.9,1.575
2026-04-24,146.3,1.9125
2026-04-25,148.4,1.8375
2026-04-26,156.3,2.4
2026-04-27,142.4,1.425
2026-04-28,149.4,0.4625
2026-04-29,143.1,0.7
2026-04-30,143.3,2.425
2026-05-01,144.8,2.3625
2026-05-02,158.7,1.675
2026-05-03,143.3,1.8
2026-05-04,138.0,3.1375
2026-05-05,127.5,1.85
2026-05-06,120.0,0.4125
2026-05-07,116.5,1.3625
2026-05-08,119.5,2.575
2026-05-09,122.6,1.0875
2026-05-10,125.7,0.8875
2026-05-11,116.0,1.1625
2026-05-12,111.2,0.7125
2026-05-13,103.2,1.9875
2026-05-14,106.4,1.1875
2026-05-15,101.0,3.8375
2026-05-16,109.0,4.1375
2026-05-17,103.7,1.925
2026-05-18,105.3,2.175
2026-05-19,105.7,3.0125
2026-05-20,114.0,1.6625
2026-05-21,117.9,1.6625
2026-05-22,124.4,1.1125
2026-05-23,137.1,0.275
2026-05-24,132.8,1.2125
2026-05-25,139.0,1.975
2026-05-26,140.8,1.55
2026-05-27,141.7,2.2125
2026-05-28,144.9,2.575
2026-05-29,148.1,2.7875
2026-05-30,141.6,2.5
2026-05-31,135.6,2.2
2026-06-01,131.9,1.775
2026-06-02,146.1,1.575
2026-06-03,146.8,2.1625
2026-06-04,147.9,1.2
2026-06-05,140.5,3.75
2026-06-06,137.9,3.225
2026-06-07,134.2,1.7625
2026-06-08,130.7,1.825
2026-06-09,129.5,2.55
2026-06-10,124.0,1.675
2026-06-11,126.1,2.5875
2026-06-12,124.1,3.0
2026-06-13,124.1,2.7
2026-06-14,116.3,3.7
2026-06-15,111.5,2.7
2026-06-16,111.4,1.7
2026-06-17,111.4,1.7
2026-06-18,118.2,1.3
2026-06-19,121.1,1.3
2026-06-20,121.1,1.3
2026-06-21,123.9,2.2
2026-06-22,125.9,2.2
2026-06-23,127.8,2.4
2026-06-24,129.7,3.0
2026-06-25,129.7,3.0
2026-06-26,127.7,3.0
2026-06-27,125.8,2.4
2026-06-28,127.7,2.2
2026-06-29,125.8,1.7
2026-06-30,123.8,2.2
2026-07-01,120.9,1.3
2026-07-02,125.8,1.3
2026-07-03,123.8,2.7
2026-07-04,120.9,2.2
2026-07-05,116.1,2.2
2026-07-06,116.1,1.3
2026-07-07,125.8,1.3
2026-07-08,125.8,2.7
2026-07-09,123.8,2.2
2026-07-10,123.8,1.7
2026-07-11,116.1,1.7
2026-07-12,114.2,2.2
2026-07-13,116.1,2.2
2026-07-14,118.1,1.3
2026-07-15,118.1,1.3
2026-07-16,121.0,1.3
2026-07-17,121.0,1.3
2026-07-18,123.9,2.2
2026-07-19,125.9,2.2
2026-07-20,127.8,2.4
2026-07-21,129.8,2.7
2026-07-22,129.8,2.4
2026-07-23,127.9,2.2
2026-07-24,126.0,2.2
2026-07-25,127.9,2.2
2026-08-01,119.6,nan
2026-09-01,118.9,nan
2026-10-01,118.6,nan
2026-11-01,118.5,nan
2026-12-01,118.1,nan
2027-01-01,117.1,nan
2027-02-01,114.7,nan
2027-03-01,111.6,nan
2027-04-01,108.0,nan
2027-05-01,104.4,nan
2027-06-01,101.1,nan
2027-07-01,98.8,nan
2027-08-01,97.8,nan
2027-09-01,97.8,nan
2027-10-01,98.1,nan
2027-11-01,98.9,nan
2027-12-01,99.2,nan
2028-01-01,98.5,nan
2028-02-01,96.7,nan
2028-03-01,94.5,nan
2028-04-01,91.6,nan
2028-05-01,88.8,nan
2028-06-01,86.6,nan
2028-07-01,85.2,nan
2028-08-01,84.5,nan
2028-09-01,84.3,nan
2028-10-01,84.3,nan
2028-11-01,84.7,nan
2028-12-01,84.8,nan
2029-01-01,84.4,nan
2029-02-01,83.3,nan
2029-03-01,81.6,nan
2029-04-01,79.5,nan
2029-05-01,77.5,nan
2029-06-01,75.9,nan
2029-07-01,74.9,nan
2029-08-01,74.6,nan
2029-09-01,75.0,nan
2029-10-01,75.7,nan
2029-11-01,76.4,nan
2029-12-01,76.7,nan
2030-01-01,76.4,nan
2030-02-01,75.4,nan
2030-03-01,74.1,nan
2030-04-01,72.5,nan
2030-05-01,70.9,nan
2030-06-01,69.7,nan
2030-07-01,69.0,nan
2030-08-01,68.9,nan
2030-09-01,69.5,nan
2030-10-01,70.4,nan
2030-11-01,71.4,nan
2030-12-01,72.3,nan
2031-01-01,72.8,nan
2031-02-01,72.8,nan
2031-03-01,72.3,nan
2031-04-01,71.4,nan
2031-05-01,70.7,nan
2031-06-01,70.2,nan
2031-07-01,70.5,nan
2031-08-01,71.3,nan
2031-09-01,73.0,nan
2031-10-01,75.1,nan
2031-11-01,77.5,nan
2031-12-01,80.0,nan
2032-01-01,82.1,nan
2032-02-01,83.6,nan
2032-03-01,84.6,nan
2032-04-01,85.3,nan
2032-05-01,86.2,nan
2032-06-01,87.4,nan
2032-07-01,89.5,nan
2032-08-01,92.5,nan
2032-09-01,96.3,nan
2032-10-01,100.7,nan
2032-11-01,105.3,nan
2032-12-01,109.7,nan
2033-01-01,113.6,nan
2033-02-01,116.4,nan
2033-03-01,118.4,nan
2033-04-01,119.5,nan
2033-05-01,120.8,nan
2033-06-01,122.2,nan
2033-07-01,123.9,nan
2033-08-01,126.4,nan
2033-09-01,130.1,nan
2033-10-01,134.8,nan
2033-11-01,139.7,nan
2033-12-01,143.9,nan
2034-01-01,146.8,nan
2034-02-01,148.0,nan
2034-03-01,148.0,nan
2034-04-01,147.1,nan
2034-05-01,145.7,nan
2034-06-01,144.6,nan
2034-07-01,144.4,nan
2034-08-01,145.2,nan
2034-09-01,147.1,nan
2034-10-01,149.8,nan
2034-11-01,152.5,nan
2034-12-01,154.5,nan
2035-01-01,154.7,nan
2035-02-01,153.0,nan
2035-03-01,150.5,nan
2035-04-01,147.8,nan
2035-05-01,145.7,nan
2035-06-01,144.2,nan
2035-07-01,143.4,nan
2035-08-01,143.6,nan
2035-09-01,144.9,nan
2035-10-01,146.8,nan
2035-11-01,149.2,nan
2035-12-01,150.7,nan
2036-01-01,150.8,nan
2036-02-01,149.0,nan
2036-03-01,145.8,nan
2036-04-01,141.6,nan
2036-05-01,137.9,nan
2036-06-01,134.9,nan
2036-07-01,132.7,nan
2036-08-01,131.5,nan
2036-09-01,131.1,nan
2036-10-01,131.5,nan
2036-11-01,132.4,nan
2036-12-01,132.9,nan
2037-01-01,131.9,nan
2037-02-01,129.5,nan
2037-03-01,126.7,nan
2037-04-01,123.5,nan
2037-05-01,120.1,nan
2037-06-01,117.0,nan
2037-07-01,114.6,nan
2037-08-01,113.3,nan
2037-09-01,112.9,nan
2037-10-01,112.8,nan
2037-11-01,112.9,nan
2037-12-01,112.7,nan
2038-01-01,111.7,nan
2038-02-01,109.6,nan
2038-03-01,106.8,nan
2038-04-01,103.6,nan
2038-05-01,100.3,nan
2038-06-01,97.5,nan
2038-07-01,95.5,nan
2038-08-01,94.6,nan
2038-09-01,94.5,nan
2038-10-01,94.9,nan
2038-11-01,95.7,nan
2038-12-01,95.9,nan
2039-01-01,95.3,nan
2039-02-01,93.7,nan
2039-03-01,91.7,nan
2039-04-01,89.2,nan
2039-05-01,86.5,nan
2039-06-01,84.4,nan
2039-07-01,83.1,nan
2039-08-01,82.6,nan
2039-09-01,82.5,nan
2039-10-01,82.8,nan
2039-11-01,83.2,nan
2039-12-01,83.6,nan
2040-01-01,83.4,nan
2040-02-01,82.4,nan
2040-03-01,80.7,nan
2040-04-01,78.6,nan
2040-05-01,76.6,nan
2040-06-01,75.1,nan
2040-07-01,74.1,nan
2040-08-01,73.9,nan
2040-09-01,74.2,nan
2040-10-01,74.9,nan
2040-11-01,75.7,nan
2040-12-01,76.0,nan
2041-01-01,75.7,nan
2041-02-01,74.8,nan
2041-03-01,73.5,nan
2041-04-01,71.9,nan
2041-05-01,70.4,nan
2041-06-01,69.2,nan
2041-07-01,68.5,nan
2041-08-01,68.4,nan
2041-09-01,68.9,nan
2041-10-01,69.8,nan
